facility_id,facility_name,facility_source,sido,sgg,facility_lon,facility_lat,kind,rank,station_code,station_name,agency,distance_km,within_max_km,flood_forecast_station,planned_flood_m,warning_m,advisory_m
gungpyeong2-underpass,궁평2지하차도,twin_registry,,,127.3376,36.6246,waterlevel,1,3011665,청주시(미호강교),기후에너지환경부,1.17,True,Y,9.38,8.0,7.0
gungpyeong2-underpass,궁평2지하차도,twin_registry,,,127.3376,36.6246,waterlevel,2,3011675,세종시(상조천교),기후에너지환경부,4.63,True,Y,4.77,4.2,3.2
gungpyeong2-underpass,궁평2지하차도,twin_registry,,,127.3376,36.6246,waterlevel,3,3011685,세종시(미호교),기후에너지환경부,5.05,False,N,8.85,7.1,5.4
gungpyeong2-underpass,궁평2지하차도,twin_registry,,,127.3376,36.6246,rainfall,1,30114070,세종시(농정원),기후에너지환경부,5.38,False,,,,
gungpyeong2-underpass,궁평2지하차도,twin_registry,,,127.3376,36.6246,rainfall,2,30114110,옥산,기후에너지환경부,5.94,False,,,,
gungpyeong2-underpass,궁평2지하차도,twin_registry,,,127.3376,36.6246,rainfall,3,30104010,세종시(부강면사무소),기후에너지환경부,11.03,False,,,,
underpass_coordinates:1,원당지하차도,underpass_coordinates.csv,,,126.834868,37.655094,waterlevel,1,1019667,고양시(원당교),기후에너지환경부,4.3,True,Y,3.7,3.0,2.5
underpass_coordinates:1,원당지하차도,underpass_coordinates.csv,,,126.834868,37.655094,waterlevel,2,1019630,서울시(행주대교),기후에너지환경부,6.05,False,N,10.9,9.0,7.2
underpass_coordinates:1,원당지하차도,underpass_coordinates.csv,,,126.834868,37.655094,waterlevel,3,1018628,행주(등록문화재),기후에너지환경부,6.64,False,N,,,
underpass_coordinates:1,원당지하차도,underpass_coordinates.csv,,,126.834868,37.655094,rainfall,1,10194030,아라김포TM,한국수자원공사,6.89,False,,,,
underpass_coordinates:1,원당지하차도,underpass_coordinates.csv,,,126.834868,37.655094,rainfall,2,10194020,귤현보,한국수자원공사,11.26,False,,,,
underpass_coordinates:1,원당지하차도,underpass_coordinates.csv,,,126.834868,37.655094,rainfall,3,10194010,김포시(김포시청),기후에너지환경부,11.4,False,,,,
underpass_coordinates:3,복합물류지하차도(군포),underpass_coordinates.csv,,,126.949239,37.33054,waterlevel,1,1202630,반월2,기후에너지환경부,6.85,False,N,,,
underpass_coordinates:3,복합물류지하차도(군포),underpass_coordinates.csv,,,126.949239,37.33054,waterlevel,2,1202660,반월1,기후에너지환경부,8.21,False,N,,,
underpass_coordinates:3,복합물류지하차도(군포),underpass_coordinates.csv,,,126.949239,37.33054,waterlevel,3,1101601,수원시(매세교),기후에너지환경부,9.11,False,N,4.7,4.1,3.5
underpass_coordinates:3,복합물류지하차도(군포),underpass_coordinates.csv,,,126.949239,37.33054,rainfall,1,10184030,남면,기후에너지환경부,1.64,True,,,,
underpass_coordinates:3,복합물류지하차도(군포),underpass_coordinates.csv,,,126.949239,37.33054,rainfall,2,10184170,군포시(군포1동주민센터),기후에너지환경부,2.62,True,,,,
underpass_coordinates:3,복합물류지하차도(군포),underpass_coordinates.csv,,,126.949239,37.33054,rainfall,3,12024020,안산시(장상동),기후에너지환경부,6.47,False,,,,
underpass_coordinates:10,화랑지하차도,underpass_coordinates.csv,,,127.105168,37.398354,waterlevel,1,1018650,성남시(궁내교),기후에너지환경부,3.17,True,N,5.1,4.2,3.3
underpass_coordinates:10,화랑지하차도,underpass_coordinates.csv,,,127.105168,37.398354,waterlevel,2,1018653,성남시(둔전교),기후에너지환경부,3.47,True,N,8.1,6.9,6.1
underpass_coordinates:10,화랑지하차도,underpass_coordinates.csv,,,127.105168,37.398354,waterlevel,3,1018655,서울시(대곡교),기후에너지환경부,7.99,False,Y,8.5,7.1,5.8
underpass_coordinates:10,화랑지하차도,underpass_coordinates.csv,,,127.105168,37.398354,rainfall,1,10184040,성남시(한국학중앙연구원),기후에너지환경부,4.84,True,,,,
underpass_coordinates:10,화랑지하차도,underpass_coordinates.csv,,,127.105168,37.398354,rainfall,2,10184130,성남시(대장동),기후에너지환경부,5.29,False,,,,
underpass_coordinates:10,화랑지하차도,underpass_coordinates.csv,,,127.105168,37.398354,rainfall,3,10184230,성남시(구미초교),기후에너지환경부,6.83,False,,,,
underpass_coordinates:11,고색지하차도,underpass_coordinates.csv,,,126.976486,37.249617,waterlevel,1,1101601,수원시(매세교),기후에너지환경부,4.04,True,N,4.7,4.1,3.5
underpass_coordinates:11,고색지하차도,underpass_coordinates.csv,,,126.976486,37.249617,waterlevel,2,1101605,화성시(화산교),기후에너지환경부,5.25,False,N,8.3,6.6,5.3
underpass_coordinates:11,고색지하차도,underpass_coordinates.csv,,,126.976486,37.249617,waterlevel,3,1101604,수원시(백년교),기후에너지환경부,5.84,False,N,6.4,5.5,4.7
underpass_coordinates:11,고색지하차도,underpass_coordinates.csv,,,126.976486,37.249617,rainfall,1,11014060,화성시(수원대학교),기후에너지환경부,4.41,True,,,,
underpass_coordinates:11,고색지하차도,underpass_coordinates.csv,,,126.976486,37.249617,rainfall,2,11014090,용인시(신갈저수지),기후에너지환경부,10.72,False,,,,
underpass_coordinates:11,고색지하차도,underpass_coordinates.csv,,,126.976486,37.249617,rainfall,3,10184030,남면,기후에너지환경부,10.95,False,,,,
underpass_coordinates:13,법원 지하차도,underpass_coordinates.csv,,,127.049306,37.275293,waterlevel,1,1101604,수원시(백년교),기후에너지환경부,2.79,True,N,6.4,5.5,4.7
underpass_coordinates:13,법원 지하차도,underpass_coordinates.csv,,,127.049306,37.275293,waterlevel,2,1101601,수원시(매세교),기후에너지환경부,3.07,True,N,4.7,4.1,3.5
underpass_coordinates:13,법원 지하차도,underpass_coordinates.csv,,,127.049306,37.275293,waterlevel,3,1101605,화성시(화산교),기후에너지환경부,6.89,False,N,8.3,6.6,5.3
underpass_coordinates:13,법원 지하차도,underpass_coordinates.csv,,,127.049306,37.275293,rainfall,1,11014090,용인시(신갈저수지),기후에너지환경부,6.74,False,,,,
underpass_coordinates:13,법원 지하차도,underpass_coordinates.csv,,,127.049306,37.275293,rainfall,2,10184230,성남시(구미초교),기후에너지환경부,9.22,False,,,,
underpass_coordinates:13,법원 지하차도,underpass_coordinates.csv,,,127.049306,37.275293,rainfall,3,10184130,성남시(대장동),기후에너지환경부,9.59,False,,,,
underpass_coordinates:14,상구운지하차도,underpass_coordinates.csv,,,126.969339,37.284501,waterlevel,1,1101601,수원시(매세교),기후에너지환경부,4.5,True,N,4.7,4.1,3.5
underpass_coordinates:14,상구운지하차도,underpass_coordinates.csv,,,126.969339,37.284501,waterlevel,2,1101604,수원시(백년교),기후에너지환경부,7.48,False,N,6.4,5.5,4.7
underpass_coordinates:14,상구운지하차도,underpass_coordinates.csv,,,126.969339,37.284501,waterlevel,3,1101605,화성시(화산교),기후에너지환경부,8.68,False,N,8.3,6.6,5.3
underpass_coordinates:14,상구운지하차도,underpass_coordinates.csv,,,126.969339,37.284501,rainfall,1,10184030,남면,기후에너지환경부,7.06,False,,,,
underpass_coordinates:14,상구운지하차도,underpass_coordinates.csv,,,126.969339,37.284501,rainfall,2,10184170,군포시(군포1동주민센터),기후에너지환경부,8.0,False,,,,
underpass_coordinates:14,상구운지하차도,underpass_coordinates.csv,,,126.969339,37.284501,rainfall,3,11014060,화성시(수원대학교),기후에너지환경부,8.3,False,,,,
underpass_coordinates:15,세류지하차도,underpass_coordinates.csv,,,127.005636,37.257116,waterlevel,1,1101601,수원시(매세교),기후에너지환경부,1.51,True,N,4.7,4.1,3.5
underpass_coordinates:15,세류지하차도,underpass_coordinates.csv,,,127.005636,37.257116,waterlevel,2,1101604,수원시(백년교),기후에너지환경부,3.34,True,N,6.4,5.5,4.7
underpass_coordinates:15,세류지하차도,underpass_coordinates.csv,,,127.005636,37.257116,waterlevel,3,1101605,화성시(화산교),기후에너지환경부,4.56,True,N,8.3,6.6,5.3
underpass_coordinates:15,세류지하차도,underpass_coordinates.csv,,,127.005636,37.257116,rainfall,1,11014060,화성시(수원대학교),기후에너지환경부,5.9,False,,,,
underpass_coordinates:15,세류지하차도,underpass_coordinates.csv,,,127.005636,37.257116,rainfall,2,11014090,용인시(신갈저수지),기후에너지환경부,8.54,False,,,,
underpass_coordinates:15,세류지하차도,underpass_coordinates.csv,,,127.005636,37.257116,rainfall,3,10184030,남면,기후에너지환경부,11.16,False,,,,
underpass_coordinates:18,상현지하차도,underpass_coordinates.csv,,,127.071804,37.30191,waterlevel,1,1101601,수원시(매세교),기후에너지환경부,6.22,False,N,4.7,4.1,3.5
underpass_coordinates:18,상현지하차도,underpass_coordinates.csv,,,127.071804,37.30191,waterlevel,2,1101604,수원시(백년교),기후에너지환경부,6.24,False,N,6.4,5.5,4.7
underpass_coordinates:18,상현지하차도,underpass_coordinates.csv,,,127.071804,37.30191,waterlevel,3,1018650,성남시(궁내교),기후에너지환경부,8.23,False,N,5.1,4.2,3.3
underpass_coordinates:18,상현지하차도,underpass_coordinates.csv,,,127.071804,37.30191,rainfall,1,10184230,성남시(구미초교),기후에너지환경부,5.7,False,,,,
underpass_coordinates:18,상현지하차도,underpass_coordinates.csv,,,127.071804,37.30191,rainfall,2,10184130,성남시(대장동),기후에너지환경부,6.46,False,,,,
underpass_coordinates:18,상현지하차도,underpass_coordinates.csv,,,127.071804,37.30191,rainfall,3,11014090,용인시(신갈저수지),기후에너지환경부,8.65,False,,,,
underpass_coordinates:20,죽전지하차도,underpass_coordinates.csv,,,127.108918,37.324362,waterlevel,1,1018650,성남시(궁내교),기후에너지환경부,5.07,False,N,5.1,4.2,3.3
underpass_coordinates:20,죽전지하차도,underpass_coordinates.csv,,,127.108918,37.324362,waterlevel,2,1016606,광주시(동림3교),기후에너지환경부,8.17,False,N,5.5,4.8,4.1
underpass_coordinates:20,죽전지하차도,underpass_coordinates.csv,,,127.108918,37.324362,waterlevel,3,1101604,수원시(백년교),기후에너지환경부,10.07,False,N,6.4,5.5,4.7
underpass_coordinates:20,죽전지하차도,underpass_coordinates.csv,,,127.108918,37.324362,rainfall,1,10184230,성남시(구미초교),기후에너지환경부,1.68,True,,,,
underpass_coordinates:20,죽전지하차도,underpass_coordinates.csv,,,127.108918,37.324362,rainfall,2,10184130,성남시(대장동),기후에너지환경부,5.26,False,,,,
underpass_coordinates:20,죽전지하차도,underpass_coordinates.csv,,,127.108918,37.324362,rainfall,3,10184040,성남시(한국학중앙연구원),기후에너지환경부,9.18,False,,,,
underpass_coordinates:21,복합물류지하차도(의왕),underpass_coordinates.csv,,,126.949239,37.33054,waterlevel,1,1202630,반월2,기후에너지환경부,6.85,False,N,,,
underpass_coordinates:21,복합물류지하차도(의왕),underpass_coordinates.csv,,,126.949239,37.33054,waterlevel,2,1202660,반월1,기후에너지환경부,8.21,False,N,,,
underpass_coordinates:21,복합물류지하차도(의왕),underpass_coordinates.csv,,,126.949239,37.33054,waterlevel,3,1101601,수원시(매세교),기후에너지환경부,9.11,False,N,4.7,4.1,3.5
underpass_coordinates:21,복합물류지하차도(의왕),underpass_coordinates.csv,,,126.949239,37.33054,rainfall,1,10184030,남면,기후에너지환경부,1.64,True,,,,
underpass_coordinates:21,복합물류지하차도(의왕),underpass_coordinates.csv,,,126.949239,37.33054,rainfall,2,10184170,군포시(군포1동주민센터),기후에너지환경부,2.62,True,,,,
underpass_coordinates:21,복합물류지하차도(의왕),underpass_coordinates.csv,,,126.949239,37.33054,rainfall,3,12024020,안산시(장상동),기후에너지환경부,6.47,False,,,,
underpass_coordinates:28,동부대로4(신리)지하차도,underpass_coordinates.csv,,,127.088217,37.184576,waterlevel,1,1101641,화성시(느티교),기후에너지환경부,1.63,True,N,,,
underpass_coordinates:28,동부대로4(신리)지하차도,underpass_coordinates.csv,,,127.088217,37.184576,waterlevel,2,1101645,오산시(탑동대교),기후에너지환경부,6.24,False,Y,4.2,5.2,4.5
underpass_coordinates:28,동부대로4(신리)지하차도,underpass_coordinates.csv,,,127.088217,37.184576,waterlevel,3,1101605,화성시(화산교),기후에너지환경부,7.06,False,N,8.3,6.6,5.3
underpass_coordinates:28,동부대로4(신리)지하차도,underpass_coordinates.csv,,,127.088217,37.184576,rainfall,1,11014090,용인시(신갈저수지),기후에너지환경부,4.65,True,,,,
underpass_coordinates:28,동부대로4(신리)지하차도,underpass_coordinates.csv,,,127.088217,37.184576,rainfall,2,11014010,평택시(진위면사무소),기후에너지환경부,9.41,False,,,,
underpass_coordinates:28,동부대로4(신리)지하차도,underpass_coordinates.csv,,,127.088217,37.184576,rainfall,3,11014060,화성시(수원대학교),기후에너지환경부,10.42,False,,,,
underpass_coordinates:29,봉담지하차도,underpass_coordinates.csv,,,126.948279,37.219652,waterlevel,1,1101605,화성시(화산교),기후에너지환경부,6.38,False,N,8.3,6.6,5.3
underpass_coordinates:29,봉담지하차도,underpass_coordinates.csv,,,126.948279,37.219652,waterlevel,2,1101601,수원시(매세교),기후에너지환경부,8.05,False,N,4.7,4.1,3.5
underpass_coordinates:29,봉담지하차도,underpass_coordinates.csv,,,126.948279,37.219652,waterlevel,3,1101604,수원시(백년교),기후에너지환경부,9.03,False,N,6.4,5.5,4.7
underpass_coordinates:29,봉담지하차도,underpass_coordinates.csv,,,126.948279,37.219652,rainfall,1,11014060,화성시(수원대학교),기후에너지환경부,2.6,True,,,,
underpass_coordinates:29,봉담지하차도,underpass_coordinates.csv,,,126.948279,37.219652,rainfall,2,12024010,안산시(안산호동초교),기후에너지환경부,12.71,False,,,,
underpass_coordinates:29,봉담지하차도,underpass_coordinates.csv,,,126.948279,37.219652,rainfall,3,11014090,용인시(신갈저수지),기후에너지환경부,12.91,False,,,,
underpass_coordinates:33,화산2(용주2)지하차도,underpass_coordinates.csv,,,127.009125,37.206227,waterlevel,1,1101605,화성시(화산교),기후에너지환경부,1.62,True,N,8.3,6.6,5.3
underpass_coordinates:33,화산2(용주2)지하차도,underpass_coordinates.csv,,,127.009125,37.206227,waterlevel,2,1101604,수원시(백년교),기후에너지환경부,5.77,False,N,6.4,5.5,4.7
underpass_coordinates:33,화산2(용주2)지하차도,underpass_coordinates.csv,,,127.009125,37.206227,waterlevel,3,1101641,화성시(느티교),기후에너지환경부,6.7,False,N,,,
underpass_coordinates:33,화산2(용주2)지하차도,underpass_coordinates.csv,,,127.009125,37.206227,rainfall,1,11014060,화성시(수원대학교),기후에너지환경부,3.05,True,,,,
underpass_coordinates:33,화산2(용주2)지하차도,underpass_coordinates.csv,,,127.009125,37.206227,rainfall,2,11014090,용인시(신갈저수지),기후에너지환경부,7.82,False,,,,
underpass_coordinates:33,화산2(용주2)지하차도,underpass_coordinates.csv,,,127.009125,37.206227,rainfall,3,11014070,평택시(회화리),기후에너지환경부,12.37,False,,,,
underpass_coordinates:37,서변지하차도,underpass_coordinates.csv,,,128.599418,35.918399,waterlevel,1,2012665,대구시(동화교),기후에너지환경부,0.24,True,N,5.88,4.9,3.9
underpass_coordinates:37,서변지하차도,underpass_coordinates.csv,,,128.599418,35.918399,waterlevel,2,2012670,대구시(산격대교),기후에너지환경부,1.0,True,N,7.83,6.7,5.5
underpass_coordinates:37,서변지하차도,underpass_coordinates.csv,,,128.599418,35.918399,waterlevel,3,2012690,대구시(성북교),기후에너지환경부,2.88,True,Y,5.03,4.0,3.0
underpass_coordinates:37,서변지하차도,underpass_coordinates.csv,,,128.599418,35.918399,rainfall,1,20124090,대구시(신암동),기후에너지환경부,4.33,True,,,,
underpass_coordinates:37,서변지하차도,underpass_coordinates.csv,,,128.599418,35.918399,rainfall,2,20124160,칠곡군(금암리),기후에너지환경부,8.19,False,,,,
underpass_coordinates:37,서변지하차도,underpass_coordinates.csv,,,128.599418,35.918399,rainfall,3,20124150,대구시(성동교),기후에너지환경부,13.41,False,,,,
underpass_coordinates:40,감천지하차도,underpass_coordinates.csv,,,128.997861,35.086377,waterlevel,1,2022620,하단,기타,3.22,True,N,0.0,,
underpass_coordinates:40,감천지하차도,underpass_coordinates.csv,,,128.997861,35.086377,waterlevel,2,2302695,부산시(신평동),한국수자원공사,4.04,True,N,0.0,0.0,0.0
underpass_coordinates:40,감천지하차도,underpass_coordinates.csv,,,128.997861,35.086377,waterlevel,3,2302690,부산시(다대포),기후에너지환경부,4.73,True,N,,3.11,
underpass_coordinates:40,감천지하차도,underpass_coordinates.csv,,,128.997861,35.086377,rainfall,1,25044010,부산시(을숙도),기후에너지환경부,5.22,False,,,,
underpass_coordinates:40,감천지하차도,underpass_coordinates.csv,,,128.997861,35.086377,rainfall,2,20224060,부산시(구포대교),기후에너지환경부,13.04,False,,,,
underpass_coordinates:40,감천지하차도,underpass_coordinates.csv,,,128.997861,35.086377,rainfall,3,20224030,김해시(전하동),기후에너지환경부,17.63,False,,,,
underpass_coordinates:43,외발산지하차도,underpass_coordinates.csv,,,126.817889,37.550435,waterlevel,1,1019657,인천시(상야교),기후에너지환경부,4.89,True,N,5.0,4.1,3.2
underpass_coordinates:43,외발산지하차도,underpass_coordinates.csv,,,126.817889,37.550435,waterlevel,2,1019647,박촌1교,한국수자원공사,5.08,False,N,,,
underpass_coordinates:43,외발산지하차도,underpass_coordinates.csv,,,126.817889,37.550435,waterlevel,3,1019660,굴포천(한강),한국수자원공사,5.35,False,N,,,
underpass_coordinates:43,외발산지하차도,underpass_coordinates.csv,,,126.817889,37.550435,rainfall,1,10194020,귤현보,한국수자원공사,4.93,True,,,,
underpass_coordinates:43,외발산지하차도,underpass_coordinates.csv,,,126.817889,37.550435,rainfall,2,10194030,아라김포TM,한국수자원공사,5.75,False,,,,
underpass_coordinates:43,외발산지하차도,underpass_coordinates.csv,,,126.817889,37.550435,rainfall,3,10184160,부천시(부안초교),기후에너지환경부,7.85,False,,,,
underpass_coordinates:44,금하지하차도,underpass_coordinates.csv,,,126.893556,37.451007,waterlevel,1,1018693,광명시(시흥대교),기후에너지환경부,0.14,True,N,8.9,6.5,4.7
underpass_coordinates:44,금하지하차도,underpass_coordinates.csv,,,126.893556,37.451007,waterlevel,2,1018698,서울시(신대방1교),기후에너지환경부,4.51,True,Y,4.0,3.2,2.4
underpass_coordinates:44,금하지하차도,underpass_coordinates.csv,,,126.893556,37.451007,waterlevel,3,1018692,서울시(신림5교),기후에너지환경부,5.09,False,N,5.4,4.8,3.8
underpass_coordinates:44,금하지하차도,underpass_coordinates.csv,,,126.893556,37.451007,rainfall,1,10184080,서울시(구로구청),기후에너지환경부,4.93,True,,,,
underpass_coordinates:44,금하지하차도,underpass_coordinates.csv,,,126.893556,37.451007,rainfall,2,10184090,안양시(충훈1교),기후에너지환경부,5.21,False,,,,
underpass_coordinates:44,금하지하차도,underpass_coordinates.csv,,,126.893556,37.451007,rainfall,3,10184160,부천시(부안초교),기후에너지환경부,7.91,False,,,,
underpass_coordinates:49,미래지하차도(BRT지하차도),underpass_coordinates.csv,,,127.276094,36.47224,waterlevel,1,3012606,세종보(상),기타,0.75,True,N,,,
underpass_coordinates:49,미래지하차도(BRT지하차도),underpass_coordinates.csv,,,127.276094,36.47224,waterlevel,2,3012605,세종시(금남교),기후에너지환경부,0.77,True,N,13.85,11.0,8.3
underpass_coordinates:49,미래지하차도(BRT지하차도),underpass_coordinates.csv,,,127.276094,36.47224,waterlevel,3,3012604,나성,한국수자원공사,0.88,True,N,,,
underpass_coordinates:49,미래지하차도(BRT지하차도),underpass_coordinates.csv,,,127.276094,36.47224,rainfall,1,30124070,공주시(반포중),기후에너지환경부,8.18,False,,,,
underpass_coordinates:49,미래지하차도(BRT지하차도),underpass_coordinates.csv,,,127.276094,36.47224,rainfall,2,30124110,세종시(문성교),기후에너지환경부,8.57,False,,,,
underpass_coordinates:49,미래지하차도(BRT지하차도),underpass_coordinates.csv,,,127.276094,36.47224,rainfall,3,30104040,세종시(명학리),기후에너지환경부,9.01,False,,,,
underpass_coordinates:50,사오리지하차도,underpass_coordinates.csv,,,127.244235,36.484396,waterlevel,1,3012609,세종시(산봉교),기후에너지환경부,0.85,True,N,5.54,3.7,3.0
underpass_coordinates:50,사오리지하차도,underpass_coordinates.csv,,,127.244235,36.484396,waterlevel,2,3012600,세종시(종촌1교),기후에너지환경부,1.71,True,N,3.87,3.1,2.4
underpass_coordinates:50,사오리지하차도,underpass_coordinates.csv,,,127.244235,36.484396,waterlevel,3,3012608,세종시(세종보하),기후에너지환경부,2.09,True,N,24.1,20.9,17.7
underpass_coordinates:50,사오리지하차도,underpass_coordinates.csv,,,127.244235,36.484396,rainfall,1,30124110,세종시(문성교),기후에너지환경부,5.47,False,,,,
underpass_coordinates:50,사오리지하차도,underpass_coordinates.csv,,,127.244235,36.484396,rainfall,2,30124070,공주시(반포중),기후에너지환경부,8.98,False,,,,
underpass_coordinates:50,사오리지하차도,underpass_coordinates.csv,,,127.244235,36.484396,rainfall,3,30124010,공주시(금강교),기후에너지환경부,10.53,False,,,,
underpass_coordinates:51,주추지하차도,underpass_coordinates.csv,,,127.241746,36.509383,waterlevel,1,3012600,세종시(종촌1교),기후에너지환경부,1.49,True,N,3.87,3.1,2.4
underpass_coordinates:51,주추지하차도,underpass_coordinates.csv,,,127.241746,36.509383,waterlevel,2,3012609,세종시(산봉교),기후에너지환경부,3.52,True,N,5.54,3.7,3.0
underpass_coordinates:51,주추지하차도,underpass_coordinates.csv,,,127.241746,36.509383,waterlevel,3,3012604,나성,한국수자원공사,4.37,True,N,,,
underpass_coordinates:51,주추지하차도,underpass_coordinates.csv,,,127.241746,36.509383,rainfall,1,30124110,세종시(문성교),기후에너지환경부,4.12,True,,,,
underpass_coordinates:51,주추지하차도,underpass_coordinates.csv,,,127.241746,36.509383,rainfall,2,30114070,세종시(농정원),기후에너지환경부,10.29,False,,,,
underpass_coordinates:51,주추지하차도,underpass_coordinates.csv,,,127.241746,36.509383,rainfall,3,30104040,세종시(명학리),기후에너지환경부,10.41,False,,,,
underpass_coordinates:57,서천도월지하차도,underpass_coordinates.csv,,,127.59498,34.958755,waterlevel,1,4105630,광양시(서산교),기후에너지환경부,1.69,True,Y,3.99,3.4,2.8
underpass_coordinates:57,서천도월지하차도,underpass_coordinates.csv,,,127.59498,34.958755,waterlevel,2,4105640,광양시(용강교),기후에너지환경부,1.89,True,Y,4.19,3.6,3.1
underpass_coordinates:57,서천도월지하차도,underpass_coordinates.csv,,,127.59498,34.958755,waterlevel,3,4105625,광양시(성황4교),기후에너지환경부,8.2,False,N,3.51,2.9,2.2
underpass_coordinates:57,서천도월지하차도,underpass_coordinates.csv,,,127.59498,34.958755,rainfall,1,41044040,순천국토관리사무소,기후에너지환경부,9.93,False,,,,
underpass_coordinates:57,서천도월지하차도,underpass_coordinates.csv,,,127.59498,34.958755,rainfall,2,41054030,광양시(수어댐),한국수자원공사,13.88,False,,,,
underpass_coordinates:57,서천도월지하차도,underpass_coordinates.csv,,,127.59498,34.958755,rainfall,3,41054050,광양시(어치리),한국수자원공사,15.11,False,,,,
underpass_coordinates:58,옥암지하차도,underpass_coordinates.csv,,,126.450629,34.813882,waterlevel,1,5008670,무안군(남창5교),기후에너지환경부,2.72,True,N,6.12,3.2,2.3
underpass_coordinates:58,옥암지하차도,underpass_coordinates.csv,,,126.450629,34.813882,waterlevel,2,5008690,하구언(내),기후에너지환경부,3.09,True,N,1.64,1.0,0.4
underpass_coordinates:58,옥암지하차도,underpass_coordinates.csv,,,126.450629,34.813882,waterlevel,3,5008695,하구언(외),기후에너지환경부,3.09,True,N,,,
underpass_coordinates:58,옥암지하차도,underpass_coordinates.csv,,,126.450629,34.813882,rainfall,1,50084010,하구언(내),기후에너지환경부,3.09,True,,,,
underpass_coordinates:58,옥암지하차도,underpass_coordinates.csv,,,126.450629,34.813882,rainfall,2,53024010,목포,기후에너지환경부,7.02,False,,,,
underpass_coordinates:58,옥암지하차도,underpass_coordinates.csv,,,126.450629,34.813882,rainfall,3,50074020,영암군(쌍풍리),기후에너지환경부,13.61,False,,,,
underpass_coordinates:59,오룡지하차도,underpass_coordinates.csv,,,126.463042,34.814409,waterlevel,1,5008670,무안군(남창5교),기후에너지환경부,1.65,True,N,6.12,3.2,2.3
underpass_coordinates:59,오룡지하차도,underpass_coordinates.csv,,,126.463042,34.814409,waterlevel,2,5008690,하구언(내),기후에너지환경부,3.39,True,N,1.64,1.0,0.4
underpass_coordinates:59,오룡지하차도,underpass_coordinates.csv,,,126.463042,34.814409,waterlevel,3,5008695,하구언(외),기후에너지환경부,3.39,True,N,,,
underpass_coordinates:59,오룡지하차도,underpass_coordinates.csv,,,126.463042,34.814409,rainfall,1,50084010,하구언(내),기후에너지환경부,3.39,True,,,,
underpass_coordinates:59,오룡지하차도,underpass_coordinates.csv,,,126.463042,34.814409,rainfall,2,53024010,목포,기후에너지환경부,8.06,False,,,,
underpass_coordinates:59,오룡지하차도,underpass_coordinates.csv,,,126.463042,34.814409,rainfall,3,50074020,영암군(쌍풍리),기후에너지환경부,12.66,False,,,,
underpass_coordinates:60,천안로 지하차도,underpass_coordinates.csv,,,127.163209,36.820607,waterlevel,1,3101667,천안시(눈들교),기후에너지환경부,3.97,True,N,4.64,3.8,3.2
underpass_coordinates:60,천안로 지하차도,underpass_coordinates.csv,,,127.163209,36.820607,waterlevel,2,3101670,천안시(휴대교),기후에너지환경부,6.25,False,N,5.97,4.7,3.7
underpass_coordinates:60,천안로 지하차도,underpass_coordinates.csv,,,127.163209,36.820607,waterlevel,3,3101672,아산시(덕지리),기후에너지환경부,7.15,False,N,4.66,3.9,3.1
underpass_coordinates:60,천안로 지하차도,underpass_coordinates.csv,,,127.163209,36.820607,rainfall,1,31014130,아산시(휴대교),기후에너지환경부,6.36,False,,,,
underpass_coordinates:60,천안로 지하차도,underpass_coordinates.csv,,,127.163209,36.820607,rainfall,2,11014110,천안시(성거읍사무소),기후에너지환경부,7.14,False,,,,
underpass_coordinates:60,천안로 지하차도,underpass_coordinates.csv,,,127.163209,36.820607,rainfall,3,30114010,천안시(병천초교),기후에너지환경부,13.66,False,,,,
underpass_coordinates:62,단계지하차도,underpass_coordinates.csv,,,127.933298,37.34371,waterlevel,1,1006665,원주시(원주교),기후에너지환경부,2.02,True,Y,4.8,3.9,3.0
underpass_coordinates:62,단계지하차도,underpass_coordinates.csv,,,127.933298,37.34371,waterlevel,2,1006685,원주시(봉미교),기후에너지환경부,3.55,True,N,6.9,6.0,5.1
underpass_coordinates:62,단계지하차도,underpass_coordinates.csv,,,127.933298,37.34371,waterlevel,3,1006664,원주시(동부교),기후에너지환경부,4.28,True,N,4.5,3.7,2.8
underpass_coordinates:62,단계지하차도,underpass_coordinates.csv,,,127.933298,37.34371,rainfall,1,10064010,원주,기후에너지환경부,1.63,True,,,,
underpass_coordinates:62,단계지하차도,underpass_coordinates.csv,,,127.933298,37.34371,rainfall,2,10064070,원주시(서곡초교),기후에너지환경부,5.07,False,,,,
underpass_coordinates:62,단계지하차도,underpass_coordinates.csv,,,127.933298,37.34371,rainfall,3,10064075,원주시(신촌리),,6.2,False,,,,
underpass_coordinates:66,강촌로지하차도,underpass_coordinates.csv,,,126.796103,37.655201,waterlevel,1,1019635,아라한강갑문(내),한국수자원공사,5.9,False,N,,,
underpass_coordinates:66,강촌로지하차도,underpass_coordinates.csv,,,126.796103,37.655201,waterlevel,2,1019636,아라한강갑실,한국수자원공사,5.9,False,N,,,
underpass_coordinates:66,강촌로지하차도,underpass_coordinates.csv,,,126.796103,37.655201,waterlevel,3,1019637,아라한강갑문(외),한국수자원공사,5.9,False,N,,,
underpass_coordinates:66,강촌로지하차도,underpass_coordinates.csv,,,126.796103,37.655201,rainfall,1,10194030,아라김포TM,한국수자원공사,6.14,False,,,,
underpass_coordinates:66,강촌로지하차도,underpass_coordinates.csv,,,126.796103,37.655201,rainfall,2,10194010,김포시(김포시청),기후에너지환경부,8.37,False,,,,
underpass_coordinates:66,강촌로지하차도,underpass_coordinates.csv,,,126.796103,37.655201,rainfall,3,10194020,귤현보,한국수자원공사,9.9,False,,,,
underpass_coordinates:67,구산지하차도,underpass_coordinates.csv,,,126.679569,37.683385,waterlevel,1,1019675,김포시(전류리),기후에너지환경부,1.92,True,N,8.2,6.8,5.5
underpass_coordinates:67,구산지하차도,underpass_coordinates.csv,,,126.679569,37.683385,waterlevel,2,1019661,김포시(사우교),기후에너지환경부,7.73,False,N,3.2,2.4,1.6
underpass_coordinates:67,구산지하차도,underpass_coordinates.csv,,,126.679569,37.683385,waterlevel,3,1019680,파주시(교하교),기후에너지환경부,11.18,False,N,7.8,6.5,5.1
underpass_coordinates:67,구산지하차도,underpass_coordinates.csv,,,126.679569,37.683385,rainfall,1,10194010,김포시(김포시청),기후에너지환경부,8.21,False,,,,
underpass_coordinates:67,구산지하차도,underpass_coordinates.csv,,,126.679569,37.683385,rainfall,2,10194030,아라김포TM,한국수자원공사,14.03,False,,,,
underpass_coordinates:67,구산지하차도,underpass_coordinates.csv,,,126.679569,37.683385,rainfall,3,12014010,아라인천TM,한국수자원공사,14.34,False,,,,
underpass_coordinates:68,내곡지하차도,underpass_coordinates.csv,,,126.804219,37.641569,waterlevel,1,1019630,서울시(행주대교),기후에너지환경부,4.38,True,N,10.9,9.0,7.2
underpass_coordinates:68,내곡지하차도,underpass_coordinates.csv,,,126.804219,37.641569,waterlevel,2,1019635,아라한강갑문(내),한국수자원공사,4.48,True,N,,,
underpass_coordinates:68,내곡지하차도,underpass_coordinates.csv,,,126.804219,37.641569,waterlevel,3,1019636,아라한강갑실,한국수자원공사,4.48,True,N,,,
underpass_coordinates:68,내곡지하차도,underpass_coordinates.csv,,,126.804219,37.641569,rainfall,1,10194030,아라김포TM,한국수자원공사,4.64,True,,,,
underpass_coordinates:68,내곡지하차도,underpass_coordinates.csv,,,126.804219,37.641569,rainfall,2,10194010,김포시(김포시청),기후에너지환경부,8.34,False,,,,
underpass_coordinates:68,내곡지하차도,underpass_coordinates.csv,,,126.804219,37.641569,rainfall,3,10194020,귤현보,한국수자원공사,8.69,False,,,,
underpass_coordinates:69,백마지하차도,underpass_coordinates.csv,,,126.792172,37.660658,waterlevel,1,1019635,아라한강갑문(내),한국수자원공사,6.5,False,N,,,
underpass_coordinates:69,백마지하차도,underpass_coordinates.csv,,,126.792172,37.660658,waterlevel,2,1019636,아라한강갑실,한국수자원공사,6.5,False,N,,,
underpass_coordinates:69,백마지하차도,underpass_coordinates.csv,,,126.792172,37.660658,waterlevel,3,1019637,아라한강갑문(외),한국수자원공사,6.5,False,N,,,
underpass_coordinates:69,백마지하차도,underpass_coordinates.csv,,,126.792172,37.660658,rainfall,1,10194030,아라김포TM,한국수자원공사,6.77,False,,,,
underpass_coordinates:69,백마지하차도,underpass_coordinates.csv,,,126.792172,37.660658,rainfall,2,10194010,김포시(김포시청),기후에너지환경부,8.42,False,,,,
underpass_coordinates:69,백마지하차도,underpass_coordinates.csv,,,126.792172,37.660658,rainfall,3,10194020,귤현보,한국수자원공사,10.41,False,,,,
underpass_coordinates:74,신원지하차도,underpass_coordinates.csv,,,127.044736,37.458434,waterlevel,1,1018658,서울시(대치교),기후에너지환경부,5.15,False,N,13.5,11.1,8.7
underpass_coordinates:74,신원지하차도,underpass_coordinates.csv,,,127.044736,37.458434,waterlevel,2,1018681,서울시(반포2교),기후에너지환경부,6.6,False,N,,,
underpass_coordinates:74,신원지하차도,underpass_coordinates.csv,,,127.044736,37.458434,waterlevel,3,1018655,서울시(대곡교),기후에너지환경부,6.96,False,Y,8.5,7.1,5.8
underpass_coordinates:74,신원지하차도,underpass_coordinates.csv,,,127.044736,37.458434,rainfall,1,10184150,과천시(한국수자원공사),기후에너지환경부,6.39,False,,,,
underpass_coordinates:74,신원지하차도,underpass_coordinates.csv,,,127.044736,37.458434,rainfall,2,10184100,서울시(대곡교),기후에너지환경부,6.96,False,,,,
underpass_coordinates:74,신원지하차도,underpass_coordinates.csv,,,127.044736,37.458434,rainfall,3,10184040,성남시(한국학중앙연구원),기후에너지환경부,7.32,False,,,,
underpass_coordinates:76,원흥지하차도,underpass_coordinates.csv,,,126.872212,37.648072,waterlevel,1,1019667,고양시(원당교),기후에너지환경부,4.14,True,Y,3.7,3.0,2.5
underpass_coordinates:76,원흥지하차도,underpass_coordinates.csv,,,126.872212,37.648072,waterlevel,2,1019606,고양시(은덕교),기후에너지환경부,4.34,True,N,6.0,5.0,4.1
underpass_coordinates:76,원흥지하차도,underpass_coordinates.csv,,,126.872212,37.648072,waterlevel,3,1019663,양주시(제궁교),기후에너지환경부,6.96,False,N,6.5,5.5,4.7
underpass_coordinates:76,원흥지하차도,underpass_coordinates.csv,,,126.872212,37.648072,rainfall,1,10194030,아라김포TM,한국수자원공사,8.36,False,,,,
underpass_coordinates:76,원흥지하차도,underpass_coordinates.csv,,,126.872212,37.648072,rainfall,2,10194020,귤현보,한국수자원공사,12.75,False,,,,
underpass_coordinates:76,원흥지하차도,underpass_coordinates.csv,,,126.872212,37.648072,rainfall,3,10194010,김포시(김포시청),기후에너지환경부,14.27,False,,,,
underpass_coordinates:77,일산지하차도,underpass_coordinates.csv,,,126.761781,37.687228,waterlevel,1,1019661,김포시(사우교),기후에너지환경부,7.56,False,N,3.2,2.4,1.6
underpass_coordinates:77,일산지하차도,underpass_coordinates.csv,,,126.761781,37.687228,waterlevel,2,1019680,파주시(교하교),기후에너지환경부,8.12,False,N,7.8,6.5,5.1
underpass_coordinates:77,일산지하차도,underpass_coordinates.csv,,,126.761781,37.687228,waterlevel,3,1019675,김포시(전류리),기후에너지환경부,8.62,False,N,8.2,6.8,5.5
underpass_coordinates:77,일산지하차도,underpass_coordinates.csv,,,126.761781,37.687228,rainfall,1,10194010,김포시(김포시청),기후에너지환경부,8.98,False,,,,
underpass_coordinates:77,일산지하차도,underpass_coordinates.csv,,,126.761781,37.687228,rainfall,2,10194030,아라김포TM,한국수자원공사,10.24,False,,,,
underpass_coordinates:77,일산지하차도,underpass_coordinates.csv,,,126.761781,37.687228,rainfall,3,10234030,파주시(신산초교),기후에너지환경부,13.06,False,,,,
underpass_coordinates:78,킨텍스 지하차도,underpass_coordinates.csv,,,126.743819,37.667187,waterlevel,1,1019661,김포시(사우교),기후에너지환경부,4.91,True,N,3.2,2.4,1.6
underpass_coordinates:78,킨텍스 지하차도,underpass_coordinates.csv,,,126.743819,37.667187,waterlevel,2,1019675,김포시(전류리),기후에너지환경부,7.68,False,N,8.2,6.8,5.5
underpass_coordinates:78,킨텍스 지하차도,underpass_coordinates.csv,,,126.743819,37.667187,waterlevel,3,1019635,아라한강갑문(내),한국수자원공사,8.44,False,N,,,
underpass_coordinates:78,킨텍스 지하차도,underpass_coordinates.csv,,,126.743819,37.667187,rainfall,1,10194010,김포시(김포시청),기후에너지환경부,6.29,False,,,,
underpass_coordinates:78,킨텍스 지하차도,underpass_coordinates.csv,,,126.743819,37.667187,rainfall,2,10194030,아라김포TM,한국수자원공사,8.92,False,,,,
underpass_coordinates:78,킨텍스 지하차도,underpass_coordinates.csv,,,126.743819,37.667187,rainfall,3,10194020,귤현보,한국수자원공사,11.09,False,,,,
underpass_coordinates:79,풍산지하차도,underpass_coordinates.csv,,,126.785273,37.672513,waterlevel,1,1019667,고양시(원당교),기후에너지환경부,7.22,False,Y,3.7,3.0,2.5
underpass_coordinates:79,풍산지하차도,underpass_coordinates.csv,,,126.785273,37.672513,waterlevel,2,1019661,김포시(사우교),기후에너지환경부,7.35,False,N,3.2,2.4,1.6
underpass_coordinates:79,풍산지하차도,underpass_coordinates.csv,,,126.785273,37.672513,waterlevel,3,1019635,아라한강갑문(내),한국수자원공사,7.85,False,N,,,
underpass_coordinates:79,풍산지하차도,underpass_coordinates.csv,,,126.785273,37.672513,rainfall,1,10194030,아라김포TM,한국수자원공사,8.16,False,,,,
underpass_coordinates:79,풍산지하차도,underpass_coordinates.csv,,,126.785273,37.672513,rainfall,2,10194010,김포시(김포시청),기후에너지환경부,8.84,False,,,,
underpass_coordinates:79,풍산지하차도,underpass_coordinates.csv,,,126.785273,37.672513,rainfall,3,10194020,귤현보,한국수자원공사,11.6,False,,,,
underpass_coordinates:80,한류월드IC지하차도,underpass_coordinates.csv,,,126.749868,37.644641,waterlevel,1,1019661,김포시(사우교),기후에너지환경부,2.96,True,N,3.2,2.4,1.6
underpass_coordinates:80,한류월드IC지하차도,underpass_coordinates.csv,,,126.749868,37.644641,waterlevel,2,1019635,아라한강갑문(내),한국수자원공사,6.07,False,N,,,
underpass_coordinates:80,한류월드IC지하차도,underpass_coordinates.csv,,,126.749868,37.644641,waterlevel,3,1019636,아라한강갑실,한국수자원공사,6.07,False,N,,,
underpass_coordinates:80,한류월드IC지하차도,underpass_coordinates.csv,,,126.749868,37.644641,rainfall,1,10194010,김포시(김포시청),기후에너지환경부,4.45,True,,,,
underpass_coordinates:80,한류월드IC지하차도,underpass_coordinates.csv,,,126.749868,37.644641,rainfall,2,10194030,아라김포TM,한국수자원공사,6.59,False,,,,
underpass_coordinates:80,한류월드IC지하차도,underpass_coordinates.csv,,,126.749868,37.644641,rainfall,3,10194020,귤현보,한국수자원공사,8.53,False,,,,
underpass_coordinates:81,행신지하차도(본체 및 종점부),underpass_coordinates.csv,,,126.849532,37.616704,waterlevel,1,1019630,서울시(행주대교),기후에너지환경부,3.42,True,N,10.9,9.0,7.2
underpass_coordinates:81,행신지하차도(본체 및 종점부),underpass_coordinates.csv,,,126.849532,37.616704,waterlevel,2,1018628,행주(등록문화재),기후에너지환경부,3.98,True,N,,,
underpass_coordinates:81,행신지하차도(본체 및 종점부),underpass_coordinates.csv,,,126.849532,37.616704,waterlevel,3,1019635,아라한강갑문(내),한국수자원공사,5.21,False,N,,,
underpass_coordinates:81,행신지하차도(본체 및 종점부),underpass_coordinates.csv,,,126.849532,37.616704,rainfall,1,10194030,아라김포TM,한국수자원공사,4.81,True,,,,
underpass_coordinates:81,행신지하차도(본체 및 종점부),underpass_coordinates.csv,,,126.849532,37.616704,rainfall,2,10194020,귤현보,한국수자원공사,8.97,False,,,,
underpass_coordinates:81,행신지하차도(본체 및 종점부),underpass_coordinates.csv,,,126.849532,37.616704,rainfall,3,10194010,김포시(김포시청),기후에너지환경부,11.8,False,,,,
underpass_coordinates:82,행신지하차도(시점부),underpass_coordinates.csv,,,126.849532,37.616704,waterlevel,1,1019630,서울시(행주대교),기후에너지환경부,3.42,True,N,10.9,9.0,7.2
underpass_coordinates:82,행신지하차도(시점부),underpass_coordinates.csv,,,126.849532,37.616704,waterlevel,2,1018628,행주(등록문화재),기후에너지환경부,3.98,True,N,,,
underpass_coordinates:82,행신지하차도(시점부),underpass_coordinates.csv,,,126.849532,37.616704,waterlevel,3,1019635,아라한강갑문(내),한국수자원공사,5.21,False,N,,,
underpass_coordinates:82,행신지하차도(시점부),underpass_coordinates.csv,,,126.849532,37.616704,rainfall,1,10194030,아라김포TM,한국수자원공사,4.81,True,,,,
underpass_coordinates:82,행신지하차도(시점부),underpass_coordinates.csv,,,126.849532,37.616704,rainfall,2,10194020,귤현보,한국수자원공사,8.97,False,,,,
underpass_coordinates:82,행신지하차도(시점부),underpass_coordinates.csv,,,126.849532,37.616704,rainfall,3,10194010,김포시(김포시청),기후에너지환경부,11.8,False,,,,
underpass_coordinates:89,능촌지하차도,underpass_coordinates.csv,,,126.846987,37.441824,waterlevel,1,1018695,서울시(너부대교),기후에너지환경부,4.12,True,Y,4.9,4.5,3.5
underpass_coordinates:89,능촌지하차도,underpass_coordinates.csv,,,126.846987,37.441824,waterlevel,2,1018693,광명시(시흥대교),기후에너지환경부,4.25,True,N,8.9,6.5,4.7
underpass_coordinates:89,능촌지하차도,underpass_coordinates.csv,,,126.846987,37.441824,waterlevel,3,1018690,안양시(충훈1교),기후에너지환경부,6.44,False,N,5.2,4.1,3.0
underpass_coordinates:89,능촌지하차도,underpass_coordinates.csv,,,126.846987,37.441824,rainfall,1,10184160,부천시(부안초교),기후에너지환경부,5.27,False,,,,
underpass_coordinates:89,능촌지하차도,underpass_coordinates.csv,,,126.846987,37.441824,rainfall,2,10184090,안양시(충훈1교),기후에너지환경부,6.44,False,,,,
underpass_coordinates:89,능촌지하차도,underpass_coordinates.csv,,,126.846987,37.441824,rainfall,3,10184080,서울시(구로구청),기후에너지환경부,6.86,False,,,,
underpass_coordinates:93,갈매지하차도,underpass_coordinates.csv,,,127.113327,37.62006,waterlevel,1,1018635,남양주시(퇴계원리),기후에너지환경부,3.53,True,N,4.5,3.6,2.8
underpass_coordinates:93,갈매지하차도,underpass_coordinates.csv,,,127.113327,37.62006,waterlevel,2,1018638,남양주시(왕숙교),기후에너지환경부,3.56,True,Y,9.7,8.0,6.0
underpass_coordinates:93,갈매지하차도,underpass_coordinates.csv,,,127.113327,37.62006,waterlevel,3,1018630,남양주시(진관교),기후에너지환경부,4.76,True,Y,5.0,4.5,3.9
underpass_coordinates:93,갈매지하차도,underpass_coordinates.csv,,,127.113327,37.62006,rainfall,1,10184110,남양주시(진관교),기후에너지환경부,4.76,True,,,,
underpass_coordinates:93,갈매지하차도,underpass_coordinates.csv,,,127.113327,37.62006,rainfall,2,10184200,서울시(월계2교),기후에너지환경부,5.6,False,,,,
underpass_coordinates:93,갈매지하차도,underpass_coordinates.csv,,,127.113327,37.62006,rainfall,3,10184190,서울시(동막골주차장),기후에너지환경부,6.54,False,,,,
underpass_coordinates:94,갈매지하차도,underpass_coordinates.csv,,,127.113327,37.62006,waterlevel,1,1018635,남양주시(퇴계원리),기후에너지환경부,3.53,True,N,4.5,3.6,2.8
underpass_coordinates:94,갈매지하차도,underpass_coordinates.csv,,,127.113327,37.62006,waterlevel,2,1018638,남양주시(왕숙교),기후에너지환경부,3.56,True,Y,9.7,8.0,6.0
underpass_coordinates:94,갈매지하차도,underpass_coordinates.csv,,,127.113327,37.62006,waterlevel,3,1018630,남양주시(진관교),기후에너지환경부,4.76,True,Y,5.0,4.5,3.9
underpass_coordinates:94,갈매지하차도,underpass_coordinates.csv,,,127.113327,37.62006,rainfall,1,10184110,남양주시(진관교),기후에너지환경부,4.76,True,,,,
underpass_coordinates:94,갈매지하차도,underpass_coordinates.csv,,,127.113327,37.62006,rainfall,2,10184200,서울시(월계2교),기후에너지환경부,5.6,False,,,,
underpass_coordinates:94,갈매지하차도,underpass_coordinates.csv,,,127.113327,37.62006,rainfall,3,10184190,서울시(동막골주차장),기후에너지환경부,6.54,False,,,,
underpass_coordinates:96,당말지하차도,underpass_coordinates.csv,,,126.942969,37.355641,waterlevel,1,1202630,반월2,기후에너지환경부,6.06,False,N,,,
underpass_coordinates:96,당말지하차도,underpass_coordinates.csv,,,126.942969,37.355641,waterlevel,2,1018690,안양시(충훈1교),기후에너지환경부,6.5,False,N,5.2,4.1,3.0
underpass_coordinates:96,당말지하차도,underpass_coordinates.csv,,,126.942969,37.355641,waterlevel,3,1202660,반월1,기후에너지환경부,8.44,False,N,,,
underpass_coordinates:96,당말지하차도,underpass_coordinates.csv,,,126.942969,37.355641,rainfall,1,10184170,군포시(군포1동주민센터),기후에너지환경부,0.3,True,,,,
underpass_coordinates:96,당말지하차도,underpass_coordinates.csv,,,126.942969,37.355641,rainfall,2,10184030,남면,기후에너지환경부,1.22,True,,,,
underpass_coordinates:96,당말지하차도,underpass_coordinates.csv,,,126.942969,37.355641,rainfall,3,10184210,의왕시(포일동),기후에너지환경부,5.44,False,,,,
underpass_coordinates:97,당정지하차도,underpass_coordinates.csv,,,126.948399,37.34602,waterlevel,1,1202630,반월2,기후에너지환경부,6.49,False,N,,,
underpass_coordinates:97,당정지하차도,underpass_coordinates.csv,,,126.948399,37.34602,waterlevel,2,1018690,안양시(충훈1교),기후에너지환경부,7.66,False,N,5.2,4.1,3.0
underpass_coordinates:97,당정지하차도,underpass_coordinates.csv,,,126.948399,37.34602,waterlevel,3,1202660,반월1,기후에너지환경부,8.49,False,N,,,
underpass_coordinates:97,당정지하차도,underpass_coordinates.csv,,,126.948399,37.34602,rainfall,1,10184030,남면,기후에너지환경부,0.4,True,,,,
underpass_coordinates:97,당정지하차도,underpass_coordinates.csv,,,126.948399,37.34602,rainfall,2,10184170,군포시(군포1동주민센터),기후에너지환경부,0.91,True,,,,
underpass_coordinates:97,당정지하차도,underpass_coordinates.csv,,,126.948399,37.34602,rainfall,3,10184210,의왕시(포일동),기후에너지환경부,5.92,False,,,,
underpass_coordinates:98,대야지하차도,underpass_coordinates.csv,,,126.926863,37.332718,waterlevel,1,1202630,반월2,기후에너지환경부,4.9,True,N,,,
underpass_coordinates:98,대야지하차도,underpass_coordinates.csv,,,126.926863,37.332718,waterlevel,2,1202660,반월1,기후에너지환경부,6.28,False,N,,,
underpass_coordinates:98,대야지하차도,underpass_coordinates.csv,,,126.926863,37.332718,waterlevel,3,1202650,안산시(안산10교),기후에너지환경부,7.72,False,N,6.3,5.4,4.6
underpass_coordinates:98,대야지하차도,underpass_coordinates.csv,,,126.926863,37.332718,rainfall,1,10184030,남면,기후에너지환경부,2.03,True,,,,
underpass_coordinates:98,대야지하차도,underpass_coordinates.csv,,,126.926863,37.332718,rainfall,2,10184170,군포시(군포1동주민센터),기후에너지환경부,2.88,True,,,,
underpass_coordinates:98,대야지하차도,underpass_coordinates.csv,,,126.926863,37.332718,rainfall,3,12024020,안산시(장상동),기후에너지환경부,4.55,True,,,,
underpass_coordinates:101,마송지하차도,underpass_coordinates.csv,,,126.602875,37.687384,waterlevel,1,1019675,김포시(전류리),기후에너지환경부,5.5,False,N,8.2,6.8,5.5
underpass_coordinates:101,마송지하차도,underpass_coordinates.csv,,,126.602875,37.687384,waterlevel,2,1201620,강화군(강화대교),기후에너지환경부,8.24,False,N,10.95,,
underpass_coordinates:101,마송지하차도,underpass_coordinates.csv,,,126.602875,37.687384,waterlevel,3,1019661,김포시(사우교),기후에너지환경부,12.96,False,N,3.2,2.4,1.6
underpass_coordinates:101,마송지하차도,underpass_coordinates.csv,,,126.602875,37.687384,rainfall,1,10194010,김포시(김포시청),기후에너지환경부,12.76,False,,,,
underpass_coordinates:101,마송지하차도,underpass_coordinates.csv,,,126.602875,37.687384,rainfall,2,12014010,아라인천TM,한국수자원공사,13.8,False,,,,
underpass_coordinates:101,마송지하차도,underpass_coordinates.csv,,,126.602875,37.687384,rainfall,3,10194020,귤현보,한국수자원공사,19.55,False,,,,
underpass_coordinates:103,덕송지하차도,underpass_coordinates.csv,,,127.12264,37.662441,waterlevel,1,1018635,남양주시(퇴계원리),기후에너지환경부,2.37,True,N,4.5,3.6,2.8
underpass_coordinates:103,덕송지하차도,underpass_coordinates.csv,,,127.12264,37.662441,waterlevel,2,1018630,남양주시(진관교),기후에너지환경부,2.93,True,Y,5.0,4.5,3.9
underpass_coordinates:103,덕송지하차도,underpass_coordinates.csv,,,127.12264,37.662441,waterlevel,3,1018625,남양주시(내곡교),기후에너지환경부,4.93,True,N,6.0,4.0,3.5
underpass_coordinates:103,덕송지하차도,underpass_coordinates.csv,,,127.12264,37.662441,rainfall,1,10184110,남양주시(진관교),기후에너지환경부,2.93,True,,,,
underpass_coordinates:103,덕송지하차도,underpass_coordinates.csv,,,127.12264,37.662441,rainfall,2,10184190,서울시(동막골주차장),기후에너지환경부,3.52,True,,,,
underpass_coordinates:103,덕송지하차도,underpass_coordinates.csv,,,127.12264,37.662441,rainfall,3,10184125,의정부시(도봉차량기지),기후에너지환경부,7.65,False,,,,
underpass_coordinates:104,돌팍지하차도,underpass_coordinates.csv,,,127.231305,37.638415,waterlevel,1,1018630,남양주시(진관교),기후에너지환경부,7.11,False,Y,5.0,4.5,3.9
underpass_coordinates:104,돌팍지하차도,underpass_coordinates.csv,,,127.231305,37.638415,waterlevel,2,1018635,남양주시(퇴계원리),기후에너지환경부,8.24,False,N,4.5,3.6,2.8
underpass_coordinates:104,돌팍지하차도,underpass_coordinates.csv,,,127.231305,37.638415,waterlevel,3,1018638,남양주시(왕숙교),기후에너지환경부,8.29,False,Y,9.7,8.0,6.0
underpass_coordinates:104,돌팍지하차도,underpass_coordinates.csv,,,127.231305,37.638415,rainfall,1,10184060,남양주시(금곡초교),기후에너지환경부,1.78,True,,,,
underpass_coordinates:104,돌팍지하차도,underpass_coordinates.csv,,,127.231305,37.638415,rainfall,2,10184110,남양주시(진관교),기후에너지환경부,7.11,False,,,,
underpass_coordinates:104,돌팍지하차도,underpass_coordinates.csv,,,127.231305,37.638415,rainfall,3,10184220,남양주시(진접읍사무소),기후에너지환경부,10.41,False,,,,
underpass_coordinates:114,상동지하차도,underpass_coordinates.csv,,,126.748173,37.506101,waterlevel,1,1019640,굴포천(내),한국수자원공사,2.14,True,N,,,
underpass_coordinates:114,상동지하차도,underpass_coordinates.csv,,,126.748173,37.506101,waterlevel,2,1019612,인천시(굴포1교),기후에너지환경부,2.26,True,N,7.2,6.1,5.0
underpass_coordinates:114,상동지하차도,underpass_coordinates.csv,,,126.748173,37.506101,waterlevel,3,1019620,부천시(도두리2교),기후에너지환경부,3.1,True,N,4.6,3.4,2.7
underpass_coordinates:114,상동지하차도,underpass_coordinates.csv,,,126.748173,37.506101,rainfall,1,10184160,부천시(부안초교),기후에너지환경부,6.31,False,,,,
underpass_coordinates:114,상동지하차도,underpass_coordinates.csv,,,126.748173,37.506101,rainfall,2,10194020,귤현보,한국수자원공사,7.21,False,,,,
underpass_coordinates:114,상동지하차도,underpass_coordinates.csv,,,126.748173,37.506101,rainfall,3,10194030,아라김포TM,한국수자원공사,11.37,False,,,,
underpass_coordinates:116,낙생지하차도,underpass_coordinates.csv,,,127.109664,37.391823,waterlevel,1,1018650,성남시(궁내교),기후에너지환경부,2.43,True,N,5.1,4.2,3.3
underpass_coordinates:116,낙생지하차도,underpass_coordinates.csv,,,127.109664,37.391823,waterlevel,2,1018653,성남시(둔전교),기후에너지환경부,4.08,True,N,8.1,6.9,6.1
underpass_coordinates:116,낙생지하차도,underpass_coordinates.csv,,,127.109664,37.391823,waterlevel,3,1018655,서울시(대곡교),기후에너지환경부,8.64,False,Y,8.5,7.1,5.8
underpass_coordinates:116,낙생지하차도,underpass_coordinates.csv,,,127.109664,37.391823,rainfall,1,10184130,성남시(대장동),기후에너지환경부,5.0,True,,,,
underpass_coordinates:116,낙생지하차도,underpass_coordinates.csv,,,127.109664,37.391823,rainfall,2,10184040,성남시(한국학중앙연구원),기후에너지환경부,5.2,False,,,,
underpass_coordinates:116,낙생지하차도,underpass_coordinates.csv,,,127.109664,37.391823,rainfall,3,10184230,성남시(구미초교),기후에너지환경부,6.05,False,,,,
underpass_coordinates:117,낙원지하차도,underpass_coordinates.csv,,,127.101952,37.390942,waterlevel,1,1018650,성남시(궁내교),기후에너지환경부,2.4,True,N,5.1,4.2,3.3
underpass_coordinates:117,낙원지하차도,underpass_coordinates.csv,,,127.101952,37.390942,waterlevel,2,1018653,성남시(둔전교),기후에너지환경부,4.34,True,N,8.1,6.9,6.1
underpass_coordinates:117,낙원지하차도,underpass_coordinates.csv,,,127.101952,37.390942,waterlevel,3,1018655,서울시(대곡교),기후에너지환경부,8.86,False,Y,8.5,7.1,5.8
underpass_coordinates:117,낙원지하차도,underpass_coordinates.csv,,,127.101952,37.390942,rainfall,1,10184130,성남시(대장동),기후에너지환경부,4.47,True,,,,
underpass_coordinates:117,낙원지하차도,underpass_coordinates.csv,,,127.101952,37.390942,rainfall,2,10184040,성남시(한국학중앙연구원),기후에너지환경부,4.52,True,,,,
underpass_coordinates:117,낙원지하차도,underpass_coordinates.csv,,,127.101952,37.390942,rainfall,3,10184230,성남시(구미초교),기후에너지환경부,6.07,False,,,,
underpass_coordinates:119,도촌지하차도,underpass_coordinates.csv,,,127.148436,37.417729,waterlevel,1,1018653,성남시(둔전교),기후에너지환경부,2.99,True,N,8.1,6.9,6.1
underpass_coordinates:119,도촌지하차도,underpass_coordinates.csv,,,127.148436,37.417729,waterlevel,2,1018655,서울시(대곡교),기후에너지환경부,6.13,False,Y,8.5,7.1,5.8
underpass_coordinates:119,도촌지하차도,underpass_coordinates.csv,,,127.148436,37.417729,waterlevel,3,1018650,성남시(궁내교),기후에너지환경부,6.38,False,N,5.1,4.2,3.3
underpass_coordinates:119,도촌지하차도,underpass_coordinates.csv,,,127.148436,37.417729,rainfall,1,10184180,성남시(성남북초교),기후에너지환경부,3.75,True,,,,
underpass_coordinates:119,도촌지하차도,underpass_coordinates.csv,,,127.148436,37.417729,rainfall,2,10184100,서울시(대곡교),기후에너지환경부,6.13,False,,,,
underpass_coordinates:119,도촌지하차도,underpass_coordinates.csv,,,127.148436,37.417729,rainfall,3,10164020,광주시(남한산초교),기후에너지환경부,7.49,False,,,,
underpass_coordinates:120,돌마지하차도,underpass_coordinates.csv,,,127.133187,37.377377,waterlevel,1,1018650,성남시(궁내교),기후에너지환경부,2.34,True,N,5.1,4.2,3.3
underpass_coordinates:120,돌마지하차도,underpass_coordinates.csv,,,127.133187,37.377377,waterlevel,2,1018653,성남시(둔전교),기후에너지환경부,5.81,False,N,8.1,6.9,6.1
underpass_coordinates:120,돌마지하차도,underpass_coordinates.csv,,,127.133187,37.377377,waterlevel,3,1016606,광주시(동림3교),기후에너지환경부,7.0,False,N,5.5,4.8,4.1
underpass_coordinates:120,돌마지하차도,underpass_coordinates.csv,,,127.133187,37.377377,rainfall,1,10184230,성남시(구미초교),기후에너지환경부,4.61,True,,,,
underpass_coordinates:120,돌마지하차도,underpass_coordinates.csv,,,127.133187,37.377377,rainfall,2,10184130,성남시(대장동),기후에너지환경부,5.93,False,,,,
underpass_coordinates:120,돌마지하차도,underpass_coordinates.csv,,,127.133187,37.377377,rainfall,3,10184040,성남시(한국학중앙연구원),기후에너지환경부,7.48,False,,,,
underpass_coordinates:124,백현우회지하차도,underpass_coordinates.csv,,,127.113025,37.383895,waterlevel,1,1018650,성남시(궁내교),기후에너지환경부,1.6,True,N,5.1,4.2,3.3
underpass_coordinates:124,백현우회지하차도,underpass_coordinates.csv,,,127.113025,37.383895,waterlevel,2,1018653,성남시(둔전교),기후에너지환경부,4.92,True,N,8.1,6.9,6.1
underpass_coordinates:124,백현우회지하차도,underpass_coordinates.csv,,,127.113025,37.383895,waterlevel,3,1016606,광주시(동림3교),기후에너지환경부,8.89,False,N,5.5,4.8,4.1
underpass_coordinates:124,백현우회지하차도,underpass_coordinates.csv,,,127.113025,37.383895,rainfall,1,10184130,성남시(대장동),기후에너지환경부,4.66,True,,,,
underpass_coordinates:124,백현우회지하차도,underpass_coordinates.csv,,,127.113025,37.383895,rainfall,2,10184230,성남시(구미초교),기후에너지환경부,5.15,False,,,,
underpass_coordinates:124,백현우회지하차도,underpass_coordinates.csv,,,127.113025,37.383895,rainfall,3,10184040,성남시(한국학중앙연구원),기후에너지환경부,5.58,False,,,,
underpass_coordinates:127,수내지하차도,underpass_coordinates.csv,,,127.123141,37.370155,waterlevel,1,1018650,성남시(궁내교),기후에너지환경부,1.31,True,N,5.1,4.2,3.3
underpass_coordinates:127,수내지하차도,underpass_coordinates.csv,,,127.123141,37.370155,waterlevel,2,1018653,성남시(둔전교),기후에너지환경부,6.46,False,N,8.1,6.9,6.1
underpass_coordinates:127,수내지하차도,underpass_coordinates.csv,,,127.123141,37.370155,waterlevel,3,1016606,광주시(동림3교),기후에너지환경부,7.37,False,N,5.5,4.8,4.1
underpass_coordinates:127,수내지하차도,underpass_coordinates.csv,,,127.123141,37.370155,rainfall,1,10184230,성남시(구미초교),기후에너지환경부,3.63,True,,,,
underpass_coordinates:127,수내지하차도,underpass_coordinates.csv,,,127.123141,37.370155,rainfall,2,10184130,성남시(대장동),기후에너지환경부,4.85,True,,,,
underpass_coordinates:127,수내지하차도,underpass_coordinates.csv,,,127.123141,37.370155,rainfall,3,10184040,성남시(한국학중앙연구원),기후에너지환경부,6.87,False,,,,
underpass_coordinates:129,여수지하차도,underpass_coordinates.csv,,,127.130217,37.421978,waterlevel,1,1018653,성남시(둔전교),기후에너지환경부,1.33,True,N,8.1,6.9,6.1
underpass_coordinates:129,여수지하차도,underpass_coordinates.csv,,,127.130217,37.421978,waterlevel,2,1018655,서울시(대곡교),기후에너지환경부,5.26,False,Y,8.5,7.1,5.8
underpass_coordinates:129,여수지하차도,underpass_coordinates.csv,,,127.130217,37.421978,waterlevel,3,1018650,성남시(궁내교),기후에너지환경부,6.09,False,N,5.1,4.2,3.3
underpass_coordinates:129,여수지하차도,underpass_coordinates.csv,,,127.130217,37.421978,rainfall,1,10184180,성남시(성남북초교),기후에너지환경부,3.75,True,,,,
underpass_coordinates:129,여수지하차도,underpass_coordinates.csv,,,127.130217,37.421978,rainfall,2,10184100,서울시(대곡교),기후에너지환경부,5.26,False,,,,
underpass_coordinates:129,여수지하차도,underpass_coordinates.csv,,,127.130217,37.421978,rainfall,3,10184040,성남시(한국학중앙연구원),기후에너지환경부,7.73,False,,,,
underpass_coordinates:130,여수지하차도(상행),underpass_coordinates.csv,,,127.130217,37.421978,waterlevel,1,1018653,성남시(둔전교),기후에너지환경부,1.33,True,N,8.1,6.9,6.1
underpass_coordinates:130,여수지하차도(상행),underpass_coordinates.csv,,,127.130217,37.421978,waterlevel,2,1018655,서울시(대곡교),기후에너지환경부,5.26,False,Y,8.5,7.1,5.8
underpass_coordinates:130,여수지하차도(상행),underpass_coordinates.csv,,,127.130217,37.421978,waterlevel,3,1018650,성남시(궁내교),기후에너지환경부,6.09,False,N,5.1,4.2,3.3
underpass_coordinates:130,여수지하차도(상행),underpass_coordinates.csv,,,127.130217,37.421978,rainfall,1,10184180,성남시(성남북초교),기후에너지환경부,3.75,True,,,,
underpass_coordinates:130,여수지하차도(상행),underpass_coordinates.csv,,,127.130217,37.421978,rainfall,2,10184100,서울시(대곡교),기후에너지환경부,5.26,False,,,,
underpass_coordinates:130,여수지하차도(상행),underpass_coordinates.csv,,,127.130217,37.421978,rainfall,3,10184040,성남시(한국학중앙연구원),기후에너지환경부,7.73,False,,,,
underpass_coordinates:131,여수지하차도(하행),underpass_coordinates.csv,,,127.130217,37.421978,waterlevel,1,1018653,성남시(둔전교),기후에너지환경부,1.33,True,N,8.1,6.9,6.1
underpass_coordinates:131,여수지하차도(하행),underpass_coordinates.csv,,,127.130217,37.421978,waterlevel,2,1018655,서울시(대곡교),기후에너지환경부,5.26,False,Y,8.5,7.1,5.8
underpass_coordinates:131,여수지하차도(하행),underpass_coordinates.csv,,,127.130217,37.421978,waterlevel,3,1018650,성남시(궁내교),기후에너지환경부,6.09,False,N,5.1,4.2,3.3
underpass_coordinates:131,여수지하차도(하행),underpass_coordinates.csv,,,127.130217,37.421978,rainfall,1,10184180,성남시(성남북초교),기후에너지환경부,3.75,True,,,,
underpass_coordinates:131,여수지하차도(하행),underpass_coordinates.csv,,,127.130217,37.421978,rainfall,2,10184100,서울시(대곡교),기후에너지환경부,5.26,False,,,,
underpass_coordinates:131,여수지하차도(하행),underpass_coordinates.csv,,,127.130217,37.421978,rainfall,3,10184040,성남시(한국학중앙연구원),기후에너지환경부,7.73,False,,,,
underpass_coordinates:132,이매지하차도,underpass_coordinates.csv,,,127.126863,37.386187,waterlevel,1,1018650,성남시(궁내교),기후에너지환경부,2.43,True,N,5.1,4.2,3.3
underpass_coordinates:132,이매지하차도,underpass_coordinates.csv,,,127.126863,37.386187,waterlevel,2,1018653,성남시(둔전교),기후에너지환경부,4.73,True,N,8.1,6.9,6.1
underpass_coordinates:132,이매지하차도,underpass_coordinates.csv,,,127.126863,37.386187,waterlevel,3,1016606,광주시(동림3교),기후에너지환경부,8.03,False,N,5.5,4.8,4.1
underpass_coordinates:132,이매지하차도,underpass_coordinates.csv,,,127.126863,37.386187,rainfall,1,10184230,성남시(구미초교),기후에너지환경부,5.44,False,,,,
underpass_coordinates:132,이매지하차도,underpass_coordinates.csv,,,127.126863,37.386187,rainfall,2,10184130,성남시(대장동),기후에너지환경부,5.83,False,,,,
underpass_coordinates:132,이매지하차도,underpass_coordinates.csv,,,127.126863,37.386187,rainfall,3,10184040,성남시(한국학중앙연구원),기후에너지환경부,6.76,False,,,,
underpass_coordinates:136,하탑지하차도,underpass_coordinates.csv,,,127.128666,37.405409,waterlevel,1,1018653,성남시(둔전교),기후에너지환경부,2.71,True,N,8.1,6.9,6.1
underpass_coordinates:136,하탑지하차도,underpass_coordinates.csv,,,127.128666,37.405409,waterlevel,2,1018650,성남시(궁내교),기후에너지환경부,4.33,True,N,5.1,4.2,3.3
underpass_coordinates:136,하탑지하차도,underpass_coordinates.csv,,,127.128666,37.405409,waterlevel,3,1018655,서울시(대곡교),기후에너지환경부,7.08,False,Y,8.5,7.1,5.8
underpass_coordinates:136,하탑지하차도,underpass_coordinates.csv,,,127.128666,37.405409,rainfall,1,10184180,성남시(성남북초교),기후에너지환경부,5.48,False,,,,
underpass_coordinates:136,하탑지하차도,underpass_coordinates.csv,,,127.128666,37.405409,rainfall,2,10184040,성남시(한국학중앙연구원),기후에너지환경부,7.02,False,,,,
underpass_coordinates:136,하탑지하차도,underpass_coordinates.csv,,,127.128666,37.405409,rainfall,3,10184100,서울시(대곡교),기후에너지환경부,7.08,False,,,,
underpass_coordinates:141,매여울지하차도,underpass_coordinates.csv,,,127.047785,37.258254,waterlevel,1,1101604,수원시(백년교),기후에너지환경부,0.95,True,N,6.4,5.5,4.7
underpass_coordinates:141,매여울지하차도,underpass_coordinates.csv,,,127.047785,37.258254,waterlevel,2,1101601,수원시(매세교),기후에너지환경부,3.03,True,N,4.7,4.1,3.5
underpass_coordinates:141,매여울지하차도,underpass_coordinates.csv,,,127.047785,37.258254,waterlevel,3,1101605,화성시(화산교),기후에너지환경부,5.12,False,N,8.3,6.6,5.3
underpass_coordinates:141,매여울지하차도,underpass_coordinates.csv,,,127.047785,37.258254,rainfall,1,11014090,용인시(신갈저수지),기후에너지환경부,5.42,False,,,,
underpass_coordinates:141,매여울지하차도,underpass_coordinates.csv,,,127.047785,37.258254,rainfall,2,11014060,화성시(수원대학교),기후에너지환경부,8.39,False,,,,
underpass_coordinates:141,매여울지하차도,underpass_coordinates.csv,,,127.047785,37.258254,rainfall,3,10184230,성남시(구미초교),기후에너지환경부,10.79,False,,,,
underpass_coordinates:142,밤밭지하차도,underpass_coordinates.csv,,,126.972695,37.300545,waterlevel,1,1101601,수원시(매세교),기후에너지환경부,5.26,False,N,4.7,4.1,3.5
underpass_coordinates:142,밤밭지하차도,underpass_coordinates.csv,,,126.972695,37.300545,waterlevel,2,1101604,수원시(백년교),기후에너지환경부,8.29,False,N,6.4,5.5,4.7
underpass_coordinates:142,밤밭지하차도,underpass_coordinates.csv,,,126.972695,37.300545,waterlevel,3,1101605,화성시(화산교),기후에너지환경부,10.12,False,N,8.3,6.6,5.3
underpass_coordinates:142,밤밭지하차도,underpass_coordinates.csv,,,126.972695,37.300545,rainfall,1,10184030,남면,기후에너지환경부,5.52,False,,,,
underpass_coordinates:142,밤밭지하차도,underpass_coordinates.csv,,,126.972695,37.300545,rainfall,2,10184170,군포시(군포1동주민센터),기후에너지환경부,6.4,False,,,,
underpass_coordinates:142,밤밭지하차도,underpass_coordinates.csv,,,126.972695,37.300545,rainfall,3,12024010,안산시(안산호동초교),기후에너지환경부,9.62,False,,,,
underpass_coordinates:143,서둔지하차도,underpass_coordinates.csv,,,126.994071,37.270204,waterlevel,1,1101601,수원시(매세교),기후에너지환경부,1.94,True,N,4.7,4.1,3.5
underpass_coordinates:143,서둔지하차도,underpass_coordinates.csv,,,126.994071,37.270204,waterlevel,2,1101604,수원시(백년교),기후에너지환경부,4.8,True,N,6.4,5.5,4.7
underpass_coordinates:143,서둔지하차도,underpass_coordinates.csv,,,126.994071,37.270204,waterlevel,3,1101605,화성시(화산교),기후에너지환경부,6.27,False,N,8.3,6.6,5.3
underpass_coordinates:143,서둔지하차도,underpass_coordinates.csv,,,126.994071,37.270204,rainfall,1,11014060,화성시(수원대학교),기후에너지환경부,6.9,False,,,,
underpass_coordinates:143,서둔지하차도,underpass_coordinates.csv,,,126.994071,37.270204,rainfall,2,10184030,남면,기후에너지환경부,9.39,False,,,,
underpass_coordinates:143,서둔지하차도,underpass_coordinates.csv,,,126.994071,37.270204,rainfall,3,11014090,용인시(신갈저수지),기후에너지환경부,10.1,False,,,,
underpass_coordinates:144,성대역지하차도,underpass_coordinates.csv,,,126.972432,37.299639,waterlevel,1,1101601,수원시(매세교),기후에너지환경부,5.2,False,N,4.7,4.1,3.5
underpass_coordinates:144,성대역지하차도,underpass_coordinates.csv,,,126.972432,37.299639,waterlevel,2,1101604,수원시(백년교),기후에너지환경부,8.24,False,N,6.4,5.5,4.7
underpass_coordinates:144,성대역지하차도,underpass_coordinates.csv,,,126.972432,37.299639,waterlevel,3,1101605,화성시(화산교),기후에너지환경부,10.04,False,N,8.3,6.6,5.3
underpass_coordinates:144,성대역지하차도,underpass_coordinates.csv,,,126.972432,37.299639,rainfall,1,10184030,남면,기후에너지환경부,5.6,False,,,,
underpass_coordinates:144,성대역지하차도,underpass_coordinates.csv,,,126.972432,37.299639,rainfall,2,10184170,군포시(군포1동주민센터),기후에너지환경부,6.48,False,,,,
underpass_coordinates:144,성대역지하차도,underpass_coordinates.csv,,,126.972432,37.299639,rainfall,3,12024010,안산시(안산호동초교),기후에너지환경부,9.61,False,,,,
underpass_coordinates:145,세평지하차도,underpass_coordinates.csv,,,127.002964,37.261927,waterlevel,1,1101601,수원시(매세교),기후에너지환경부,1.33,True,N,4.7,4.1,3.5
underpass_coordinates:145,세평지하차도,underpass_coordinates.csv,,,127.002964,37.261927,waterlevel,2,1101604,수원시(백년교),기후에너지환경부,3.71,True,N,6.4,5.5,4.7
underpass_coordinates:145,세평지하차도,underpass_coordinates.csv,,,127.002964,37.261927,waterlevel,3,1101605,화성시(화산교),기후에너지환경부,5.14,False,N,8.3,6.6,5.3
underpass_coordinates:145,세평지하차도,underpass_coordinates.csv,,,127.002964,37.261927,rainfall,1,11014060,화성시(수원대학교),기후에너지환경부,6.28,False,,,,
underpass_coordinates:145,세평지하차도,underpass_coordinates.csv,,,127.002964,37.261927,rainfall,2,11014090,용인시(신갈저수지),기후에너지환경부,8.98,False,,,,
underpass_coordinates:145,세평지하차도,underpass_coordinates.csv,,,127.002964,37.261927,rainfall,3,10184030,남면,기후에너지환경부,10.57,False,,,,
underpass_coordinates:149,원천(원천교차로)지하차도,underpass_coordinates.csv,,,127.06214,37.270725,waterlevel,1,1101604,수원시(백년교),기후에너지환경부,2.81,True,N,6.4,5.5,4.7
underpass_coordinates:149,원천(원천교차로)지하차도,underpass_coordinates.csv,,,127.06214,37.270725,waterlevel,2,1101601,수원시(매세교),기후에너지환경부,4.11,True,N,4.7,4.1,3.5
underpass_coordinates:149,원천(원천교차로)지하차도,underpass_coordinates.csv,,,127.06214,37.270725,waterlevel,3,1101605,화성시(화산교),기후에너지환경부,6.96,False,N,8.3,6.6,5.3
underpass_coordinates:149,원천(원천교차로)지하차도,underpass_coordinates.csv,,,127.06214,37.270725,rainfall,1,11014090,용인시(신갈저수지),기후에너지환경부,5.7,False,,,,
underpass_coordinates:149,원천(원천교차로)지하차도,underpass_coordinates.csv,,,127.06214,37.270725,rainfall,2,10184230,성남시(구미초교),기후에너지환경부,8.93,False,,,,
underpass_coordinates:149,원천(원천교차로)지하차도,underpass_coordinates.csv,,,127.06214,37.270725,rainfall,3,10184130,성남시(대장동),기후에너지환경부,9.95,False,,,,
underpass_coordinates:150,일월지하차도,underpass_coordinates.csv,,,126.969182,37.28044,waterlevel,1,1101601,수원시(매세교),기후에너지환경부,4.35,True,N,4.7,4.1,3.5
underpass_coordinates:150,일월지하차도,underpass_coordinates.csv,,,126.969182,37.28044,waterlevel,2,1101604,수원시(백년교),기후에너지환경부,7.28,False,N,6.4,5.5,4.7
underpass_coordinates:150,일월지하차도,underpass_coordinates.csv,,,126.969182,37.28044,waterlevel,3,1101605,화성시(화산교),기후에너지환경부,8.31,False,N,8.3,6.6,5.3
underpass_coordinates:150,일월지하차도,underpass_coordinates.csv,,,126.969182,37.28044,rainfall,1,10184030,남면,기후에너지환경부,7.48,False,,,,
underpass_coordinates:150,일월지하차도,underpass_coordinates.csv,,,126.969182,37.28044,rainfall,2,11014060,화성시(수원대학교),기후에너지환경부,7.85,False,,,,
underpass_coordinates:150,일월지하차도,underpass_coordinates.csv,,,126.969182,37.28044,rainfall,3,10184170,군포시(군포1동주민센터),기후에너지환경부,8.43,False,,,,
underpass_coordinates:151,장안지하차도,underpass_coordinates.csv,,,127.009137,37.301573,waterlevel,1,1101601,수원시(매세교),기후에너지환경부,3.77,True,N,4.7,4.1,3.5
underpass_coordinates:151,장안지하차도,underpass_coordinates.csv,,,127.009137,37.301573,waterlevel,2,1101604,수원시(백년교),기후에너지환경부,6.37,False,N,6.4,5.5,4.7
underpass_coordinates:151,장안지하차도,underpass_coordinates.csv,,,127.009137,37.301573,waterlevel,3,1101605,화성시(화산교),기후에너지환경부,9.37,False,N,8.3,6.6,5.3
underpass_coordinates:151,장안지하차도,underpass_coordinates.csv,,,127.009137,37.301573,rainfall,1,10184030,남면,기후에너지환경부,7.49,False,,,,
underpass_coordinates:151,장안지하차도,underpass_coordinates.csv,,,127.009137,37.301573,rainfall,2,10184170,군포시(군포1동주민센터),기후에너지환경부,8.09,False,,,,
underpass_coordinates:151,장안지하차도,underpass_coordinates.csv,,,127.009137,37.301573,rainfall,3,10184130,성남시(대장동),기후에너지환경부,8.42,False,,,,
underpass_coordinates:152,정천지하차도,underpass_coordinates.csv,,,126.984576,37.290861,waterlevel,1,1101601,수원시(매세교),기후에너지환경부,3.75,True,N,4.7,4.1,3.5
underpass_coordinates:152,정천지하차도,underpass_coordinates.csv,,,126.984576,37.290861,waterlevel,2,1101604,수원시(백년교),기후에너지환경부,6.79,False,N,6.4,5.5,4.7
underpass_coordinates:152,정천지하차도,underpass_coordinates.csv,,,126.984576,37.290861,waterlevel,3,1101605,화성시(화산교),기후에너지환경부,8.72,False,N,8.3,6.6,5.3
underpass_coordinates:152,정천지하차도,underpass_coordinates.csv,,,126.984576,37.290861,rainfall,1,10184030,남면,기후에너지환경부,6.97,False,,,,
underpass_coordinates:152,정천지하차도,underpass_coordinates.csv,,,126.984576,37.290861,rainfall,2,10184170,군포시(군포1동주민센터),기후에너지환경부,7.81,False,,,,
underpass_coordinates:152,정천지하차도,underpass_coordinates.csv,,,126.984576,37.290861,rainfall,3,11014060,화성시(수원대학교),기후에너지환경부,9.03,False,,,,
underpass_coordinates:153,창룡문 지하차도,underpass_coordinates.csv,,,127.025045,37.289194,waterlevel,1,1101601,수원시(매세교),기후에너지환경부,2.49,True,N,4.7,4.1,3.5
underpass_coordinates:153,창룡문 지하차도,underpass_coordinates.csv,,,127.025045,37.289194,waterlevel,2,1101604,수원시(백년교),기후에너지환경부,4.54,True,N,6.4,5.5,4.7
underpass_coordinates:153,창룡문 지하차도,underpass_coordinates.csv,,,127.025045,37.289194,waterlevel,3,1101605,화성시(화산교),기후에너지환경부,7.95,False,N,8.3,6.6,5.3
underpass_coordinates:153,창룡문 지하차도,underpass_coordinates.csv,,,127.025045,37.289194,rainfall,1,10184130,성남시(대장동),기후에너지환경부,8.81,False,,,,
underpass_coordinates:153,창룡문 지하차도,underpass_coordinates.csv,,,127.025045,37.289194,rainfall,2,11014090,용인시(신갈저수지),기후에너지환경부,9.29,False,,,,
underpass_coordinates:153,창룡문 지하차도,underpass_coordinates.csv,,,127.025045,37.289194,rainfall,3,10184030,남면,기후에너지환경부,9.45,False,,,,
underpass_coordinates:155,호매실지하차도,underpass_coordinates.csv,,,126.957141,37.261541,waterlevel,1,1101601,수원시(매세교),기후에너지환경부,5.24,False,N,4.7,4.1,3.5
underpass_coordinates:155,호매실지하차도,underpass_coordinates.csv,,,126.957141,37.261541,waterlevel,2,1101605,화성시(화산교),기후에너지환경부,7.41,False,N,8.3,6.6,5.3
underpass_coordinates:155,호매실지하차도,underpass_coordinates.csv,,,126.957141,37.261541,waterlevel,3,1101604,수원시(백년교),기후에너지환경부,7.65,False,N,6.4,5.5,4.7
underpass_coordinates:155,호매실지하차도,underpass_coordinates.csv,,,126.957141,37.261541,rainfall,1,11014060,화성시(수원대학교),기후에너지환경부,5.95,False,,,,
underpass_coordinates:155,호매실지하차도,underpass_coordinates.csv,,,126.957141,37.261541,rainfall,2,10184030,남면,기후에너지환경부,9.32,False,,,,
underpass_coordinates:155,호매실지하차도,underpass_coordinates.csv,,,126.957141,37.261541,rainfall,3,12024010,안산시(안산호동초교),기후에너지환경부,9.95,False,,,,
underpass_coordinates:156,화서지하차도,underpass_coordinates.csv,,,126.995007,37.274853,waterlevel,1,1101601,수원시(매세교),기후에너지환경부,1.99,True,N,4.7,4.1,3.5
underpass_coordinates:156,화서지하차도,underpass_coordinates.csv,,,126.995007,37.274853,waterlevel,2,1101604,수원시(백년교),기후에너지환경부,4.98,True,N,6.4,5.5,4.7
underpass_coordinates:156,화서지하차도,underpass_coordinates.csv,,,126.995007,37.274853,waterlevel,3,1101605,화성시(화산교),기후에너지환경부,6.73,False,N,8.3,6.6,5.3
underpass_coordinates:156,화서지하차도,underpass_coordinates.csv,,,126.995007,37.274853,rainfall,1,11014060,화성시(수원대학교),기후에너지환경부,7.43,False,,,,
underpass_coordinates:156,화서지하차도,underpass_coordinates.csv,,,126.995007,37.274853,rainfall,2,10184030,남면,기후에너지환경부,8.98,False,,,,
underpass_coordinates:156,화서지하차도,underpass_coordinates.csv,,,126.995007,37.274853,rainfall,3,10184170,군포시(군포1동주민센터),기후에너지환경부,9.82,False,,,,
underpass_coordinates:159,목감지하차도,underpass_coordinates.csv,,,126.867457,37.396418,waterlevel,1,1018690,안양시(충훈1교),기후에너지환경부,3.28,True,N,5.2,4.1,3.0
underpass_coordinates:159,목감지하차도,underpass_coordinates.csv,,,126.867457,37.396418,waterlevel,2,1202630,반월2,기후에너지환경부,5.39,False,N,,,
underpass_coordinates:159,목감지하차도,underpass_coordinates.csv,,,126.867457,37.396418,waterlevel,3,1018693,광명시(시흥대교),기후에너지환경부,6.61,False,N,8.9,6.5,4.7
underpass_coordinates:159,목감지하차도,underpass_coordinates.csv,,,126.867457,37.396418,rainfall,1,10184090,안양시(충훈1교),기후에너지환경부,3.28,True,,,,
underpass_coordinates:159,목감지하차도,underpass_coordinates.csv,,,126.867457,37.396418,rainfall,2,12024020,안산시(장상동),기후에너지환경부,5.17,False,,,,
underpass_coordinates:159,목감지하차도,underpass_coordinates.csv,,,126.867457,37.396418,rainfall,3,10184170,군포시(군포1동주민센터),기후에너지환경부,8.37,False,,,,
underpass_coordinates:160,배곧지하차도,underpass_coordinates.csv,,,126.721996,37.375322,waterlevel,1,1201660,인천시(연수교),기후에너지환경부,5.15,False,N,6.7,5.2,4.7
underpass_coordinates:160,배곧지하차도,underpass_coordinates.csv,,,126.721996,37.375322,waterlevel,2,1202650,안산시(안산10교),기후에너지환경부,12.6,False,N,6.3,5.4,4.6
underpass_coordinates:160,배곧지하차도,underpass_coordinates.csv,,,126.721996,37.375322,waterlevel,3,1202660,반월1,기후에너지환경부,13.28,False,N,,,
underpass_coordinates:160,배곧지하차도,underpass_coordinates.csv,,,126.721996,37.375322,rainfall,1,10184160,부천시(부안초교),기후에너지환경부,14.08,False,,,,
underpass_coordinates:160,배곧지하차도,underpass_coordinates.csv,,,126.721996,37.375322,rainfall,2,12024020,안산시(장상동),기후에너지환경부,14.29,False,,,,
underpass_coordinates:160,배곧지하차도,underpass_coordinates.csv,,,126.721996,37.375322,rainfall,3,12024010,안산시(안산호동초교),기후에너지환경부,14.43,False,,,,
underpass_coordinates:163,정왕지하차도,underpass_coordinates.csv,,,126.740584,37.365904,waterlevel,1,1201660,인천시(연수교),기후에너지환경부,6.89,False,N,6.7,5.2,4.7
underpass_coordinates:163,정왕지하차도,underpass_coordinates.csv,,,126.740584,37.365904,waterlevel,2,1202650,안산시(안산10교),기후에너지환경부,10.66,False,N,6.3,5.4,4.6
underpass_coordinates:163,정왕지하차도,underpass_coordinates.csv,,,126.740584,37.365904,waterlevel,3,1202660,반월1,기후에너지환경부,11.35,False,N,,,
underpass_coordinates:163,정왕지하차도,underpass_coordinates.csv,,,126.740584,37.365904,rainfall,1,12024010,안산시(안산호동초교),기후에너지환경부,12.49,False,,,,
underpass_coordinates:163,정왕지하차도,underpass_coordinates.csv,,,126.740584,37.365904,rainfall,2,12024020,안산시(장상동),기후에너지환경부,12.5,False,,,,
underpass_coordinates:163,정왕지하차도,underpass_coordinates.csv,,,126.740584,37.365904,rainfall,3,10184160,부천시(부안초교),기후에너지환경부,14.15,False,,,,
underpass_coordinates:164,각골지하차도,underpass_coordinates.csv,,,126.872413,37.288753,waterlevel,1,1202650,안산시(안산10교),기후에너지환경부,3.92,True,N,6.3,5.4,4.6
underpass_coordinates:164,각골지하차도,underpass_coordinates.csv,,,126.872413,37.288753,waterlevel,2,1202660,반월1,기후에너지환경부,4.02,True,N,,,
underpass_coordinates:164,각골지하차도,underpass_coordinates.csv,,,126.872413,37.288753,waterlevel,3,1202630,반월2,기후에너지환경부,6.63,False,N,,,
underpass_coordinates:164,각골지하차도,underpass_coordinates.csv,,,126.872413,37.288753,rainfall,1,12024010,안산시(안산호동초교),기후에너지환경부,2.75,True,,,,
underpass_coordinates:164,각골지하차도,underpass_coordinates.csv,,,126.872413,37.288753,rainfall,2,12024020,안산시(장상동),기후에너지환경부,6.97,False,,,,
underpass_coordinates:164,각골지하차도,underpass_coordinates.csv,,,126.872413,37.288753,rainfall,3,10184030,남면,기후에너지환경부,8.89,False,,,,
underpass_coordinates:166,본오지하차도,underpass_coordinates.csv,,,126.855363,37.281662,waterlevel,1,1202650,안산시(안산10교),기후에너지환경부,3.85,True,N,6.3,5.4,4.6
underpass_coordinates:166,본오지하차도,underpass_coordinates.csv,,,126.855363,37.281662,waterlevel,2,1202660,반월1,기후에너지환경부,4.57,True,N,,,
underpass_coordinates:166,본오지하차도,underpass_coordinates.csv,,,126.855363,37.281662,waterlevel,3,1202630,반월2,기후에너지환경부,7.61,False,N,,,
underpass_coordinates:166,본오지하차도,underpass_coordinates.csv,,,126.855363,37.281662,rainfall,1,12024010,안산시(안산호동초교),기후에너지환경부,3.56,True,,,,
underpass_coordinates:166,본오지하차도,underpass_coordinates.csv,,,126.855363,37.281662,rainfall,2,12024020,안산시(장상동),기후에너지환경부,8.04,False,,,,
underpass_coordinates:166,본오지하차도,underpass_coordinates.csv,,,126.855363,37.281662,rainfall,3,10184030,남면,기후에너지환경부,10.53,False,,,,
underpass_coordinates:167,수인선지하차도,underpass_coordinates.csv,,,126.858697,37.304219,waterlevel,1,1202650,안산시(안산10교),기후에너지환경부,1.85,True,N,6.3,5.4,4.6
underpass_coordinates:167,수인선지하차도,underpass_coordinates.csv,,,126.858697,37.304219,waterlevel,2,1202660,반월1,기후에너지환경부,2.07,True,N,,,
underpass_coordinates:167,수인선지하차도,underpass_coordinates.csv,,,126.858697,37.304219,waterlevel,3,1202630,반월2,기후에너지환경부,5.11,False,N,,,
underpass_coordinates:167,수인선지하차도,underpass_coordinates.csv,,,126.858697,37.304219,rainfall,1,12024010,안산시(안산호동초교),기후에너지환경부,1.1,True,,,,
underpass_coordinates:167,수인선지하차도,underpass_coordinates.csv,,,126.858697,37.304219,rainfall,2,12024020,안산시(장상동),기후에너지환경부,5.57,False,,,,
underpass_coordinates:167,수인선지하차도,underpass_coordinates.csv,,,126.858697,37.304219,rainfall,3,10184030,남면,기후에너지환경부,8.8,False,,,,
underpass_coordinates:169,원곡지하차도,underpass_coordinates.csv,,,126.790746,37.334909,waterlevel,1,1202650,안산시(안산10교),기후에너지환경부,5.1,False,N,6.3,5.4,4.6
underpass_coordinates:169,원곡지하차도,underpass_coordinates.csv,,,126.790746,37.334909,waterlevel,2,1202660,반월1,기후에너지환경부,6.01,False,N,,,
underpass_coordinates:169,원곡지하차도,underpass_coordinates.csv,,,126.790746,37.334909,waterlevel,3,1202630,반월2,기후에너지환경부,7.6,False,N,,,
underpass_coordinates:169,원곡지하차도,underpass_coordinates.csv,,,126.790746,37.334909,rainfall,1,12024010,안산시(안산호동초교),기후에너지환경부,7.01,False,,,,
underpass_coordinates:169,원곡지하차도,underpass_coordinates.csv,,,126.790746,37.334909,rainfall,2,12024020,안산시(장상동),기후에너지환경부,8.17,False,,,,
underpass_coordinates:169,원곡지하차도,underpass_coordinates.csv,,,126.790746,37.334909,rainfall,3,10184090,안양시(충훈1교),기후에너지환경부,12.6,False,,,,
underpass_coordinates:171,초지역지하차도,underpass_coordinates.csv,,,126.80877,37.319982,waterlevel,1,1202650,안산시(안산10교),기후에너지환경부,3.04,True,N,6.3,5.4,4.6
underpass_coordinates:171,초지역지하차도,underpass_coordinates.csv,,,126.80877,37.319982,waterlevel,2,1202660,반월1,기후에너지환경부,4.27,True,N,,,
underpass_coordinates:171,초지역지하차도,underpass_coordinates.csv,,,126.80877,37.319982,waterlevel,3,1202630,반월2,기후에너지환경부,6.65,False,N,,,
underpass_coordinates:171,초지역지하차도,underpass_coordinates.csv,,,126.80877,37.319982,rainfall,1,12024010,안산시(안산호동초교),기후에너지환경부,5.04,False,,,,
underpass_coordinates:171,초지역지하차도,underpass_coordinates.csv,,,126.80877,37.319982,rainfall,2,12024020,안산시(장상동),기후에너지환경부,7.25,False,,,,
underpass_coordinates:171,초지역지하차도,underpass_coordinates.csv,,,126.80877,37.319982,rainfall,3,10184030,남면,기후에너지환경부,12.28,False,,,,
underpass_coordinates:172,호수공원지하차도,underpass_coordinates.csv,,,126.826554,37.296925,waterlevel,1,1202650,안산시(안산10교),기후에너지환경부,2.43,True,N,6.3,5.4,4.6
underpass_coordinates:172,호수공원지하차도,underpass_coordinates.csv,,,126.826554,37.296925,waterlevel,2,1202660,반월1,기후에너지환경부,3.94,True,N,,,
underpass_coordinates:172,호수공원지하차도,underpass_coordinates.csv,,,126.826554,37.296925,waterlevel,3,1202630,반월2,기후에너지환경부,7.14,False,N,,,
underpass_coordinates:172,호수공원지하차도,underpass_coordinates.csv,,,126.826554,37.296925,rainfall,1,12024010,안산시(안산호동초교),기후에너지환경부,3.83,True,,,,
underpass_coordinates:172,호수공원지하차도,underpass_coordinates.csv,,,126.826554,37.296925,rainfall,2,12024020,안산시(장상동),기후에너지환경부,7.7,False,,,,
underpass_coordinates:172,호수공원지하차도,underpass_coordinates.csv,,,126.826554,37.296925,rainfall,3,10184030,남면,기후에너지환경부,11.68,False,,,,
underpass_coordinates:174,범계지하차도,underpass_coordinates.csv,,,126.948118,37.389,waterlevel,1,1018690,안양시(충훈1교),기후에너지환경부,4.35,True,N,5.2,4.1,3.0
underpass_coordinates:174,범계지하차도,underpass_coordinates.csv,,,126.948118,37.389,waterlevel,2,1202630,반월2,기후에너지환경부,7.89,False,N,,,
underpass_coordinates:174,범계지하차도,underpass_coordinates.csv,,,126.948118,37.389,waterlevel,3,1018693,광명시(시흥대교),기후에너지환경부,8.53,False,N,8.9,6.5,4.7
underpass_coordinates:174,범계지하차도,underpass_coordinates.csv,,,126.948118,37.389,rainfall,1,10184210,의왕시(포일동),기후에너지환경부,3.53,True,,,,
underpass_coordinates:174,범계지하차도,underpass_coordinates.csv,,,126.948118,37.389,rainfall,2,10184170,군포시(군포1동주민센터),기후에너지환경부,3.91,True,,,,
underpass_coordinates:174,범계지하차도,underpass_coordinates.csv,,,126.948118,37.389,rainfall,3,10184090,안양시(충훈1교),기후에너지환경부,4.35,True,,,,
underpass_coordinates:175,비산지하차도,underpass_coordinates.csv,,,126.933557,37.398487,waterlevel,1,1018690,안양시(충훈1교),기후에너지환경부,2.78,True,N,5.2,4.1,3.0
underpass_coordinates:175,비산지하차도,underpass_coordinates.csv,,,126.933557,37.398487,waterlevel,2,1018693,광명시(시흥대교),기후에너지환경부,6.95,False,N,8.9,6.5,4.7
underpass_coordinates:175,비산지하차도,underpass_coordinates.csv,,,126.933557,37.398487,waterlevel,3,1202630,반월2,기후에너지환경부,7.61,False,N,,,
underpass_coordinates:175,비산지하차도,underpass_coordinates.csv,,,126.933557,37.398487,rainfall,1,10184090,안양시(충훈1교),기후에너지환경부,2.78,True,,,,
underpass_coordinates:175,비산지하차도,underpass_coordinates.csv,,,126.933557,37.398487,rainfall,2,10184210,의왕시(포일동),기후에너지환경부,4.93,True,,,,
underpass_coordinates:175,비산지하차도,underpass_coordinates.csv,,,126.933557,37.398487,rainfall,3,10184170,군포시(군포1동주민센터),기후에너지환경부,5.07,False,,,,
underpass_coordinates:176,일번가 지하차도,underpass_coordinates.csv,,,126.924862,37.398769,waterlevel,1,1018690,안양시(충훈1교),기후에너지환경부,2.04,True,N,5.2,4.1,3.0
underpass_coordinates:176,일번가 지하차도,underpass_coordinates.csv,,,126.924862,37.398769,waterlevel,2,1018693,광명시(시흥대교),기후에너지환경부,6.56,False,N,8.9,6.5,4.7
underpass_coordinates:176,일번가 지하차도,underpass_coordinates.csv,,,126.924862,37.398769,waterlevel,3,1202630,반월2,기후에너지환경부,7.13,False,N,,,
underpass_coordinates:176,일번가 지하차도,underpass_coordinates.csv,,,126.924862,37.398769,rainfall,1,10184090,안양시(충훈1교),기후에너지환경부,2.04,True,,,,
underpass_coordinates:176,일번가 지하차도,underpass_coordinates.csv,,,126.924862,37.398769,rainfall,2,10184170,군포시(군포1동주민센터),기후에너지환경부,5.31,False,,,,
underpass_coordinates:176,일번가 지하차도,underpass_coordinates.csv,,,126.924862,37.398769,rainfall,3,10184210,의왕시(포일동),기후에너지환경부,5.69,False,,,,
underpass_coordinates:177,호계지하차도,underpass_coordinates.csv,,,126.95798,37.370132,waterlevel,1,1018690,안양시(충훈1교),기후에너지환경부,6.19,False,N,5.2,4.1,3.0
underpass_coordinates:177,호계지하차도,underpass_coordinates.csv,,,126.95798,37.370132,waterlevel,2,1202630,반월2,기후에너지환경부,7.72,False,N,,,
underpass_coordinates:177,호계지하차도,underpass_coordinates.csv,,,126.95798,37.370132,waterlevel,3,1202660,반월1,기후에너지환경부,10.37,False,N,,,
underpass_coordinates:177,호계지하차도,underpass_coordinates.csv,,,126.95798,37.370132,rainfall,1,10184170,군포시(군포1동주민센터),기후에너지환경부,2.11,True,,,,
underpass_coordinates:177,호계지하차도,underpass_coordinates.csv,,,126.95798,37.370132,rainfall,2,10184030,남면,기후에너지환경부,3.08,True,,,,
underpass_coordinates:177,호계지하차도,underpass_coordinates.csv,,,126.95798,37.370132,rainfall,3,10184210,의왕시(포일동),기후에너지환경부,3.38,True,,,,
underpass_coordinates:178,김삿갓지하차도,underpass_coordinates.csv,,,127.091647,37.826552,waterlevel,1,1022651,포천시(가산교),기후에너지환경부,5.73,False,N,5.0,3.9,2.8
underpass_coordinates:178,김삿갓지하차도,underpass_coordinates.csv,,,127.091647,37.826552,waterlevel,2,1018661,양주시(마전3교),기후에너지환경부,6.54,False,N,6.3,5.4,4.5
underpass_coordinates:178,김삿갓지하차도,underpass_coordinates.csv,,,127.091647,37.826552,waterlevel,3,1022668,동두천시(송천교),기후에너지환경부,6.94,False,Y,6.5,5.0,4.0
underpass_coordinates:178,김삿갓지하차도,underpass_coordinates.csv,,,127.091647,37.826552,rainfall,1,10224070,포천시(송우초교),기후에너지환경부,4.58,True,,,,
underpass_coordinates:178,김삿갓지하차도,underpass_coordinates.csv,,,127.091647,37.826552,rainfall,2,10184010,의정부시(중앙초교),기후에너지환경부,9.93,False,,,,
underpass_coordinates:178,김삿갓지하차도,underpass_coordinates.csv,,,127.091647,37.826552,rainfall,3,10184120,포천시(진목리),기후에너지환경부,11.23,False,,,,
underpass_coordinates:179,옥정지하차도,underpass_coordinates.csv,,,127.091612,37.818157,waterlevel,1,1018661,양주시(마전3교),기후에너지환경부,5.8,False,N,6.3,5.4,4.5
underpass_coordinates:179,옥정지하차도,underpass_coordinates.csv,,,127.091612,37.818157,waterlevel,2,1022651,포천시(가산교),기후에너지환경부,5.99,False,N,5.0,3.9,2.8
underpass_coordinates:179,옥정지하차도,underpass_coordinates.csv,,,127.091612,37.818157,waterlevel,3,1022668,동두천시(송천교),기후에너지환경부,7.76,False,Y,6.5,5.0,4.0
underpass_coordinates:179,옥정지하차도,underpass_coordinates.csv,,,127.091612,37.818157,rainfall,1,10224070,포천시(송우초교),기후에너지환경부,4.75,True,,,,
underpass_coordinates:179,옥정지하차도,underpass_coordinates.csv,,,127.091612,37.818157,rainfall,2,10184010,의정부시(중앙초교),기후에너지환경부,9.08,False,,,,
underpass_coordinates:179,옥정지하차도,underpass_coordinates.csv,,,127.091612,37.818157,rainfall,3,10184120,포천시(진목리),기후에너지환경부,10.94,False,,,,
underpass_coordinates:183,세마지하차도,underpass_coordinates.csv,,,127.04672,37.189733,waterlevel,1,1101641,화성시(느티교),기후에너지환경부,3.47,True,N,,,
underpass_coordinates:183,세마지하차도,underpass_coordinates.csv,,,127.04672,37.189733,waterlevel,2,1101605,화성시(화산교),기후에너지환경부,3.9,True,N,8.3,6.6,5.3
underpass_coordinates:183,세마지하차도,underpass_coordinates.csv,,,127.04672,37.189733,waterlevel,3,1101645,오산시(탑동대교),기후에너지환경부,6.29,False,Y,4.2,5.2,4.5
underpass_coordinates:183,세마지하차도,underpass_coordinates.csv,,,127.04672,37.189733,rainfall,1,11014090,용인시(신갈저수지),기후에너지환경부,5.81,False,,,,
underpass_coordinates:183,세마지하차도,underpass_coordinates.csv,,,127.04672,37.189733,rainfall,2,11014060,화성시(수원대학교),기후에너지환경부,6.74,False,,,,
underpass_coordinates:183,세마지하차도,underpass_coordinates.csv,,,127.04672,37.189733,rainfall,3,11014070,평택시(회화리),기후에너지환경부,10.53,False,,,,
underpass_coordinates:184,강남대지하차도,underpass_coordinates.csv,,,127.127463,37.269765,waterlevel,1,1101604,수원시(백년교),기후에너지환경부,7.81,False,N,6.4,5.5,4.7
underpass_coordinates:184,강남대지하차도,underpass_coordinates.csv,,,127.127463,37.269765,waterlevel,2,1101641,화성시(느티교),기후에너지환경부,8.76,False,N,,,
underpass_coordinates:184,강남대지하차도,underpass_coordinates.csv,,,127.127463,37.269765,waterlevel,3,1101601,수원시(매세교),기후에너지환경부,9.88,False,N,4.7,4.1,3.5
underpass_coordinates:184,강남대지하차도,underpass_coordinates.csv,,,127.127463,37.269765,rainfall,1,11014090,용인시(신갈저수지),기후에너지환경부,5.69,False,,,,
underpass_coordinates:184,강남대지하차도,underpass_coordinates.csv,,,127.127463,37.269765,rainfall,2,10164070,용인시(역삼동주민센터),기후에너지환경부,6.67,False,,,,
underpass_coordinates:184,강남대지하차도,underpass_coordinates.csv,,,127.127463,37.269765,rainfall,3,10184230,성남시(구미초교),기후에너지환경부,7.61,False,,,,
underpass_coordinates:185,공세지하차도,underpass_coordinates.csv,,,127.117039,37.239059,waterlevel,1,1101641,화성시(느티교),기후에너지환경부,5.33,False,N,,,
underpass_coordinates:185,공세지하차도,underpass_coordinates.csv,,,127.117039,37.239059,waterlevel,2,1101604,수원시(백년교),기후에너지환경부,6.73,False,N,6.4,5.5,4.7
underpass_coordinates:185,공세지하차도,underpass_coordinates.csv,,,127.117039,37.239059,waterlevel,3,1101605,화성시(화산교),기후에너지환경부,8.89,False,N,8.3,6.6,5.3
underpass_coordinates:185,공세지하차도,underpass_coordinates.csv,,,127.117039,37.239059,rainfall,1,11014090,용인시(신갈저수지),기후에너지환경부,2.5,True,,,,
underpass_coordinates:185,공세지하차도,underpass_coordinates.csv,,,127.117039,37.239059,rainfall,2,10164070,용인시(역삼동주민센터),기후에너지환경부,6.33,False,,,,
underpass_coordinates:185,공세지하차도,underpass_coordinates.csv,,,127.117039,37.239059,rainfall,3,10164030,용인시(포곡초교),기후에너지환경부,10.22,False,,,,
underpass_coordinates:187,동백지하차도(지하차도 #1),underpass_coordinates.csv,,,127.150818,37.285666,waterlevel,1,1016606,광주시(동림3교),기후에너지환경부,7.55,False,N,5.5,4.8,4.1
underpass_coordinates:187,동백지하차도(지하차도 #1),underpass_coordinates.csv,,,127.150818,37.285666,waterlevel,2,1016607,용인시(월촌교),기후에너지환경부,9.41,False,N,6.7,5.0,3.6
underpass_coordinates:187,동백지하차도(지하차도 #1),underpass_coordinates.csv,,,127.150818,37.285666,waterlevel,3,1016601,용인시(마전교),기후에너지환경부,9.69,False,N,5.3,4.7,4.2
underpass_coordinates:187,동백지하차도(지하차도 #1),underpass_coordinates.csv,,,127.150818,37.285666,rainfall,1,10164030,용인시(포곡초교),기후에너지환경부,6.12,False,,,,
underpass_coordinates:187,동백지하차도(지하차도 #1),underpass_coordinates.csv,,,127.150818,37.285666,rainfall,2,10184230,성남시(구미초교),기후에너지환경부,6.49,False,,,,
underpass_coordinates:187,동백지하차도(지하차도 #1),underpass_coordinates.csv,,,127.150818,37.285666,rainfall,3,10164070,용인시(역삼동주민센터),기후에너지환경부,6.59,False,,,,
underpass_coordinates:189,서천지하차도,underpass_coordinates.csv,,,127.070594,37.234325,waterlevel,1,1101604,수원시(백년교),기후에너지환경부,3.09,True,N,6.4,5.5,4.7
underpass_coordinates:189,서천지하차도,underpass_coordinates.csv,,,127.070594,37.234325,waterlevel,2,1101641,화성시(느티교),기후에너지환경부,4.12,True,N,,,
underpass_coordinates:189,서천지하차도,underpass_coordinates.csv,,,127.070594,37.234325,waterlevel,3,1101605,화성시(화산교),기후에너지환경부,4.82,True,N,8.3,6.6,5.3
underpass_coordinates:189,서천지하차도,underpass_coordinates.csv,,,127.070594,37.234325,rainfall,1,11014090,용인시(신갈저수지),기후에너지환경부,2.26,True,,,,
underpass_coordinates:189,서천지하차도,underpass_coordinates.csv,,,127.070594,37.234325,rainfall,2,11014060,화성시(수원대학교),기후에너지환경부,8.89,False,,,,
underpass_coordinates:189,서천지하차도,underpass_coordinates.csv,,,127.070594,37.234325,rainfall,3,10164070,용인시(역삼동주민센터),기후에너지환경부,10.42,False,,,,
underpass_coordinates:190,성복지하차도,underpass_coordinates.csv,,,127.068435,37.315823,waterlevel,1,1018650,성남시(궁내교),기후에너지환경부,6.98,False,N,5.1,4.2,3.3
underpass_coordinates:190,성복지하차도,underpass_coordinates.csv,,,127.068435,37.315823,waterlevel,2,1101601,수원시(매세교),기후에너지환경부,7.06,False,N,4.7,4.1,3.5
underpass_coordinates:190,성복지하차도,underpass_coordinates.csv,,,127.068435,37.315823,waterlevel,3,1101604,수원시(백년교),기후에너지환경부,7.58,False,N,6.4,5.5,4.7
underpass_coordinates:190,성복지하차도,underpass_coordinates.csv,,,127.068435,37.315823,rainfall,1,10184130,성남시(대장동),기후에너지환경부,4.91,True,,,,
underpass_coordinates:190,성복지하차도,underpass_coordinates.csv,,,127.068435,37.315823,rainfall,2,10184230,성남시(구미초교),기후에너지환경부,5.0,True,,,,
underpass_coordinates:190,성복지하차도,underpass_coordinates.csv,,,127.068435,37.315823,rainfall,3,10184040,성남시(한국학중앙연구원),기후에너지환경부,8.7,False,,,,
underpass_coordinates:191,성산지하차도(지하차도#3),underpass_coordinates.csv,,,126.892354,37.549836,waterlevel,1,1018686,서울시(홍남교),기후에너지환경부,4.12,True,N,5.3,4.6,3.9
underpass_coordinates:191,성산지하차도(지하차도#3),underpass_coordinates.csv,,,126.892354,37.549836,waterlevel,2,1018697,서울시(오금교),기후에너지환경부,4.89,True,Y,11.0,9.0,7.0
underpass_coordinates:191,성산지하차도(지하차도#3),underpass_coordinates.csv,,,126.892354,37.549836,waterlevel,3,1018685,구용산,기후에너지환경부,6.28,False,N,,,
underpass_coordinates:191,성산지하차도(지하차도#3),underpass_coordinates.csv,,,126.892354,37.549836,rainfall,1,10184080,서울시(구로구청),기후에너지환경부,6.12,False,,,,
underpass_coordinates:191,성산지하차도(지하차도#3),underpass_coordinates.csv,,,126.892354,37.549836,rainfall,2,10184070,서울,기후에너지환경부,6.8,False,,,,
underpass_coordinates:191,성산지하차도(지하차도#3),underpass_coordinates.csv,,,126.892354,37.549836,rainfall,3,10194030,아라김포TM,한국수자원공사,9.93,False,,,,
underpass_coordinates:192,수성지하차도(지하차도 #2),underpass_coordinates.csv,,,127.151115,37.278426,waterlevel,1,1016606,광주시(동림3교),기후에너지환경부,8.22,False,N,5.5,4.8,4.1
underpass_coordinates:192,수성지하차도(지하차도 #2),underpass_coordinates.csv,,,127.151115,37.278426,waterlevel,2,1016601,용인시(마전교),기후에너지환경부,9.19,False,N,5.3,4.7,4.2
underpass_coordinates:192,수성지하차도(지하차도 #2),underpass_coordinates.csv,,,127.151115,37.278426,waterlevel,3,1016607,용인시(월촌교),기후에너지환경부,9.86,False,N,6.7,5.0,3.6
underpass_coordinates:192,수성지하차도(지하차도 #2),underpass_coordinates.csv,,,127.151115,37.278426,rainfall,1,10164070,용인시(역삼동주민센터),기후에너지환경부,5.9,False,,,,
underpass_coordinates:192,수성지하차도(지하차도 #2),underpass_coordinates.csv,,,127.151115,37.278426,rainfall,2,10164030,용인시(포곡초교),기후에너지환경부,6.08,False,,,,
underpass_coordinates:192,수성지하차도(지하차도 #2),underpass_coordinates.csv,,,127.151115,37.278426,rainfall,3,10184230,성남시(구미초교),기후에너지환경부,7.23,False,,,,
underpass_coordinates:194,은목지하차도(지하차도#4),underpass_coordinates.csv,,,127.152608,37.268704,waterlevel,1,1016601,용인시(마전교),기후에너지환경부,8.52,False,N,5.3,4.7,4.2
underpass_coordinates:194,은목지하차도(지하차도#4),underpass_coordinates.csv,,,127.152608,37.268704,waterlevel,2,1016606,광주시(동림3교),기후에너지환경부,9.1,False,N,5.5,4.8,4.1
underpass_coordinates:194,은목지하차도(지하차도#4),underpass_coordinates.csv,,,127.152608,37.268704,waterlevel,3,1101641,화성시(느티교),기후에너지환경부,9.85,False,N,,,
underpass_coordinates:194,은목지하차도(지하차도#4),underpass_coordinates.csv,,,127.152608,37.268704,rainfall,1,10164070,용인시(역삼동주민센터),기후에너지환경부,4.95,True,,,,
underpass_coordinates:194,은목지하차도(지하차도#4),underpass_coordinates.csv,,,127.152608,37.268704,rainfall,2,10164030,용인시(포곡초교),기후에너지환경부,6.1,False,,,,
underpass_coordinates:194,은목지하차도(지하차도#4),underpass_coordinates.csv,,,127.152608,37.268704,rainfall,3,11014090,용인시(신갈저수지),기후에너지환경부,7.03,False,,,,
underpass_coordinates:195,초당지하차도(지하차도#5),underpass_coordinates.csv,,,127.15928,37.26062,waterlevel,1,1016601,용인시(마전교),기후에너지환경부,7.6,False,N,5.3,4.7,4.2
underpass_coordinates:195,초당지하차도(지하차도#5),underpass_coordinates.csv,,,127.15928,37.26062,waterlevel,2,1101641,화성시(느티교),기후에너지환경부,9.56,False,N,,,
underpass_coordinates:195,초당지하차도(지하차도#5),underpass_coordinates.csv,,,127.15928,37.26062,waterlevel,3,1016606,광주시(동림3교),기후에너지환경부,9.69,False,N,5.5,4.8,4.1
underpass_coordinates:195,초당지하차도(지하차도#5),underpass_coordinates.csv,,,127.15928,37.26062,rainfall,1,10164070,용인시(역삼동주민센터),기후에너지환경부,3.88,True,,,,
underpass_coordinates:195,초당지하차도(지하차도#5),underpass_coordinates.csv,,,127.15928,37.26062,rainfall,2,10164030,용인시(포곡초교),기후에너지환경부,5.81,False,,,,
underpass_coordinates:195,초당지하차도(지하차도#5),underpass_coordinates.csv,,,127.15928,37.26062,rainfall,3,11014090,용인시(신갈저수지),기후에너지환경부,6.94,False,,,,
underpass_coordinates:198,흥덕지하차도,underpass_coordinates.csv,,,127.082255,37.275117,waterlevel,1,1101604,수원시(백년교),기후에너지환경부,4.43,True,N,6.4,5.5,4.7
underpass_coordinates:198,흥덕지하차도,underpass_coordinates.csv,,,127.082255,37.275117,waterlevel,2,1101601,수원시(매세교),기후에너지환경부,5.93,False,N,4.7,4.1,3.5
underpass_coordinates:198,흥덕지하차도,underpass_coordinates.csv,,,127.082255,37.275117,waterlevel,3,1101605,화성시(화산교),기후에너지환경부,8.41,False,N,8.3,6.6,5.3
underpass_coordinates:198,흥덕지하차도,underpass_coordinates.csv,,,127.082255,37.275117,rainfall,1,11014090,용인시(신갈저수지),기후에너지환경부,5.55,False,,,,
underpass_coordinates:198,흥덕지하차도,underpass_coordinates.csv,,,127.082255,37.275117,rainfall,2,10184230,성남시(구미초교),기후에너지환경부,7.64,False,,,,
underpass_coordinates:198,흥덕지하차도,underpass_coordinates.csv,,,127.082255,37.275117,rainfall,3,10184130,성남시(대장동),기후에너지환경부,9.5,False,,,,
underpass_coordinates:199,고천지하차도,underpass_coordinates.csv,,,126.976284,37.344362,waterlevel,1,1202630,반월2,기후에너지환경부,8.96,False,N,,,
underpass_coordinates:199,고천지하차도,underpass_coordinates.csv,,,126.976284,37.344362,waterlevel,2,1101601,수원시(매세교),기후에너지환경부,9.18,False,N,4.7,4.1,3.5
underpass_coordinates:199,고천지하차도,underpass_coordinates.csv,,,126.976284,37.344362,waterlevel,3,1018690,안양시(충훈1교),기후에너지환경부,9.32,False,N,5.2,4.1,3.0
underpass_coordinates:199,고천지하차도,underpass_coordinates.csv,,,126.976284,37.344362,rainfall,1,10184030,남면,기후에너지환경부,2.84,True,,,,
underpass_coordinates:199,고천지하차도,underpass_coordinates.csv,,,126.976284,37.344362,rainfall,2,10184170,군포시(군포1동주민센터),기후에너지환경부,2.92,True,,,,
underpass_coordinates:199,고천지하차도,underpass_coordinates.csv,,,126.976284,37.344362,rainfall,3,10184210,의왕시(포일동),기후에너지환경부,5.06,False,,,,
underpass_coordinates:201,금신 지하차도,underpass_coordinates.csv,,,127.058006,37.74801,waterlevel,1,1018666,의정부시(금신교),기후에너지환경부,0.13,True,N,7.6,6.5,5.4
underpass_coordinates:201,금신 지하차도,underpass_coordinates.csv,,,127.058006,37.74801,waterlevel,2,1018665,의정부시(신곡교),기후에너지환경부,1.47,True,Y,7.0,6.0,5.1
underpass_coordinates:201,금신 지하차도,underpass_coordinates.csv,,,127.058006,37.74801,waterlevel,3,1018661,양주시(마전3교),기후에너지환경부,3.5,True,N,6.3,5.4,4.5
underpass_coordinates:201,금신 지하차도,underpass_coordinates.csv,,,127.058006,37.74801,rainfall,1,10184010,의정부시(중앙초교),기후에너지환경부,1.08,True,,,,
underpass_coordinates:201,금신 지하차도,underpass_coordinates.csv,,,127.058006,37.74801,rainfall,2,10184125,의정부시(도봉차량기지),기후에너지환경부,5.09,False,,,,
underpass_coordinates:201,금신 지하차도,underpass_coordinates.csv,,,127.058006,37.74801,rainfall,3,10184190,서울시(동막골주차장),기후에너지환경부,8.51,False,,,,
underpass_coordinates:204,신곡지하차도,underpass_coordinates.csv,,,127.057909,37.736397,waterlevel,1,1018665,의정부시(신곡교),기후에너지환경부,0.42,True,Y,7.0,6.0,5.1
underpass_coordinates:204,신곡지하차도,underpass_coordinates.csv,,,127.057909,37.736397,waterlevel,2,1018666,의정부시(금신교),기후에너지환경부,1.21,True,N,7.6,6.5,5.4
underpass_coordinates:204,신곡지하차도,underpass_coordinates.csv,,,127.057909,37.736397,waterlevel,3,1018661,양주시(마전3교),기후에너지환경부,4.76,True,N,6.3,5.4,4.5
underpass_coordinates:204,신곡지하차도,underpass_coordinates.csv,,,127.057909,37.736397,rainfall,1,10184010,의정부시(중앙초교),기후에너지환경부,1.37,True,,,,
underpass_coordinates:204,신곡지하차도,underpass_coordinates.csv,,,127.057909,37.736397,rainfall,2,10184125,의정부시(도봉차량기지),기후에너지환경부,3.81,True,,,,
underpass_coordinates:204,신곡지하차도,underpass_coordinates.csv,,,127.057909,37.736397,rainfall,3,10184190,서울시(동막골주차장),기후에너지환경부,7.28,False,,,,
underpass_coordinates:205,용현지하차도(상),underpass_coordinates.csv,,,126.660823,37.454377,waterlevel,1,1201660,인천시(연수교),기후에너지환경부,5.21,False,N,6.7,5.2,4.7
underpass_coordinates:205,용현지하차도(상),underpass_coordinates.csv,,,126.660823,37.454377,waterlevel,2,1019612,인천시(굴포1교),기후에너지환경부,8.16,False,N,7.2,6.1,5.0
underpass_coordinates:205,용현지하차도(상),underpass_coordinates.csv,,,126.660823,37.454377,waterlevel,3,1019640,굴포천(내),한국수자원공사,11.6,False,N,,,
underpass_coordinates:205,용현지하차도(상),underpass_coordinates.csv,,,126.660823,37.454377,rainfall,1,12014010,아라인천TM,한국수자원공사,12.74,False,,,,
underpass_coordinates:205,용현지하차도(상),underpass_coordinates.csv,,,126.660823,37.454377,rainfall,2,10184160,부천시(부안초교),기후에너지환경부,13.61,False,,,,
underpass_coordinates:205,용현지하차도(상),underpass_coordinates.csv,,,126.660823,37.454377,rainfall,3,10194020,귤현보,한국수자원공사,15.84,False,,,,
underpass_coordinates:206,용현지하차도(하),underpass_coordinates.csv,,,126.660823,37.454377,waterlevel,1,1201660,인천시(연수교),기후에너지환경부,5.21,False,N,6.7,5.2,4.7
underpass_coordinates:206,용현지하차도(하),underpass_coordinates.csv,,,126.660823,37.454377,waterlevel,2,1019612,인천시(굴포1교),기후에너지환경부,8.16,False,N,7.2,6.1,5.0
underpass_coordinates:206,용현지하차도(하),underpass_coordinates.csv,,,126.660823,37.454377,waterlevel,3,1019640,굴포천(내),한국수자원공사,11.6,False,N,,,
underpass_coordinates:206,용현지하차도(하),underpass_coordinates.csv,,,126.660823,37.454377,rainfall,1,12014010,아라인천TM,한국수자원공사,12.74,False,,,,
underpass_coordinates:206,용현지하차도(하),underpass_coordinates.csv,,,126.660823,37.454377,rainfall,2,10184160,부천시(부안초교),기후에너지환경부,13.61,False,,,,
underpass_coordinates:206,용현지하차도(하),underpass_coordinates.csv,,,126.660823,37.454377,rainfall,3,10194020,귤현보,한국수자원공사,15.84,False,,,,
underpass_coordinates:207,의정부역지하차도,underpass_coordinates.csv,,,127.045755,37.738485,waterlevel,1,1018665,의정부시(신곡교),기후에너지환경부,0.76,True,Y,7.0,6.0,5.1
underpass_coordinates:207,의정부역지하차도,underpass_coordinates.csv,,,127.045755,37.738485,waterlevel,2,1018666,의정부시(금신교),기후에너지환경부,1.53,True,N,7.6,6.5,5.4
underpass_coordinates:207,의정부역지하차도,underpass_coordinates.csv,,,127.045755,37.738485,waterlevel,3,1018661,양주시(마전3교),기후에너지환경부,4.47,True,N,6.3,5.4,4.5
underpass_coordinates:207,의정부역지하차도,underpass_coordinates.csv,,,127.045755,37.738485,rainfall,1,10184010,의정부시(중앙초교),기후에너지환경부,0.7,True,,,,
underpass_coordinates:207,의정부역지하차도,underpass_coordinates.csv,,,127.045755,37.738485,rainfall,2,10184125,의정부시(도봉차량기지),기후에너지환경부,4.04,True,,,,
underpass_coordinates:207,의정부역지하차도,underpass_coordinates.csv,,,127.045755,37.738485,rainfall,3,10184190,서울시(동막골주차장),기후에너지환경부,7.92,False,,,,
underpass_coordinates:211,동패지하차도,underpass_coordinates.csv,,,126.71847,37.701583,waterlevel,1,1019675,김포시(전류리),기후에너지환경부,4.8,True,N,8.2,6.8,5.5
underpass_coordinates:211,동패지하차도,underpass_coordinates.csv,,,126.71847,37.701583,waterlevel,2,1019680,파주시(교하교),기후에너지환경부,7.54,False,N,7.8,6.5,5.1
underpass_coordinates:211,동패지하차도,underpass_coordinates.csv,,,126.71847,37.701583,waterlevel,3,1019661,김포시(사우교),기후에너지환경부,8.55,False,N,3.2,2.4,1.6
underpass_coordinates:211,동패지하차도,underpass_coordinates.csv,,,126.71847,37.701583,rainfall,1,10194010,김포시(김포시청),기후에너지환경부,9.6,False,,,,
underpass_coordinates:211,동패지하차도,underpass_coordinates.csv,,,126.71847,37.701583,rainfall,2,10194030,아라김포TM,한국수자원공사,13.34,False,,,,
underpass_coordinates:211,동패지하차도,underpass_coordinates.csv,,,126.71847,37.701583,rainfall,3,10234030,파주시(신산초교),기후에너지환경부,14.66,False,,,,
underpass_coordinates:215,와동지하차도,underpass_coordinates.csv,,,126.752793,37.741909,waterlevel,1,1019680,파주시(교하교),기후에너지환경부,2.18,True,N,7.8,6.5,5.1
underpass_coordinates:215,와동지하차도,underpass_coordinates.csv,,,126.752793,37.741909,waterlevel,2,1023677,파주시(주월교),기후에너지환경부,8.74,False,N,7.1,5.9,4.7
underpass_coordinates:215,와동지하차도,underpass_coordinates.csv,,,126.752793,37.741909,waterlevel,3,1023680,파주시(아가메교),기후에너지환경부,9.25,False,N,9.0,7.4,5.7
underpass_coordinates:215,와동지하차도,underpass_coordinates.csv,,,126.752793,37.741909,rainfall,1,10234030,파주시(신산초교),기후에너지환경부,9.72,False,,,,
underpass_coordinates:215,와동지하차도,underpass_coordinates.csv,,,126.752793,37.741909,rainfall,2,10194010,김포시(김포시청),기후에너지환경부,14.46,False,,,,
underpass_coordinates:215,와동지하차도,underpass_coordinates.csv,,,126.752793,37.741909,rainfall,3,10194030,아라김포TM,한국수자원공사,16.3,False,,,,
underpass_coordinates:216,운정지하차도(명칭변경:한빛지하차도),underpass_coordinates.csv,,,126.728241,37.716237,waterlevel,1,1019680,파주시(교하교),기후에너지환경부,5.7,False,N,7.8,6.5,5.1
underpass_coordinates:216,운정지하차도(명칭변경:한빛지하차도),underpass_coordinates.csv,,,126.728241,37.716237,waterlevel,2,1019675,김포시(전류리),기후에너지환경부,6.05,False,N,8.2,6.8,5.5
underpass_coordinates:216,운정지하차도(명칭변경:한빛지하차도),underpass_coordinates.csv,,,126.728241,37.716237,waterlevel,3,1019661,김포시(사우교),기후에너지환경부,10.15,False,N,3.2,2.4,1.6
underpass_coordinates:216,운정지하차도(명칭변경:한빛지하차도),underpass_coordinates.csv,,,126.728241,37.716237,rainfall,1,10194010,김포시(김포시청),기후에너지환경부,11.28,False,,,,
underpass_coordinates:216,운정지하차도(명칭변경:한빛지하차도),underpass_coordinates.csv,,,126.728241,37.716237,rainfall,2,10234030,파주시(신산초교),기후에너지환경부,13.02,False,,,,
underpass_coordinates:216,운정지하차도(명칭변경:한빛지하차도),underpass_coordinates.csv,,,126.728241,37.716237,rainfall,3,10194030,아라김포TM,한국수자원공사,14.35,False,,,,
underpass_coordinates:218,탑골지하차도,underpass_coordinates.csv,,,126.709795,37.699189,waterlevel,1,1019675,김포시(전류리),기후에너지환경부,4.01,True,N,8.2,6.8,5.5
underpass_coordinates:218,탑골지하차도,underpass_coordinates.csv,,,126.709795,37.699189,waterlevel,2,1019680,파주시(교하교),기후에너지환경부,8.17,False,N,7.8,6.5,5.1
underpass_coordinates:218,탑골지하차도,underpass_coordinates.csv,,,126.709795,37.699189,waterlevel,3,1019661,김포시(사우교),기후에너지환경부,8.39,False,N,3.2,2.4,1.6
underpass_coordinates:218,탑골지하차도,underpass_coordinates.csv,,,126.709795,37.699189,rainfall,1,10194010,김포시(김포시청),기후에너지환경부,9.34,False,,,,
underpass_coordinates:218,탑골지하차도,underpass_coordinates.csv,,,126.709795,37.699189,rainfall,2,10194030,아라김포TM,한국수자원공사,13.55,False,,,,
underpass_coordinates:218,탑골지하차도,underpass_coordinates.csv,,,126.709795,37.699189,rainfall,3,10194020,귤현보,한국수자원공사,15.32,False,,,,
underpass_coordinates:219,고덕지하차도,underpass_coordinates.csv,,,127.043712,37.051819,waterlevel,1,1101670,평택시(동연교),기후에너지환경부,4.1,True,Y,10.1,8.5,7.5
underpass_coordinates:219,고덕지하차도,underpass_coordinates.csv,,,127.043712,37.051819,waterlevel,2,1101675,궁안교,기후에너지환경부,4.59,True,N,,,
underpass_coordinates:219,고덕지하차도,underpass_coordinates.csv,,,127.043712,37.051819,waterlevel,3,1101663,평택시(진위1교),기후에너지환경부,4.86,True,Y,7.0,5.8,4.6
underpass_coordinates:219,고덕지하차도,underpass_coordinates.csv,,,127.043712,37.051819,rainfall,1,11014070,평택시(회화리),기후에너지환경부,5.1,False,,,,
underpass_coordinates:219,고덕지하차도,underpass_coordinates.csv,,,127.043712,37.051819,rainfall,2,11014010,평택시(진위면사무소),기후에너지환경부,6.78,False,,,,
underpass_coordinates:219,고덕지하차도,underpass_coordinates.csv,,,127.043712,37.051819,rainfall,3,11014080,평택시(군문교),기후에너지환경부,8.24,False,,,,
underpass_coordinates:221,이충지하차도,underpass_coordinates.csv,,,127.054638,37.052215,waterlevel,1,1101663,평택시(진위1교),기후에너지환경부,4.76,True,Y,7.0,5.8,4.6
underpass_coordinates:221,이충지하차도,underpass_coordinates.csv,,,127.054638,37.052215,waterlevel,2,1101670,평택시(동연교),기후에너지환경부,5.07,False,Y,10.1,8.5,7.5
underpass_coordinates:221,이충지하차도,underpass_coordinates.csv,,,127.054638,37.052215,waterlevel,3,1101675,궁안교,기후에너지환경부,5.19,False,N,,,
underpass_coordinates:221,이충지하차도,underpass_coordinates.csv,,,127.054638,37.052215,rainfall,1,11014070,평택시(회화리),기후에너지환경부,5.39,False,,,,
underpass_coordinates:221,이충지하차도,underpass_coordinates.csv,,,127.054638,37.052215,rainfall,2,11014010,평택시(진위면사무소),기후에너지환경부,6.2,False,,,,
underpass_coordinates:221,이충지하차도,underpass_coordinates.csv,,,127.054638,37.052215,rainfall,3,11014080,평택시(군문교),기후에너지환경부,7.95,False,,,,
underpass_coordinates:225,신풍지하차도,underpass_coordinates.csv,,,127.214678,37.550768,waterlevel,1,1018610,남양주시(팔당대교),기후에너지환경부,2.21,True,N,15.6,12.7,9.5
underpass_coordinates:225,신풍지하차도,underpass_coordinates.csv,,,127.214678,37.550768,waterlevel,2,1018611,팔당대교,기후에너지환경부,2.46,True,N,,,
underpass_coordinates:225,신풍지하차도,underpass_coordinates.csv,,,127.214678,37.550768,waterlevel,3,1018605,고안(등록문화재),기후에너지환경부,3.27,True,N,,0.0,0.0
underpass_coordinates:225,신풍지하차도,underpass_coordinates.csv,,,127.214678,37.550768,rainfall,1,10184050,고안(등록문화재),기후에너지환경부,3.27,True,,,,
underpass_coordinates:225,신풍지하차도,underpass_coordinates.csv,,,127.214678,37.550768,rainfall,2,10174020,남양주시(팔당댐),기후에너지환경부,6.6,False,,,,
underpass_coordinates:225,신풍지하차도,underpass_coordinates.csv,,,127.214678,37.550768,rainfall,3,10184232,팔당댐,한국수력원자력,6.6,False,,,,
underpass_coordinates:230,남양지하차도,underpass_coordinates.csv,,,126.832214,37.216146,waterlevel,1,1202650,안산시(안산10교),기후에너지환경부,11.0,False,N,6.3,5.4,4.6
underpass_coordinates:230,남양지하차도,underpass_coordinates.csv,,,126.832214,37.216146,waterlevel,2,1202660,반월1,기후에너지환경부,12.06,False,N,,,
underpass_coordinates:230,남양지하차도,underpass_coordinates.csv,,,126.832214,37.216146,waterlevel,3,1202668,화성시(발안천2교),기후에너지환경부,12.19,False,N,6.0,5.1,4.3
underpass_coordinates:230,남양지하차도,underpass_coordinates.csv,,,126.832214,37.216146,rainfall,1,12024010,안산시(안산호동초교),기후에너지환경부,11.13,False,,,,
underpass_coordinates:230,남양지하차도,underpass_coordinates.csv,,,126.832214,37.216146,rainfall,2,11014060,화성시(수원대학교),기후에너지환경부,12.66,False,,,,
underpass_coordinates:230,남양지하차도,underpass_coordinates.csv,,,126.832214,37.216146,rainfall,3,12024020,안산시(장상동),기후에너지환경부,15.61,False,,,,
underpass_coordinates:234,병점지하차도,underpass_coordinates.csv,,,127.034039,37.209043,waterlevel,1,1101605,화성시(화산교),기후에너지환경부,1.56,True,N,8.3,6.6,5.3
underpass_coordinates:234,병점지하차도,underpass_coordinates.csv,,,127.034039,37.209043,waterlevel,2,1101641,화성시(느티교),기후에너지환경부,4.58,True,N,,,
underpass_coordinates:234,병점지하차도,underpass_coordinates.csv,,,127.034039,37.209043,waterlevel,3,1101604,수원시(백년교),기후에너지환경부,4.71,True,N,6.4,5.5,4.7
underpass_coordinates:234,병점지하차도,underpass_coordinates.csv,,,127.034039,37.209043,rainfall,1,11014060,화성시(수원대학교),기후에너지환경부,5.23,False,,,,
underpass_coordinates:234,병점지하차도,underpass_coordinates.csv,,,127.034039,37.209043,rainfall,2,11014090,용인시(신갈저수지),기후에너지환경부,5.63,False,,,,
underpass_coordinates:234,병점지하차도,underpass_coordinates.csv,,,127.034039,37.209043,rainfall,3,11014070,평택시(회화리),기후에너지환경부,12.57,False,,,,
underpass_coordinates:239,숙곡지하차도,underpass_coordinates.csv,,,126.900653,37.253165,waterlevel,1,1202650,안산시(안산10교),기후에너지환경부,8.56,False,N,6.3,5.4,4.6
underpass_coordinates:239,숙곡지하차도,underpass_coordinates.csv,,,126.900653,37.253165,waterlevel,2,1202660,반월1,기후에너지환경부,8.65,False,N,,,
underpass_coordinates:239,숙곡지하차도,underpass_coordinates.csv,,,126.900653,37.253165,waterlevel,3,1101601,수원시(매세교),기후에너지환경부,10.33,False,N,4.7,4.1,3.5
underpass_coordinates:239,숙곡지하차도,underpass_coordinates.csv,,,126.900653,37.253165,rainfall,1,12024010,안산시(안산호동초교),기후에너지환경부,7.34,False,,,,
underpass_coordinates:239,숙곡지하차도,underpass_coordinates.csv,,,126.900653,37.253165,rainfall,2,11014060,화성시(수원대학교),기후에너지환경부,8.15,False,,,,
underpass_coordinates:239,숙곡지하차도,underpass_coordinates.csv,,,126.900653,37.253165,rainfall,3,10184030,남면,기후에너지환경부,10.88,False,,,,
underpass_coordinates:244,장지교차로지하차도,underpass_coordinates.csv,,,127.121026,37.15351,waterlevel,1,1101656,용인시(전궁교),기후에너지환경부,5.5,False,N,6.3,5.5,4.7
underpass_coordinates:244,장지교차로지하차도,underpass_coordinates.csv,,,127.121026,37.15351,waterlevel,2,1101645,오산시(탑동대교),기후에너지환경부,5.99,False,Y,4.2,5.2,4.5
underpass_coordinates:244,장지교차로지하차도,underpass_coordinates.csv,,,127.121026,37.15351,waterlevel,3,1101641,화성시(느티교),기후에너지환경부,6.01,False,N,,,
underpass_coordinates:244,장지교차로지하차도,underpass_coordinates.csv,,,127.121026,37.15351,rainfall,1,11014010,평택시(진위면사무소),기후에너지환경부,6.53,False,,,,
underpass_coordinates:244,장지교차로지하차도,underpass_coordinates.csv,,,127.121026,37.15351,rainfall,2,11014100,용인시(이동면사무소),기후에너지환경부,6.8,False,,,,
underpass_coordinates:244,장지교차로지하차도,underpass_coordinates.csv,,,127.121026,37.15351,rainfall,3,11014090,용인시(신갈저수지),기후에너지환경부,8.42,False,,,,
underpass_coordinates:245,장지지하차도,underpass_coordinates.csv,,,127.127944,37.475567,waterlevel,1,1018655,서울시(대곡교),기후에너지환경부,0.88,True,Y,8.5,7.1,5.8
underpass_coordinates:245,장지지하차도,underpass_coordinates.csv,,,127.127944,37.475567,waterlevel,2,1018658,서울시(대치교),기후에너지환경부,5.36,False,N,13.5,11.1,8.7
underpass_coordinates:245,장지지하차도,underpass_coordinates.csv,,,127.127944,37.475567,waterlevel,3,1018653,성남시(둔전교),기후에너지환경부,5.37,False,N,8.1,6.9,6.1
underpass_coordinates:245,장지지하차도,underpass_coordinates.csv,,,127.127944,37.475567,rainfall,1,10184100,서울시(대곡교),기후에너지환경부,0.88,True,,,,
underpass_coordinates:245,장지지하차도,underpass_coordinates.csv,,,127.127944,37.475567,rainfall,2,10184180,성남시(성남북초교),기후에너지환경부,3.38,True,,,,
underpass_coordinates:245,장지지하차도,underpass_coordinates.csv,,,127.127944,37.475567,rainfall,3,10164020,광주시(남한산초교),기후에너지환경부,5.09,False,,,,
underpass_coordinates:250,천천지하차도,underpass_coordinates.csv,,,126.941958,37.243651,waterlevel,1,1101601,수원시(매세교),기후에너지환경부,7.08,False,N,4.7,4.1,3.5
underpass_coordinates:250,천천지하차도,underpass_coordinates.csv,,,126.941958,37.243651,waterlevel,2,1101605,화성시(화산교),기후에너지환경부,7.51,False,N,8.3,6.6,5.3
underpass_coordinates:250,천천지하차도,underpass_coordinates.csv,,,126.941958,37.243651,waterlevel,3,1101604,수원시(백년교),기후에너지환경부,8.94,False,N,6.4,5.5,4.7
underpass_coordinates:250,천천지하차도,underpass_coordinates.csv,,,126.941958,37.243651,rainfall,1,11014060,화성시(수원대학교),기후에너지환경부,4.75,True,,,,
underpass_coordinates:250,천천지하차도,underpass_coordinates.csv,,,126.941958,37.243651,rainfall,2,12024010,안산시(안산호동초교),기후에너지환경부,10.27,False,,,,
underpass_coordinates:250,천천지하차도,underpass_coordinates.csv,,,126.941958,37.243651,rainfall,3,10184030,남면,기후에너지환경부,11.24,False,,,,
underpass_coordinates:258,대청지하차도,underpass_coordinates.csv,,,128.801909,35.193906,waterlevel,1,2022684,김해시(대청천교),기후에너지환경부,1.54,True,N,4.45,3.9,3.4
underpass_coordinates:258,대청지하차도,underpass_coordinates.csv,,,128.801909,35.193906,waterlevel,2,2022685,김해시(정천교),기후에너지환경부,3.16,True,Y,5.77,4.9,4.0
underpass_coordinates:258,대청지하차도,underpass_coordinates.csv,,,128.801909,35.193906,waterlevel,3,2022686,김해시(후포2교),기후에너지환경부,3.28,True,N,5.98,5.2,4.5
underpass_coordinates:258,대청지하차도,underpass_coordinates.csv,,,128.801909,35.193906,rainfall,1,20224030,김해시(전하동),기후에너지환경부,5.6,False,,,,
underpass_coordinates:258,대청지하차도,underpass_coordinates.csv,,,128.801909,35.193906,rainfall,2,25044010,부산시(을숙도),기후에너지환경부,16.25,False,,,,
underpass_coordinates:258,대청지하차도,underpass_coordinates.csv,,,128.801909,35.193906,rainfall,3,20224060,부산시(구포대교),기후에너지환경부,17.45,False,,,,
underpass_coordinates:260,무계지하차도,underpass_coordinates.csv,,,128.815528,35.20197,waterlevel,1,2022684,김해시(대청천교),기후에너지환경부,0.49,True,N,4.45,3.9,3.4
underpass_coordinates:260,무계지하차도,underpass_coordinates.csv,,,128.815528,35.20197,waterlevel,2,2022685,김해시(정천교),기후에너지환경부,1.69,True,Y,5.77,4.9,4.0
underpass_coordinates:260,무계지하차도,underpass_coordinates.csv,,,128.815528,35.20197,waterlevel,3,2022686,김해시(후포2교),기후에너지환경부,1.93,True,N,5.98,5.2,4.5
underpass_coordinates:260,무계지하차도,underpass_coordinates.csv,,,128.815528,35.20197,rainfall,1,20224030,김해시(전하동),기후에너지환경부,4.32,True,,,,
underpass_coordinates:260,무계지하차도,underpass_coordinates.csv,,,128.815528,35.20197,rainfall,2,25044010,부산시(을숙도),기후에너지환경부,15.82,False,,,,
underpass_coordinates:260,무계지하차도,underpass_coordinates.csv,,,128.815528,35.20197,rainfall,3,20224060,부산시(구포대교),기후에너지환경부,16.18,False,,,,
underpass_coordinates:261,불암지하차도,underpass_coordinates.csv,,,128.928942,35.221302,waterlevel,1,2022688,부산시(동서교),기후에너지환경부,2.65,True,N,4.84,4.3,3.9
underpass_coordinates:261,불암지하차도,underpass_coordinates.csv,,,128.928942,35.221302,waterlevel,2,2022690,부산시(강동교),기후에너지환경부,3.9,True,N,7.7,7.4,7.0
underpass_coordinates:261,불암지하차도,underpass_coordinates.csv,,,128.928942,35.221302,waterlevel,3,2022678,부산시(대동낙동강교),기후에너지환경부,4.3,True,N,5.43,5.0,4.6
underpass_coordinates:261,불암지하차도,underpass_coordinates.csv,,,128.928942,35.221302,rainfall,1,20224060,부산시(구포대교),기후에너지환경부,6.2,False,,,,
underpass_coordinates:261,불암지하차도,underpass_coordinates.csv,,,128.928942,35.221302,rainfall,2,20224030,김해시(전하동),기후에너지환경부,6.43,False,,,,
underpass_coordinates:261,불암지하차도,underpass_coordinates.csv,,,128.928942,35.221302,rainfall,3,25044010,부산시(을숙도),기후에너지환경부,12.53,False,,,,
underpass_coordinates:263,남부지하차도,underpass_coordinates.csv,,,129.035102,35.334153,waterlevel,1,2022660,양산시(양산교),기후에너지환경부,2.6,True,Y,6.31,5.1,3.9
underpass_coordinates:263,남부지하차도,underpass_coordinates.csv,,,129.035102,35.334153,waterlevel,2,2022662,양산시(어곡1교),기후에너지환경부,4.46,True,N,6.1,5.2,4.2
underpass_coordinates:263,남부지하차도,underpass_coordinates.csv,,,129.035102,35.334153,waterlevel,3,2022655,양산시(효충교),기후에너지환경부,5.27,False,N,7.04,5.9,4.7
underpass_coordinates:263,남부지하차도,underpass_coordinates.csv,,,129.035102,35.334153,rainfall,1,20224040,양산시(양산교),기후에너지환경부,2.6,True,,,,
underpass_coordinates:263,남부지하차도,underpass_coordinates.csv,,,129.035102,35.334153,rainfall,2,20224010,양산시(상북면사무소),기후에너지환경부,9.73,False,,,,
underpass_coordinates:263,남부지하차도,underpass_coordinates.csv,,,129.035102,35.334153,rainfall,3,20224060,부산시(구포대교),기후에너지환경부,15.0,False,,,,
underpass_coordinates:264,다방지하차도,underpass_coordinates.csv,,,129.034582,35.329685,waterlevel,1,2022660,양산시(양산교),기후에너지환경부,3.1,True,Y,6.31,5.1,3.9
underpass_coordinates:264,다방지하차도,underpass_coordinates.csv,,,129.034582,35.329685,waterlevel,2,2022670,양산시(호포대교),기후에너지환경부,4.94,True,N,8.59,7.2,5.8
underpass_coordinates:264,다방지하차도,underpass_coordinates.csv,,,129.034582,35.329685,waterlevel,3,2022662,양산시(어곡1교),기후에너지환경부,4.95,True,N,6.1,5.2,4.2
underpass_coordinates:264,다방지하차도,underpass_coordinates.csv,,,129.034582,35.329685,rainfall,1,20224040,양산시(양산교),기후에너지환경부,3.1,True,,,,
underpass_coordinates:264,다방지하차도,underpass_coordinates.csv,,,129.034582,35.329685,rainfall,2,20224010,양산시(상북면사무소),기후에너지환경부,10.22,False,,,,
underpass_coordinates:264,다방지하차도,underpass_coordinates.csv,,,129.034582,35.329685,rainfall,3,20224060,부산시(구포대교),기후에너지환경부,14.5,False,,,,
underpass_coordinates:265,범어지하차도,underpass_coordinates.csv,,,129.010032,35.333109,waterlevel,1,2022660,양산시(양산교),기후에너지환경부,3.6,True,Y,6.31,5.1,3.9
underpass_coordinates:265,범어지하차도,underpass_coordinates.csv,,,129.010032,35.333109,waterlevel,2,2022662,양산시(어곡1교),기후에너지환경부,4.82,True,N,6.1,5.2,4.2
underpass_coordinates:265,범어지하차도,underpass_coordinates.csv,,,129.010032,35.333109,waterlevel,3,2022670,양산시(호포대교),기후에너지환경부,4.86,True,N,8.59,7.2,5.8
underpass_coordinates:265,범어지하차도,underpass_coordinates.csv,,,129.010032,35.333109,rainfall,1,20224040,양산시(양산교),기후에너지환경부,3.6,True,,,,
underpass_coordinates:265,범어지하차도,underpass_coordinates.csv,,,129.010032,35.333109,rainfall,2,20224010,양산시(상북면사무소),기후에너지환경부,10.68,False,,,,
underpass_coordinates:265,범어지하차도,underpass_coordinates.csv,,,129.010032,35.333109,rainfall,3,20224020,금천,기타,13.63,False,,,,
underpass_coordinates:266,석산지하차도,underpass_coordinates.csv,,,129.02834,35.315397,waterlevel,1,2022670,양산시(호포대교),기후에너지환경부,3.27,True,N,8.59,7.2,5.8
underpass_coordinates:266,석산지하차도,underpass_coordinates.csv,,,129.02834,35.315397,waterlevel,2,2022640,김해시(월촌리),기후에너지환경부,4.24,True,N,8.28,6.9,5.5
underpass_coordinates:266,석산지하차도,underpass_coordinates.csv,,,129.02834,35.315397,waterlevel,3,2022660,양산시(양산교),기후에너지환경부,4.73,True,Y,6.31,5.1,3.9
underpass_coordinates:266,석산지하차도,underpass_coordinates.csv,,,129.02834,35.315397,rainfall,1,20224040,양산시(양산교),기후에너지환경부,4.73,True,,,,
underpass_coordinates:266,석산지하차도,underpass_coordinates.csv,,,129.02834,35.315397,rainfall,2,20224010,양산시(상북면사무소),기후에너지환경부,11.9,False,,,,
underpass_coordinates:266,석산지하차도,underpass_coordinates.csv,,,129.02834,35.315397,rainfall,3,20224060,부산시(구포대교),기후에너지환경부,12.82,False,,,,
underpass_coordinates:267,양주지하차도,underpass_coordinates.csv,,,129.034059,35.343632,waterlevel,1,2022660,양산시(양산교),기후에너지환경부,1.55,True,Y,6.31,5.1,3.9
underpass_coordinates:267,양주지하차도,underpass_coordinates.csv,,,129.034059,35.343632,waterlevel,2,2022662,양산시(어곡1교),기후에너지환경부,3.41,True,N,6.1,5.2,4.2
underpass_coordinates:267,양주지하차도,underpass_coordinates.csv,,,129.034059,35.343632,waterlevel,3,2022655,양산시(효충교),기후에너지환경부,4.27,True,N,7.04,5.9,4.7
underpass_coordinates:267,양주지하차도,underpass_coordinates.csv,,,129.034059,35.343632,rainfall,1,20224040,양산시(양산교),기후에너지환경부,1.55,True,,,,
underpass_coordinates:267,양주지하차도,underpass_coordinates.csv,,,129.034059,35.343632,rainfall,2,20224010,양산시(상북면사무소),기후에너지환경부,8.75,False,,,,
underpass_coordinates:267,양주지하차도,underpass_coordinates.csv,,,129.034059,35.343632,rainfall,3,20224020,금천,기타,14.62,False,,,,
underpass_coordinates:268,오봉지하차도(양산물금지하차도6호),underpass_coordinates.csv,,,129.000579,35.325721,waterlevel,1,2022640,김해시(월촌리),기후에너지환경부,4.08,True,N,8.28,6.9,5.5
underpass_coordinates:268,오봉지하차도(양산물금지하차도6호),underpass_coordinates.csv,,,129.000579,35.325721,waterlevel,2,2022670,양산시(호포대교),기후에너지환경부,4.15,True,N,8.59,7.2,5.8
underpass_coordinates:268,오봉지하차도(양산물금지하차도6호),underpass_coordinates.csv,,,129.000579,35.325721,waterlevel,3,2022660,양산시(양산교),기후에너지환경부,4.78,True,Y,6.31,5.1,3.9
underpass_coordinates:268,오봉지하차도(양산물금지하차도6호),underpass_coordinates.csv,,,129.000579,35.325721,rainfall,1,20224040,양산시(양산교),기후에너지환경부,4.78,True,,,,
underpass_coordinates:268,오봉지하차도(양산물금지하차도6호),underpass_coordinates.csv,,,129.000579,35.325721,rainfall,2,20224010,양산시(상북면사무소),기후에너지환경부,11.81,False,,,,
underpass_coordinates:268,오봉지하차도(양산물금지하차도6호),underpass_coordinates.csv,,,129.000579,35.325721,rainfall,3,20224060,부산시(구포대교),기후에너지환경부,13.59,False,,,,
underpass_coordinates:269,증산역지하차도,underpass_coordinates.csv,,,129.00965,35.308433,waterlevel,1,2022670,양산시(호포대교),기후에너지환경부,2.12,True,N,8.59,7.2,5.8
underpass_coordinates:269,증산역지하차도,underpass_coordinates.csv,,,129.00965,35.308433,waterlevel,2,2022640,김해시(월촌리),기후에너지환경부,2.54,True,N,8.28,6.9,5.5
underpass_coordinates:269,증산역지하차도,underpass_coordinates.csv,,,129.00965,35.308433,waterlevel,3,2022660,양산시(양산교),기후에너지환경부,5.96,False,Y,6.31,5.1,3.9
underpass_coordinates:269,증산역지하차도,underpass_coordinates.csv,,,129.00965,35.308433,rainfall,1,20224040,양산시(양산교),기후에너지환경부,5.96,False,,,,
underpass_coordinates:269,증산역지하차도,underpass_coordinates.csv,,,129.00965,35.308433,rainfall,2,20224060,부산시(구포대교),기후에너지환경부,11.75,False,,,,
underpass_coordinates:269,증산역지하차도,underpass_coordinates.csv,,,129.00965,35.308433,rainfall,3,20224010,양산시(상북면사무소),기후에너지환경부,13.19,False,,,,
underpass_coordinates:272,명곡지하차도,underpass_coordinates.csv,,,128.65148,35.24183,waterlevel,1,2504660,창원시(창원천제1호교),기후에너지환경부,1.29,True,N,4.22,3.6,2.9
underpass_coordinates:272,명곡지하차도,underpass_coordinates.csv,,,128.65148,35.24183,waterlevel,2,2504665,창원시(퇴촌3호교),기후에너지환경부,3.35,True,N,3.74,3.3,2.8
underpass_coordinates:272,명곡지하차도,underpass_coordinates.csv,,,128.65148,35.24183,waterlevel,3,2504662,창원시(석전3교),기후에너지환경부,7.57,False,N,14.78,12.1,9.5
underpass_coordinates:272,명곡지하차도,underpass_coordinates.csv,,,128.65148,35.24183,rainfall,1,20204020,창원시(수산대교),기후에너지환경부,14.86,False,,,,
underpass_coordinates:272,명곡지하차도,underpass_coordinates.csv,,,128.65148,35.24183,rainfall,2,20204030,창녕군(청암리),기후에너지환경부,17.7,False,,,,
underpass_coordinates:272,명곡지하차도,underpass_coordinates.csv,,,128.65148,35.24183,rainfall,3,20224030,김해시(전하동),기후에너지환경부,19.77,False,,,,
underpass_coordinates:274,성주지하차도,underpass_coordinates.csv,,,128.304073,35.924624,waterlevel,1,2011670,성주군(성산교),기후에너지환경부,1.17,True,N,6.99,5.9,4.8
underpass_coordinates:274,성주지하차도,underpass_coordinates.csv,,,128.304073,35.924624,waterlevel,2,2011672,성주군(학산교),기후에너지환경부,1.84,True,N,5.11,4.5,3.9
underpass_coordinates:274,성주지하차도,underpass_coordinates.csv,,,128.304073,35.924624,waterlevel,3,2011665,성주군(도성교),기후에너지환경부,7.52,False,N,7.31,6.1,4.9
underpass_coordinates:274,성주지하차도,underpass_coordinates.csv,,,128.304073,35.924624,rainfall,1,20114030,성주군(성주대교),기후에너지환경부,9.16,False,,,,
underpass_coordinates:274,성주지하차도,underpass_coordinates.csv,,,128.304073,35.924624,rainfall,2,20134030,성주군(옥화리),기후에너지환경부,10.98,False,,,,
underpass_coordinates:274,성주지하차도,underpass_coordinates.csv,,,128.304073,35.924624,rainfall,3,20114010,칠곡군(호국의다리),기후에너지환경부,11.7,False,,,,
underpass_coordinates:276,용원지하차도,underpass_coordinates.csv,,,128.644118,35.232732,waterlevel,1,2504660,창원시(창원천제1호교),기후에너지환경부,2.39,True,N,4.22,3.6,2.9
underpass_coordinates:276,용원지하차도,underpass_coordinates.csv,,,128.644118,35.232732,waterlevel,2,2504665,창원시(퇴촌3호교),기후에너지환경부,4.13,True,N,3.74,3.3,2.8
underpass_coordinates:276,용원지하차도,underpass_coordinates.csv,,,128.644118,35.232732,waterlevel,3,2504662,창원시(석전3교),기후에너지환경부,6.81,False,N,14.78,12.1,9.5
underpass_coordinates:276,용원지하차도,underpass_coordinates.csv,,,128.644118,35.232732,rainfall,1,20204020,창원시(수산대교),기후에너지환경부,16.05,False,,,,
underpass_coordinates:276,용원지하차도,underpass_coordinates.csv,,,128.644118,35.232732,rainfall,2,20204030,창녕군(청암리),기후에너지환경부,18.53,False,,,,
underpass_coordinates:276,용원지하차도,underpass_coordinates.csv,,,128.644118,35.232732,rainfall,3,20194040,함안군(대사교),기후에너지환경부,19.95,False,,,,
underpass_coordinates:277,토월지하차도,underpass_coordinates.csv,,,128.695673,35.230111,waterlevel,1,2504665,창원시(퇴촌3호교),기후에너지환경부,1.42,True,N,3.74,3.3,2.8
underpass_coordinates:277,토월지하차도,underpass_coordinates.csv,,,128.695673,35.230111,waterlevel,2,2504660,창원시(창원천제1호교),기후에너지환경부,3.33,True,N,4.22,3.6,2.9
underpass_coordinates:277,토월지하차도,underpass_coordinates.csv,,,128.695673,35.230111,waterlevel,3,2020671,김해시(주천교),기후에너지환경부,9.75,False,N,6.97,5.9,4.8
underpass_coordinates:277,토월지하차도,underpass_coordinates.csv,,,128.695673,35.230111,rainfall,1,20204020,창원시(수산대교),기후에너지환경부,15.12,False,,,,
underpass_coordinates:277,토월지하차도,underpass_coordinates.csv,,,128.695673,35.230111,rainfall,2,20224030,김해시(전하동),기후에너지환경부,15.56,False,,,,
underpass_coordinates:277,토월지하차도,underpass_coordinates.csv,,,128.695673,35.230111,rainfall,3,20204030,창녕군(청암리),기후에너지환경부,20.31,False,,,,
underpass_coordinates:281,성주지하차도,underpass_coordinates.csv,,,128.304073,35.924624,waterlevel,1,2011670,성주군(성산교),기후에너지환경부,1.17,True,N,6.99,5.9,4.8
underpass_coordinates:281,성주지하차도,underpass_coordinates.csv,,,128.304073,35.924624,waterlevel,2,2011672,성주군(학산교),기후에너지환경부,1.84,True,N,5.11,4.5,3.9
underpass_coordinates:281,성주지하차도,underpass_coordinates.csv,,,128.304073,35.924624,waterlevel,3,2011665,성주군(도성교),기후에너지환경부,7.52,False,N,7.31,6.1,4.9
underpass_coordinates:281,성주지하차도,underpass_coordinates.csv,,,128.304073,35.924624,rainfall,1,20114030,성주군(성주대교),기후에너지환경부,9.16,False,,,,
underpass_coordinates:281,성주지하차도,underpass_coordinates.csv,,,128.304073,35.924624,rainfall,2,20134030,성주군(옥화리),기후에너지환경부,10.98,False,,,,
underpass_coordinates:281,성주지하차도,underpass_coordinates.csv,,,128.304073,35.924624,rainfall,3,20114010,칠곡군(호국의다리),기후에너지환경부,11.7,False,,,,
underpass_coordinates:282,나무고개지하차도,underpass_coordinates.csv,,,128.598816,36.830144,waterlevel,1,2004629,영주시(서천교),기후에너지환경부,1.34,True,N,5.25,4.8,3.3
underpass_coordinates:282,나무고개지하차도,underpass_coordinates.csv,,,128.598816,36.830144,waterlevel,2,2004624,영주시(장수교),기후에너지환경부,3.33,True,N,6.14,5.4,4.6
underpass_coordinates:282,나무고개지하차도,underpass_coordinates.csv,,,128.598816,36.830144,waterlevel,3,2004615,영주시(안심교),기후에너지환경부,5.0,True,N,6.64,5.8,4.9
underpass_coordinates:282,나무고개지하차도,underpass_coordinates.csv,,,128.598816,36.830144,rainfall,1,20044010,영주시(서천교),기후에너지환경부,1.34,True,,,,
underpass_coordinates:282,나무고개지하차도,underpass_coordinates.csv,,,128.598816,36.830144,rainfall,2,20044040,대구,기타,2.21,True,,,,
underpass_coordinates:282,나무고개지하차도,underpass_coordinates.csv,,,128.598816,36.830144,rainfall,3,20044100,영주시(성내리),기후에너지환경부,8.33,False,,,,
underpass_coordinates:291,효덕지하차도,underpass_coordinates.csv,,,126.896023,35.112024,waterlevel,1,5001670,광주특별시(설월교),기후에너지환경부,3.46,True,N,4.32,3.5,2.8
underpass_coordinates:291,효덕지하차도,underpass_coordinates.csv,,,126.896023,35.112024,waterlevel,2,5001673,광주특별시(천교),기후에너지환경부,4.46,True,N,4.34,3.5,2.6
underpass_coordinates:291,효덕지하차도,underpass_coordinates.csv,,,126.896023,35.112024,waterlevel,3,5001669,광주특별시(우제교),기후에너지환경부,4.74,True,N,4.05,2.7,2.2
underpass_coordinates:291,효덕지하차도,underpass_coordinates.csv,,,126.896023,35.112024,rainfall,1,50014020,광주특별시(대성초교),기후에너지환경부,3.6,True,,,,
underpass_coordinates:291,효덕지하차도,underpass_coordinates.csv,,,126.896023,35.112024,rainfall,2,50034050,광주특별시(양과동),기후에너지환경부,3.95,True,,,,
underpass_coordinates:291,효덕지하차도,underpass_coordinates.csv,,,126.896023,35.112024,rainfall,3,50014040,광주특별시(무등산2중계소),기후에너지환경부,9.19,False,,,,
underpass_coordinates:295,월출지하차도,underpass_coordinates.csv,,,126.881825,35.244614,waterlevel,1,5001640,광주특별시(용산교),기후에너지환경부,0.76,True,Y,6.12,5.6,4.6
underpass_coordinates:295,월출지하차도,underpass_coordinates.csv,,,126.881825,35.244614,waterlevel,2,5001645,광주특별시(첨단대교),기후에너지환경부,3.77,True,N,6.4,5.2,4.0
underpass_coordinates:295,월출지하차도,underpass_coordinates.csv,,,126.881825,35.244614,waterlevel,3,5001625,담양군(삼지교),기후에너지환경부,5.69,False,Y,6.28,5.3,4.3
underpass_coordinates:295,월출지하차도,underpass_coordinates.csv,,,126.881825,35.244614,rainfall,1,50014060,담양군(삼지교),기후에너지환경부,5.69,False,,,,
underpass_coordinates:295,월출지하차도,underpass_coordinates.csv,,,126.881825,35.244614,rainfall,2,50024010,장성,기후에너지환경부,10.51,False,,,,
underpass_coordinates:295,월출지하차도,underpass_coordinates.csv,,,126.881825,35.244614,rainfall,3,50024040,장성군(월평리),기후에너지환경부,10.81,False,,,,
underpass_coordinates:301,매천시장지하차도,underpass_coordinates.csv,,,128.541168,35.90455,waterlevel,1,2012666,대구시(노곡교),기후에너지환경부,2.14,True,N,10.69,8.8,7.0
underpass_coordinates:301,매천시장지하차도,underpass_coordinates.csv,,,128.541168,35.90455,waterlevel,2,2012674,대구시(달서교),기후에너지환경부,2.28,True,N,9.6,8.0,6.4
underpass_coordinates:301,매천시장지하차도,underpass_coordinates.csv,,,128.541168,35.90455,waterlevel,3,2012672,대구시(운암교),기후에너지환경부,3.23,True,N,5.0,4.2,3.4
underpass_coordinates:301,매천시장지하차도,underpass_coordinates.csv,,,128.541168,35.90455,rainfall,1,20124090,대구시(신암동),기후에너지환경부,8.52,False,,,,
underpass_coordinates:301,매천시장지하차도,underpass_coordinates.csv,,,128.541168,35.90455,rainfall,2,20124160,칠곡군(금암리),기후에너지환경부,8.83,False,,,,
underpass_coordinates:301,매천시장지하차도,underpass_coordinates.csv,,,128.541168,35.90455,rainfall,3,20144020,대구시(사문진교),기후에너지환경부,11.91,False,,,,
underpass_coordinates:302,칠곡지하차도,underpass_coordinates.csv,,,128.548449,35.932694,waterlevel,1,2012672,대구시(운암교),기후에너지환경부,0.5,True,N,5.0,4.2,3.4
underpass_coordinates:302,칠곡지하차도,underpass_coordinates.csv,,,128.548449,35.932694,waterlevel,2,2012666,대구시(노곡교),기후에너지환경부,3.72,True,N,10.69,8.8,7.0
underpass_coordinates:302,칠곡지하차도,underpass_coordinates.csv,,,128.548449,35.932694,waterlevel,3,2012665,대구시(동화교),기후에너지환경부,5.01,False,N,5.88,4.9,3.9
underpass_coordinates:302,칠곡지하차도,underpass_coordinates.csv,,,128.548449,35.932694,rainfall,1,20124160,칠곡군(금암리),기후에너지환경부,5.64,False,,,,
underpass_coordinates:302,칠곡지하차도,underpass_coordinates.csv,,,128.548449,35.932694,rainfall,2,20124090,대구시(신암동),기후에너지환경부,8.99,False,,,,
underpass_coordinates:302,칠곡지하차도,underpass_coordinates.csv,,,128.548449,35.932694,rainfall,3,20144020,대구시(사문진교),기후에너지환경부,14.97,False,,,,
underpass_coordinates:303,침산교지하차도,underpass_coordinates.csv,,,128.591611,35.900626,waterlevel,1,2012690,대구시(성북교),기후에너지환경부,0.85,True,Y,5.03,4.0,3.0
underpass_coordinates:303,침산교지하차도,underpass_coordinates.csv,,,128.591611,35.900626,waterlevel,2,2012670,대구시(산격대교),기후에너지환경부,1.15,True,N,7.83,6.7,5.5
underpass_coordinates:303,침산교지하차도,underpass_coordinates.csv,,,128.591611,35.900626,waterlevel,3,2012665,대구시(동화교),기후에너지환경부,1.92,True,N,5.88,4.9,3.9
underpass_coordinates:303,침산교지하차도,underpass_coordinates.csv,,,128.591611,35.900626,rainfall,1,20124090,대구시(신암동),기후에너지환경부,3.98,True,,,,
underpass_coordinates:303,침산교지하차도,underpass_coordinates.csv,,,128.591611,35.900626,rainfall,2,20124160,칠곡군(금암리),기후에너지환경부,9.72,False,,,,
underpass_coordinates:303,침산교지하차도,underpass_coordinates.csv,,,128.591611,35.900626,rainfall,3,20124060,신천,기후에너지환경부,11.74,False,,,,
underpass_coordinates:305,연호지하차도,underpass_coordinates.csv,,,128.670509,35.834005,waterlevel,1,2012653,대구시(안심교),기후에너지환경부,5.01,False,N,5.47,4.5,3.5
underpass_coordinates:305,연호지하차도,underpass_coordinates.csv,,,128.670509,35.834005,waterlevel,2,2012652,대구시(성동교),기후에너지환경부,5.19,False,N,4.93,4.1,3.2
underpass_coordinates:305,연호지하차도,underpass_coordinates.csv,,,128.670509,35.834005,waterlevel,3,2012667,대구시(수성교),기후에너지환경부,6.13,False,N,6.52,5.5,4.6
underpass_coordinates:305,연호지하차도,underpass_coordinates.csv,,,128.670509,35.834005,rainfall,1,20124150,대구시(성동교),기후에너지환경부,5.19,False,,,,
underpass_coordinates:305,연호지하차도,underpass_coordinates.csv,,,128.670509,35.834005,rainfall,2,20124060,신천,기후에너지환경부,6.25,False,,,,
underpass_coordinates:305,연호지하차도,underpass_coordinates.csv,,,128.670509,35.834005,rainfall,3,20124090,대구시(신암동),기후에너지환경부,7.19,False,,,,
underpass_coordinates:308,대동지하차도,underpass_coordinates.csv,,,127.44299,36.329307,waterlevel,1,3009645,대전시(철갑교),기후에너지환경부,0.77,True,N,3.13,2.8,2.3
underpass_coordinates:308,대동지하차도,underpass_coordinates.csv,,,127.44299,36.329307,waterlevel,2,3009640,대전시(인창교),기후에너지환경부,0.99,True,Y,4.6,3.8,3.0
underpass_coordinates:308,대동지하차도,underpass_coordinates.csv,,,127.44299,36.329307,waterlevel,3,3009635,대전시(대별교),기후에너지환경부,4.69,True,N,3.98,3.3,2.5
underpass_coordinates:308,대동지하차도,underpass_coordinates.csv,,,127.44299,36.329307,rainfall,1,30094050,대전시(인창교),기후에너지환경부,0.99,True,,,,
underpass_coordinates:308,대동지하차도,underpass_coordinates.csv,,,127.44299,36.329307,rainfall,2,30094020,대전시(원촌교),기후에너지환경부,6.2,False,,,,
underpass_coordinates:308,대동지하차도,underpass_coordinates.csv,,,127.44299,36.329307,rainfall,3,30094040,대전시(만년교),기후에너지환경부,8.72,False,,,,
underpass_coordinates:309,대전역지하차도,underpass_coordinates.csv,,,127.435115,36.332109,waterlevel,1,3009645,대전시(철갑교),기후에너지환경부,0.42,True,N,3.13,2.8,2.3
underpass_coordinates:309,대전역지하차도,underpass_coordinates.csv,,,127.435115,36.332109,waterlevel,2,3009640,대전시(인창교),기후에너지환경부,0.95,True,Y,4.6,3.8,3.0
underpass_coordinates:309,대전역지하차도,underpass_coordinates.csv,,,127.435115,36.332109,waterlevel,3,3009673,대전시(한밭대교),기후에너지환경부,3.98,True,N,5.49,4.8,3.8
underpass_coordinates:309,대전역지하차도,underpass_coordinates.csv,,,127.435115,36.332109,rainfall,1,30094050,대전시(인창교),기후에너지환경부,0.95,True,,,,
underpass_coordinates:309,대전역지하차도,underpass_coordinates.csv,,,127.435115,36.332109,rainfall,2,30094020,대전시(원촌교),기후에너지환경부,5.61,False,,,,
underpass_coordinates:309,대전역지하차도,underpass_coordinates.csv,,,127.435115,36.332109,rainfall,3,30094040,대전시(만년교),기후에너지환경부,7.95,False,,,,
underpass_coordinates:311,정동지하차도,underpass_coordinates.csv,,,127.432023,36.336533,waterlevel,1,3009645,대전시(철갑교),기후에너지환경부,0.57,True,N,3.13,2.8,2.3
underpass_coordinates:311,정동지하차도,underpass_coordinates.csv,,,127.432023,36.336533,waterlevel,2,3009640,대전시(인창교),기후에너지환경부,1.45,True,Y,4.6,3.8,3.0
underpass_coordinates:311,정동지하차도,underpass_coordinates.csv,,,127.432023,36.336533,waterlevel,3,3009673,대전시(한밭대교),기후에너지환경부,3.45,True,N,5.49,4.8,3.8
underpass_coordinates:311,정동지하차도,underpass_coordinates.csv,,,127.432023,36.336533,rainfall,1,30094050,대전시(인창교),기후에너지환경부,1.45,True,,,,
underpass_coordinates:311,정동지하차도,underpass_coordinates.csv,,,127.432023,36.336533,rainfall,2,30094020,대전시(원촌교),기후에너지환경부,5.05,False,,,,
underpass_coordinates:311,정동지하차도,underpass_coordinates.csv,,,127.432023,36.336533,rainfall,3,30094040,대전시(만년교),기후에너지환경부,7.56,False,,,,
underpass_coordinates:312,판암지하차도,underpass_coordinates.csv,,,127.466581,36.318576,waterlevel,1,3009640,대전시(인창교),기후에너지환경부,2.93,True,Y,4.6,3.8,3.0
underpass_coordinates:312,판암지하차도,underpass_coordinates.csv,,,127.466581,36.318576,waterlevel,2,3009645,대전시(철갑교),기후에너지환경부,3.14,True,N,3.13,2.8,2.3
underpass_coordinates:312,판암지하차도,underpass_coordinates.csv,,,127.466581,36.318576,waterlevel,3,3009635,대전시(대별교),기후에너지환경부,3.16,True,N,3.98,3.3,2.5
underpass_coordinates:312,판암지하차도,underpass_coordinates.csv,,,127.466581,36.318576,rainfall,1,30094050,대전시(인창교),기후에너지환경부,2.93,True,,,,
underpass_coordinates:312,판암지하차도,underpass_coordinates.csv,,,127.466581,36.318576,rainfall,2,30094020,대전시(원촌교),기후에너지환경부,8.36,False,,,,
underpass_coordinates:312,판암지하차도,underpass_coordinates.csv,,,127.466581,36.318576,rainfall,3,30084040,옥천군(대정리),한국수자원공사,9.97,False,,,,
underpass_coordinates:313,현암 지하차도,underpass_coordinates.csv,,,127.428086,36.341826,waterlevel,1,3009645,대전시(철갑교),기후에너지환경부,1.17,True,N,3.13,2.8,2.3
underpass_coordinates:313,현암 지하차도,underpass_coordinates.csv,,,127.428086,36.341826,waterlevel,2,3009640,대전시(인창교),기후에너지환경부,2.1,True,Y,4.6,3.8,3.0
underpass_coordinates:313,현암 지하차도,underpass_coordinates.csv,,,127.428086,36.341826,waterlevel,3,3009673,대전시(한밭대교),기후에너지환경부,2.8,True,N,5.49,4.8,3.8
underpass_coordinates:313,현암 지하차도,underpass_coordinates.csv,,,127.428086,36.341826,rainfall,1,30094050,대전시(인창교),기후에너지환경부,2.1,True,,,,
underpass_coordinates:313,현암 지하차도,underpass_coordinates.csv,,,127.428086,36.341826,rainfall,2,30094020,대전시(원촌교),기후에너지환경부,4.37,True,,,,
underpass_coordinates:313,현암 지하차도,underpass_coordinates.csv,,,127.428086,36.341826,rainfall,3,30094040,대전시(만년교),기후에너지환경부,7.1,False,,,,
underpass_coordinates:315,갈마지하차도,underpass_coordinates.csv,,,127.376421,36.348652,waterlevel,1,3009670,대전시(만년교),기후에너지환경부,2.41,True,Y,5.03,4.5,3.5
underpass_coordinates:315,갈마지하차도,underpass_coordinates.csv,,,127.376421,36.348652,waterlevel,2,3009673,대전시(한밭대교),기후에너지환경부,2.56,True,N,5.49,4.8,3.8
underpass_coordinates:315,갈마지하차도,underpass_coordinates.csv,,,127.376421,36.348652,waterlevel,3,3009675,대전시(대덕대교),기후에너지환경부,2.76,True,N,4.55,3.6,2.7
underpass_coordinates:315,갈마지하차도,underpass_coordinates.csv,,,127.376421,36.348652,rainfall,1,30094040,대전시(만년교),기후에너지환경부,2.41,True,,,,
underpass_coordinates:315,갈마지하차도,underpass_coordinates.csv,,,127.376421,36.348652,rainfall,2,30094020,대전시(원촌교),기후에너지환경부,4.46,True,,,,
underpass_coordinates:315,갈마지하차도,underpass_coordinates.csv,,,127.376421,36.348652,rainfall,3,30094050,대전시(인창교),기후에너지환경부,5.9,False,,,,
underpass_coordinates:316,갑천지하차도,underpass_coordinates.csv,,,127.360476,36.359083,waterlevel,1,3009671,대전시(온천북교),기후에너지환경부,1.16,True,N,4.02,3.3,2.6
underpass_coordinates:316,갑천지하차도,underpass_coordinates.csv,,,127.360476,36.359083,waterlevel,2,3009670,대전시(만년교),기후에너지환경부,1.27,True,Y,5.03,4.5,3.5
underpass_coordinates:316,갑천지하차도,underpass_coordinates.csv,,,127.360476,36.359083,waterlevel,3,3009675,대전시(대덕대교),기후에너지환경부,2.34,True,N,4.55,3.6,2.7
underpass_coordinates:316,갑천지하차도,underpass_coordinates.csv,,,127.360476,36.359083,rainfall,1,30094040,대전시(만년교),기후에너지환경부,1.27,True,,,,
underpass_coordinates:316,갑천지하차도,underpass_coordinates.csv,,,127.360476,36.359083,rainfall,2,30094020,대전시(원촌교),기후에너지환경부,4.92,True,,,,
underpass_coordinates:316,갑천지하차도,underpass_coordinates.csv,,,127.360476,36.359083,rainfall,3,30094050,대전시(인창교),기후에너지환경부,7.71,False,,,,
underpass_coordinates:318,관저지하차도,underpass_coordinates.csv,,,127.334858,36.301523,waterlevel,1,3009665,대전시(가수원교),기후에너지환경부,2.23,True,N,4.44,3.6,3.1
underpass_coordinates:318,관저지하차도,underpass_coordinates.csv,,,127.334858,36.301523,waterlevel,2,3009669,대전시(상대교),기후에너지환경부,4.1,True,N,3.87,3.1,2.4
underpass_coordinates:318,관저지하차도,underpass_coordinates.csv,,,127.334858,36.301523,waterlevel,3,3009630,대전시(복수교),기후에너지환경부,4.45,True,Y,3.92,3.2,2.7
underpass_coordinates:318,관저지하차도,underpass_coordinates.csv,,,127.334858,36.301523,rainfall,1,30094040,대전시(만년교),기후에너지환경부,5.73,False,,,,
underpass_coordinates:318,관저지하차도,underpass_coordinates.csv,,,127.334858,36.301523,rainfall,2,30094030,대전시(두계교),기후에너지환경부,6.36,False,,,,
underpass_coordinates:318,관저지하차도,underpass_coordinates.csv,,,127.334858,36.301523,rainfall,3,30094050,대전시(인창교),기후에너지환경부,9.25,False,,,,
underpass_coordinates:319,도마지하차도,underpass_coordinates.csv,,,127.384849,36.315112,waterlevel,1,3009630,대전시(복수교),기후에너지환경부,1.77,True,Y,3.92,3.2,2.7
underpass_coordinates:319,도마지하차도,underpass_coordinates.csv,,,127.384849,36.315112,waterlevel,2,3009665,대전시(가수원교),기후에너지환경부,2.51,True,N,4.44,3.6,3.1
underpass_coordinates:319,도마지하차도,underpass_coordinates.csv,,,127.384849,36.315112,waterlevel,3,3009640,대전시(인창교),기후에너지환경부,4.54,True,Y,4.6,3.8,3.0
underpass_coordinates:319,도마지하차도,underpass_coordinates.csv,,,127.384849,36.315112,rainfall,1,30094050,대전시(인창교),기후에너지환경부,4.54,True,,,,
underpass_coordinates:319,도마지하차도,underpass_coordinates.csv,,,127.384849,36.315112,rainfall,2,30094040,대전시(만년교),기후에너지환경부,5.14,False,,,,
underpass_coordinates:319,도마지하차도,underpass_coordinates.csv,,,127.384849,36.315112,rainfall,3,30094020,대전시(원촌교),기후에너지환경부,7.38,False,,,,
underpass_coordinates:320,둔산지하차도,underpass_coordinates.csv,,,127.37935,36.357724,waterlevel,1,3009675,대전시(대덕대교),기후에너지환경부,1.74,True,N,4.55,3.6,2.7
underpass_coordinates:320,둔산지하차도,underpass_coordinates.csv,,,127.37935,36.357724,waterlevel,2,3009673,대전시(한밭대교),기후에너지환경부,2.12,True,N,5.49,4.8,3.8
underpass_coordinates:320,둔산지하차도,underpass_coordinates.csv,,,127.37935,36.357724,waterlevel,3,3009670,대전시(만년교),기후에너지환경부,2.74,True,Y,5.03,4.5,3.5
underpass_coordinates:320,둔산지하차도,underpass_coordinates.csv,,,127.37935,36.357724,rainfall,1,30094040,대전시(만년교),기후에너지환경부,2.74,True,,,,
underpass_coordinates:320,둔산지하차도,underpass_coordinates.csv,,,127.37935,36.357724,rainfall,2,30094020,대전시(원촌교),기후에너지환경부,3.58,True,,,,
underpass_coordinates:320,둔산지하차도,underpass_coordinates.csv,,,127.37935,36.357724,rainfall,3,30094050,대전시(인창교),기후에너지환경부,6.22,False,,,,
underpass_coordinates:321,만년지하차도,underpass_coordinates.csv,,,127.351258,36.350162,waterlevel,1,3009670,대전시(만년교),기후에너지환경부,0.22,True,Y,5.03,4.5,3.5
underpass_coordinates:321,만년지하차도,underpass_coordinates.csv,,,127.351258,36.350162,waterlevel,2,3009671,대전시(온천북교),기후에너지환경부,1.12,True,N,4.02,3.3,2.6
underpass_coordinates:321,만년지하차도,underpass_coordinates.csv,,,127.351258,36.350162,waterlevel,3,3009669,대전시(상대교),기후에너지환경부,1.87,True,N,3.87,3.1,2.4
underpass_coordinates:321,만년지하차도,underpass_coordinates.csv,,,127.351258,36.350162,rainfall,1,30094040,대전시(만년교),기후에너지환경부,0.22,True,,,,
underpass_coordinates:321,만년지하차도,underpass_coordinates.csv,,,127.351258,36.350162,rainfall,2,30094020,대전시(원촌교),기후에너지환경부,6.12,False,,,,
underpass_coordinates:321,만년지하차도,underpass_coordinates.csv,,,127.351258,36.350162,rainfall,3,30094050,대전시(인창교),기후에너지환경부,8.01,False,,,,
underpass_coordinates:322,문예지하차도,underpass_coordinates.csv,,,127.379554,36.371051,waterlevel,1,3009675,대전시(대덕대교),기후에너지환경부,0.25,True,N,4.55,3.6,2.7
underpass_coordinates:322,문예지하차도,underpass_coordinates.csv,,,127.379554,36.371051,waterlevel,2,3009673,대전시(한밭대교),기후에너지환경부,2.62,True,N,5.49,4.8,3.8
underpass_coordinates:322,문예지하차도,underpass_coordinates.csv,,,127.379554,36.371051,waterlevel,3,3009680,대전시(원촌교),기후에너지환경부,2.84,True,Y,5.73,4.8,4.0
underpass_coordinates:322,문예지하차도,underpass_coordinates.csv,,,127.379554,36.371051,rainfall,1,30094020,대전시(원촌교),기후에너지환경부,2.84,True,,,,
underpass_coordinates:322,문예지하차도,underpass_coordinates.csv,,,127.379554,36.371051,rainfall,2,30094040,대전시(만년교),기후에너지환경부,3.43,True,,,,
underpass_coordinates:322,문예지하차도,underpass_coordinates.csv,,,127.379554,36.371051,rainfall,3,30094050,대전시(인창교),기후에너지환경부,7.21,False,,,,
underpass_coordinates:324,오량지하차도,underpass_coordinates.csv,,,127.383802,36.309462,waterlevel,1,3009630,대전시(복수교),기후에너지환경부,1.15,True,Y,3.92,3.2,2.7
underpass_coordinates:324,오량지하차도,underpass_coordinates.csv,,,127.383802,36.309462,waterlevel,2,3009665,대전시(가수원교),기후에너지환경부,2.25,True,N,4.44,3.6,3.1
underpass_coordinates:324,오량지하차도,underpass_coordinates.csv,,,127.383802,36.309462,waterlevel,3,3009640,대전시(인창교),기후에너지환경부,4.8,True,Y,4.6,3.8,3.0
underpass_coordinates:324,오량지하차도,underpass_coordinates.csv,,,127.383802,36.309462,rainfall,1,30094050,대전시(인창교),기후에너지환경부,4.8,True,,,,
underpass_coordinates:324,오량지하차도,underpass_coordinates.csv,,,127.383802,36.309462,rainfall,2,30094040,대전시(만년교),기후에너지환경부,5.6,False,,,,
underpass_coordinates:324,오량지하차도,underpass_coordinates.csv,,,127.383802,36.309462,rainfall,3,30094020,대전시(원촌교),기후에너지환경부,8.01,False,,,,
underpass_coordinates:326,탄방지하차도,underpass_coordinates.csv,,,127.384735,36.342802,waterlevel,1,3009673,대전시(한밭대교),기후에너지환경부,2.27,True,N,5.49,4.8,3.8
underpass_coordinates:326,탄방지하차도,underpass_coordinates.csv,,,127.384735,36.342802,waterlevel,2,3009670,대전시(만년교),기후에너지환경부,3.29,True,Y,5.03,4.5,3.5
underpass_coordinates:326,탄방지하차도,underpass_coordinates.csv,,,127.384735,36.342802,waterlevel,3,3009675,대전시(대덕대교),기후에너지환경부,3.42,True,N,4.55,3.6,2.7
underpass_coordinates:326,탄방지하차도,underpass_coordinates.csv,,,127.384735,36.342802,rainfall,1,30094040,대전시(만년교),기후에너지환경부,3.29,True,,,,
underpass_coordinates:326,탄방지하차도,underpass_coordinates.csv,,,127.384735,36.342802,rainfall,2,30094020,대전시(원촌교),기후에너지환경부,4.55,True,,,,
underpass_coordinates:326,탄방지하차도,underpass_coordinates.csv,,,127.384735,36.342802,rainfall,3,30094050,대전시(인창교),기후에너지환경부,4.94,True,,,,
underpass_coordinates:327,한밭지하차도,underpass_coordinates.csv,,,127.379478,36.364838,waterlevel,1,3009675,대전시(대덕대교),기후에너지환경부,0.94,True,N,4.55,3.6,2.7
underpass_coordinates:327,한밭지하차도,underpass_coordinates.csv,,,127.379478,36.364838,waterlevel,2,3009673,대전시(한밭대교),기후에너지환경부,2.29,True,N,5.49,4.8,3.8
underpass_coordinates:327,한밭지하차도,underpass_coordinates.csv,,,127.379478,36.364838,waterlevel,3,3009671,대전시(온천북교),기후에너지환경부,2.92,True,N,4.02,3.3,2.6
underpass_coordinates:327,한밭지하차도,underpass_coordinates.csv,,,127.379478,36.364838,rainfall,1,30094040,대전시(만년교),기후에너지환경부,3.04,True,,,,
underpass_coordinates:327,한밭지하차도,underpass_coordinates.csv,,,127.379478,36.364838,rainfall,2,30094020,대전시(원촌교),기후에너지환경부,3.12,True,,,,
underpass_coordinates:327,한밭지하차도,underpass_coordinates.csv,,,127.379478,36.364838,rainfall,3,30094050,대전시(인창교),기후에너지환경부,6.73,False,,,,
underpass_coordinates:329,노은지하차도,underpass_coordinates.csv,,,127.320478,36.384527,waterlevel,1,3009672,대전시(죽동2교),기후에너지환경부,2.16,True,N,3.48,2.8,2.2
underpass_coordinates:329,노은지하차도,underpass_coordinates.csv,,,127.320478,36.384527,waterlevel,2,3009671,대전시(온천북교),기후에너지환경부,3.67,True,N,4.02,3.3,2.6
underpass_coordinates:329,노은지하차도,underpass_coordinates.csv,,,127.320478,36.384527,waterlevel,3,3009670,대전시(만년교),기후에너지환경부,4.5,True,Y,5.03,4.5,3.5
underpass_coordinates:329,노은지하차도,underpass_coordinates.csv,,,127.320478,36.384527,rainfall,1,30094040,대전시(만년교),기후에너지환경부,4.5,True,,,,
underpass_coordinates:329,노은지하차도,underpass_coordinates.csv,,,127.320478,36.384527,rainfall,2,30124070,공주시(반포중),기후에너지환경부,7.25,False,,,,
underpass_coordinates:329,노은지하차도,underpass_coordinates.csv,,,127.320478,36.384527,rainfall,3,30094020,대전시(원촌교),기후에너지환경부,8.04,False,,,,
underpass_coordinates:330,도안지하차도,underpass_coordinates.csv,,,127.332913,36.332225,waterlevel,1,3009669,대전시(상대교),기후에너지환경부,0.75,True,N,3.87,3.1,2.4
underpass_coordinates:330,도안지하차도,underpass_coordinates.csv,,,127.332913,36.332225,waterlevel,2,3009670,대전시(만년교),기후에너지환경부,2.63,True,Y,5.03,4.5,3.5
underpass_coordinates:330,도안지하차도,underpass_coordinates.csv,,,127.332913,36.332225,waterlevel,3,3009671,대전시(온천북교),기후에너지환경부,3.32,True,N,4.02,3.3,2.6
underpass_coordinates:330,도안지하차도,underpass_coordinates.csv,,,127.332913,36.332225,rainfall,1,30094040,대전시(만년교),기후에너지환경부,2.63,True,,,,
underpass_coordinates:330,도안지하차도,underpass_coordinates.csv,,,127.332913,36.332225,rainfall,2,30094020,대전시(원촌교),기후에너지환경부,8.6,False,,,,
underpass_coordinates:330,도안지하차도,underpass_coordinates.csv,,,127.332913,36.332225,rainfall,3,30094030,대전시(두계교),기후에너지환경부,8.78,False,,,,
underpass_coordinates:331,상대지하차도,underpass_coordinates.csv,,,127.335706,36.338283,waterlevel,1,3009669,대전시(상대교),기후에너지환경부,0.06,True,N,3.87,3.1,2.4
underpass_coordinates:331,상대지하차도,underpass_coordinates.csv,,,127.335706,36.338283,waterlevel,2,3009670,대전시(만년교),기후에너지환경부,1.95,True,Y,5.03,4.5,3.5
underpass_coordinates:331,상대지하차도,underpass_coordinates.csv,,,127.335706,36.338283,waterlevel,3,3009671,대전시(온천북교),기후에너지환경부,2.61,True,N,4.02,3.3,2.6
underpass_coordinates:331,상대지하차도,underpass_coordinates.csv,,,127.335706,36.338283,rainfall,1,30094040,대전시(만년교),기후에너지환경부,1.95,True,,,,
underpass_coordinates:331,상대지하차도,underpass_coordinates.csv,,,127.335706,36.338283,rainfall,2,30094020,대전시(원촌교),기후에너지환경부,8.01,False,,,,
underpass_coordinates:331,상대지하차도,underpass_coordinates.csv,,,127.335706,36.338283,rainfall,3,30094050,대전시(인창교),기후에너지환경부,8.99,False,,,,
underpass_coordinates:332,옥녀봉 지하차도,underpass_coordinates.csv,,,127.348096,36.332186,waterlevel,1,3009669,대전시(상대교),기후에너지환경부,1.25,True,N,3.87,3.1,2.4
underpass_coordinates:332,옥녀봉 지하차도,underpass_coordinates.csv,,,127.348096,36.332186,waterlevel,2,3009670,대전시(만년교),기후에너지환경부,2.17,True,Y,5.03,4.5,3.5
underpass_coordinates:332,옥녀봉 지하차도,underpass_coordinates.csv,,,127.348096,36.332186,waterlevel,3,3009665,대전시(가수원교),기후에너지환경부,3.0,True,N,4.44,3.6,3.1
underpass_coordinates:332,옥녀봉 지하차도,underpass_coordinates.csv,,,127.348096,36.332186,rainfall,1,30094040,대전시(만년교),기후에너지환경부,2.17,True,,,,
underpass_coordinates:332,옥녀봉 지하차도,underpass_coordinates.csv,,,127.348096,36.332186,rainfall,2,30094020,대전시(원촌교),기후에너지환경부,7.55,False,,,,
underpass_coordinates:332,옥녀봉 지하차도,underpass_coordinates.csv,,,127.348096,36.332186,rainfall,3,30094050,대전시(인창교),기후에너지환경부,7.79,False,,,,
underpass_coordinates:334,유성지하차도,underpass_coordinates.csv,,,127.344726,36.362065,waterlevel,1,3009671,대전시(온천북교),기후에너지환경부,0.36,True,N,4.02,3.3,2.6
underpass_coordinates:334,유성지하차도,underpass_coordinates.csv,,,127.344726,36.362065,waterlevel,2,3009672,대전시(죽동2교),기후에너지환경부,1.22,True,N,3.48,2.8,2.2
underpass_coordinates:334,유성지하차도,underpass_coordinates.csv,,,127.344726,36.362065,waterlevel,3,3009670,대전시(만년교),기후에너지환경부,1.24,True,Y,5.03,4.5,3.5
underpass_coordinates:334,유성지하차도,underpass_coordinates.csv,,,127.344726,36.362065,rainfall,1,30094040,대전시(만년교),기후에너지환경부,1.24,True,,,,
underpass_coordinates:334,유성지하차도,underpass_coordinates.csv,,,127.344726,36.362065,rainfall,2,30094020,대전시(원촌교),기후에너지환경부,6.12,False,,,,
underpass_coordinates:334,유성지하차도,underpass_coordinates.csv,,,127.344726,36.362065,rainfall,3,30094050,대전시(인창교),기후에너지환경부,9.1,False,,,,
underpass_coordinates:335,진터지하차도,underpass_coordinates.csv,,,127.340345,36.348535,waterlevel,1,3009670,대전시(만년교),기후에너지환경부,0.91,True,Y,5.03,4.5,3.5
underpass_coordinates:335,진터지하차도,underpass_coordinates.csv,,,127.340345,36.348535,waterlevel,2,3009669,대전시(상대교),기후에너지환경부,1.19,True,N,3.87,3.1,2.4
underpass_coordinates:335,진터지하차도,underpass_coordinates.csv,,,127.340345,36.348535,waterlevel,3,3009671,대전시(온천북교),기후에너지환경부,1.4,True,N,4.02,3.3,2.6
underpass_coordinates:335,진터지하차도,underpass_coordinates.csv,,,127.340345,36.348535,rainfall,1,30094040,대전시(만년교),기후에너지환경부,0.91,True,,,,
underpass_coordinates:335,진터지하차도,underpass_coordinates.csv,,,127.340345,36.348535,rainfall,2,30094020,대전시(원촌교),기후에너지환경부,7.06,False,,,,
underpass_coordinates:335,진터지하차도,underpass_coordinates.csv,,,127.340345,36.348535,rainfall,3,30094050,대전시(인창교),기후에너지환경부,8.87,False,,,,
underpass_coordinates:338,대상지하차도,underpass_coordinates.csv,,,128.974175,35.21166,waterlevel,1,2022678,부산시(대동낙동강교),기후에너지환경부,1.49,True,N,5.43,5.0,4.6
underpass_coordinates:338,대상지하차도,underpass_coordinates.csv,,,128.974175,35.21166,waterlevel,2,2022680,부산시(구포대교),기후에너지환경부,1.96,True,Y,17.85,15.4,14.4
underpass_coordinates:338,대상지하차도,underpass_coordinates.csv,,,128.974175,35.21166,waterlevel,3,2022682,부산시(삼덕교),기후에너지환경부,3.37,True,N,4.86,4.2,3.5
underpass_coordinates:338,대상지하차도,underpass_coordinates.csv,,,128.974175,35.21166,rainfall,1,20224060,부산시(구포대교),기후에너지환경부,1.98,True,,,,
underpass_coordinates:338,대상지하차도,underpass_coordinates.csv,,,128.974175,35.21166,rainfall,2,20224030,김해시(전하동),기후에너지환경부,10.17,False,,,,
underpass_coordinates:338,대상지하차도,underpass_coordinates.csv,,,128.974175,35.21166,rainfall,3,25044010,부산시(을숙도),기후에너지환경부,11.58,False,,,,
underpass_coordinates:340,구서 지하차도,underpass_coordinates.csv,,,129.092914,35.246239,waterlevel,1,2302635,부산시(회동저수지),기후에너지환경부,2.55,True,N,38.36,37.08,
underpass_coordinates:340,구서 지하차도,underpass_coordinates.csv,,,129.092914,35.246239,waterlevel,2,2302647,부산시(뉴타운교),기후에너지환경부,2.55,True,N,6.14,5.2,4.3
underpass_coordinates:340,구서 지하차도,underpass_coordinates.csv,,,129.092914,35.246239,waterlevel,3,2302640,부산시(동천교),기후에너지환경부,3.94,True,N,8.85,7.6,6.3
underpass_coordinates:340,구서 지하차도,underpass_coordinates.csv,,,129.092914,35.246239,rainfall,1,20224060,부산시(구포대교),기후에너지환경부,10.19,False,,,,
underpass_coordinates:340,구서 지하차도,underpass_coordinates.csv,,,129.092914,35.246239,rainfall,2,20224040,양산시(양산교),기후에너지환경부,13.4,False,,,,
underpass_coordinates:340,구서 지하차도,underpass_coordinates.csv,,,129.092914,35.246239,rainfall,3,20224010,양산시(상북면사무소),기후에너지환경부,19.31,False,,,,
underpass_coordinates:347,안락 지하차도,underpass_coordinates.csv,,,129.09698,35.198202,waterlevel,1,2302655,부산시(세병교),기후에너지환경부,1.3,True,N,7.05,6.0,5.0
underpass_coordinates:347,안락 지하차도,underpass_coordinates.csv,,,129.09698,35.198202,waterlevel,2,2302650,부산시(원동교),기후에너지환경부,1.63,True,Y,6.14,5.3,4.6
underpass_coordinates:347,안락 지하차도,underpass_coordinates.csv,,,129.09698,35.198202,waterlevel,3,2302640,부산시(동천교),기후에너지환경부,2.89,True,N,8.85,7.6,6.3
underpass_coordinates:347,안락 지하차도,underpass_coordinates.csv,,,129.09698,35.198202,rainfall,1,20224060,부산시(구포대교),기후에너지환경부,9.41,False,,,,
underpass_coordinates:347,안락 지하차도,underpass_coordinates.csv,,,129.09698,35.198202,rainfall,2,25044010,부산시(을숙도),기후에너지환경부,16.74,False,,,,
underpass_coordinates:347,안락 지하차도,underpass_coordinates.csv,,,129.09698,35.198202,rainfall,3,20224040,양산시(양산교),기후에너지환경부,18.55,False,,,,
underpass_coordinates:358,구룡지하차도,underpass_coordinates.csv,,,127.051436,37.471662,waterlevel,1,1018658,서울시(대치교),기후에너지환경부,3.59,True,N,13.5,11.1,8.7
underpass_coordinates:358,구룡지하차도,underpass_coordinates.csv,,,127.051436,37.471662,waterlevel,2,1018660,청담,기후에너지환경부,5.43,False,N,,,
underpass_coordinates:358,구룡지하차도,underpass_coordinates.csv,,,127.051436,37.471662,waterlevel,3,1018662,서울시(청담대교),기후에너지환경부,5.8,False,N,15.5,12.6,10.1
underpass_coordinates:358,구룡지하차도,underpass_coordinates.csv,,,127.051436,37.471662,rainfall,1,10184100,서울시(대곡교),기후에너지환경부,6.28,False,,,,
underpass_coordinates:358,구룡지하차도,underpass_coordinates.csv,,,127.051436,37.471662,rainfall,2,10184150,과천시(한국수자원공사),기후에너지환경부,7.79,False,,,,
underpass_coordinates:358,구룡지하차도,underpass_coordinates.csv,,,127.051436,37.471662,rainfall,3,10184040,성남시(한국학중앙연구원),기후에너지환경부,8.77,False,,,,
underpass_coordinates:360,일원지하차도,underpass_coordinates.csv,,,127.075569,37.486146,waterlevel,1,1018658,서울시(대치교),기후에너지환경부,1.36,True,N,13.5,11.1,8.7
underpass_coordinates:360,일원지하차도,underpass_coordinates.csv,,,127.075569,37.486146,waterlevel,2,1018660,청담,기후에너지환경부,3.84,True,N,,,
underpass_coordinates:360,일원지하차도,underpass_coordinates.csv,,,127.075569,37.486146,waterlevel,3,1018645,자양,기후에너지환경부,4.23,True,N,,,
underpass_coordinates:360,일원지하차도,underpass_coordinates.csv,,,127.075569,37.486146,rainfall,1,10184100,서울시(대곡교),기후에너지환경부,4.56,True,,,,
underpass_coordinates:360,일원지하차도,underpass_coordinates.csv,,,127.075569,37.486146,rainfall,2,10184140,서울시(송정동),기후에너지환경부,7.56,False,,,,
underpass_coordinates:360,일원지하차도,underpass_coordinates.csv,,,127.075569,37.486146,rainfall,3,10184180,성남시(성남북초교),기후에너지환경부,7.71,False,,,,
underpass_coordinates:369,아차산 지하차도,underpass_coordinates.csv,,,127.097345,37.547441,waterlevel,1,1018640,서울시(광진교),기후에너지환경부,1.16,True,N,13.0,10.6,8.6
underpass_coordinates:369,아차산 지하차도,underpass_coordinates.csv,,,127.097345,37.547441,waterlevel,2,1018645,자양,기후에너지환경부,3.1,True,N,,,
underpass_coordinates:369,아차산 지하차도,underpass_coordinates.csv,,,127.097345,37.547441,waterlevel,3,1018662,서울시(청담대교),기후에너지환경부,4.08,True,N,15.5,12.6,10.1
underpass_coordinates:369,아차산 지하차도,underpass_coordinates.csv,,,127.097345,37.547441,rainfall,1,10184140,서울시(송정동),기후에너지환경부,3.72,True,,,,
underpass_coordinates:369,아차산 지하차도,underpass_coordinates.csv,,,127.097345,37.547441,rainfall,2,10184100,서울시(대곡교),기후에너지환경부,9.01,False,,,,
underpass_coordinates:369,아차산 지하차도,underpass_coordinates.csv,,,127.097345,37.547441,rainfall,3,10184200,서울시(월계2교),기후에너지환경부,9.5,False,,,,
underpass_coordinates:371,개봉지하차도,underpass_coordinates.csv,,,126.857707,37.4937,waterlevel,1,1018695,서울시(너부대교),기후에너지환경부,1.97,True,Y,4.9,4.5,3.5
underpass_coordinates:371,개봉지하차도,underpass_coordinates.csv,,,126.857707,37.4937,waterlevel,2,1018697,서울시(오금교),기후에너지환경부,2.18,True,Y,11.0,9.0,7.0
underpass_coordinates:371,개봉지하차도,underpass_coordinates.csv,,,126.857707,37.4937,waterlevel,3,1018698,서울시(신대방1교),기후에너지환경부,5.04,False,Y,4.0,3.2,2.4
underpass_coordinates:371,개봉지하차도,underpass_coordinates.csv,,,126.857707,37.4937,rainfall,1,10184080,서울시(구로구청),기후에너지환경부,2.53,True,,,,
underpass_coordinates:371,개봉지하차도,underpass_coordinates.csv,,,126.857707,37.4937,rainfall,2,10184160,부천시(부안초교),기후에너지환경부,4.34,True,,,,
underpass_coordinates:371,개봉지하차도,underpass_coordinates.csv,,,126.857707,37.4937,rainfall,3,10184070,서울,기후에너지환경부,10.57,False,,,,
underpass_coordinates:374,공릉지하차도,underpass_coordinates.csv,,,127.067327,37.63176,waterlevel,1,1018670,서울시(월계2교),기후에너지환경부,1.74,True,N,6.2,5.1,3.9
underpass_coordinates:374,공릉지하차도,underpass_coordinates.csv,,,127.067327,37.63176,waterlevel,2,1018669,서울시(창동교),기후에너지환경부,2.61,True,N,7.9,6.5,5.1
underpass_coordinates:374,공릉지하차도,underpass_coordinates.csv,,,127.067327,37.63176,waterlevel,3,1018675,서울시(중랑교),기후에너지환경부,4.37,True,Y,7.9,6.5,5.0
underpass_coordinates:374,공릉지하차도,underpass_coordinates.csv,,,127.067327,37.63176,rainfall,1,10184200,서울시(월계2교),기후에너지환경부,1.74,True,,,,
underpass_coordinates:374,공릉지하차도,underpass_coordinates.csv,,,127.067327,37.63176,rainfall,2,10184190,서울시(동막골주차장),기후에너지환경부,5.05,False,,,,
underpass_coordinates:374,공릉지하차도,underpass_coordinates.csv,,,127.067327,37.63176,rainfall,3,10184110,남양주시(진관교),기후에너지환경부,7.72,False,,,,
underpass_coordinates:377,가인지하차도,underpass_coordinates.csv,,,127.045064,37.659724,waterlevel,1,1018669,서울시(창동교),기후에너지환경부,1.11,True,N,7.9,6.5,5.1
underpass_coordinates:377,가인지하차도,underpass_coordinates.csv,,,127.045064,37.659724,waterlevel,2,1018670,서울시(월계2교),기후에너지환경부,3.98,True,N,6.2,5.1,3.9
underpass_coordinates:377,가인지하차도,underpass_coordinates.csv,,,127.045064,37.659724,waterlevel,3,1018675,서울시(중랑교),기후에너지환경부,7.8,False,Y,7.9,6.5,5.0
underpass_coordinates:377,가인지하차도,underpass_coordinates.csv,,,127.045064,37.659724,rainfall,1,10184190,서울시(동막골주차장),기후에너지환경부,3.96,True,,,,
underpass_coordinates:377,가인지하차도,underpass_coordinates.csv,,,127.045064,37.659724,rainfall,2,10184200,서울시(월계2교),기후에너지환경부,3.98,True,,,,
underpass_coordinates:377,가인지하차도,underpass_coordinates.csv,,,127.045064,37.659724,rainfall,3,10184125,의정부시(도봉차량기지),기후에너지환경부,4.79,True,,,,
underpass_coordinates:378,녹천지하차도,underpass_coordinates.csv,,,127.050524,37.645783,waterlevel,1,1018669,서울시(창동교),기후에너지환경부,0.84,True,N,7.9,6.5,5.1
underpass_coordinates:378,녹천지하차도,underpass_coordinates.csv,,,127.050524,37.645783,waterlevel,2,1018670,서울시(월계2교),기후에너지환경부,2.4,True,N,6.2,5.1,3.9
underpass_coordinates:378,녹천지하차도,underpass_coordinates.csv,,,127.050524,37.645783,waterlevel,3,1018675,서울시(중랑교),기후에너지환경부,6.18,False,Y,7.9,6.5,5.0
underpass_coordinates:378,녹천지하차도,underpass_coordinates.csv,,,127.050524,37.645783,rainfall,1,10184200,서울시(월계2교),기후에너지환경부,2.4,True,,,,
underpass_coordinates:378,녹천지하차도,underpass_coordinates.csv,,,127.050524,37.645783,rainfall,2,10184190,서울시(동막골주차장),기후에너지환경부,4.47,True,,,,
underpass_coordinates:378,녹천지하차도,underpass_coordinates.csv,,,127.050524,37.645783,rainfall,3,10184125,의정부시(도봉차량기지),기후에너지환경부,6.31,False,,,,
underpass_coordinates:379,창동지하차도,underpass_coordinates.csv,,,127.048562,37.651756,waterlevel,1,1018669,서울시(창동교),기후에너지환경부,0.51,True,N,7.9,6.5,5.1
underpass_coordinates:379,창동지하차도,underpass_coordinates.csv,,,127.048562,37.651756,waterlevel,2,1018670,서울시(월계2교),기후에너지환경부,3.07,True,N,6.2,5.1,3.9
underpass_coordinates:379,창동지하차도,underpass_coordinates.csv,,,127.048562,37.651756,waterlevel,3,1018675,서울시(중랑교),기후에너지환경부,6.87,False,Y,7.9,6.5,5.0
underpass_coordinates:379,창동지하차도,underpass_coordinates.csv,,,127.048562,37.651756,rainfall,1,10184200,서울시(월계2교),기후에너지환경부,3.07,True,,,,
underpass_coordinates:379,창동지하차도,underpass_coordinates.csv,,,127.048562,37.651756,rainfall,2,10184190,서울시(동막골주차장),기후에너지환경부,4.16,True,,,,
underpass_coordinates:379,창동지하차도,underpass_coordinates.csv,,,127.048562,37.651756,rainfall,3,10184125,의정부시(도봉차량기지),기후에너지환경부,5.65,False,,,,
underpass_coordinates:380,동부지하차도,underpass_coordinates.csv,,,127.068838,37.604839,waterlevel,1,1018675,서울시(중랑교),기후에너지환경부,1.38,True,Y,7.9,6.5,5.0
underpass_coordinates:380,동부지하차도,underpass_coordinates.csv,,,127.068838,37.604839,waterlevel,2,1018670,서울시(월계2교),기후에너지환경부,2.72,True,N,6.2,5.1,3.9
underpass_coordinates:380,동부지하차도,underpass_coordinates.csv,,,127.068838,37.604839,waterlevel,3,1018669,서울시(창동교),기후에너지환경부,5.48,False,N,7.9,6.5,5.1
underpass_coordinates:380,동부지하차도,underpass_coordinates.csv,,,127.068838,37.604839,rainfall,1,10184200,서울시(월계2교),기후에너지환경부,2.72,True,,,,
underpass_coordinates:380,동부지하차도,underpass_coordinates.csv,,,127.068838,37.604839,rainfall,2,10184140,서울시(송정동),기후에너지환경부,5.97,False,,,,
underpass_coordinates:380,동부지하차도,underpass_coordinates.csv,,,127.068838,37.604839,rainfall,3,10184190,서울시(동막골주차장),기후에너지환경부,7.91,False,,,,
underpass_coordinates:381,신답지하차도,underpass_coordinates.csv,,,127.048352,37.56997,waterlevel,1,1018675,서울시(중랑교),기후에너지환경부,3.18,True,Y,7.9,6.5,5.0
underpass_coordinates:381,신답지하차도,underpass_coordinates.csv,,,127.048352,37.56997,waterlevel,2,1018664,뚝도,기후에너지환경부,4.08,True,N,,,
underpass_coordinates:381,신답지하차도,underpass_coordinates.csv,,,127.048352,37.56997,waterlevel,3,1018662,서울시(청담대교),기후에너지환경부,5.37,False,N,15.5,12.6,10.1
underpass_coordinates:381,신답지하차도,underpass_coordinates.csv,,,127.048352,37.56997,rainfall,1,10184140,서울시(송정동),기후에너지환경부,2.07,True,,,,
underpass_coordinates:381,신답지하차도,underpass_coordinates.csv,,,127.048352,37.56997,rainfall,2,10184200,서울시(월계2교),기후에너지환경부,6.03,False,,,,
underpass_coordinates:381,신답지하차도,underpass_coordinates.csv,,,127.048352,37.56997,rainfall,3,10184070,서울,기후에너지환경부,8.27,False,,,,
underpass_coordinates:384,성산지하차도,underpass_coordinates.csv,,,126.892354,37.549836,waterlevel,1,1018686,서울시(홍남교),기후에너지환경부,4.12,True,N,5.3,4.6,3.9
underpass_coordinates:384,성산지하차도,underpass_coordinates.csv,,,126.892354,37.549836,waterlevel,2,1018697,서울시(오금교),기후에너지환경부,4.89,True,Y,11.0,9.0,7.0
underpass_coordinates:384,성산지하차도,underpass_coordinates.csv,,,126.892354,37.549836,waterlevel,3,1018685,구용산,기후에너지환경부,6.28,False,N,,,
underpass_coordinates:384,성산지하차도,underpass_coordinates.csv,,,126.892354,37.549836,rainfall,1,10184080,서울시(구로구청),기후에너지환경부,6.12,False,,,,
underpass_coordinates:384,성산지하차도,underpass_coordinates.csv,,,126.892354,37.549836,rainfall,2,10184070,서울,기후에너지환경부,6.8,False,,,,
underpass_coordinates:384,성산지하차도,underpass_coordinates.csv,,,126.892354,37.549836,rainfall,3,10194030,아라김포TM,한국수자원공사,9.93,False,,,,
underpass_coordinates:388,선암지하차도,underpass_coordinates.csv,,,127.02055,37.460142,waterlevel,1,1018681,서울시(반포2교),기후에너지환경부,5.1,False,N,,,
underpass_coordinates:388,선암지하차도,underpass_coordinates.csv,,,127.02055,37.460142,waterlevel,2,1018658,서울시(대치교),기후에너지환경부,6.38,False,N,13.5,11.1,8.7
underpass_coordinates:388,선암지하차도,underpass_coordinates.csv,,,127.02055,37.460142,waterlevel,3,1018692,서울시(신림5교),기후에너지환경부,6.5,False,N,5.4,4.8,3.8
underpass_coordinates:388,선암지하차도,underpass_coordinates.csv,,,127.02055,37.460142,rainfall,1,10184150,과천시(한국수자원공사),기후에너지환경부,5.02,False,,,,
underpass_coordinates:388,선암지하차도,underpass_coordinates.csv,,,127.02055,37.460142,rainfall,2,10184040,성남시(한국학중앙연구원),기후에너지환경부,7.95,False,,,,
underpass_coordinates:388,선암지하차도,underpass_coordinates.csv,,,127.02055,37.460142,rainfall,3,10184210,의왕시(포일동),기후에너지환경부,8.43,False,,,,
underpass_coordinates:389,신원지하차도,underpass_coordinates.csv,,,127.044736,37.458434,waterlevel,1,1018658,서울시(대치교),기후에너지환경부,5.15,False,N,13.5,11.1,8.7
underpass_coordinates:389,신원지하차도,underpass_coordinates.csv,,,127.044736,37.458434,waterlevel,2,1018681,서울시(반포2교),기후에너지환경부,6.6,False,N,,,
underpass_coordinates:389,신원지하차도,underpass_coordinates.csv,,,127.044736,37.458434,waterlevel,3,1018655,서울시(대곡교),기후에너지환경부,6.96,False,Y,8.5,7.1,5.8
underpass_coordinates:389,신원지하차도,underpass_coordinates.csv,,,127.044736,37.458434,rainfall,1,10184150,과천시(한국수자원공사),기후에너지환경부,6.39,False,,,,
underpass_coordinates:389,신원지하차도,underpass_coordinates.csv,,,127.044736,37.458434,rainfall,2,10184100,서울시(대곡교),기후에너지환경부,6.96,False,,,,
underpass_coordinates:389,신원지하차도,underpass_coordinates.csv,,,127.044736,37.458434,rainfall,3,10184040,성남시(한국학중앙연구원),기후에너지환경부,7.32,False,,,,
underpass_coordinates:390,양재지하차도,underpass_coordinates.csv,,,127.034175,37.484542,waterlevel,1,1018658,서울시(대치교),기후에너지환경부,3.87,True,N,13.5,11.1,8.7
underpass_coordinates:390,양재지하차도,underpass_coordinates.csv,,,127.034175,37.484542,waterlevel,2,1018681,서울시(반포2교),기후에너지환경부,4.2,True,N,,,
underpass_coordinates:390,양재지하차도,underpass_coordinates.csv,,,127.034175,37.484542,waterlevel,3,1018660,청담,기후에너지환경부,4.68,True,N,,,
underpass_coordinates:390,양재지하차도,underpass_coordinates.csv,,,127.034175,37.484542,rainfall,1,10184140,서울시(송정동),기후에너지환경부,7.76,False,,,,
underpass_coordinates:390,양재지하차도,underpass_coordinates.csv,,,127.034175,37.484542,rainfall,2,10184150,과천시(한국수자원공사),기후에너지환경부,7.94,False,,,,
underpass_coordinates:390,양재지하차도,underpass_coordinates.csv,,,127.034175,37.484542,rainfall,3,10184100,서울시(대곡교),기후에너지환경부,7.99,False,,,,
underpass_coordinates:393,청계산지하차도,underpass_coordinates.csv,,,127.039431,37.45834,waterlevel,1,1018658,서울시(대치교),기후에너지환경부,5.41,False,N,13.5,11.1,8.7
underpass_coordinates:393,청계산지하차도,underpass_coordinates.csv,,,127.039431,37.45834,waterlevel,2,1018681,서울시(반포2교),기후에너지환경부,6.28,False,N,,,
underpass_coordinates:393,청계산지하차도,underpass_coordinates.csv,,,127.039431,37.45834,waterlevel,3,1018660,청담,기후에너지환경부,7.13,False,N,,,
underpass_coordinates:393,청계산지하차도,underpass_coordinates.csv,,,127.039431,37.45834,rainfall,1,10184150,과천시(한국수자원공사),기후에너지환경부,6.01,False,,,,
underpass_coordinates:393,청계산지하차도,underpass_coordinates.csv,,,127.039431,37.45834,rainfall,2,10184040,성남시(한국학중앙연구원),기후에너지환경부,7.36,False,,,,
underpass_coordinates:393,청계산지하차도,underpass_coordinates.csv,,,127.039431,37.45834,rainfall,3,10184100,서울시(대곡교),기후에너지환경부,7.42,False,,,,
underpass_coordinates:402,등촌지하차도,underpass_coordinates.csv,,,126.867767,37.517866,waterlevel,1,1018697,서울시(오금교),기후에너지환경부,1.2,True,Y,11.0,9.0,7.0
underpass_coordinates:402,등촌지하차도,underpass_coordinates.csv,,,126.867767,37.517866,waterlevel,2,1018695,서울시(너부대교),기후에너지환경부,4.76,True,Y,4.9,4.5,3.5
underpass_coordinates:402,등촌지하차도,underpass_coordinates.csv,,,126.867767,37.517866,waterlevel,3,1018698,서울시(신대방1교),기후에너지환경부,5.29,False,Y,4.0,3.2,2.4
underpass_coordinates:402,등촌지하차도,underpass_coordinates.csv,,,126.867767,37.517866,rainfall,1,10184080,서울시(구로구청),기후에너지환경부,3.03,True,,,,
underpass_coordinates:402,등촌지하차도,underpass_coordinates.csv,,,126.867767,37.517866,rainfall,2,10184160,부천시(부안초교),기후에너지환경부,6.5,False,,,,
underpass_coordinates:402,등촌지하차도,underpass_coordinates.csv,,,126.867767,37.517866,rainfall,3,10184070,서울,기후에너지환경부,8.89,False,,,,
underpass_coordinates:404,오목지하차도,underpass_coordinates.csv,,,126.870749,37.525194,waterlevel,1,1018697,서울시(오금교),기후에너지환경부,1.9,True,Y,11.0,9.0,7.0
underpass_coordinates:404,오목지하차도,underpass_coordinates.csv,,,126.870749,37.525194,waterlevel,2,1018695,서울시(너부대교),기후에너지환경부,5.61,False,Y,4.9,4.5,3.5
underpass_coordinates:404,오목지하차도,underpass_coordinates.csv,,,126.870749,37.525194,waterlevel,3,1018698,서울시(신대방1교),기후에너지환경부,5.65,False,Y,4.0,3.2,2.4
underpass_coordinates:404,오목지하차도,underpass_coordinates.csv,,,126.870749,37.525194,rainfall,1,10184080,서울시(구로구청),기후에너지환경부,3.63,True,,,,
underpass_coordinates:404,오목지하차도,underpass_coordinates.csv,,,126.870749,37.525194,rainfall,2,10184160,부천시(부안초교),기후에너지환경부,7.24,False,,,,
underpass_coordinates:404,오목지하차도,underpass_coordinates.csv,,,126.870749,37.525194,rainfall,3,10184070,서울,기후에너지환경부,8.51,False,,,,
underpass_coordinates:406,대방지하차도,underpass_coordinates.csv,,,126.925795,37.513031,waterlevel,1,1018685,구용산,기후에너지환경부,2.17,True,N,,,
underpass_coordinates:406,대방지하차도,underpass_coordinates.csv,,,126.925795,37.513031,waterlevel,2,1018683,서울시(한강대교),기후에너지환경부,2.73,True,Y,13.3,10.5,8.5
underpass_coordinates:406,대방지하차도,underpass_coordinates.csv,,,126.925795,37.513031,waterlevel,3,1018698,서울시(신대방1교),기후에너지환경부,2.95,True,Y,4.0,3.2,2.4
underpass_coordinates:406,대방지하차도,underpass_coordinates.csv,,,126.925795,37.513031,rainfall,1,10184080,서울시(구로구청),기후에너지환경부,4.01,True,,,,
underpass_coordinates:406,대방지하차도,underpass_coordinates.csv,,,126.925795,37.513031,rainfall,2,10184070,서울,기후에너지환경부,4.25,True,,,,
underpass_coordinates:406,대방지하차도,underpass_coordinates.csv,,,126.925795,37.513031,rainfall,3,10184160,부천시(부안초교),기후에너지환경부,10.72,False,,,,
underpass_coordinates:407,신길지하차도,underpass_coordinates.csv,,,126.915546,37.504527,waterlevel,1,1018698,서울시(신대방1교),기후에너지환경부,1.83,True,Y,4.0,3.2,2.4
underpass_coordinates:407,신길지하차도,underpass_coordinates.csv,,,126.915546,37.504527,waterlevel,2,1018685,구용산,기후에너지환경부,3.33,True,N,,,
underpass_coordinates:407,신길지하차도,underpass_coordinates.csv,,,126.915546,37.504527,waterlevel,3,1018697,서울시(오금교),기후에너지환경부,3.67,True,Y,11.0,9.0,7.0
underpass_coordinates:407,신길지하차도,underpass_coordinates.csv,,,126.915546,37.504527,rainfall,1,10184080,서울시(구로구청),기후에너지환경부,2.78,True,,,,
underpass_coordinates:407,신길지하차도,underpass_coordinates.csv,,,126.915546,37.504527,rainfall,2,10184070,서울,기후에너지환경부,5.53,False,,,,
underpass_coordinates:407,신길지하차도,underpass_coordinates.csv,,,126.915546,37.504527,rainfall,3,10184160,부천시(부안초교),기후에너지환경부,9.56,False,,,,
underpass_coordinates:410,서빙고지하차도,underpass_coordinates.csv,,,126.989213,37.518284,waterlevel,1,1018680,서울시(잠수교),기후에너지환경부,0.55,True,N,15.6,6.2,5.5
underpass_coordinates:410,서빙고지하차도,underpass_coordinates.csv,,,126.989213,37.518284,waterlevel,2,1018681,서울시(반포2교),기후에너지환경부,2.13,True,N,,,
underpass_coordinates:410,서빙고지하차도,underpass_coordinates.csv,,,126.989213,37.518284,waterlevel,3,1018683,서울시(한강대교),기후에너지환경부,2.9,True,Y,13.3,10.5,8.5
underpass_coordinates:410,서빙고지하차도,underpass_coordinates.csv,,,126.989213,37.518284,rainfall,1,10184070,서울,기후에너지환경부,2.6,True,,,,
underpass_coordinates:410,서빙고지하차도,underpass_coordinates.csv,,,126.989213,37.518284,rainfall,2,10184140,서울시(송정동),기후에너지환경부,6.96,False,,,,
underpass_coordinates:410,서빙고지하차도,underpass_coordinates.csv,,,126.989213,37.518284,rainfall,3,10184080,서울시(구로구청),기후에너지환경부,9.43,False,,,,
underpass_coordinates:411,신용산지하차도,underpass_coordinates.csv,,,126.966009,37.531258,waterlevel,1,1018683,서울시(한강대교),기후에너지환경부,2.04,True,Y,13.3,10.5,8.5
underpass_coordinates:411,신용산지하차도,underpass_coordinates.csv,,,126.966009,37.531258,waterlevel,2,1018685,구용산,기후에너지환경부,2.15,True,N,,,
underpass_coordinates:411,신용산지하차도,underpass_coordinates.csv,,,126.966009,37.531258,waterlevel,3,1018680,서울시(잠수교),기후에너지환경부,3.02,True,N,15.6,6.2,5.5
underpass_coordinates:411,신용산지하차도,underpass_coordinates.csv,,,126.966009,37.531258,rainfall,1,10184070,서울,기후에너지환경부,0.24,True,,,,
underpass_coordinates:411,신용산지하차도,underpass_coordinates.csv,,,126.966009,37.531258,rainfall,2,10184080,서울시(구로구청),기후에너지환경부,8.1,False,,,,
underpass_coordinates:411,신용산지하차도,underpass_coordinates.csv,,,126.966009,37.531258,rainfall,3,10184140,서울시(송정동),기후에너지환경부,8.23,False,,,,
underpass_coordinates:414,신사지하차도,underpass_coordinates.csv,,,126.905717,37.598327,waterlevel,1,1018686,서울시(홍남교),기후에너지환경부,3.14,True,N,5.3,4.6,3.9
underpass_coordinates:414,신사지하차도,underpass_coordinates.csv,,,126.905717,37.598327,waterlevel,2,1019606,고양시(은덕교),기후에너지환경부,5.46,False,N,6.0,5.0,4.1
underpass_coordinates:414,신사지하차도,underpass_coordinates.csv,,,126.905717,37.598327,waterlevel,3,1019630,서울시(행주대교),기후에너지환경부,8.03,False,N,10.9,9.0,7.2
underpass_coordinates:414,신사지하차도,underpass_coordinates.csv,,,126.905717,37.598327,rainfall,1,10184070,서울,기후에너지환경부,9.0,False,,,,
underpass_coordinates:414,신사지하차도,underpass_coordinates.csv,,,126.905717,37.598327,rainfall,2,10194030,아라김포TM,한국수자원공사,9.39,False,,,,
underpass_coordinates:414,신사지하차도,underpass_coordinates.csv,,,126.905717,37.598327,rainfall,3,10184080,서울시(구로구청),기후에너지환경부,11.62,False,,,,
underpass_coordinates:415,증산지하차도,underpass_coordinates.csv,,,126.901986,37.576643,waterlevel,1,1018686,서울시(홍남교),기후에너지환경부,2.16,True,N,5.3,4.6,3.9
underpass_coordinates:415,증산지하차도,underpass_coordinates.csv,,,126.901986,37.576643,waterlevel,2,1019606,고양시(은덕교),기후에너지환경부,7.88,False,N,6.0,5.0,4.1
underpass_coordinates:415,증산지하차도,underpass_coordinates.csv,,,126.901986,37.576643,waterlevel,3,1018685,구용산,기후에너지환경부,7.9,False,N,,,
underpass_coordinates:415,증산지하차도,underpass_coordinates.csv,,,126.901986,37.576643,rainfall,1,10184070,서울,기후에너지환경부,7.46,False,,,,
underpass_coordinates:415,증산지하차도,underpass_coordinates.csv,,,126.901986,37.576643,rainfall,2,10184080,서울시(구로구청),기후에너지환경부,9.18,False,,,,
underpass_coordinates:415,증산지하차도,underpass_coordinates.csv,,,126.901986,37.576643,rainfall,3,10194030,아라김포TM,한국수자원공사,9.42,False,,,,
underpass_coordinates:418,능산지하차도,underpass_coordinates.csv,,,127.100676,37.603072,waterlevel,1,1018675,서울시(중랑교),기후에너지환경부,2.9,True,Y,7.9,6.5,5.0
underpass_coordinates:418,능산지하차도,underpass_coordinates.csv,,,127.100676,37.603072,waterlevel,2,1018638,남양주시(왕숙교),기후에너지환경부,4.17,True,Y,9.7,8.0,6.0
underpass_coordinates:418,능산지하차도,underpass_coordinates.csv,,,127.100676,37.603072,waterlevel,3,1018670,서울시(월계2교),기후에너지환경부,5.04,False,N,6.2,5.1,3.9
underpass_coordinates:418,능산지하차도,underpass_coordinates.csv,,,127.100676,37.603072,rainfall,1,10184200,서울시(월계2교),기후에너지환경부,5.04,False,,,,
underpass_coordinates:418,능산지하차도,underpass_coordinates.csv,,,127.100676,37.603072,rainfall,2,10184110,남양주시(진관교),기후에너지환경부,6.9,False,,,,
underpass_coordinates:418,능산지하차도,underpass_coordinates.csv,,,127.100676,37.603072,rainfall,3,10184140,서울시(송정동),기후에너지환경부,6.91,False,,,,
underpass_coordinates:423,나릿재지하차도,underpass_coordinates.csv,,,127.259659,36.484078,waterlevel,1,3012605,세종시(금남교),기후에너지환경부,1.22,True,N,13.85,11.0,8.3
underpass_coordinates:423,나릿재지하차도,underpass_coordinates.csv,,,127.259659,36.484078,waterlevel,2,3012606,세종보(상),기타,1.24,True,N,,,
underpass_coordinates:423,나릿재지하차도,underpass_coordinates.csv,,,127.259659,36.484078,waterlevel,3,3012604,나성,한국수자원공사,1.37,True,N,,,
underpass_coordinates:423,나릿재지하차도,underpass_coordinates.csv,,,127.259659,36.484078,rainfall,1,30124110,세종시(문성교),기후에너지환경부,6.62,False,,,,
underpass_coordinates:423,나릿재지하차도,underpass_coordinates.csv,,,127.259659,36.484078,rainfall,2,30124070,공주시(반포중),기후에너지환경부,9.07,False,,,,
underpass_coordinates:423,나릿재지하차도,underpass_coordinates.csv,,,127.259659,36.484078,rainfall,3,30104040,세종시(명학리),기후에너지환경부,9.61,False,,,,
underpass_coordinates:424,너래지하차도(지하차도-3),underpass_coordinates.csv,,,127.323312,36.529328,waterlevel,1,3011695,세종시(월산교),기후에너지환경부,0.56,True,N,12.39,10.1,8.0
underpass_coordinates:424,너래지하차도(지하차도-3),underpass_coordinates.csv,,,127.323312,36.529328,waterlevel,2,3010660,세종시(명학리),기후에너지환경부,3.23,True,N,11.18,9.0,6.8
underpass_coordinates:424,너래지하차도(지하차도-3),underpass_coordinates.csv,,,127.323312,36.529328,waterlevel,3,3010655,세종시(산수1교),기후에너지환경부,3.79,True,N,4.3,3.6,3.0
underpass_coordinates:424,너래지하차도(지하차도-3),underpass_coordinates.csv,,,127.323312,36.529328,rainfall,1,30104040,세종시(명학리),기후에너지환경부,3.23,True,,,,
underpass_coordinates:424,너래지하차도(지하차도-3),underpass_coordinates.csv,,,127.323312,36.529328,rainfall,2,30104010,세종시(부강면사무소),기후에너지환경부,4.27,True,,,,
underpass_coordinates:424,너래지하차도(지하차도-3),underpass_coordinates.csv,,,127.323312,36.529328,rainfall,3,30114070,세종시(농정원),기후에너지환경부,7.54,False,,,,
underpass_coordinates:426,미르지하차도(지하차도-8),underpass_coordinates.csv,,,127.304629,36.537062,waterlevel,1,3011695,세종시(월산교),기후에너지환경부,1.82,True,N,12.39,10.1,8.0
underpass_coordinates:426,미르지하차도(지하차도-8),underpass_coordinates.csv,,,127.304629,36.537062,waterlevel,2,3011687,세종시(월암교),기후에너지환경부,4.03,True,N,6.47,5.5,4.5
underpass_coordinates:426,미르지하차도(지하차도-8),underpass_coordinates.csv,,,127.304629,36.537062,waterlevel,3,3012602,세종시(햇무리교),기후에너지환경부,4.24,True,Y,15.28,12.0,9.5
underpass_coordinates:426,미르지하차도(지하차도-8),underpass_coordinates.csv,,,127.304629,36.537062,rainfall,1,30104040,세종시(명학리),기후에너지환경부,5.09,False,,,,
underpass_coordinates:426,미르지하차도(지하차도-8),underpass_coordinates.csv,,,127.304629,36.537062,rainfall,2,30104010,세종시(부강면사무소),기후에너지환경부,6.0,False,,,,
underpass_coordinates:426,미르지하차도(지하차도-8),underpass_coordinates.csv,,,127.304629,36.537062,rainfall,3,30114070,세종시(농정원),기후에너지환경부,6.26,False,,,,
underpass_coordinates:428,사름지하차도,underpass_coordinates.csv,,,127.262995,36.47904,waterlevel,1,3012605,세종시(금남교),기후에너지환경부,0.71,True,N,13.85,11.0,8.3
underpass_coordinates:428,사름지하차도,underpass_coordinates.csv,,,127.262995,36.47904,waterlevel,2,3012606,세종보(상),기타,0.72,True,N,,,
underpass_coordinates:428,사름지하차도,underpass_coordinates.csv,,,127.262995,36.47904,waterlevel,3,3012604,나성,한국수자원공사,1.0,True,N,,,
underpass_coordinates:428,사름지하차도,underpass_coordinates.csv,,,127.262995,36.47904,rainfall,1,30124110,세종시(문성교),기후에너지환경부,7.18,False,,,,
underpass_coordinates:428,사름지하차도,underpass_coordinates.csv,,,127.262995,36.47904,rainfall,2,30124070,공주시(반포중),기후에너지환경부,8.57,False,,,,
underpass_coordinates:428,사름지하차도,underpass_coordinates.csv,,,127.262995,36.47904,rainfall,3,30104040,세종시(명학리),기후에너지환경부,9.6,False,,,,
underpass_coordinates:430,새롬지하차도,underpass_coordinates.csv,,,127.256527,36.491064,waterlevel,1,3012600,세종시(종촌1교),기후에너지환경부,0.94,True,N,3.87,3.1,2.4
underpass_coordinates:430,새롬지하차도,underpass_coordinates.csv,,,127.256527,36.491064,waterlevel,2,3012605,세종시(금남교),기후에너지환경부,1.95,True,N,13.85,11.0,8.3
underpass_coordinates:430,새롬지하차도,underpass_coordinates.csv,,,127.256527,36.491064,waterlevel,3,3012606,세종보(상),기타,1.98,True,N,,,
underpass_coordinates:430,새롬지하차도,underpass_coordinates.csv,,,127.256527,36.491064,rainfall,1,30124110,세종시(문성교),기후에너지환경부,6.01,False,,,,
underpass_coordinates:430,새롬지하차도,underpass_coordinates.csv,,,127.256527,36.491064,rainfall,2,30104040,세종시(명학리),기후에너지환경부,9.58,False,,,,
underpass_coordinates:430,새롬지하차도,underpass_coordinates.csv,,,127.256527,36.491064,rainfall,3,30124070,공주시(반포중),기후에너지환경부,9.8,False,,,,
underpass_coordinates:431,선샘지하차도(지하차도-4),underpass_coordinates.csv,,,127.315551,36.534899,waterlevel,1,3011695,세종시(월산교),기후에너지환경부,1.09,True,N,12.39,10.1,8.0
underpass_coordinates:431,선샘지하차도(지하차도-4),underpass_coordinates.csv,,,127.315551,36.534899,waterlevel,2,3010660,세종시(명학리),기후에너지환경부,4.1,True,N,11.18,9.0,6.8
underpass_coordinates:431,선샘지하차도(지하차도-4),underpass_coordinates.csv,,,127.315551,36.534899,waterlevel,3,3010655,세종시(산수1교),기후에너지환경부,4.1,True,N,4.3,3.6,3.0
underpass_coordinates:431,선샘지하차도(지하차도-4),underpass_coordinates.csv,,,127.315551,36.534899,rainfall,1,30104040,세종시(명학리),기후에너지환경부,4.1,True,,,,
underpass_coordinates:431,선샘지하차도(지하차도-4),underpass_coordinates.csv,,,127.315551,36.534899,rainfall,2,30104010,세종시(부강면사무소),기후에너지환경부,5.0,False,,,,
underpass_coordinates:431,선샘지하차도(지하차도-4),underpass_coordinates.csv,,,127.315551,36.534899,rainfall,3,30114070,세종시(농정원),기후에너지환경부,6.73,False,,,,
underpass_coordinates:432,성금지하차도,underpass_coordinates.csv,,,127.261457,36.508463,waterlevel,1,3012600,세종시(종촌1교),기후에너지환경부,1.4,True,N,3.87,3.1,2.4
underpass_coordinates:432,성금지하차도,underpass_coordinates.csv,,,127.261457,36.508463,waterlevel,2,3012604,나성,한국수자원공사,3.36,True,N,,,
underpass_coordinates:432,성금지하차도,underpass_coordinates.csv,,,127.261457,36.508463,waterlevel,3,3012605,세종시(금남교),기후에너지환경부,3.51,True,N,13.85,11.0,8.3
underpass_coordinates:432,성금지하차도,underpass_coordinates.csv,,,127.261457,36.508463,rainfall,1,30124110,세종시(문성교),기후에너지환경부,5.88,False,,,,
underpass_coordinates:432,성금지하차도,underpass_coordinates.csv,,,127.261457,36.508463,rainfall,2,30104040,세종시(명학리),기후에너지환경부,8.68,False,,,,
underpass_coordinates:432,성금지하차도,underpass_coordinates.csv,,,127.261457,36.508463,rainfall,3,30114070,세종시(농정원),기후에너지환경부,9.75,False,,,,
underpass_coordinates:433,수루배지하차도(BRT지하차도),underpass_coordinates.csv,,,127.306714,36.495356,waterlevel,1,3012602,세종시(햇무리교),기후에너지환경부,0.8,True,Y,15.28,12.0,9.5
underpass_coordinates:433,수루배지하차도(BRT지하차도),underpass_coordinates.csv,,,127.306714,36.495356,waterlevel,2,3012604,나성,한국수자원공사,3.37,True,N,,,
underpass_coordinates:433,수루배지하차도(BRT지하차도),underpass_coordinates.csv,,,127.306714,36.495356,waterlevel,3,3011695,세종시(월산교),기후에너지환경부,3.54,True,N,12.39,10.1,8.0
underpass_coordinates:433,수루배지하차도(BRT지하차도),underpass_coordinates.csv,,,127.306714,36.495356,rainfall,1,30104040,세종시(명학리),기후에너지환경부,5.3,False,,,,
underpass_coordinates:433,수루배지하차도(BRT지하차도),underpass_coordinates.csv,,,127.306714,36.495356,rainfall,2,30104010,세종시(부강면사무소),기후에너지환경부,6.87,False,,,,
underpass_coordinates:433,수루배지하차도(BRT지하차도),underpass_coordinates.csv,,,127.306714,36.495356,rainfall,3,30124110,세종시(문성교),기후에너지환경부,10.12,False,,,,
underpass_coordinates:438,호려울지하차도(BRT지하차도),underpass_coordinates.csv,,,127.293261,36.480528,waterlevel,1,3012604,나성,한국수자원공사,1.71,True,N,,,
underpass_coordinates:438,호려울지하차도(BRT지하차도),underpass_coordinates.csv,,,127.293261,36.480528,waterlevel,2,3012605,세종시(금남교),기후에너지환경부,2.03,True,N,13.85,11.0,8.3
underpass_coordinates:438,호려울지하차도(BRT지하차도),underpass_coordinates.csv,,,127.293261,36.480528,waterlevel,3,3012606,세종보(상),기타,2.03,True,N,,,
underpass_coordinates:438,호려울지하차도(BRT지하차도),underpass_coordinates.csv,,,127.293261,36.480528,rainfall,1,30104040,세종시(명학리),기후에너지환경부,7.23,False,,,,
underpass_coordinates:438,호려울지하차도(BRT지하차도),underpass_coordinates.csv,,,127.293261,36.480528,rainfall,2,30104010,세종시(부강면사무소),기후에너지환경부,8.81,False,,,,
underpass_coordinates:438,호려울지하차도(BRT지하차도),underpass_coordinates.csv,,,127.293261,36.480528,rainfall,3,30124110,세종시(문성교),기후에너지환경부,9.48,False,,,,
underpass_coordinates:439,삼산지하차도,underpass_coordinates.csv,,,129.355096,35.544174,waterlevel,1,2201690,울산시(병영교),기후에너지환경부,3.62,True,Y,5.72,5.5,4.4
underpass_coordinates:439,삼산지하차도,underpass_coordinates.csv,,,129.355096,35.544174,waterlevel,2,2301640,울산시(선암댐),한국수자원공사,3.74,True,N,,,
underpass_coordinates:439,삼산지하차도,underpass_coordinates.csv,,,129.355096,35.544174,waterlevel,3,2201670,울산시(태화교),기후에너지환경부,4.26,True,Y,10.78,9.2,8.2
underpass_coordinates:439,삼산지하차도,underpass_coordinates.csv,,,129.355096,35.544174,rainfall,1,23014011,울산시(선암댐),한국수자원공사,3.81,True,,,,
underpass_coordinates:439,삼산지하차도,underpass_coordinates.csv,,,129.355096,35.544174,rainfall,2,22014080,울산시(태화교),기후에너지환경부,4.26,True,,,,
underpass_coordinates:439,삼산지하차도,underpass_coordinates.csv,,,129.355096,35.544174,rainfall,3,22014020,울산시(신답교),기후에너지환경부,9.55,False,,,,
underpass_coordinates:440,삼호지하차도,underpass_coordinates.csv,,,129.270208,35.552972,waterlevel,1,2201660,울산시(삼호교),기후에너지환경부,0.47,True,N,8.52,6.9,5.2
underpass_coordinates:440,삼호지하차도,underpass_coordinates.csv,,,129.270208,35.552972,waterlevel,2,2201653,울산시(구영교),기후에너지환경부,2.17,True,N,7.96,6.7,5.4
underpass_coordinates:440,삼호지하차도,underpass_coordinates.csv,,,129.270208,35.552972,waterlevel,3,2201650,척과,기후에너지환경부,2.38,True,N,,,
underpass_coordinates:440,삼호지하차도,underpass_coordinates.csv,,,129.270208,35.552972,rainfall,1,22014080,울산시(태화교),기후에너지환경부,3.52,True,,,,
underpass_coordinates:440,삼호지하차도,underpass_coordinates.csv,,,129.270208,35.552972,rainfall,2,22014090,울산시(사연교),기후에너지환경부,6.32,False,,,,
underpass_coordinates:440,삼호지하차도,underpass_coordinates.csv,,,129.270208,35.552972,rainfall,3,22014040,척과,기타,6.63,False,,,,
underpass_coordinates:441,옥현지하차도,underpass_coordinates.csv,,,129.266734,35.538502,waterlevel,1,2201660,울산시(삼호교),기후에너지환경부,1.88,True,N,8.52,6.9,5.2
underpass_coordinates:441,옥현지하차도,underpass_coordinates.csv,,,129.266734,35.538502,waterlevel,2,2201653,울산시(구영교),기후에너지환경부,3.03,True,N,7.96,6.7,5.4
underpass_coordinates:441,옥현지하차도,underpass_coordinates.csv,,,129.266734,35.538502,waterlevel,3,2201650,척과,기후에너지환경부,3.48,True,N,,,
underpass_coordinates:441,옥현지하차도,underpass_coordinates.csv,,,129.266734,35.538502,rainfall,1,22014080,울산시(태화교),기후에너지환경부,4.15,True,,,,
underpass_coordinates:441,옥현지하차도,underpass_coordinates.csv,,,129.266734,35.538502,rainfall,2,23014011,울산시(선암댐),한국수자원공사,6.37,False,,,,
underpass_coordinates:441,옥현지하차도,underpass_coordinates.csv,,,129.266734,35.538502,rainfall,3,22014090,울산시(사연교),기후에너지환경부,6.77,False,,,,
underpass_coordinates:443,명촌본선지하차도,underpass_coordinates.csv,,,129.357628,35.549151,waterlevel,1,2201690,울산시(병영교),기후에너지환경부,3.1,True,Y,5.72,5.5,4.4
underpass_coordinates:443,명촌본선지하차도,underpass_coordinates.csv,,,129.357628,35.549151,waterlevel,2,2301640,울산시(선암댐),한국수자원공사,4.32,True,N,,,
underpass_coordinates:443,명촌본선지하차도,underpass_coordinates.csv,,,129.357628,35.549151,waterlevel,3,2201670,울산시(태화교),기후에너지환경부,4.4,True,Y,10.78,9.2,8.2
underpass_coordinates:443,명촌본선지하차도,underpass_coordinates.csv,,,129.357628,35.549151,rainfall,1,23014011,울산시(선암댐),한국수자원공사,4.4,True,,,,
underpass_coordinates:443,명촌본선지하차도,underpass_coordinates.csv,,,129.357628,35.549151,rainfall,2,22014080,울산시(태화교),기후에너지환경부,4.4,True,,,,
underpass_coordinates:443,명촌본선지하차도,underpass_coordinates.csv,,,129.357628,35.549151,rainfall,3,22014020,울산시(신답교),기후에너지환경부,9.02,False,,,,
underpass_coordinates:444,상방지하차도,underpass_coordinates.csv,,,129.359954,35.581004,waterlevel,1,2201690,울산시(병영교),기후에너지환경부,0.87,True,Y,5.72,5.5,4.4
underpass_coordinates:444,상방지하차도,underpass_coordinates.csv,,,129.359954,35.581004,waterlevel,2,2201685,울산시(신답교),기후에너지환경부,5.55,False,N,5.39,4.8,4.1
underpass_coordinates:444,상방지하차도,underpass_coordinates.csv,,,129.359954,35.581004,waterlevel,3,2201670,울산시(태화교),기후에너지환경부,5.58,False,Y,10.78,9.2,8.2
underpass_coordinates:444,상방지하차도,underpass_coordinates.csv,,,129.359954,35.581004,rainfall,1,22014080,울산시(태화교),기후에너지환경부,5.56,False,,,,
underpass_coordinates:444,상방지하차도,underpass_coordinates.csv,,,129.359954,35.581004,rainfall,2,22014020,울산시(신답교),기후에너지환경부,5.57,False,,,,
underpass_coordinates:444,상방지하차도,underpass_coordinates.csv,,,129.359954,35.581004,rainfall,3,23014011,울산시(선암댐),한국수자원공사,7.69,False,,,,
underpass_coordinates:445,화봉지하차도,underpass_coordinates.csv,,,129.357549,35.593135,waterlevel,1,2201690,울산시(병영교),기후에너지환경부,1.9,True,Y,5.72,5.5,4.4
underpass_coordinates:445,화봉지하차도,underpass_coordinates.csv,,,129.357549,35.593135,waterlevel,2,2201685,울산시(신답교),기후에너지환경부,4.19,True,N,5.39,4.8,4.1
underpass_coordinates:445,화봉지하차도,underpass_coordinates.csv,,,129.357549,35.593135,waterlevel,3,2201670,울산시(태화교),기후에너지환경부,6.29,False,Y,10.78,9.2,8.2
underpass_coordinates:445,화봉지하차도,underpass_coordinates.csv,,,129.357549,35.593135,rainfall,1,22014020,울산시(신답교),기후에너지환경부,4.2,True,,,,
underpass_coordinates:445,화봉지하차도,underpass_coordinates.csv,,,129.357549,35.593135,rainfall,2,22014080,울산시(태화교),기후에너지환경부,6.27,False,,,,
underpass_coordinates:445,화봉지하차도,underpass_coordinates.csv,,,129.357549,35.593135,rainfall,3,22014040,척과,기타,7.45,False,,,,
underpass_coordinates:447,처용지하차도,underpass_coordinates.csv,,,129.338429,35.471119,waterlevel,1,2301645,울산시(청백교),기후에너지환경부,2.84,True,N,6.34,5.4,4.5
underpass_coordinates:447,처용지하차도,underpass_coordinates.csv,,,129.338429,35.471119,waterlevel,2,2301650,울산시(동천리),기후에너지환경부,4.94,True,N,7.61,6.7,5.7
underpass_coordinates:447,처용지하차도,underpass_coordinates.csv,,,129.338429,35.471119,waterlevel,3,2301640,울산시(선암댐),한국수자원공사,5.14,False,N,,,
underpass_coordinates:447,처용지하차도,underpass_coordinates.csv,,,129.338429,35.471119,rainfall,1,23014011,울산시(선암댐),한국수자원공사,5.01,False,,,,
underpass_coordinates:447,처용지하차도,underpass_coordinates.csv,,,129.338429,35.471119,rainfall,2,22014080,울산시(태화교),기후에너지환경부,9.46,False,,,,
underpass_coordinates:447,처용지하차도,underpass_coordinates.csv,,,129.338429,35.471119,rainfall,3,23014010,양산시(삼호동),기후에너지환경부,16.14,False,,,,
underpass_coordinates:448,동천 지하차도,underpass_coordinates.csv,,,129.352093,35.560666,waterlevel,1,2201690,울산시(병영교),기후에너지환경부,1.78,True,Y,5.72,5.5,4.4
underpass_coordinates:448,동천 지하차도,underpass_coordinates.csv,,,129.352093,35.560666,waterlevel,2,2201670,울산시(태화교),기후에너지환경부,3.99,True,Y,10.78,9.2,8.2
underpass_coordinates:448,동천 지하차도,underpass_coordinates.csv,,,129.352093,35.560666,waterlevel,3,2301640,울산시(선암댐),한국수자원공사,5.23,False,N,,,
underpass_coordinates:448,동천 지하차도,underpass_coordinates.csv,,,129.352093,35.560666,rainfall,1,22014080,울산시(태화교),기후에너지환경부,3.98,True,,,,
underpass_coordinates:448,동천 지하차도,underpass_coordinates.csv,,,129.352093,35.560666,rainfall,2,23014011,울산시(선암댐),한국수자원공사,5.33,False,,,,
underpass_coordinates:448,동천 지하차도,underpass_coordinates.csv,,,129.352093,35.560666,rainfall,3,22014020,울산시(신답교),기후에너지환경부,7.7,False,,,,
underpass_coordinates:451,중구청 지하차도,underpass_coordinates.csv,,,129.331606,35.569242,waterlevel,1,2201690,울산시(병영교),기후에너지환경부,2.02,True,Y,5.72,5.5,4.4
underpass_coordinates:451,중구청 지하차도,underpass_coordinates.csv,,,129.331606,35.569242,waterlevel,2,2201670,울산시(태화교),기후에너지환경부,2.75,True,Y,10.78,9.2,8.2
underpass_coordinates:451,중구청 지하차도,underpass_coordinates.csv,,,129.331606,35.569242,waterlevel,3,2201660,울산시(삼호교),기후에너지환경부,5.37,False,N,8.52,6.9,5.2
underpass_coordinates:451,중구청 지하차도,underpass_coordinates.csv,,,129.331606,35.569242,rainfall,1,22014080,울산시(태화교),기후에너지환경부,2.73,True,,,,
underpass_coordinates:451,중구청 지하차도,underpass_coordinates.csv,,,129.331606,35.569242,rainfall,2,23014011,울산시(선암댐),한국수자원공사,5.94,False,,,,
underpass_coordinates:451,중구청 지하차도,underpass_coordinates.csv,,,129.331606,35.569242,rainfall,3,22014040,척과,기타,6.77,False,,,,
underpass_coordinates:468,동춘지하차도,underpass_coordinates.csv,,,126.655368,37.400944,waterlevel,1,1201660,인천시(연수교),기후에너지환경부,3.98,True,N,6.7,5.2,4.7
underpass_coordinates:468,동춘지하차도,underpass_coordinates.csv,,,126.655368,37.400944,waterlevel,2,1019612,인천시(굴포1교),기후에너지환경부,13.4,False,N,7.2,6.1,5.0
underpass_coordinates:468,동춘지하차도,underpass_coordinates.csv,,,126.655368,37.400944,waterlevel,3,1202695,서해배수문(외),한국수자원공사,14.12,False,N,,,
underpass_coordinates:468,동춘지하차도,underpass_coordinates.csv,,,126.655368,37.400944,rainfall,1,10184160,부천시(부안초교),기후에너지환경부,16.36,False,,,,
underpass_coordinates:468,동춘지하차도,underpass_coordinates.csv,,,126.655368,37.400944,rainfall,2,12014010,아라인천TM,한국수자원공사,18.41,False,,,,
underpass_coordinates:468,동춘지하차도,underpass_coordinates.csv,,,126.655368,37.400944,rainfall,3,12024020,안산시(장상동),기후에너지환경부,20.68,False,,,,
underpass_coordinates:469,선학지하차도,underpass_coordinates.csv,,,126.698131,37.423249,waterlevel,1,1201660,인천시(연수교),기후에너지환경부,0.76,True,N,6.7,5.2,4.7
underpass_coordinates:469,선학지하차도,underpass_coordinates.csv,,,126.698131,37.423249,waterlevel,2,1019612,인천시(굴포1교),기후에너지환경부,9.77,False,N,7.2,6.1,5.0
underpass_coordinates:469,선학지하차도,underpass_coordinates.csv,,,126.698131,37.423249,waterlevel,3,1019640,굴포천(내),한국수자원공사,12.36,False,N,,,
underpass_coordinates:469,선학지하차도,underpass_coordinates.csv,,,126.698131,37.423249,rainfall,1,10184160,부천시(부안초교),기후에너지환경부,11.84,False,,,,
underpass_coordinates:469,선학지하차도,underpass_coordinates.csv,,,126.698131,37.423249,rainfall,2,12014010,아라인천TM,한국수자원공사,17.15,False,,,,
underpass_coordinates:469,선학지하차도,underpass_coordinates.csv,,,126.698131,37.423249,rainfall,3,10194020,귤현보,한국수자원공사,17.33,False,,,,
underpass_coordinates:477,삼목선착장지하차도,underpass_coordinates.csv,,,126.453944,37.497354,waterlevel,1,1201653,아라서해갑문(외),한국수자원공사,14.77,False,N,,,
underpass_coordinates:477,삼목선착장지하차도,underpass_coordinates.csv,,,126.453944,37.497354,waterlevel,2,1201652,아라서해갑실(남),한국수자원공사,14.91,False,N,,,
underpass_coordinates:477,삼목선착장지하차도,underpass_coordinates.csv,,,126.453944,37.497354,waterlevel,3,1201654,아라서해갑실(북),한국수자원공사,14.92,False,N,,,
underpass_coordinates:477,삼목선착장지하차도,underpass_coordinates.csv,,,126.453944,37.497354,rainfall,1,12014010,아라인천TM,한국수자원공사,16.27,False,,,,
underpass_coordinates:477,삼목선착장지하차도,underpass_coordinates.csv,,,126.453944,37.497354,rainfall,2,10194010,김포시(김포시청),기후에너지환경부,26.53,False,,,,
underpass_coordinates:477,삼목선착장지하차도,underpass_coordinates.csv,,,126.453944,37.497354,rainfall,3,10194020,귤현보,한국수자원공사,28.76,False,,,,
underpass_coordinates:486,석창지하차도,underpass_coordinates.csv,,,127.662784,34.78421,waterlevel,1,4105694,여수시(연등5교),기후에너지환경부,6.3,False,N,6.11,3.5,2.8
underpass_coordinates:486,석창지하차도,underpass_coordinates.csv,,,127.662784,34.78421,waterlevel,2,2502610,남해군(금서교),기후에너지환경부,16.76,False,N,3.36,3.0,2.5
underpass_coordinates:486,석창지하차도,underpass_coordinates.csv,,,127.662784,34.78421,waterlevel,3,4105625,광양시(성황4교),기후에너지환경부,16.97,False,N,3.51,2.9,2.2
underpass_coordinates:486,석창지하차도,underpass_coordinates.csv,,,127.662784,34.78421,rainfall,1,41044040,순천국토관리사무소,기후에너지환경부,22.68,False,,,,
underpass_coordinates:486,석창지하차도,underpass_coordinates.csv,,,127.662784,34.78421,rainfall,2,41044020,순천시(주암조절지댐),한국수자원공사,27.74,False,,,,
underpass_coordinates:486,석창지하차도,underpass_coordinates.csv,,,127.662784,34.78421,rainfall,3,41054030,광양시(수어댐),한국수자원공사,27.77,False,,,,
underpass_coordinates:487,엑스포지하차도,underpass_coordinates.csv,,,127.745466,34.748569,waterlevel,1,4105694,여수시(연등5교),기후에너지환경부,2.25,True,N,6.11,3.5,2.8
underpass_coordinates:487,엑스포지하차도,underpass_coordinates.csv,,,127.745466,34.748569,waterlevel,2,2502610,남해군(금서교),기후에너지환경부,11.29,False,N,3.36,3.0,2.5
underpass_coordinates:487,엑스포지하차도,underpass_coordinates.csv,,,127.745466,34.748569,waterlevel,3,2502630,남해군(봉천교),기후에너지환경부,16.64,False,N,4.75,4.1,3.4
underpass_coordinates:487,엑스포지하차도,underpass_coordinates.csv,,,127.745466,34.748569,rainfall,1,41044040,순천국토관리사무소,기후에너지환경부,30.88,False,,,,
underpass_coordinates:487,엑스포지하차도,underpass_coordinates.csv,,,127.745466,34.748569,rainfall,2,41054030,광양시(수어댐),한국수자원공사,31.31,False,,,,
underpass_coordinates:487,엑스포지하차도,underpass_coordinates.csv,,,127.745466,34.748569,rainfall,3,40094090,하동군(읍내리),기후에너지환경부,35.37,False,,,,
underpass_coordinates:490,예술의전당 지하차도,underpass_coordinates.csv,,,126.705035,35.960729,waterlevel,1,3203690,군산시(신미장교),기후에너지환경부,1.64,True,N,3.59,3.2,2.8
underpass_coordinates:490,예술의전당 지하차도,underpass_coordinates.csv,,,126.705035,35.960729,waterlevel,2,3014690,금강하구둑(내),한국농어촌공사,7.22,False,N,,,
underpass_coordinates:490,예술의전당 지하차도,underpass_coordinates.csv,,,126.705035,35.960729,waterlevel,3,3014695,금강하구둑(외),한국농어촌공사,7.24,False,N,,,
underpass_coordinates:490,예술의전당 지하차도,underpass_coordinates.csv,,,126.705035,35.960729,rainfall,1,30144030,서천군(망월리),기후에너지환경부,8.95,False,,,,
underpass_coordinates:490,예술의전당 지하차도,underpass_coordinates.csv,,,126.705035,35.960729,rainfall,2,33014020,군산시(임피초교),기후에너지환경부,13.28,False,,,,
underpass_coordinates:490,예술의전당 지하차도,underpass_coordinates.csv,,,126.705035,35.960729,rainfall,3,30144040,서천군(충남디자인예술고),기후에너지환경부,16.81,False,,,,
underpass_coordinates:494,중앙지하차도,underpass_coordinates.csv,,,126.943975,35.940761,waterlevel,1,3301684,익산시(나룻2교),기후에너지환경부,1.87,True,N,2.8,2.4,2.0
underpass_coordinates:494,중앙지하차도,underpass_coordinates.csv,,,126.943975,35.940761,waterlevel,2,3301685,익산시(만경교),기후에너지환경부,3.21,True,N,9.49,7.7,6.0
underpass_coordinates:494,중앙지하차도,underpass_coordinates.csv,,,126.943975,35.940761,waterlevel,3,3301680,익산시(임상교),기후에너지환경부,5.09,False,N,6.99,4.9,4.0
underpass_coordinates:494,중앙지하차도,underpass_coordinates.csv,,,126.943975,35.940761,rainfall,1,33014080,김제시(용지초교),기후에너지환경부,9.66,False,,,,
underpass_coordinates:494,중앙지하차도,underpass_coordinates.csv,,,126.943975,35.940761,rainfall,2,33014090,익산시(미륵초교),기후에너지환경부,9.77,False,,,,
underpass_coordinates:494,중앙지하차도,underpass_coordinates.csv,,,126.943975,35.940761,rainfall,3,33014020,군산시(임피초교),기후에너지환경부,10.01,False,,,,
underpass_coordinates:495,하나로 지하차도,underpass_coordinates.csv,,,126.990887,36.043576,waterlevel,1,3014632,익산시(흥왕교),기후에너지환경부,6.62,False,N,5.43,4.4,3.3
underpass_coordinates:495,하나로 지하차도,underpass_coordinates.csv,,,126.990887,36.043576,waterlevel,2,3301680,익산시(임상교),기후에너지환경부,7.49,False,N,6.99,4.9,4.0
underpass_coordinates:495,하나로 지하차도,underpass_coordinates.csv,,,126.990887,36.043576,waterlevel,3,3014639,익산시(난포교),기후에너지환경부,11.12,False,N,7.98,7.1,5.8
underpass_coordinates:495,하나로 지하차도,underpass_coordinates.csv,,,126.990887,36.043576,rainfall,1,30144050,익산시(연동리),기후에너지환경부,4.11,True,,,,
underpass_coordinates:495,하나로 지하차도,underpass_coordinates.csv,,,126.990887,36.043576,rainfall,2,30144020,익산시(함열초교),기후에너지환경부,4.63,True,,,,
underpass_coordinates:495,하나로 지하차도,underpass_coordinates.csv,,,126.990887,36.043576,rainfall,3,33014090,익산시(미륵초교),기후에너지환경부,5.49,False,,,,
underpass_coordinates:497,27호광장 지하차도,underpass_coordinates.csv,,,127.122736,35.833861,waterlevel,1,3301655,전주시(서곡교),기후에너지환경부,1.57,True,N,4.7,3.9,3.0
underpass_coordinates:497,27호광장 지하차도,underpass_coordinates.csv,,,127.122736,35.833861,waterlevel,2,3301657,전주시(서천교),기후에너지환경부,2.94,True,Y,5.74,5.0,4.0
underpass_coordinates:497,27호광장 지하차도,underpass_coordinates.csv,,,127.122736,35.833861,waterlevel,3,3301637,전주시(안덕교),기후에너지환경부,4.03,True,N,3.07,2.5,1.9
underpass_coordinates:497,27호광장 지하차도,underpass_coordinates.csv,,,127.122736,35.833861,rainfall,1,33014120,완주군(용진초교),기후에너지환경부,5.42,False,,,,
underpass_coordinates:497,27호광장 지하차도,underpass_coordinates.csv,,,127.122736,35.833861,rainfall,2,33014100,전주시(미산교),기후에너지환경부,5.56,False,,,,
underpass_coordinates:497,27호광장 지하차도,underpass_coordinates.csv,,,127.122736,35.833861,rainfall,3,33014060,대천,기후에너지환경부,8.05,False,,,,
underpass_coordinates:499,안덕원지하차도,underpass_coordinates.csv,,,127.168963,35.840122,waterlevel,1,3301637,전주시(안덕교),기후에너지환경부,0.2,True,N,3.07,2.5,1.9
underpass_coordinates:499,안덕원지하차도,underpass_coordinates.csv,,,127.168963,35.840122,waterlevel,2,3301657,전주시(서천교),기후에너지환경부,3.98,True,Y,5.74,5.0,4.0
underpass_coordinates:499,안덕원지하차도,underpass_coordinates.csv,,,127.168963,35.840122,waterlevel,3,3301640,완주군(제2소양교),기후에너지환경부,4.39,True,Y,3.83,3.4,2.9
underpass_coordinates:499,안덕원지하차도,underpass_coordinates.csv,,,127.168963,35.840122,rainfall,1,33014120,완주군(용진초교),기후에너지환경부,1.99,True,,,,
underpass_coordinates:499,안덕원지하차도,underpass_coordinates.csv,,,127.168963,35.840122,rainfall,2,33014100,전주시(미산교),기후에너지환경부,7.78,False,,,,
underpass_coordinates:499,안덕원지하차도,underpass_coordinates.csv,,,127.168963,35.840122,rainfall,3,33014060,대천,기후에너지환경부,10.33,False,,,,
underpass_coordinates:508,세교지하차도,underpass_coordinates.csv,,,127.093683,36.782157,waterlevel,1,3101670,천안시(휴대교),기후에너지환경부,1.78,True,N,5.97,4.7,3.7
underpass_coordinates:508,세교지하차도,underpass_coordinates.csv,,,127.093683,36.782157,waterlevel,2,3101673,아산시(새터교),기후에너지환경부,3.04,True,N,4.74,3.9,3.0
underpass_coordinates:508,세교지하차도,underpass_coordinates.csv,,,127.093683,36.782157,waterlevel,3,3101675,아산시(한내다리),기후에너지환경부,3.66,True,N,6.98,5.5,4.5
underpass_coordinates:508,세교지하차도,underpass_coordinates.csv,,,127.093683,36.782157,rainfall,1,31014130,아산시(휴대교),기후에너지환경부,1.77,True,,,,
underpass_coordinates:508,세교지하차도,underpass_coordinates.csv,,,127.093683,36.782157,rainfall,2,31014070,아산,한국농어촌공사,7.26,False,,,,
underpass_coordinates:508,세교지하차도,underpass_coordinates.csv,,,127.093683,36.782157,rainfall,3,31014140,천안시(신흥교),기후에너지환경부,8.97,False,,,,
underpass_coordinates:510,장재지하차도,underpass_coordinates.csv,,,127.10973,36.784434,waterlevel,1,3101670,천안시(휴대교),기후에너지환경부,0.53,True,N,5.97,4.7,3.7
underpass_coordinates:510,장재지하차도,underpass_coordinates.csv,,,127.10973,36.784434,waterlevel,2,3101667,천안시(눈들교),기후에너지환경부,2.83,True,N,4.64,3.8,3.2
underpass_coordinates:510,장재지하차도,underpass_coordinates.csv,,,127.10973,36.784434,waterlevel,3,3101673,아산시(새터교),기후에너지환경부,3.56,True,N,4.74,3.9,3.0
underpass_coordinates:510,장재지하차도,underpass_coordinates.csv,,,127.10973,36.784434,rainfall,1,31014130,아산시(휴대교),기후에너지환경부,0.61,True,,,,
underpass_coordinates:510,장재지하차도,underpass_coordinates.csv,,,127.10973,36.784434,rainfall,2,31014070,아산,한국농어촌공사,8.7,False,,,,
underpass_coordinates:510,장재지하차도,underpass_coordinates.csv,,,127.10973,36.784434,rainfall,3,31014140,천안시(신흥교),기후에너지환경부,9.05,False,,,,
underpass_coordinates:512,두정지하차도,underpass_coordinates.csv,,,127.151459,36.838701,waterlevel,1,3101667,천안시(눈들교),기후에너지환경부,5.53,False,N,4.64,3.8,3.2
underpass_coordinates:512,두정지하차도,underpass_coordinates.csv,,,127.151459,36.838701,waterlevel,2,3101672,아산시(덕지리),기후에너지환경부,6.08,False,N,4.66,3.9,3.1
underpass_coordinates:512,두정지하차도,underpass_coordinates.csv,,,127.151459,36.838701,waterlevel,3,3101673,아산시(새터교),기후에너지환경부,7.0,False,N,4.74,3.9,3.0
underpass_coordinates:512,두정지하차도,underpass_coordinates.csv,,,127.151459,36.838701,rainfall,1,11014110,천안시(성거읍사무소),기후에너지환경부,6.1,False,,,,
underpass_coordinates:512,두정지하차도,underpass_coordinates.csv,,,127.151459,36.838701,rainfall,2,31014130,아산시(휴대교),기후에너지환경부,7.38,False,,,,
underpass_coordinates:512,두정지하차도,underpass_coordinates.csv,,,127.151459,36.838701,rainfall,3,11014050,천안시(대홍초교),기후에너지환경부,12.35,False,,,,
underpass_coordinates:513,번영로지하차도,underpass_coordinates.csv,,,127.10553,36.801576,waterlevel,1,3101673,아산시(새터교),기후에너지환경부,2.15,True,N,4.74,3.9,3.0
underpass_coordinates:513,번영로지하차도,underpass_coordinates.csv,,,127.10553,36.801576,waterlevel,2,3101670,천안시(휴대교),기후에너지환경부,2.42,True,N,5.97,4.7,3.7
underpass_coordinates:513,번영로지하차도,underpass_coordinates.csv,,,127.10553,36.801576,waterlevel,3,3101667,천안시(눈들교),기후에너지환경부,3.41,True,N,4.64,3.8,3.2
underpass_coordinates:513,번영로지하차도,underpass_coordinates.csv,,,127.10553,36.801576,rainfall,1,31014130,아산시(휴대교),기후에너지환경부,2.53,True,,,,
underpass_coordinates:513,번영로지하차도,underpass_coordinates.csv,,,127.10553,36.801576,rainfall,2,31014070,아산,한국농어촌공사,8.65,False,,,,
underpass_coordinates:513,번영로지하차도,underpass_coordinates.csv,,,127.10553,36.801576,rainfall,3,31014140,천안시(신흥교),기후에너지환경부,10.98,False,,,,
underpass_coordinates:514,성성지하차도,underpass_coordinates.csv,,,127.118908,36.838657,waterlevel,1,3101672,아산시(덕지리),기후에너지환경부,3.24,True,N,4.66,3.9,3.1
underpass_coordinates:514,성성지하차도,underpass_coordinates.csv,,,127.118908,36.838657,waterlevel,2,3101673,아산시(새터교),기후에너지환경부,4.68,True,N,4.74,3.9,3.0
underpass_coordinates:514,성성지하차도,underpass_coordinates.csv,,,127.118908,36.838657,waterlevel,3,3101667,천안시(눈들교),기후에너지환경부,5.78,False,N,4.64,3.8,3.2
underpass_coordinates:514,성성지하차도,underpass_coordinates.csv,,,127.118908,36.838657,rainfall,1,31014130,아산시(휴대교),기후에너지환경부,6.57,False,,,,
underpass_coordinates:514,성성지하차도,underpass_coordinates.csv,,,127.118908,36.838657,rainfall,2,11014110,천안시(성거읍사무소),기후에너지환경부,8.38,False,,,,
underpass_coordinates:514,성성지하차도,underpass_coordinates.csv,,,127.118908,36.838657,rainfall,3,31014070,아산,한국농어촌공사,11.52,False,,,,
underpass_coordinates:515,직산지하차도,underpass_coordinates.csv,,,127.146594,36.876596,waterlevel,1,1101631,천안시(장천교),기후에너지환경부,5.61,False,N,7.8,6.9,6.0
underpass_coordinates:515,직산지하차도,underpass_coordinates.csv,,,127.146594,36.876596,waterlevel,2,3101672,아산시(덕지리),기후에너지환경부,7.55,False,N,4.66,3.9,3.1
underpass_coordinates:515,직산지하차도,underpass_coordinates.csv,,,127.146594,36.876596,waterlevel,3,3101673,아산시(새터교),기후에너지환경부,9.5,False,N,4.74,3.9,3.0
underpass_coordinates:515,직산지하차도,underpass_coordinates.csv,,,127.146594,36.876596,rainfall,1,11014110,천안시(성거읍사무소),기후에너지환경부,4.68,True,,,,
underpass_coordinates:515,직산지하차도,underpass_coordinates.csv,,,127.146594,36.876596,rainfall,2,11014050,천안시(대홍초교),기후에너지환경부,8.13,False,,,,
underpass_coordinates:515,직산지하차도,underpass_coordinates.csv,,,127.146594,36.876596,rainfall,3,31014130,아산시(휴대교),기후에너지환경부,11.17,False,,,,
underpass_coordinates:517,고명지하차도,underpass_coordinates.csv,,,128.229196,37.118004,waterlevel,1,1003657,제천시(강저3교),기후에너지환경부,2.31,True,N,4.4,3.6,3.1
underpass_coordinates:517,고명지하차도,underpass_coordinates.csv,,,128.229196,37.118004,waterlevel,2,1003660,제천시(팔송교),기후에너지환경부,10.23,False,N,5.0,4.0,3.3
underpass_coordinates:517,고명지하차도,underpass_coordinates.csv,,,128.229196,37.118004,waterlevel,3,1003661,제천시(구곡교),기후에너지환경부,10.93,False,Y,8.3,6.2,5.3
underpass_coordinates:517,고명지하차도,underpass_coordinates.csv,,,128.229196,37.118004,rainfall,1,10034140,단양군(가평리),한국수자원공사,7.4,False,,,,
underpass_coordinates:517,고명지하차도,underpass_coordinates.csv,,,128.229196,37.118004,rainfall,2,10034150,제천시(삼거리),한국수자원공사,8.96,False,,,,
underpass_coordinates:517,고명지하차도,underpass_coordinates.csv,,,128.229196,37.118004,rainfall,3,10034090,제천시(물태리),한국수자원공사,14.51,False,,,,
underpass_coordinates:521,용암지하차도,underpass_coordinates.csv,,,127.516557,36.6195,waterlevel,1,3011639,청주시(운암1교),기후에너지환경부,1.01,True,N,4.0,3.3,2.6
underpass_coordinates:521,용암지하차도,underpass_coordinates.csv,,,127.516557,36.6195,waterlevel,2,3011637,청주시(월오교),기후에너지환경부,1.72,True,N,3.16,2.6,2.1
underpass_coordinates:521,용암지하차도,underpass_coordinates.csv,,,127.516557,36.6195,waterlevel,3,3011643,청주시(용평교),기후에너지환경부,1.93,True,N,4.9,4.0,3.2
underpass_coordinates:521,용암지하차도,underpass_coordinates.csv,,,127.516557,36.6195,rainfall,1,30114020,청주시(흥덕교),기후에너지환경부,4.36,True,,,,
underpass_coordinates:521,용암지하차도,underpass_coordinates.csv,,,127.516557,36.6195,rainfall,2,30114040,청주시(가덕초교),기후에너지환경부,7.13,False,,,,
underpass_coordinates:521,용암지하차도,underpass_coordinates.csv,,,127.516557,36.6195,rainfall,3,30084080,청원군(상장리),한국수자원공사,11.89,False,,,,
underpass_coordinates:522,터미널 지하차도,underpass_coordinates.csv,,,127.429576,36.626966,waterlevel,1,3011663,청주시(향정동),기후에너지환경부,2.49,True,N,4.81,3.9,3.1
underpass_coordinates:522,터미널 지하차도,underpass_coordinates.csv,,,127.429576,36.626966,waterlevel,2,3011645,청주시(흥덕교),기후에너지환경부,5.12,False,Y,5.99,5.0,4.0
underpass_coordinates:522,터미널 지하차도,underpass_coordinates.csv,,,127.429576,36.626966,waterlevel,3,3011640,청주시(장성2교),기후에너지환경부,5.17,False,N,3.09,2.5,1.9
underpass_coordinates:522,터미널 지하차도,underpass_coordinates.csv,,,127.429576,36.626966,rainfall,1,30114020,청주시(흥덕교),기후에너지환경부,5.12,False,,,,
underpass_coordinates:522,터미널 지하차도,underpass_coordinates.csv,,,127.429576,36.626966,rainfall,2,30114110,옥산,기후에너지환경부,8.04,False,,,,
underpass_coordinates:522,터미널 지하차도,underpass_coordinates.csv,,,127.429576,36.626966,rainfall,3,30104010,세종시(부강면사무소),기후에너지환경부,12.06,False,,,,
underpass_coordinates:524,입암지하차도,underpass_coordinates.csv,,,128.908744,37.756922,waterlevel,1,1302648,강릉시(회산교),기후에너지환경부,3.74,True,Y,5.8,4.8,3.8
underpass_coordinates:524,입암지하차도,underpass_coordinates.csv,,,128.908744,37.756922,waterlevel,2,1302655,강릉시(난곡교),기후에너지환경부,3.86,True,N,3.7,3.2,2.7
underpass_coordinates:524,입암지하차도,underpass_coordinates.csv,,,128.908744,37.756922,waterlevel,3,1302646,강릉시(오봉교),기후에너지환경부,9.14,False,N,5.8,4.8,3.8
underpass_coordinates:524,입암지하차도,underpass_coordinates.csv,,,128.908744,37.756922,rainfall,1,13024010,강릉시(소금강분소),기후에너지환경부,18.72,False,,,,
underpass_coordinates:524,입암지하차도,underpass_coordinates.csv,,,128.908744,37.756922,rainfall,2,10014260,송천1교,한국수력원자력,20.1,False,,,,
underpass_coordinates:524,입암지하차도,underpass_coordinates.csv,,,128.908744,37.756922,rainfall,3,10014120,평창군(수하리),한국수자원공사,20.8,False,,,,
underpass_coordinates:525,교동지하차도,underpass_coordinates.csv,,,128.56658,38.204572,waterlevel,1,1301665,속초시(응골교),기후에너지환경부,1.92,True,N,4.2,4.0,3.5
underpass_coordinates:525,교동지하차도,underpass_coordinates.csv,,,128.56658,38.204572,waterlevel,2,1301625,속초시(도문교),기후에너지환경부,4.81,True,N,6.1,5.2,4.4
underpass_coordinates:525,교동지하차도,underpass_coordinates.csv,,,128.56658,38.204572,waterlevel,3,1301632,양양군(북평교),기후에너지환경부,15.27,False,N,7.1,6.6,5.3
underpass_coordinates:525,교동지하차도,underpass_coordinates.csv,,,128.56658,38.204572,rainfall,1,10114050,인제군(백담산장),기후에너지환경부,17.45,False,,,,
underpass_coordinates:525,교동지하차도,underpass_coordinates.csv,,,128.56658,38.204572,rainfall,2,13014020,인제군(한계령),기후에너지환경부,18.46,False,,,,
underpass_coordinates:525,교동지하차도,underpass_coordinates.csv,,,128.56658,38.204572,rainfall,3,10114020,용대,기후에너지환경부,20.64,False,,,,
underpass_coordinates:527,동골지하차도,underpass_coordinates.csv,,,126.774175,37.680402,waterlevel,1,1019661,김포시(사우교),기후에너지환경부,7.42,False,N,3.2,2.4,1.6
underpass_coordinates:527,동골지하차도,underpass_coordinates.csv,,,126.774175,37.680402,waterlevel,2,1019667,고양시(원당교),기후에너지환경부,8.08,False,Y,3.7,3.0,2.5
underpass_coordinates:527,동골지하차도,underpass_coordinates.csv,,,126.774175,37.680402,waterlevel,3,1019635,아라한강갑문(내),한국수자원공사,8.86,False,N,,,
underpass_coordinates:527,동골지하차도,underpass_coordinates.csv,,,126.774175,37.680402,rainfall,1,10194010,김포시(김포시청),기후에너지환경부,8.89,False,,,,
underpass_coordinates:527,동골지하차도,underpass_coordinates.csv,,,126.774175,37.680402,rainfall,2,10194030,아라김포TM,한국수자원공사,9.21,False,,,,
underpass_coordinates:527,동골지하차도,underpass_coordinates.csv,,,126.774175,37.680402,rainfall,3,10194020,귤현보,한국수자원공사,12.38,False,,,,
underpass_coordinates:528,성사주교지하차도,underpass_coordinates.csv,,,126.836665,37.660111,waterlevel,1,1019667,고양시(원당교),기후에너지환경부,3.77,True,Y,3.7,3.0,2.5
underpass_coordinates:528,성사주교지하차도,underpass_coordinates.csv,,,126.836665,37.660111,waterlevel,2,1019630,서울시(행주대교),기후에너지환경부,6.63,False,N,10.9,9.0,7.2
underpass_coordinates:528,성사주교지하차도,underpass_coordinates.csv,,,126.836665,37.660111,waterlevel,3,1018628,행주(등록문화재),기후에너지환경부,7.21,False,N,,,
underpass_coordinates:528,성사주교지하차도,underpass_coordinates.csv,,,126.836665,37.660111,rainfall,1,10194030,아라김포TM,한국수자원공사,7.46,False,,,,
underpass_coordinates:528,성사주교지하차도,underpass_coordinates.csv,,,126.836665,37.660111,rainfall,2,10194010,김포시(김포시청),기후에너지환경부,11.77,False,,,,
underpass_coordinates:528,성사주교지하차도,underpass_coordinates.csv,,,126.836665,37.660111,rainfall,3,10194020,귤현보,한국수자원공사,11.82,False,,,,
underpass_coordinates:531,장항지하차도,underpass_coordinates.csv,,,126.77069,37.653002,waterlevel,1,1019661,김포시(사우교),기후에너지환경부,4.93,True,N,3.2,2.4,1.6
underpass_coordinates:531,장항지하차도,underpass_coordinates.csv,,,126.77069,37.653002,waterlevel,2,1019635,아라한강갑문(내),한국수자원공사,5.99,False,N,,,
underpass_coordinates:531,장항지하차도,underpass_coordinates.csv,,,126.77069,37.653002,waterlevel,3,1019636,아라한강갑실,한국수자원공사,5.99,False,N,,,
underpass_coordinates:531,장항지하차도,underpass_coordinates.csv,,,126.77069,37.653002,rainfall,1,10194030,아라김포TM,한국수자원공사,6.4,False,,,,
underpass_coordinates:531,장항지하차도,underpass_coordinates.csv,,,126.77069,37.653002,rainfall,2,10194010,김포시(김포시청),기후에너지환경부,6.42,False,,,,
underpass_coordinates:531,장항지하차도,underpass_coordinates.csv,,,126.77069,37.653002,rainfall,3,10194020,귤현보,한국수자원공사,9.33,False,,,,
underpass_coordinates:533,화전지하차도(항공대),underpass_coordinates.csv,,,126.86884,37.602582,waterlevel,1,1019630,서울시(행주대교),기후에너지환경부,4.77,True,N,10.9,9.0,7.2
underpass_coordinates:533,화전지하차도(항공대),underpass_coordinates.csv,,,126.86884,37.602582,waterlevel,2,1018628,행주(등록문화재),기후에너지환경부,5.15,False,N,,,
underpass_coordinates:533,화전지하차도(항공대),underpass_coordinates.csv,,,126.86884,37.602582,waterlevel,3,1018686,서울시(홍남교),기후에너지환경부,5.91,False,N,5.3,4.6,3.9
underpass_coordinates:533,화전지하차도(항공대),underpass_coordinates.csv,,,126.86884,37.602582,rainfall,1,10194030,아라김포TM,한국수자원공사,6.14,False,,,,
underpass_coordinates:533,화전지하차도(항공대),underpass_coordinates.csv,,,126.86884,37.602582,rainfall,2,10194020,귤현보,한국수자원공사,9.69,False,,,,
underpass_coordinates:533,화전지하차도(항공대),underpass_coordinates.csv,,,126.86884,37.602582,rainfall,3,10184070,서울,기후에너지환경부,11.56,False,,,,
underpass_coordinates:556,소명지하차도,underpass_coordinates.csv,,,126.788634,37.482989,waterlevel,1,1018695,서울시(너부대교),기후에너지환경부,5.04,False,Y,4.9,4.5,3.5
underpass_coordinates:556,소명지하차도,underpass_coordinates.csv,,,126.788634,37.482989,waterlevel,2,1019640,굴포천(내),한국수자원공사,5.13,False,N,,,
underpass_coordinates:556,소명지하차도,underpass_coordinates.csv,,,126.788634,37.482989,waterlevel,3,1019620,부천시(도두리2교),기후에너지환경부,6.01,False,N,4.6,3.4,2.7
underpass_coordinates:556,소명지하차도,underpass_coordinates.csv,,,126.788634,37.482989,rainfall,1,10184160,부천시(부안초교),기후에너지환경부,2.06,True,,,,
underpass_coordinates:556,소명지하차도,underpass_coordinates.csv,,,126.788634,37.482989,rainfall,2,10184080,서울시(구로구청),기후에너지환경부,8.73,False,,,,
underpass_coordinates:556,소명지하차도,underpass_coordinates.csv,,,126.788634,37.482989,rainfall,3,10194020,귤현보,한국수자원공사,9.77,False,,,,
underpass_coordinates:573,숲풍지하차도,underpass_coordinates.csv,,,127.115247,37.40875,waterlevel,1,1018653,성남시(둔전교),기후에너지환경부,2.15,True,N,8.1,6.9,6.1
underpass_coordinates:573,숲풍지하차도,underpass_coordinates.csv,,,127.115247,37.40875,waterlevel,2,1018650,성남시(궁내교),기후에너지환경부,4.35,True,N,5.1,4.2,3.3
underpass_coordinates:573,숲풍지하차도,underpass_coordinates.csv,,,127.115247,37.40875,waterlevel,3,1018655,서울시(대곡교),기후에너지환경부,6.72,False,Y,8.5,7.1,5.8
underpass_coordinates:573,숲풍지하차도,underpass_coordinates.csv,,,127.115247,37.40875,rainfall,1,10184180,성남시(성남북초교),기후에너지환경부,5.7,False,,,,
underpass_coordinates:573,숲풍지하차도,underpass_coordinates.csv,,,127.115247,37.40875,rainfall,2,10184040,성남시(한국학중앙연구원),기후에너지환경부,5.96,False,,,,
underpass_coordinates:573,숲풍지하차도,underpass_coordinates.csv,,,127.115247,37.40875,rainfall,3,10184100,서울시(대곡교),기후에너지환경부,6.72,False,,,,
underpass_coordinates:574,안말지하차도,underpass_coordinates.csv,,,127.137702,37.389211,waterlevel,1,1018650,성남시(궁내교),기후에너지환경부,3.36,True,N,5.1,4.2,3.3
underpass_coordinates:574,안말지하차도,underpass_coordinates.csv,,,127.137702,37.389211,waterlevel,2,1018653,성남시(둔전교),기후에너지환경부,4.68,True,N,8.1,6.9,6.1
underpass_coordinates:574,안말지하차도,underpass_coordinates.csv,,,127.137702,37.389211,waterlevel,3,1016606,광주시(동림3교),기후에너지환경부,7.52,False,N,5.5,4.8,4.1
underpass_coordinates:574,안말지하차도,underpass_coordinates.csv,,,127.137702,37.389211,rainfall,1,10184230,성남시(구미초교),기후에너지환경부,5.98,False,,,,
underpass_coordinates:574,안말지하차도,underpass_coordinates.csv,,,127.137702,37.389211,rainfall,2,10184130,성남시(대장동),기후에너지환경부,6.83,False,,,,
underpass_coordinates:574,안말지하차도,underpass_coordinates.csv,,,127.137702,37.389211,rainfall,3,10184180,성남시(성남북초교),기후에너지환경부,7.01,False,,,,
underpass_coordinates:596,당암지하차도,underpass_coordinates.csv,,,127.061255,37.243902,waterlevel,1,1101604,수원시(백년교),기후에너지환경부,1.83,True,N,6.4,5.5,4.7
underpass_coordinates:596,당암지하차도,underpass_coordinates.csv,,,127.061255,37.243902,waterlevel,2,1101605,화성시(화산교),기후에너지환경부,4.65,True,N,8.3,6.6,5.3
underpass_coordinates:596,당암지하차도,underpass_coordinates.csv,,,127.061255,37.243902,waterlevel,3,1101601,수원시(매세교),기후에너지환경부,4.83,True,N,4.7,4.1,3.5
underpass_coordinates:596,당암지하차도,underpass_coordinates.csv,,,127.061255,37.243902,rainfall,1,11014090,용인시(신갈저수지),기후에너지환경부,3.5,True,,,,
underpass_coordinates:596,당암지하차도,underpass_coordinates.csv,,,127.061255,37.243902,rainfall,2,11014060,화성시(수원대학교),기후에너지환경부,8.52,False,,,,
underpass_coordinates:596,당암지하차도,underpass_coordinates.csv,,,127.061255,37.243902,rainfall,3,10164070,용인시(역삼동주민센터),기후에너지환경부,11.3,False,,,,
underpass_coordinates:603,새터지하차도,underpass_coordinates.csv,,,127.007079,37.254199,waterlevel,1,1101601,수원시(매세교),기후에너지환경부,1.72,True,N,4.7,4.1,3.5
underpass_coordinates:603,새터지하차도,underpass_coordinates.csv,,,127.007079,37.254199,waterlevel,2,1101604,수원시(백년교),기후에너지환경부,3.16,True,N,6.4,5.5,4.7
underpass_coordinates:603,새터지하차도,underpass_coordinates.csv,,,127.007079,37.254199,waterlevel,3,1101605,화성시(화산교),기후에너지환경부,4.22,True,N,8.3,6.6,5.3
underpass_coordinates:603,새터지하차도,underpass_coordinates.csv,,,127.007079,37.254199,rainfall,1,11014060,화성시(수원대학교),기후에너지환경부,5.68,False,,,,
underpass_coordinates:603,새터지하차도,underpass_coordinates.csv,,,127.007079,37.254199,rainfall,2,11014090,용인시(신갈저수지),기후에너지환경부,8.3,False,,,,
underpass_coordinates:603,새터지하차도,underpass_coordinates.csv,,,127.007079,37.254199,rainfall,3,10184030,남면,기후에너지환경부,11.5,False,,,,
underpass_coordinates:604,세평지하차도,underpass_coordinates.csv,,,127.002964,37.261927,waterlevel,1,1101601,수원시(매세교),기후에너지환경부,1.33,True,N,4.7,4.1,3.5
underpass_coordinates:604,세평지하차도,underpass_coordinates.csv,,,127.002964,37.261927,waterlevel,2,1101604,수원시(백년교),기후에너지환경부,3.71,True,N,6.4,5.5,4.7
underpass_coordinates:604,세평지하차도,underpass_coordinates.csv,,,127.002964,37.261927,waterlevel,3,1101605,화성시(화산교),기후에너지환경부,5.14,False,N,8.3,6.6,5.3
underpass_coordinates:604,세평지하차도,underpass_coordinates.csv,,,127.002964,37.261927,rainfall,1,11014060,화성시(수원대학교),기후에너지환경부,6.28,False,,,,
underpass_coordinates:604,세평지하차도,underpass_coordinates.csv,,,127.002964,37.261927,rainfall,2,11014090,용인시(신갈저수지),기후에너지환경부,8.98,False,,,,
underpass_coordinates:604,세평지하차도,underpass_coordinates.csv,,,127.002964,37.261927,rainfall,3,10184030,남면,기후에너지환경부,10.57,False,,,,
underpass_coordinates:611,탑동지하차도,underpass_coordinates.csv,,,126.969166,37.274148,waterlevel,1,1101601,수원시(매세교),기후에너지환경부,4.18,True,N,4.7,4.1,3.5
underpass_coordinates:611,탑동지하차도,underpass_coordinates.csv,,,126.969166,37.274148,waterlevel,2,1101604,수원시(백년교),기후에너지환경부,6.99,False,N,6.4,5.5,4.7
underpass_coordinates:611,탑동지하차도,underpass_coordinates.csv,,,126.969166,37.274148,waterlevel,3,1101605,화성시(화산교),기후에너지환경부,7.73,False,N,8.3,6.6,5.3
underpass_coordinates:611,탑동지하차도,underpass_coordinates.csv,,,126.969166,37.274148,rainfall,1,11014060,화성시(수원대학교),기후에너지환경부,7.15,False,,,,
underpass_coordinates:611,탑동지하차도,underpass_coordinates.csv,,,126.969166,37.274148,rainfall,2,10184030,남면,기후에너지환경부,8.15,False,,,,
underpass_coordinates:611,탑동지하차도,underpass_coordinates.csv,,,126.969166,37.274148,rainfall,3,10184170,군포시(군포1동주민센터),기후에너지환경부,9.11,False,,,,
underpass_coordinates:614,화산지하차도,underpass_coordinates.csv,,,126.989006,37.285631,waterlevel,1,1101601,수원시(매세교),기후에너지환경부,3.07,True,N,4.7,4.1,3.5
underpass_coordinates:614,화산지하차도,underpass_coordinates.csv,,,126.989006,37.285631,waterlevel,2,1101604,수원시(백년교),기후에너지환경부,6.11,False,N,6.4,5.5,4.7
underpass_coordinates:614,화산지하차도,underpass_coordinates.csv,,,126.989006,37.285631,waterlevel,3,1101605,화성시(화산교),기후에너지환경부,8.04,False,N,8.3,6.6,5.3
underpass_coordinates:614,화산지하차도,underpass_coordinates.csv,,,126.989006,37.285631,rainfall,1,10184030,남면,기후에너지환경부,7.67,False,,,,
underpass_coordinates:614,화산지하차도,underpass_coordinates.csv,,,126.989006,37.285631,rainfall,2,11014060,화성시(수원대학교),기후에너지환경부,8.5,False,,,,
underpass_coordinates:614,화산지하차도,underpass_coordinates.csv,,,126.989006,37.285631,rainfall,3,10184170,군포시(군포1동주민센터),기후에너지환경부,8.51,False,,,,
underpass_coordinates:619,안산역 지하차도,underpass_coordinates.csv,,,126.787152,37.32909,waterlevel,1,1202650,안산시(안산10교),기후에너지환경부,5.15,False,N,6.3,5.4,4.6
underpass_coordinates:619,안산역 지하차도,underpass_coordinates.csv,,,126.787152,37.32909,waterlevel,2,1202660,반월1,기후에너지환경부,6.21,False,N,,,
underpass_coordinates:619,안산역 지하차도,underpass_coordinates.csv,,,126.787152,37.32909,waterlevel,3,1202630,반월2,기후에너지환경부,8.06,False,N,,,
underpass_coordinates:619,안산역 지하차도,underpass_coordinates.csv,,,126.787152,37.32909,rainfall,1,12024010,안산시(안산호동초교),기후에너지환경부,7.12,False,,,,
underpass_coordinates:619,안산역 지하차도,underpass_coordinates.csv,,,126.787152,37.32909,rainfall,2,12024020,안산시(장상동),기후에너지환경부,8.64,False,,,,
underpass_coordinates:619,안산역 지하차도,underpass_coordinates.csv,,,126.787152,37.32909,rainfall,3,10184090,안양시(충훈1교),기후에너지환경부,13.25,False,,,,
underpass_coordinates:621,고은지하차도,underpass_coordinates.csv,,,127.441467,37.135162,waterlevel,1,1007604,안성시(한평교),기후에너지환경부,3.27,True,N,8.0,7.0,5.4
underpass_coordinates:621,고은지하차도,underpass_coordinates.csv,,,127.441467,37.135162,waterlevel,2,1007606,안성시(두현교),기후에너지환경부,7.49,False,N,5.6,4.9,3.7
underpass_coordinates:621,고은지하차도,underpass_coordinates.csv,,,127.441467,37.135162,waterlevel,3,1007642,이천시(동산교),기후에너지환경부,9.34,False,N,5.0,4.2,3.3
underpass_coordinates:621,고은지하차도,underpass_coordinates.csv,,,127.441467,37.135162,rainfall,1,10074090,이천시(장천초교),기후에너지환경부,7.72,False,,,,
underpass_coordinates:621,고은지하차도,underpass_coordinates.csv,,,127.441467,37.135162,rainfall,2,10074080,안성시(삼죽초교),기후에너지환경부,8.81,False,,,,
underpass_coordinates:621,고은지하차도,underpass_coordinates.csv,,,127.441467,37.135162,rainfall,3,11014030,용인시(원삼면사무소),기후에너지환경부,11.91,False,,,,
underpass_coordinates:633,예술공원 지하차도,underpass_coordinates.csv,,,126.915306,37.411117,waterlevel,1,1018690,안양시(충훈1교),기후에너지환경부,1.29,True,N,5.2,4.1,3.0
underpass_coordinates:633,예술공원 지하차도,underpass_coordinates.csv,,,126.915306,37.411117,waterlevel,2,1018693,광명시(시흥대교),기후에너지환경부,4.97,True,N,8.9,6.5,4.7
underpass_coordinates:633,예술공원 지하차도,underpass_coordinates.csv,,,126.915306,37.411117,waterlevel,3,1018692,서울시(신림5교),기후에너지환경부,6.86,False,N,5.4,4.8,3.8
underpass_coordinates:633,예술공원 지하차도,underpass_coordinates.csv,,,126.915306,37.411117,rainfall,1,10184090,안양시(충훈1교),기후에너지환경부,1.29,True,,,,
underpass_coordinates:633,예술공원 지하차도,underpass_coordinates.csv,,,126.915306,37.411117,rainfall,2,10184150,과천시(한국수자원공사),기후에너지환경부,6.5,False,,,,
underpass_coordinates:633,예술공원 지하차도,underpass_coordinates.csv,,,126.915306,37.411117,rainfall,3,10184210,의왕시(포일동),기후에너지환경부,6.89,False,,,,
underpass_coordinates:639,청원 지하차도,underpass_coordinates.csv,,,126.919643,37.405735,waterlevel,1,1018690,안양시(충훈1교),기후에너지환경부,1.47,True,N,5.2,4.1,3.0
underpass_coordinates:639,청원 지하차도,underpass_coordinates.csv,,,126.919643,37.405735,waterlevel,2,1018693,광명시(시흥대교),기후에너지환경부,5.67,False,N,8.9,6.5,4.7
underpass_coordinates:639,청원 지하차도,underpass_coordinates.csv,,,126.919643,37.405735,waterlevel,3,1018692,서울시(신림5교),기후에너지환경부,7.27,False,N,5.4,4.8,3.8
underpass_coordinates:639,청원 지하차도,underpass_coordinates.csv,,,126.919643,37.405735,rainfall,1,10184090,안양시(충훈1교),기후에너지환경부,1.47,True,,,,
underpass_coordinates:639,청원 지하차도,underpass_coordinates.csv,,,126.919643,37.405735,rainfall,2,10184170,군포시(군포1동주민센터),기후에너지환경부,6.2,False,,,,
underpass_coordinates:639,청원 지하차도,underpass_coordinates.csv,,,126.919643,37.405735,rainfall,3,10184150,과천시(한국수자원공사),기후에너지환경부,6.29,False,,,,
underpass_coordinates:643,송추지하차도,underpass_coordinates.csv,,,126.962953,37.712703,waterlevel,1,1019663,양주시(제궁교),기후에너지환경부,3.83,True,N,6.5,5.5,4.7
underpass_coordinates:643,송추지하차도,underpass_coordinates.csv,,,126.962953,37.712703,waterlevel,2,1019606,고양시(은덕교),기후에너지환경부,8.29,False,N,6.0,5.0,4.1
underpass_coordinates:643,송추지하차도,underpass_coordinates.csv,,,126.962953,37.712703,waterlevel,3,1018665,의정부시(신곡교),기후에너지환경부,8.34,False,Y,7.0,6.0,5.1
underpass_coordinates:643,송추지하차도,underpass_coordinates.csv,,,126.962953,37.712703,rainfall,1,10184125,의정부시(도봉차량기지),기후에너지환경부,7.91,False,,,,
underpass_coordinates:643,송추지하차도,underpass_coordinates.csv,,,126.962953,37.712703,rainfall,2,10184010,의정부시(중앙초교),기후에너지환경부,8.16,False,,,,
underpass_coordinates:643,송추지하차도,underpass_coordinates.csv,,,126.962953,37.712703,rainfall,3,10184190,서울시(동막골주차장),기후에너지환경부,11.61,False,,,,
underpass_coordinates:648,농서지하차도,underpass_coordinates.csv,,,127.082475,37.223283,waterlevel,1,1101641,화성시(느티교),기후에너지환경부,2.72,True,N,,,
underpass_coordinates:648,농서지하차도,underpass_coordinates.csv,,,127.082475,37.223283,waterlevel,2,1101604,수원시(백년교),기후에너지환경부,4.68,True,N,6.4,5.5,4.7
underpass_coordinates:648,농서지하차도,underpass_coordinates.csv,,,127.082475,37.223283,waterlevel,3,1101605,화성시(화산교),기후에너지환경부,5.54,False,N,8.3,6.6,5.3
underpass_coordinates:648,농서지하차도,underpass_coordinates.csv,,,127.082475,37.223283,rainfall,1,11014090,용인시(신갈저수지),기후에너지환경부,1.06,True,,,,
underpass_coordinates:648,농서지하차도,underpass_coordinates.csv,,,127.082475,37.223283,rainfall,2,10164070,용인시(역삼동주민센터),기후에너지환경부,9.45,False,,,,
underpass_coordinates:648,농서지하차도,underpass_coordinates.csv,,,127.082475,37.223283,rainfall,3,11014060,화성시(수원대학교),기후에너지환경부,9.63,False,,,,
underpass_coordinates:649,삼막곡제2지하차도,underpass_coordinates.csv,,,127.099447,37.295222,waterlevel,1,1101604,수원시(백년교),기후에너지환경부,7.05,False,N,6.4,5.5,4.7
underpass_coordinates:649,삼막곡제2지하차도,underpass_coordinates.csv,,,127.099447,37.295222,waterlevel,2,1101601,수원시(매세교),기후에너지환경부,7.99,False,N,4.7,4.1,3.5
underpass_coordinates:649,삼막곡제2지하차도,underpass_coordinates.csv,,,127.099447,37.295222,waterlevel,3,1018650,성남시(궁내교),기후에너지환경부,8.35,False,N,5.1,4.2,3.3
underpass_coordinates:649,삼막곡제2지하차도,underpass_coordinates.csv,,,127.099447,37.295222,rainfall,1,10184230,성남시(구미초교),기후에너지환경부,5.0,False,,,,
underpass_coordinates:649,삼막곡제2지하차도,underpass_coordinates.csv,,,127.099447,37.295222,rainfall,2,10184130,성남시(대장동),기후에너지환경부,7.67,False,,,,
underpass_coordinates:649,삼막곡제2지하차도,underpass_coordinates.csv,,,127.099447,37.295222,rainfall,3,11014090,용인시(신갈저수지),기후에너지환경부,7.7,False,,,,
underpass_coordinates:653,서정지하차도,underpass_coordinates.csv,,,127.054146,37.066503,waterlevel,1,1101663,평택시(진위1교),기후에너지환경부,3.17,True,Y,7.0,5.8,4.6
underpass_coordinates:653,서정지하차도,underpass_coordinates.csv,,,127.054146,37.066503,waterlevel,2,1101665,평택시(회화리),기후에너지환경부,3.98,True,N,6.7,4.9,3.7
underpass_coordinates:653,서정지하차도,underpass_coordinates.csv,,,127.054146,37.066503,waterlevel,3,1101670,평택시(동연교),기후에너지환경부,5.26,False,Y,10.1,8.5,7.5
underpass_coordinates:653,서정지하차도,underpass_coordinates.csv,,,127.054146,37.066503,rainfall,1,11014070,평택시(회화리),기후에너지환경부,3.98,True,,,,
underpass_coordinates:653,서정지하차도,underpass_coordinates.csv,,,127.054146,37.066503,rainfall,2,11014010,평택시(진위면사무소),기후에너지환경부,4.93,True,,,,
underpass_coordinates:653,서정지하차도,underpass_coordinates.csv,,,127.054146,37.066503,rainfall,3,11014080,평택시(군문교),기후에너지환경부,9.5,False,,,,
underpass_coordinates:663,구목포지하차도,underpass_coordinates.csv,,,127.039107,37.200198,waterlevel,1,1101605,화성시(화산교),기후에너지환경부,2.57,True,N,8.3,6.6,5.3
underpass_coordinates:663,구목포지하차도,underpass_coordinates.csv,,,127.039107,37.200198,waterlevel,2,1101641,화성시(느티교),기후에너지환경부,3.99,True,N,,,
underpass_coordinates:663,구목포지하차도,underpass_coordinates.csv,,,127.039107,37.200198,waterlevel,3,1101604,수원시(백년교),기후에너지환경부,5.64,False,N,6.4,5.5,4.7
underpass_coordinates:663,구목포지하차도,underpass_coordinates.csv,,,127.039107,37.200198,rainfall,1,11014090,용인시(신갈저수지),기후에너지환경부,5.64,False,,,,
underpass_coordinates:663,구목포지하차도,underpass_coordinates.csv,,,127.039107,37.200198,rainfall,2,11014060,화성시(수원대학교),기후에너지환경부,5.78,False,,,,
underpass_coordinates:663,구목포지하차도,underpass_coordinates.csv,,,127.039107,37.200198,rainfall,3,11014070,평택시(회화리),기후에너지환경부,11.61,False,,,,
underpass_coordinates:672,옥산지하차도,underpass_coordinates.csv,,,128.725501,35.823884,waterlevel,1,2012652,대구시(성동교),기후에너지환경부,3.12,True,N,4.93,4.1,3.2
underpass_coordinates:672,옥산지하차도,underpass_coordinates.csv,,,128.725501,35.823884,waterlevel,2,2012653,대구시(안심교),기후에너지환경부,4.32,True,N,5.47,4.5,3.5
underpass_coordinates:672,옥산지하차도,underpass_coordinates.csv,,,128.725501,35.823884,waterlevel,3,2012648,경산시(압량교),기후에너지환경부,4.85,True,Y,5.01,4.1,3.3
underpass_coordinates:672,옥산지하차도,underpass_coordinates.csv,,,128.725501,35.823884,rainfall,1,20124150,대구시(성동교),기후에너지환경부,3.12,True,,,,
underpass_coordinates:672,옥산지하차도,underpass_coordinates.csv,,,128.725501,35.823884,rainfall,2,20124040,경산시(자인중학교),기후에너지환경부,8.68,False,,,,
underpass_coordinates:672,옥산지하차도,underpass_coordinates.csv,,,128.725501,35.823884,rainfall,3,20124060,신천,기후에너지환경부,10.13,False,,,,
underpass_coordinates:673,장평지하차도,underpass_coordinates.csv,,,128.981929,35.085487,waterlevel,1,2022620,하단,기타,2.13,True,N,0.0,,
underpass_coordinates:673,장평지하차도,underpass_coordinates.csv,,,128.981929,35.085487,waterlevel,2,2302695,부산시(신평동),한국수자원공사,2.63,True,N,0.0,0.0,0.0
underpass_coordinates:673,장평지하차도,underpass_coordinates.csv,,,128.981929,35.085487,waterlevel,3,2302690,부산시(다대포),기후에너지환경부,3.57,True,N,,3.11,
underpass_coordinates:673,장평지하차도,underpass_coordinates.csv,,,128.981929,35.085487,rainfall,1,25044010,부산시(을숙도),기후에너지환경부,4.09,True,,,,
underpass_coordinates:673,장평지하차도,underpass_coordinates.csv,,,128.981929,35.085487,rainfall,2,20224060,부산시(구포대교),기후에너지환경부,13.18,False,,,,
underpass_coordinates:673,장평지하차도,underpass_coordinates.csv,,,128.981929,35.085487,rainfall,3,20224030,김해시(전하동),기후에너지환경부,16.73,False,,,,
underpass_coordinates:704,대봉교지하차도,underpass_coordinates.csv,,,128.607188,35.854934,waterlevel,1,2012667,대구시(수성교),기후에너지환경부,0.19,True,N,6.52,5.5,4.6
underpass_coordinates:704,대봉교지하차도,underpass_coordinates.csv,,,128.607188,35.854934,waterlevel,2,2012664,대구시(동신교),기후에너지환경부,1.47,True,N,6.08,5.2,4.3
underpass_coordinates:704,대봉교지하차도,underpass_coordinates.csv,,,128.607188,35.854934,waterlevel,3,2012661,대구시(신천교),기후에너지환경부,2.23,True,N,6.37,5.5,4.6
underpass_coordinates:704,대봉교지하차도,underpass_coordinates.csv,,,128.607188,35.854934,rainfall,1,20124090,대구시(신암동),기후에너지환경부,4.77,True,,,,
underpass_coordinates:704,대봉교지하차도,underpass_coordinates.csv,,,128.607188,35.854934,rainfall,2,20124060,신천,기후에너지환경부,6.49,False,,,,
underpass_coordinates:704,대봉교지하차도,underpass_coordinates.csv,,,128.607188,35.854934,rainfall,3,20124080,대구시(오리),기후에너지환경부,7.92,False,,,,
underpass_coordinates:705,중동교지하차도,underpass_coordinates.csv,,,128.606316,35.841365,waterlevel,1,2012667,대구시(수성교),기후에너지환경부,1.68,True,N,6.52,5.5,4.6
underpass_coordinates:705,중동교지하차도,underpass_coordinates.csv,,,128.606316,35.841365,waterlevel,2,2012664,대구시(동신교),기후에너지환경부,2.94,True,N,6.08,5.2,4.3
underpass_coordinates:705,중동교지하차도,underpass_coordinates.csv,,,128.606316,35.841365,waterlevel,3,2012661,대구시(신천교),기후에너지환경부,3.74,True,N,6.37,5.5,4.6
underpass_coordinates:705,중동교지하차도,underpass_coordinates.csv,,,128.606316,35.841365,rainfall,1,20124060,신천,기후에너지환경부,5.02,False,,,,
underpass_coordinates:705,중동교지하차도,underpass_coordinates.csv,,,128.606316,35.841365,rainfall,2,20124090,대구시(신암동),기후에너지환경부,6.14,False,,,,
underpass_coordinates:705,중동교지하차도,underpass_coordinates.csv,,,128.606316,35.841365,rainfall,3,20124080,대구시(오리),기후에너지환경부,6.41,False,,,,
underpass_coordinates:706,희망교지하차도,underpass_coordinates.csv,,,128.605771,35.847441,waterlevel,1,2012667,대구시(수성교),기후에너지환경부,1.02,True,N,6.52,5.5,4.6
underpass_coordinates:706,희망교지하차도,underpass_coordinates.csv,,,128.605771,35.847441,waterlevel,2,2012664,대구시(동신교),기후에너지환경부,2.3,True,N,6.08,5.2,4.3
underpass_coordinates:706,희망교지하차도,underpass_coordinates.csv,,,128.605771,35.847441,waterlevel,3,2012661,대구시(신천교),기후에너지환경부,3.08,True,N,6.37,5.5,4.6
underpass_coordinates:706,희망교지하차도,underpass_coordinates.csv,,,128.605771,35.847441,rainfall,1,20124090,대구시(신암동),기후에너지환경부,5.56,False,,,,
underpass_coordinates:706,희망교지하차도,underpass_coordinates.csv,,,128.605771,35.847441,rainfall,2,20124060,신천,기후에너지환경부,5.69,False,,,,
underpass_coordinates:706,희망교지하차도,underpass_coordinates.csv,,,128.605771,35.847441,rainfall,3,20124080,대구시(오리),기후에너지환경부,7.08,False,,,,
underpass_coordinates:707,대서지하차도,underpass_coordinates.csv,,,128.551321,35.820187,waterlevel,1,2014617,대구시(구라2교),기후에너지환경부,5.36,False,N,13.14,10.9,8.7
underpass_coordinates:707,대서지하차도,underpass_coordinates.csv,,,128.551321,35.820187,waterlevel,2,2012675,신천3,기타,6.0,False,N,0.0,,
underpass_coordinates:707,대서지하차도,underpass_coordinates.csv,,,128.551321,35.820187,waterlevel,3,2012680,신천1,기타,6.31,False,N,0.0,,
underpass_coordinates:707,대서지하차도,underpass_coordinates.csv,,,128.551321,35.820187,rainfall,1,20124080,대구시(오리),기후에너지환경부,6.0,False,,,,
underpass_coordinates:707,대서지하차도,underpass_coordinates.csv,,,128.551321,35.820187,rainfall,2,20124060,신천,기후에너지환경부,6.54,False,,,,
underpass_coordinates:707,대서지하차도,underpass_coordinates.csv,,,128.551321,35.820187,rainfall,3,20144020,대구시(사문진교),기후에너지환경부,7.01,False,,,,
underpass_coordinates:708,용산 지하차도,underpass_coordinates.csv,,,128.524399,35.858798,waterlevel,1,2012674,대구시(달서교),기후에너지환경부,3.05,True,N,9.6,8.0,6.4
underpass_coordinates:708,용산 지하차도,underpass_coordinates.csv,,,128.524399,35.858798,waterlevel,2,2012695,대구시(강창교),기후에너지환경부,4.79,True,N,11.68,9.5,7.3
underpass_coordinates:708,용산 지하차도,underpass_coordinates.csv,,,128.524399,35.858798,waterlevel,3,2014617,대구시(구라2교),기후에너지환경부,5.34,False,N,13.14,10.9,8.7
underpass_coordinates:708,용산 지하차도,underpass_coordinates.csv,,,128.524399,35.858798,rainfall,1,20144020,대구시(사문진교),기후에너지환경부,6.88,False,,,,
underpass_coordinates:708,용산 지하차도,underpass_coordinates.csv,,,128.524399,35.858798,rainfall,2,20124090,대구시(신암동),기후에너지환경부,10.57,False,,,,
underpass_coordinates:708,용산 지하차도,underpass_coordinates.csv,,,128.524399,35.858798,rainfall,3,20124080,대구시(오리),기후에너지환경부,10.79,False,,,,
underpass_coordinates:711,율하지하차도,underpass_coordinates.csv,,,128.695718,35.872219,waterlevel,1,2012653,대구시(안심교),기후에너지환경부,2.06,True,N,5.47,4.5,3.5
underpass_coordinates:711,율하지하차도,underpass_coordinates.csv,,,128.695718,35.872219,waterlevel,2,2012652,대구시(성동교),기후에너지환경부,3.38,True,N,4.93,4.1,3.2
underpass_coordinates:711,율하지하차도,underpass_coordinates.csv,,,128.695718,35.872219,waterlevel,3,2012660,대구시(신암동),기후에너지환경부,5.93,False,Y,8.96,8.1,6.1
underpass_coordinates:711,율하지하차도,underpass_coordinates.csv,,,128.695718,35.872219,rainfall,1,20124150,대구시(성동교),기후에너지환경부,3.38,True,,,,
underpass_coordinates:711,율하지하차도,underpass_coordinates.csv,,,128.695718,35.872219,rainfall,2,20124090,대구시(신암동),기후에너지환경부,5.93,False,,,,
underpass_coordinates:711,율하지하차도,underpass_coordinates.csv,,,128.695718,35.872219,rainfall,3,20124060,신천,기후에너지환경부,10.89,False,,,,
underpass_coordinates:714,고촌지하차도,underpass_coordinates.csv,,,128.597713,35.915736,waterlevel,1,2012665,대구시(동화교),기후에너지환경부,0.24,True,N,5.88,4.9,3.9
underpass_coordinates:714,고촌지하차도,underpass_coordinates.csv,,,128.597713,35.915736,waterlevel,2,2012670,대구시(산격대교),기후에너지환경부,0.7,True,N,7.83,6.7,5.5
underpass_coordinates:714,고촌지하차도,underpass_coordinates.csv,,,128.597713,35.915736,waterlevel,3,2012690,대구시(성북교),기후에너지환경부,2.56,True,Y,5.03,4.0,3.0
underpass_coordinates:714,고촌지하차도,underpass_coordinates.csv,,,128.597713,35.915736,rainfall,1,20124090,대구시(신암동),기후에너지환경부,4.26,True,,,,
underpass_coordinates:714,고촌지하차도,underpass_coordinates.csv,,,128.597713,35.915736,rainfall,2,20124160,칠곡군(금암리),기후에너지환경부,8.38,False,,,,
underpass_coordinates:714,고촌지하차도,underpass_coordinates.csv,,,128.597713,35.915736,rainfall,3,20124060,신천,기후에너지환경부,13.31,False,,,,
underpass_coordinates:716,대구역지하차도,underpass_coordinates.csv,,,128.594909,35.876148,waterlevel,1,2012661,대구시(신천교),기후에너지환경부,1.49,True,N,6.37,5.5,4.6
underpass_coordinates:716,대구역지하차도,underpass_coordinates.csv,,,128.594909,35.876148,waterlevel,2,2012690,대구시(성북교),기후에너지환경부,1.89,True,Y,5.03,4.0,3.0
underpass_coordinates:716,대구역지하차도,underpass_coordinates.csv,,,128.594909,35.876148,waterlevel,3,2012664,대구시(동신교),기후에너지환경부,1.93,True,N,6.08,5.2,4.3
underpass_coordinates:716,대구역지하차도,underpass_coordinates.csv,,,128.594909,35.876148,rainfall,1,20124090,대구시(신암동),기후에너지환경부,3.96,True,,,,
underpass_coordinates:716,대구역지하차도,underpass_coordinates.csv,,,128.594909,35.876148,rainfall,2,20124060,신천,기후에너지환경부,9.02,False,,,,
underpass_coordinates:716,대구역지하차도,underpass_coordinates.csv,,,128.594909,35.876148,rainfall,3,20124080,대구시(오리),기후에너지환경부,10.27,False,,,,
underpass_coordinates:718,성북교지하차도,underpass_coordinates.csv,,,128.592299,35.89264,waterlevel,1,2012690,대구시(성북교),기후에너지환경부,0.08,True,Y,5.03,4.0,3.0
underpass_coordinates:718,성북교지하차도,underpass_coordinates.csv,,,128.592299,35.89264,waterlevel,2,2012670,대구시(산격대교),기후에너지환경부,1.95,True,N,7.83,6.7,5.5
underpass_coordinates:718,성북교지하차도,underpass_coordinates.csv,,,128.592299,35.89264,waterlevel,3,2012661,대구시(신천교),기후에너지환경부,2.63,True,N,6.37,5.5,4.6
underpass_coordinates:718,성북교지하차도,underpass_coordinates.csv,,,128.592299,35.89264,rainfall,1,20124090,대구시(신암동),기후에너지환경부,3.8,True,,,,
underpass_coordinates:718,성북교지하차도,underpass_coordinates.csv,,,128.592299,35.89264,rainfall,2,20124160,칠곡군(금암리),기후에너지환경부,10.58,False,,,,
underpass_coordinates:718,성북교지하차도,underpass_coordinates.csv,,,128.592299,35.89264,rainfall,3,20124060,신천,기후에너지환경부,10.86,False,,,,
underpass_coordinates:720,상리지하차도,underpass_coordinates.csv,,,128.533011,35.882409,waterlevel,1,2012674,대구시(달서교),기후에너지환경부,0.38,True,N,9.6,8.0,6.4
underpass_coordinates:720,상리지하차도,underpass_coordinates.csv,,,128.533011,35.882409,waterlevel,2,2012666,대구시(노곡교),기후에너지환경부,3.59,True,N,10.69,8.8,7.0
underpass_coordinates:720,상리지하차도,underpass_coordinates.csv,,,128.533011,35.882409,waterlevel,3,2012685,칠곡군(용산교),기후에너지환경부,4.04,True,N,6.71,5.6,4.4
underpass_coordinates:720,상리지하차도,underpass_coordinates.csv,,,128.533011,35.882409,rainfall,1,20124090,대구시(신암동),기후에너지환경부,9.2,False,,,,
underpass_coordinates:720,상리지하차도,underpass_coordinates.csv,,,128.533011,35.882409,rainfall,2,20144020,대구시(사문진교),기후에너지환경부,9.44,False,,,,
underpass_coordinates:720,상리지하차도,underpass_coordinates.csv,,,128.533011,35.882409,rainfall,3,20124160,칠곡군(금암리),기후에너지환경부,11.38,False,,,,
underpass_coordinates:730,문현지하차도,underpass_coordinates.csv,,,129.067983,35.136886,waterlevel,1,2302670,부산시(범천동),기후에너지환경부,1.58,True,N,4.2,3.9,3.5
underpass_coordinates:730,문현지하차도,underpass_coordinates.csv,,,129.067983,35.136886,waterlevel,2,2302661,부산시(좌수영교),기후에너지환경부,6.39,False,N,5.2,4.9,4.5
underpass_coordinates:730,문현지하차도,underpass_coordinates.csv,,,129.067983,35.136886,waterlevel,3,2302655,부산시(세병교),기후에너지환경부,6.78,False,N,7.05,6.0,5.0
underpass_coordinates:730,문현지하차도,underpass_coordinates.csv,,,129.067983,35.136886,rainfall,1,20224060,부산시(구포대교),기후에너지환경부,10.04,False,,,,
underpass_coordinates:730,문현지하차도,underpass_coordinates.csv,,,129.067983,35.136886,rainfall,2,25044010,부산시(을숙도),기후에너지환경부,11.32,False,,,,
underpass_coordinates:730,문현지하차도,underpass_coordinates.csv,,,129.067983,35.136886,rainfall,3,20224030,김해시(전하동),기후에너지환경부,19.92,False,,,,
underpass_coordinates:731,부산진시장 지하차도,underpass_coordinates.csv,,,129.058369,35.137102,waterlevel,1,2302670,부산시(범천동),기후에너지환경부,1.46,True,N,4.2,3.9,3.5
underpass_coordinates:731,부산진시장 지하차도,underpass_coordinates.csv,,,129.058369,35.137102,waterlevel,2,2022692,부산시(학장3호교),기후에너지환경부,6.65,False,N,4.35,3.7,3.0
underpass_coordinates:731,부산진시장 지하차도,underpass_coordinates.csv,,,129.058369,35.137102,waterlevel,3,2302655,부산시(세병교),기후에너지환경부,6.99,False,N,7.05,6.0,5.0
underpass_coordinates:731,부산진시장 지하차도,underpass_coordinates.csv,,,129.058369,35.137102,rainfall,1,20224060,부산시(구포대교),기후에너지환경부,9.45,False,,,,
underpass_coordinates:731,부산진시장 지하차도,underpass_coordinates.csv,,,129.058369,35.137102,rainfall,2,25044010,부산시(을숙도),기후에너지환경부,10.48,False,,,,
underpass_coordinates:731,부산진시장 지하차도,underpass_coordinates.csv,,,129.058369,35.137102,rainfall,3,20224030,김해시(전하동),기후에너지환경부,19.09,False,,,,
underpass_coordinates:753,중동지하차도,underpass_coordinates.csv,,,129.165532,35.16641,waterlevel,1,2302661,부산시(좌수영교),기후에너지환경부,4.17,True,N,5.2,4.9,4.5
underpass_coordinates:753,중동지하차도,underpass_coordinates.csv,,,129.165532,35.16641,waterlevel,2,2302650,부산시(원동교),기후에너지환경부,5.58,False,Y,6.14,5.3,4.6
underpass_coordinates:753,중동지하차도,underpass_coordinates.csv,,,129.165532,35.16641,waterlevel,3,2302640,부산시(동천교),기후에너지환경부,7.12,False,N,8.85,7.6,6.3
underpass_coordinates:753,중동지하차도,underpass_coordinates.csv,,,129.165532,35.16641,rainfall,1,20224060,부산시(구포대교),기후에너지환경부,16.16,False,,,,
underpass_coordinates:753,중동지하차도,underpass_coordinates.csv,,,129.165532,35.16641,rainfall,2,25044010,부산시(을숙도),기후에너지환경부,20.76,False,,,,
underpass_coordinates:753,중동지하차도,underpass_coordinates.csv,,,129.165532,35.16641,rainfall,3,20224040,양산시(양산교),기후에너지환경부,24.28,False,,,,
underpass_coordinates:761,국제선방향 지하차도,underpass_coordinates.csv,,,126.806414,37.561849,waterlevel,1,1019657,인천시(상야교),기후에너지환경부,3.31,True,N,5.0,4.1,3.2
underpass_coordinates:761,국제선방향 지하차도,underpass_coordinates.csv,,,126.806414,37.561849,waterlevel,2,1019660,굴포천(한강),한국수자원공사,3.73,True,N,,,
underpass_coordinates:761,국제선방향 지하차도,underpass_coordinates.csv,,,126.806414,37.561849,waterlevel,3,1019653,벌말교,한국수자원공사,3.85,True,N,,,
underpass_coordinates:761,국제선방향 지하차도,underpass_coordinates.csv,,,126.806414,37.561849,rainfall,1,10194020,귤현보,한국수자원공사,3.55,True,,,,
underpass_coordinates:761,국제선방향 지하차도,underpass_coordinates.csv,,,126.806414,37.561849,rainfall,2,10194030,아라김포TM,한국수자원공사,4.29,True,,,,
underpass_coordinates:761,국제선방향 지하차도,underpass_coordinates.csv,,,126.806414,37.561849,rainfall,3,10184160,부천시(부안초교),기후에너지환경부,9.11,False,,,,
underpass_coordinates:762,국제선진입 지하차도,underpass_coordinates.csv,,,126.804504,37.566753,waterlevel,1,1019657,인천시(상야교),기후에너지환경부,2.88,True,N,5.0,4.1,3.2
underpass_coordinates:762,국제선진입 지하차도,underpass_coordinates.csv,,,126.804504,37.566753,waterlevel,2,1019660,굴포천(한강),한국수자원공사,3.19,True,N,,,
underpass_coordinates:762,국제선진입 지하차도,underpass_coordinates.csv,,,126.804504,37.566753,waterlevel,3,1019653,벌말교,한국수자원공사,3.39,True,N,,,
underpass_coordinates:762,국제선진입 지하차도,underpass_coordinates.csv,,,126.804504,37.566753,rainfall,1,10194020,귤현보,한국수자원공사,3.3,True,,,,
underpass_coordinates:762,국제선진입 지하차도,underpass_coordinates.csv,,,126.804504,37.566753,rainfall,2,10194030,아라김포TM,한국수자원공사,3.73,True,,,,
underpass_coordinates:762,국제선진입 지하차도,underpass_coordinates.csv,,,126.804504,37.566753,rainfall,3,10194010,김포시(김포시청),기후에너지환경부,9.51,False,,,,
underpass_coordinates:764,인천공항방향 지하차도,underpass_coordinates.csv,,,126.804858,37.567635,waterlevel,1,1019657,인천시(상야교),기후에너지환경부,2.86,True,N,5.0,4.1,3.2
underpass_coordinates:764,인천공항방향 지하차도,underpass_coordinates.csv,,,126.804858,37.567635,waterlevel,2,1019660,굴포천(한강),한국수자원공사,3.13,True,N,,,
underpass_coordinates:764,인천공항방향 지하차도,underpass_coordinates.csv,,,126.804858,37.567635,waterlevel,3,1019653,벌말교,한국수자원공사,3.36,True,N,,,
underpass_coordinates:764,인천공항방향 지하차도,underpass_coordinates.csv,,,126.804858,37.567635,rainfall,1,10194020,귤현보,한국수자원공사,3.32,True,,,,
underpass_coordinates:764,인천공항방향 지하차도,underpass_coordinates.csv,,,126.804858,37.567635,rainfall,2,10194030,아라김포TM,한국수자원공사,3.63,True,,,,
underpass_coordinates:764,인천공항방향 지하차도,underpass_coordinates.csv,,,126.804858,37.567635,rainfall,3,10194010,김포시(김포시청),기후에너지환경부,9.49,False,,,,
underpass_coordinates:773,구로역지하차도,underpass_coordinates.csv,,,126.880931,37.502003,waterlevel,1,1018697,서울시(오금교),기후에너지환경부,0.92,True,Y,11.0,9.0,7.0
underpass_coordinates:773,구로역지하차도,underpass_coordinates.csv,,,126.880931,37.502003,waterlevel,2,1018698,서울시(신대방1교),기후에너지환경부,3.34,True,Y,4.0,3.2,2.4
underpass_coordinates:773,구로역지하차도,underpass_coordinates.csv,,,126.880931,37.502003,waterlevel,3,1018695,서울시(너부대교),기후에너지환경부,4.04,True,Y,4.9,4.5,3.5
underpass_coordinates:773,구로역지하차도,underpass_coordinates.csv,,,126.880931,37.502003,rainfall,1,10184080,서울시(구로구청),기후에너지환경부,0.92,True,,,,
underpass_coordinates:773,구로역지하차도,underpass_coordinates.csv,,,126.880931,37.502003,rainfall,2,10184160,부천시(부안초교),기후에너지환경부,6.58,False,,,,
underpass_coordinates:773,구로역지하차도,underpass_coordinates.csv,,,126.880931,37.502003,rainfall,3,10184070,서울,기후에너지환경부,8.33,False,,,,
underpass_coordinates:802,방학지하차도,underpass_coordinates.csv,,,127.044659,37.66277,waterlevel,1,1018669,서울시(창동교),기후에너지환경부,1.39,True,N,7.9,6.5,5.1
underpass_coordinates:802,방학지하차도,underpass_coordinates.csv,,,127.044659,37.66277,waterlevel,2,1018670,서울시(월계2교),기후에너지환경부,4.32,True,N,6.2,5.1,3.9
underpass_coordinates:802,방학지하차도,underpass_coordinates.csv,,,127.044659,37.66277,waterlevel,3,1018665,의정부시(신곡교),기후에너지환경부,8.1,False,Y,7.0,6.0,5.1
underpass_coordinates:802,방학지하차도,underpass_coordinates.csv,,,127.044659,37.66277,rainfall,1,10184190,서울시(동막골주차장),기후에너지환경부,3.86,True,,,,
underpass_coordinates:802,방학지하차도,underpass_coordinates.csv,,,127.044659,37.66277,rainfall,2,10184200,서울시(월계2교),기후에너지환경부,4.32,True,,,,
underpass_coordinates:802,방학지하차도,underpass_coordinates.csv,,,127.044659,37.66277,rainfall,3,10184125,의정부시(도봉차량기지),기후에너지환경부,4.46,True,,,,
underpass_coordinates:803,군자지하차도,underpass_coordinates.csv,,,127.073741,37.559403,waterlevel,1,1018640,서울시(광진교),기후에너지환경부,3.57,True,N,13.0,10.6,8.6
underpass_coordinates:803,군자지하차도,underpass_coordinates.csv,,,127.073741,37.559403,waterlevel,2,1018664,뚝도,기후에너지환경부,3.58,True,N,,,
underpass_coordinates:803,군자지하차도,underpass_coordinates.csv,,,127.073741,37.559403,waterlevel,3,1018675,서울시(중랑교),기후에너지환경부,3.69,True,Y,7.9,6.5,5.0
underpass_coordinates:803,군자지하차도,underpass_coordinates.csv,,,127.073741,37.559403,rainfall,1,10184140,서울시(송정동),기후에너지환경부,1.79,True,,,,
underpass_coordinates:803,군자지하차도,underpass_coordinates.csv,,,127.073741,37.559403,rainfall,2,10184200,서울시(월계2교),기후에너지환경부,7.5,False,,,,
underpass_coordinates:803,군자지하차도,underpass_coordinates.csv,,,127.073741,37.559403,rainfall,3,10184070,서울,기후에너지환경부,9.87,False,,,,
underpass_coordinates:811,고구동산 지하차도,underpass_coordinates.csv,,,126.953692,37.508955,waterlevel,1,1018683,서울시(한강대교),기후에너지환경부,0.66,True,Y,13.3,10.5,8.5
underpass_coordinates:811,고구동산 지하차도,underpass_coordinates.csv,,,126.953692,37.508955,waterlevel,2,1018685,구용산,기후에너지환경부,0.92,True,N,,,
underpass_coordinates:811,고구동산 지하차도,underpass_coordinates.csv,,,126.953692,37.508955,waterlevel,3,1018681,서울시(반포2교),기후에너지환경부,3.41,True,N,,,
underpass_coordinates:811,고구동산 지하차도,underpass_coordinates.csv,,,126.953692,37.508955,rainfall,1,10184070,서울,기후에너지환경부,2.94,True,,,,
underpass_coordinates:811,고구동산 지하차도,underpass_coordinates.csv,,,126.953692,37.508955,rainfall,2,10184080,서울시(구로구청),기후에너지환경부,6.14,False,,,,
underpass_coordinates:811,고구동산 지하차도,underpass_coordinates.csv,,,126.953692,37.508955,rainfall,3,10184150,과천시(한국수자원공사),기후에너지환경부,9.94,False,,,,
underpass_coordinates:821,내곡지하차도,underpass_coordinates.csv,,,126.804219,37.641569,waterlevel,1,1019630,서울시(행주대교),기후에너지환경부,4.38,True,N,10.9,9.0,7.2
underpass_coordinates:821,내곡지하차도,underpass_coordinates.csv,,,126.804219,37.641569,waterlevel,2,1019635,아라한강갑문(내),한국수자원공사,4.48,True,N,,,
underpass_coordinates:821,내곡지하차도,underpass_coordinates.csv,,,126.804219,37.641569,waterlevel,3,1019636,아라한강갑실,한국수자원공사,4.48,True,N,,,
underpass_coordinates:821,내곡지하차도,underpass_coordinates.csv,,,126.804219,37.641569,rainfall,1,10194030,아라김포TM,한국수자원공사,4.64,True,,,,
underpass_coordinates:821,내곡지하차도,underpass_coordinates.csv,,,126.804219,37.641569,rainfall,2,10194010,김포시(김포시청),기후에너지환경부,8.34,False,,,,
underpass_coordinates:821,내곡지하차도,underpass_coordinates.csv,,,126.804219,37.641569,rainfall,3,10194020,귤현보,한국수자원공사,8.69,False,,,,
underpass_coordinates:834,성동지하차도,underpass_coordinates.csv,,,127.035319,37.561121,waterlevel,1,1018664,뚝도,기후에너지환경부,3.35,True,N,,,
underpass_coordinates:834,성동지하차도,underpass_coordinates.csv,,,127.035319,37.561121,waterlevel,2,1018675,서울시(중랑교),기후에너지환경부,4.67,True,Y,7.9,6.5,5.0
underpass_coordinates:834,성동지하차도,underpass_coordinates.csv,,,127.035319,37.561121,waterlevel,3,1018662,서울시(청담대교),기후에너지환경부,4.88,True,N,15.5,12.6,10.1
underpass_coordinates:834,성동지하차도,underpass_coordinates.csv,,,127.035319,37.561121,rainfall,1,10184140,서울시(송정동),기후에너지환경부,2.04,True,,,,
underpass_coordinates:834,성동지하차도,underpass_coordinates.csv,,,127.035319,37.561121,rainfall,2,10184070,서울,기후에너지환경부,6.8,False,,,,
underpass_coordinates:834,성동지하차도,underpass_coordinates.csv,,,127.035319,37.561121,rainfall,3,10184200,서울시(월계2교),기후에너지환경부,7.13,False,,,,
underpass_coordinates:839,솔샘지하차도,underpass_coordinates.csv,,,127.008567,37.613717,waterlevel,1,1018670,서울시(월계2교),기후에너지환경부,3.83,True,N,6.2,5.1,3.9
underpass_coordinates:839,솔샘지하차도,underpass_coordinates.csv,,,127.008567,37.613717,waterlevel,2,1018669,서울시(창동교),기후에너지환경부,5.92,False,N,7.9,6.5,5.1
underpass_coordinates:839,솔샘지하차도,underpass_coordinates.csv,,,127.008567,37.613717,waterlevel,3,1018675,서울시(중랑교),기후에너지환경부,5.95,False,Y,7.9,6.5,5.0
underpass_coordinates:839,솔샘지하차도,underpass_coordinates.csv,,,127.008567,37.613717,rainfall,1,10184200,서울시(월계2교),기후에너지환경부,3.83,True,,,,
underpass_coordinates:839,솔샘지하차도,underpass_coordinates.csv,,,127.008567,37.613717,rainfall,2,10184140,서울시(송정동),기후에너지환경부,7.99,False,,,,
underpass_coordinates:839,솔샘지하차도,underpass_coordinates.csv,,,127.008567,37.613717,rainfall,3,10184190,서울시(동막골주차장),기후에너지환경부,9.61,False,,,,
underpass_coordinates:841,정릉지하차도,underpass_coordinates.csv,,,126.991747,37.61156,waterlevel,1,1018670,서울시(월계2교),기후에너지환경부,5.32,False,N,6.2,5.1,3.9
underpass_coordinates:841,정릉지하차도,underpass_coordinates.csv,,,126.991747,37.61156,waterlevel,2,1018686,서울시(홍남교),기후에너지환경부,7.03,False,N,5.3,4.6,3.9
underpass_coordinates:841,정릉지하차도,underpass_coordinates.csv,,,126.991747,37.61156,waterlevel,3,1018669,서울시(창동교),기후에너지환경부,7.16,False,N,7.9,6.5,5.1
underpass_coordinates:841,정릉지하차도,underpass_coordinates.csv,,,126.991747,37.61156,rainfall,1,10184200,서울시(월계2교),기후에너지환경부,5.32,False,,,,
underpass_coordinates:841,정릉지하차도,underpass_coordinates.csv,,,126.991747,37.61156,rainfall,2,10184140,서울시(송정동),기후에너지환경부,8.67,False,,,,
underpass_coordinates:841,정릉지하차도,underpass_coordinates.csv,,,126.991747,37.61156,rainfall,3,10184070,서울,기후에너지환경부,8.97,False,,,,
underpass_coordinates:843,가락지하차도,underpass_coordinates.csv,,,127.108964,37.495803,waterlevel,1,1018658,서울시(대치교),기후에너지환경부,3.06,True,N,13.5,11.1,8.7
underpass_coordinates:843,가락지하차도,underpass_coordinates.csv,,,127.108964,37.495803,waterlevel,2,1018655,서울시(대곡교),기후에너지환경부,3.22,True,Y,8.5,7.1,5.8
underpass_coordinates:843,가락지하차도,underpass_coordinates.csv,,,127.108964,37.495803,waterlevel,3,1018645,자양,기후에너지환경부,4.17,True,N,,,
underpass_coordinates:843,가락지하차도,underpass_coordinates.csv,,,127.108964,37.495803,rainfall,1,10184100,서울시(대곡교),기후에너지환경부,3.22,True,,,,
underpass_coordinates:843,가락지하차도,underpass_coordinates.csv,,,127.108964,37.495803,rainfall,2,10184180,성남시(성남북초교),기후에너지환경부,6.18,False,,,,
underpass_coordinates:843,가락지하차도,underpass_coordinates.csv,,,127.108964,37.495803,rainfall,3,10164020,광주시(남한산초교),기후에너지환경부,7.03,False,,,,
underpass_coordinates:853,노들길지하차도,underpass_coordinates.csv,,,126.914792,37.519956,waterlevel,1,1018685,구용산,기후에너지환경부,3.13,True,N,,,
underpass_coordinates:853,노들길지하차도,underpass_coordinates.csv,,,126.914792,37.519956,waterlevel,2,1018698,서울시(신대방1교),기후에너지환경부,3.55,True,Y,4.0,3.2,2.4
underpass_coordinates:853,노들길지하차도,underpass_coordinates.csv,,,126.914792,37.519956,waterlevel,3,1018683,서울시(한강대교),기후에너지환경부,3.74,True,Y,13.3,10.5,8.5
underpass_coordinates:853,노들길지하차도,underpass_coordinates.csv,,,126.914792,37.519956,rainfall,1,10184080,서울시(구로구청),기후에너지환경부,3.74,True,,,,
underpass_coordinates:853,노들길지하차도,underpass_coordinates.csv,,,126.914792,37.519956,rainfall,2,10184070,서울,기후에너지환경부,4.81,True,,,,
underpass_coordinates:853,노들길지하차도,underpass_coordinates.csv,,,126.914792,37.519956,rainfall,3,10184160,부천시(부안초교),기후에너지환경부,10.12,False,,,,
underpass_coordinates:856,성산지하차도,underpass_coordinates.csv,,,126.892354,37.549836,waterlevel,1,1018686,서울시(홍남교),기후에너지환경부,4.12,True,N,5.3,4.6,3.9
underpass_coordinates:856,성산지하차도,underpass_coordinates.csv,,,126.892354,37.549836,waterlevel,2,1018697,서울시(오금교),기후에너지환경부,4.89,True,Y,11.0,9.0,7.0
underpass_coordinates:856,성산지하차도,underpass_coordinates.csv,,,126.892354,37.549836,waterlevel,3,1018685,구용산,기후에너지환경부,6.28,False,N,,,
underpass_coordinates:856,성산지하차도,underpass_coordinates.csv,,,126.892354,37.549836,rainfall,1,10184080,서울시(구로구청),기후에너지환경부,6.12,False,,,,
underpass_coordinates:856,성산지하차도,underpass_coordinates.csv,,,126.892354,37.549836,rainfall,2,10184070,서울,기후에너지환경부,6.8,False,,,,
underpass_coordinates:856,성산지하차도,underpass_coordinates.csv,,,126.892354,37.549836,rainfall,3,10194030,아라김포TM,한국수자원공사,9.93,False,,,,
underpass_coordinates:858,여의교지하차도,underpass_coordinates.csv,,,126.926992,37.514657,waterlevel,1,1018685,구용산,기후에너지환경부,2.04,True,N,,,
underpass_coordinates:858,여의교지하차도,underpass_coordinates.csv,,,126.926992,37.514657,waterlevel,2,1018683,서울시(한강대교),기후에너지환경부,2.62,True,Y,13.3,10.5,8.5
underpass_coordinates:858,여의교지하차도,underpass_coordinates.csv,,,126.926992,37.514657,waterlevel,3,1018698,서울시(신대방1교),기후에너지환경부,3.16,True,Y,4.0,3.2,2.4
underpass_coordinates:858,여의교지하차도,underpass_coordinates.csv,,,126.926992,37.514657,rainfall,1,10184070,서울,기후에너지환경부,4.07,True,,,,
underpass_coordinates:858,여의교지하차도,underpass_coordinates.csv,,,126.926992,37.514657,rainfall,2,10184080,서울시(구로구청),기후에너지환경부,4.2,True,,,,
underpass_coordinates:858,여의교지하차도,underpass_coordinates.csv,,,126.926992,37.514657,rainfall,3,10184160,부천시(부안초교),기후에너지환경부,10.88,False,,,,
underpass_coordinates:882,여천천지하차도,underpass_coordinates.csv,,,129.308114,35.530945,waterlevel,1,2201670,울산시(태화교),기후에너지환경부,2.4,True,Y,10.78,9.2,8.2
underpass_coordinates:882,여천천지하차도,underpass_coordinates.csv,,,129.308114,35.530945,waterlevel,2,2301640,울산시(선암댐),한국수자원공사,2.58,True,N,,,
underpass_coordinates:882,여천천지하차도,underpass_coordinates.csv,,,129.308114,35.530945,waterlevel,3,2201660,울산시(삼호교),기후에너지환경부,3.92,True,N,8.52,6.9,5.2
underpass_coordinates:882,여천천지하차도,underpass_coordinates.csv,,,129.308114,35.530945,rainfall,1,22014080,울산시(태화교),기후에너지환경부,2.43,True,,,,
underpass_coordinates:882,여천천지하차도,underpass_coordinates.csv,,,129.308114,35.530945,rainfall,2,23014011,울산시(선암댐),한국수자원공사,2.69,True,,,,
underpass_coordinates:882,여천천지하차도,underpass_coordinates.csv,,,129.308114,35.530945,rainfall,3,22014040,척과,기타,9.42,False,,,,
underpass_coordinates:886,대안지하차도,underpass_coordinates.csv,,,129.285839,35.40935,waterlevel,1,2301680,울산시(남창3교),기후에너지환경부,0.65,True,N,7.9,7.0,6.0
underpass_coordinates:886,대안지하차도,underpass_coordinates.csv,,,129.285839,35.40935,waterlevel,2,2301670,울산시(덕신교),기후에너지환경부,3.22,True,Y,9.49,7.5,6.6
underpass_coordinates:886,대안지하차도,underpass_coordinates.csv,,,129.285839,35.40935,waterlevel,3,2301650,울산시(동천리),기후에너지환경부,6.0,False,N,7.61,6.7,5.7
underpass_coordinates:886,대안지하차도,underpass_coordinates.csv,,,129.285839,35.40935,rainfall,1,23014010,양산시(삼호동),기후에너지환경부,10.35,False,,,,
underpass_coordinates:886,대안지하차도,underpass_coordinates.csv,,,129.285839,35.40935,rainfall,2,23014011,울산시(선암댐),한국수자원공사,12.54,False,,,,
underpass_coordinates:886,대안지하차도,underpass_coordinates.csv,,,129.285839,35.40935,rainfall,3,22014080,울산시(태화교),기후에너지환경부,16.09,False,,,,
underpass_coordinates:888,병영성지하차도,underpass_coordinates.csv,,,129.346546,35.577852,waterlevel,1,2201690,울산시(병영교),기후에너지환경부,0.51,True,Y,5.72,5.5,4.4
underpass_coordinates:888,병영성지하차도,underpass_coordinates.csv,,,129.346546,35.577852,waterlevel,2,2201670,울산시(태화교),기후에너지환경부,4.4,True,Y,10.78,9.2,8.2
underpass_coordinates:888,병영성지하차도,underpass_coordinates.csv,,,129.346546,35.577852,waterlevel,3,2201685,울산시(신답교),기후에너지환경부,5.77,False,N,5.39,4.8,4.1
underpass_coordinates:888,병영성지하차도,underpass_coordinates.csv,,,129.346546,35.577852,rainfall,1,22014080,울산시(태화교),기후에너지환경부,4.38,True,,,,
underpass_coordinates:888,병영성지하차도,underpass_coordinates.csv,,,129.346546,35.577852,rainfall,2,22014020,울산시(신답교),기후에너지환경부,5.77,False,,,,
underpass_coordinates:888,병영성지하차도,underpass_coordinates.csv,,,129.346546,35.577852,rainfall,3,23014011,울산시(선암댐),한국수자원공사,7.03,False,,,,
underpass_coordinates:913,판정지하차도,underpass_coordinates.csv,,,127.188978,36.911917,waterlevel,1,1101631,천안시(장천교),기후에너지환경부,6.15,False,N,7.8,6.9,6.0
underpass_coordinates:913,판정지하차도,underpass_coordinates.csv,,,127.188978,36.911917,waterlevel,2,1101616,안성시(고지교),기후에너지환경부,6.22,False,N,7.0,6.0,5.0
underpass_coordinates:913,판정지하차도,underpass_coordinates.csv,,,127.188978,36.911917,waterlevel,3,1101620,안성시(건천리),기후에너지환경부,6.88,False,N,5.9,4.8,4.0
underpass_coordinates:913,판정지하차도,underpass_coordinates.csv,,,127.188978,36.911917,rainfall,1,11014110,천안시(성거읍사무소),기후에너지환경부,3.87,True,,,,
underpass_coordinates:913,판정지하차도,underpass_coordinates.csv,,,127.188978,36.911917,rainfall,2,11014050,천안시(대홍초교),기후에너지환경부,5.54,False,,,,
underpass_coordinates:913,판정지하차도,underpass_coordinates.csv,,,127.188978,36.911917,rainfall,3,11014130,안성시(안성서운중교),기후에너지환경부,7.53,False,,,,
underpass_coordinates:916,계룡지하차도(복),underpass_coordinates.csv,,,127.353933,36.350803,waterlevel,1,3009670,대전시(만년교),기후에너지환경부,0.39,True,Y,5.03,4.5,3.5
underpass_coordinates:916,계룡지하차도(복),underpass_coordinates.csv,,,127.353933,36.350803,waterlevel,2,3009671,대전시(온천북교),기후에너지환경부,1.15,True,N,4.02,3.3,2.6
underpass_coordinates:916,계룡지하차도(복),underpass_coordinates.csv,,,127.353933,36.350803,waterlevel,3,3009669,대전시(상대교),기후에너지환경부,2.1,True,N,3.87,3.1,2.4
underpass_coordinates:916,계룡지하차도(복),underpass_coordinates.csv,,,127.353933,36.350803,rainfall,1,30094040,대전시(만년교),기후에너지환경부,0.39,True,,,,
underpass_coordinates:916,계룡지하차도(복),underpass_coordinates.csv,,,127.353933,36.350803,rainfall,2,30094020,대전시(원촌교),기후에너지환경부,5.88,False,,,,
underpass_coordinates:916,계룡지하차도(복),underpass_coordinates.csv,,,127.353933,36.350803,rainfall,3,30094050,대전시(인창교),기후에너지환경부,7.82,False,,,,
underpass_coordinates:921,심곡지하차도(복),underpass_coordinates.csv,,,127.758359,36.194845,waterlevel,1,3004680,영동군(영동제2교),기후에너지환경부,2.18,True,N,5.77,4.7,3.7
underpass_coordinates:921,심곡지하차도(복),underpass_coordinates.csv,,,127.758359,36.194845,waterlevel,2,3004685,영동군(초강교),기후에너지환경부,4.22,True,Y,7.02,5.5,4.5
underpass_coordinates:921,심곡지하차도(복),underpass_coordinates.csv,,,127.758359,36.194845,waterlevel,3,3004690,영동군(양강교),기후에너지환경부,4.92,True,Y,9.47,8.0,7.0
underpass_coordinates:921,심곡지하차도(복),underpass_coordinates.csv,,,127.758359,36.194845,rainfall,1,30044010,영동,기타,2.58,True,,,,
underpass_coordinates:921,심곡지하차도(복),underpass_coordinates.csv,,,127.758359,36.194845,rainfall,2,30074100,옥천군(묘금리),기후에너지환경부,9.31,False,,,,
underpass_coordinates:921,심곡지하차도(복),underpass_coordinates.csv,,,127.758359,36.194845,rainfall,3,30044040,영동군(산막리),한국수자원공사,9.74,False,,,,
underpass_coordinates:933,궁평지하차도,underpass_coordinates.csv,,,127.337657,36.62464,waterlevel,1,3011665,청주시(미호강교),기후에너지환경부,1.16,True,Y,9.38,8.0,7.0
underpass_coordinates:933,궁평지하차도,underpass_coordinates.csv,,,127.337657,36.62464,waterlevel,2,3011675,세종시(상조천교),기후에너지환경부,4.63,True,Y,4.77,4.2,3.2
underpass_coordinates:933,궁평지하차도,underpass_coordinates.csv,,,127.337657,36.62464,waterlevel,3,3011685,세종시(미호교),기후에너지환경부,5.06,False,N,8.85,7.1,5.4
underpass_coordinates:933,궁평지하차도,underpass_coordinates.csv,,,127.337657,36.62464,rainfall,1,30114070,세종시(농정원),기후에너지환경부,5.39,False,,,,
underpass_coordinates:933,궁평지하차도,underpass_coordinates.csv,,,127.337657,36.62464,rainfall,2,30114110,옥산,기후에너지환경부,5.94,False,,,,
underpass_coordinates:933,궁평지하차도,underpass_coordinates.csv,,,127.337657,36.62464,rainfall,3,30104010,세종시(부강면사무소),기후에너지환경부,11.03,False,,,,
