source_record_id,dataset_id,source_ordinal,name,location_raw,management_category,agency_raw,structure_raw,length_raw,width_raw,height_raw,latitude,longitude,driver,gauge_station_id,status,source_date,source_updated_at,source_url,source_attributes_json
15124755:1,15124755,1,원당지하차도,경기도 고양시,공공,,"형식 : 박스형 / 연장 : 960.0 m, 차로수 : 4",,,,,,unverified,,CATALOG_ONLY,20230930,2025-11-18,https://data.go.kr/data/15124755/fileData.do,"{""순번(No)"": ""1"", ""시설물명"": ""원당지하차도"", ""시설물구분"": ""터널"", ""시설물종류"": ""지하차도"", ""종별"": ""1종"", ""관리주체구분"": ""공공"", ""항목명"": ""형식 : 박스형 / 연장 : 960.0 m, 차로수 : 4"", ""위치"": ""경기도 고양시""}"
15124755:2,15124755,2,남태령지하차도,경기도 과천시,공공,,"형식 : 박스형 / 연장 : 920.0 m, 차로수 : 4",,,,,,unverified,,CATALOG_ONLY,20230930,2025-11-18,https://data.go.kr/data/15124755/fileData.do,"{""순번(No)"": ""2"", ""시설물명"": ""남태령지하차도"", ""시설물구분"": ""터널"", ""시설물종류"": ""지하차도"", ""종별"": ""1종"", ""관리주체구분"": ""공공"", ""항목명"": ""형식 : 박스형 / 연장 : 920.0 m, 차로수 : 4"", ""위치"": ""경기도 과천시""}"
15124755:3,15124755,3,복합물류지하차도(군포),경기도 군포시,공공,,"형식 : BOX+ARCH / 연장 : 840.0 m, 차로수 : 4",,,,,,unverified,,CATALOG_ONLY,20230930,2025-11-18,https://data.go.kr/data/15124755/fileData.do,"{""순번(No)"": ""3"", ""시설물명"": ""복합물류지하차도(군포)"", ""시설물구분"": ""터널"", ""시설물종류"": ""지하차도"", ""종별"": ""1종"", ""관리주체구분"": ""공공"", ""항목명"": ""형식 : BOX+ARCH / 연장 : 840.0 m, 차로수 : 4"", ""위치"": ""경기도 군포시""}"
15124755:4,15124755,4,운양지하차도,경기도 김포시,공공,,"형식 : 박스형 / 연장 : 2,722.0 m, 차로수 : 6",,,,,,unverified,,CATALOG_ONLY,20230930,2025-11-18,https://data.go.kr/data/15124755/fileData.do,"{""순번(No)"": ""4"", ""시설물명"": ""운양지하차도"", ""시설물구분"": ""터널"", ""시설물종류"": ""지하차도"", ""종별"": ""1종"", ""관리주체구분"": ""공공"", ""항목명"": ""형식 : 박스형 / 연장 : 2,722.0 m, 차로수 : 6"", ""위치"": ""경기도 김포시""}"
15124755:5,15124755,5,장기지하차도1,경기도 김포시,공공,,"형식 : 박스형 / 연장 : 999.0 m, 차로수 : 4",,,,,,unverified,,CATALOG_ONLY,20230930,2025-11-18,https://data.go.kr/data/15124755/fileData.do,"{""순번(No)"": ""5"", ""시설물명"": ""장기지하차도1"", ""시설물구분"": ""터널"", ""시설물종류"": ""지하차도"", ""종별"": ""1종"", ""관리주체구분"": ""공공"", ""항목명"": ""형식 : 박스형 / 연장 : 999.0 m, 차로수 : 4"", ""위치"": ""경기도 김포시""}"
15124755:6,15124755,6,장기지하차도2,경기도 김포시,공공,,"형식 : 박스형 / 연장 : 1,220.0 m, 차로수 : 4",,,,,,unverified,,CATALOG_ONLY,20230930,2025-11-18,https://data.go.kr/data/15124755/fileData.do,"{""순번(No)"": ""6"", ""시설물명"": ""장기지하차도2"", ""시설물구분"": ""터널"", ""시설물종류"": ""지하차도"", ""종별"": ""1종"", ""관리주체구분"": ""공공"", ""항목명"": ""형식 : 박스형 / 연장 : 1,220.0 m, 차로수 : 4"", ""위치"": ""경기도 김포시""}"
15124755:7,15124755,7,송내지하차도,경기도 부천시,공공,,"형식 : 미등록 / 연장 : 715.0 m, 차로수 : 6",,,,,,unverified,,CATALOG_ONLY,20230930,2025-11-18,https://data.go.kr/data/15124755/fileData.do,"{""순번(No)"": ""7"", ""시설물명"": ""송내지하차도"", ""시설물구분"": ""터널"", ""시설물종류"": ""지하차도"", ""종별"": ""1종"", ""관리주체구분"": ""공공"", ""항목명"": ""형식 : 미등록 / 연장 : 715.0 m, 차로수 : 6"", ""위치"": ""경기도 부천시""}"
15124755:8,15124755,8,광장지하차도,경기도 성남시,공공,,"형식 : 박스형 / 연장 : 1,842.1 m, 차로수 : 6",,,,,,unverified,,CATALOG_ONLY,20230930,2025-11-18,https://data.go.kr/data/15124755/fileData.do,"{""순번(No)"": ""8"", ""시설물명"": ""광장지하차도"", ""시설물구분"": ""터널"", ""시설물종류"": ""지하차도"", ""종별"": ""1종"", ""관리주체구분"": ""공공"", ""항목명"": ""형식 : 박스형 / 연장 : 1,842.1 m, 차로수 : 6"", ""위치"": ""경기도 성남시""}"
15124755:9,15124755,9,백현지하차도,경기도 성남시,공공,,"형식 : 박스형 / 연장 : 898.0 m, 차로수 : 4",,,,,,unverified,,CATALOG_ONLY,20230930,2025-11-18,https://data.go.kr/data/15124755/fileData.do,"{""순번(No)"": ""9"", ""시설물명"": ""백현지하차도"", ""시설물구분"": ""터널"", ""시설물종류"": ""지하차도"", ""종별"": ""1종"", ""관리주체구분"": ""공공"", ""항목명"": ""형식 : 박스형 / 연장 : 898.0 m, 차로수 : 4"", ""위치"": ""경기도 성남시""}"
15124755:10,15124755,10,화랑지하차도,경기도 성남시,공공,,"형식 : 박스형 / 연장 : 1,435.0 m, 차로수 : 6",,,,,,unverified,,CATALOG_ONLY,20230930,2025-11-18,https://data.go.kr/data/15124755/fileData.do,"{""순번(No)"": ""10"", ""시설물명"": ""화랑지하차도"", ""시설물구분"": ""터널"", ""시설물종류"": ""지하차도"", ""종별"": ""1종"", ""관리주체구분"": ""공공"", ""항목명"": ""형식 : 박스형 / 연장 : 1,435.0 m, 차로수 : 6"", ""위치"": ""경기도 성남시""}"
15124755:11,15124755,11,고색지하차도,경기도 수원시,공공,,"형식 : 박스형 / 연장 : 500.0 m, 차로수 : 4",,,,,,unverified,,CATALOG_ONLY,20230930,2025-11-18,https://data.go.kr/data/15124755/fileData.do,"{""순번(No)"": ""11"", ""시설물명"": ""고색지하차도"", ""시설물구분"": ""터널"", ""시설물종류"": ""지하차도"", ""종별"": ""1종"", ""관리주체구분"": ""공공"", ""항목명"": ""형식 : 박스형 / 연장 : 500.0 m, 차로수 : 4"", ""위치"": ""경기도 수원시""}"
15124755:12,15124755,12,망포지하차도,경기도 수원시,공공,,"형식 : 박스형 / 연장 : 871.0 m, 차로수 : 6",,,,,,unverified,,CATALOG_ONLY,20230930,2025-11-18,https://data.go.kr/data/15124755/fileData.do,"{""순번(No)"": ""12"", ""시설물명"": ""망포지하차도"", ""시설물구분"": ""터널"", ""시설물종류"": ""지하차도"", ""종별"": ""1종"", ""관리주체구분"": ""공공"", ""항목명"": ""형식 : 박스형 / 연장 : 871.0 m, 차로수 : 6"", ""위치"": ""경기도 수원시""}"
15124755:13,15124755,13,법원 지하차도,경기도 수원시,공공,,"형식 : 박스형 / 연장 : 608.8 m, 차로수 : 4",,,,,,unverified,,CATALOG_ONLY,20230930,2025-11-18,https://data.go.kr/data/15124755/fileData.do,"{""순번(No)"": ""13"", ""시설물명"": ""법원 지하차도"", ""시설물구분"": ""터널"", ""시설물종류"": ""지하차도"", ""종별"": ""1종"", ""관리주체구분"": ""공공"", ""항목명"": ""형식 : 박스형 / 연장 : 608.8 m, 차로수 : 4"", ""위치"": ""경기도 수원시""}"
15124755:14,15124755,14,상구운지하차도,경기도 수원시,공공,,"형식 : 박스형 / 연장 : 830.0 m, 차로수 : 4",,,,,,unverified,,CATALOG_ONLY,20230930,2025-11-18,https://data.go.kr/data/15124755/fileData.do,"{""순번(No)"": ""14"", ""시설물명"": ""상구운지하차도"", ""시설물구분"": ""터널"", ""시설물종류"": ""지하차도"", ""종별"": ""1종"", ""관리주체구분"": ""공공"", ""항목명"": ""형식 : 박스형 / 연장 : 830.0 m, 차로수 : 4"", ""위치"": ""경기도 수원시""}"
15124755:15,15124755,15,세류지하차도,경기도 수원시,공공,,"형식 : 박스형 / 연장 : 620.0 m, 차로수 : 6",,,,,,unverified,,CATALOG_ONLY,20230930,2025-11-18,https://data.go.kr/data/15124755/fileData.do,"{""순번(No)"": ""15"", ""시설물명"": ""세류지하차도"", ""시설물구분"": ""터널"", ""시설물종류"": ""지하차도"", ""종별"": ""1종"", ""관리주체구분"": ""공공"", ""항목명"": ""형식 : 박스형 / 연장 : 620.0 m, 차로수 : 6"", ""위치"": ""경기도 수원시""}"
15124755:16,15124755,16,효원지하차도,경기도 수원시,공공,,"형식 : 박스형 / 연장 : 840.0 m, 차로수 : 4",,,,,,unverified,,CATALOG_ONLY,20230930,2025-11-18,https://data.go.kr/data/15124755/fileData.do,"{""순번(No)"": ""16"", ""시설물명"": ""효원지하차도"", ""시설물구분"": ""터널"", ""시설물종류"": ""지하차도"", ""종별"": ""1종"", ""관리주체구분"": ""공공"", ""항목명"": ""형식 : 박스형 / 연장 : 840.0 m, 차로수 : 4"", ""위치"": ""경기도 수원시""}"
15124755:17,15124755,17,장현지하차도,경기도 시흥시,공공,,"형식 : 박스형 / 연장 : 1,040.0 m, 차로수 : 4",,,,,,unverified,,CATALOG_ONLY,20230930,2025-11-18,https://data.go.kr/data/15124755/fileData.do,"{""순번(No)"": ""17"", ""시설물명"": ""장현지하차도"", ""시설물구분"": ""터널"", ""시설물종류"": ""지하차도"", ""종별"": ""1종"", ""관리주체구분"": ""공공"", ""항목명"": ""형식 : 박스형 / 연장 : 1,040.0 m, 차로수 : 4"", ""위치"": ""경기도 시흥시""}"
15124755:18,15124755,18,상현지하차도,경기도 용인시,공공,,"형식 : 박스형 / 연장 : 1,065.0 m, 차로수 : 4",,,,,,unverified,,CATALOG_ONLY,20230930,2025-11-18,https://data.go.kr/data/15124755/fileData.do,"{""순번(No)"": ""18"", ""시설물명"": ""상현지하차도"", ""시설물구분"": ""터널"", ""시설물종류"": ""지하차도"", ""종별"": ""1종"", ""관리주체구분"": ""공공"", ""항목명"": ""형식 : 박스형 / 연장 : 1,065.0 m, 차로수 : 4"", ""위치"": ""경기도 용인시""}"
15124755:19,15124755,19,신대지하차도,경기도 용인시,공공,,"형식 : 박스형 / 연장 : 680.0 m, 차로수 : 4",,,,,,unverified,,CATALOG_ONLY,20230930,2025-11-18,https://data.go.kr/data/15124755/fileData.do,"{""순번(No)"": ""19"", ""시설물명"": ""신대지하차도"", ""시설물구분"": ""터널"", ""시설물종류"": ""지하차도"", ""종별"": ""1종"", ""관리주체구분"": ""공공"", ""항목명"": ""형식 : 박스형 / 연장 : 680.0 m, 차로수 : 4"", ""위치"": ""경기도 용인시""}"
15124755:20,15124755,20,죽전지하차도,경기도 용인시,공공,,"형식 : 박스형 / 연장 : 1,020.0 m, 차로수 : 4",,,,,,unverified,,CATALOG_ONLY,20230930,2025-11-18,https://data.go.kr/data/15124755/fileData.do,"{""순번(No)"": ""20"", ""시설물명"": ""죽전지하차도"", ""시설물구분"": ""터널"", ""시설물종류"": ""지하차도"", ""종별"": ""1종"", ""관리주체구분"": ""공공"", ""항목명"": ""형식 : 박스형 / 연장 : 1,020.0 m, 차로수 : 4"", ""위치"": ""경기도 용인시""}"
15124755:21,15124755,21,복합물류지하차도(의왕),경기도 의왕시,공공,,"형식 : BOX,ARCH / 연장 : 840.0 m, 차로수 : 4",,,,,,unverified,,CATALOG_ONLY,20230930,2025-11-18,https://data.go.kr/data/15124755/fileData.do,"{""순번(No)"": ""21"", ""시설물명"": ""복합물류지하차도(의왕)"", ""시설물구분"": ""터널"", ""시설물종류"": ""지하차도"", ""종별"": ""1종"", ""관리주체구분"": ""공공"", ""항목명"": ""형식 : BOX,ARCH / 연장 : 840.0 m, 차로수 : 4"", ""위치"": ""경기도 의왕시""}"
15124755:22,15124755,22,장암지하차도,경기도 의정부시,공공,,"형식 : 박스형 / 연장 : 720.0 m, 차로수 : 4",,,,,,unverified,,CATALOG_ONLY,20230930,2025-11-18,https://data.go.kr/data/15124755/fileData.do,"{""순번(No)"": ""22"", ""시설물명"": ""장암지하차도"", ""시설물구분"": ""터널"", ""시설물종류"": ""지하차도"", ""종별"": ""1종"", ""관리주체구분"": ""공공"", ""항목명"": ""형식 : 박스형 / 연장 : 720.0 m, 차로수 : 4"", ""위치"": ""경기도 의정부시""}"
15124755:23,15124755,23,한길지하차도,경기도 파주시,공공,,"형식 : 박스형 / 연장 : 1,320.0 m, 차로수 : 4",,,,,,unverified,,CATALOG_ONLY,20230930,2025-11-18,https://data.go.kr/data/15124755/fileData.do,"{""순번(No)"": ""23"", ""시설물명"": ""한길지하차도"", ""시설물구분"": ""터널"", ""시설물종류"": ""지하차도"", ""종별"": ""1종"", ""관리주체구분"": ""공공"", ""항목명"": ""형식 : 박스형 / 연장 : 1,320.0 m, 차로수 : 4"", ""위치"": ""경기도 파주시""}"
15124755:24,15124755,24,중앙지하차도,경기도 평택시,공공,,"형식 : 박스형 / 연장 : 920.0 m, 차로수 : 4",,,,,,unverified,,CATALOG_ONLY,20230930,2025-11-18,https://data.go.kr/data/15124755/fileData.do,"{""순번(No)"": ""24"", ""시설물명"": ""중앙지하차도"", ""시설물구분"": ""터널"", ""시설물종류"": ""지하차도"", ""종별"": ""1종"", ""관리주체구분"": ""공공"", ""항목명"": ""형식 : 박스형 / 연장 : 920.0 m, 차로수 : 4"", ""위치"": ""경기도 평택시""}"
15124755:25,15124755,25,금곡지하차도,경기도 화성시,민간,,"형식 : 라멘형 / 연장 : 3,125.0 m, 차로수 : 4",,,,,,unverified,,CATALOG_ONLY,20230930,2025-11-18,https://data.go.kr/data/15124755/fileData.do,"{""순번(No)"": ""25"", ""시설물명"": ""금곡지하차도"", ""시설물구분"": ""터널"", ""시설물종류"": ""지하차도"", ""종별"": ""1종"", ""관리주체구분"": ""민간"", ""항목명"": ""형식 : 라멘형 / 연장 : 3,125.0 m, 차로수 : 4"", ""위치"": ""경기도 화성시""}"
15124755:26,15124755,26,능동지하차도,경기도 화성시,공공,,"형식 : 박스형 / 연장 : 919.0 m, 차로수 : 2",,,,,,unverified,,CATALOG_ONLY,20230930,2025-11-18,https://data.go.kr/data/15124755/fileData.do,"{""순번(No)"": ""26"", ""시설물명"": ""능동지하차도"", ""시설물구분"": ""터널"", ""시설물종류"": ""지하차도"", ""종별"": ""1종"", ""관리주체구분"": ""공공"", ""항목명"": ""형식 : 박스형 / 연장 : 919.0 m, 차로수 : 2"", ""위치"": ""경기도 화성시""}"
15124755:27,15124755,27,동부대로3(보들)지하차도,경기도 화성시,공공,,"형식 : 2련BOX / 연장 : 1,065.0 m, 차로수 : 4",,,,,,unverified,,CATALOG_ONLY,20230930,2025-11-18,https://data.go.kr/data/15124755/fileData.do,"{""순번(No)"": ""27"", ""시설물명"": ""동부대로3(보들)지하차도"", ""시설물구분"": ""터널"", ""시설물종류"": ""지하차도"", ""종별"": ""1종"", ""관리주체구분"": ""공공"", ""항목명"": ""형식 : 2련BOX / 연장 : 1,065.0 m, 차로수 : 4"", ""위치"": ""경기도 화성시""}"
15124755:28,15124755,28,동부대로4(신리)지하차도,경기도 화성시,공공,,"형식 : 2련BOX / 연장 : 1,030.0 m, 차로수 : 4",,,,,,unverified,,CATALOG_ONLY,20230930,2025-11-18,https://data.go.kr/data/15124755/fileData.do,"{""순번(No)"": ""28"", ""시설물명"": ""동부대로4(신리)지하차도"", ""시설물구분"": ""터널"", ""시설물종류"": ""지하차도"", ""종별"": ""1종"", ""관리주체구분"": ""공공"", ""항목명"": ""형식 : 2련BOX / 연장 : 1,030.0 m, 차로수 : 4"", ""위치"": ""경기도 화성시""}"
15124755:29,15124755,29,봉담지하차도,경기도 화성시,공공,,"형식 : 박스형 / 연장 : 1,340.0 m, 차로수 : 4",,,,,,unverified,,CATALOG_ONLY,20230930,2025-11-18,https://data.go.kr/data/15124755/fileData.do,"{""순번(No)"": ""29"", ""시설물명"": ""봉담지하차도"", ""시설물구분"": ""터널"", ""시설물종류"": ""지하차도"", ""종별"": ""1종"", ""관리주체구분"": ""공공"", ""항목명"": ""형식 : 박스형 / 연장 : 1,340.0 m, 차로수 : 4"", ""위치"": ""경기도 화성시""}"
15124755:30,15124755,30,용주1(화산1)지하차도,경기도 화성시,공공,,"형식 : 박스형 / 연장 : 920.0 m, 차로수 : 4",,,,,,unverified,,CATALOG_ONLY,20230930,2025-11-18,https://data.go.kr/data/15124755/fileData.do,"{""순번(No)"": ""30"", ""시설물명"": ""용주1(화산1)지하차도"", ""시설물구분"": ""터널"", ""시설물종류"": ""지하차도"", ""종별"": ""1종"", ""관리주체구분"": ""공공"", ""항목명"": ""형식 : 박스형 / 연장 : 920.0 m, 차로수 : 4"", ""위치"": ""경기도 화성시""}"
15124755:31,15124755,31,하길지하차도,경기도 화성시,공공,,"형식 : 박스형 / 연장 : 680.0 m, 차로수 : 6",,,,,,unverified,,CATALOG_ONLY,20230930,2025-11-18,https://data.go.kr/data/15124755/fileData.do,"{""순번(No)"": ""31"", ""시설물명"": ""하길지하차도"", ""시설물구분"": ""터널"", ""시설물종류"": ""지하차도"", ""종별"": ""1종"", ""관리주체구분"": ""공공"", ""항목명"": ""형식 : 박스형 / 연장 : 680.0 m, 차로수 : 6"", ""위치"": ""경기도 화성시""}"
15124755:32,15124755,32,하나지하차도,경기도 화성시,공공,,"형식 : 박스형 / 연장 : 500.0 m, 차로수 : 6",,,,,,unverified,,CATALOG_ONLY,20230930,2025-11-18,https://data.go.kr/data/15124755/fileData.do,"{""순번(No)"": ""32"", ""시설물명"": ""하나지하차도"", ""시설물구분"": ""터널"", ""시설물종류"": ""지하차도"", ""종별"": ""1종"", ""관리주체구분"": ""공공"", ""항목명"": ""형식 : 박스형 / 연장 : 500.0 m, 차로수 : 6"", ""위치"": ""경기도 화성시""}"
15124755:33,15124755,33,화산2(용주2)지하차도,경기도 화성시,공공,,"형식 : 박스형 / 연장 : 740.0 m, 차로수 : 5",,,,,,unverified,,CATALOG_ONLY,20230930,2025-11-18,https://data.go.kr/data/15124755/fileData.do,"{""순번(No)"": ""33"", ""시설물명"": ""화산2(용주2)지하차도"", ""시설물구분"": ""터널"", ""시설물종류"": ""지하차도"", ""종별"": ""1종"", ""관리주체구분"": ""공공"", ""항목명"": ""형식 : 박스형 / 연장 : 740.0 m, 차로수 : 5"", ""위치"": ""경기도 화성시""}"
15124755:34,15124755,34,혁신지하차도1,경상북도 김천시,공공,,"형식 : 박스형 / 연장 : 738.0 m, 차로수 : 4",,,,,,unverified,,CATALOG_ONLY,20230930,2025-11-18,https://data.go.kr/data/15124755/fileData.do,"{""순번(No)"": ""34"", ""시설물명"": ""혁신지하차도1"", ""시설물구분"": ""터널"", ""시설물종류"": ""지하차도"", ""종별"": ""1종"", ""관리주체구분"": ""공공"", ""항목명"": ""형식 : 박스형 / 연장 : 738.0 m, 차로수 : 4"", ""위치"": ""경상북도 김천시""}"
15124755:35,15124755,35,장수1지하차도,광주광역시 광산구,공공,,"형식 : 라멘형 / 연장 : 783.0 m, 차로수 : 6",,,,,,unverified,,CATALOG_ONLY,20230930,2025-11-18,https://data.go.kr/data/15124755/fileData.do,"{""순번(No)"": ""35"", ""시설물명"": ""장수1지하차도"", ""시설물구분"": ""터널"", ""시설물종류"": ""지하차도"", ""종별"": ""1종"", ""관리주체구분"": ""공공"", ""항목명"": ""형식 : 라멘형 / 연장 : 783.0 m, 차로수 : 6"", ""위치"": ""광주광역시 광산구""}"
15124755:36,15124755,36,서창지하차도,광주광역시 서구,민간,,"형식 : 라멘형 / 연장 : 640.0 m, 차로수 : 6",,,,,,unverified,,CATALOG_ONLY,20230930,2025-11-18,https://data.go.kr/data/15124755/fileData.do,"{""순번(No)"": ""36"", ""시설물명"": ""서창지하차도"", ""시설물구분"": ""터널"", ""시설물종류"": ""지하차도"", ""종별"": ""1종"", ""관리주체구분"": ""민간"", ""항목명"": ""형식 : 라멘형 / 연장 : 640.0 m, 차로수 : 6"", ""위치"": ""광주광역시 서구""}"
15124755:37,15124755,37,서변지하차도,대구광역시 북구,공공,,"형식 : 박스형 / 연장 : 966.5 m, 차로수 : 4",,,,,,unverified,,CATALOG_ONLY,20230930,2025-11-18,https://data.go.kr/data/15124755/fileData.do,"{""순번(No)"": ""37"", ""시설물명"": ""서변지하차도"", ""시설물구분"": ""터널"", ""시설물종류"": ""지하차도"", ""종별"": ""1종"", ""관리주체구분"": ""공공"", ""항목명"": ""형식 : 박스형 / 연장 : 966.5 m, 차로수 : 4"", ""위치"": ""대구광역시 북구""}"
15124755:38,15124755,38,장전지하차도,부산광역시 금정구,공공,,"형식 : 2련 BOX / 연장 : 1,000.0 m, 차로수 : 4",,,,,,unverified,,CATALOG_ONLY,20230930,2025-11-18,https://data.go.kr/data/15124755/fileData.do,"{""순번(No)"": ""38"", ""시설물명"": ""장전지하차도"", ""시설물구분"": ""터널"", ""시설물종류"": ""지하차도"", ""종별"": ""1종"", ""관리주체구분"": ""공공"", ""항목명"": ""형식 : 2련 BOX / 연장 : 1,000.0 m, 차로수 : 4"", ""위치"": ""부산광역시 금정구""}"
15124755:39,15124755,39,신선대지하차도,부산광역시 남구,공공,,"형식 : 박스형 / 연장 : 1,800.0 m, 차로수 : 4",,,,,,unverified,,CATALOG_ONLY,20230930,2025-11-18,https://data.go.kr/data/15124755/fileData.do,"{""순번(No)"": ""39"", ""시설물명"": ""신선대지하차도"", ""시설물구분"": ""터널"", ""시설물종류"": ""지하차도"", ""종별"": ""1종"", ""관리주체구분"": ""공공"", ""항목명"": ""형식 : 박스형 / 연장 : 1,800.0 m, 차로수 : 4"", ""위치"": ""부산광역시 남구""}"
15124755:40,15124755,40,감천지하차도,부산광역시 사하구,민간,,"형식 : 박스형 / 연장 : 964.0 m, 차로수 : 4",,,,,,unverified,,CATALOG_ONLY,20230930,2025-11-18,https://data.go.kr/data/15124755/fileData.do,"{""순번(No)"": ""40"", ""시설물명"": ""감천지하차도"", ""시설물구분"": ""터널"", ""시설물종류"": ""지하차도"", ""종별"": ""1종"", ""관리주체구분"": ""민간"", ""항목명"": ""형식 : 박스형 / 연장 : 964.0 m, 차로수 : 4"", ""위치"": ""부산광역시 사하구""}"
15124755:41,15124755,41,부산센텀시티 지하차도,부산광역시 해운대구,공공,,"형식 : 박스형 / 연장 : 1,370.0 m, 차로수 : 6",,,,,,unverified,,CATALOG_ONLY,20230930,2025-11-18,https://data.go.kr/data/15124755/fileData.do,"{""순번(No)"": ""41"", ""시설물명"": ""부산센텀시티 지하차도"", ""시설물구분"": ""터널"", ""시설물종류"": ""지하차도"", ""종별"": ""1종"", ""관리주체구분"": ""공공"", ""항목명"": ""형식 : 박스형 / 연장 : 1,370.0 m, 차로수 : 6"", ""위치"": ""부산광역시 해운대구""}"
15124755:42,15124755,42,위례터널,서울특별시 강남구,공공,,"형식 : 아치형/BOX타입 / 연장 : 2,362.0 m, 차로수 : 4",,,,,,unverified,,CATALOG_ONLY,20230930,2025-11-18,https://data.go.kr/data/15124755/fileData.do,"{""순번(No)"": ""42"", ""시설물명"": ""위례터널"", ""시설물구분"": ""터널"", ""시설물종류"": ""지하차도"", ""종별"": ""1종"", ""관리주체구분"": ""공공"", ""항목명"": ""형식 : 아치형/BOX타입 / 연장 : 2,362.0 m, 차로수 : 4"", ""위치"": ""서울특별시 강남구""}"
15124755:43,15124755,43,외발산지하차도,서울특별시 강서구,공공,,"형식 : 박스형 / 연장 : 1,015.0 m, 차로수 : 4",,,,,,unverified,,CATALOG_ONLY,20230930,2025-11-18,https://data.go.kr/data/15124755/fileData.do,"{""순번(No)"": ""43"", ""시설물명"": ""외발산지하차도"", ""시설물구분"": ""터널"", ""시설물종류"": ""지하차도"", ""종별"": ""1종"", ""관리주체구분"": ""공공"", ""항목명"": ""형식 : 박스형 / 연장 : 1,015.0 m, 차로수 : 4"", ""위치"": ""서울특별시 강서구""}"
15124755:44,15124755,44,금하지하차도,서울특별시 금천구,공공,,"형식 : 박스형 / 연장 : 1,259.0 m, 차로수 : 4",,,,,,unverified,,CATALOG_ONLY,20230930,2025-11-18,https://data.go.kr/data/15124755/fileData.do,"{""순번(No)"": ""44"", ""시설물명"": ""금하지하차도"", ""시설물구분"": ""터널"", ""시설물종류"": ""지하차도"", ""종별"": ""1종"", ""관리주체구분"": ""공공"", ""항목명"": ""형식 : 박스형 / 연장 : 1,259.0 m, 차로수 : 4"", ""위치"": ""서울특별시 금천구""}"
15124755:45,15124755,45,도봉지하차도,서울특별시 노원구,공공,,"형식 : 박스형 / 연장 : 2,990.0 m, 차로수 : 3",,,,,,unverified,,CATALOG_ONLY,20230930,2025-11-18,https://data.go.kr/data/15124755/fileData.do,"{""순번(No)"": ""45"", ""시설물명"": ""도봉지하차도"", ""시설물구분"": ""터널"", ""시설물종류"": ""지하차도"", ""종별"": ""1종"", ""관리주체구분"": ""공공"", ""항목명"": ""형식 : 박스형 / 연장 : 2,990.0 m, 차로수 : 3"", ""위치"": ""서울특별시 노원구""}"
15124755:46,15124755,46,위례중앙지하차도,서울특별시 송파구,공공,,"형식 : 아치형 / 연장 : 930.0 m, 차로수 : 4",,,,,,unverified,,CATALOG_ONLY,20230930,2025-11-18,https://data.go.kr/data/15124755/fileData.do,"{""순번(No)"": ""46"", ""시설물명"": ""위례중앙지하차도"", ""시설물구분"": ""터널"", ""시설물종류"": ""지하차도"", ""종별"": ""1종"", ""관리주체구분"": ""공공"", ""항목명"": ""형식 : 아치형 / 연장 : 930.0 m, 차로수 : 4"", ""위치"": ""서울특별시 송파구""}"
15124755:47,15124755,47,경인1지하차도,서울특별시 양천구,공공,,"형식 : 박스형 / 연장 : 1,685.0 m, 차로수 : 4",,,,,,unverified,,CATALOG_ONLY,20230930,2025-11-18,https://data.go.kr/data/15124755/fileData.do,"{""순번(No)"": ""47"", ""시설물명"": ""경인1지하차도"", ""시설물구분"": ""터널"", ""시설물종류"": ""지하차도"", ""종별"": ""1종"", ""관리주체구분"": ""공공"", ""항목명"": ""형식 : 박스형 / 연장 : 1,685.0 m, 차로수 : 4"", ""위치"": ""서울특별시 양천구""}"
15124755:48,15124755,48,서부트럭터미널앞 지하차도,서울특별시 양천구,공공,,"형식 : 박스형 / 연장 : 1,075.0 m, 차로수 : 4",,,,,,unverified,,CATALOG_ONLY,20230930,2025-11-18,https://data.go.kr/data/15124755/fileData.do,"{""순번(No)"": ""48"", ""시설물명"": ""서부트럭터미널앞 지하차도"", ""시설물구분"": ""터널"", ""시설물종류"": ""지하차도"", ""종별"": ""1종"", ""관리주체구분"": ""공공"", ""항목명"": ""형식 : 박스형 / 연장 : 1,075.0 m, 차로수 : 4"", ""위치"": ""서울특별시 양천구""}"
15124755:49,15124755,49,미래지하차도(BRT지하차도),세종특별자치시,공공,,"형식 : 박스형 / 연장 : 630.0 m, 차로수 : 2",,,,,,unverified,,CATALOG_ONLY,20230930,2025-11-18,https://data.go.kr/data/15124755/fileData.do,"{""순번(No)"": ""49"", ""시설물명"": ""미래지하차도(BRT지하차도)"", ""시설물구분"": ""터널"", ""시설물종류"": ""지하차도"", ""종별"": ""1종"", ""관리주체구분"": ""공공"", ""항목명"": ""형식 : 박스형 / 연장 : 630.0 m, 차로수 : 2"", ""위치"": ""세종특별자치시""}"
15124755:50,15124755,50,사오리지하차도,세종특별자치시,공공,,"형식 : 박스형 / 연장 : 1,825.0 m, 차로수 : 6",,,,,,unverified,,CATALOG_ONLY,20230930,2025-11-18,https://data.go.kr/data/15124755/fileData.do,"{""순번(No)"": ""50"", ""시설물명"": ""사오리지하차도"", ""시설물구분"": ""터널"", ""시설물종류"": ""지하차도"", ""종별"": ""1종"", ""관리주체구분"": ""공공"", ""항목명"": ""형식 : 박스형 / 연장 : 1,825.0 m, 차로수 : 6"", ""위치"": ""세종특별자치시""}"
15124755:51,15124755,51,주추지하차도,세종특별자치시,공공,,"형식 : 미등록 / 연장 : 2,803.0 m, 차로수 : 6",,,,,,unverified,,CATALOG_ONLY,20230930,2025-11-18,https://data.go.kr/data/15124755/fileData.do,"{""순번(No)"": ""51"", ""시설물명"": ""주추지하차도"", ""시설물구분"": ""터널"", ""시설물종류"": ""지하차도"", ""종별"": ""1종"", ""관리주체구분"": ""공공"", ""항목명"": ""형식 : 미등록 / 연장 : 2,803.0 m, 차로수 : 6"", ""위치"": ""세종특별자치시""}"
15124755:52,15124755,52,대송지하차도,울산광역시 동구,민간,,"형식 : 박스형 / 연장 : 640.0 m, 차로수 : 4",,,,,,unverified,,CATALOG_ONLY,20230930,2025-11-18,https://data.go.kr/data/15124755/fileData.do,"{""순번(No)"": ""52"", ""시설물명"": ""대송지하차도"", ""시설물구분"": ""터널"", ""시설물종류"": ""지하차도"", ""종별"": ""1종"", ""관리주체구분"": ""민간"", ""항목명"": ""형식 : 박스형 / 연장 : 640.0 m, 차로수 : 4"", ""위치"": ""울산광역시 동구""}"
15124755:53,15124755,53,루원지하차도,인천광역시 서구,공공,,"형식 : 박스형 / 연장 : 1,280.0 m, 차로수 : 4",,,,,,unverified,,CATALOG_ONLY,20230930,2025-11-18,https://data.go.kr/data/15124755/fileData.do,"{""순번(No)"": ""53"", ""시설물명"": ""루원지하차도"", ""시설물구분"": ""터널"", ""시설물종류"": ""지하차도"", ""종별"": ""1종"", ""관리주체구분"": ""공공"", ""항목명"": ""형식 : 박스형 / 연장 : 1,280.0 m, 차로수 : 4"", ""위치"": ""인천광역시 서구""}"
15124755:54,15124755,54,중봉지하차도,인천광역시 서구,공공,,"형식 : 박스형 / 연장 : 1,932.3 m, 차로수 : 4",,,,,,unverified,,CATALOG_ONLY,20230930,2025-11-18,https://data.go.kr/data/15124755/fileData.do,"{""순번(No)"": ""54"", ""시설물명"": ""중봉지하차도"", ""시설물구분"": ""터널"", ""시설물종류"": ""지하차도"", ""종별"": ""1종"", ""관리주체구분"": ""공공"", ""항목명"": ""형식 : 박스형 / 연장 : 1,932.3 m, 차로수 : 4"", ""위치"": ""인천광역시 서구""}"
15124755:55,15124755,55,청라국제지하차도,인천광역시 서구,민간,,"형식 : 함형 / 연장 : 2,580.0 m, 차로수 : 6",,,,,,unverified,,CATALOG_ONLY,20230930,2025-11-18,https://data.go.kr/data/15124755/fileData.do,"{""순번(No)"": ""55"", ""시설물명"": ""청라국제지하차도"", ""시설물구분"": ""터널"", ""시설물종류"": ""지하차도"", ""종별"": ""1종"", ""관리주체구분"": ""민간"", ""항목명"": ""형식 : 함형 / 연장 : 2,580.0 m, 차로수 : 6"", ""위치"": ""인천광역시 서구""}"
15124755:56,15124755,56,두빛나래 지하차도,인천광역시 중구,공공,,"형식 : 박스형 / 연장 : 740.0 m, 차로수 : 6",,,,,,unverified,,CATALOG_ONLY,20230930,2025-11-18,https://data.go.kr/data/15124755/fileData.do,"{""순번(No)"": ""56"", ""시설물명"": ""두빛나래 지하차도"", ""시설물구분"": ""터널"", ""시설물종류"": ""지하차도"", ""종별"": ""1종"", ""관리주체구분"": ""공공"", ""항목명"": ""형식 : 박스형 / 연장 : 740.0 m, 차로수 : 6"", ""위치"": ""인천광역시 중구""}"
15124755:57,15124755,57,서천도월지하차도,전라남도 광양시,공공,,"형식 : 박스형 / 연장 : 980.0 m, 차로수 : 4",,,,,,unverified,,CATALOG_ONLY,20230930,2025-11-18,https://data.go.kr/data/15124755/fileData.do,"{""순번(No)"": ""57"", ""시설물명"": ""서천도월지하차도"", ""시설물구분"": ""터널"", ""시설물종류"": ""지하차도"", ""종별"": ""1종"", ""관리주체구분"": ""공공"", ""항목명"": ""형식 : 박스형 / 연장 : 980.0 m, 차로수 : 4"", ""위치"": ""전라남도 광양시""}"
15124755:58,15124755,58,옥암지하차도,전라남도 목포시,공공,,"형식 : 박스형 / 연장 : 650.0 m, 차로수 : 4",,,,,,unverified,,CATALOG_ONLY,20230930,2025-11-18,https://data.go.kr/data/15124755/fileData.do,"{""순번(No)"": ""58"", ""시설물명"": ""옥암지하차도"", ""시설물구분"": ""터널"", ""시설물종류"": ""지하차도"", ""종별"": ""1종"", ""관리주체구분"": ""공공"", ""항목명"": ""형식 : 박스형 / 연장 : 650.0 m, 차로수 : 4"", ""위치"": ""전라남도 목포시""}"
15124755:59,15124755,59,오룡지하차도,전라남도 무안군,공공,,"형식 : 박스형 / 연장 : 1,045.0 m, 차로수 : 4",,,,,,unverified,,CATALOG_ONLY,20230930,2025-11-18,https://data.go.kr/data/15124755/fileData.do,"{""순번(No)"": ""59"", ""시설물명"": ""오룡지하차도"", ""시설물구분"": ""터널"", ""시설물종류"": ""지하차도"", ""종별"": ""1종"", ""관리주체구분"": ""공공"", ""항목명"": ""형식 : 박스형 / 연장 : 1,045.0 m, 차로수 : 4"", ""위치"": ""전라남도 무안군""}"
15124755:60,15124755,60,천안로 지하차도,충청남도 천안시,공공,,"형식 : 박스형 / 연장 : 700.0 m, 차로수 : 4",,,,,,unverified,,CATALOG_ONLY,20230930,2025-11-18,https://data.go.kr/data/15124755/fileData.do,"{""순번(No)"": ""60"", ""시설물명"": ""천안로 지하차도"", ""시설물구분"": ""터널"", ""시설물종류"": ""지하차도"", ""종별"": ""1종"", ""관리주체구분"": ""공공"", ""항목명"": ""형식 : 박스형 / 연장 : 700.0 m, 차로수 : 4"", ""위치"": ""충청남도 천안시""}"
15124755:61,15124755,61,내포지하차도,충청남도 홍성군,공공,,"형식 : 박스형 / 연장 : 930.0 m, 차로수 : 4",,,,,,unverified,,CATALOG_ONLY,20230930,2025-11-18,https://data.go.kr/data/15124755/fileData.do,"{""순번(No)"": ""61"", ""시설물명"": ""내포지하차도"", ""시설물구분"": ""터널"", ""시설물종류"": ""지하차도"", ""종별"": ""1종"", ""관리주체구분"": ""공공"", ""항목명"": ""형식 : 박스형 / 연장 : 930.0 m, 차로수 : 4"", ""위치"": ""충청남도 홍성군""}"
15124755:62,15124755,62,단계지하차도,강원특별자치도 원주시,공공,,"형식 : 박스형 / 연장 : 145.0 m, 차로수 : 4",,,,,,unverified,,CATALOG_ONLY,20230930,2025-11-18,https://data.go.kr/data/15124755/fileData.do,"{""순번(No)"": ""62"", ""시설물명"": ""단계지하차도"", ""시설물구분"": ""터널"", ""시설물종류"": ""지하차도"", ""종별"": ""2종"", ""관리주체구분"": ""공공"", ""항목명"": ""형식 : 박스형 / 연장 : 145.0 m, 차로수 : 4"", ""위치"": ""강원특별자치도 원주시""}"
15124755:63,15124755,63,춘천역 지하차도,강원특별자치도 춘천시,공공,,"형식 : 박스형 / 연장 : 482.5 m, 차로수 : 4",,,,,,unverified,,CATALOG_ONLY,20230930,2025-11-18,https://data.go.kr/data/15124755/fileData.do,"{""순번(No)"": ""63"", ""시설물명"": ""춘천역 지하차도"", ""시설물구분"": ""터널"", ""시설물종류"": ""지하차도"", ""종별"": ""2종"", ""관리주체구분"": ""공공"", ""항목명"": ""형식 : 박스형 / 연장 : 482.5 m, 차로수 : 4"", ""위치"": ""강원특별자치도 춘천시""}"
15124755:64,15124755,64,절골지하차도,강원특별자치도 태백시,공공,,"형식 : 박스형 / 연장 : 375.0 m, 차로수 : 2",,,,,,unverified,,CATALOG_ONLY,20230930,2025-11-18,https://data.go.kr/data/15124755/fileData.do,"{""순번(No)"": ""64"", ""시설물명"": ""절골지하차도"", ""시설물구분"": ""터널"", ""시설물종류"": ""지하차도"", ""종별"": ""2종"", ""관리주체구분"": ""공공"", ""항목명"": ""형식 : 박스형 / 연장 : 375.0 m, 차로수 : 2"", ""위치"": ""강원특별자치도 태백시""}"
15124755:65,15124755,65,강매지하차도,경기도 고양시,공공,,"형식 : 미등록 / 연장 : 444.0 m, 차로수 : 6",,,,,,unverified,,CATALOG_ONLY,20230930,2025-11-18,https://data.go.kr/data/15124755/fileData.do,"{""순번(No)"": ""65"", ""시설물명"": ""강매지하차도"", ""시설물구분"": ""터널"", ""시설물종류"": ""지하차도"", ""종별"": ""2종"", ""관리주체구분"": ""공공"", ""항목명"": ""형식 : 미등록 / 연장 : 444.0 m, 차로수 : 6"", ""위치"": ""경기도 고양시""}"
15124755:66,15124755,66,강촌로지하차도,경기도 고양시,공공,,"형식 : 박스형 / 연장 : 270.0 m, 차로수 : 4",,,,,,unverified,,CATALOG_ONLY,20230930,2025-11-18,https://data.go.kr/data/15124755/fileData.do,"{""순번(No)"": ""66"", ""시설물명"": ""강촌로지하차도"", ""시설물구분"": ""터널"", ""시설물종류"": ""지하차도"", ""종별"": ""2종"", ""관리주체구분"": ""공공"", ""항목명"": ""형식 : 박스형 / 연장 : 270.0 m, 차로수 : 4"", ""위치"": ""경기도 고양시""}"
15124755:67,15124755,67,구산지하차도,경기도 고양시,공공,,"형식 : 박스형 / 연장 : 391.0 m, 차로수 : 1",,,,,,unverified,,CATALOG_ONLY,20230930,2025-11-18,https://data.go.kr/data/15124755/fileData.do,"{""순번(No)"": ""67"", ""시설물명"": ""구산지하차도"", ""시설물구분"": ""터널"", ""시설물종류"": ""지하차도"", ""종별"": ""2종"", ""관리주체구분"": ""공공"", ""항목명"": ""형식 : 박스형 / 연장 : 391.0 m, 차로수 : 1"", ""위치"": ""경기도 고양시""}"
15124755:68,15124755,68,내곡지하차도,경기도 고양시,공공,,"형식 : 박스형 / 연장 : 126.0 m, 차로수 : 4",,,,,,unverified,,CATALOG_ONLY,20230930,2025-11-18,https://data.go.kr/data/15124755/fileData.do,"{""순번(No)"": ""68"", ""시설물명"": ""내곡지하차도"", ""시설물구분"": ""터널"", ""시설물종류"": ""지하차도"", ""종별"": ""2종"", ""관리주체구분"": ""공공"", ""항목명"": ""형식 : 박스형 / 연장 : 126.0 m, 차로수 : 4"", ""위치"": ""경기도 고양시""}"
15124755:69,15124755,69,백마지하차도,경기도 고양시,공공,,"형식 : 박스형 / 연장 : 260.0 m, 차로수 : 4",,,,,,unverified,,CATALOG_ONLY,20230930,2025-11-18,https://data.go.kr/data/15124755/fileData.do,"{""순번(No)"": ""69"", ""시설물명"": ""백마지하차도"", ""시설물구분"": ""터널"", ""시설물종류"": ""지하차도"", ""종별"": ""2종"", ""관리주체구분"": ""공공"", ""항목명"": ""형식 : 박스형 / 연장 : 260.0 m, 차로수 : 4"", ""위치"": ""경기도 고양시""}"
15124755:70,15124755,70,법곳지하차도,경기도 고양시,공공,,"형식 : 박스형 / 연장 : 470.0 m, 차로수 : 6",,,,,,unverified,,CATALOG_ONLY,20230930,2025-11-18,https://data.go.kr/data/15124755/fileData.do,"{""순번(No)"": ""70"", ""시설물명"": ""법곳지하차도"", ""시설물구분"": ""터널"", ""시설물종류"": ""지하차도"", ""종별"": ""2종"", ""관리주체구분"": ""공공"", ""항목명"": ""형식 : 박스형 / 연장 : 470.0 m, 차로수 : 6"", ""위치"": ""경기도 고양시""}"
15124755:71,15124755,71,벽제지하차도(문산),경기도 고양시,민간,,"형식 : 박스형 / 연장 : 160.0 m, 차로수 : 3",,,,,,unverified,,CATALOG_ONLY,20230930,2025-11-18,https://data.go.kr/data/15124755/fileData.do,"{""순번(No)"": ""71"", ""시설물명"": ""벽제지하차도(문산)"", ""시설물구분"": ""터널"", ""시설물종류"": ""지하차도"", ""종별"": ""2종"", ""관리주체구분"": ""민간"", ""항목명"": ""형식 : 박스형 / 연장 : 160.0 m, 차로수 : 3"", ""위치"": ""경기도 고양시""}"
15124755:72,15124755,72,벽제지하차도(서울),경기도 고양시,민간,,"형식 : 박스형 / 연장 : 160.0 m, 차로수 : 3",,,,,,unverified,,CATALOG_ONLY,20230930,2025-11-18,https://data.go.kr/data/15124755/fileData.do,"{""순번(No)"": ""72"", ""시설물명"": ""벽제지하차도(서울)"", ""시설물구분"": ""터널"", ""시설물종류"": ""지하차도"", ""종별"": ""2종"", ""관리주체구분"": ""민간"", ""항목명"": ""형식 : 박스형 / 연장 : 160.0 m, 차로수 : 3"", ""위치"": ""경기도 고양시""}"
15124755:73,15124755,73,서오릉지하차도,경기도 고양시,공공,,"형식 : 박스형 / 연장 : 388.0 m, 차로수 : 4",,,,,,unverified,,CATALOG_ONLY,20230930,2025-11-18,https://data.go.kr/data/15124755/fileData.do,"{""순번(No)"": ""73"", ""시설물명"": ""서오릉지하차도"", ""시설물구분"": ""터널"", ""시설물종류"": ""지하차도"", ""종별"": ""2종"", ""관리주체구분"": ""공공"", ""항목명"": ""형식 : 박스형 / 연장 : 388.0 m, 차로수 : 4"", ""위치"": ""경기도 고양시""}"
15124755:74,15124755,74,신원지하차도,경기도 고양시,공공,,"형식 : B-TYPE / 연장 : 466.0 m, 차로수 : 6",,,,,,unverified,,CATALOG_ONLY,20230930,2025-11-18,https://data.go.kr/data/15124755/fileData.do,"{""순번(No)"": ""74"", ""시설물명"": ""신원지하차도"", ""시설물구분"": ""터널"", ""시설물종류"": ""지하차도"", ""종별"": ""2종"", ""관리주체구분"": ""공공"", ""항목명"": ""형식 : B-TYPE / 연장 : 466.0 m, 차로수 : 6"", ""위치"": ""경기도 고양시""}"
15124755:75,15124755,75,신평IC지하차도,경기도 고양시,공공,,"형식 : 박스형 / 연장 : 100.0 m, 차로수 : 6",,,,,,unverified,,CATALOG_ONLY,20230930,2025-11-18,https://data.go.kr/data/15124755/fileData.do,"{""순번(No)"": ""75"", ""시설물명"": ""신평IC지하차도"", ""시설물구분"": ""터널"", ""시설물종류"": ""지하차도"", ""종별"": ""2종"", ""관리주체구분"": ""공공"", ""항목명"": ""형식 : 박스형 / 연장 : 100.0 m, 차로수 : 6"", ""위치"": ""경기도 고양시""}"
15124755:76,15124755,76,원흥지하차도,경기도 고양시,공공,,"형식 : 박스형 / 연장 : 441.0 m, 차로수 : 4",,,,,,unverified,,CATALOG_ONLY,20230930,2025-11-18,https://data.go.kr/data/15124755/fileData.do,"{""순번(No)"": ""76"", ""시설물명"": ""원흥지하차도"", ""시설물구분"": ""터널"", ""시설물종류"": ""지하차도"", ""종별"": ""2종"", ""관리주체구분"": ""공공"", ""항목명"": ""형식 : 박스형 / 연장 : 441.0 m, 차로수 : 4"", ""위치"": ""경기도 고양시""}"
15124755:77,15124755,77,일산지하차도,경기도 고양시,공공,,"형식 : 미등록 / 연장 : 350.0 m, 차로수 : 2",,,,,,unverified,,CATALOG_ONLY,20230930,2025-11-18,https://data.go.kr/data/15124755/fileData.do,"{""순번(No)"": ""77"", ""시설물명"": ""일산지하차도"", ""시설물구분"": ""터널"", ""시설물종류"": ""지하차도"", ""종별"": ""2종"", ""관리주체구분"": ""공공"", ""항목명"": ""형식 : 미등록 / 연장 : 350.0 m, 차로수 : 2"", ""위치"": ""경기도 고양시""}"
15124755:78,15124755,78,킨텍스 지하차도,경기도 고양시,공공,,"형식 : 박스형 / 연장 : 100.0 m, 차로수 : 9",,,,,,unverified,,CATALOG_ONLY,20230930,2025-11-18,https://data.go.kr/data/15124755/fileData.do,"{""순번(No)"": ""78"", ""시설물명"": ""킨텍스 지하차도"", ""시설물구분"": ""터널"", ""시설물종류"": ""지하차도"", ""종별"": ""2종"", ""관리주체구분"": ""공공"", ""항목명"": ""형식 : 박스형 / 연장 : 100.0 m, 차로수 : 9"", ""위치"": ""경기도 고양시""}"
15124755:79,15124755,79,풍산지하차도,경기도 고양시,공공,,"형식 : 박스형 / 연장 : 390.0 m, 차로수 : 4",,,,,,unverified,,CATALOG_ONLY,20230930,2025-11-18,https://data.go.kr/data/15124755/fileData.do,"{""순번(No)"": ""79"", ""시설물명"": ""풍산지하차도"", ""시설물구분"": ""터널"", ""시설물종류"": ""지하차도"", ""종별"": ""2종"", ""관리주체구분"": ""공공"", ""항목명"": ""형식 : 박스형 / 연장 : 390.0 m, 차로수 : 4"", ""위치"": ""경기도 고양시""}"
15124755:80,15124755,80,한류월드IC지하차도,경기도 고양시,공공,,"형식 : 박스형 / 연장 : 100.0 m, 차로수 : 6",,,,,,unverified,,CATALOG_ONLY,20230930,2025-11-18,https://data.go.kr/data/15124755/fileData.do,"{""순번(No)"": ""80"", ""시설물명"": ""한류월드IC지하차도"", ""시설물구분"": ""터널"", ""시설물종류"": ""지하차도"", ""종별"": ""2종"", ""관리주체구분"": ""공공"", ""항목명"": ""형식 : 박스형 / 연장 : 100.0 m, 차로수 : 6"", ""위치"": ""경기도 고양시""}"
15124755:81,15124755,81,행신지하차도(본체 및 종점부),경기도 고양시,공공,,"형식 : 박스형 / 연장 : 290.0 m, 차로수 : 6",,,,,,unverified,,CATALOG_ONLY,20230930,2025-11-18,https://data.go.kr/data/15124755/fileData.do,"{""순번(No)"": ""81"", ""시설물명"": ""행신지하차도(본체 및 종점부)"", ""시설물구분"": ""터널"", ""시설물종류"": ""지하차도"", ""종별"": ""2종"", ""관리주체구분"": ""공공"", ""항목명"": ""형식 : 박스형 / 연장 : 290.0 m, 차로수 : 6"", ""위치"": ""경기도 고양시""}"
15124755:82,15124755,82,행신지하차도(시점부),경기도 고양시,공공,,"형식 : 미등록 / 연장 : 140.0 m, 차로수 : 6",,,,,,unverified,,CATALOG_ONLY,20230930,2025-11-18,https://data.go.kr/data/15124755/fileData.do,"{""순번(No)"": ""82"", ""시설물명"": ""행신지하차도(시점부)"", ""시설물구분"": ""터널"", ""시설물종류"": ""지하차도"", ""종별"": ""2종"", ""관리주체구분"": ""공공"", ""항목명"": ""형식 : 미등록 / 연장 : 140.0 m, 차로수 : 6"", ""위치"": ""경기도 고양시""}"
15124755:83,15124755,83,관문지하차도,경기도 과천시,공공,,"형식 : 박스형 / 연장 : 140.0 m, 차로수 : 4",,,,,,unverified,,CATALOG_ONLY,20230930,2025-11-18,https://data.go.kr/data/15124755/fileData.do,"{""순번(No)"": ""83"", ""시설물명"": ""관문지하차도"", ""시설물구분"": ""터널"", ""시설물종류"": ""지하차도"", ""종별"": ""2종"", ""관리주체구분"": ""공공"", ""항목명"": ""형식 : 박스형 / 연장 : 140.0 m, 차로수 : 4"", ""위치"": ""경기도 과천시""}"
15124755:84,15124755,84,매헌지하차도,경기도 과천시,공공,,"형식 : 박스형 / 연장 : 401.0 m, 차로수 : 5",,,,,,unverified,,CATALOG_ONLY,20230930,2025-11-18,https://data.go.kr/data/15124755/fileData.do,"{""순번(No)"": ""84"", ""시설물명"": ""매헌지하차도"", ""시설물구분"": ""터널"", ""시설물종류"": ""지하차도"", ""종별"": ""2종"", ""관리주체구분"": ""공공"", ""항목명"": ""형식 : 박스형 / 연장 : 401.0 m, 차로수 : 5"", ""위치"": ""경기도 과천시""}"
15124755:85,15124755,85,상아벌지하차도,경기도 과천시,공공,,"형식 : 박스형 / 연장 : 280.0 m, 차로수 : 5",,,,,,unverified,,CATALOG_ONLY,20230930,2025-11-18,https://data.go.kr/data/15124755/fileData.do,"{""순번(No)"": ""85"", ""시설물명"": ""상아벌지하차도"", ""시설물구분"": ""터널"", ""시설물종류"": ""지하차도"", ""종별"": ""2종"", ""관리주체구분"": ""공공"", ""항목명"": ""형식 : 박스형 / 연장 : 280.0 m, 차로수 : 5"", ""위치"": ""경기도 과천시""}"
15124755:86,15124755,86,옥탑지하차도,경기도 과천시,공공,,"형식 : 아치형 / 연장 : 106.0 m, 차로수 : 7",,,,,,unverified,,CATALOG_ONLY,20230930,2025-11-18,https://data.go.kr/data/15124755/fileData.do,"{""순번(No)"": ""86"", ""시설물명"": ""옥탑지하차도"", ""시설물구분"": ""터널"", ""시설물종류"": ""지하차도"", ""종별"": ""2종"", ""관리주체구분"": ""공공"", ""항목명"": ""형식 : 아치형 / 연장 : 106.0 m, 차로수 : 7"", ""위치"": ""경기도 과천시""}"
15124755:87,15124755,87,찬우물지하차도,경기도 과천시,공공,,"형식 : 박스형 / 연장 : 188.0 m, 차로수 : 2",,,,,,unverified,,CATALOG_ONLY,20230930,2025-11-18,https://data.go.kr/data/15124755/fileData.do,"{""순번(No)"": ""87"", ""시설물명"": ""찬우물지하차도"", ""시설물구분"": ""터널"", ""시설물종류"": ""지하차도"", ""종별"": ""2종"", ""관리주체구분"": ""공공"", ""항목명"": ""형식 : 박스형 / 연장 : 188.0 m, 차로수 : 2"", ""위치"": ""경기도 과천시""}"
15124755:88,15124755,88,광명지하차도,경기도 광명시,공공,,"형식 : 박스형 / 연장 : 330.0 m, 차로수 : 4",,,,,,unverified,,CATALOG_ONLY,20230930,2025-11-18,https://data.go.kr/data/15124755/fileData.do,"{""순번(No)"": ""88"", ""시설물명"": ""광명지하차도"", ""시설물구분"": ""터널"", ""시설물종류"": ""지하차도"", ""종별"": ""2종"", ""관리주체구분"": ""공공"", ""항목명"": ""형식 : 박스형 / 연장 : 330.0 m, 차로수 : 4"", ""위치"": ""경기도 광명시""}"
15124755:89,15124755,89,능촌지하차도,경기도 광명시,공공,,"형식 : 박스형 / 연장 : 430.0 m, 차로수 : 4",,,,,,unverified,,CATALOG_ONLY,20230930,2025-11-18,https://data.go.kr/data/15124755/fileData.do,"{""순번(No)"": ""89"", ""시설물명"": ""능촌지하차도"", ""시설물구분"": ""터널"", ""시설물종류"": ""지하차도"", ""종별"": ""2종"", ""관리주체구분"": ""공공"", ""항목명"": ""형식 : 박스형 / 연장 : 430.0 m, 차로수 : 4"", ""위치"": ""경기도 광명시""}"
15124755:90,15124755,90,덕안터널,경기도 광명시,공공,,"형식 : 박스형 / 연장 : 366.6 m, 차로수 : 6",,,,,,unverified,,CATALOG_ONLY,20230930,2025-11-18,https://data.go.kr/data/15124755/fileData.do,"{""순번(No)"": ""90"", ""시설물명"": ""덕안터널"", ""시설물구분"": ""터널"", ""시설물종류"": ""지하차도"", ""종별"": ""2종"", ""관리주체구분"": ""공공"", ""항목명"": ""형식 : 박스형 / 연장 : 366.6 m, 차로수 : 6"", ""위치"": ""경기도 광명시""}"
15124755:91,15124755,91,소하지하차도,경기도 광명시,민간,,"형식 : 박스형 / 연장 : 398.0 m, 차로수 : 4",,,,,,unverified,,CATALOG_ONLY,20230930,2025-11-18,https://data.go.kr/data/15124755/fileData.do,"{""순번(No)"": ""91"", ""시설물명"": ""소하지하차도"", ""시설물구분"": ""터널"", ""시설물종류"": ""지하차도"", ""종별"": ""2종"", ""관리주체구분"": ""민간"", ""항목명"": ""형식 : 박스형 / 연장 : 398.0 m, 차로수 : 4"", ""위치"": ""경기도 광명시""}"
15124755:92,15124755,92,하안지하차도,경기도 광명시,공공,,"형식 : 박스형 / 연장 : 115.0 m, 차로수 : 4",,,,,,unverified,,CATALOG_ONLY,20230930,2025-11-18,https://data.go.kr/data/15124755/fileData.do,"{""순번(No)"": ""92"", ""시설물명"": ""하안지하차도"", ""시설물구분"": ""터널"", ""시설물종류"": ""지하차도"", ""종별"": ""2종"", ""관리주체구분"": ""공공"", ""항목명"": ""형식 : 박스형 / 연장 : 115.0 m, 차로수 : 4"", ""위치"": ""경기도 광명시""}"
15124755:93,15124755,93,갈매지하차도,경기도 구리시,공공,,"형식 : 박스형 / 연장 : 475.0 m, 차로수 : 4",,,,,,unverified,,CATALOG_ONLY,20230930,2025-11-18,https://data.go.kr/data/15124755/fileData.do,"{""순번(No)"": ""93"", ""시설물명"": ""갈매지하차도"", ""시설물구분"": ""터널"", ""시설물종류"": ""지하차도"", ""종별"": ""2종"", ""관리주체구분"": ""공공"", ""항목명"": ""형식 : 박스형 / 연장 : 475.0 m, 차로수 : 4"", ""위치"": ""경기도 구리시""}"
15124755:94,15124755,94,갈매지하차도,경기도 구리시,민간,,"형식 : 박스형 / 연장 : 100.0 m, 차로수 : 8",,,,,,unverified,,CATALOG_ONLY,20230930,2025-11-18,https://data.go.kr/data/15124755/fileData.do,"{""순번(No)"": ""94"", ""시설물명"": ""갈매지하차도"", ""시설물구분"": ""터널"", ""시설물종류"": ""지하차도"", ""종별"": ""2종"", ""관리주체구분"": ""민간"", ""항목명"": ""형식 : 박스형 / 연장 : 100.0 m, 차로수 : 8"", ""위치"": ""경기도 구리시""}"
15124755:95,15124755,95,담터지하차도,경기도 구리시,공공,,"형식 : 박스형 / 연장 : 429.0 m, 차로수 : 4",,,,,,unverified,,CATALOG_ONLY,20230930,2025-11-18,https://data.go.kr/data/15124755/fileData.do,"{""순번(No)"": ""95"", ""시설물명"": ""담터지하차도"", ""시설물구분"": ""터널"", ""시설물종류"": ""지하차도"", ""종별"": ""2종"", ""관리주체구분"": ""공공"", ""항목명"": ""형식 : 박스형 / 연장 : 429.0 m, 차로수 : 4"", ""위치"": ""경기도 구리시""}"
15124755:96,15124755,96,당말지하차도,경기도 군포시,공공,,"형식 : 박스형 / 연장 : 148.0 m, 차로수 : 4",,,,,,unverified,,CATALOG_ONLY,20230930,2025-11-18,https://data.go.kr/data/15124755/fileData.do,"{""순번(No)"": ""96"", ""시설물명"": ""당말지하차도"", ""시설물구분"": ""터널"", ""시설물종류"": ""지하차도"", ""종별"": ""2종"", ""관리주체구분"": ""공공"", ""항목명"": ""형식 : 박스형 / 연장 : 148.0 m, 차로수 : 4"", ""위치"": ""경기도 군포시""}"
15124755:97,15124755,97,당정지하차도,경기도 군포시,공공,,"형식 : 박스형 / 연장 : 182.0 m, 차로수 : 4",,,,,,unverified,,CATALOG_ONLY,20230930,2025-11-18,https://data.go.kr/data/15124755/fileData.do,"{""순번(No)"": ""97"", ""시설물명"": ""당정지하차도"", ""시설물구분"": ""터널"", ""시설물종류"": ""지하차도"", ""종별"": ""2종"", ""관리주체구분"": ""공공"", ""항목명"": ""형식 : 박스형 / 연장 : 182.0 m, 차로수 : 4"", ""위치"": ""경기도 군포시""}"
15124755:98,15124755,98,대야지하차도,경기도 군포시,공공,,"형식 : 박스형 / 연장 : 101.3 m, 차로수 : 4",,,,,,unverified,,CATALOG_ONLY,20230930,2025-11-18,https://data.go.kr/data/15124755/fileData.do,"{""순번(No)"": ""98"", ""시설물명"": ""대야지하차도"", ""시설물구분"": ""터널"", ""시설물종류"": ""지하차도"", ""종별"": ""2종"", ""관리주체구분"": ""공공"", ""항목명"": ""형식 : 박스형 / 연장 : 101.3 m, 차로수 : 4"", ""위치"": ""경기도 군포시""}"
15124755:99,15124755,99,도랫말지하차도,경기도 군포시,공공,,"형식 : 박스형 / 연장 : 138.0 m, 차로수 : 4",,,,,,unverified,,CATALOG_ONLY,20230930,2025-11-18,https://data.go.kr/data/15124755/fileData.do,"{""순번(No)"": ""99"", ""시설물명"": ""도랫말지하차도"", ""시설물구분"": ""터널"", ""시설물종류"": ""지하차도"", ""종별"": ""2종"", ""관리주체구분"": ""공공"", ""항목명"": ""형식 : 박스형 / 연장 : 138.0 m, 차로수 : 4"", ""위치"": ""경기도 군포시""}"
15124755:100,15124755,100,나진지하차도,경기도 김포시,공공,,"형식 : 박스형 / 연장 : 366.0 m, 차로수 : 1",,,,,,unverified,,CATALOG_ONLY,20230930,2025-11-18,https://data.go.kr/data/15124755/fileData.do,"{""순번(No)"": ""100"", ""시설물명"": ""나진지하차도"", ""시설물구분"": ""터널"", ""시설물종류"": ""지하차도"", ""종별"": ""2종"", ""관리주체구분"": ""공공"", ""항목명"": ""형식 : 박스형 / 연장 : 366.0 m, 차로수 : 1"", ""위치"": ""경기도 김포시""}"
15124755:101,15124755,101,마송지하차도,경기도 김포시,공공,,"형식 : 박스형 / 연장 : 156.5 m, 차로수 : 4",,,,,,unverified,,CATALOG_ONLY,20230930,2025-11-18,https://data.go.kr/data/15124755/fileData.do,"{""순번(No)"": ""101"", ""시설물명"": ""마송지하차도"", ""시설물구분"": ""터널"", ""시설물종류"": ""지하차도"", ""종별"": ""2종"", ""관리주체구분"": ""공공"", ""항목명"": ""형식 : 박스형 / 연장 : 156.5 m, 차로수 : 4"", ""위치"": ""경기도 김포시""}"
15124755:102,15124755,102,운양2지하차도,경기도 김포시,공공,,"형식 : 2련box,라멘구조 / 연장 : 132.0 m, 차로수 : 6",,,,,,unverified,,CATALOG_ONLY,20230930,2025-11-18,https://data.go.kr/data/15124755/fileData.do,"{""순번(No)"": ""102"", ""시설물명"": ""운양2지하차도"", ""시설물구분"": ""터널"", ""시설물종류"": ""지하차도"", ""종별"": ""2종"", ""관리주체구분"": ""공공"", ""항목명"": ""형식 : 2련box,라멘구조 / 연장 : 132.0 m, 차로수 : 6"", ""위치"": ""경기도 김포시""}"
15124755:103,15124755,103,덕송지하차도,경기도 남양주시,공공,,"형식 : Box / 연장 : 400.0 m, 차로수 : 4",,,,,,unverified,,CATALOG_ONLY,20230930,2025-11-18,https://data.go.kr/data/15124755/fileData.do,"{""순번(No)"": ""103"", ""시설물명"": ""덕송지하차도"", ""시설물구분"": ""터널"", ""시설물종류"": ""지하차도"", ""종별"": ""2종"", ""관리주체구분"": ""공공"", ""항목명"": ""형식 : Box / 연장 : 400.0 m, 차로수 : 4"", ""위치"": ""경기도 남양주시""}"
15124755:104,15124755,104,돌팍지하차도,경기도 남양주시,공공,,"형식 : 박스형 / 연장 : 160.0 m, 차로수 : 4",,,,,,unverified,,CATALOG_ONLY,20230930,2025-11-18,https://data.go.kr/data/15124755/fileData.do,"{""순번(No)"": ""104"", ""시설물명"": ""돌팍지하차도"", ""시설물구분"": ""터널"", ""시설물종류"": ""지하차도"", ""종별"": ""2종"", ""관리주체구분"": ""공공"", ""항목명"": ""형식 : 박스형 / 연장 : 160.0 m, 차로수 : 4"", ""위치"": ""경기도 남양주시""}"
15124755:105,15124755,105,동연평지하차도,경기도 남양주시,공공,,"형식 : 박스형 / 연장 : 640.0 m, 차로수 : 4",,,,,,unverified,,CATALOG_ONLY,20230930,2025-11-18,https://data.go.kr/data/15124755/fileData.do,"{""순번(No)"": ""105"", ""시설물명"": ""동연평지하차도"", ""시설물구분"": ""터널"", ""시설물종류"": ""지하차도"", ""종별"": ""2종"", ""관리주체구분"": ""공공"", ""항목명"": ""형식 : 박스형 / 연장 : 640.0 m, 차로수 : 4"", ""위치"": ""경기도 남양주시""}"
15124755:106,15124755,106,별내지하차도,경기도 남양주시,공공,,"형식 : 박스형 / 연장 : 495.0 m, 차로수 : 4",,,,,,unverified,,CATALOG_ONLY,20230930,2025-11-18,https://data.go.kr/data/15124755/fileData.do,"{""순번(No)"": ""106"", ""시설물명"": ""별내지하차도"", ""시설물구분"": ""터널"", ""시설물종류"": ""지하차도"", ""종별"": ""2종"", ""관리주체구분"": ""공공"", ""항목명"": ""형식 : 박스형 / 연장 : 495.0 m, 차로수 : 4"", ""위치"": ""경기도 남양주시""}"
15124755:107,15124755,107,용신지하차도,경기도 남양주시,공공,,"형식 : 박스형 / 연장 : 620.0 m, 차로수 : 4",,,,,,unverified,,CATALOG_ONLY,20230930,2025-11-18,https://data.go.kr/data/15124755/fileData.do,"{""순번(No)"": ""107"", ""시설물명"": ""용신지하차도"", ""시설물구분"": ""터널"", ""시설물종류"": ""지하차도"", ""종별"": ""2종"", ""관리주체구분"": ""공공"", ""항목명"": ""형식 : 박스형 / 연장 : 620.0 m, 차로수 : 4"", ""위치"": ""경기도 남양주시""}"
15124755:108,15124755,108,용정2교(지하차도),경기도 남양주시,공공,,"형식 : 박스형 / 연장 : 100.0 m, 차로수 : 2",,,,,,unverified,,CATALOG_ONLY,20230930,2025-11-18,https://data.go.kr/data/15124755/fileData.do,"{""순번(No)"": ""108"", ""시설물명"": ""용정2교(지하차도)"", ""시설물구분"": ""터널"", ""시설물종류"": ""지하차도"", ""종별"": ""2종"", ""관리주체구분"": ""공공"", ""항목명"": ""형식 : 박스형 / 연장 : 100.0 m, 차로수 : 2"", ""위치"": ""경기도 남양주시""}"
15124755:109,15124755,109,호평지하차도,경기도 남양주시,공공,,"형식 : 박스형 / 연장 : 240.0 m, 차로수 : 4",,,,,,unverified,,CATALOG_ONLY,20230930,2025-11-18,https://data.go.kr/data/15124755/fileData.do,"{""순번(No)"": ""109"", ""시설물명"": ""호평지하차도"", ""시설물구분"": ""터널"", ""시설물종류"": ""지하차도"", ""종별"": ""2종"", ""관리주체구분"": ""공공"", ""항목명"": ""형식 : 박스형 / 연장 : 240.0 m, 차로수 : 4"", ""위치"": ""경기도 남양주시""}"
15124755:110,15124755,110,화접지하차도,경기도 남양주시,공공,,"형식 : 박스형 / 연장 : 560.0 m, 차로수 : 4",,,,,,unverified,,CATALOG_ONLY,20230930,2025-11-18,https://data.go.kr/data/15124755/fileData.do,"{""순번(No)"": ""110"", ""시설물명"": ""화접지하차도"", ""시설물구분"": ""터널"", ""시설물종류"": ""지하차도"", ""종별"": ""2종"", ""관리주체구분"": ""공공"", ""항목명"": ""형식 : 박스형 / 연장 : 560.0 m, 차로수 : 4"", ""위치"": ""경기도 남양주시""}"
15124755:111,15124755,111,고강지하차도,경기도 부천시,공공,,"형식 : 박스형 / 연장 : 490.0 m, 차로수 : 6",,,,,,unverified,,CATALOG_ONLY,20230930,2025-11-18,https://data.go.kr/data/15124755/fileData.do,"{""순번(No)"": ""111"", ""시설물명"": ""고강지하차도"", ""시설물구분"": ""터널"", ""시설물종류"": ""지하차도"", ""종별"": ""2종"", ""관리주체구분"": ""공공"", ""항목명"": ""형식 : 박스형 / 연장 : 490.0 m, 차로수 : 6"", ""위치"": ""경기도 부천시""}"
15124755:112,15124755,112,당아래지하차도,경기도 부천시,공공,,"형식 : 박스형 / 연장 : 140.0 m, 차로수 : 6",,,,,,unverified,,CATALOG_ONLY,20230930,2025-11-18,https://data.go.kr/data/15124755/fileData.do,"{""순번(No)"": ""112"", ""시설물명"": ""당아래지하차도"", ""시설물구분"": ""터널"", ""시설물종류"": ""지하차도"", ""종별"": ""2종"", ""관리주체구분"": ""공공"", ""항목명"": ""형식 : 박스형 / 연장 : 140.0 m, 차로수 : 6"", ""위치"": ""경기도 부천시""}"
15124755:113,15124755,113,동남지하차도,경기도 부천시,공공,,"형식 : 박스형 / 연장 : 460.0 m, 차로수 : 4",,,,,,unverified,,CATALOG_ONLY,20230930,2025-11-18,https://data.go.kr/data/15124755/fileData.do,"{""순번(No)"": ""113"", ""시설물명"": ""동남지하차도"", ""시설물구분"": ""터널"", ""시설물종류"": ""지하차도"", ""종별"": ""2종"", ""관리주체구분"": ""공공"", ""항목명"": ""형식 : 박스형 / 연장 : 460.0 m, 차로수 : 4"", ""위치"": ""경기도 부천시""}"
15124755:114,15124755,114,상동지하차도,경기도 부천시,공공,,"형식 : 박스형 / 연장 : 235.3 m, 차로수 : 4",,,,,,unverified,,CATALOG_ONLY,20230930,2025-11-18,https://data.go.kr/data/15124755/fileData.do,"{""순번(No)"": ""114"", ""시설물명"": ""상동지하차도"", ""시설물구분"": ""터널"", ""시설물종류"": ""지하차도"", ""종별"": ""2종"", ""관리주체구분"": ""공공"", ""항목명"": ""형식 : 박스형 / 연장 : 235.3 m, 차로수 : 4"", ""위치"": ""경기도 부천시""}"
15124755:115,15124755,115,금곡IC지하차도,경기도 성남시,공공,,"형식 : 박스형 / 연장 : 170.0 m, 차로수 : 2",,,,,,unverified,,CATALOG_ONLY,20230930,2025-11-18,https://data.go.kr/data/15124755/fileData.do,"{""순번(No)"": ""115"", ""시설물명"": ""금곡IC지하차도"", ""시설물구분"": ""터널"", ""시설물종류"": ""지하차도"", ""종별"": ""2종"", ""관리주체구분"": ""공공"", ""항목명"": ""형식 : 박스형 / 연장 : 170.0 m, 차로수 : 2"", ""위치"": ""경기도 성남시""}"
15124755:116,15124755,116,낙생지하차도,경기도 성남시,공공,,"형식 : 박스형 / 연장 : 120.0 m, 차로수 : 4",,,,,,unverified,,CATALOG_ONLY,20230930,2025-11-18,https://data.go.kr/data/15124755/fileData.do,"{""순번(No)"": ""116"", ""시설물명"": ""낙생지하차도"", ""시설물구분"": ""터널"", ""시설물종류"": ""지하차도"", ""종별"": ""2종"", ""관리주체구분"": ""공공"", ""항목명"": ""형식 : 박스형 / 연장 : 120.0 m, 차로수 : 4"", ""위치"": ""경기도 성남시""}"
15124755:117,15124755,117,낙원지하차도,경기도 성남시,공공,,"형식 : 박스형 / 연장 : 225.0 m, 차로수 : 10",,,,,,unverified,,CATALOG_ONLY,20230930,2025-11-18,https://data.go.kr/data/15124755/fileData.do,"{""순번(No)"": ""117"", ""시설물명"": ""낙원지하차도"", ""시설물구분"": ""터널"", ""시설물종류"": ""지하차도"", ""종별"": ""2종"", ""관리주체구분"": ""공공"", ""항목명"": ""형식 : 박스형 / 연장 : 225.0 m, 차로수 : 10"", ""위치"": ""경기도 성남시""}"
15124755:118,15124755,118,대원지하차도,경기도 성남시,공공,,"형식 : 박스형 / 연장 : 380.0 m, 차로수 : 4",,,,,,unverified,,CATALOG_ONLY,20230930,2025-11-18,https://data.go.kr/data/15124755/fileData.do,"{""순번(No)"": ""118"", ""시설물명"": ""대원지하차도"", ""시설물구분"": ""터널"", ""시설물종류"": ""지하차도"", ""종별"": ""2종"", ""관리주체구분"": ""공공"", ""항목명"": ""형식 : 박스형 / 연장 : 380.0 m, 차로수 : 4"", ""위치"": ""경기도 성남시""}"
15124755:119,15124755,119,도촌지하차도,경기도 성남시,공공,,"형식 : 2-Arch / 연장 : 100.0 m, 차로수 : 4",,,,,,unverified,,CATALOG_ONLY,20230930,2025-11-18,https://data.go.kr/data/15124755/fileData.do,"{""순번(No)"": ""119"", ""시설물명"": ""도촌지하차도"", ""시설물구분"": ""터널"", ""시설물종류"": ""지하차도"", ""종별"": ""2종"", ""관리주체구분"": ""공공"", ""항목명"": ""형식 : 2-Arch / 연장 : 100.0 m, 차로수 : 4"", ""위치"": ""경기도 성남시""}"
15124755:120,15124755,120,돌마지하차도,경기도 성남시,공공,,"형식 : 박스형 / 연장 : 117.0 m, 차로수 : 4",,,,,,unverified,,CATALOG_ONLY,20230930,2025-11-18,https://data.go.kr/data/15124755/fileData.do,"{""순번(No)"": ""120"", ""시설물명"": ""돌마지하차도"", ""시설물구분"": ""터널"", ""시설물종류"": ""지하차도"", ""종별"": ""2종"", ""관리주체구분"": ""공공"", ""항목명"": ""형식 : 박스형 / 연장 : 117.0 m, 차로수 : 4"", ""위치"": ""경기도 성남시""}"
15124755:121,15124755,121,동막지하차도,경기도 성남시,공공,,"형식 : 박스형 / 연장 : 128.0 m, 차로수 : 2",,,,,,unverified,,CATALOG_ONLY,20230930,2025-11-18,https://data.go.kr/data/15124755/fileData.do,"{""순번(No)"": ""121"", ""시설물명"": ""동막지하차도"", ""시설물구분"": ""터널"", ""시설물종류"": ""지하차도"", ""종별"": ""2종"", ""관리주체구분"": ""공공"", ""항목명"": ""형식 : 박스형 / 연장 : 128.0 m, 차로수 : 2"", ""위치"": ""경기도 성남시""}"
15124755:122,15124755,122,두밀지하차도,경기도 성남시,공공,,"형식 : 박스형 / 연장 : 278.0 m, 차로수 : 4",,,,,,unverified,,CATALOG_ONLY,20230930,2025-11-18,https://data.go.kr/data/15124755/fileData.do,"{""순번(No)"": ""122"", ""시설물명"": ""두밀지하차도"", ""시설물구분"": ""터널"", ""시설물종류"": ""지하차도"", ""종별"": ""2종"", ""관리주체구분"": ""공공"", ""항목명"": ""형식 : 박스형 / 연장 : 278.0 m, 차로수 : 4"", ""위치"": ""경기도 성남시""}"
15124755:123,15124755,123,매송지하차도,경기도 성남시,공공,,"형식 : 박스형 / 연장 : 101.0 m, 차로수 : 6",,,,,,unverified,,CATALOG_ONLY,20230930,2025-11-18,https://data.go.kr/data/15124755/fileData.do,"{""순번(No)"": ""123"", ""시설물명"": ""매송지하차도"", ""시설물구분"": ""터널"", ""시설물종류"": ""지하차도"", ""종별"": ""2종"", ""관리주체구분"": ""공공"", ""항목명"": ""형식 : 박스형 / 연장 : 101.0 m, 차로수 : 6"", ""위치"": ""경기도 성남시""}"
15124755:124,15124755,124,백현우회지하차도,경기도 성남시,공공,,"형식 : 박스형 / 연장 : 230.0 m, 차로수 : 2",,,,,,unverified,,CATALOG_ONLY,20230930,2025-11-18,https://data.go.kr/data/15124755/fileData.do,"{""순번(No)"": ""124"", ""시설물명"": ""백현우회지하차도"", ""시설물구분"": ""터널"", ""시설물종류"": ""지하차도"", ""종별"": ""2종"", ""관리주체구분"": ""공공"", ""항목명"": ""형식 : 박스형 / 연장 : 230.0 m, 차로수 : 2"", ""위치"": ""경기도 성남시""}"
15124755:125,15124755,125,사송지하차도,경기도 성남시,공공,,"형식 : 박스형 / 연장 : 150.0 m, 차로수 : 8",,,,,,unverified,,CATALOG_ONLY,20230930,2025-11-18,https://data.go.kr/data/15124755/fileData.do,"{""순번(No)"": ""125"", ""시설물명"": ""사송지하차도"", ""시설물구분"": ""터널"", ""시설물종류"": ""지하차도"", ""종별"": ""2종"", ""관리주체구분"": ""공공"", ""항목명"": ""형식 : 박스형 / 연장 : 150.0 m, 차로수 : 8"", ""위치"": ""경기도 성남시""}"
15124755:126,15124755,126,삼평지하차도,경기도 성남시,공공,,"형식 : 박스형 / 연장 : 250.0 m, 차로수 : 2",,,,,,unverified,,CATALOG_ONLY,20230930,2025-11-18,https://data.go.kr/data/15124755/fileData.do,"{""순번(No)"": ""126"", ""시설물명"": ""삼평지하차도"", ""시설물구분"": ""터널"", ""시설물종류"": ""지하차도"", ""종별"": ""2종"", ""관리주체구분"": ""공공"", ""항목명"": ""형식 : 박스형 / 연장 : 250.0 m, 차로수 : 2"", ""위치"": ""경기도 성남시""}"
15124755:127,15124755,127,수내지하차도,경기도 성남시,공공,,"형식 : 박스형 / 연장 : 111.0 m, 차로수 : 4",,,,,,unverified,,CATALOG_ONLY,20230930,2025-11-18,https://data.go.kr/data/15124755/fileData.do,"{""순번(No)"": ""127"", ""시설물명"": ""수내지하차도"", ""시설물구분"": ""터널"", ""시설물종류"": ""지하차도"", ""종별"": ""2종"", ""관리주체구분"": ""공공"", ""항목명"": ""형식 : 박스형 / 연장 : 111.0 m, 차로수 : 4"", ""위치"": ""경기도 성남시""}"
15124755:128,15124755,128,시흥지하차도,경기도 성남시,공공,,"형식 : 박스형 / 연장 : 210.0 m, 차로수 : 6",,,,,,unverified,,CATALOG_ONLY,20230930,2025-11-18,https://data.go.kr/data/15124755/fileData.do,"{""순번(No)"": ""128"", ""시설물명"": ""시흥지하차도"", ""시설물구분"": ""터널"", ""시설물종류"": ""지하차도"", ""종별"": ""2종"", ""관리주체구분"": ""공공"", ""항목명"": ""형식 : 박스형 / 연장 : 210.0 m, 차로수 : 6"", ""위치"": ""경기도 성남시""}"
15124755:129,15124755,129,여수지하차도,경기도 성남시,민간,,"형식 : 박스형 / 연장 : 121.0 m, 차로수 : 4",,,,,,unverified,,CATALOG_ONLY,20230930,2025-11-18,https://data.go.kr/data/15124755/fileData.do,"{""순번(No)"": ""129"", ""시설물명"": ""여수지하차도"", ""시설물구분"": ""터널"", ""시설물종류"": ""지하차도"", ""종별"": ""2종"", ""관리주체구분"": ""민간"", ""항목명"": ""형식 : 박스형 / 연장 : 121.0 m, 차로수 : 4"", ""위치"": ""경기도 성남시""}"
15124755:130,15124755,130,여수지하차도(상행),경기도 성남시,공공,,"형식 : RC BOX, RC U-TYPE / 연장 : 380.0 m, 차로수 : 3",,,,,,unverified,,CATALOG_ONLY,20230930,2025-11-18,https://data.go.kr/data/15124755/fileData.do,"{""순번(No)"": ""130"", ""시설물명"": ""여수지하차도(상행)"", ""시설물구분"": ""터널"", ""시설물종류"": ""지하차도"", ""종별"": ""2종"", ""관리주체구분"": ""공공"", ""항목명"": ""형식 : RC BOX, RC U-TYPE / 연장 : 380.0 m, 차로수 : 3"", ""위치"": ""경기도 성남시""}"
15124755:131,15124755,131,여수지하차도(하행),경기도 성남시,공공,,"형식 : RC BOX, RC U-TYPE / 연장 : 380.0 m, 차로수 : 3",,,,,,unverified,,CATALOG_ONLY,20230930,2025-11-18,https://data.go.kr/data/15124755/fileData.do,"{""순번(No)"": ""131"", ""시설물명"": ""여수지하차도(하행)"", ""시설물구분"": ""터널"", ""시설물종류"": ""지하차도"", ""종별"": ""2종"", ""관리주체구분"": ""공공"", ""항목명"": ""형식 : RC BOX, RC U-TYPE / 연장 : 380.0 m, 차로수 : 3"", ""위치"": ""경기도 성남시""}"
15124755:132,15124755,132,이매지하차도,경기도 성남시,공공,,"형식 : 박스형 / 연장 : 101.0 m, 차로수 : 6",,,,,,unverified,,CATALOG_ONLY,20230930,2025-11-18,https://data.go.kr/data/15124755/fileData.do,"{""순번(No)"": ""132"", ""시설물명"": ""이매지하차도"", ""시설물구분"": ""터널"", ""시설물종류"": ""지하차도"", ""종별"": ""2종"", ""관리주체구분"": ""공공"", ""항목명"": ""형식 : 박스형 / 연장 : 101.0 m, 차로수 : 6"", ""위치"": ""경기도 성남시""}"
15124755:133,15124755,133,정자지하차도,경기도 성남시,공공,,"형식 : 박스형 / 연장 : 477.5 m, 차로수 : 4",,,,,,unverified,,CATALOG_ONLY,20230930,2025-11-18,https://data.go.kr/data/15124755/fileData.do,"{""순번(No)"": ""133"", ""시설물명"": ""정자지하차도"", ""시설물구분"": ""터널"", ""시설물종류"": ""지하차도"", ""종별"": ""2종"", ""관리주체구분"": ""공공"", ""항목명"": ""형식 : 박스형 / 연장 : 477.5 m, 차로수 : 4"", ""위치"": ""경기도 성남시""}"
15124755:134,15124755,134,판교IC지하차도,경기도 성남시,공공,,"형식 : 박스형 / 연장 : 281.3 m, 차로수 : 2",,,,,,unverified,,CATALOG_ONLY,20230930,2025-11-18,https://data.go.kr/data/15124755/fileData.do,"{""순번(No)"": ""134"", ""시설물명"": ""판교IC지하차도"", ""시설물구분"": ""터널"", ""시설물종류"": ""지하차도"", ""종별"": ""2종"", ""관리주체구분"": ""공공"", ""항목명"": ""형식 : 박스형 / 연장 : 281.3 m, 차로수 : 2"", ""위치"": ""경기도 성남시""}"
15124755:135,15124755,135,하산운지하차도,경기도 성남시,공공,,"형식 : 박스형 / 연장 : 320.0 m, 차로수 : 6",,,,,,unverified,,CATALOG_ONLY,20230930,2025-11-18,https://data.go.kr/data/15124755/fileData.do,"{""순번(No)"": ""135"", ""시설물명"": ""하산운지하차도"", ""시설물구분"": ""터널"", ""시설물종류"": ""지하차도"", ""종별"": ""2종"", ""관리주체구분"": ""공공"", ""항목명"": ""형식 : 박스형 / 연장 : 320.0 m, 차로수 : 6"", ""위치"": ""경기도 성남시""}"
15124755:136,15124755,136,하탑지하차도,경기도 성남시,공공,,"형식 : 박스형 / 연장 : 101.0 m, 차로수 : 6",,,,,,unverified,,CATALOG_ONLY,20230930,2025-11-18,https://data.go.kr/data/15124755/fileData.do,"{""순번(No)"": ""136"", ""시설물명"": ""하탑지하차도"", ""시설물구분"": ""터널"", ""시설물종류"": ""지하차도"", ""종별"": ""2종"", ""관리주체구분"": ""공공"", ""항목명"": ""형식 : 박스형 / 연장 : 101.0 m, 차로수 : 6"", ""위치"": ""경기도 성남시""}"
15124755:137,15124755,137,광교중앙(아주대)역 환승센터 지하차도,경기도 수원시,공공,,"형식 : 박스형 / 연장 : 498.5 m, 차로수 : 4",,,,,,unverified,,CATALOG_ONLY,20230930,2025-11-18,https://data.go.kr/data/15124755/fileData.do,"{""순번(No)"": ""137"", ""시설물명"": ""광교중앙(아주대)역 환승센터 지하차도"", ""시설물구분"": ""터널"", ""시설물종류"": ""지하차도"", ""종별"": ""2종"", ""관리주체구분"": ""공공"", ""항목명"": ""형식 : 박스형 / 연장 : 498.5 m, 차로수 : 4"", ""위치"": ""경기도 수원시""}"
15124755:138,15124755,138,권선지하차도,경기도 수원시,공공,,"형식 : 박스형 / 연장 : 498.0 m, 차로수 : 4",,,,,,unverified,,CATALOG_ONLY,20230930,2025-11-18,https://data.go.kr/data/15124755/fileData.do,"{""순번(No)"": ""138"", ""시설물명"": ""권선지하차도"", ""시설물구분"": ""터널"", ""시설물종류"": ""지하차도"", ""종별"": ""2종"", ""관리주체구분"": ""공공"", ""항목명"": ""형식 : 박스형 / 연장 : 498.0 m, 차로수 : 4"", ""위치"": ""경기도 수원시""}"
15124755:139,15124755,139,동수원IC 지하차도,경기도 수원시,공공,,"형식 : 박스형 / 연장 : 160.0 m, 차로수 : 4",,,,,,unverified,,CATALOG_ONLY,20230930,2025-11-18,https://data.go.kr/data/15124755/fileData.do,"{""순번(No)"": ""139"", ""시설물명"": ""동수원IC 지하차도"", ""시설물구분"": ""터널"", ""시설물종류"": ""지하차도"", ""종별"": ""2종"", ""관리주체구분"": ""공공"", ""항목명"": ""형식 : 박스형 / 연장 : 160.0 m, 차로수 : 4"", ""위치"": ""경기도 수원시""}"
15124755:140,15124755,140,동역 지하차도,경기도 수원시,민간,,"형식 : 박스형 / 연장 : 245.0 m, 차로수 : 6",,,,,,unverified,,CATALOG_ONLY,20230930,2025-11-18,https://data.go.kr/data/15124755/fileData.do,"{""순번(No)"": ""140"", ""시설물명"": ""동역 지하차도"", ""시설물구분"": ""터널"", ""시설물종류"": ""지하차도"", ""종별"": ""2종"", ""관리주체구분"": ""민간"", ""항목명"": ""형식 : 박스형 / 연장 : 245.0 m, 차로수 : 6"", ""위치"": ""경기도 수원시""}"
15124755:141,15124755,141,매여울지하차도,경기도 수원시,공공,,"형식 : 박스형 / 연장 : 120.0 m, 차로수 : 4",,,,,,unverified,,CATALOG_ONLY,20230930,2025-11-18,https://data.go.kr/data/15124755/fileData.do,"{""순번(No)"": ""141"", ""시설물명"": ""매여울지하차도"", ""시설물구분"": ""터널"", ""시설물종류"": ""지하차도"", ""종별"": ""2종"", ""관리주체구분"": ""공공"", ""항목명"": ""형식 : 박스형 / 연장 : 120.0 m, 차로수 : 4"", ""위치"": ""경기도 수원시""}"
15124755:142,15124755,142,밤밭지하차도,경기도 수원시,공공,,"형식 : 박스형 / 연장 : 100.0 m, 차로수 : 4",,,,,,unverified,,CATALOG_ONLY,20230930,2025-11-18,https://data.go.kr/data/15124755/fileData.do,"{""순번(No)"": ""142"", ""시설물명"": ""밤밭지하차도"", ""시설물구분"": ""터널"", ""시설물종류"": ""지하차도"", ""종별"": ""2종"", ""관리주체구분"": ""공공"", ""항목명"": ""형식 : 박스형 / 연장 : 100.0 m, 차로수 : 4"", ""위치"": ""경기도 수원시""}"
15124755:143,15124755,143,서둔지하차도,경기도 수원시,공공,,"형식 : 박스형 / 연장 : 305.0 m, 차로수 : 4",,,,,,unverified,,CATALOG_ONLY,20230930,2025-11-18,https://data.go.kr/data/15124755/fileData.do,"{""순번(No)"": ""143"", ""시설물명"": ""서둔지하차도"", ""시설물구분"": ""터널"", ""시설물종류"": ""지하차도"", ""종별"": ""2종"", ""관리주체구분"": ""공공"", ""항목명"": ""형식 : 박스형 / 연장 : 305.0 m, 차로수 : 4"", ""위치"": ""경기도 수원시""}"
15124755:144,15124755,144,성대역지하차도,경기도 수원시,공공,,"형식 : 박스형 / 연장 : 120.0 m, 차로수 : 2",,,,,,unverified,,CATALOG_ONLY,20230930,2025-11-18,https://data.go.kr/data/15124755/fileData.do,"{""순번(No)"": ""144"", ""시설물명"": ""성대역지하차도"", ""시설물구분"": ""터널"", ""시설물종류"": ""지하차도"", ""종별"": ""2종"", ""관리주체구분"": ""공공"", ""항목명"": ""형식 : 박스형 / 연장 : 120.0 m, 차로수 : 2"", ""위치"": ""경기도 수원시""}"
15124755:145,15124755,145,세평지하차도,경기도 수원시,공공,,"형식 : 박스형 / 연장 : 190.0 m, 차로수 : 4",,,,,,unverified,,CATALOG_ONLY,20230930,2025-11-18,https://data.go.kr/data/15124755/fileData.do,"{""순번(No)"": ""145"", ""시설물명"": ""세평지하차도"", ""시설물구분"": ""터널"", ""시설물종류"": ""지하차도"", ""종별"": ""2종"", ""관리주체구분"": ""공공"", ""항목명"": ""형식 : 박스형 / 연장 : 190.0 m, 차로수 : 4"", ""위치"": ""경기도 수원시""}"
15124755:146,15124755,146,신대 지하차도,경기도 수원시,민간,,"형식 : 박스형 / 연장 : 495.0 m, 차로수 : 6",,,,,,unverified,,CATALOG_ONLY,20230930,2025-11-18,https://data.go.kr/data/15124755/fileData.do,"{""순번(No)"": ""146"", ""시설물명"": ""신대 지하차도"", ""시설물구분"": ""터널"", ""시설물종류"": ""지하차도"", ""종별"": ""2종"", ""관리주체구분"": ""민간"", ""항목명"": ""형식 : 박스형 / 연장 : 495.0 m, 차로수 : 6"", ""위치"": ""경기도 수원시""}"
15124755:147,15124755,147,여수내 지하차도,경기도 수원시,민간,,"형식 : 박스형 / 연장 : 255.0 m, 차로수 : 6",,,,,,unverified,,CATALOG_ONLY,20230930,2025-11-18,https://data.go.kr/data/15124755/fileData.do,"{""순번(No)"": ""147"", ""시설물명"": ""여수내 지하차도"", ""시설물구분"": ""터널"", ""시설물종류"": ""지하차도"", ""종별"": ""2종"", ""관리주체구분"": ""민간"", ""항목명"": ""형식 : 박스형 / 연장 : 255.0 m, 차로수 : 6"", ""위치"": ""경기도 수원시""}"
15124755:148,15124755,148,오목천지하차도,경기도 수원시,공공,,"형식 : 미등록 / 연장 : 430.0 m, 차로수 : 4",,,,,,unverified,,CATALOG_ONLY,20230930,2025-11-18,https://data.go.kr/data/15124755/fileData.do,"{""순번(No)"": ""148"", ""시설물명"": ""오목천지하차도"", ""시설물구분"": ""터널"", ""시설물종류"": ""지하차도"", ""종별"": ""2종"", ""관리주체구분"": ""공공"", ""항목명"": ""형식 : 미등록 / 연장 : 430.0 m, 차로수 : 4"", ""위치"": ""경기도 수원시""}"
15124755:149,15124755,149,원천(원천교차로)지하차도,경기도 수원시,공공,,"형식 : 박스형 / 연장 : 465.0 m, 차로수 : 4",,,,,,unverified,,CATALOG_ONLY,20230930,2025-11-18,https://data.go.kr/data/15124755/fileData.do,"{""순번(No)"": ""149"", ""시설물명"": ""원천(원천교차로)지하차도"", ""시설물구분"": ""터널"", ""시설물종류"": ""지하차도"", ""종별"": ""2종"", ""관리주체구분"": ""공공"", ""항목명"": ""형식 : 박스형 / 연장 : 465.0 m, 차로수 : 4"", ""위치"": ""경기도 수원시""}"
15124755:150,15124755,150,일월지하차도,경기도 수원시,공공,,"형식 : U-TYPE+BOX / 연장 : 495.0 m, 차로수 : 4",,,,,,unverified,,CATALOG_ONLY,20230930,2025-11-18,https://data.go.kr/data/15124755/fileData.do,"{""순번(No)"": ""150"", ""시설물명"": ""일월지하차도"", ""시설물구분"": ""터널"", ""시설물종류"": ""지하차도"", ""종별"": ""2종"", ""관리주체구분"": ""공공"", ""항목명"": ""형식 : U-TYPE+BOX / 연장 : 495.0 m, 차로수 : 4"", ""위치"": ""경기도 수원시""}"
15124755:151,15124755,151,장안지하차도,경기도 수원시,공공,,"형식 : 박스형 / 연장 : 240.0 m, 차로수 : 4",,,,,,unverified,,CATALOG_ONLY,20230930,2025-11-18,https://data.go.kr/data/15124755/fileData.do,"{""순번(No)"": ""151"", ""시설물명"": ""장안지하차도"", ""시설물구분"": ""터널"", ""시설물종류"": ""지하차도"", ""종별"": ""2종"", ""관리주체구분"": ""공공"", ""항목명"": ""형식 : 박스형 / 연장 : 240.0 m, 차로수 : 4"", ""위치"": ""경기도 수원시""}"
15124755:152,15124755,152,정천지하차도,경기도 수원시,공공,,"형식 : 박스형 / 연장 : 150.2 m, 차로수 : 4",,,,,,unverified,,CATALOG_ONLY,20230930,2025-11-18,https://data.go.kr/data/15124755/fileData.do,"{""순번(No)"": ""152"", ""시설물명"": ""정천지하차도"", ""시설물구분"": ""터널"", ""시설물종류"": ""지하차도"", ""종별"": ""2종"", ""관리주체구분"": ""공공"", ""항목명"": ""형식 : 박스형 / 연장 : 150.2 m, 차로수 : 4"", ""위치"": ""경기도 수원시""}"
15124755:153,15124755,153,창룡문 지하차도,경기도 수원시,공공,,"형식 : 박스형 / 연장 : 482.0 m, 차로수 : 4",,,,,,unverified,,CATALOG_ONLY,20230930,2025-11-18,https://data.go.kr/data/15124755/fileData.do,"{""순번(No)"": ""153"", ""시설물명"": ""창룡문 지하차도"", ""시설물구분"": ""터널"", ""시설물종류"": ""지하차도"", ""종별"": ""2종"", ""관리주체구분"": ""공공"", ""항목명"": ""형식 : 박스형 / 연장 : 482.0 m, 차로수 : 4"", ""위치"": ""경기도 수원시""}"
15124755:154,15124755,154,호곳말통로,경기도 수원시,공공,,"형식 : 박스형 / 연장 : 400.5 m, 차로수 : 6",,,,,,unverified,,CATALOG_ONLY,20230930,2025-11-18,https://data.go.kr/data/15124755/fileData.do,"{""순번(No)"": ""154"", ""시설물명"": ""호곳말통로"", ""시설물구분"": ""터널"", ""시설물종류"": ""지하차도"", ""종별"": ""2종"", ""관리주체구분"": ""공공"", ""항목명"": ""형식 : 박스형 / 연장 : 400.5 m, 차로수 : 6"", ""위치"": ""경기도 수원시""}"
15124755:155,15124755,155,호매실지하차도,경기도 수원시,공공,,"형식 : 박스형 / 연장 : 452.0 m, 차로수 : 4",,,,,,unverified,,CATALOG_ONLY,20230930,2025-11-18,https://data.go.kr/data/15124755/fileData.do,"{""순번(No)"": ""155"", ""시설물명"": ""호매실지하차도"", ""시설물구분"": ""터널"", ""시설물종류"": ""지하차도"", ""종별"": ""2종"", ""관리주체구분"": ""공공"", ""항목명"": ""형식 : 박스형 / 연장 : 452.0 m, 차로수 : 4"", ""위치"": ""경기도 수원시""}"
15124755:156,15124755,156,화서지하차도,경기도 수원시,공공,,"형식 : 박스형 / 연장 : 256.0 m, 차로수 : 6",,,,,,unverified,,CATALOG_ONLY,20230930,2025-11-18,https://data.go.kr/data/15124755/fileData.do,"{""순번(No)"": ""156"", ""시설물명"": ""화서지하차도"", ""시설물구분"": ""터널"", ""시설물종류"": ""지하차도"", ""종별"": ""2종"", ""관리주체구분"": ""공공"", ""항목명"": ""형식 : 박스형 / 연장 : 256.0 m, 차로수 : 6"", ""위치"": ""경기도 수원시""}"
15124755:157,15124755,157,능골지하차도(상행),경기도 시흥시,공공,,"형식 : 박스형 / 연장 : 110.0 m, 차로수 : 2",,,,,,unverified,,CATALOG_ONLY,20230930,2025-11-18,https://data.go.kr/data/15124755/fileData.do,"{""순번(No)"": ""157"", ""시설물명"": ""능골지하차도(상행)"", ""시설물구분"": ""터널"", ""시설물종류"": ""지하차도"", ""종별"": ""2종"", ""관리주체구분"": ""공공"", ""항목명"": ""형식 : 박스형 / 연장 : 110.0 m, 차로수 : 2"", ""위치"": ""경기도 시흥시""}"
15124755:158,15124755,158,능골지하차도(하행),경기도 시흥시,공공,,"형식 : 박스형 / 연장 : 110.0 m, 차로수 : 2",,,,,,unverified,,CATALOG_ONLY,20230930,2025-11-18,https://data.go.kr/data/15124755/fileData.do,"{""순번(No)"": ""158"", ""시설물명"": ""능골지하차도(하행)"", ""시설물구분"": ""터널"", ""시설물종류"": ""지하차도"", ""종별"": ""2종"", ""관리주체구분"": ""공공"", ""항목명"": ""형식 : 박스형 / 연장 : 110.0 m, 차로수 : 2"", ""위치"": ""경기도 시흥시""}"
15124755:159,15124755,159,목감지하차도,경기도 시흥시,공공,,"형식 : 직사각 / 연장 : 270.0 m, 차로수 : 4",,,,,,unverified,,CATALOG_ONLY,20230930,2025-11-18,https://data.go.kr/data/15124755/fileData.do,"{""순번(No)"": ""159"", ""시설물명"": ""목감지하차도"", ""시설물구분"": ""터널"", ""시설물종류"": ""지하차도"", ""종별"": ""2종"", ""관리주체구분"": ""공공"", ""항목명"": ""형식 : 직사각 / 연장 : 270.0 m, 차로수 : 4"", ""위치"": ""경기도 시흥시""}"
15124755:160,15124755,160,배곧지하차도,경기도 시흥시,공공,,"형식 : 박스형 / 연장 : 120.0 m, 차로수 : 4",,,,,,unverified,,CATALOG_ONLY,20230930,2025-11-18,https://data.go.kr/data/15124755/fileData.do,"{""순번(No)"": ""160"", ""시설물명"": ""배곧지하차도"", ""시설물구분"": ""터널"", ""시설물종류"": ""지하차도"", ""종별"": ""2종"", ""관리주체구분"": ""공공"", ""항목명"": ""형식 : 박스형 / 연장 : 120.0 m, 차로수 : 4"", ""위치"": ""경기도 시흥시""}"
15124755:161,15124755,161,연성지하차도(상행),경기도 시흥시,민간,,"형식 : 박스형 / 연장 : 230.0 m, 차로수 : 3",,,,,,unverified,,CATALOG_ONLY,20230930,2025-11-18,https://data.go.kr/data/15124755/fileData.do,"{""순번(No)"": ""161"", ""시설물명"": ""연성지하차도(상행)"", ""시설물구분"": ""터널"", ""시설물종류"": ""지하차도"", ""종별"": ""2종"", ""관리주체구분"": ""민간"", ""항목명"": ""형식 : 박스형 / 연장 : 230.0 m, 차로수 : 3"", ""위치"": ""경기도 시흥시""}"
15124755:162,15124755,162,연성지하차도(하행),경기도 시흥시,민간,,"형식 : 박스형 / 연장 : 230.0 m, 차로수 : 3",,,,,,unverified,,CATALOG_ONLY,20230930,2025-11-18,https://data.go.kr/data/15124755/fileData.do,"{""순번(No)"": ""162"", ""시설물명"": ""연성지하차도(하행)"", ""시설물구분"": ""터널"", ""시설물종류"": ""지하차도"", ""종별"": ""2종"", ""관리주체구분"": ""민간"", ""항목명"": ""형식 : 박스형 / 연장 : 230.0 m, 차로수 : 3"", ""위치"": ""경기도 시흥시""}"
15124755:163,15124755,163,정왕지하차도,경기도 시흥시,공공,,"형식 : 박스형 / 연장 : 120.5 m, 차로수 : 5",,,,,,unverified,,CATALOG_ONLY,20230930,2025-11-18,https://data.go.kr/data/15124755/fileData.do,"{""순번(No)"": ""163"", ""시설물명"": ""정왕지하차도"", ""시설물구분"": ""터널"", ""시설물종류"": ""지하차도"", ""종별"": ""2종"", ""관리주체구분"": ""공공"", ""항목명"": ""형식 : 박스형 / 연장 : 120.5 m, 차로수 : 5"", ""위치"": ""경기도 시흥시""}"
15124755:164,15124755,164,각골지하차도,경기도 안산시,공공,,"형식 : 박스형 / 연장 : 220.0 m, 차로수 : 2",,,,,,unverified,,CATALOG_ONLY,20230930,2025-11-18,https://data.go.kr/data/15124755/fileData.do,"{""순번(No)"": ""164"", ""시설물명"": ""각골지하차도"", ""시설물구분"": ""터널"", ""시설물종류"": ""지하차도"", ""종별"": ""2종"", ""관리주체구분"": ""공공"", ""항목명"": ""형식 : 박스형 / 연장 : 220.0 m, 차로수 : 2"", ""위치"": ""경기도 안산시""}"
15124755:165,15124755,165,별망지하차도,경기도 안산시,공공,,"형식 : 박스형 / 연장 : 150.0 m, 차로수 : 4",,,,,,unverified,,CATALOG_ONLY,20230930,2025-11-18,https://data.go.kr/data/15124755/fileData.do,"{""순번(No)"": ""165"", ""시설물명"": ""별망지하차도"", ""시설물구분"": ""터널"", ""시설물종류"": ""지하차도"", ""종별"": ""2종"", ""관리주체구분"": ""공공"", ""항목명"": ""형식 : 박스형 / 연장 : 150.0 m, 차로수 : 4"", ""위치"": ""경기도 안산시""}"
15124755:166,15124755,166,본오지하차도,경기도 안산시,공공,,"형식 : 박스형 / 연장 : 430.0 m, 차로수 : 4",,,,,,unverified,,CATALOG_ONLY,20230930,2025-11-18,https://data.go.kr/data/15124755/fileData.do,"{""순번(No)"": ""166"", ""시설물명"": ""본오지하차도"", ""시설물구분"": ""터널"", ""시설물종류"": ""지하차도"", ""종별"": ""2종"", ""관리주체구분"": ""공공"", ""항목명"": ""형식 : 박스형 / 연장 : 430.0 m, 차로수 : 4"", ""위치"": ""경기도 안산시""}"
15124755:167,15124755,167,수인선지하차도,경기도 안산시,공공,,"형식 : 박스형 / 연장 : 322.0 m, 차로수 : 4",,,,,,unverified,,CATALOG_ONLY,20230930,2025-11-18,https://data.go.kr/data/15124755/fileData.do,"{""순번(No)"": ""167"", ""시설물명"": ""수인선지하차도"", ""시설물구분"": ""터널"", ""시설물종류"": ""지하차도"", ""종별"": ""2종"", ""관리주체구분"": ""공공"", ""항목명"": ""형식 : 박스형 / 연장 : 322.0 m, 차로수 : 4"", ""위치"": ""경기도 안산시""}"
15124755:168,15124755,168,신길지하차도,경기도 안산시,공공,,"형식 : 박스형 / 연장 : 176.0 m, 차로수 : 4",,,,,,unverified,,CATALOG_ONLY,20230930,2025-11-18,https://data.go.kr/data/15124755/fileData.do,"{""순번(No)"": ""168"", ""시설물명"": ""신길지하차도"", ""시설물구분"": ""터널"", ""시설물종류"": ""지하차도"", ""종별"": ""2종"", ""관리주체구분"": ""공공"", ""항목명"": ""형식 : 박스형 / 연장 : 176.0 m, 차로수 : 4"", ""위치"": ""경기도 안산시""}"
15124755:169,15124755,169,원곡지하차도,경기도 안산시,공공,,"형식 : 박스형 / 연장 : 165.0 m, 차로수 : 4",,,,,,unverified,,CATALOG_ONLY,20230930,2025-11-18,https://data.go.kr/data/15124755/fileData.do,"{""순번(No)"": ""169"", ""시설물명"": ""원곡지하차도"", ""시설물구분"": ""터널"", ""시설물종류"": ""지하차도"", ""종별"": ""2종"", ""관리주체구분"": ""공공"", ""항목명"": ""형식 : 박스형 / 연장 : 165.0 m, 차로수 : 4"", ""위치"": ""경기도 안산시""}"
15124755:170,15124755,170,중앙지하차도,경기도 안산시,공공,,"형식 : 박스형 / 연장 : 240.0 m, 차로수 : 6",,,,,,unverified,,CATALOG_ONLY,20230930,2025-11-18,https://data.go.kr/data/15124755/fileData.do,"{""순번(No)"": ""170"", ""시설물명"": ""중앙지하차도"", ""시설물구분"": ""터널"", ""시설물종류"": ""지하차도"", ""종별"": ""2종"", ""관리주체구분"": ""공공"", ""항목명"": ""형식 : 박스형 / 연장 : 240.0 m, 차로수 : 6"", ""위치"": ""경기도 안산시""}"
15124755:171,15124755,171,초지역지하차도,경기도 안산시,공공,,"형식 : 박스형 / 연장 : 200.0 m, 차로수 : 6",,,,,,unverified,,CATALOG_ONLY,20230930,2025-11-18,https://data.go.kr/data/15124755/fileData.do,"{""순번(No)"": ""171"", ""시설물명"": ""초지역지하차도"", ""시설물구분"": ""터널"", ""시설물종류"": ""지하차도"", ""종별"": ""2종"", ""관리주체구분"": ""공공"", ""항목명"": ""형식 : 박스형 / 연장 : 200.0 m, 차로수 : 6"", ""위치"": ""경기도 안산시""}"
15124755:172,15124755,172,호수공원지하차도,경기도 안산시,공공,,"형식 : 박스형 / 연장 : 186.0 m, 차로수 : 4",,,,,,unverified,,CATALOG_ONLY,20230930,2025-11-18,https://data.go.kr/data/15124755/fileData.do,"{""순번(No)"": ""172"", ""시설물명"": ""호수공원지하차도"", ""시설물구분"": ""터널"", ""시설물종류"": ""지하차도"", ""종별"": ""2종"", ""관리주체구분"": ""공공"", ""항목명"": ""형식 : 박스형 / 연장 : 186.0 m, 차로수 : 4"", ""위치"": ""경기도 안산시""}"
15124755:173,15124755,173,안성복합유통시설(스타필드)지하차도,경기도 안성시,공공,,"형식 : 박스형 / 연장 : 558.0 m, 차로수 : 1",,,,,,unverified,,CATALOG_ONLY,20230930,2025-11-18,https://data.go.kr/data/15124755/fileData.do,"{""순번(No)"": ""173"", ""시설물명"": ""안성복합유통시설(스타필드)지하차도"", ""시설물구분"": ""터널"", ""시설물종류"": ""지하차도"", ""종별"": ""2종"", ""관리주체구분"": ""공공"", ""항목명"": ""형식 : 박스형 / 연장 : 558.0 m, 차로수 : 1"", ""위치"": ""경기도 안성시""}"
15124755:174,15124755,174,범계지하차도,경기도 안양시,공공,,"형식 : 박스형 / 연장 : 160.0 m, 차로수 : 4",,,,,,unverified,,CATALOG_ONLY,20230930,2025-11-18,https://data.go.kr/data/15124755/fileData.do,"{""순번(No)"": ""174"", ""시설물명"": ""범계지하차도"", ""시설물구분"": ""터널"", ""시설물종류"": ""지하차도"", ""종별"": ""2종"", ""관리주체구분"": ""공공"", ""항목명"": ""형식 : 박스형 / 연장 : 160.0 m, 차로수 : 4"", ""위치"": ""경기도 안양시""}"
15124755:175,15124755,175,비산지하차도,경기도 안양시,공공,,"형식 : 박스형 / 연장 : 240.0 m, 차로수 : 6",,,,,,unverified,,CATALOG_ONLY,20230930,2025-11-18,https://data.go.kr/data/15124755/fileData.do,"{""순번(No)"": ""175"", ""시설물명"": ""비산지하차도"", ""시설물구분"": ""터널"", ""시설물종류"": ""지하차도"", ""종별"": ""2종"", ""관리주체구분"": ""공공"", ""항목명"": ""형식 : 박스형 / 연장 : 240.0 m, 차로수 : 6"", ""위치"": ""경기도 안양시""}"
15124755:176,15124755,176,일번가 지하차도,경기도 안양시,공공,,"형식 : 박스형 / 연장 : 177.0 m, 차로수 : 2",,,,,,unverified,,CATALOG_ONLY,20230930,2025-11-18,https://data.go.kr/data/15124755/fileData.do,"{""순번(No)"": ""176"", ""시설물명"": ""일번가 지하차도"", ""시설물구분"": ""터널"", ""시설물종류"": ""지하차도"", ""종별"": ""2종"", ""관리주체구분"": ""공공"", ""항목명"": ""형식 : 박스형 / 연장 : 177.0 m, 차로수 : 2"", ""위치"": ""경기도 안양시""}"
15124755:177,15124755,177,호계지하차도,경기도 안양시,공공,,"형식 : 박스형 / 연장 : 250.0 m, 차로수 : 4",,,,,,unverified,,CATALOG_ONLY,20230930,2025-11-18,https://data.go.kr/data/15124755/fileData.do,"{""순번(No)"": ""177"", ""시설물명"": ""호계지하차도"", ""시설물구분"": ""터널"", ""시설물종류"": ""지하차도"", ""종별"": ""2종"", ""관리주체구분"": ""공공"", ""항목명"": ""형식 : 박스형 / 연장 : 250.0 m, 차로수 : 4"", ""위치"": ""경기도 안양시""}"
15124755:178,15124755,178,김삿갓지하차도,경기도 양주시,공공,,"형식 : 박스형 / 연장 : 243.0 m, 차로수 : 4",,,,,,unverified,,CATALOG_ONLY,20230930,2025-11-18,https://data.go.kr/data/15124755/fileData.do,"{""순번(No)"": ""178"", ""시설물명"": ""김삿갓지하차도"", ""시설물구분"": ""터널"", ""시설물종류"": ""지하차도"", ""종별"": ""2종"", ""관리주체구분"": ""공공"", ""항목명"": ""형식 : 박스형 / 연장 : 243.0 m, 차로수 : 4"", ""위치"": ""경기도 양주시""}"
15124755:179,15124755,179,옥정지하차도,경기도 양주시,공공,,"형식 : 박스형 / 연장 : 481.0 m, 차로수 : 4",,,,,,unverified,,CATALOG_ONLY,20230930,2025-11-18,https://data.go.kr/data/15124755/fileData.do,"{""순번(No)"": ""179"", ""시설물명"": ""옥정지하차도"", ""시설물구분"": ""터널"", ""시설물종류"": ""지하차도"", ""종별"": ""2종"", ""관리주체구분"": ""공공"", ""항목명"": ""형식 : 박스형 / 연장 : 481.0 m, 차로수 : 4"", ""위치"": ""경기도 양주시""}"
15124755:180,15124755,180,물향기지하차도,경기도 오산시,공공,,"형식 : 박스형 / 연장 : 170.0 m, 차로수 : 4",,,,,,unverified,,CATALOG_ONLY,20230930,2025-11-18,https://data.go.kr/data/15124755/fileData.do,"{""순번(No)"": ""180"", ""시설물명"": ""물향기지하차도"", ""시설물구분"": ""터널"", ""시설물종류"": ""지하차도"", ""종별"": ""2종"", ""관리주체구분"": ""공공"", ""항목명"": ""형식 : 박스형 / 연장 : 170.0 m, 차로수 : 4"", ""위치"": ""경기도 오산시""}"
15124755:181,15124755,181,병점차량기지(서동탄역) 지하차도,경기도 오산시,공공,,"형식 : 미등록 / 연장 : 280.0 m, 차로수 : 2",,,,,,unverified,,CATALOG_ONLY,20230930,2025-11-18,https://data.go.kr/data/15124755/fileData.do,"{""순번(No)"": ""181"", ""시설물명"": ""병점차량기지(서동탄역) 지하차도"", ""시설물구분"": ""터널"", ""시설물종류"": ""지하차도"", ""종별"": ""2종"", ""관리주체구분"": ""공공"", ""항목명"": ""형식 : 미등록 / 연장 : 280.0 m, 차로수 : 2"", ""위치"": ""경기도 오산시""}"
15124755:182,15124755,182,세교지하차도,경기도 오산시,민간,,"형식 : 박스형 / 연장 : 100.0 m, 차로수 : 4",,,,,,unverified,,CATALOG_ONLY,20230930,2025-11-18,https://data.go.kr/data/15124755/fileData.do,"{""순번(No)"": ""182"", ""시설물명"": ""세교지하차도"", ""시설물구분"": ""터널"", ""시설물종류"": ""지하차도"", ""종별"": ""2종"", ""관리주체구분"": ""민간"", ""항목명"": ""형식 : 박스형 / 연장 : 100.0 m, 차로수 : 4"", ""위치"": ""경기도 오산시""}"
15124755:183,15124755,183,세마지하차도,경기도 오산시,공공,,"형식 : 박스형 / 연장 : 160.0 m, 차로수 : 4",,,,,,unverified,,CATALOG_ONLY,20230930,2025-11-18,https://data.go.kr/data/15124755/fileData.do,"{""순번(No)"": ""183"", ""시설물명"": ""세마지하차도"", ""시설물구분"": ""터널"", ""시설물종류"": ""지하차도"", ""종별"": ""2종"", ""관리주체구분"": ""공공"", ""항목명"": ""형식 : 박스형 / 연장 : 160.0 m, 차로수 : 4"", ""위치"": ""경기도 오산시""}"
15124755:184,15124755,184,강남대지하차도,경기도 용인시,공공,,"형식 : 박스형 / 연장 : 140.0 m, 차로수 : 5",,,,,,unverified,,CATALOG_ONLY,20230930,2025-11-18,https://data.go.kr/data/15124755/fileData.do,"{""순번(No)"": ""184"", ""시설물명"": ""강남대지하차도"", ""시설물구분"": ""터널"", ""시설물종류"": ""지하차도"", ""종별"": ""2종"", ""관리주체구분"": ""공공"", ""항목명"": ""형식 : 박스형 / 연장 : 140.0 m, 차로수 : 5"", ""위치"": ""경기도 용인시""}"
15124755:185,15124755,185,공세지하차도,경기도 용인시,공공,,"형식 : 박스형 / 연장 : 220.0 m, 차로수 : 2",,,,,,unverified,,CATALOG_ONLY,20230930,2025-11-18,https://data.go.kr/data/15124755/fileData.do,"{""순번(No)"": ""185"", ""시설물명"": ""공세지하차도"", ""시설물구분"": ""터널"", ""시설물종류"": ""지하차도"", ""종별"": ""2종"", ""관리주체구분"": ""공공"", ""항목명"": ""형식 : 박스형 / 연장 : 220.0 m, 차로수 : 2"", ""위치"": ""경기도 용인시""}"
15124755:186,15124755,186,금광 지하차도,경기도 용인시,민간,,"형식 : 박스형 / 연장 : 465.0 m, 차로수 : 6",,,,,,unverified,,CATALOG_ONLY,20230930,2025-11-18,https://data.go.kr/data/15124755/fileData.do,"{""순번(No)"": ""186"", ""시설물명"": ""금광 지하차도"", ""시설물구분"": ""터널"", ""시설물종류"": ""지하차도"", ""종별"": ""2종"", ""관리주체구분"": ""민간"", ""항목명"": ""형식 : 박스형 / 연장 : 465.0 m, 차로수 : 6"", ""위치"": ""경기도 용인시""}"
15124755:187,15124755,187,동백지하차도(지하차도 #1),경기도 용인시,공공,,"형식 : 박스형 / 연장 : 130.0 m, 차로수 : 4",,,,,,unverified,,CATALOG_ONLY,20230930,2025-11-18,https://data.go.kr/data/15124755/fileData.do,"{""순번(No)"": ""187"", ""시설물명"": ""동백지하차도(지하차도 #1)"", ""시설물구분"": ""터널"", ""시설물종류"": ""지하차도"", ""종별"": ""2종"", ""관리주체구분"": ""공공"", ""항목명"": ""형식 : 박스형 / 연장 : 130.0 m, 차로수 : 4"", ""위치"": ""경기도 용인시""}"
15124755:188,15124755,188,삼막곡 제1지하차도,경기도 용인시,공공,,"형식 : 박스형 / 연장 : 455.0 m, 차로수 : 6",,,,,,unverified,,CATALOG_ONLY,20230930,2025-11-18,https://data.go.kr/data/15124755/fileData.do,"{""순번(No)"": ""188"", ""시설물명"": ""삼막곡 제1지하차도"", ""시설물구분"": ""터널"", ""시설물종류"": ""지하차도"", ""종별"": ""2종"", ""관리주체구분"": ""공공"", ""항목명"": ""형식 : 박스형 / 연장 : 455.0 m, 차로수 : 6"", ""위치"": ""경기도 용인시""}"
15124755:189,15124755,189,서천지하차도,경기도 용인시,공공,,"형식 : 박스형 / 연장 : 372.0 m, 차로수 : 4",,,,,,unverified,,CATALOG_ONLY,20230930,2025-11-18,https://data.go.kr/data/15124755/fileData.do,"{""순번(No)"": ""189"", ""시설물명"": ""서천지하차도"", ""시설물구분"": ""터널"", ""시설물종류"": ""지하차도"", ""종별"": ""2종"", ""관리주체구분"": ""공공"", ""항목명"": ""형식 : 박스형 / 연장 : 372.0 m, 차로수 : 4"", ""위치"": ""경기도 용인시""}"
15124755:190,15124755,190,성복지하차도,경기도 용인시,공공,,"형식 : 박스형 / 연장 : 367.0 m, 차로수 : 4",,,,,,unverified,,CATALOG_ONLY,20230930,2025-11-18,https://data.go.kr/data/15124755/fileData.do,"{""순번(No)"": ""190"", ""시설물명"": ""성복지하차도"", ""시설물구분"": ""터널"", ""시설물종류"": ""지하차도"", ""종별"": ""2종"", ""관리주체구분"": ""공공"", ""항목명"": ""형식 : 박스형 / 연장 : 367.0 m, 차로수 : 4"", ""위치"": ""경기도 용인시""}"
15124755:191,15124755,191,성산지하차도(지하차도#3),경기도 용인시,공공,,"형식 : 박스형 / 연장 : 410.0 m, 차로수 : 2",,,,,,unverified,,CATALOG_ONLY,20230930,2025-11-18,https://data.go.kr/data/15124755/fileData.do,"{""순번(No)"": ""191"", ""시설물명"": ""성산지하차도(지하차도#3)"", ""시설물구분"": ""터널"", ""시설물종류"": ""지하차도"", ""종별"": ""2종"", ""관리주체구분"": ""공공"", ""항목명"": ""형식 : 박스형 / 연장 : 410.0 m, 차로수 : 2"", ""위치"": ""경기도 용인시""}"
15124755:192,15124755,192,수성지하차도(지하차도 #2),경기도 용인시,공공,,"형식 : 박스형 / 연장 : 170.0 m, 차로수 : 4",,,,,,unverified,,CATALOG_ONLY,20230930,2025-11-18,https://data.go.kr/data/15124755/fileData.do,"{""순번(No)"": ""192"", ""시설물명"": ""수성지하차도(지하차도 #2)"", ""시설물구분"": ""터널"", ""시설물종류"": ""지하차도"", ""종별"": ""2종"", ""관리주체구분"": ""공공"", ""항목명"": ""형식 : 박스형 / 연장 : 170.0 m, 차로수 : 4"", ""위치"": ""경기도 용인시""}"
15124755:193,15124755,193,신일지하차도,경기도 용인시,공공,,"형식 : 박스형 / 연장 : 230.0 m, 차로수 : 6",,,,,,unverified,,CATALOG_ONLY,20230930,2025-11-18,https://data.go.kr/data/15124755/fileData.do,"{""순번(No)"": ""193"", ""시설물명"": ""신일지하차도"", ""시설물구분"": ""터널"", ""시설물종류"": ""지하차도"", ""종별"": ""2종"", ""관리주체구분"": ""공공"", ""항목명"": ""형식 : 박스형 / 연장 : 230.0 m, 차로수 : 6"", ""위치"": ""경기도 용인시""}"
15124755:194,15124755,194,은목지하차도(지하차도#4),경기도 용인시,공공,,"형식 : 박스형 / 연장 : 170.0 m, 차로수 : 4",,,,,,unverified,,CATALOG_ONLY,20230930,2025-11-18,https://data.go.kr/data/15124755/fileData.do,"{""순번(No)"": ""194"", ""시설물명"": ""은목지하차도(지하차도#4)"", ""시설물구분"": ""터널"", ""시설물종류"": ""지하차도"", ""종별"": ""2종"", ""관리주체구분"": ""공공"", ""항목명"": ""형식 : 박스형 / 연장 : 170.0 m, 차로수 : 4"", ""위치"": ""경기도 용인시""}"
15124755:195,15124755,195,초당지하차도(지하차도#5),경기도 용인시,공공,,"형식 : 박스형 / 연장 : 170.0 m, 차로수 : 4",,,,,,unverified,,CATALOG_ONLY,20230930,2025-11-18,https://data.go.kr/data/15124755/fileData.do,"{""순번(No)"": ""195"", ""시설물명"": ""초당지하차도(지하차도#5)"", ""시설물구분"": ""터널"", ""시설물종류"": ""지하차도"", ""종별"": ""2종"", ""관리주체구분"": ""공공"", ""항목명"": ""형식 : 박스형 / 연장 : 170.0 m, 차로수 : 4"", ""위치"": ""경기도 용인시""}"
15124755:196,15124755,196,하동IC램프2,경기도 용인시,공공,,"형식 : 박스형 / 연장 : 102.0 m, 차로수 : 2",,,,,,unverified,,CATALOG_ONLY,20230930,2025-11-18,https://data.go.kr/data/15124755/fileData.do,"{""순번(No)"": ""196"", ""시설물명"": ""하동IC램프2"", ""시설물구분"": ""터널"", ""시설물종류"": ""지하차도"", ""종별"": ""2종"", ""관리주체구분"": ""공공"", ""항목명"": ""형식 : 박스형 / 연장 : 102.0 m, 차로수 : 2"", ""위치"": ""경기도 용인시""}"
15124755:197,15124755,197,화운사생태터널,경기도 용인시,민간,,"형식 : 파형강판 / 연장 : 310.0 m, 차로수 : 4",,,,,,unverified,,CATALOG_ONLY,20230930,2025-11-18,https://data.go.kr/data/15124755/fileData.do,"{""순번(No)"": ""197"", ""시설물명"": ""화운사생태터널"", ""시설물구분"": ""터널"", ""시설물종류"": ""지하차도"", ""종별"": ""2종"", ""관리주체구분"": ""민간"", ""항목명"": ""형식 : 파형강판 / 연장 : 310.0 m, 차로수 : 4"", ""위치"": ""경기도 용인시""}"
15124755:198,15124755,198,흥덕지하차도,경기도 용인시,공공,,"형식 : 박스형 / 연장 : 388.2 m, 차로수 : 2",,,,,,unverified,,CATALOG_ONLY,20230930,2025-11-18,https://data.go.kr/data/15124755/fileData.do,"{""순번(No)"": ""198"", ""시설물명"": ""흥덕지하차도"", ""시설물구분"": ""터널"", ""시설물종류"": ""지하차도"", ""종별"": ""2종"", ""관리주체구분"": ""공공"", ""항목명"": ""형식 : 박스형 / 연장 : 388.2 m, 차로수 : 2"", ""위치"": ""경기도 용인시""}"
15124755:199,15124755,199,고천지하차도,경기도 의왕시,공공,,"형식 : 박스형 / 연장 : 495.0 m, 차로수 : 4",,,,,,unverified,,CATALOG_ONLY,20230930,2025-11-18,https://data.go.kr/data/15124755/fileData.do,"{""순번(No)"": ""199"", ""시설물명"": ""고천지하차도"", ""시설물구분"": ""터널"", ""시설물종류"": ""지하차도"", ""종별"": ""2종"", ""관리주체구분"": ""공공"", ""항목명"": ""형식 : 박스형 / 연장 : 495.0 m, 차로수 : 4"", ""위치"": ""경기도 의왕시""}"
15124755:200,15124755,200,경민지하차도B,경기도 의정부시,공공,,"형식 : 박스형 / 연장 : 150.0 m, 차로수 : 4",,,,,,unverified,,CATALOG_ONLY,20230930,2025-11-18,https://data.go.kr/data/15124755/fileData.do,"{""순번(No)"": ""200"", ""시설물명"": ""경민지하차도B"", ""시설물구분"": ""터널"", ""시설물종류"": ""지하차도"", ""종별"": ""2종"", ""관리주체구분"": ""공공"", ""항목명"": ""형식 : 박스형 / 연장 : 150.0 m, 차로수 : 4"", ""위치"": ""경기도 의정부시""}"
15124755:201,15124755,201,금신 지하차도,경기도 의정부시,공공,,"형식 : 박스형 / 연장 : 460.0 m, 차로수 : 4",,,,,,unverified,,CATALOG_ONLY,20230930,2025-11-18,https://data.go.kr/data/15124755/fileData.do,"{""순번(No)"": ""201"", ""시설물명"": ""금신 지하차도"", ""시설물구분"": ""터널"", ""시설물종류"": ""지하차도"", ""종별"": ""2종"", ""관리주체구분"": ""공공"", ""항목명"": ""형식 : 박스형 / 연장 : 460.0 m, 차로수 : 4"", ""위치"": ""경기도 의정부시""}"
15124755:202,15124755,202,민락지하차도,경기도 의정부시,공공,,"형식 : 박스형 / 연장 : 460.0 m, 차로수 : 4",,,,,,unverified,,CATALOG_ONLY,20230930,2025-11-18,https://data.go.kr/data/15124755/fileData.do,"{""순번(No)"": ""202"", ""시설물명"": ""민락지하차도"", ""시설물구분"": ""터널"", ""시설물종류"": ""지하차도"", ""종별"": ""2종"", ""관리주체구분"": ""공공"", ""항목명"": ""형식 : 박스형 / 연장 : 460.0 m, 차로수 : 4"", ""위치"": ""경기도 의정부시""}"
15124755:203,15124755,203,사패터널BOX,경기도 의정부시,공공,,"형식 : 박스형 / 연장 : 109.0 m, 차로수 : 6",,,,,,unverified,,CATALOG_ONLY,20230930,2025-11-18,https://data.go.kr/data/15124755/fileData.do,"{""순번(No)"": ""203"", ""시설물명"": ""사패터널BOX"", ""시설물구분"": ""터널"", ""시설물종류"": ""지하차도"", ""종별"": ""2종"", ""관리주체구분"": ""공공"", ""항목명"": ""형식 : 박스형 / 연장 : 109.0 m, 차로수 : 6"", ""위치"": ""경기도 의정부시""}"
15124755:204,15124755,204,신곡지하차도,경기도 의정부시,공공,,"형식 : 박스형 / 연장 : 190.0 m, 차로수 : 4",,,,,,unverified,,CATALOG_ONLY,20230930,2025-11-18,https://data.go.kr/data/15124755/fileData.do,"{""순번(No)"": ""204"", ""시설물명"": ""신곡지하차도"", ""시설물구분"": ""터널"", ""시설물종류"": ""지하차도"", ""종별"": ""2종"", ""관리주체구분"": ""공공"", ""항목명"": ""형식 : 박스형 / 연장 : 190.0 m, 차로수 : 4"", ""위치"": ""경기도 의정부시""}"
15124755:205,15124755,205,용현지하차도(상),경기도 의정부시,공공,,"형식 : 미등록 / 연장 : 320.0 m, 차로수 : 3",,,,,,unverified,,CATALOG_ONLY,20230930,2025-11-18,https://data.go.kr/data/15124755/fileData.do,"{""순번(No)"": ""205"", ""시설물명"": ""용현지하차도(상)"", ""시설물구분"": ""터널"", ""시설물종류"": ""지하차도"", ""종별"": ""2종"", ""관리주체구분"": ""공공"", ""항목명"": ""형식 : 미등록 / 연장 : 320.0 m, 차로수 : 3"", ""위치"": ""경기도 의정부시""}"
15124755:206,15124755,206,용현지하차도(하),경기도 의정부시,공공,,"형식 : 미등록 / 연장 : 320.0 m, 차로수 : 3",,,,,,unverified,,CATALOG_ONLY,20230930,2025-11-18,https://data.go.kr/data/15124755/fileData.do,"{""순번(No)"": ""206"", ""시설물명"": ""용현지하차도(하)"", ""시설물구분"": ""터널"", ""시설물종류"": ""지하차도"", ""종별"": ""2종"", ""관리주체구분"": ""공공"", ""항목명"": ""형식 : 미등록 / 연장 : 320.0 m, 차로수 : 3"", ""위치"": ""경기도 의정부시""}"
15124755:207,15124755,207,의정부역지하차도,경기도 의정부시,공공,,"형식 : 박스형 / 연장 : 158.6 m, 차로수 : 4",,,,,,unverified,,CATALOG_ONLY,20230930,2025-11-18,https://data.go.kr/data/15124755/fileData.do,"{""순번(No)"": ""207"", ""시설물명"": ""의정부역지하차도"", ""시설물구분"": ""터널"", ""시설물종류"": ""지하차도"", ""종별"": ""2종"", ""관리주체구분"": ""공공"", ""항목명"": ""형식 : 박스형 / 연장 : 158.6 m, 차로수 : 4"", ""위치"": ""경기도 의정부시""}"
15124755:208,15124755,208,자금지하차도(구리),경기도 의정부시,민간,,"형식 : 1련 암거 2개소 (15.8x5.45M) / 연장 : 180.0 m, 차로수 : 3",,,,,,unverified,,CATALOG_ONLY,20230930,2025-11-18,https://data.go.kr/data/15124755/fileData.do,"{""순번(No)"": ""208"", ""시설물명"": ""자금지하차도(구리)"", ""시설물구분"": ""터널"", ""시설물종류"": ""지하차도"", ""종별"": ""2종"", ""관리주체구분"": ""민간"", ""항목명"": ""형식 : 1련 암거 2개소 (15.8x5.45M) / 연장 : 180.0 m, 차로수 : 3"", ""위치"": ""경기도 의정부시""}"
15124755:209,15124755,209,자금지하차도(포천),경기도 의정부시,민간,,"형식 : 1련 암거 2개소 (15.8x5.45M) / 연장 : 180.0 m, 차로수 : 3",,,,,,unverified,,CATALOG_ONLY,20230930,2025-11-18,https://data.go.kr/data/15124755/fileData.do,"{""순번(No)"": ""209"", ""시설물명"": ""자금지하차도(포천)"", ""시설물구분"": ""터널"", ""시설물종류"": ""지하차도"", ""종별"": ""2종"", ""관리주체구분"": ""민간"", ""항목명"": ""형식 : 1련 암거 2개소 (15.8x5.45M) / 연장 : 180.0 m, 차로수 : 3"", ""위치"": ""경기도 의정부시""}"
15124755:210,15124755,210,교하지하차도,경기도 파주시,공공,,"형식 : 박스형 / 연장 : 164.0 m, 차로수 : 4",,,,,,unverified,,CATALOG_ONLY,20230930,2025-11-18,https://data.go.kr/data/15124755/fileData.do,"{""순번(No)"": ""210"", ""시설물명"": ""교하지하차도"", ""시설물구분"": ""터널"", ""시설물종류"": ""지하차도"", ""종별"": ""2종"", ""관리주체구분"": ""공공"", ""항목명"": ""형식 : 박스형 / 연장 : 164.0 m, 차로수 : 4"", ""위치"": ""경기도 파주시""}"
15124755:211,15124755,211,동패지하차도,경기도 파주시,공공,,"형식 : 라멘형 / 연장 : 180.0 m, 차로수 : 4",,,,,,unverified,,CATALOG_ONLY,20230930,2025-11-18,https://data.go.kr/data/15124755/fileData.do,"{""순번(No)"": ""211"", ""시설물명"": ""동패지하차도"", ""시설물구분"": ""터널"", ""시설물종류"": ""지하차도"", ""종별"": ""2종"", ""관리주체구분"": ""공공"", ""항목명"": ""형식 : 라멘형 / 연장 : 180.0 m, 차로수 : 4"", ""위치"": ""경기도 파주시""}"
15124755:212,15124755,212,산내지하차도,경기도 파주시,공공,,"형식 : 박스형 / 연장 : 210.0 m, 차로수 : 4",,,,,,unverified,,CATALOG_ONLY,20230930,2025-11-18,https://data.go.kr/data/15124755/fileData.do,"{""순번(No)"": ""212"", ""시설물명"": ""산내지하차도"", ""시설물구분"": ""터널"", ""시설물종류"": ""지하차도"", ""종별"": ""2종"", ""관리주체구분"": ""공공"", ""항목명"": ""형식 : 박스형 / 연장 : 210.0 m, 차로수 : 4"", ""위치"": ""경기도 파주시""}"
15124755:213,15124755,213,심학산 지하차도,경기도 파주시,공공,,"형식 : 박스형 / 연장 : 225.0 m, 차로수 : 6",,,,,,unverified,,CATALOG_ONLY,20230930,2025-11-18,https://data.go.kr/data/15124755/fileData.do,"{""순번(No)"": ""213"", ""시설물명"": ""심학산 지하차도"", ""시설물구분"": ""터널"", ""시설물종류"": ""지하차도"", ""종별"": ""2종"", ""관리주체구분"": ""공공"", ""항목명"": ""형식 : 박스형 / 연장 : 225.0 m, 차로수 : 6"", ""위치"": ""경기도 파주시""}"
15124755:214,15124755,214,야당지하차도(명칭변경:기왓돌지하차도),경기도 파주시,공공,,"형식 : 라멘형 / 연장 : 165.0 m, 차로수 : 6",,,,,,unverified,,CATALOG_ONLY,20230930,2025-11-18,https://data.go.kr/data/15124755/fileData.do,"{""순번(No)"": ""214"", ""시설물명"": ""야당지하차도(명칭변경:기왓돌지하차도)"", ""시설물구분"": ""터널"", ""시설물종류"": ""지하차도"", ""종별"": ""2종"", ""관리주체구분"": ""공공"", ""항목명"": ""형식 : 라멘형 / 연장 : 165.0 m, 차로수 : 6"", ""위치"": ""경기도 파주시""}"
15124755:215,15124755,215,와동지하차도,경기도 파주시,공공,,"형식 : 박스형 / 연장 : 535.0 m, 차로수 : 4",,,,,,unverified,,CATALOG_ONLY,20230930,2025-11-18,https://data.go.kr/data/15124755/fileData.do,"{""순번(No)"": ""215"", ""시설물명"": ""와동지하차도"", ""시설물구분"": ""터널"", ""시설물종류"": ""지하차도"", ""종별"": ""2종"", ""관리주체구분"": ""공공"", ""항목명"": ""형식 : 박스형 / 연장 : 535.0 m, 차로수 : 4"", ""위치"": ""경기도 파주시""}"
15124755:216,15124755,216,운정지하차도(명칭변경:한빛지하차도),경기도 파주시,공공,,"형식 : 라멘형 / 연장 : 495.0 m, 차로수 : 4",,,,,,unverified,,CATALOG_ONLY,20230930,2025-11-18,https://data.go.kr/data/15124755/fileData.do,"{""순번(No)"": ""216"", ""시설물명"": ""운정지하차도(명칭변경:한빛지하차도)"", ""시설물구분"": ""터널"", ""시설물종류"": ""지하차도"", ""종별"": ""2종"", ""관리주체구분"": ""공공"", ""항목명"": ""형식 : 라멘형 / 연장 : 495.0 m, 차로수 : 4"", ""위치"": ""경기도 파주시""}"
15124755:217,15124755,217,책향기 지하차도,경기도 파주시,공공,,"형식 : 박스형 / 연장 : 203.0 m, 차로수 : 6",,,,,,unverified,,CATALOG_ONLY,20230930,2025-11-18,https://data.go.kr/data/15124755/fileData.do,"{""순번(No)"": ""217"", ""시설물명"": ""책향기 지하차도"", ""시설물구분"": ""터널"", ""시설물종류"": ""지하차도"", ""종별"": ""2종"", ""관리주체구분"": ""공공"", ""항목명"": ""형식 : 박스형 / 연장 : 203.0 m, 차로수 : 6"", ""위치"": ""경기도 파주시""}"
15124755:218,15124755,218,탑골지하차도,경기도 파주시,공공,,"형식 : 박스형 / 연장 : 225.0 m, 차로수 : 6",,,,,,unverified,,CATALOG_ONLY,20230930,2025-11-18,https://data.go.kr/data/15124755/fileData.do,"{""순번(No)"": ""218"", ""시설물명"": ""탑골지하차도"", ""시설물구분"": ""터널"", ""시설물종류"": ""지하차도"", ""종별"": ""2종"", ""관리주체구분"": ""공공"", ""항목명"": ""형식 : 박스형 / 연장 : 225.0 m, 차로수 : 6"", ""위치"": ""경기도 파주시""}"
15124755:219,15124755,219,고덕지하차도,경기도 평택시,공공,,"형식 : 박스형 / 연장 : 140.0 m, 차로수 : 6",,,,,,unverified,,CATALOG_ONLY,20230930,2025-11-18,https://data.go.kr/data/15124755/fileData.do,"{""순번(No)"": ""219"", ""시설물명"": ""고덕지하차도"", ""시설물구분"": ""터널"", ""시설물종류"": ""지하차도"", ""종별"": ""2종"", ""관리주체구분"": ""공공"", ""항목명"": ""형식 : 박스형 / 연장 : 140.0 m, 차로수 : 6"", ""위치"": ""경기도 평택시""}"
15124755:220,15124755,220,세교지하차도,경기도 평택시,공공,,"형식 : U-TYPE+BOX-TYPE / 연장 : 380.0 m, 차로수 : 4",,,,,,unverified,,CATALOG_ONLY,20230930,2025-11-18,https://data.go.kr/data/15124755/fileData.do,"{""순번(No)"": ""220"", ""시설물명"": ""세교지하차도"", ""시설물구분"": ""터널"", ""시설물종류"": ""지하차도"", ""종별"": ""2종"", ""관리주체구분"": ""공공"", ""항목명"": ""형식 : U-TYPE+BOX-TYPE / 연장 : 380.0 m, 차로수 : 4"", ""위치"": ""경기도 평택시""}"
15124755:221,15124755,221,이충지하차도,경기도 평택시,공공,,"형식 : 박스형 / 연장 : 410.0 m, 차로수 : 4",,,,,,unverified,,CATALOG_ONLY,20230930,2025-11-18,https://data.go.kr/data/15124755/fileData.do,"{""순번(No)"": ""221"", ""시설물명"": ""이충지하차도"", ""시설물구분"": ""터널"", ""시설물종류"": ""지하차도"", ""종별"": ""2종"", ""관리주체구분"": ""공공"", ""항목명"": ""형식 : 박스형 / 연장 : 410.0 m, 차로수 : 4"", ""위치"": ""경기도 평택시""}"
15124755:222,15124755,222,이가팔지하차도,경기도 포천시,민간,,"형식 : 미등록 / 연장 : 360.0 m, 차로수 : 4",,,,,,unverified,,CATALOG_ONLY,20230930,2025-11-18,https://data.go.kr/data/15124755/fileData.do,"{""순번(No)"": ""222"", ""시설물명"": ""이가팔지하차도"", ""시설물구분"": ""터널"", ""시설물종류"": ""지하차도"", ""종별"": ""2종"", ""관리주체구분"": ""민간"", ""항목명"": ""형식 : 미등록 / 연장 : 360.0 m, 차로수 : 4"", ""위치"": ""경기도 포천시""}"
15124755:223,15124755,223,미사교차로 지하차도,경기도 하남시,공공,,"형식 : 박스형 / 연장 : 156.0 m, 차로수 : 4",,,,,,unverified,,CATALOG_ONLY,20230930,2025-11-18,https://data.go.kr/data/15124755/fileData.do,"{""순번(No)"": ""223"", ""시설물명"": ""미사교차로 지하차도"", ""시설물구분"": ""터널"", ""시설물종류"": ""지하차도"", ""종별"": ""2종"", ""관리주체구분"": ""공공"", ""항목명"": ""형식 : 박스형 / 연장 : 156.0 m, 차로수 : 4"", ""위치"": ""경기도 하남시""}"
15124755:224,15124755,224,미사지하차도,경기도 하남시,민간,,"형식 : 박스형 / 연장 : 123.0 m, 차로수 : 3",,,,,,unverified,,CATALOG_ONLY,20230930,2025-11-18,https://data.go.kr/data/15124755/fileData.do,"{""순번(No)"": ""224"", ""시설물명"": ""미사지하차도"", ""시설물구분"": ""터널"", ""시설물종류"": ""지하차도"", ""종별"": ""2종"", ""관리주체구분"": ""민간"", ""항목명"": ""형식 : 박스형 / 연장 : 123.0 m, 차로수 : 3"", ""위치"": ""경기도 하남시""}"
15124755:225,15124755,225,신풍지하차도,경기도 하남시,공공,,"형식 : 박스형 / 연장 : 120.0 m, 차로수 : 4",,,,,,unverified,,CATALOG_ONLY,20230930,2025-11-18,https://data.go.kr/data/15124755/fileData.do,"{""순번(No)"": ""225"", ""시설물명"": ""신풍지하차도"", ""시설물구분"": ""터널"", ""시설물종류"": ""지하차도"", ""종별"": ""2종"", ""관리주체구분"": ""공공"", ""항목명"": ""형식 : 박스형 / 연장 : 120.0 m, 차로수 : 4"", ""위치"": ""경기도 하남시""}"
15124755:226,15124755,226,조정경기장 입구교차로 지하차도,경기도 하남시,공공,,"형식 : 박스형 / 연장 : 166.0 m, 차로수 : 4",,,,,,unverified,,CATALOG_ONLY,20230930,2025-11-18,https://data.go.kr/data/15124755/fileData.do,"{""순번(No)"": ""226"", ""시설물명"": ""조정경기장 입구교차로 지하차도"", ""시설물구분"": ""터널"", ""시설물종류"": ""지하차도"", ""종별"": ""2종"", ""관리주체구분"": ""공공"", ""항목명"": ""형식 : 박스형 / 연장 : 166.0 m, 차로수 : 4"", ""위치"": ""경기도 하남시""}"
15124755:227,15124755,227,하남풍산 진등지하차도,경기도 하남시,공공,,"형식 : 박스형 / 연장 : 110.0 m, 차로수 : 4",,,,,,unverified,,CATALOG_ONLY,20230930,2025-11-18,https://data.go.kr/data/15124755/fileData.do,"{""순번(No)"": ""227"", ""시설물명"": ""하남풍산 진등지하차도"", ""시설물구분"": ""터널"", ""시설물종류"": ""지하차도"", ""종별"": ""2종"", ""관리주체구분"": ""공공"", ""항목명"": ""형식 : 박스형 / 연장 : 110.0 m, 차로수 : 4"", ""위치"": ""경기도 하남시""}"
15124755:228,15124755,228,RAMP-C지하차도,경기도 화성시,공공,,"형식 : 박스형 / 연장 : 148.1 m, 차로수 : 1",,,,,,unverified,,CATALOG_ONLY,20230930,2025-11-18,https://data.go.kr/data/15124755/fileData.do,"{""순번(No)"": ""228"", ""시설물명"": ""RAMP-C지하차도"", ""시설물구분"": ""터널"", ""시설물종류"": ""지하차도"", ""종별"": ""2종"", ""관리주체구분"": ""공공"", ""항목명"": ""형식 : 박스형 / 연장 : 148.1 m, 차로수 : 1"", ""위치"": ""경기도 화성시""}"
15124755:229,15124755,229,금곡지하차도,경기도 화성시,공공,,"형식 : 박스형 / 연장 : 127.0 m, 차로수 : 4",,,,,,unverified,,CATALOG_ONLY,20230930,2025-11-18,https://data.go.kr/data/15124755/fileData.do,"{""순번(No)"": ""229"", ""시설물명"": ""금곡지하차도"", ""시설물구분"": ""터널"", ""시설물종류"": ""지하차도"", ""종별"": ""2종"", ""관리주체구분"": ""공공"", ""항목명"": ""형식 : 박스형 / 연장 : 127.0 m, 차로수 : 4"", ""위치"": ""경기도 화성시""}"
15124755:230,15124755,230,남양지하차도,경기도 화성시,공공,,"형식 : 박스형 / 연장 : 180.0 m, 차로수 : 4",,,,,,unverified,,CATALOG_ONLY,20230930,2025-11-18,https://data.go.kr/data/15124755/fileData.do,"{""순번(No)"": ""230"", ""시설물명"": ""남양지하차도"", ""시설물구분"": ""터널"", ""시설물종류"": ""지하차도"", ""종별"": ""2종"", ""관리주체구분"": ""공공"", ""항목명"": ""형식 : 박스형 / 연장 : 180.0 m, 차로수 : 4"", ""위치"": ""경기도 화성시""}"
15124755:231,15124755,231,동부대로5(동탄산단1)지하차도,경기도 화성시,공공,,"형식 : 2련 BOX / 연장 : 585.0 m, 차로수 : 4",,,,,,unverified,,CATALOG_ONLY,20230930,2025-11-18,https://data.go.kr/data/15124755/fileData.do,"{""순번(No)"": ""231"", ""시설물명"": ""동부대로5(동탄산단1)지하차도"", ""시설물구분"": ""터널"", ""시설물종류"": ""지하차도"", ""종별"": ""2종"", ""관리주체구분"": ""공공"", ""항목명"": ""형식 : 2련 BOX / 연장 : 585.0 m, 차로수 : 4"", ""위치"": ""경기도 화성시""}"
15124755:232,15124755,232,동부대로6(동탄산단2)지하차도,경기도 화성시,공공,,"형식 : 2련 BOX / 연장 : 219.0 m, 차로수 : 4",,,,,,unverified,,CATALOG_ONLY,20230930,2025-11-18,https://data.go.kr/data/15124755/fileData.do,"{""순번(No)"": ""232"", ""시설물명"": ""동부대로6(동탄산단2)지하차도"", ""시설물구분"": ""터널"", ""시설물종류"": ""지하차도"", ""종별"": ""2종"", ""관리주체구분"": ""공공"", ""항목명"": ""형식 : 2련 BOX / 연장 : 219.0 m, 차로수 : 4"", ""위치"": ""경기도 화성시""}"
15124755:233,15124755,233,문호지하차도,경기도 화성시,공공,,"형식 : 박스형 / 연장 : 180.0 m, 차로수 : 4",,,,,,unverified,,CATALOG_ONLY,20230930,2025-11-18,https://data.go.kr/data/15124755/fileData.do,"{""순번(No)"": ""233"", ""시설물명"": ""문호지하차도"", ""시설물구분"": ""터널"", ""시설물종류"": ""지하차도"", ""종별"": ""2종"", ""관리주체구분"": ""공공"", ""항목명"": ""형식 : 박스형 / 연장 : 180.0 m, 차로수 : 4"", ""위치"": ""경기도 화성시""}"
15124755:234,15124755,234,병점지하차도,경기도 화성시,공공,,"형식 : 라멘형 / 연장 : 382.0 m, 차로수 : 4",,,,,,unverified,,CATALOG_ONLY,20230930,2025-11-18,https://data.go.kr/data/15124755/fileData.do,"{""순번(No)"": ""234"", ""시설물명"": ""병점지하차도"", ""시설물구분"": ""터널"", ""시설물종류"": ""지하차도"", ""종별"": ""2종"", ""관리주체구분"": ""공공"", ""항목명"": ""형식 : 라멘형 / 연장 : 382.0 m, 차로수 : 4"", ""위치"": ""경기도 화성시""}"
15124755:235,15124755,235,산척지하차도,경기도 화성시,공공,,"형식 : R.C BOX / 연장 : 171.0 m, 차로수 : 7",,,,,,unverified,,CATALOG_ONLY,20230930,2025-11-18,https://data.go.kr/data/15124755/fileData.do,"{""순번(No)"": ""235"", ""시설물명"": ""산척지하차도"", ""시설물구분"": ""터널"", ""시설물종류"": ""지하차도"", ""종별"": ""2종"", ""관리주체구분"": ""공공"", ""항목명"": ""형식 : R.C BOX / 연장 : 171.0 m, 차로수 : 7"", ""위치"": ""경기도 화성시""}"
15124755:236,15124755,236,상신지하차도,경기도 화성시,공공,,"형식 : 박스형 / 연장 : 340.0 m, 차로수 : 4",,,,,,unverified,,CATALOG_ONLY,20230930,2025-11-18,https://data.go.kr/data/15124755/fileData.do,"{""순번(No)"": ""236"", ""시설물명"": ""상신지하차도"", ""시설물구분"": ""터널"", ""시설물종류"": ""지하차도"", ""종별"": ""2종"", ""관리주체구분"": ""공공"", ""항목명"": ""형식 : 박스형 / 연장 : 340.0 m, 차로수 : 4"", ""위치"": ""경기도 화성시""}"
15124755:237,15124755,237,송동지하차도,경기도 화성시,공공,,"형식 : 박스형 / 연장 : 295.0 m, 차로수 : 6",,,,,,unverified,,CATALOG_ONLY,20230930,2025-11-18,https://data.go.kr/data/15124755/fileData.do,"{""순번(No)"": ""237"", ""시설물명"": ""송동지하차도"", ""시설물구분"": ""터널"", ""시설물종류"": ""지하차도"", ""종별"": ""2종"", ""관리주체구분"": ""공공"", ""항목명"": ""형식 : 박스형 / 연장 : 295.0 m, 차로수 : 6"", ""위치"": ""경기도 화성시""}"
15124755:238,15124755,238,수영리지하차도,경기도 화성시,공공,,"형식 : 박스형 / 연장 : 160.0 m, 차로수 : 4",,,,,,unverified,,CATALOG_ONLY,20230930,2025-11-18,https://data.go.kr/data/15124755/fileData.do,"{""순번(No)"": ""238"", ""시설물명"": ""수영리지하차도"", ""시설물구분"": ""터널"", ""시설물종류"": ""지하차도"", ""종별"": ""2종"", ""관리주체구분"": ""공공"", ""항목명"": ""형식 : 박스형 / 연장 : 160.0 m, 차로수 : 4"", ""위치"": ""경기도 화성시""}"
15124755:239,15124755,239,숙곡지하차도,경기도 화성시,공공,,"형식 : 박스형 / 연장 : 260.0 m, 차로수 : 4",,,,,,unverified,,CATALOG_ONLY,20230930,2025-11-18,https://data.go.kr/data/15124755/fileData.do,"{""순번(No)"": ""239"", ""시설물명"": ""숙곡지하차도"", ""시설물구분"": ""터널"", ""시설물종류"": ""지하차도"", ""종별"": ""2종"", ""관리주체구분"": ""공공"", ""항목명"": ""형식 : 박스형 / 연장 : 260.0 m, 차로수 : 4"", ""위치"": ""경기도 화성시""}"
15124755:240,15124755,240,신리지하차도,경기도 화성시,공공,,"형식 : R.C BOX / 연장 : 124.0 m, 차로수 : 4",,,,,,unverified,,CATALOG_ONLY,20230930,2025-11-18,https://data.go.kr/data/15124755/fileData.do,"{""순번(No)"": ""240"", ""시설물명"": ""신리지하차도"", ""시설물구분"": ""터널"", ""시설물종류"": ""지하차도"", ""종별"": ""2종"", ""관리주체구분"": ""공공"", ""항목명"": ""형식 : R.C BOX / 연장 : 124.0 m, 차로수 : 4"", ""위치"": ""경기도 화성시""}"
15124755:241,15124755,241,영내지하차도,경기도 화성시,공공,,"형식 : 박스형 / 연장 : 396.0 m, 차로수 : 6",,,,,,unverified,,CATALOG_ONLY,20230930,2025-11-18,https://data.go.kr/data/15124755/fileData.do,"{""순번(No)"": ""241"", ""시설물명"": ""영내지하차도"", ""시설물구분"": ""터널"", ""시설물종류"": ""지하차도"", ""종별"": ""2종"", ""관리주체구분"": ""공공"", ""항목명"": ""형식 : 박스형 / 연장 : 396.0 m, 차로수 : 6"", ""위치"": ""경기도 화성시""}"
15124755:242,15124755,242,오름 지하차도,경기도 화성시,공공,,"형식 : 박스형 / 연장 : 160.0 m, 차로수 : 4",,,,,,unverified,,CATALOG_ONLY,20230930,2025-11-18,https://data.go.kr/data/15124755/fileData.do,"{""순번(No)"": ""242"", ""시설물명"": ""오름 지하차도"", ""시설물구분"": ""터널"", ""시설물종류"": ""지하차도"", ""종별"": ""2종"", ""관리주체구분"": ""공공"", ""항목명"": ""형식 : 박스형 / 연장 : 160.0 m, 차로수 : 4"", ""위치"": ""경기도 화성시""}"
15124755:243,15124755,243,잎새 지하차도,경기도 화성시,공공,,"형식 : 박스형 / 연장 : 232.0 m, 차로수 : 6",,,,,,unverified,,CATALOG_ONLY,20230930,2025-11-18,https://data.go.kr/data/15124755/fileData.do,"{""순번(No)"": ""243"", ""시설물명"": ""잎새 지하차도"", ""시설물구분"": ""터널"", ""시설물종류"": ""지하차도"", ""종별"": ""2종"", ""관리주체구분"": ""공공"", ""항목명"": ""형식 : 박스형 / 연장 : 232.0 m, 차로수 : 6"", ""위치"": ""경기도 화성시""}"
15124755:244,15124755,244,장지교차로지하차도,경기도 화성시,공공,,"형식 : R.C BOX / 연장 : 160.0 m, 차로수 : 4",,,,,,unverified,,CATALOG_ONLY,20230930,2025-11-18,https://data.go.kr/data/15124755/fileData.do,"{""순번(No)"": ""244"", ""시설물명"": ""장지교차로지하차도"", ""시설물구분"": ""터널"", ""시설물종류"": ""지하차도"", ""종별"": ""2종"", ""관리주체구분"": ""공공"", ""항목명"": ""형식 : R.C BOX / 연장 : 160.0 m, 차로수 : 4"", ""위치"": ""경기도 화성시""}"
15124755:245,15124755,245,장지지하차도,경기도 화성시,공공,,"형식 : U-Type, Box-type / 연장 : 480.0 m, 차로수 : 4",,,,,,unverified,,CATALOG_ONLY,20230930,2025-11-18,https://data.go.kr/data/15124755/fileData.do,"{""순번(No)"": ""245"", ""시설물명"": ""장지지하차도"", ""시설물구분"": ""터널"", ""시설물종류"": ""지하차도"", ""종별"": ""2종"", ""관리주체구분"": ""공공"", ""항목명"": ""형식 : U-Type, Box-type / 연장 : 480.0 m, 차로수 : 4"", ""위치"": ""경기도 화성시""}"
15124755:246,15124755,246,중동지하차도,경기도 화성시,공공,,"형식 : 박스형 / 연장 : 440.0 m, 차로수 : 4",,,,,,unverified,,CATALOG_ONLY,20230930,2025-11-18,https://data.go.kr/data/15124755/fileData.do,"{""순번(No)"": ""246"", ""시설물명"": ""중동지하차도"", ""시설물구분"": ""터널"", ""시설물종류"": ""지하차도"", ""종별"": ""2종"", ""관리주체구분"": ""공공"", ""항목명"": ""형식 : 박스형 / 연장 : 440.0 m, 차로수 : 4"", ""위치"": ""경기도 화성시""}"
15124755:247,15124755,247,진안 RAMP-A 지하차도,경기도 화성시,공공,,"형식 : 박스형 / 연장 : 360.0 m, 차로수 : 1",,,,,,unverified,,CATALOG_ONLY,20230930,2025-11-18,https://data.go.kr/data/15124755/fileData.do,"{""순번(No)"": ""247"", ""시설물명"": ""진안 RAMP-A 지하차도"", ""시설물구분"": ""터널"", ""시설물종류"": ""지하차도"", ""종별"": ""2종"", ""관리주체구분"": ""공공"", ""항목명"": ""형식 : 박스형 / 연장 : 360.0 m, 차로수 : 1"", ""위치"": ""경기도 화성시""}"
15124755:248,15124755,248,진안2지하차도,경기도 화성시,공공,,"형식 : 박스형 / 연장 : 148.4 m, 차로수 : 8",,,,,,unverified,,CATALOG_ONLY,20230930,2025-11-18,https://data.go.kr/data/15124755/fileData.do,"{""순번(No)"": ""248"", ""시설물명"": ""진안2지하차도"", ""시설물구분"": ""터널"", ""시설물종류"": ""지하차도"", ""종별"": ""2종"", ""관리주체구분"": ""공공"", ""항목명"": ""형식 : 박스형 / 연장 : 148.4 m, 차로수 : 8"", ""위치"": ""경기도 화성시""}"
15124755:249,15124755,249,진안3지하차도,경기도 화성시,공공,,"형식 : 박스형 / 연장 : 140.0 m, 차로수 : 6",,,,,,unverified,,CATALOG_ONLY,20230930,2025-11-18,https://data.go.kr/data/15124755/fileData.do,"{""순번(No)"": ""249"", ""시설물명"": ""진안3지하차도"", ""시설물구분"": ""터널"", ""시설물종류"": ""지하차도"", ""종별"": ""2종"", ""관리주체구분"": ""공공"", ""항목명"": ""형식 : 박스형 / 연장 : 140.0 m, 차로수 : 6"", ""위치"": ""경기도 화성시""}"
15124755:250,15124755,250,천천지하차도,경기도 화성시,공공,,"형식 : 미등록 / 연장 : 235.0 m, 차로수 : 4",,,,,,unverified,,CATALOG_ONLY,20230930,2025-11-18,https://data.go.kr/data/15124755/fileData.do,"{""순번(No)"": ""250"", ""시설물명"": ""천천지하차도"", ""시설물구분"": ""터널"", ""시설물종류"": ""지하차도"", ""종별"": ""2종"", ""관리주체구분"": ""공공"", ""항목명"": ""형식 : 미등록 / 연장 : 235.0 m, 차로수 : 4"", ""위치"": ""경기도 화성시""}"
15124755:251,15124755,251,청계지하차도,경기도 화성시,공공,,"형식 : 박스형 / 연장 : 416.0 m, 차로수 : 4",,,,,,unverified,,CATALOG_ONLY,20230930,2025-11-18,https://data.go.kr/data/15124755/fileData.do,"{""순번(No)"": ""251"", ""시설물명"": ""청계지하차도"", ""시설물구분"": ""터널"", ""시설물종류"": ""지하차도"", ""종별"": ""2종"", ""관리주체구분"": ""공공"", ""항목명"": ""형식 : 박스형 / 연장 : 416.0 m, 차로수 : 4"", ""위치"": ""경기도 화성시""}"
15124755:252,15124755,252,태안(안녕)지하차도,경기도 화성시,공공,,"형식 : 박스형 / 연장 : 460.0 m, 차로수 : 4",,,,,,unverified,,CATALOG_ONLY,20230930,2025-11-18,https://data.go.kr/data/15124755/fileData.do,"{""순번(No)"": ""252"", ""시설물명"": ""태안(안녕)지하차도"", ""시설물구분"": ""터널"", ""시설물종류"": ""지하차도"", ""종별"": ""2종"", ""관리주체구분"": ""공공"", ""항목명"": ""형식 : 박스형 / 연장 : 460.0 m, 차로수 : 4"", ""위치"": ""경기도 화성시""}"
15124755:253,15124755,253,태안지하차도,경기도 화성시,공공,,"형식 : 박스형 / 연장 : 300.0 m, 차로수 : 4",,,,,,unverified,,CATALOG_ONLY,20230930,2025-11-18,https://data.go.kr/data/15124755/fileData.do,"{""순번(No)"": ""253"", ""시설물명"": ""태안지하차도"", ""시설물구분"": ""터널"", ""시설물종류"": ""지하차도"", ""종별"": ""2종"", ""관리주체구분"": ""공공"", ""항목명"": ""형식 : 박스형 / 연장 : 300.0 m, 차로수 : 4"", ""위치"": ""경기도 화성시""}"
15124755:254,15124755,254,풀잎 지하차도,경기도 화성시,공공,,"형식 : 박스형 / 연장 : 190.4 m, 차로수 : 6",,,,,,unverified,,CATALOG_ONLY,20230930,2025-11-18,https://data.go.kr/data/15124755/fileData.do,"{""순번(No)"": ""254"", ""시설물명"": ""풀잎 지하차도"", ""시설물구분"": ""터널"", ""시설물종류"": ""지하차도"", ""종별"": ""2종"", ""관리주체구분"": ""공공"", ""항목명"": ""형식 : 박스형 / 연장 : 190.4 m, 차로수 : 6"", ""위치"": ""경기도 화성시""}"
15124755:255,15124755,255,하길 제2지하차도,경기도 화성시,공공,,"형식 : U-Type / 연장 : 495.0 m, 차로수 : 4",,,,,,unverified,,CATALOG_ONLY,20230930,2025-11-18,https://data.go.kr/data/15124755/fileData.do,"{""순번(No)"": ""255"", ""시설물명"": ""하길 제2지하차도"", ""시설물구분"": ""터널"", ""시설물종류"": ""지하차도"", ""종별"": ""2종"", ""관리주체구분"": ""공공"", ""항목명"": ""형식 : U-Type / 연장 : 495.0 m, 차로수 : 4"", ""위치"": ""경기도 화성시""}"
15124755:256,15124755,256,환승센터지하차도,경기도 화성시,공공,,"형식 : 박스형 / 연장 : 105.0 m, 차로수 : 2",,,,,,unverified,,CATALOG_ONLY,20230930,2025-11-18,https://data.go.kr/data/15124755/fileData.do,"{""순번(No)"": ""256"", ""시설물명"": ""환승센터지하차도"", ""시설물구분"": ""터널"", ""시설물종류"": ""지하차도"", ""종별"": ""2종"", ""관리주체구분"": ""공공"", ""항목명"": ""형식 : 박스형 / 연장 : 105.0 m, 차로수 : 2"", ""위치"": ""경기도 화성시""}"
15124755:257,15124755,257,아양지하차도,경상남도 거제시,공공,,"형식 : 박스형 / 연장 : 380.0 m, 차로수 : 2",,,,,,unverified,,CATALOG_ONLY,20230930,2025-11-18,https://data.go.kr/data/15124755/fileData.do,"{""순번(No)"": ""257"", ""시설물명"": ""아양지하차도"", ""시설물구분"": ""터널"", ""시설물종류"": ""지하차도"", ""종별"": ""2종"", ""관리주체구분"": ""공공"", ""항목명"": ""형식 : 박스형 / 연장 : 380.0 m, 차로수 : 2"", ""위치"": ""경상남도 거제시""}"
15124755:258,15124755,258,대청지하차도,경상남도 김해시,공공,,"형식 : 박스형 / 연장 : 590.0 m, 차로수 : 6",,,,,,unverified,,CATALOG_ONLY,20230930,2025-11-18,https://data.go.kr/data/15124755/fileData.do,"{""순번(No)"": ""258"", ""시설물명"": ""대청지하차도"", ""시설물구분"": ""터널"", ""시설물종류"": ""지하차도"", ""종별"": ""2종"", ""관리주체구분"": ""공공"", ""항목명"": ""형식 : 박스형 / 연장 : 590.0 m, 차로수 : 6"", ""위치"": ""경상남도 김해시""}"
15124755:259,15124755,259,동김해지하차도,경상남도 김해시,공공,,"형식 : 박스형 / 연장 : 554.4 m, 차로수 : 4",,,,,,unverified,,CATALOG_ONLY,20230930,2025-11-18,https://data.go.kr/data/15124755/fileData.do,"{""순번(No)"": ""259"", ""시설물명"": ""동김해지하차도"", ""시설물구분"": ""터널"", ""시설물종류"": ""지하차도"", ""종별"": ""2종"", ""관리주체구분"": ""공공"", ""항목명"": ""형식 : 박스형 / 연장 : 554.4 m, 차로수 : 4"", ""위치"": ""경상남도 김해시""}"
15124755:260,15124755,260,무계지하차도,경상남도 김해시,공공,,"형식 : 박스형 / 연장 : 1,043.0 m, 차로수 : 4",,,,,,unverified,,CATALOG_ONLY,20230930,2025-11-18,https://data.go.kr/data/15124755/fileData.do,"{""순번(No)"": ""260"", ""시설물명"": ""무계지하차도"", ""시설물구분"": ""터널"", ""시설물종류"": ""지하차도"", ""종별"": ""2종"", ""관리주체구분"": ""공공"", ""항목명"": ""형식 : 박스형 / 연장 : 1,043.0 m, 차로수 : 4"", ""위치"": ""경상남도 김해시""}"
15124755:261,15124755,261,불암지하차도,경상남도 김해시,공공,,"형식 : 박스형 / 연장 : 360.0 m, 차로수 : 4",,,,,,unverified,,CATALOG_ONLY,20230930,2025-11-18,https://data.go.kr/data/15124755/fileData.do,"{""순번(No)"": ""261"", ""시설물명"": ""불암지하차도"", ""시설물구분"": ""터널"", ""시설물종류"": ""지하차도"", ""종별"": ""2종"", ""관리주체구분"": ""공공"", ""항목명"": ""형식 : 박스형 / 연장 : 360.0 m, 차로수 : 4"", ""위치"": ""경상남도 김해시""}"
15124755:262,15124755,262,남해지하차도,경상남도 남해군,공공,,"형식 : 박스형 / 연장 : 120.0 m, 차로수 : 4",,,,,,unverified,,CATALOG_ONLY,20230930,2025-11-18,https://data.go.kr/data/15124755/fileData.do,"{""순번(No)"": ""262"", ""시설물명"": ""남해지하차도"", ""시설물구분"": ""터널"", ""시설물종류"": ""지하차도"", ""종별"": ""2종"", ""관리주체구분"": ""공공"", ""항목명"": ""형식 : 박스형 / 연장 : 120.0 m, 차로수 : 4"", ""위치"": ""경상남도 남해군""}"
15124755:263,15124755,263,남부지하차도,경상남도 양산시,공공,,"형식 : 라멘형 / 연장 : 460.0 m, 차로수 : 4",,,,,,unverified,,CATALOG_ONLY,20230930,2025-11-18,https://data.go.kr/data/15124755/fileData.do,"{""순번(No)"": ""263"", ""시설물명"": ""남부지하차도"", ""시설물구분"": ""터널"", ""시설물종류"": ""지하차도"", ""종별"": ""2종"", ""관리주체구분"": ""공공"", ""항목명"": ""형식 : 라멘형 / 연장 : 460.0 m, 차로수 : 4"", ""위치"": ""경상남도 양산시""}"
15124755:264,15124755,264,다방지하차도,경상남도 양산시,공공,,"형식 : 라멘형 / 연장 : 365.0 m, 차로수 : 4",,,,,,unverified,,CATALOG_ONLY,20230930,2025-11-18,https://data.go.kr/data/15124755/fileData.do,"{""순번(No)"": ""264"", ""시설물명"": ""다방지하차도"", ""시설물구분"": ""터널"", ""시설물종류"": ""지하차도"", ""종별"": ""2종"", ""관리주체구분"": ""공공"", ""항목명"": ""형식 : 라멘형 / 연장 : 365.0 m, 차로수 : 4"", ""위치"": ""경상남도 양산시""}"
15124755:265,15124755,265,범어지하차도,경상남도 양산시,공공,,"형식 : 박스형 / 연장 : 190.0 m, 차로수 : 4",,,,,,unverified,,CATALOG_ONLY,20230930,2025-11-18,https://data.go.kr/data/15124755/fileData.do,"{""순번(No)"": ""265"", ""시설물명"": ""범어지하차도"", ""시설물구분"": ""터널"", ""시설물종류"": ""지하차도"", ""종별"": ""2종"", ""관리주체구분"": ""공공"", ""항목명"": ""형식 : 박스형 / 연장 : 190.0 m, 차로수 : 4"", ""위치"": ""경상남도 양산시""}"
15124755:266,15124755,266,석산지하차도,경상남도 양산시,공공,,"형식 : 박스형 / 연장 : 175.0 m, 차로수 : 4",,,,,,unverified,,CATALOG_ONLY,20230930,2025-11-18,https://data.go.kr/data/15124755/fileData.do,"{""순번(No)"": ""266"", ""시설물명"": ""석산지하차도"", ""시설물구분"": ""터널"", ""시설물종류"": ""지하차도"", ""종별"": ""2종"", ""관리주체구분"": ""공공"", ""항목명"": ""형식 : 박스형 / 연장 : 175.0 m, 차로수 : 4"", ""위치"": ""경상남도 양산시""}"
15124755:267,15124755,267,양주지하차도,경상남도 양산시,공공,,"형식 : 라멘형 / 연장 : 440.0 m, 차로수 : 4",,,,,,unverified,,CATALOG_ONLY,20230930,2025-11-18,https://data.go.kr/data/15124755/fileData.do,"{""순번(No)"": ""267"", ""시설물명"": ""양주지하차도"", ""시설물구분"": ""터널"", ""시설물종류"": ""지하차도"", ""종별"": ""2종"", ""관리주체구분"": ""공공"", ""항목명"": ""형식 : 라멘형 / 연장 : 440.0 m, 차로수 : 4"", ""위치"": ""경상남도 양산시""}"
15124755:268,15124755,268,오봉지하차도(양산물금지하차도6호),경상남도 양산시,공공,,"형식 : 박스형 / 연장 : 355.0 m, 차로수 : 4",,,,,,unverified,,CATALOG_ONLY,20230930,2025-11-18,https://data.go.kr/data/15124755/fileData.do,"{""순번(No)"": ""268"", ""시설물명"": ""오봉지하차도(양산물금지하차도6호)"", ""시설물구분"": ""터널"", ""시설물종류"": ""지하차도"", ""종별"": ""2종"", ""관리주체구분"": ""공공"", ""항목명"": ""형식 : 박스형 / 연장 : 355.0 m, 차로수 : 4"", ""위치"": ""경상남도 양산시""}"
15124755:269,15124755,269,증산역지하차도,경상남도 양산시,공공,,"형식 : 박스형 / 연장 : 125.0 m, 차로수 : 4",,,,,,unverified,,CATALOG_ONLY,20230930,2025-11-18,https://data.go.kr/data/15124755/fileData.do,"{""순번(No)"": ""269"", ""시설물명"": ""증산역지하차도"", ""시설물구분"": ""터널"", ""시설물종류"": ""지하차도"", ""종별"": ""2종"", ""관리주체구분"": ""공공"", ""항목명"": ""형식 : 박스형 / 연장 : 125.0 m, 차로수 : 4"", ""위치"": ""경상남도 양산시""}"
15124755:270,15124755,270,남산지하차도,경상남도 창원시,민간,,"형식 : 파형강판 SS590 / 연장 : 122.0 m, 차로수 : 4",,,,,,unverified,,CATALOG_ONLY,20230930,2025-11-18,https://data.go.kr/data/15124755/fileData.do,"{""순번(No)"": ""270"", ""시설물명"": ""남산지하차도"", ""시설물구분"": ""터널"", ""시설물종류"": ""지하차도"", ""종별"": ""2종"", ""관리주체구분"": ""민간"", ""항목명"": ""형식 : 파형강판 SS590 / 연장 : 122.0 m, 차로수 : 4"", ""위치"": ""경상남도 창원시""}"
15124755:271,15124755,271,덕산지하차도,경상남도 창원시,공공,,"형식 : 박스형 / 연장 : 201.0 m, 차로수 : 2",,,,,,unverified,,CATALOG_ONLY,20230930,2025-11-18,https://data.go.kr/data/15124755/fileData.do,"{""순번(No)"": ""271"", ""시설물명"": ""덕산지하차도"", ""시설물구분"": ""터널"", ""시설물종류"": ""지하차도"", ""종별"": ""2종"", ""관리주체구분"": ""공공"", ""항목명"": ""형식 : 박스형 / 연장 : 201.0 m, 차로수 : 2"", ""위치"": ""경상남도 창원시""}"
15124755:272,15124755,272,명곡지하차도,경상남도 창원시,공공,,"형식 : 박스형 / 연장 : 229.0 m, 차로수 : 4",,,,,,unverified,,CATALOG_ONLY,20230930,2025-11-18,https://data.go.kr/data/15124755/fileData.do,"{""순번(No)"": ""272"", ""시설물명"": ""명곡지하차도"", ""시설물구분"": ""터널"", ""시설물종류"": ""지하차도"", ""종별"": ""2종"", ""관리주체구분"": ""공공"", ""항목명"": ""형식 : 박스형 / 연장 : 229.0 m, 차로수 : 4"", ""위치"": ""경상남도 창원시""}"
15124755:273,15124755,273,삼동지하차도,경상남도 창원시,공공,,"형식 : 박스형 / 연장 : 250.0 m, 차로수 : 4",,,,,,unverified,,CATALOG_ONLY,20230930,2025-11-18,https://data.go.kr/data/15124755/fileData.do,"{""순번(No)"": ""273"", ""시설물명"": ""삼동지하차도"", ""시설물구분"": ""터널"", ""시설물종류"": ""지하차도"", ""종별"": ""2종"", ""관리주체구분"": ""공공"", ""항목명"": ""형식 : 박스형 / 연장 : 250.0 m, 차로수 : 4"", ""위치"": ""경상남도 창원시""}"
15124755:274,15124755,274,성주지하차도,경상남도 창원시,공공,,"형식 : 박스형 / 연장 : 180.0 m, 차로수 : 4",,,,,,unverified,,CATALOG_ONLY,20230930,2025-11-18,https://data.go.kr/data/15124755/fileData.do,"{""순번(No)"": ""274"", ""시설물명"": ""성주지하차도"", ""시설물구분"": ""터널"", ""시설물종류"": ""지하차도"", ""종별"": ""2종"", ""관리주체구분"": ""공공"", ""항목명"": ""형식 : 박스형 / 연장 : 180.0 m, 차로수 : 4"", ""위치"": ""경상남도 창원시""}"
15124755:275,15124755,275,소계1지하차도,경상남도 창원시,공공,,"형식 : 박스형 / 연장 : 116.0 m, 차로수 : 4",,,,,,unverified,,CATALOG_ONLY,20230930,2025-11-18,https://data.go.kr/data/15124755/fileData.do,"{""순번(No)"": ""275"", ""시설물명"": ""소계1지하차도"", ""시설물구분"": ""터널"", ""시설물종류"": ""지하차도"", ""종별"": ""2종"", ""관리주체구분"": ""공공"", ""항목명"": ""형식 : 박스형 / 연장 : 116.0 m, 차로수 : 4"", ""위치"": ""경상남도 창원시""}"
15124755:276,15124755,276,용원지하차도,경상남도 창원시,공공,,"형식 : 박스형 / 연장 : 250.0 m, 차로수 : 4",,,,,,unverified,,CATALOG_ONLY,20230930,2025-11-18,https://data.go.kr/data/15124755/fileData.do,"{""순번(No)"": ""276"", ""시설물명"": ""용원지하차도"", ""시설물구분"": ""터널"", ""시설물종류"": ""지하차도"", ""종별"": ""2종"", ""관리주체구분"": ""공공"", ""항목명"": ""형식 : 박스형 / 연장 : 250.0 m, 차로수 : 4"", ""위치"": ""경상남도 창원시""}"
15124755:277,15124755,277,토월지하차도,경상남도 창원시,공공,,"형식 : 박스형 / 연장 : 160.0 m, 차로수 : 4",,,,,,unverified,,CATALOG_ONLY,20230930,2025-11-18,https://data.go.kr/data/15124755/fileData.do,"{""순번(No)"": ""277"", ""시설물명"": ""토월지하차도"", ""시설물구분"": ""터널"", ""시설물종류"": ""지하차도"", ""종별"": ""2종"", ""관리주체구분"": ""공공"", ""항목명"": ""형식 : 박스형 / 연장 : 160.0 m, 차로수 : 4"", ""위치"": ""경상남도 창원시""}"
15124755:278,15124755,278,구미국가산업단지 제4단지 옥계지하차도,경상북도 구미시,공공,,"형식 : 박스형 / 연장 : 226.0 m, 차로수 : 4",,,,,,unverified,,CATALOG_ONLY,20230930,2025-11-18,https://data.go.kr/data/15124755/fileData.do,"{""순번(No)"": ""278"", ""시설물명"": ""구미국가산업단지 제4단지 옥계지하차도"", ""시설물구분"": ""터널"", ""시설물종류"": ""지하차도"", ""종별"": ""2종"", ""관리주체구분"": ""공공"", ""항목명"": ""형식 : 박스형 / 연장 : 226.0 m, 차로수 : 4"", ""위치"": ""경상북도 구미시""}"
15124755:279,15124755,279,혁신지하차도2,경상북도 김천시,공공,,"형식 : 박스형 / 연장 : 150.0 m, 차로수 : 4",,,,,,unverified,,CATALOG_ONLY,20230930,2025-11-18,https://data.go.kr/data/15124755/fileData.do,"{""순번(No)"": ""279"", ""시설물명"": ""혁신지하차도2"", ""시설물구분"": ""터널"", ""시설물종류"": ""지하차도"", ""종별"": ""2종"", ""관리주체구분"": ""공공"", ""항목명"": ""형식 : 박스형 / 연장 : 150.0 m, 차로수 : 4"", ""위치"": ""경상북도 김천시""}"
15124755:280,15124755,280,돈달지하도,경상북도 문경시,공공,,"형식 : 박스형 / 연장 : 110.0 m, 차로수 : 2",,,,,,unverified,,CATALOG_ONLY,20230930,2025-11-18,https://data.go.kr/data/15124755/fileData.do,"{""순번(No)"": ""280"", ""시설물명"": ""돈달지하도"", ""시설물구분"": ""터널"", ""시설물종류"": ""지하차도"", ""종별"": ""2종"", ""관리주체구분"": ""공공"", ""항목명"": ""형식 : 박스형 / 연장 : 110.0 m, 차로수 : 2"", ""위치"": ""경상북도 문경시""}"
15124755:281,15124755,281,성주지하차도,경상북도 성주군,공공,,"형식 : 박스형 / 연장 : 390.0 m, 차로수 : 4",,,,,,unverified,,CATALOG_ONLY,20230930,2025-11-18,https://data.go.kr/data/15124755/fileData.do,"{""순번(No)"": ""281"", ""시설물명"": ""성주지하차도"", ""시설물구분"": ""터널"", ""시설물종류"": ""지하차도"", ""종별"": ""2종"", ""관리주체구분"": ""공공"", ""항목명"": ""형식 : 박스형 / 연장 : 390.0 m, 차로수 : 4"", ""위치"": ""경상북도 성주군""}"
15124755:282,15124755,282,나무고개지하차도,경상북도 영주시,공공,,"형식 : U-TYPE+BOX TYPE / 연장 : 120.0 m, 차로수 : 4",,,,,,unverified,,CATALOG_ONLY,20230930,2025-11-18,https://data.go.kr/data/15124755/fileData.do,"{""순번(No)"": ""282"", ""시설물명"": ""나무고개지하차도"", ""시설물구분"": ""터널"", ""시설물종류"": ""지하차도"", ""종별"": ""2종"", ""관리주체구분"": ""공공"", ""항목명"": ""형식 : U-TYPE+BOX TYPE / 연장 : 120.0 m, 차로수 : 4"", ""위치"": ""경상북도 영주시""}"
15124755:283,15124755,283,산정1지하차도,광주광역시 광산구,공공,,"형식 : 라멘형 / 연장 : 206.0 m, 차로수 : 4",,,,,,unverified,,CATALOG_ONLY,20230930,2025-11-18,https://data.go.kr/data/15124755/fileData.do,"{""순번(No)"": ""283"", ""시설물명"": ""산정1지하차도"", ""시설물구분"": ""터널"", ""시설물종류"": ""지하차도"", ""종별"": ""2종"", ""관리주체구분"": ""공공"", ""항목명"": ""형식 : 라멘형 / 연장 : 206.0 m, 차로수 : 4"", ""위치"": ""광주광역시 광산구""}"
15124755:284,15124755,284,산정제1 지하차도,광주광역시 광산구,공공,,"형식 : 박스형 / 연장 : 170.7 m, 차로수 : 4",,,,,,unverified,,CATALOG_ONLY,20230930,2025-11-18,https://data.go.kr/data/15124755/fileData.do,"{""순번(No)"": ""284"", ""시설물명"": ""산정제1 지하차도"", ""시설물구분"": ""터널"", ""시설물종류"": ""지하차도"", ""종별"": ""2종"", ""관리주체구분"": ""공공"", ""항목명"": ""형식 : 박스형 / 연장 : 170.7 m, 차로수 : 4"", ""위치"": ""광주광역시 광산구""}"
15124755:285,15124755,285,선운지하차도,광주광역시 광산구,공공,,"형식 : 미등록 / 연장 : 120.0 m, 차로수 : 6",,,,,,unverified,,CATALOG_ONLY,20230930,2025-11-18,https://data.go.kr/data/15124755/fileData.do,"{""순번(No)"": ""285"", ""시설물명"": ""선운지하차도"", ""시설물구분"": ""터널"", ""시설물종류"": ""지하차도"", ""종별"": ""2종"", ""관리주체구분"": ""공공"", ""항목명"": ""형식 : 미등록 / 연장 : 120.0 m, 차로수 : 6"", ""위치"": ""광주광역시 광산구""}"
15124755:286,15124755,286,송정공원역 지하차도,광주광역시 광산구,공공,,"형식 : 박스형 / 연장 : 185.0 m, 차로수 : 2",,,,,,unverified,,CATALOG_ONLY,20230930,2025-11-18,https://data.go.kr/data/15124755/fileData.do,"{""순번(No)"": ""286"", ""시설물명"": ""송정공원역 지하차도"", ""시설물구분"": ""터널"", ""시설물종류"": ""지하차도"", ""종별"": ""2종"", ""관리주체구분"": ""공공"", ""항목명"": ""형식 : 박스형 / 연장 : 185.0 m, 차로수 : 2"", ""위치"": ""광주광역시 광산구""}"
15124755:287,15124755,287,수완지하차도,광주광역시 광산구,공공,,"형식 : 박스형 / 연장 : 240.0 m, 차로수 : 6",,,,,,unverified,,CATALOG_ONLY,20230930,2025-11-18,https://data.go.kr/data/15124755/fileData.do,"{""순번(No)"": ""287"", ""시설물명"": ""수완지하차도"", ""시설물구분"": ""터널"", ""시설물종류"": ""지하차도"", ""종별"": ""2종"", ""관리주체구분"": ""공공"", ""항목명"": ""형식 : 박스형 / 연장 : 240.0 m, 차로수 : 6"", ""위치"": ""광주광역시 광산구""}"
15124755:288,15124755,288,신가지하차도,광주광역시 광산구,민간,,"형식 : 박스형 / 연장 : 445.5 m, 차로수 : 6",,,,,,unverified,,CATALOG_ONLY,20230930,2025-11-18,https://data.go.kr/data/15124755/fileData.do,"{""순번(No)"": ""288"", ""시설물명"": ""신가지하차도"", ""시설물구분"": ""터널"", ""시설물종류"": ""지하차도"", ""종별"": ""2종"", ""관리주체구분"": ""민간"", ""항목명"": ""형식 : 박스형 / 연장 : 445.5 m, 차로수 : 6"", ""위치"": ""광주광역시 광산구""}"
15124755:289,15124755,289,신덕지하차도,광주광역시 광산구,공공,,"형식 : 라멘형 / 연장 : 111.4 m, 차로수 : 4",,,,,,unverified,,CATALOG_ONLY,20230930,2025-11-18,https://data.go.kr/data/15124755/fileData.do,"{""순번(No)"": ""289"", ""시설물명"": ""신덕지하차도"", ""시설물구분"": ""터널"", ""시설물종류"": ""지하차도"", ""종별"": ""2종"", ""관리주체구분"": ""공공"", ""항목명"": ""형식 : 라멘형 / 연장 : 111.4 m, 차로수 : 4"", ""위치"": ""광주광역시 광산구""}"
15124755:290,15124755,290,장수제1 지하차도,광주광역시 광산구,공공,,"형식 : 박스형 / 연장 : 448.0 m, 차로수 : 6",,,,,,unverified,,CATALOG_ONLY,20230930,2025-11-18,https://data.go.kr/data/15124755/fileData.do,"{""순번(No)"": ""290"", ""시설물명"": ""장수제1 지하차도"", ""시설물구분"": ""터널"", ""시설물종류"": ""지하차도"", ""종별"": ""2종"", ""관리주체구분"": ""공공"", ""항목명"": ""형식 : 박스형 / 연장 : 448.0 m, 차로수 : 6"", ""위치"": ""광주광역시 광산구""}"
15124755:291,15124755,291,효덕지하차도,광주광역시 남구,공공,,"형식 : 박스형 / 연장 : 180.0 m, 차로수 : 4",,,,,,unverified,,CATALOG_ONLY,20230930,2025-11-18,https://data.go.kr/data/15124755/fileData.do,"{""순번(No)"": ""291"", ""시설물명"": ""효덕지하차도"", ""시설물구분"": ""터널"", ""시설물종류"": ""지하차도"", ""종별"": ""2종"", ""관리주체구분"": ""공공"", ""항목명"": ""형식 : 박스형 / 연장 : 180.0 m, 차로수 : 4"", ""위치"": ""광주광역시 남구""}"
15124755:292,15124755,292,효천 지하차도,광주광역시 남구,공공,,"형식 : 박스형 / 연장 : 115.0 m, 차로수 : 4",,,,,,unverified,,CATALOG_ONLY,20230930,2025-11-18,https://data.go.kr/data/15124755/fileData.do,"{""순번(No)"": ""292"", ""시설물명"": ""효천 지하차도"", ""시설물구분"": ""터널"", ""시설물종류"": ""지하차도"", ""종별"": ""2종"", ""관리주체구분"": ""공공"", ""항목명"": ""형식 : 박스형 / 연장 : 115.0 m, 차로수 : 4"", ""위치"": ""광주광역시 남구""}"
15124755:293,15124755,293,신용지하차도,광주광역시 북구,공공,,"형식 : 박스형 / 연장 : 160.0 m, 차로수 : 4",,,,,,unverified,,CATALOG_ONLY,20230930,2025-11-18,https://data.go.kr/data/15124755/fileData.do,"{""순번(No)"": ""293"", ""시설물명"": ""신용지하차도"", ""시설물구분"": ""터널"", ""시설물종류"": ""지하차도"", ""종별"": ""2종"", ""관리주체구분"": ""공공"", ""항목명"": ""형식 : 박스형 / 연장 : 160.0 m, 차로수 : 4"", ""위치"": ""광주광역시 북구""}"
15124755:294,15124755,294,연제지하차도,광주광역시 북구,공공,,"형식 : 박스형 / 연장 : 120.0 m, 차로수 : 4",,,,,,unverified,,CATALOG_ONLY,20230930,2025-11-18,https://data.go.kr/data/15124755/fileData.do,"{""순번(No)"": ""294"", ""시설물명"": ""연제지하차도"", ""시설물구분"": ""터널"", ""시설물종류"": ""지하차도"", ""종별"": ""2종"", ""관리주체구분"": ""공공"", ""항목명"": ""형식 : 박스형 / 연장 : 120.0 m, 차로수 : 4"", ""위치"": ""광주광역시 북구""}"
15124755:295,15124755,295,월출지하차도,광주광역시 북구,공공,,"형식 : 박스형 / 연장 : 164.0 m, 차로수 : 4",,,,,,unverified,,CATALOG_ONLY,20230930,2025-11-18,https://data.go.kr/data/15124755/fileData.do,"{""순번(No)"": ""295"", ""시설물명"": ""월출지하차도"", ""시설물구분"": ""터널"", ""시설물종류"": ""지하차도"", ""종별"": ""2종"", ""관리주체구분"": ""공공"", ""항목명"": ""형식 : 박스형 / 연장 : 164.0 m, 차로수 : 4"", ""위치"": ""광주광역시 북구""}"
15124755:296,15124755,296,쌍계지하차도,대구광역시 달성군,공공,,"형식 : 박스형 / 연장 : 101.0 m, 차로수 : 4",,,,,,unverified,,CATALOG_ONLY,20230930,2025-11-18,https://data.go.kr/data/15124755/fileData.do,"{""순번(No)"": ""296"", ""시설물명"": ""쌍계지하차도"", ""시설물구분"": ""터널"", ""시설물종류"": ""지하차도"", ""종별"": ""2종"", ""관리주체구분"": ""공공"", ""항목명"": ""형식 : 박스형 / 연장 : 101.0 m, 차로수 : 4"", ""위치"": ""대구광역시 달성군""}"
15124755:297,15124755,297,옥포지하차도,대구광역시 달성군,공공,,"형식 : 박스형 / 연장 : 425.0 m, 차로수 : 4",,,,,,unverified,,CATALOG_ONLY,20230930,2025-11-18,https://data.go.kr/data/15124755/fileData.do,"{""순번(No)"": ""297"", ""시설물명"": ""옥포지하차도"", ""시설물구분"": ""터널"", ""시설물종류"": ""지하차도"", ""종별"": ""2종"", ""관리주체구분"": ""공공"", ""항목명"": ""형식 : 박스형 / 연장 : 425.0 m, 차로수 : 4"", ""위치"": ""대구광역시 달성군""}"
15124755:298,15124755,298,봉무지하차도,대구광역시 동구,공공,,"형식 : 박스형 / 연장 : 240.0 m, 차로수 : 4",,,,,,unverified,,CATALOG_ONLY,20230930,2025-11-18,https://data.go.kr/data/15124755/fileData.do,"{""순번(No)"": ""298"", ""시설물명"": ""봉무지하차도"", ""시설물구분"": ""터널"", ""시설물종류"": ""지하차도"", ""종별"": ""2종"", ""관리주체구분"": ""공공"", ""항목명"": ""형식 : 박스형 / 연장 : 240.0 m, 차로수 : 4"", ""위치"": ""대구광역시 동구""}"
15124755:299,15124755,299,불로지하차도,대구광역시 동구,공공,,"형식 : 박스형 / 연장 : 160.0 m, 차로수 : 4",,,,,,unverified,,CATALOG_ONLY,20230930,2025-11-18,https://data.go.kr/data/15124755/fileData.do,"{""순번(No)"": ""299"", ""시설물명"": ""불로지하차도"", ""시설물구분"": ""터널"", ""시설물종류"": ""지하차도"", ""종별"": ""2종"", ""관리주체구분"": ""공공"", ""항목명"": ""형식 : 박스형 / 연장 : 160.0 m, 차로수 : 4"", ""위치"": ""대구광역시 동구""}"
15124755:300,15124755,300,경대교지하차도,대구광역시 북구,공공,,"형식 : 박스형 / 연장 : 105.0 m, 차로수 : 4",,,,,,unverified,,CATALOG_ONLY,20230930,2025-11-18,https://data.go.kr/data/15124755/fileData.do,"{""순번(No)"": ""300"", ""시설물명"": ""경대교지하차도"", ""시설물구분"": ""터널"", ""시설물종류"": ""지하차도"", ""종별"": ""2종"", ""관리주체구분"": ""공공"", ""항목명"": ""형식 : 박스형 / 연장 : 105.0 m, 차로수 : 4"", ""위치"": ""대구광역시 북구""}"
15124755:301,15124755,301,매천시장지하차도,대구광역시 북구,공공,,"형식 : 박스형 / 연장 : 105.0 m, 차로수 : 4",,,,,,unverified,,CATALOG_ONLY,20230930,2025-11-18,https://data.go.kr/data/15124755/fileData.do,"{""순번(No)"": ""301"", ""시설물명"": ""매천시장지하차도"", ""시설물구분"": ""터널"", ""시설물종류"": ""지하차도"", ""종별"": ""2종"", ""관리주체구분"": ""공공"", ""항목명"": ""형식 : 박스형 / 연장 : 105.0 m, 차로수 : 4"", ""위치"": ""대구광역시 북구""}"
15124755:302,15124755,302,칠곡지하차도,대구광역시 북구,공공,,"형식 : 박스형 / 연장 : 110.0 m, 차로수 : 4",,,,,,unverified,,CATALOG_ONLY,20230930,2025-11-18,https://data.go.kr/data/15124755/fileData.do,"{""순번(No)"": ""302"", ""시설물명"": ""칠곡지하차도"", ""시설물구분"": ""터널"", ""시설물종류"": ""지하차도"", ""종별"": ""2종"", ""관리주체구분"": ""공공"", ""항목명"": ""형식 : 박스형 / 연장 : 110.0 m, 차로수 : 4"", ""위치"": ""대구광역시 북구""}"
15124755:303,15124755,303,침산교지하차도,대구광역시 북구,공공,,"형식 : 박스형 / 연장 : 160.0 m, 차로수 : 4",,,,,,unverified,,CATALOG_ONLY,20230930,2025-11-18,https://data.go.kr/data/15124755/fileData.do,"{""순번(No)"": ""303"", ""시설물명"": ""침산교지하차도"", ""시설물구분"": ""터널"", ""시설물종류"": ""지하차도"", ""종별"": ""2종"", ""관리주체구분"": ""공공"", ""항목명"": ""형식 : 박스형 / 연장 : 160.0 m, 차로수 : 4"", ""위치"": ""대구광역시 북구""}"
15124755:304,15124755,304,팔달교지하차도,대구광역시 서구,공공,,"형식 : 박스형 / 연장 : 110.0 m, 차로수 : 4",,,,,,unverified,,CATALOG_ONLY,20230930,2025-11-18,https://data.go.kr/data/15124755/fileData.do,"{""순번(No)"": ""304"", ""시설물명"": ""팔달교지하차도"", ""시설물구분"": ""터널"", ""시설물종류"": ""지하차도"", ""종별"": ""2종"", ""관리주체구분"": ""공공"", ""항목명"": ""형식 : 박스형 / 연장 : 110.0 m, 차로수 : 4"", ""위치"": ""대구광역시 서구""}"
15124755:305,15124755,305,연호지하차도,대구광역시 수성구,민간,,"형식 : 박스형 / 연장 : 200.0 m, 차로수 : 6",,,,,,unverified,,CATALOG_ONLY,20230930,2025-11-18,https://data.go.kr/data/15124755/fileData.do,"{""순번(No)"": ""305"", ""시설물명"": ""연호지하차도"", ""시설물구분"": ""터널"", ""시설물종류"": ""지하차도"", ""종별"": ""2종"", ""관리주체구분"": ""민간"", ""항목명"": ""형식 : 박스형 / 연장 : 200.0 m, 차로수 : 6"", ""위치"": ""대구광역시 수성구""}"
15124755:306,15124755,306,월드컵지하차도,대구광역시 수성구,공공,,"형식 : 박스형 / 연장 : 1,370.0 m, 차로수 : 6",,,,,,unverified,,CATALOG_ONLY,20230930,2025-11-18,https://data.go.kr/data/15124755/fileData.do,"{""순번(No)"": ""306"", ""시설물명"": ""월드컵지하차도"", ""시설물구분"": ""터널"", ""시설물종류"": ""지하차도"", ""종별"": ""2종"", ""관리주체구분"": ""공공"", ""항목명"": ""형식 : 박스형 / 연장 : 1,370.0 m, 차로수 : 6"", ""위치"": ""대구광역시 수성구""}"
15124755:307,15124755,307,수성교지하차도,대구광역시 중구,공공,,"형식 : 박스형 / 연장 : 460.0 m, 차로수 : 4",,,,,,unverified,,CATALOG_ONLY,20230930,2025-11-18,https://data.go.kr/data/15124755/fileData.do,"{""순번(No)"": ""307"", ""시설물명"": ""수성교지하차도"", ""시설물구분"": ""터널"", ""시설물종류"": ""지하차도"", ""종별"": ""2종"", ""관리주체구분"": ""공공"", ""항목명"": ""형식 : 박스형 / 연장 : 460.0 m, 차로수 : 4"", ""위치"": ""대구광역시 중구""}"
15124755:308,15124755,308,대동지하차도,대전광역시 동구,공공,,"형식 : 박스형 / 연장 : 186.0 m, 차로수 : 4",,,,,,unverified,,CATALOG_ONLY,20230930,2025-11-18,https://data.go.kr/data/15124755/fileData.do,"{""순번(No)"": ""308"", ""시설물명"": ""대동지하차도"", ""시설물구분"": ""터널"", ""시설물종류"": ""지하차도"", ""종별"": ""2종"", ""관리주체구분"": ""공공"", ""항목명"": ""형식 : 박스형 / 연장 : 186.0 m, 차로수 : 4"", ""위치"": ""대전광역시 동구""}"
15124755:309,15124755,309,대전역지하차도,대전광역시 동구,공공,,"형식 : 박스형 / 연장 : 345.2 m, 차로수 : 6",,,,,,unverified,,CATALOG_ONLY,20230930,2025-11-18,https://data.go.kr/data/15124755/fileData.do,"{""순번(No)"": ""309"", ""시설물명"": ""대전역지하차도"", ""시설물구분"": ""터널"", ""시설물종류"": ""지하차도"", ""종별"": ""2종"", ""관리주체구분"": ""공공"", ""항목명"": ""형식 : 박스형 / 연장 : 345.2 m, 차로수 : 6"", ""위치"": ""대전광역시 동구""}"
15124755:310,15124755,310,성남지하차도,대전광역시 동구,공공,,"형식 : 박스형 / 연장 : 112.0 m, 차로수 : 4",,,,,,unverified,,CATALOG_ONLY,20230930,2025-11-18,https://data.go.kr/data/15124755/fileData.do,"{""순번(No)"": ""310"", ""시설물명"": ""성남지하차도"", ""시설물구분"": ""터널"", ""시설물종류"": ""지하차도"", ""종별"": ""2종"", ""관리주체구분"": ""공공"", ""항목명"": ""형식 : 박스형 / 연장 : 112.0 m, 차로수 : 4"", ""위치"": ""대전광역시 동구""}"
15124755:311,15124755,311,정동지하차도,대전광역시 동구,공공,,"형식 : 박스형 / 연장 : 140.0 m, 차로수 : 4",,,,,,unverified,,CATALOG_ONLY,20230930,2025-11-18,https://data.go.kr/data/15124755/fileData.do,"{""순번(No)"": ""311"", ""시설물명"": ""정동지하차도"", ""시설물구분"": ""터널"", ""시설물종류"": ""지하차도"", ""종별"": ""2종"", ""관리주체구분"": ""공공"", ""항목명"": ""형식 : 박스형 / 연장 : 140.0 m, 차로수 : 4"", ""위치"": ""대전광역시 동구""}"
15124755:312,15124755,312,판암지하차도,대전광역시 동구,공공,,"형식 : 박스형 / 연장 : 125.0 m, 차로수 : 4",,,,,,unverified,,CATALOG_ONLY,20230930,2025-11-18,https://data.go.kr/data/15124755/fileData.do,"{""순번(No)"": ""312"", ""시설물명"": ""판암지하차도"", ""시설물구분"": ""터널"", ""시설물종류"": ""지하차도"", ""종별"": ""2종"", ""관리주체구분"": ""공공"", ""항목명"": ""형식 : 박스형 / 연장 : 125.0 m, 차로수 : 4"", ""위치"": ""대전광역시 동구""}"
15124755:313,15124755,313,현암 지하차도,대전광역시 동구,공공,,"형식 : 박스형 / 연장 : 105.0 m, 차로수 : 2",,,,,,unverified,,CATALOG_ONLY,20230930,2025-11-18,https://data.go.kr/data/15124755/fileData.do,"{""순번(No)"": ""313"", ""시설물명"": ""현암 지하차도"", ""시설물구분"": ""터널"", ""시설물종류"": ""지하차도"", ""종별"": ""2종"", ""관리주체구분"": ""공공"", ""항목명"": ""형식 : 박스형 / 연장 : 105.0 m, 차로수 : 2"", ""위치"": ""대전광역시 동구""}"
15124755:314,15124755,314,홍도지하차도,대전광역시 동구,공공,,"형식 : 박스형 / 연장 : 493.0 m, 차로수 : 8",,,,,,unverified,,CATALOG_ONLY,20230930,2025-11-18,https://data.go.kr/data/15124755/fileData.do,"{""순번(No)"": ""314"", ""시설물명"": ""홍도지하차도"", ""시설물구분"": ""터널"", ""시설물종류"": ""지하차도"", ""종별"": ""2종"", ""관리주체구분"": ""공공"", ""항목명"": ""형식 : 박스형 / 연장 : 493.0 m, 차로수 : 8"", ""위치"": ""대전광역시 동구""}"
15124755:315,15124755,315,갈마지하차도,대전광역시 서구,공공,,"형식 : 라멘형 / 연장 : 260.0 m, 차로수 : 6",,,,,,unverified,,CATALOG_ONLY,20230930,2025-11-18,https://data.go.kr/data/15124755/fileData.do,"{""순번(No)"": ""315"", ""시설물명"": ""갈마지하차도"", ""시설물구분"": ""터널"", ""시설물종류"": ""지하차도"", ""종별"": ""2종"", ""관리주체구분"": ""공공"", ""항목명"": ""형식 : 라멘형 / 연장 : 260.0 m, 차로수 : 6"", ""위치"": ""대전광역시 서구""}"
15124755:316,15124755,316,갑천지하차도,대전광역시 서구,공공,,"형식 : 라멘형 / 연장 : 142.0 m, 차로수 : 4",,,,,,unverified,,CATALOG_ONLY,20230930,2025-11-18,https://data.go.kr/data/15124755/fileData.do,"{""순번(No)"": ""316"", ""시설물명"": ""갑천지하차도"", ""시설물구분"": ""터널"", ""시설물종류"": ""지하차도"", ""종별"": ""2종"", ""관리주체구분"": ""공공"", ""항목명"": ""형식 : 라멘형 / 연장 : 142.0 m, 차로수 : 4"", ""위치"": ""대전광역시 서구""}"
15124755:317,15124755,317,계룡로 지하차도,대전광역시 서구,공공,,"형식 : 박스형 / 연장 : 472.0 m, 차로수 : 6",,,,,,unverified,,CATALOG_ONLY,20230930,2025-11-18,https://data.go.kr/data/15124755/fileData.do,"{""순번(No)"": ""317"", ""시설물명"": ""계룡로 지하차도"", ""시설물구분"": ""터널"", ""시설물종류"": ""지하차도"", ""종별"": ""2종"", ""관리주체구분"": ""공공"", ""항목명"": ""형식 : 박스형 / 연장 : 472.0 m, 차로수 : 6"", ""위치"": ""대전광역시 서구""}"
15124755:318,15124755,318,관저지하차도,대전광역시 서구,공공,,"형식 : 라멘형 / 연장 : 160.0 m, 차로수 : 6",,,,,,unverified,,CATALOG_ONLY,20230930,2025-11-18,https://data.go.kr/data/15124755/fileData.do,"{""순번(No)"": ""318"", ""시설물명"": ""관저지하차도"", ""시설물구분"": ""터널"", ""시설물종류"": ""지하차도"", ""종별"": ""2종"", ""관리주체구분"": ""공공"", ""항목명"": ""형식 : 라멘형 / 연장 : 160.0 m, 차로수 : 6"", ""위치"": ""대전광역시 서구""}"
15124755:319,15124755,319,도마지하차도,대전광역시 서구,공공,,"형식 : 박스형 / 연장 : 135.0 m, 차로수 : 2",,,,,,unverified,,CATALOG_ONLY,20230930,2025-11-18,https://data.go.kr/data/15124755/fileData.do,"{""순번(No)"": ""319"", ""시설물명"": ""도마지하차도"", ""시설물구분"": ""터널"", ""시설물종류"": ""지하차도"", ""종별"": ""2종"", ""관리주체구분"": ""공공"", ""항목명"": ""형식 : 박스형 / 연장 : 135.0 m, 차로수 : 2"", ""위치"": ""대전광역시 서구""}"
15124755:320,15124755,320,둔산지하차도,대전광역시 서구,공공,,"형식 : 라멘형 / 연장 : 244.0 m, 차로수 : 4",,,,,,unverified,,CATALOG_ONLY,20230930,2025-11-18,https://data.go.kr/data/15124755/fileData.do,"{""순번(No)"": ""320"", ""시설물명"": ""둔산지하차도"", ""시설물구분"": ""터널"", ""시설물종류"": ""지하차도"", ""종별"": ""2종"", ""관리주체구분"": ""공공"", ""항목명"": ""형식 : 라멘형 / 연장 : 244.0 m, 차로수 : 4"", ""위치"": ""대전광역시 서구""}"
15124755:321,15124755,321,만년지하차도,대전광역시 서구,공공,,"형식 : 미등록 / 연장 : 120.0 m, 차로수 : 4",,,,,,unverified,,CATALOG_ONLY,20230930,2025-11-18,https://data.go.kr/data/15124755/fileData.do,"{""순번(No)"": ""321"", ""시설물명"": ""만년지하차도"", ""시설물구분"": ""터널"", ""시설물종류"": ""지하차도"", ""종별"": ""2종"", ""관리주체구분"": ""공공"", ""항목명"": ""형식 : 미등록 / 연장 : 120.0 m, 차로수 : 4"", ""위치"": ""대전광역시 서구""}"
15124755:322,15124755,322,문예지하차도,대전광역시 서구,공공,,"형식 : 라멘형 / 연장 : 174.0 m, 차로수 : 4",,,,,,unverified,,CATALOG_ONLY,20230930,2025-11-18,https://data.go.kr/data/15124755/fileData.do,"{""순번(No)"": ""322"", ""시설물명"": ""문예지하차도"", ""시설물구분"": ""터널"", ""시설물종류"": ""지하차도"", ""종별"": ""2종"", ""관리주체구분"": ""공공"", ""항목명"": ""형식 : 라멘형 / 연장 : 174.0 m, 차로수 : 4"", ""위치"": ""대전광역시 서구""}"
15124755:323,15124755,323,삼천지하차도,대전광역시 서구,공공,,"형식 : 라멘형 / 연장 : 270.0 m, 차로수 : 4",,,,,,unverified,,CATALOG_ONLY,20230930,2025-11-18,https://data.go.kr/data/15124755/fileData.do,"{""순번(No)"": ""323"", ""시설물명"": ""삼천지하차도"", ""시설물구분"": ""터널"", ""시설물종류"": ""지하차도"", ""종별"": ""2종"", ""관리주체구분"": ""공공"", ""항목명"": ""형식 : 라멘형 / 연장 : 270.0 m, 차로수 : 4"", ""위치"": ""대전광역시 서구""}"
15124755:324,15124755,324,오량지하차도,대전광역시 서구,공공,,"형식 : 박스형 / 연장 : 155.0 m, 차로수 : 4",,,,,,unverified,,CATALOG_ONLY,20230930,2025-11-18,https://data.go.kr/data/15124755/fileData.do,"{""순번(No)"": ""324"", ""시설물명"": ""오량지하차도"", ""시설물구분"": ""터널"", ""시설물종류"": ""지하차도"", ""종별"": ""2종"", ""관리주체구분"": ""공공"", ""항목명"": ""형식 : 박스형 / 연장 : 155.0 m, 차로수 : 4"", ""위치"": ""대전광역시 서구""}"
15124755:325,15124755,325,정부청사 지하차도,대전광역시 서구,공공,,"형식 : 라멘형 / 연장 : 124.0 m, 차로수 : 4",,,,,,unverified,,CATALOG_ONLY,20230930,2025-11-18,https://data.go.kr/data/15124755/fileData.do,"{""순번(No)"": ""325"", ""시설물명"": ""정부청사 지하차도"", ""시설물구분"": ""터널"", ""시설물종류"": ""지하차도"", ""종별"": ""2종"", ""관리주체구분"": ""공공"", ""항목명"": ""형식 : 라멘형 / 연장 : 124.0 m, 차로수 : 4"", ""위치"": ""대전광역시 서구""}"
15124755:326,15124755,326,탄방지하차도,대전광역시 서구,공공,,"형식 : 라멘형 / 연장 : 123.0 m, 차로수 : 6",,,,,,unverified,,CATALOG_ONLY,20230930,2025-11-18,https://data.go.kr/data/15124755/fileData.do,"{""순번(No)"": ""326"", ""시설물명"": ""탄방지하차도"", ""시설물구분"": ""터널"", ""시설물종류"": ""지하차도"", ""종별"": ""2종"", ""관리주체구분"": ""공공"", ""항목명"": ""형식 : 라멘형 / 연장 : 123.0 m, 차로수 : 6"", ""위치"": ""대전광역시 서구""}"
15124755:327,15124755,327,한밭지하차도,대전광역시 서구,공공,,"형식 : 라멘형 / 연장 : 283.0 m, 차로수 : 6",,,,,,unverified,,CATALOG_ONLY,20230930,2025-11-18,https://data.go.kr/data/15124755/fileData.do,"{""순번(No)"": ""327"", ""시설물명"": ""한밭지하차도"", ""시설물구분"": ""터널"", ""시설물종류"": ""지하차도"", ""종별"": ""2종"", ""관리주체구분"": ""공공"", ""항목명"": ""형식 : 라멘형 / 연장 : 283.0 m, 차로수 : 6"", ""위치"": ""대전광역시 서구""}"
15124755:328,15124755,328,과학공원지하차도,대전광역시 유성구,공공,,"형식 : 박스형 / 연장 : 200.0 m, 차로수 : 2",,,,,,unverified,,CATALOG_ONLY,20230930,2025-11-18,https://data.go.kr/data/15124755/fileData.do,"{""순번(No)"": ""328"", ""시설물명"": ""과학공원지하차도"", ""시설물구분"": ""터널"", ""시설물종류"": ""지하차도"", ""종별"": ""2종"", ""관리주체구분"": ""공공"", ""항목명"": ""형식 : 박스형 / 연장 : 200.0 m, 차로수 : 2"", ""위치"": ""대전광역시 유성구""}"
15124755:329,15124755,329,노은지하차도,대전광역시 유성구,공공,,"형식 : 미등록 / 연장 : 105.0 m, 차로수 : 6",,,,,,unverified,,CATALOG_ONLY,20230930,2025-11-18,https://data.go.kr/data/15124755/fileData.do,"{""순번(No)"": ""329"", ""시설물명"": ""노은지하차도"", ""시설물구분"": ""터널"", ""시설물종류"": ""지하차도"", ""종별"": ""2종"", ""관리주체구분"": ""공공"", ""항목명"": ""형식 : 미등록 / 연장 : 105.0 m, 차로수 : 6"", ""위치"": ""대전광역시 유성구""}"
15124755:330,15124755,330,도안지하차도,대전광역시 유성구,공공,,"형식 : 박스형 / 연장 : 130.0 m, 차로수 : 6",,,,,,unverified,,CATALOG_ONLY,20230930,2025-11-18,https://data.go.kr/data/15124755/fileData.do,"{""순번(No)"": ""330"", ""시설물명"": ""도안지하차도"", ""시설물구분"": ""터널"", ""시설물종류"": ""지하차도"", ""종별"": ""2종"", ""관리주체구분"": ""공공"", ""항목명"": ""형식 : 박스형 / 연장 : 130.0 m, 차로수 : 6"", ""위치"": ""대전광역시 유성구""}"
15124755:331,15124755,331,상대지하차도,대전광역시 유성구,공공,,"형식 : 박스형 / 연장 : 125.0 m, 차로수 : 6",,,,,,unverified,,CATALOG_ONLY,20230930,2025-11-18,https://data.go.kr/data/15124755/fileData.do,"{""순번(No)"": ""331"", ""시설물명"": ""상대지하차도"", ""시설물구분"": ""터널"", ""시설물종류"": ""지하차도"", ""종별"": ""2종"", ""관리주체구분"": ""공공"", ""항목명"": ""형식 : 박스형 / 연장 : 125.0 m, 차로수 : 6"", ""위치"": ""대전광역시 유성구""}"
15124755:332,15124755,332,옥녀봉 지하차도,대전광역시 유성구,공공,,"형식 : 박스형 / 연장 : 120.0 m, 차로수 : 6",,,,,,unverified,,CATALOG_ONLY,20230930,2025-11-18,https://data.go.kr/data/15124755/fileData.do,"{""순번(No)"": ""332"", ""시설물명"": ""옥녀봉 지하차도"", ""시설물구분"": ""터널"", ""시설물종류"": ""지하차도"", ""종별"": ""2종"", ""관리주체구분"": ""공공"", ""항목명"": ""형식 : 박스형 / 연장 : 120.0 m, 차로수 : 6"", ""위치"": ""대전광역시 유성구""}"
15124755:333,15124755,333,월드컵지하차도,대전광역시 유성구,공공,,"형식 : 박스형 / 연장 : 135.0 m, 차로수 : 6",,,,,,unverified,,CATALOG_ONLY,20230930,2025-11-18,https://data.go.kr/data/15124755/fileData.do,"{""순번(No)"": ""333"", ""시설물명"": ""월드컵지하차도"", ""시설물구분"": ""터널"", ""시설물종류"": ""지하차도"", ""종별"": ""2종"", ""관리주체구분"": ""공공"", ""항목명"": ""형식 : 박스형 / 연장 : 135.0 m, 차로수 : 6"", ""위치"": ""대전광역시 유성구""}"
15124755:334,15124755,334,유성지하차도,대전광역시 유성구,공공,,"형식 : 박스형 / 연장 : 110.0 m, 차로수 : 6",,,,,,unverified,,CATALOG_ONLY,20230930,2025-11-18,https://data.go.kr/data/15124755/fileData.do,"{""순번(No)"": ""334"", ""시설물명"": ""유성지하차도"", ""시설물구분"": ""터널"", ""시설물종류"": ""지하차도"", ""종별"": ""2종"", ""관리주체구분"": ""공공"", ""항목명"": ""형식 : 박스형 / 연장 : 110.0 m, 차로수 : 6"", ""위치"": ""대전광역시 유성구""}"
15124755:335,15124755,335,진터지하차도,대전광역시 유성구,공공,,"형식 : 박스형 / 연장 : 130.0 m, 차로수 : 6",,,,,,unverified,,CATALOG_ONLY,20230930,2025-11-18,https://data.go.kr/data/15124755/fileData.do,"{""순번(No)"": ""335"", ""시설물명"": ""진터지하차도"", ""시설물구분"": ""터널"", ""시설물종류"": ""지하차도"", ""종별"": ""2종"", ""관리주체구분"": ""공공"", ""항목명"": ""형식 : 박스형 / 연장 : 130.0 m, 차로수 : 6"", ""위치"": ""대전광역시 유성구""}"
15124755:336,15124755,336,중촌지하차도,대전광역시 중구,공공,,"형식 : 박스형 / 연장 : 410.0 m, 차로수 : 4",,,,,,unverified,,CATALOG_ONLY,20230930,2025-11-18,https://data.go.kr/data/15124755/fileData.do,"{""순번(No)"": ""336"", ""시설물명"": ""중촌지하차도"", ""시설물구분"": ""터널"", ""시설물종류"": ""지하차도"", ""종별"": ""2종"", ""관리주체구분"": ""공공"", ""항목명"": ""형식 : 박스형 / 연장 : 410.0 m, 차로수 : 4"", ""위치"": ""대전광역시 중구""}"
15124755:337,15124755,337,금호지하차도,부산광역시 강서구,공공,,"형식 : 박스형 / 연장 : 120.0 m, 차로수 : 6",,,,,,unverified,,CATALOG_ONLY,20230930,2025-11-18,https://data.go.kr/data/15124755/fileData.do,"{""순번(No)"": ""337"", ""시설물명"": ""금호지하차도"", ""시설물구분"": ""터널"", ""시설물종류"": ""지하차도"", ""종별"": ""2종"", ""관리주체구분"": ""공공"", ""항목명"": ""형식 : 박스형 / 연장 : 120.0 m, 차로수 : 6"", ""위치"": ""부산광역시 강서구""}"
15124755:338,15124755,338,대상지하차도,부산광역시 강서구,공공,,"형식 : 박스형 / 연장 : 130.0 m, 차로수 : 4",,,,,,unverified,,CATALOG_ONLY,20230930,2025-11-18,https://data.go.kr/data/15124755/fileData.do,"{""순번(No)"": ""338"", ""시설물명"": ""대상지하차도"", ""시설물구분"": ""터널"", ""시설물종류"": ""지하차도"", ""종별"": ""2종"", ""관리주체구분"": ""공공"", ""항목명"": ""형식 : 박스형 / 연장 : 130.0 m, 차로수 : 4"", ""위치"": ""부산광역시 강서구""}"
15124755:339,15124755,339,명지동진 지하차도,부산광역시 강서구,공공,,"형식 : 박스형 / 연장 : 160.0 m, 차로수 : 4",,,,,,unverified,,CATALOG_ONLY,20230930,2025-11-18,https://data.go.kr/data/15124755/fileData.do,"{""순번(No)"": ""339"", ""시설물명"": ""명지동진 지하차도"", ""시설물구분"": ""터널"", ""시설물종류"": ""지하차도"", ""종별"": ""2종"", ""관리주체구분"": ""공공"", ""항목명"": ""형식 : 박스형 / 연장 : 160.0 m, 차로수 : 4"", ""위치"": ""부산광역시 강서구""}"
15124755:340,15124755,340,구서 지하차도,부산광역시 금정구,공공,,"형식 : 박스형 / 연장 : 140.0 m, 차로수 : 4",,,,,,unverified,,CATALOG_ONLY,20230930,2025-11-18,https://data.go.kr/data/15124755/fileData.do,"{""순번(No)"": ""340"", ""시설물명"": ""구서 지하차도"", ""시설물구분"": ""터널"", ""시설물종류"": ""지하차도"", ""종별"": ""2종"", ""관리주체구분"": ""공공"", ""항목명"": ""형식 : 박스형 / 연장 : 140.0 m, 차로수 : 4"", ""위치"": ""부산광역시 금정구""}"
15124755:341,15124755,341,장전지하차도,부산광역시 금정구,공공,,"형식 : 박스형 / 연장 : 220.0 m, 차로수 : 4",,,,,,unverified,,CATALOG_ONLY,20230930,2025-11-18,https://data.go.kr/data/15124755/fileData.do,"{""순번(No)"": ""341"", ""시설물명"": ""장전지하차도"", ""시설물구분"": ""터널"", ""시설물종류"": ""지하차도"", ""종별"": ""2종"", ""관리주체구분"": ""공공"", ""항목명"": ""형식 : 박스형 / 연장 : 220.0 m, 차로수 : 4"", ""위치"": ""부산광역시 금정구""}"
15124755:342,15124755,342,삼성1 지하차도,부산광역시 기장군,공공,,"형식 : 박스형 / 연장 : 368.0 m, 차로수 : 4",,,,,,unverified,,CATALOG_ONLY,20230930,2025-11-18,https://data.go.kr/data/15124755/fileData.do,"{""순번(No)"": ""342"", ""시설물명"": ""삼성1 지하차도"", ""시설물구분"": ""터널"", ""시설물종류"": ""지하차도"", ""종별"": ""2종"", ""관리주체구분"": ""공공"", ""항목명"": ""형식 : 박스형 / 연장 : 368.0 m, 차로수 : 4"", ""위치"": ""부산광역시 기장군""}"
15124755:343,15124755,343,대남 지하차도,부산광역시 남구,공공,,"형식 : 박스형 / 연장 : 125.0 m, 차로수 : 4",,,,,,unverified,,CATALOG_ONLY,20230930,2025-11-18,https://data.go.kr/data/15124755/fileData.do,"{""순번(No)"": ""343"", ""시설물명"": ""대남 지하차도"", ""시설물구분"": ""터널"", ""시설물종류"": ""지하차도"", ""종별"": ""2종"", ""관리주체구분"": ""공공"", ""항목명"": ""형식 : 박스형 / 연장 : 125.0 m, 차로수 : 4"", ""위치"": ""부산광역시 남구""}"
15124755:344,15124755,344,초량 제1지하차도,부산광역시 동구,공공,,"형식 : 박스형 / 연장 : 165.0 m, 차로수 :",,,,,,unverified,,CATALOG_ONLY,20230930,2025-11-18,https://data.go.kr/data/15124755/fileData.do,"{""순번(No)"": ""344"", ""시설물명"": ""초량 제1지하차도"", ""시설물구분"": ""터널"", ""시설물종류"": ""지하차도"", ""종별"": ""2종"", ""관리주체구분"": ""공공"", ""항목명"": ""형식 : 박스형 / 연장 : 165.0 m, 차로수 : "", ""위치"": ""부산광역시 동구""}"
15124755:345,15124755,345,초량 제2지하차도,부산광역시 동구,공공,,"형식 : 박스형 / 연장 : 175.0 m, 차로수 :",,,,,,unverified,,CATALOG_ONLY,20230930,2025-11-18,https://data.go.kr/data/15124755/fileData.do,"{""순번(No)"": ""345"", ""시설물명"": ""초량 제2지하차도"", ""시설물구분"": ""터널"", ""시설물종류"": ""지하차도"", ""종별"": ""2종"", ""관리주체구분"": ""공공"", ""항목명"": ""형식 : 박스형 / 연장 : 175.0 m, 차로수 : "", ""위치"": ""부산광역시 동구""}"
15124755:346,15124755,346,내성 지하차도,부산광역시 동래구,공공,,"형식 : 박스형 / 연장 : 185.0 m, 차로수 : 4",,,,,,unverified,,CATALOG_ONLY,20230930,2025-11-18,https://data.go.kr/data/15124755/fileData.do,"{""순번(No)"": ""346"", ""시설물명"": ""내성 지하차도"", ""시설물구분"": ""터널"", ""시설물종류"": ""지하차도"", ""종별"": ""2종"", ""관리주체구분"": ""공공"", ""항목명"": ""형식 : 박스형 / 연장 : 185.0 m, 차로수 : 4"", ""위치"": ""부산광역시 동래구""}"
15124755:347,15124755,347,안락 지하차도,부산광역시 동래구,공공,,"형식 : 미등록 / 연장 : 200.0 m, 차로수 : 4",,,,,,unverified,,CATALOG_ONLY,20230930,2025-11-18,https://data.go.kr/data/15124755/fileData.do,"{""순번(No)"": ""347"", ""시설물명"": ""안락 지하차도"", ""시설물구분"": ""터널"", ""시설물종류"": ""지하차도"", ""종별"": ""2종"", ""관리주체구분"": ""공공"", ""항목명"": ""형식 : 미등록 / 연장 : 200.0 m, 차로수 : 4"", ""위치"": ""부산광역시 동래구""}"
15124755:348,15124755,348,우장춘 지하차도,부산광역시 동래구,공공,,"형식 : 박스형 / 연장 : 244.0 m, 차로수 : 4",,,,,,unverified,,CATALOG_ONLY,20230930,2025-11-18,https://data.go.kr/data/15124755/fileData.do,"{""순번(No)"": ""348"", ""시설물명"": ""우장춘 지하차도"", ""시설물구분"": ""터널"", ""시설물종류"": ""지하차도"", ""종별"": ""2종"", ""관리주체구분"": ""공공"", ""항목명"": ""형식 : 박스형 / 연장 : 244.0 m, 차로수 : 4"", ""위치"": ""부산광역시 동래구""}"
15124755:349,15124755,349,가야감고개공원 복개구조물,부산광역시 부산진구,공공,,"형식 : 2경간 거더교 / 연장 : 105.0 m, 차로수 : 4",,,,,,unverified,,CATALOG_ONLY,20230930,2025-11-18,https://data.go.kr/data/15124755/fileData.do,"{""순번(No)"": ""349"", ""시설물명"": ""가야감고개공원 복개구조물"", ""시설물구분"": ""터널"", ""시설물종류"": ""지하차도"", ""종별"": ""2종"", ""관리주체구분"": ""공공"", ""항목명"": ""형식 : 2경간 거더교 / 연장 : 105.0 m, 차로수 : 4"", ""위치"": ""부산광역시 부산진구""}"
15124755:350,15124755,350,문전지하차도,부산광역시 부산진구,공공,,"형식 : U-TYPE, BOX-TYPE / 연장 : 436.0 m, 차로수 : 2",,,,,,unverified,,CATALOG_ONLY,20230930,2025-11-18,https://data.go.kr/data/15124755/fileData.do,"{""순번(No)"": ""350"", ""시설물명"": ""문전지하차도"", ""시설물구분"": ""터널"", ""시설물종류"": ""지하차도"", ""종별"": ""2종"", ""관리주체구분"": ""공공"", ""항목명"": ""형식 : U-TYPE, BOX-TYPE / 연장 : 436.0 m, 차로수 : 2"", ""위치"": ""부산광역시 부산진구""}"
15124755:351,15124755,351,범천지하차도,부산광역시 부산진구,공공,,"형식 : 박스형 / 연장 : 215.0 m, 차로수 : 4",,,,,,unverified,,CATALOG_ONLY,20230930,2025-11-18,https://data.go.kr/data/15124755/fileData.do,"{""순번(No)"": ""351"", ""시설물명"": ""범천지하차도"", ""시설물구분"": ""터널"", ""시설물종류"": ""지하차도"", ""종별"": ""2종"", ""관리주체구분"": ""공공"", ""항목명"": ""형식 : 박스형 / 연장 : 215.0 m, 차로수 : 4"", ""위치"": ""부산광역시 부산진구""}"
15124755:352,15124755,352,와석지하차도,부산광역시 북구,공공,,"형식 : 박스형 / 연장 : 480.0 m, 차로수 : 4",,,,,,unverified,,CATALOG_ONLY,20230930,2025-11-18,https://data.go.kr/data/15124755/fileData.do,"{""순번(No)"": ""352"", ""시설물명"": ""와석지하차도"", ""시설물구분"": ""터널"", ""시설물종류"": ""지하차도"", ""종별"": ""2종"", ""관리주체구분"": ""공공"", ""항목명"": ""형식 : 박스형 / 연장 : 480.0 m, 차로수 : 4"", ""위치"": ""부산광역시 북구""}"
15124755:353,15124755,353,주례지하차도,부산광역시 사상구,공공,,"형식 : 박스형 / 연장 : 123.0 m, 차로수 : 1",,,,,,unverified,,CATALOG_ONLY,20230930,2025-11-18,https://data.go.kr/data/15124755/fileData.do,"{""순번(No)"": ""353"", ""시설물명"": ""주례지하차도"", ""시설물구분"": ""터널"", ""시설물종류"": ""지하차도"", ""종별"": ""2종"", ""관리주체구분"": ""공공"", ""항목명"": ""형식 : 박스형 / 연장 : 123.0 m, 차로수 : 1"", ""위치"": ""부산광역시 사상구""}"
15124755:354,15124755,354,수영강변 지하차도,부산광역시 해운대구,공공,,"형식 : 박스형 / 연장 : 400.0 m, 차로수 : 4",,,,,,unverified,,CATALOG_ONLY,20230930,2025-11-18,https://data.go.kr/data/15124755/fileData.do,"{""순번(No)"": ""354"", ""시설물명"": ""수영강변 지하차도"", ""시설물구분"": ""터널"", ""시설물종류"": ""지하차도"", ""종별"": ""2종"", ""관리주체구분"": ""공공"", ""항목명"": ""형식 : 박스형 / 연장 : 400.0 m, 차로수 : 4"", ""위치"": ""부산광역시 해운대구""}"
15124755:355,15124755,355,우동 지하차도,부산광역시 해운대구,공공,,"형식 : 박스형 / 연장 : 145.5 m, 차로수 : 6",,,,,,unverified,,CATALOG_ONLY,20230930,2025-11-18,https://data.go.kr/data/15124755/fileData.do,"{""순번(No)"": ""355"", ""시설물명"": ""우동 지하차도"", ""시설물구분"": ""터널"", ""시설물종류"": ""지하차도"", ""종별"": ""2종"", ""관리주체구분"": ""공공"", ""항목명"": ""형식 : 박스형 / 연장 : 145.5 m, 차로수 : 6"", ""위치"": ""부산광역시 해운대구""}"
15124755:356,15124755,356,좌동 지하차도,부산광역시 해운대구,공공,,"형식 : 박스형 / 연장 : 265.0 m, 차로수 : 4",,,,,,unverified,,CATALOG_ONLY,20230930,2025-11-18,https://data.go.kr/data/15124755/fileData.do,"{""순번(No)"": ""356"", ""시설물명"": ""좌동 지하차도"", ""시설물구분"": ""터널"", ""시설물종류"": ""지하차도"", ""종별"": ""2종"", ""관리주체구분"": ""공공"", ""항목명"": ""형식 : 박스형 / 연장 : 265.0 m, 차로수 : 4"", ""위치"": ""부산광역시 해운대구""}"
15124755:357,15124755,357,개포지하차도,서울특별시 강남구,공공,,"형식 : 미등록 / 연장 : 160.0 m, 차로수 : 4",,,,,,unverified,,CATALOG_ONLY,20230930,2025-11-18,https://data.go.kr/data/15124755/fileData.do,"{""순번(No)"": ""357"", ""시설물명"": ""개포지하차도"", ""시설물구분"": ""터널"", ""시설물종류"": ""지하차도"", ""종별"": ""2종"", ""관리주체구분"": ""공공"", ""항목명"": ""형식 : 미등록 / 연장 : 160.0 m, 차로수 : 4"", ""위치"": ""서울특별시 강남구""}"
15124755:358,15124755,358,구룡지하차도,서울특별시 강남구,공공,,"형식 : 박스형 / 연장 : 380.0 m, 차로수 : 4",,,,,,unverified,,CATALOG_ONLY,20230930,2025-11-18,https://data.go.kr/data/15124755/fileData.do,"{""순번(No)"": ""358"", ""시설물명"": ""구룡지하차도"", ""시설물구분"": ""터널"", ""시설물종류"": ""지하차도"", ""종별"": ""2종"", ""관리주체구분"": ""공공"", ""항목명"": ""형식 : 박스형 / 연장 : 380.0 m, 차로수 : 4"", ""위치"": ""서울특별시 강남구""}"
15124755:359,15124755,359,대치지하차도,서울특별시 강남구,공공,,"형식 : 미등록 / 연장 : 155.0 m, 차로수 : 2",,,,,,unverified,,CATALOG_ONLY,20230930,2025-11-18,https://data.go.kr/data/15124755/fileData.do,"{""순번(No)"": ""359"", ""시설물명"": ""대치지하차도"", ""시설물구분"": ""터널"", ""시설물종류"": ""지하차도"", ""종별"": ""2종"", ""관리주체구분"": ""공공"", ""항목명"": ""형식 : 미등록 / 연장 : 155.0 m, 차로수 : 2"", ""위치"": ""서울특별시 강남구""}"
15124755:360,15124755,360,일원지하차도,서울특별시 강남구,공공,,"형식 : 미등록 / 연장 : 160.0 m, 차로수 : 6",,,,,,unverified,,CATALOG_ONLY,20230930,2025-11-18,https://data.go.kr/data/15124755/fileData.do,"{""순번(No)"": ""360"", ""시설물명"": ""일원지하차도"", ""시설물구분"": ""터널"", ""시설물종류"": ""지하차도"", ""종별"": ""2종"", ""관리주체구분"": ""공공"", ""항목명"": ""형식 : 미등록 / 연장 : 160.0 m, 차로수 : 6"", ""위치"": ""서울특별시 강남구""}"
15124755:361,15124755,361,천호지하차도,서울특별시 강동구,공공,,"형식 : 미등록 / 연장 : 100.0 m, 차로수 : 4",,,,,,unverified,,CATALOG_ONLY,20230930,2025-11-18,https://data.go.kr/data/15124755/fileData.do,"{""순번(No)"": ""361"", ""시설물명"": ""천호지하차도"", ""시설물구분"": ""터널"", ""시설물종류"": ""지하차도"", ""종별"": ""2종"", ""관리주체구분"": ""공공"", ""항목명"": ""형식 : 미등록 / 연장 : 100.0 m, 차로수 : 4"", ""위치"": ""서울특별시 강동구""}"
15124755:362,15124755,362,황산지하차도,서울특별시 강동구,공공,,"형식 : 박스형 / 연장 : 407.0 m, 차로수 : 4",,,,,,unverified,,CATALOG_ONLY,20230930,2025-11-18,https://data.go.kr/data/15124755/fileData.do,"{""순번(No)"": ""362"", ""시설물명"": ""황산지하차도"", ""시설물구분"": ""터널"", ""시설물종류"": ""지하차도"", ""종별"": ""2종"", ""관리주체구분"": ""공공"", ""항목명"": ""형식 : 박스형 / 연장 : 407.0 m, 차로수 : 4"", ""위치"": ""서울특별시 강동구""}"
15124755:363,15124755,363,가양지하차도,서울특별시 강서구,공공,,"형식 : 박스형 / 연장 : 135.0 m, 차로수 : 1",,,,,,unverified,,CATALOG_ONLY,20230930,2025-11-18,https://data.go.kr/data/15124755/fileData.do,"{""순번(No)"": ""363"", ""시설물명"": ""가양지하차도"", ""시설물구분"": ""터널"", ""시설물종류"": ""지하차도"", ""종별"": ""2종"", ""관리주체구분"": ""공공"", ""항목명"": ""형식 : 박스형 / 연장 : 135.0 m, 차로수 : 1"", ""위치"": ""서울특별시 강서구""}"
15124755:364,15124755,364,공항입구지하차도,서울특별시 강서구,공공,,"형식 : 박스형 / 연장 : 100.0 m, 차로수 : 4",,,,,,unverified,,CATALOG_ONLY,20230930,2025-11-18,https://data.go.kr/data/15124755/fileData.do,"{""순번(No)"": ""364"", ""시설물명"": ""공항입구지하차도"", ""시설물구분"": ""터널"", ""시설물종류"": ""지하차도"", ""종별"": ""2종"", ""관리주체구분"": ""공공"", ""항목명"": ""형식 : 박스형 / 연장 : 100.0 m, 차로수 : 4"", ""위치"": ""서울특별시 강서구""}"
15124755:365,15124755,365,염창지하차도,서울특별시 강서구,공공,,"형식 : 박스형 / 연장 : 179.0 m, 차로수 : 1",,,,,,unverified,,CATALOG_ONLY,20230930,2025-11-18,https://data.go.kr/data/15124755/fileData.do,"{""순번(No)"": ""365"", ""시설물명"": ""염창지하차도"", ""시설물구분"": ""터널"", ""시설물종류"": ""지하차도"", ""종별"": ""2종"", ""관리주체구분"": ""공공"", ""항목명"": ""형식 : 박스형 / 연장 : 179.0 m, 차로수 : 1"", ""위치"": ""서울특별시 강서구""}"
15124755:366,15124755,366,도림천 지하차도(성산방향),서울특별시 관악구,민간,,"형식 : 박스형 / 연장 : 108.0 m, 차로수 : 3",,,,,,unverified,,CATALOG_ONLY,20230930,2025-11-18,https://data.go.kr/data/15124755/fileData.do,"{""순번(No)"": ""366"", ""시설물명"": ""도림천 지하차도(성산방향)"", ""시설물구분"": ""터널"", ""시설물종류"": ""지하차도"", ""종별"": ""2종"", ""관리주체구분"": ""민간"", ""항목명"": ""형식 : 박스형 / 연장 : 108.0 m, 차로수 : 3"", ""위치"": ""서울특별시 관악구""}"
15124755:367,15124755,367,도림천 지하차도(수서방향),서울특별시 관악구,민간,,"형식 : 박스형 / 연장 : 106.0 m, 차로수 : 3",,,,,,unverified,,CATALOG_ONLY,20230930,2025-11-18,https://data.go.kr/data/15124755/fileData.do,"{""순번(No)"": ""367"", ""시설물명"": ""도림천 지하차도(수서방향)"", ""시설물구분"": ""터널"", ""시설물종류"": ""지하차도"", ""종별"": ""2종"", ""관리주체구분"": ""민간"", ""항목명"": ""형식 : 박스형 / 연장 : 106.0 m, 차로수 : 3"", ""위치"": ""서울특별시 관악구""}"
15124755:368,15124755,368,광나루지하차도,서울특별시 광진구,공공,,"형식 : 박스형 / 연장 : 455.0 m, 차로수 : 1",,,,,,unverified,,CATALOG_ONLY,20230930,2025-11-18,https://data.go.kr/data/15124755/fileData.do,"{""순번(No)"": ""368"", ""시설물명"": ""광나루지하차도"", ""시설물구분"": ""터널"", ""시설물종류"": ""지하차도"", ""종별"": ""2종"", ""관리주체구분"": ""공공"", ""항목명"": ""형식 : 박스형 / 연장 : 455.0 m, 차로수 : 1"", ""위치"": ""서울특별시 광진구""}"
15124755:369,15124755,369,아차산 지하차도,서울특별시 광진구,공공,,"형식 : 아치형 / 연장 : 260.0 m, 차로수 : 10",,,,,,unverified,,CATALOG_ONLY,20230930,2025-11-18,https://data.go.kr/data/15124755/fileData.do,"{""순번(No)"": ""369"", ""시설물명"": ""아차산 지하차도"", ""시설물구분"": ""터널"", ""시설물종류"": ""지하차도"", ""종별"": ""2종"", ""관리주체구분"": ""공공"", ""항목명"": ""형식 : 아치형 / 연장 : 260.0 m, 차로수 : 10"", ""위치"": ""서울특별시 광진구""}"
15124755:370,15124755,370,가마산지하차도,서울특별시 구로구,공공,,"형식 : 박스형 / 연장 : 420.0 m, 차로수 : 4",,,,,,unverified,,CATALOG_ONLY,20230930,2025-11-18,https://data.go.kr/data/15124755/fileData.do,"{""순번(No)"": ""370"", ""시설물명"": ""가마산지하차도"", ""시설물구분"": ""터널"", ""시설물종류"": ""지하차도"", ""종별"": ""2종"", ""관리주체구분"": ""공공"", ""항목명"": ""형식 : 박스형 / 연장 : 420.0 m, 차로수 : 4"", ""위치"": ""서울특별시 구로구""}"
15124755:371,15124755,371,개봉지하차도,서울특별시 구로구,공공,,"형식 : 박스형 / 연장 : 355.0 m, 차로수 : 4",,,,,,unverified,,CATALOG_ONLY,20230930,2025-11-18,https://data.go.kr/data/15124755/fileData.do,"{""순번(No)"": ""371"", ""시설물명"": ""개봉지하차도"", ""시설물구분"": ""터널"", ""시설물종류"": ""지하차도"", ""종별"": ""2종"", ""관리주체구분"": ""공공"", ""항목명"": ""형식 : 박스형 / 연장 : 355.0 m, 차로수 : 4"", ""위치"": ""서울특별시 구로구""}"
15124755:372,15124755,372,구로지하차도,서울특별시 구로구,공공,,"형식 : 박스형 / 연장 : 370.0 m, 차로수 : 4",,,,,,unverified,,CATALOG_ONLY,20230930,2025-11-18,https://data.go.kr/data/15124755/fileData.do,"{""순번(No)"": ""372"", ""시설물명"": ""구로지하차도"", ""시설물구분"": ""터널"", ""시설물종류"": ""지하차도"", ""종별"": ""2종"", ""관리주체구분"": ""공공"", ""항목명"": ""형식 : 박스형 / 연장 : 370.0 m, 차로수 : 4"", ""위치"": ""서울특별시 구로구""}"
15124755:373,15124755,373,신도림지하차도,서울특별시 구로구,공공,,"형식 : 박스형 / 연장 : 260.0 m, 차로수 : 6",,,,,,unverified,,CATALOG_ONLY,20230930,2025-11-18,https://data.go.kr/data/15124755/fileData.do,"{""순번(No)"": ""373"", ""시설물명"": ""신도림지하차도"", ""시설물구분"": ""터널"", ""시설물종류"": ""지하차도"", ""종별"": ""2종"", ""관리주체구분"": ""공공"", ""항목명"": ""형식 : 박스형 / 연장 : 260.0 m, 차로수 : 6"", ""위치"": ""서울특별시 구로구""}"
15124755:374,15124755,374,공릉지하차도,서울특별시 노원구,공공,,"형식 : 라멘형 / 연장 : 192.0 m, 차로수 : 2",,,,,,unverified,,CATALOG_ONLY,20230930,2025-11-18,https://data.go.kr/data/15124755/fileData.do,"{""순번(No)"": ""374"", ""시설물명"": ""공릉지하차도"", ""시설물구분"": ""터널"", ""시설물종류"": ""지하차도"", ""종별"": ""2종"", ""관리주체구분"": ""공공"", ""항목명"": ""형식 : 라멘형 / 연장 : 192.0 m, 차로수 : 2"", ""위치"": ""서울특별시 노원구""}"
15124755:375,15124755,375,초안산 지하차도,서울특별시 노원구,공공,,"형식 : 박스형 / 연장 : 402.0 m, 차로수 : 3",,,,,,unverified,,CATALOG_ONLY,20230930,2025-11-18,https://data.go.kr/data/15124755/fileData.do,"{""순번(No)"": ""375"", ""시설물명"": ""초안산 지하차도"", ""시설물구분"": ""터널"", ""시설물종류"": ""지하차도"", ""종별"": ""2종"", ""관리주체구분"": ""공공"", ""항목명"": ""형식 : 박스형 / 연장 : 402.0 m, 차로수 : 3"", ""위치"": ""서울특별시 노원구""}"
15124755:376,15124755,376,하계지하차도,서울특별시 노원구,공공,,"형식 : 박스형 / 연장 : 348.0 m, 차로수 : 4",,,,,,unverified,,CATALOG_ONLY,20230930,2025-11-18,https://data.go.kr/data/15124755/fileData.do,"{""순번(No)"": ""376"", ""시설물명"": ""하계지하차도"", ""시설물구분"": ""터널"", ""시설물종류"": ""지하차도"", ""종별"": ""2종"", ""관리주체구분"": ""공공"", ""항목명"": ""형식 : 박스형 / 연장 : 348.0 m, 차로수 : 4"", ""위치"": ""서울특별시 노원구""}"
15124755:377,15124755,377,가인지하차도,서울특별시 도봉구,공공,,"형식 : 박스형 / 연장 : 315.0 m, 차로수 : 2",,,,,,unverified,,CATALOG_ONLY,20230930,2025-11-18,https://data.go.kr/data/15124755/fileData.do,"{""순번(No)"": ""377"", ""시설물명"": ""가인지하차도"", ""시설물구분"": ""터널"", ""시설물종류"": ""지하차도"", ""종별"": ""2종"", ""관리주체구분"": ""공공"", ""항목명"": ""형식 : 박스형 / 연장 : 315.0 m, 차로수 : 2"", ""위치"": ""서울특별시 도봉구""}"
15124755:378,15124755,378,녹천지하차도,서울특별시 도봉구,공공,,"형식 : 박스형 / 연장 : 307.0 m, 차로수 : 4",,,,,,unverified,,CATALOG_ONLY,20230930,2025-11-18,https://data.go.kr/data/15124755/fileData.do,"{""순번(No)"": ""378"", ""시설물명"": ""녹천지하차도"", ""시설물구분"": ""터널"", ""시설물종류"": ""지하차도"", ""종별"": ""2종"", ""관리주체구분"": ""공공"", ""항목명"": ""형식 : 박스형 / 연장 : 307.0 m, 차로수 : 4"", ""위치"": ""서울특별시 도봉구""}"
15124755:379,15124755,379,창동지하차도,서울특별시 도봉구,공공,,"형식 : 박스형 / 연장 : 140.0 m, 차로수 : 4",,,,,,unverified,,CATALOG_ONLY,20230930,2025-11-18,https://data.go.kr/data/15124755/fileData.do,"{""순번(No)"": ""379"", ""시설물명"": ""창동지하차도"", ""시설물구분"": ""터널"", ""시설물종류"": ""지하차도"", ""종별"": ""2종"", ""관리주체구분"": ""공공"", ""항목명"": ""형식 : 박스형 / 연장 : 140.0 m, 차로수 : 4"", ""위치"": ""서울특별시 도봉구""}"
15124755:380,15124755,380,동부지하차도,서울특별시 동대문구,공공,,"형식 : 박스형 / 연장 : 174.0 m, 차로수 : 4",,,,,,unverified,,CATALOG_ONLY,20230930,2025-11-18,https://data.go.kr/data/15124755/fileData.do,"{""순번(No)"": ""380"", ""시설물명"": ""동부지하차도"", ""시설물구분"": ""터널"", ""시설물종류"": ""지하차도"", ""종별"": ""2종"", ""관리주체구분"": ""공공"", ""항목명"": ""형식 : 박스형 / 연장 : 174.0 m, 차로수 : 4"", ""위치"": ""서울특별시 동대문구""}"
15124755:381,15124755,381,신답지하차도,서울특별시 동대문구,공공,,"형식 : 박스형 / 연장 : 128.0 m, 차로수 : 4",,,,,,unverified,,CATALOG_ONLY,20230930,2025-11-18,https://data.go.kr/data/15124755/fileData.do,"{""순번(No)"": ""381"", ""시설물명"": ""신답지하차도"", ""시설물구분"": ""터널"", ""시설물종류"": ""지하차도"", ""종별"": ""2종"", ""관리주체구분"": ""공공"", ""항목명"": ""형식 : 박스형 / 연장 : 128.0 m, 차로수 : 4"", ""위치"": ""서울특별시 동대문구""}"
15124755:382,15124755,382,장안교 지하차도,서울특별시 동대문구,공공,,"형식 : 박스형 / 연장 : 100.0 m, 차로수 : 4",,,,,,unverified,,CATALOG_ONLY,20230930,2025-11-18,https://data.go.kr/data/15124755/fileData.do,"{""순번(No)"": ""382"", ""시설물명"": ""장안교 지하차도"", ""시설물구분"": ""터널"", ""시설물종류"": ""지하차도"", ""종별"": ""2종"", ""관리주체구분"": ""공공"", ""항목명"": ""형식 : 박스형 / 연장 : 100.0 m, 차로수 : 4"", ""위치"": ""서울특별시 동대문구""}"
15124755:383,15124755,383,모래내지하차도,서울특별시 마포구,공공,,"형식 : 박스형 / 연장 : 146.0 m, 차로수 : 2",,,,,,unverified,,CATALOG_ONLY,20230930,2025-11-18,https://data.go.kr/data/15124755/fileData.do,"{""순번(No)"": ""383"", ""시설물명"": ""모래내지하차도"", ""시설물구분"": ""터널"", ""시설물종류"": ""지하차도"", ""종별"": ""2종"", ""관리주체구분"": ""공공"", ""항목명"": ""형식 : 박스형 / 연장 : 146.0 m, 차로수 : 2"", ""위치"": ""서울특별시 마포구""}"
15124755:384,15124755,384,성산지하차도,서울특별시 마포구,공공,,"형식 : 박스형 / 연장 : 110.0 m, 차로수 : 3",,,,,,unverified,,CATALOG_ONLY,20230930,2025-11-18,https://data.go.kr/data/15124755/fileData.do,"{""순번(No)"": ""384"", ""시설물명"": ""성산지하차도"", ""시설물구분"": ""터널"", ""시설물종류"": ""지하차도"", ""종별"": ""2종"", ""관리주체구분"": ""공공"", ""항목명"": ""형식 : 박스형 / 연장 : 110.0 m, 차로수 : 3"", ""위치"": ""서울특별시 마포구""}"
15124755:385,15124755,385,잠두봉지하차도,서울특별시 마포구,공공,,"형식 : 박스형 / 연장 : 365.0 m, 차로수 : 4",,,,,,unverified,,CATALOG_ONLY,20230930,2025-11-18,https://data.go.kr/data/15124755/fileData.do,"{""순번(No)"": ""385"", ""시설물명"": ""잠두봉지하차도"", ""시설물구분"": ""터널"", ""시설물종류"": ""지하차도"", ""종별"": ""2종"", ""관리주체구분"": ""공공"", ""항목명"": ""형식 : 박스형 / 연장 : 365.0 m, 차로수 : 4"", ""위치"": ""서울특별시 마포구""}"
15124755:386,15124755,386,구반포지하차도,서울특별시 서초구,공공,,"형식 : 박스형 / 연장 : 187.0 m, 차로수 : 2",,,,,,unverified,,CATALOG_ONLY,20230930,2025-11-18,https://data.go.kr/data/15124755/fileData.do,"{""순번(No)"": ""386"", ""시설물명"": ""구반포지하차도"", ""시설물구분"": ""터널"", ""시설물종류"": ""지하차도"", ""종별"": ""2종"", ""관리주체구분"": ""공공"", ""항목명"": ""형식 : 박스형 / 연장 : 187.0 m, 차로수 : 2"", ""위치"": ""서울특별시 서초구""}"
15124755:387,15124755,387,사평지하차도,서울특별시 서초구,공공,,"형식 : 라멘형 / 연장 : 150.0 m, 차로수 : 4",,,,,,unverified,,CATALOG_ONLY,20230930,2025-11-18,https://data.go.kr/data/15124755/fileData.do,"{""순번(No)"": ""387"", ""시설물명"": ""사평지하차도"", ""시설물구분"": ""터널"", ""시설물종류"": ""지하차도"", ""종별"": ""2종"", ""관리주체구분"": ""공공"", ""항목명"": ""형식 : 라멘형 / 연장 : 150.0 m, 차로수 : 4"", ""위치"": ""서울특별시 서초구""}"
15124755:388,15124755,388,선암지하차도,서울특별시 서초구,공공,,"형식 : BOX-TYPE,U-TYPE / 연장 : 425.0 m, 차로수 : 2",,,,,,unverified,,CATALOG_ONLY,20230930,2025-11-18,https://data.go.kr/data/15124755/fileData.do,"{""순번(No)"": ""388"", ""시설물명"": ""선암지하차도"", ""시설물구분"": ""터널"", ""시설물종류"": ""지하차도"", ""종별"": ""2종"", ""관리주체구분"": ""공공"", ""항목명"": ""형식 : BOX-TYPE,U-TYPE / 연장 : 425.0 m, 차로수 : 2"", ""위치"": ""서울특별시 서초구""}"
15124755:389,15124755,389,신원지하차도,서울특별시 서초구,공공,,"형식 : BOX형+UType+램프1개소 / 연장 : 341.0 m, 차로수 : 5",,,,,,unverified,,CATALOG_ONLY,20230930,2025-11-18,https://data.go.kr/data/15124755/fileData.do,"{""순번(No)"": ""389"", ""시설물명"": ""신원지하차도"", ""시설물구분"": ""터널"", ""시설물종류"": ""지하차도"", ""종별"": ""2종"", ""관리주체구분"": ""공공"", ""항목명"": ""형식 : BOX형+UType+램프1개소 / 연장 : 341.0 m, 차로수 : 5"", ""위치"": ""서울특별시 서초구""}"
15124755:390,15124755,390,양재지하차도,서울특별시 서초구,공공,,"형식 : 미등록 / 연장 : 180.0 m, 차로수 : 4",,,,,,unverified,,CATALOG_ONLY,20230930,2025-11-18,https://data.go.kr/data/15124755/fileData.do,"{""순번(No)"": ""390"", ""시설물명"": ""양재지하차도"", ""시설물구분"": ""터널"", ""시설물종류"": ""지하차도"", ""종별"": ""2종"", ""관리주체구분"": ""공공"", ""항목명"": ""형식 : 미등록 / 연장 : 180.0 m, 차로수 : 4"", ""위치"": ""서울특별시 서초구""}"
15124755:391,15124755,391,염곡동서지하차도,서울특별시 서초구,공공,,"형식 : 박스형 / 연장 : 210.0 m, 차로수 : 4",,,,,,unverified,,CATALOG_ONLY,20230930,2025-11-18,https://data.go.kr/data/15124755/fileData.do,"{""순번(No)"": ""391"", ""시설물명"": ""염곡동서지하차도"", ""시설물구분"": ""터널"", ""시설물종류"": ""지하차도"", ""종별"": ""2종"", ""관리주체구분"": ""공공"", ""항목명"": ""형식 : 박스형 / 연장 : 210.0 m, 차로수 : 4"", ""위치"": ""서울특별시 서초구""}"
15124755:392,15124755,392,염곡지하차도,서울특별시 서초구,공공,,"형식 : 라멘형 / 연장 : 180.0 m, 차로수 : 6",,,,,,unverified,,CATALOG_ONLY,20230930,2025-11-18,https://data.go.kr/data/15124755/fileData.do,"{""순번(No)"": ""392"", ""시설물명"": ""염곡지하차도"", ""시설물구분"": ""터널"", ""시설물종류"": ""지하차도"", ""종별"": ""2종"", ""관리주체구분"": ""공공"", ""항목명"": ""형식 : 라멘형 / 연장 : 180.0 m, 차로수 : 6"", ""위치"": ""서울특별시 서초구""}"
15124755:393,15124755,393,청계산지하차도,서울특별시 서초구,공공,,"형식 : BOX+U-Type / 연장 : 121.0 m, 차로수 : 5",,,,,,unverified,,CATALOG_ONLY,20230930,2025-11-18,https://data.go.kr/data/15124755/fileData.do,"{""순번(No)"": ""393"", ""시설물명"": ""청계산지하차도"", ""시설물구분"": ""터널"", ""시설물종류"": ""지하차도"", ""종별"": ""2종"", ""관리주체구분"": ""공공"", ""항목명"": ""형식 : BOX+U-Type / 연장 : 121.0 m, 차로수 : 5"", ""위치"": ""서울특별시 서초구""}"
15124755:394,15124755,394,서울숲1지하차도,서울특별시 성동구,공공,,"형식 : 박스형 / 연장 : 198.0 m, 차로수 : 2",,,,,,unverified,,CATALOG_ONLY,20230930,2025-11-18,https://data.go.kr/data/15124755/fileData.do,"{""순번(No)"": ""394"", ""시설물명"": ""서울숲1지하차도"", ""시설물구분"": ""터널"", ""시설물종류"": ""지하차도"", ""종별"": ""2종"", ""관리주체구분"": ""공공"", ""항목명"": ""형식 : 박스형 / 연장 : 198.0 m, 차로수 : 2"", ""위치"": ""서울특별시 성동구""}"
15124755:395,15124755,395,서울숲2지하차도,서울특별시 성동구,공공,,"형식 : 박스형 / 연장 : 200.0 m, 차로수 : 1",,,,,,unverified,,CATALOG_ONLY,20230930,2025-11-18,https://data.go.kr/data/15124755/fileData.do,"{""순번(No)"": ""395"", ""시설물명"": ""서울숲2지하차도"", ""시설물구분"": ""터널"", ""시설물종류"": ""지하차도"", ""종별"": ""2종"", ""관리주체구분"": ""공공"", ""항목명"": ""형식 : 박스형 / 연장 : 200.0 m, 차로수 : 1"", ""위치"": ""서울특별시 성동구""}"
15124755:396,15124755,396,성수대교북단지하차도,서울특별시 성동구,공공,,"형식 : 박스형 / 연장 : 174.4 m, 차로수 : 1",,,,,,unverified,,CATALOG_ONLY,20230930,2025-11-18,https://data.go.kr/data/15124755/fileData.do,"{""순번(No)"": ""396"", ""시설물명"": ""성수대교북단지하차도"", ""시설물구분"": ""터널"", ""시설물종류"": ""지하차도"", ""종별"": ""2종"", ""관리주체구분"": ""공공"", ""항목명"": ""형식 : 박스형 / 연장 : 174.4 m, 차로수 : 1"", ""위치"": ""서울특별시 성동구""}"
15124755:397,15124755,397,응봉지하차도,서울특별시 성동구,공공,,"형식 : 박스형 / 연장 : 370.0 m, 차로수 : 2",,,,,,unverified,,CATALOG_ONLY,20230930,2025-11-18,https://data.go.kr/data/15124755/fileData.do,"{""순번(No)"": ""397"", ""시설물명"": ""응봉지하차도"", ""시설물구분"": ""터널"", ""시설물종류"": ""지하차도"", ""종별"": ""2종"", ""관리주체구분"": ""공공"", ""항목명"": ""형식 : 박스형 / 연장 : 370.0 m, 차로수 : 2"", ""위치"": ""서울특별시 성동구""}"
15124755:398,15124755,398,석촌지하차도,서울특별시 송파구,공공,,"형식 : 미등록 / 연장 : 490.0 m, 차로수 : 4",,,,,,unverified,,CATALOG_ONLY,20230930,2025-11-18,https://data.go.kr/data/15124755/fileData.do,"{""순번(No)"": ""398"", ""시설물명"": ""석촌지하차도"", ""시설물구분"": ""터널"", ""시설물종류"": ""지하차도"", ""종별"": ""2종"", ""관리주체구분"": ""공공"", ""항목명"": ""형식 : 미등록 / 연장 : 490.0 m, 차로수 : 4"", ""위치"": ""서울특별시 송파구""}"
15124755:399,15124755,399,송파나루 지하차도,서울특별시 송파구,공공,,"형식 : 박스형 / 연장 : 358.0 m, 차로수 : 4",,,,,,unverified,,CATALOG_ONLY,20230930,2025-11-18,https://data.go.kr/data/15124755/fileData.do,"{""순번(No)"": ""399"", ""시설물명"": ""송파나루 지하차도"", ""시설물구분"": ""터널"", ""시설물종류"": ""지하차도"", ""종별"": ""2종"", ""관리주체구분"": ""공공"", ""항목명"": ""형식 : 박스형 / 연장 : 358.0 m, 차로수 : 4"", ""위치"": ""서울특별시 송파구""}"
15124755:400,15124755,400,위례지하차도,서울특별시 송파구,공공,,"형식 : 박스형 / 연장 : 330.0 m, 차로수 : 4",,,,,,unverified,,CATALOG_ONLY,20230930,2025-11-18,https://data.go.kr/data/15124755/fileData.do,"{""순번(No)"": ""400"", ""시설물명"": ""위례지하차도"", ""시설물구분"": ""터널"", ""시설물종류"": ""지하차도"", ""종별"": ""2종"", ""관리주체구분"": ""공공"", ""항목명"": ""형식 : 박스형 / 연장 : 330.0 m, 차로수 : 4"", ""위치"": ""서울특별시 송파구""}"
15124755:401,15124755,401,경인2지하차도,서울특별시 양천구,공공,,"형식 : 박스형 / 연장 : 100.0 m, 차로수 : 4",,,,,,unverified,,CATALOG_ONLY,20230930,2025-11-18,https://data.go.kr/data/15124755/fileData.do,"{""순번(No)"": ""401"", ""시설물명"": ""경인2지하차도"", ""시설물구분"": ""터널"", ""시설물종류"": ""지하차도"", ""종별"": ""2종"", ""관리주체구분"": ""공공"", ""항목명"": ""형식 : 박스형 / 연장 : 100.0 m, 차로수 : 4"", ""위치"": ""서울특별시 양천구""}"
15124755:402,15124755,402,등촌지하차도,서울특별시 양천구,공공,,"형식 : 박스형 / 연장 : 320.0 m, 차로수 : 4",,,,,,unverified,,CATALOG_ONLY,20230930,2025-11-18,https://data.go.kr/data/15124755/fileData.do,"{""순번(No)"": ""402"", ""시설물명"": ""등촌지하차도"", ""시설물구분"": ""터널"", ""시설물종류"": ""지하차도"", ""종별"": ""2종"", ""관리주체구분"": ""공공"", ""항목명"": ""형식 : 박스형 / 연장 : 320.0 m, 차로수 : 4"", ""위치"": ""서울특별시 양천구""}"
15124755:403,15124755,403,오금지하차도,서울특별시 양천구,공공,,"형식 : 박스형 / 연장 : 100.0 m, 차로수 : 4",,,,,,unverified,,CATALOG_ONLY,20230930,2025-11-18,https://data.go.kr/data/15124755/fileData.do,"{""순번(No)"": ""403"", ""시설물명"": ""오금지하차도"", ""시설물구분"": ""터널"", ""시설물종류"": ""지하차도"", ""종별"": ""2종"", ""관리주체구분"": ""공공"", ""항목명"": ""형식 : 박스형 / 연장 : 100.0 m, 차로수 : 4"", ""위치"": ""서울특별시 양천구""}"
15124755:404,15124755,404,오목지하차도,서울특별시 양천구,공공,,"형식 : 박스형 / 연장 : 320.0 m, 차로수 : 4",,,,,,unverified,,CATALOG_ONLY,20230930,2025-11-18,https://data.go.kr/data/15124755/fileData.do,"{""순번(No)"": ""404"", ""시설물명"": ""오목지하차도"", ""시설물구분"": ""터널"", ""시설물종류"": ""지하차도"", ""종별"": ""2종"", ""관리주체구분"": ""공공"", ""항목명"": ""형식 : 박스형 / 연장 : 320.0 m, 차로수 : 4"", ""위치"": ""서울특별시 양천구""}"
15124755:405,15124755,405,국회앞지하차도,서울특별시 영등포구,공공,,"형식 : 박스형 / 연장 : 292.0 m, 차로수 : 4",,,,,,unverified,,CATALOG_ONLY,20230930,2025-11-18,https://data.go.kr/data/15124755/fileData.do,"{""순번(No)"": ""405"", ""시설물명"": ""국회앞지하차도"", ""시설물구분"": ""터널"", ""시설물종류"": ""지하차도"", ""종별"": ""2종"", ""관리주체구분"": ""공공"", ""항목명"": ""형식 : 박스형 / 연장 : 292.0 m, 차로수 : 4"", ""위치"": ""서울특별시 영등포구""}"
15124755:406,15124755,406,대방지하차도,서울특별시 영등포구,공공,,"형식 : 미등록 / 연장 : 150.0 m, 차로수 : 4",,,,,,unverified,,CATALOG_ONLY,20230930,2025-11-18,https://data.go.kr/data/15124755/fileData.do,"{""순번(No)"": ""406"", ""시설물명"": ""대방지하차도"", ""시설물구분"": ""터널"", ""시설물종류"": ""지하차도"", ""종별"": ""2종"", ""관리주체구분"": ""공공"", ""항목명"": ""형식 : 미등록 / 연장 : 150.0 m, 차로수 : 4"", ""위치"": ""서울특별시 영등포구""}"
15124755:407,15124755,407,신길지하차도,서울특별시 영등포구,공공,,"형식 : 미등록 / 연장 : 150.0 m, 차로수 : 4",,,,,,unverified,,CATALOG_ONLY,20230930,2025-11-18,https://data.go.kr/data/15124755/fileData.do,"{""순번(No)"": ""407"", ""시설물명"": ""신길지하차도"", ""시설물구분"": ""터널"", ""시설물종류"": ""지하차도"", ""종별"": ""2종"", ""관리주체구분"": ""공공"", ""항목명"": ""형식 : 미등록 / 연장 : 150.0 m, 차로수 : 4"", ""위치"": ""서울특별시 영등포구""}"
15124755:408,15124755,408,여의도 한강공원 지하차도,서울특별시 영등포구,공공,,"형식 : 박스형 / 연장 : 320.0 m, 차로수 : 2",,,,,,unverified,,CATALOG_ONLY,20230930,2025-11-18,https://data.go.kr/data/15124755/fileData.do,"{""순번(No)"": ""408"", ""시설물명"": ""여의도 한강공원 지하차도"", ""시설물구분"": ""터널"", ""시설물종류"": ""지하차도"", ""종별"": ""2종"", ""관리주체구분"": ""공공"", ""항목명"": ""형식 : 박스형 / 연장 : 320.0 m, 차로수 : 2"", ""위치"": ""서울특별시 영등포구""}"
15124755:409,15124755,409,남산2호터널입구지하차도,서울특별시 용산구,공공,,"형식 : 박스형 / 연장 : 110.0 m, 차로수 : 2",,,,,,unverified,,CATALOG_ONLY,20230930,2025-11-18,https://data.go.kr/data/15124755/fileData.do,"{""순번(No)"": ""409"", ""시설물명"": ""남산2호터널입구지하차도"", ""시설물구분"": ""터널"", ""시설물종류"": ""지하차도"", ""종별"": ""2종"", ""관리주체구분"": ""공공"", ""항목명"": ""형식 : 박스형 / 연장 : 110.0 m, 차로수 : 2"", ""위치"": ""서울특별시 용산구""}"
15124755:410,15124755,410,서빙고지하차도,서울특별시 용산구,공공,,"형식 : 박스형 / 연장 : 127.0 m, 차로수 : 2",,,,,,unverified,,CATALOG_ONLY,20230930,2025-11-18,https://data.go.kr/data/15124755/fileData.do,"{""순번(No)"": ""410"", ""시설물명"": ""서빙고지하차도"", ""시설물구분"": ""터널"", ""시설물종류"": ""지하차도"", ""종별"": ""2종"", ""관리주체구분"": ""공공"", ""항목명"": ""형식 : 박스형 / 연장 : 127.0 m, 차로수 : 2"", ""위치"": ""서울특별시 용산구""}"
15124755:411,15124755,411,신용산지하차도,서울특별시 용산구,공공,,"형식 : 박스형 / 연장 : 187.0 m, 차로수 : 4",,,,,,unverified,,CATALOG_ONLY,20230930,2025-11-18,https://data.go.kr/data/15124755/fileData.do,"{""순번(No)"": ""411"", ""시설물명"": ""신용산지하차도"", ""시설물구분"": ""터널"", ""시설물종류"": ""지하차도"", ""종별"": ""2종"", ""관리주체구분"": ""공공"", ""항목명"": ""형식 : 박스형 / 연장 : 187.0 m, 차로수 : 4"", ""위치"": ""서울특별시 용산구""}"
15124755:412,15124755,412,이태원지하차도,서울특별시 용산구,공공,,"형식 : 박스형 / 연장 : 150.0 m, 차로수 : 4",,,,,,unverified,,CATALOG_ONLY,20230930,2025-11-18,https://data.go.kr/data/15124755/fileData.do,"{""순번(No)"": ""412"", ""시설물명"": ""이태원지하차도"", ""시설물구분"": ""터널"", ""시설물종류"": ""지하차도"", ""종별"": ""2종"", ""관리주체구분"": ""공공"", ""항목명"": ""형식 : 박스형 / 연장 : 150.0 m, 차로수 : 4"", ""위치"": ""서울특별시 용산구""}"
15124755:413,15124755,413,한강대교동측지하차도,서울특별시 용산구,공공,,"형식 : 라멘형 / 연장 : 190.0 m, 차로수 : 2",,,,,,unverified,,CATALOG_ONLY,20230930,2025-11-18,https://data.go.kr/data/15124755/fileData.do,"{""순번(No)"": ""413"", ""시설물명"": ""한강대교동측지하차도"", ""시설물구분"": ""터널"", ""시설물종류"": ""지하차도"", ""종별"": ""2종"", ""관리주체구분"": ""공공"", ""항목명"": ""형식 : 라멘형 / 연장 : 190.0 m, 차로수 : 2"", ""위치"": ""서울특별시 용산구""}"
15124755:414,15124755,414,신사지하차도,서울특별시 은평구,공공,,"형식 : 라멘형 / 연장 : 155.0 m, 차로수 : 4",,,,,,unverified,,CATALOG_ONLY,20230930,2025-11-18,https://data.go.kr/data/15124755/fileData.do,"{""순번(No)"": ""414"", ""시설물명"": ""신사지하차도"", ""시설물구분"": ""터널"", ""시설물종류"": ""지하차도"", ""종별"": ""2종"", ""관리주체구분"": ""공공"", ""항목명"": ""형식 : 라멘형 / 연장 : 155.0 m, 차로수 : 4"", ""위치"": ""서울특별시 은평구""}"
15124755:415,15124755,415,증산지하차도,서울특별시 은평구,공공,,"형식 : 박스형 / 연장 : 221.0 m, 차로수 : 6",,,,,,unverified,,CATALOG_ONLY,20230930,2025-11-18,https://data.go.kr/data/15124755/fileData.do,"{""순번(No)"": ""415"", ""시설물명"": ""증산지하차도"", ""시설물구분"": ""터널"", ""시설물종류"": ""지하차도"", ""종별"": ""2종"", ""관리주체구분"": ""공공"", ""항목명"": ""형식 : 박스형 / 연장 : 221.0 m, 차로수 : 6"", ""위치"": ""서울특별시 은평구""}"
15124755:416,15124755,416,중앙지하보차도,서울특별시 종로구,공공,,"형식 : 박스형 / 연장 : 209.0 m, 차로수 : 2",,,,,,unverified,,CATALOG_ONLY,20230930,2025-11-18,https://data.go.kr/data/15124755/fileData.do,"{""순번(No)"": ""416"", ""시설물명"": ""중앙지하보차도"", ""시설물구분"": ""터널"", ""시설물종류"": ""지하차도"", ""종별"": ""2종"", ""관리주체구분"": ""공공"", ""항목명"": ""형식 : 박스형 / 연장 : 209.0 m, 차로수 : 2"", ""위치"": ""서울특별시 종로구""}"
15124755:417,15124755,417,지하차도(쁘렝땅앞),서울특별시 중구,공공,,"형식 : 미등록 / 연장 : 108.0 m, 차로수 : 2",,,,,,unverified,,CATALOG_ONLY,20230930,2025-11-18,https://data.go.kr/data/15124755/fileData.do,"{""순번(No)"": ""417"", ""시설물명"": ""지하차도(쁘렝땅앞)"", ""시설물구분"": ""터널"", ""시설물종류"": ""지하차도"", ""종별"": ""2종"", ""관리주체구분"": ""공공"", ""항목명"": ""형식 : 미등록 / 연장 : 108.0 m, 차로수 : 2"", ""위치"": ""서울특별시 중구""}"
15124755:418,15124755,418,능산지하차도,서울특별시 중랑구,공공,,"형식 : 박스형 / 연장 : 156.0 m, 차로수 : 4",,,,,,unverified,,CATALOG_ONLY,20230930,2025-11-18,https://data.go.kr/data/15124755/fileData.do,"{""순번(No)"": ""418"", ""시설물명"": ""능산지하차도"", ""시설물구분"": ""터널"", ""시설물종류"": ""지하차도"", ""종별"": ""2종"", ""관리주체구분"": ""공공"", ""항목명"": ""형식 : 박스형 / 연장 : 156.0 m, 차로수 : 4"", ""위치"": ""서울특별시 중랑구""}"
15124755:419,15124755,419,상봉지하차도,서울특별시 중랑구,공공,,"형식 : 박스형 / 연장 : 140.0 m, 차로수 : 4",,,,,,unverified,,CATALOG_ONLY,20230930,2025-11-18,https://data.go.kr/data/15124755/fileData.do,"{""순번(No)"": ""419"", ""시설물명"": ""상봉지하차도"", ""시설물구분"": ""터널"", ""시설물종류"": ""지하차도"", ""종별"": ""2종"", ""관리주체구분"": ""공공"", ""항목명"": ""형식 : 박스형 / 연장 : 140.0 m, 차로수 : 4"", ""위치"": ""서울특별시 중랑구""}"
15124755:420,15124755,420,용마지하차도,서울특별시 중랑구,민간,,"형식 : 박스형 / 연장 : 383.0 m, 차로수 : 4",,,,,,unverified,,CATALOG_ONLY,20230930,2025-11-18,https://data.go.kr/data/15124755/fileData.do,"{""순번(No)"": ""420"", ""시설물명"": ""용마지하차도"", ""시설물구분"": ""터널"", ""시설물종류"": ""지하차도"", ""종별"": ""2종"", ""관리주체구분"": ""민간"", ""항목명"": ""형식 : 박스형 / 연장 : 383.0 m, 차로수 : 4"", ""위치"": ""서울특별시 중랑구""}"
15124755:421,15124755,421,중랑IC1지하차도,서울특별시 중랑구,민간,,"형식 : 박스형 / 연장 : 140.0 m, 차로수 : 1",,,,,,unverified,,CATALOG_ONLY,20230930,2025-11-18,https://data.go.kr/data/15124755/fileData.do,"{""순번(No)"": ""421"", ""시설물명"": ""중랑IC1지하차도"", ""시설물구분"": ""터널"", ""시설물종류"": ""지하차도"", ""종별"": ""2종"", ""관리주체구분"": ""민간"", ""항목명"": ""형식 : 박스형 / 연장 : 140.0 m, 차로수 : 1"", ""위치"": ""서울특별시 중랑구""}"
15124755:422,15124755,422,고이지하차도,세종특별자치시,공공,,"형식 : 박스형 / 연장 : 141.0 m, 차로수 : 4",,,,,,unverified,,CATALOG_ONLY,20230930,2025-11-18,https://data.go.kr/data/15124755/fileData.do,"{""순번(No)"": ""422"", ""시설물명"": ""고이지하차도"", ""시설물구분"": ""터널"", ""시설물종류"": ""지하차도"", ""종별"": ""2종"", ""관리주체구분"": ""공공"", ""항목명"": ""형식 : 박스형 / 연장 : 141.0 m, 차로수 : 4"", ""위치"": ""세종특별자치시""}"
15124755:423,15124755,423,나릿재지하차도,세종특별자치시,공공,,"형식 : 박스형 / 연장 : 635.0 m, 차로수 : 2",,,,,,unverified,,CATALOG_ONLY,20230930,2025-11-18,https://data.go.kr/data/15124755/fileData.do,"{""순번(No)"": ""423"", ""시설물명"": ""나릿재지하차도"", ""시설물구분"": ""터널"", ""시설물종류"": ""지하차도"", ""종별"": ""2종"", ""관리주체구분"": ""공공"", ""항목명"": ""형식 : 박스형 / 연장 : 635.0 m, 차로수 : 2"", ""위치"": ""세종특별자치시""}"
15124755:424,15124755,424,너래지하차도(지하차도-3),세종특별자치시,공공,,"형식 : 박스형 / 연장 : 600.0 m, 차로수 : 2",,,,,,unverified,,CATALOG_ONLY,20230930,2025-11-18,https://data.go.kr/data/15124755/fileData.do,"{""순번(No)"": ""424"", ""시설물명"": ""너래지하차도(지하차도-3)"", ""시설물구분"": ""터널"", ""시설물종류"": ""지하차도"", ""종별"": ""2종"", ""관리주체구분"": ""공공"", ""항목명"": ""형식 : 박스형 / 연장 : 600.0 m, 차로수 : 2"", ""위치"": ""세종특별자치시""}"
15124755:425,15124755,425,대평지하차도,세종특별자치시,공공,,"형식 : 박스형 / 연장 : 164.0 m, 차로수 : 4",,,,,,unverified,,CATALOG_ONLY,20230930,2025-11-18,https://data.go.kr/data/15124755/fileData.do,"{""순번(No)"": ""425"", ""시설물명"": ""대평지하차도"", ""시설물구분"": ""터널"", ""시설물종류"": ""지하차도"", ""종별"": ""2종"", ""관리주체구분"": ""공공"", ""항목명"": ""형식 : 박스형 / 연장 : 164.0 m, 차로수 : 4"", ""위치"": ""세종특별자치시""}"
15124755:426,15124755,426,미르지하차도(지하차도-8),세종특별자치시,공공,,"형식 : 박스형 / 연장 : 434.5 m, 차로수 : 2",,,,,,unverified,,CATALOG_ONLY,20230930,2025-11-18,https://data.go.kr/data/15124755/fileData.do,"{""순번(No)"": ""426"", ""시설물명"": ""미르지하차도(지하차도-8)"", ""시설물구분"": ""터널"", ""시설물종류"": ""지하차도"", ""종별"": ""2종"", ""관리주체구분"": ""공공"", ""항목명"": ""형식 : 박스형 / 연장 : 434.5 m, 차로수 : 2"", ""위치"": ""세종특별자치시""}"
15124755:427,15124755,427,보람지하차도,세종특별자치시,공공,,"형식 : 박스형 / 연장 : 159.0 m, 차로수 : 4",,,,,,unverified,,CATALOG_ONLY,20230930,2025-11-18,https://data.go.kr/data/15124755/fileData.do,"{""순번(No)"": ""427"", ""시설물명"": ""보람지하차도"", ""시설물구분"": ""터널"", ""시설물종류"": ""지하차도"", ""종별"": ""2종"", ""관리주체구분"": ""공공"", ""항목명"": ""형식 : 박스형 / 연장 : 159.0 m, 차로수 : 4"", ""위치"": ""세종특별자치시""}"
15124755:428,15124755,428,사름지하차도,세종특별자치시,공공,,"형식 : 박스형 / 연장 : 365.0 m, 차로수 : 2",,,,,,unverified,,CATALOG_ONLY,20230930,2025-11-18,https://data.go.kr/data/15124755/fileData.do,"{""순번(No)"": ""428"", ""시설물명"": ""사름지하차도"", ""시설물구분"": ""터널"", ""시설물종류"": ""지하차도"", ""종별"": ""2종"", ""관리주체구분"": ""공공"", ""항목명"": ""형식 : 박스형 / 연장 : 365.0 m, 차로수 : 2"", ""위치"": ""세종특별자치시""}"
15124755:429,15124755,429,새나루지하차도(외곽순환지하차도),세종특별자치시,공공,,"형식 : 박스형 / 연장 : 218.0 m, 차로수 : 4",,,,,,unverified,,CATALOG_ONLY,20230930,2025-11-18,https://data.go.kr/data/15124755/fileData.do,"{""순번(No)"": ""429"", ""시설물명"": ""새나루지하차도(외곽순환지하차도)"", ""시설물구분"": ""터널"", ""시설물종류"": ""지하차도"", ""종별"": ""2종"", ""관리주체구분"": ""공공"", ""항목명"": ""형식 : 박스형 / 연장 : 218.0 m, 차로수 : 4"", ""위치"": ""세종특별자치시""}"
15124755:430,15124755,430,새롬지하차도,세종특별자치시,공공,,"형식 : 박스형 / 연장 : 350.0 m, 차로수 : 2",,,,,,unverified,,CATALOG_ONLY,20230930,2025-11-18,https://data.go.kr/data/15124755/fileData.do,"{""순번(No)"": ""430"", ""시설물명"": ""새롬지하차도"", ""시설물구분"": ""터널"", ""시설물종류"": ""지하차도"", ""종별"": ""2종"", ""관리주체구분"": ""공공"", ""항목명"": ""형식 : 박스형 / 연장 : 350.0 m, 차로수 : 2"", ""위치"": ""세종특별자치시""}"
15124755:431,15124755,431,선샘지하차도(지하차도-4),세종특별자치시,공공,,"형식 : 박스형 / 연장 : 505.0 m, 차로수 : 2",,,,,,unverified,,CATALOG_ONLY,20230930,2025-11-18,https://data.go.kr/data/15124755/fileData.do,"{""순번(No)"": ""431"", ""시설물명"": ""선샘지하차도(지하차도-4)"", ""시설물구분"": ""터널"", ""시설물종류"": ""지하차도"", ""종별"": ""2종"", ""관리주체구분"": ""공공"", ""항목명"": ""형식 : 박스형 / 연장 : 505.0 m, 차로수 : 2"", ""위치"": ""세종특별자치시""}"
15124755:432,15124755,432,성금지하차도,세종특별자치시,공공,,"형식 : U-TYPE+RC1련BOX / 연장 : 300.0 m, 차로수 : 2",,,,,,unverified,,CATALOG_ONLY,20230930,2025-11-18,https://data.go.kr/data/15124755/fileData.do,"{""순번(No)"": ""432"", ""시설물명"": ""성금지하차도"", ""시설물구분"": ""터널"", ""시설물종류"": ""지하차도"", ""종별"": ""2종"", ""관리주체구분"": ""공공"", ""항목명"": ""형식 : U-TYPE+RC1련BOX / 연장 : 300.0 m, 차로수 : 2"", ""위치"": ""세종특별자치시""}"
15124755:433,15124755,433,수루배지하차도(BRT지하차도),세종특별자치시,공공,,"형식 : 박스형 / 연장 : 255.0 m, 차로수 : 2",,,,,,unverified,,CATALOG_ONLY,20230930,2025-11-18,https://data.go.kr/data/15124755/fileData.do,"{""순번(No)"": ""433"", ""시설물명"": ""수루배지하차도(BRT지하차도)"", ""시설물구분"": ""터널"", ""시설물종류"": ""지하차도"", ""종별"": ""2종"", ""관리주체구분"": ""공공"", ""항목명"": ""형식 : 박스형 / 연장 : 255.0 m, 차로수 : 2"", ""위치"": ""세종특별자치시""}"
15124755:434,15124755,434,아름지하차도,세종특별자치시,공공,,"형식 : 박스형 / 연장 : 370.0 m, 차로수 : 2",,,,,,unverified,,CATALOG_ONLY,20230930,2025-11-18,https://data.go.kr/data/15124755/fileData.do,"{""순번(No)"": ""434"", ""시설물명"": ""아름지하차도"", ""시설물구분"": ""터널"", ""시설물종류"": ""지하차도"", ""종별"": ""2종"", ""관리주체구분"": ""공공"", ""항목명"": ""형식 : 박스형 / 연장 : 370.0 m, 차로수 : 2"", ""위치"": ""세종특별자치시""}"
15124755:435,15124755,435,어진지하차도,세종특별자치시,공공,,"형식 : U-TYPE+BOX / 연장 : 202.0 m, 차로수 : 4",,,,,,unverified,,CATALOG_ONLY,20230930,2025-11-18,https://data.go.kr/data/15124755/fileData.do,"{""순번(No)"": ""435"", ""시설물명"": ""어진지하차도"", ""시설물구분"": ""터널"", ""시설물종류"": ""지하차도"", ""종별"": ""2종"", ""관리주체구분"": ""공공"", ""항목명"": ""형식 : U-TYPE+BOX / 연장 : 202.0 m, 차로수 : 4"", ""위치"": ""세종특별자치시""}"
15124755:436,15124755,436,오롯지하차도(외곽순환지하차도),세종특별자치시,공공,,"형식 : 박스형 / 연장 : 157.0 m, 차로수 : 4",,,,,,unverified,,CATALOG_ONLY,20230930,2025-11-18,https://data.go.kr/data/15124755/fileData.do,"{""순번(No)"": ""436"", ""시설물명"": ""오롯지하차도(외곽순환지하차도)"", ""시설물구분"": ""터널"", ""시설물종류"": ""지하차도"", ""종별"": ""2종"", ""관리주체구분"": ""공공"", ""항목명"": ""형식 : 박스형 / 연장 : 157.0 m, 차로수 : 4"", ""위치"": ""세종특별자치시""}"
15124755:437,15124755,437,집현지하차도,세종특별자치시,공공,,"형식 : 박스형 / 연장 : 171.4 m, 차로수 : 4",,,,,,unverified,,CATALOG_ONLY,20230930,2025-11-18,https://data.go.kr/data/15124755/fileData.do,"{""순번(No)"": ""437"", ""시설물명"": ""집현지하차도"", ""시설물구분"": ""터널"", ""시설물종류"": ""지하차도"", ""종별"": ""2종"", ""관리주체구분"": ""공공"", ""항목명"": ""형식 : 박스형 / 연장 : 171.4 m, 차로수 : 4"", ""위치"": ""세종특별자치시""}"
15124755:438,15124755,438,호려울지하차도(BRT지하차도),세종특별자치시,공공,,"형식 : 박스형 / 연장 : 279.7 m, 차로수 : 2",,,,,,unverified,,CATALOG_ONLY,20230930,2025-11-18,https://data.go.kr/data/15124755/fileData.do,"{""순번(No)"": ""438"", ""시설물명"": ""호려울지하차도(BRT지하차도)"", ""시설물구분"": ""터널"", ""시설물종류"": ""지하차도"", ""종별"": ""2종"", ""관리주체구분"": ""공공"", ""항목명"": ""형식 : 박스형 / 연장 : 279.7 m, 차로수 : 2"", ""위치"": ""세종특별자치시""}"
15124755:439,15124755,439,삼산지하차도,울산광역시 남구,공공,,"형식 : 박스형 / 연장 : 270.0 m, 차로수 : 2",,,,,,unverified,,CATALOG_ONLY,20230930,2025-11-18,https://data.go.kr/data/15124755/fileData.do,"{""순번(No)"": ""439"", ""시설물명"": ""삼산지하차도"", ""시설물구분"": ""터널"", ""시설물종류"": ""지하차도"", ""종별"": ""2종"", ""관리주체구분"": ""공공"", ""항목명"": ""형식 : 박스형 / 연장 : 270.0 m, 차로수 : 2"", ""위치"": ""울산광역시 남구""}"
15124755:440,15124755,440,삼호지하차도,울산광역시 남구,공공,,"형식 : 박스형 / 연장 : 130.0 m, 차로수 : 2",,,,,,unverified,,CATALOG_ONLY,20230930,2025-11-18,https://data.go.kr/data/15124755/fileData.do,"{""순번(No)"": ""440"", ""시설물명"": ""삼호지하차도"", ""시설물구분"": ""터널"", ""시설물종류"": ""지하차도"", ""종별"": ""2종"", ""관리주체구분"": ""공공"", ""항목명"": ""형식 : 박스형 / 연장 : 130.0 m, 차로수 : 2"", ""위치"": ""울산광역시 남구""}"
15124755:441,15124755,441,옥현지하차도,울산광역시 남구,공공,,"형식 : 박스형 / 연장 : 180.0 m, 차로수 : 4",,,,,,unverified,,CATALOG_ONLY,20230930,2025-11-18,https://data.go.kr/data/15124755/fileData.do,"{""순번(No)"": ""441"", ""시설물명"": ""옥현지하차도"", ""시설물구분"": ""터널"", ""시설물종류"": ""지하차도"", ""종별"": ""2종"", ""관리주체구분"": ""공공"", ""항목명"": ""형식 : 박스형 / 연장 : 180.0 m, 차로수 : 4"", ""위치"": ""울산광역시 남구""}"
15124755:442,15124755,442,예전개방형BOX,울산광역시 동구,민간,,"형식 : 개방형 BOX / 연장 : 163.0 m, 차로수 : 2",,,,,,unverified,,CATALOG_ONLY,20230930,2025-11-18,https://data.go.kr/data/15124755/fileData.do,"{""순번(No)"": ""442"", ""시설물명"": ""예전개방형BOX"", ""시설물구분"": ""터널"", ""시설물종류"": ""지하차도"", ""종별"": ""2종"", ""관리주체구분"": ""민간"", ""항목명"": ""형식 : 개방형 BOX / 연장 : 163.0 m, 차로수 : 2"", ""위치"": ""울산광역시 동구""}"
15124755:443,15124755,443,명촌본선지하차도,울산광역시 북구,공공,,"형식 : 미등록 / 연장 : 106.0 m, 차로수 : 4",,,,,,unverified,,CATALOG_ONLY,20230930,2025-11-18,https://data.go.kr/data/15124755/fileData.do,"{""순번(No)"": ""443"", ""시설물명"": ""명촌본선지하차도"", ""시설물구분"": ""터널"", ""시설물종류"": ""지하차도"", ""종별"": ""2종"", ""관리주체구분"": ""공공"", ""항목명"": ""형식 : 미등록 / 연장 : 106.0 m, 차로수 : 4"", ""위치"": ""울산광역시 북구""}"
15124755:444,15124755,444,상방지하차도,울산광역시 북구,공공,,"형식 : 박스형 / 연장 : 430.0 m, 차로수 : 4",,,,,,unverified,,CATALOG_ONLY,20230930,2025-11-18,https://data.go.kr/data/15124755/fileData.do,"{""순번(No)"": ""444"", ""시설물명"": ""상방지하차도"", ""시설물구분"": ""터널"", ""시설물종류"": ""지하차도"", ""종별"": ""2종"", ""관리주체구분"": ""공공"", ""항목명"": ""형식 : 박스형 / 연장 : 430.0 m, 차로수 : 4"", ""위치"": ""울산광역시 북구""}"
15124755:445,15124755,445,화봉지하차도,울산광역시 북구,공공,,"형식 : 박스형 / 연장 : 235.0 m, 차로수 : 4",,,,,,unverified,,CATALOG_ONLY,20230930,2025-11-18,https://data.go.kr/data/15124755/fileData.do,"{""순번(No)"": ""445"", ""시설물명"": ""화봉지하차도"", ""시설물구분"": ""터널"", ""시설물종류"": ""지하차도"", ""종별"": ""2종"", ""관리주체구분"": ""공공"", ""항목명"": ""형식 : 박스형 / 연장 : 235.0 m, 차로수 : 4"", ""위치"": ""울산광역시 북구""}"
15124755:446,15124755,446,반천산단진입도로 지하차도,울산광역시 울주군,공공,,"형식 : 박스형 / 연장 : 100.0 m, 차로수 : 4",,,,,,unverified,,CATALOG_ONLY,20230930,2025-11-18,https://data.go.kr/data/15124755/fileData.do,"{""순번(No)"": ""446"", ""시설물명"": ""반천산단진입도로 지하차도"", ""시설물구분"": ""터널"", ""시설물종류"": ""지하차도"", ""종별"": ""2종"", ""관리주체구분"": ""공공"", ""항목명"": ""형식 : 박스형 / 연장 : 100.0 m, 차로수 : 4"", ""위치"": ""울산광역시 울주군""}"
15124755:447,15124755,447,처용지하차도,울산광역시 울주군,공공,,"형식 : 박스형 / 연장 : 140.0 m, 차로수 : 4",,,,,,unverified,,CATALOG_ONLY,20230930,2025-11-18,https://data.go.kr/data/15124755/fileData.do,"{""순번(No)"": ""447"", ""시설물명"": ""처용지하차도"", ""시설물구분"": ""터널"", ""시설물종류"": ""지하차도"", ""종별"": ""2종"", ""관리주체구분"": ""공공"", ""항목명"": ""형식 : 박스형 / 연장 : 140.0 m, 차로수 : 4"", ""위치"": ""울산광역시 울주군""}"
15124755:448,15124755,448,동천 지하차도,울산광역시 중구,공공,,"형식 : 박스형 / 연장 : 280.0 m, 차로수 : 4",,,,,,unverified,,CATALOG_ONLY,20230930,2025-11-18,https://data.go.kr/data/15124755/fileData.do,"{""순번(No)"": ""448"", ""시설물명"": ""동천 지하차도"", ""시설물구분"": ""터널"", ""시설물종류"": ""지하차도"", ""종별"": ""2종"", ""관리주체구분"": ""공공"", ""항목명"": ""형식 : 박스형 / 연장 : 280.0 m, 차로수 : 4"", ""위치"": ""울산광역시 중구""}"
15124755:449,15124755,449,명정지하차도,울산광역시 중구,공공,,"형식 : 박스형 / 연장 : 455.0 m, 차로수 : 4",,,,,,unverified,,CATALOG_ONLY,20230930,2025-11-18,https://data.go.kr/data/15124755/fileData.do,"{""순번(No)"": ""449"", ""시설물명"": ""명정지하차도"", ""시설물구분"": ""터널"", ""시설물종류"": ""지하차도"", ""종별"": ""2종"", ""관리주체구분"": ""공공"", ""항목명"": ""형식 : 박스형 / 연장 : 455.0 m, 차로수 : 4"", ""위치"": ""울산광역시 중구""}"
15124755:450,15124755,450,우정지하차도,울산광역시 중구,공공,,"형식 : 박스형 / 연장 : 274.0 m, 차로수 : 2",,,,,,unverified,,CATALOG_ONLY,20230930,2025-11-18,https://data.go.kr/data/15124755/fileData.do,"{""순번(No)"": ""450"", ""시설물명"": ""우정지하차도"", ""시설물구분"": ""터널"", ""시설물종류"": ""지하차도"", ""종별"": ""2종"", ""관리주체구분"": ""공공"", ""항목명"": ""형식 : 박스형 / 연장 : 274.0 m, 차로수 : 2"", ""위치"": ""울산광역시 중구""}"
15124755:451,15124755,451,중구청 지하차도,울산광역시 중구,공공,,"형식 : 박스형 / 연장 : 470.0 m, 차로수 : 4",,,,,,unverified,,CATALOG_ONLY,20230930,2025-11-18,https://data.go.kr/data/15124755/fileData.do,"{""순번(No)"": ""451"", ""시설물명"": ""중구청 지하차도"", ""시설물구분"": ""터널"", ""시설물종류"": ""지하차도"", ""종별"": ""2종"", ""관리주체구분"": ""공공"", ""항목명"": ""형식 : 박스형 / 연장 : 470.0 m, 차로수 : 4"", ""위치"": ""울산광역시 중구""}"
15124755:452,15124755,452,계양지하차도,인천광역시 계양구,공공,,"형식 : 라멘형 / 연장 : 230.0 m, 차로수 : 4",,,,,,unverified,,CATALOG_ONLY,20230930,2025-11-18,https://data.go.kr/data/15124755/fileData.do,"{""순번(No)"": ""452"", ""시설물명"": ""계양지하차도"", ""시설물구분"": ""터널"", ""시설물종류"": ""지하차도"", ""종별"": ""2종"", ""관리주체구분"": ""공공"", ""항목명"": ""형식 : 라멘형 / 연장 : 230.0 m, 차로수 : 4"", ""위치"": ""인천광역시 계양구""}"
15124755:453,15124755,453,임학지하차도,인천광역시 계양구,공공,,"형식 : 라멘형 / 연장 : 320.0 m, 차로수 : 4",,,,,,unverified,,CATALOG_ONLY,20230930,2025-11-18,https://data.go.kr/data/15124755/fileData.do,"{""순번(No)"": ""453"", ""시설물명"": ""임학지하차도"", ""시설물구분"": ""터널"", ""시설물종류"": ""지하차도"", ""종별"": ""2종"", ""관리주체구분"": ""공공"", ""항목명"": ""형식 : 라멘형 / 연장 : 320.0 m, 차로수 : 4"", ""위치"": ""인천광역시 계양구""}"
15124755:454,15124755,454,간석지하차도,인천광역시 남동구,공공,,"형식 : 박스형 / 연장 : 140.0 m, 차로수 : 4",,,,,,unverified,,CATALOG_ONLY,20230930,2025-11-18,https://data.go.kr/data/15124755/fileData.do,"{""순번(No)"": ""454"", ""시설물명"": ""간석지하차도"", ""시설물구분"": ""터널"", ""시설물종류"": ""지하차도"", ""종별"": ""2종"", ""관리주체구분"": ""공공"", ""항목명"": ""형식 : 박스형 / 연장 : 140.0 m, 차로수 : 4"", ""위치"": ""인천광역시 남동구""}"
15124755:455,15124755,455,고잔지하차도,인천광역시 남동구,공공,,"형식 : 박스형 / 연장 : 200.0 m, 차로수 : 6",,,,,,unverified,,CATALOG_ONLY,20230930,2025-11-18,https://data.go.kr/data/15124755/fileData.do,"{""순번(No)"": ""455"", ""시설물명"": ""고잔지하차도"", ""시설물구분"": ""터널"", ""시설물종류"": ""지하차도"", ""종별"": ""2종"", ""관리주체구분"": ""공공"", ""항목명"": ""형식 : 박스형 / 연장 : 200.0 m, 차로수 : 6"", ""위치"": ""인천광역시 남동구""}"
15124755:456,15124755,456,인천대공원앞 지하차도,인천광역시 남동구,공공,,"형식 : 박스형 / 연장 : 140.0 m, 차로수 : 4",,,,,,unverified,,CATALOG_ONLY,20230930,2025-11-18,https://data.go.kr/data/15124755/fileData.do,"{""순번(No)"": ""456"", ""시설물명"": ""인천대공원앞 지하차도"", ""시설물구분"": ""터널"", ""시설물종류"": ""지하차도"", ""종별"": ""2종"", ""관리주체구분"": ""공공"", ""항목명"": ""형식 : 박스형 / 연장 : 140.0 m, 차로수 : 4"", ""위치"": ""인천광역시 남동구""}"
15124755:457,15124755,457,해안지하차도,인천광역시 남동구,공공,,"형식 : 박스형 / 연장 : 200.0 m, 차로수 : 6",,,,,,unverified,,CATALOG_ONLY,20230930,2025-11-18,https://data.go.kr/data/15124755/fileData.do,"{""순번(No)"": ""457"", ""시설물명"": ""해안지하차도"", ""시설물구분"": ""터널"", ""시설물종류"": ""지하차도"", ""종별"": ""2종"", ""관리주체구분"": ""공공"", ""항목명"": ""형식 : 박스형 / 연장 : 200.0 m, 차로수 : 6"", ""위치"": ""인천광역시 남동구""}"
15124755:458,15124755,458,고속종점지하차도,인천광역시 미추홀구,공공,,"형식 : 박스형 / 연장 : 190.0 m, 차로수 : 4",,,,,,unverified,,CATALOG_ONLY,20230930,2025-11-18,https://data.go.kr/data/15124755/fileData.do,"{""순번(No)"": ""458"", ""시설물명"": ""고속종점지하차도"", ""시설물구분"": ""터널"", ""시설물종류"": ""지하차도"", ""종별"": ""2종"", ""관리주체구분"": ""공공"", ""항목명"": ""형식 : 박스형 / 연장 : 190.0 m, 차로수 : 4"", ""위치"": ""인천광역시 미추홀구""}"
15124755:459,15124755,459,석암지하차도,인천광역시 미추홀구,공공,,"형식 : 박스형 / 연장 : 208.0 m, 차로수 : 4",,,,,,unverified,,CATALOG_ONLY,20230930,2025-11-18,https://data.go.kr/data/15124755/fileData.do,"{""순번(No)"": ""459"", ""시설물명"": ""석암지하차도"", ""시설물구분"": ""터널"", ""시설물종류"": ""지하차도"", ""종별"": ""2종"", ""관리주체구분"": ""공공"", ""항목명"": ""형식 : 박스형 / 연장 : 208.0 m, 차로수 : 4"", ""위치"": ""인천광역시 미추홀구""}"
15124755:460,15124755,460,굴포천역지하차도,인천광역시 부평구,공공,,"형식 : 박스형 / 연장 : 180.0 m, 차로수 : 4",,,,,,unverified,,CATALOG_ONLY,20230930,2025-11-18,https://data.go.kr/data/15124755/fileData.do,"{""순번(No)"": ""460"", ""시설물명"": ""굴포천역지하차도"", ""시설물구분"": ""터널"", ""시설물종류"": ""지하차도"", ""종별"": ""2종"", ""관리주체구분"": ""공공"", ""항목명"": ""형식 : 박스형 / 연장 : 180.0 m, 차로수 : 4"", ""위치"": ""인천광역시 부평구""}"
15124755:461,15124755,461,북인천지하차도,인천광역시 서구,공공,,"형식 : 박스형 / 연장 : 140.0 m, 차로수 : 4",,,,,,unverified,,CATALOG_ONLY,20230930,2025-11-18,https://data.go.kr/data/15124755/fileData.do,"{""순번(No)"": ""461"", ""시설물명"": ""북인천지하차도"", ""시설물구분"": ""터널"", ""시설물종류"": ""지하차도"", ""종별"": ""2종"", ""관리주체구분"": ""공공"", ""항목명"": ""형식 : 박스형 / 연장 : 140.0 m, 차로수 : 4"", ""위치"": ""인천광역시 서구""}"
15124755:462,15124755,462,석남지하차도,인천광역시 서구,공공,,"형식 : 박스형 / 연장 : 380.0 m, 차로수 : 2",,,,,,unverified,,CATALOG_ONLY,20230930,2025-11-18,https://data.go.kr/data/15124755/fileData.do,"{""순번(No)"": ""462"", ""시설물명"": ""석남지하차도"", ""시설물구분"": ""터널"", ""시설물종류"": ""지하차도"", ""종별"": ""2종"", ""관리주체구분"": ""공공"", ""항목명"": ""형식 : 박스형 / 연장 : 380.0 m, 차로수 : 2"", ""위치"": ""인천광역시 서구""}"
15124755:463,15124755,463,연희지하차도,인천광역시 서구,공공,,"형식 : 박스형 / 연장 : 355.0 m, 차로수 : 4",,,,,,unverified,,CATALOG_ONLY,20230930,2025-11-18,https://data.go.kr/data/15124755/fileData.do,"{""순번(No)"": ""463"", ""시설물명"": ""연희지하차도"", ""시설물구분"": ""터널"", ""시설물종류"": ""지하차도"", ""종별"": ""2종"", ""관리주체구분"": ""공공"", ""항목명"": ""형식 : 박스형 / 연장 : 355.0 m, 차로수 : 4"", ""위치"": ""인천광역시 서구""}"
15124755:464,15124755,464,왕길지하차도,인천광역시 서구,공공,,"형식 : 미등록 / 연장 : 140.0 m, 차로수 : 4",,,,,,unverified,,CATALOG_ONLY,20230930,2025-11-18,https://data.go.kr/data/15124755/fileData.do,"{""순번(No)"": ""464"", ""시설물명"": ""왕길지하차도"", ""시설물구분"": ""터널"", ""시설물종류"": ""지하차도"", ""종별"": ""2종"", ""관리주체구분"": ""공공"", ""항목명"": ""형식 : 미등록 / 연장 : 140.0 m, 차로수 : 4"", ""위치"": ""인천광역시 서구""}"
15124755:465,15124755,465,청라지하차도,인천광역시 서구,공공,,"형식 : 박스형 / 연장 : 610.0 m, 차로수 : 4",,,,,,unverified,,CATALOG_ONLY,20230930,2025-11-18,https://data.go.kr/data/15124755/fileData.do,"{""순번(No)"": ""465"", ""시설물명"": ""청라지하차도"", ""시설물구분"": ""터널"", ""시설물종류"": ""지하차도"", ""종별"": ""2종"", ""관리주체구분"": ""공공"", ""항목명"": ""형식 : 박스형 / 연장 : 610.0 m, 차로수 : 4"", ""위치"": ""인천광역시 서구""}"
15124755:466,15124755,466,호수공원 1 지하차도,인천광역시 서구,공공,,"형식 : 박스형 / 연장 : 485.0 m, 차로수 : 6",,,,,,unverified,,CATALOG_ONLY,20230930,2025-11-18,https://data.go.kr/data/15124755/fileData.do,"{""순번(No)"": ""466"", ""시설물명"": ""호수공원 1 지하차도"", ""시설물구분"": ""터널"", ""시설물종류"": ""지하차도"", ""종별"": ""2종"", ""관리주체구분"": ""공공"", ""항목명"": ""형식 : 박스형 / 연장 : 485.0 m, 차로수 : 6"", ""위치"": ""인천광역시 서구""}"
15124755:467,15124755,467,호수공원 2 지하차도,인천광역시 서구,공공,,"형식 : 박스형 / 연장 : 485.0 m, 차로수 : 6",,,,,,unverified,,CATALOG_ONLY,20230930,2025-11-18,https://data.go.kr/data/15124755/fileData.do,"{""순번(No)"": ""467"", ""시설물명"": ""호수공원 2 지하차도"", ""시설물구분"": ""터널"", ""시설물종류"": ""지하차도"", ""종별"": ""2종"", ""관리주체구분"": ""공공"", ""항목명"": ""형식 : 박스형 / 연장 : 485.0 m, 차로수 : 6"", ""위치"": ""인천광역시 서구""}"
15124755:468,15124755,468,동춘지하차도,인천광역시 연수구,공공,,"형식 : 박스형 / 연장 : 210.0 m, 차로수 : 6",,,,,,unverified,,CATALOG_ONLY,20230930,2025-11-18,https://data.go.kr/data/15124755/fileData.do,"{""순번(No)"": ""468"", ""시설물명"": ""동춘지하차도"", ""시설물구분"": ""터널"", ""시설물종류"": ""지하차도"", ""종별"": ""2종"", ""관리주체구분"": ""공공"", ""항목명"": ""형식 : 박스형 / 연장 : 210.0 m, 차로수 : 6"", ""위치"": ""인천광역시 연수구""}"
15124755:469,15124755,469,선학지하차도,인천광역시 연수구,공공,,"형식 : 박스형 / 연장 : 240.0 m, 차로수 : 6",,,,,,unverified,,CATALOG_ONLY,20230930,2025-11-18,https://data.go.kr/data/15124755/fileData.do,"{""순번(No)"": ""469"", ""시설물명"": ""선학지하차도"", ""시설물구분"": ""터널"", ""시설물종류"": ""지하차도"", ""종별"": ""2종"", ""관리주체구분"": ""공공"", ""항목명"": ""형식 : 박스형 / 연장 : 240.0 m, 차로수 : 6"", ""위치"": ""인천광역시 연수구""}"
15124755:470,15124755,470,송도지하차도,인천광역시 연수구,공공,,"형식 : 박스형 / 연장 : 200.0 m, 차로수 : 6",,,,,,unverified,,CATALOG_ONLY,20230930,2025-11-18,https://data.go.kr/data/15124755/fileData.do,"{""순번(No)"": ""470"", ""시설물명"": ""송도지하차도"", ""시설물구분"": ""터널"", ""시설물종류"": ""지하차도"", ""종별"": ""2종"", ""관리주체구분"": ""공공"", ""항목명"": ""형식 : 박스형 / 연장 : 200.0 m, 차로수 : 6"", ""위치"": ""인천광역시 연수구""}"
15124755:471,15124755,471,옹암지하차도,인천광역시 연수구,공공,,"형식 : 박스형 / 연장 : 250.0 m, 차로수 : 4",,,,,,unverified,,CATALOG_ONLY,20230930,2025-11-18,https://data.go.kr/data/15124755/fileData.do,"{""순번(No)"": ""471"", ""시설물명"": ""옹암지하차도"", ""시설물구분"": ""터널"", ""시설물종류"": ""지하차도"", ""종별"": ""2종"", ""관리주체구분"": ""공공"", ""항목명"": ""형식 : 박스형 / 연장 : 250.0 m, 차로수 : 4"", ""위치"": ""인천광역시 연수구""}"
15124755:472,15124755,472,용담지하차도,인천광역시 연수구,공공,,"형식 : 박스형 / 연장 : 296.0 m, 차로수 : 2",,,,,,unverified,,CATALOG_ONLY,20230930,2025-11-18,https://data.go.kr/data/15124755/fileData.do,"{""순번(No)"": ""472"", ""시설물명"": ""용담지하차도"", ""시설물구분"": ""터널"", ""시설물종류"": ""지하차도"", ""종별"": ""2종"", ""관리주체구분"": ""공공"", ""항목명"": ""형식 : 박스형 / 연장 : 296.0 m, 차로수 : 2"", ""위치"": ""인천광역시 연수구""}"
15124755:473,15124755,473,청학지하차도,인천광역시 연수구,공공,,"형식 : 박스형 / 연장 : 474.0 m, 차로수 : 4",,,,,,unverified,,CATALOG_ONLY,20230930,2025-11-18,https://data.go.kr/data/15124755/fileData.do,"{""순번(No)"": ""473"", ""시설물명"": ""청학지하차도"", ""시설물구분"": ""터널"", ""시설물종류"": ""지하차도"", ""종별"": ""2종"", ""관리주체구분"": ""공공"", ""항목명"": ""형식 : 박스형 / 연장 : 474.0 m, 차로수 : 4"", ""위치"": ""인천광역시 연수구""}"
15124755:474,15124755,474,IBC-2 지하차도(북),인천광역시 중구,공공,,"형식 : 박스형 / 연장 : 113.0 m, 차로수 : 2",,,,,,unverified,,CATALOG_ONLY,20230930,2025-11-18,https://data.go.kr/data/15124755/fileData.do,"{""순번(No)"": ""474"", ""시설물명"": ""IBC-2 지하차도(북)"", ""시설물구분"": ""터널"", ""시설물종류"": ""지하차도"", ""종별"": ""2종"", ""관리주체구분"": ""공공"", ""항목명"": ""형식 : 박스형 / 연장 : 113.0 m, 차로수 : 2"", ""위치"": ""인천광역시 중구""}"
15124755:475,15124755,475,그린나래지하차도,인천광역시 중구,공공,,"형식 : 박스형 / 연장 : 280.0 m, 차로수 : 6",,,,,,unverified,,CATALOG_ONLY,20230930,2025-11-18,https://data.go.kr/data/15124755/fileData.do,"{""순번(No)"": ""475"", ""시설물명"": ""그린나래지하차도"", ""시설물구분"": ""터널"", ""시설물종류"": ""지하차도"", ""종별"": ""2종"", ""관리주체구분"": ""공공"", ""항목명"": ""형식 : 박스형 / 연장 : 280.0 m, 차로수 : 6"", ""위치"": ""인천광역시 중구""}"
15124755:476,15124755,476,버스승강장 지하차도,인천광역시 중구,공공,,"형식 : RC BOX / 연장 : 150.0 m, 차로수 : 2",,,,,,unverified,,CATALOG_ONLY,20230930,2025-11-18,https://data.go.kr/data/15124755/fileData.do,"{""순번(No)"": ""476"", ""시설물명"": ""버스승강장 지하차도"", ""시설물구분"": ""터널"", ""시설물종류"": ""지하차도"", ""종별"": ""2종"", ""관리주체구분"": ""공공"", ""항목명"": ""형식 : RC BOX / 연장 : 150.0 m, 차로수 : 2"", ""위치"": ""인천광역시 중구""}"
15124755:477,15124755,477,삼목선착장지하차도,인천광역시 중구,공공,,"형식 : U-Type, Box-Type / 연장 : 280.0 m, 차로수 : 2",,,,,,unverified,,CATALOG_ONLY,20230930,2025-11-18,https://data.go.kr/data/15124755/fileData.do,"{""순번(No)"": ""477"", ""시설물명"": ""삼목선착장지하차도"", ""시설물구분"": ""터널"", ""시설물종류"": ""지하차도"", ""종별"": ""2종"", ""관리주체구분"": ""공공"", ""항목명"": ""형식 : U-Type, Box-Type / 연장 : 280.0 m, 차로수 : 2"", ""위치"": ""인천광역시 중구""}"
15124755:478,15124755,478,용유지하차도,인천광역시 중구,공공,,"형식 : 박스형 / 연장 : 109.0 m, 차로수 : 3",,,,,,unverified,,CATALOG_ONLY,20230930,2025-11-18,https://data.go.kr/data/15124755/fileData.do,"{""순번(No)"": ""478"", ""시설물명"": ""용유지하차도"", ""시설물구분"": ""터널"", ""시설물종류"": ""지하차도"", ""종별"": ""2종"", ""관리주체구분"": ""공공"", ""항목명"": ""형식 : 박스형 / 연장 : 109.0 m, 차로수 : 3"", ""위치"": ""인천광역시 중구""}"
15124755:479,15124755,479,푸른나래지하차도,인천광역시 중구,공공,,"형식 : 박스형 / 연장 : 310.0 m, 차로수 : 6",,,,,,unverified,,CATALOG_ONLY,20230930,2025-11-18,https://data.go.kr/data/15124755/fileData.do,"{""순번(No)"": ""479"", ""시설물명"": ""푸른나래지하차도"", ""시설물구분"": ""터널"", ""시설물종류"": ""지하차도"", ""종별"": ""2종"", ""관리주체구분"": ""공공"", ""항목명"": ""형식 : 박스형 / 연장 : 310.0 m, 차로수 : 6"", ""위치"": ""인천광역시 중구""}"
15124755:480,15124755,480,항공단지 지하차도(남),인천광역시 중구,공공,,"형식 : 박스형 / 연장 : 105.0 m, 차로수 : 2",,,,,,unverified,,CATALOG_ONLY,20230930,2025-11-18,https://data.go.kr/data/15124755/fileData.do,"{""순번(No)"": ""480"", ""시설물명"": ""항공단지 지하차도(남)"", ""시설물구분"": ""터널"", ""시설물종류"": ""지하차도"", ""종별"": ""2종"", ""관리주체구분"": ""공공"", ""항목명"": ""형식 : 박스형 / 연장 : 105.0 m, 차로수 : 2"", ""위치"": ""인천광역시 중구""}"
15124755:481,15124755,481,해찬나래지하차도,인천광역시 중구,공공,,"형식 : 박스형 / 연장 : 256.0 m, 차로수 : 6",,,,,,unverified,,CATALOG_ONLY,20230930,2025-11-18,https://data.go.kr/data/15124755/fileData.do,"{""순번(No)"": ""481"", ""시설물명"": ""해찬나래지하차도"", ""시설물구분"": ""터널"", ""시설물종류"": ""지하차도"", ""종별"": ""2종"", ""관리주체구분"": ""공공"", ""항목명"": ""형식 : 박스형 / 연장 : 256.0 m, 차로수 : 6"", ""위치"": ""인천광역시 중구""}"
15124755:482,15124755,482,화물터미널 지하차도 직반송로,인천광역시 중구,공공,,"형식 : 박스형 / 연장 : 332.4 m, 차로수 : 4",,,,,,unverified,,CATALOG_ONLY,20230930,2025-11-18,https://data.go.kr/data/15124755/fileData.do,"{""순번(No)"": ""482"", ""시설물명"": ""화물터미널 지하차도 직반송로"", ""시설물구분"": ""터널"", ""시설물종류"": ""지하차도"", ""종별"": ""2종"", ""관리주체구분"": ""공공"", ""항목명"": ""형식 : 박스형 / 연장 : 332.4 m, 차로수 : 4"", ""위치"": ""인천광역시 중구""}"
15124755:483,15124755,483,용정지하차도,전라남도 고흥군,공공,,"형식 : 미등록 / 연장 : 300.0 m, 차로수 : 1",,,,,,unverified,,CATALOG_ONLY,20230930,2025-11-18,https://data.go.kr/data/15124755/fileData.do,"{""순번(No)"": ""483"", ""시설물명"": ""용정지하차도"", ""시설물구분"": ""터널"", ""시설물종류"": ""지하차도"", ""종별"": ""2종"", ""관리주체구분"": ""공공"", ""항목명"": ""형식 : 미등록 / 연장 : 300.0 m, 차로수 : 1"", ""위치"": ""전라남도 고흥군""}"
15124755:484,15124755,484,우치고개지하차도,전라남도 곡성군,공공,,"형식 : 박스형 / 연장 : 200.0 m, 차로수 : 4",,,,,,unverified,,CATALOG_ONLY,20230930,2025-11-18,https://data.go.kr/data/15124755/fileData.do,"{""순번(No)"": ""484"", ""시설물명"": ""우치고개지하차도"", ""시설물구분"": ""터널"", ""시설물종류"": ""지하차도"", ""종별"": ""2종"", ""관리주체구분"": ""공공"", ""항목명"": ""형식 : 박스형 / 연장 : 200.0 m, 차로수 : 4"", ""위치"": ""전라남도 곡성군""}"
15124755:485,15124755,485,정산지하차도,전라남도 광양시,공공,,"형식 : 박스형 / 연장 : 110.0 m, 차로수 : 4",,,,,,unverified,,CATALOG_ONLY,20230930,2025-11-18,https://data.go.kr/data/15124755/fileData.do,"{""순번(No)"": ""485"", ""시설물명"": ""정산지하차도"", ""시설물구분"": ""터널"", ""시설물종류"": ""지하차도"", ""종별"": ""2종"", ""관리주체구분"": ""공공"", ""항목명"": ""형식 : 박스형 / 연장 : 110.0 m, 차로수 : 4"", ""위치"": ""전라남도 광양시""}"
15124755:486,15124755,486,석창지하차도,전라남도 여수시,공공,,"형식 : 미등록 / 연장 : 160.0 m, 차로수 : 4",,,,,,unverified,,CATALOG_ONLY,20230930,2025-11-18,https://data.go.kr/data/15124755/fileData.do,"{""순번(No)"": ""486"", ""시설물명"": ""석창지하차도"", ""시설물구분"": ""터널"", ""시설물종류"": ""지하차도"", ""종별"": ""2종"", ""관리주체구분"": ""공공"", ""항목명"": ""형식 : 미등록 / 연장 : 160.0 m, 차로수 : 4"", ""위치"": ""전라남도 여수시""}"
15124755:487,15124755,487,엑스포지하차도,전라남도 여수시,공공,,"형식 : 박스형 / 연장 : 100.0 m, 차로수 : 4",,,,,,unverified,,CATALOG_ONLY,20230930,2025-11-18,https://data.go.kr/data/15124755/fileData.do,"{""순번(No)"": ""487"", ""시설물명"": ""엑스포지하차도"", ""시설물구분"": ""터널"", ""시설물종류"": ""지하차도"", ""종별"": ""2종"", ""관리주체구분"": ""공공"", ""항목명"": ""형식 : 박스형 / 연장 : 100.0 m, 차로수 : 4"", ""위치"": ""전라남도 여수시""}"
15124755:488,15124755,488,장성 지하차도,전라남도 장성군,공공,,"형식 : 박스형 / 연장 : 233.0 m, 차로수 : 2",,,,,,unverified,,CATALOG_ONLY,20230930,2025-11-18,https://data.go.kr/data/15124755/fileData.do,"{""순번(No)"": ""488"", ""시설물명"": ""장성 지하차도"", ""시설물구분"": ""터널"", ""시설물종류"": ""지하차도"", ""종별"": ""2종"", ""관리주체구분"": ""공공"", ""항목명"": ""형식 : 박스형 / 연장 : 233.0 m, 차로수 : 2"", ""위치"": ""전라남도 장성군""}"
15124755:489,15124755,489,월곡지하차도,전라북도 고창군,공공,,"형식 : 라멘형 / 연장 : 120.0 m, 차로수 : 4",,,,,,unverified,,CATALOG_ONLY,20230930,2025-11-18,https://data.go.kr/data/15124755/fileData.do,"{""순번(No)"": ""489"", ""시설물명"": ""월곡지하차도"", ""시설물구분"": ""터널"", ""시설물종류"": ""지하차도"", ""종별"": ""2종"", ""관리주체구분"": ""공공"", ""항목명"": ""형식 : 라멘형 / 연장 : 120.0 m, 차로수 : 4"", ""위치"": ""전라북도 고창군""}"
15124755:490,15124755,490,예술의전당 지하차도,전라북도 군산시,공공,,"형식 : 박스형 / 연장 : 460.0 m, 차로수 : 4",,,,,,unverified,,CATALOG_ONLY,20230930,2025-11-18,https://data.go.kr/data/15124755/fileData.do,"{""순번(No)"": ""490"", ""시설물명"": ""예술의전당 지하차도"", ""시설물구분"": ""터널"", ""시설물종류"": ""지하차도"", ""종별"": ""2종"", ""관리주체구분"": ""공공"", ""항목명"": ""형식 : 박스형 / 연장 : 460.0 m, 차로수 : 4"", ""위치"": ""전라북도 군산시""}"
15124755:491,15124755,491,서흥지하차도,전라북도 김제시,공공,,"형식 : 박스형 / 연장 : 120.0 m, 차로수 : 4",,,,,,unverified,,CATALOG_ONLY,20230930,2025-11-18,https://data.go.kr/data/15124755/fileData.do,"{""순번(No)"": ""491"", ""시설물명"": ""서흥지하차도"", ""시설물구분"": ""터널"", ""시설물종류"": ""지하차도"", ""종별"": ""2종"", ""관리주체구분"": ""공공"", ""항목명"": ""형식 : 박스형 / 연장 : 120.0 m, 차로수 : 4"", ""위치"": ""전라북도 김제시""}"
15124755:492,15124755,492,다송1지하도(상),전라북도 익산시,공공,,"형식 : 박스형 / 연장 : 130.0 m, 차로수 : 2",,,,,,unverified,,CATALOG_ONLY,20230930,2025-11-18,https://data.go.kr/data/15124755/fileData.do,"{""순번(No)"": ""492"", ""시설물명"": ""다송1지하도(상)"", ""시설물구분"": ""터널"", ""시설물종류"": ""지하차도"", ""종별"": ""2종"", ""관리주체구분"": ""공공"", ""항목명"": ""형식 : 박스형 / 연장 : 130.0 m, 차로수 : 2"", ""위치"": ""전라북도 익산시""}"
15124755:493,15124755,493,숭림사생태통로,전라북도 익산시,공공,,"형식 : 박스형 / 연장 : 170.0 m, 차로수 : 2",,,,,,unverified,,CATALOG_ONLY,20230930,2025-11-18,https://data.go.kr/data/15124755/fileData.do,"{""순번(No)"": ""493"", ""시설물명"": ""숭림사생태통로"", ""시설물구분"": ""터널"", ""시설물종류"": ""지하차도"", ""종별"": ""2종"", ""관리주체구분"": ""공공"", ""항목명"": ""형식 : 박스형 / 연장 : 170.0 m, 차로수 : 2"", ""위치"": ""전라북도 익산시""}"
15124755:494,15124755,494,중앙지하차도,전라북도 익산시,공공,,"형식 : 박스형 / 연장 : 499.0 m, 차로수 : 4",,,,,,unverified,,CATALOG_ONLY,20230930,2025-11-18,https://data.go.kr/data/15124755/fileData.do,"{""순번(No)"": ""494"", ""시설물명"": ""중앙지하차도"", ""시설물구분"": ""터널"", ""시설물종류"": ""지하차도"", ""종별"": ""2종"", ""관리주체구분"": ""공공"", ""항목명"": ""형식 : 박스형 / 연장 : 499.0 m, 차로수 : 4"", ""위치"": ""전라북도 익산시""}"
15124755:495,15124755,495,하나로 지하차도,전라북도 익산시,공공,,"형식 : 박스형 / 연장 : 172.0 m, 차로수 : 4",,,,,,unverified,,CATALOG_ONLY,20230930,2025-11-18,https://data.go.kr/data/15124755/fileData.do,"{""순번(No)"": ""495"", ""시설물명"": ""하나로 지하차도"", ""시설물구분"": ""터널"", ""시설물종류"": ""지하차도"", ""종별"": ""2종"", ""관리주체구분"": ""공공"", ""항목명"": ""형식 : 박스형 / 연장 : 172.0 m, 차로수 : 4"", ""위치"": ""전라북도 익산시""}"
15124755:496,15124755,496,싸리재지하차도,전라북도 장수군,공공,,"형식 : 박스형 / 연장 : 280.0 m, 차로수 : 5",,,,,,unverified,,CATALOG_ONLY,20230930,2025-11-18,https://data.go.kr/data/15124755/fileData.do,"{""순번(No)"": ""496"", ""시설물명"": ""싸리재지하차도"", ""시설물구분"": ""터널"", ""시설물종류"": ""지하차도"", ""종별"": ""2종"", ""관리주체구분"": ""공공"", ""항목명"": ""형식 : 박스형 / 연장 : 280.0 m, 차로수 : 5"", ""위치"": ""전라북도 장수군""}"
15124755:497,15124755,497,27호광장 지하차도,전라북도 전주시,공공,,"형식 : 미등록 / 연장 : 460.0 m, 차로수 : 2",,,,,,unverified,,CATALOG_ONLY,20230930,2025-11-18,https://data.go.kr/data/15124755/fileData.do,"{""순번(No)"": ""497"", ""시설물명"": ""27호광장 지하차도"", ""시설물구분"": ""터널"", ""시설물종류"": ""지하차도"", ""종별"": ""2종"", ""관리주체구분"": ""공공"", ""항목명"": ""형식 : 미등록 / 연장 : 460.0 m, 차로수 : 2"", ""위치"": ""전라북도 전주시""}"
15124755:498,15124755,498,대학로지하차도,전라북도 전주시,공공,,"형식 : 박스형 / 연장 : 325.0 m, 차로수 : 4",,,,,,unverified,,CATALOG_ONLY,20230930,2025-11-18,https://data.go.kr/data/15124755/fileData.do,"{""순번(No)"": ""498"", ""시설물명"": ""대학로지하차도"", ""시설물구분"": ""터널"", ""시설물종류"": ""지하차도"", ""종별"": ""2종"", ""관리주체구분"": ""공공"", ""항목명"": ""형식 : 박스형 / 연장 : 325.0 m, 차로수 : 4"", ""위치"": ""전라북도 전주시""}"
15124755:499,15124755,499,안덕원지하차도,전라북도 전주시,공공,,"형식 : 박스형 / 연장 : 435.0 m, 차로수 : 4",,,,,,unverified,,CATALOG_ONLY,20230930,2025-11-18,https://data.go.kr/data/15124755/fileData.do,"{""순번(No)"": ""499"", ""시설물명"": ""안덕원지하차도"", ""시설물구분"": ""터널"", ""시설물종류"": ""지하차도"", ""종별"": ""2종"", ""관리주체구분"": ""공공"", ""항목명"": ""형식 : 박스형 / 연장 : 435.0 m, 차로수 : 4"", ""위치"": ""전라북도 전주시""}"
15124755:500,15124755,500,월드컵지하차도,전라북도 전주시,공공,,"형식 : 박스형 / 연장 : 140.0 m, 차로수 : 4",,,,,,unverified,,CATALOG_ONLY,20230930,2025-11-18,https://data.go.kr/data/15124755/fileData.do,"{""순번(No)"": ""500"", ""시설물명"": ""월드컵지하차도"", ""시설물구분"": ""터널"", ""시설물종류"": ""지하차도"", ""종별"": ""2종"", ""관리주체구분"": ""공공"", ""항목명"": ""형식 : 박스형 / 연장 : 140.0 m, 차로수 : 4"", ""위치"": ""전라북도 전주시""}"
15124755:501,15124755,501,정읍지하차도,전라북도 정읍시,공공,,"형식 : 박스형 / 연장 : 402.0 m, 차로수 : 4",,,,,,unverified,,CATALOG_ONLY,20230930,2025-11-18,https://data.go.kr/data/15124755/fileData.do,"{""순번(No)"": ""501"", ""시설물명"": ""정읍지하차도"", ""시설물구분"": ""터널"", ""시설물종류"": ""지하차도"", ""종별"": ""2종"", ""관리주체구분"": ""공공"", ""항목명"": ""형식 : 박스형 / 연장 : 402.0 m, 차로수 : 4"", ""위치"": ""전라북도 정읍시""}"
15124755:502,15124755,502,정주지하차도,전라북도 정읍시,공공,,"형식 : 박스형 / 연장 : 240.0 m, 차로수 : 6",,,,,,unverified,,CATALOG_ONLY,20230930,2025-11-18,https://data.go.kr/data/15124755/fileData.do,"{""순번(No)"": ""502"", ""시설물명"": ""정주지하차도"", ""시설물구분"": ""터널"", ""시설물종류"": ""지하차도"", ""종별"": ""2종"", ""관리주체구분"": ""공공"", ""항목명"": ""형식 : 박스형 / 연장 : 240.0 m, 차로수 : 6"", ""위치"": ""전라북도 정읍시""}"
15124755:503,15124755,503,2냉연 물류운송용 지하차도,충청남도 당진시,민간,,"형식 : 박스형 / 연장 : 315.0 m, 차로수 : 2",,,,,,unverified,,CATALOG_ONLY,20230930,2025-11-18,https://data.go.kr/data/15124755/fileData.do,"{""순번(No)"": ""503"", ""시설물명"": ""2냉연 물류운송용 지하차도"", ""시설물구분"": ""터널"", ""시설물종류"": ""지하차도"", ""종별"": ""2종"", ""관리주체구분"": ""민간"", ""항목명"": ""형식 : 박스형 / 연장 : 315.0 m, 차로수 : 2"", ""위치"": ""충청남도 당진시""}"
15124755:504,15124755,504,가곡지하차도,충청남도 당진시,공공,,"형식 : 미등록 / 연장 : 120.0 m, 차로수 : 4",,,,,,unverified,,CATALOG_ONLY,20230930,2025-11-18,https://data.go.kr/data/15124755/fileData.do,"{""순번(No)"": ""504"", ""시설물명"": ""가곡지하차도"", ""시설물구분"": ""터널"", ""시설물종류"": ""지하차도"", ""종별"": ""2종"", ""관리주체구분"": ""공공"", ""항목명"": ""형식 : 미등록 / 연장 : 120.0 m, 차로수 : 4"", ""위치"": ""충청남도 당진시""}"
15124755:505,15124755,505,고대지하차도,충청남도 당진시,공공,,"형식 : 박스형 / 연장 : 440.0 m, 차로수 : 4",,,,,,unverified,,CATALOG_ONLY,20230930,2025-11-18,https://data.go.kr/data/15124755/fileData.do,"{""순번(No)"": ""505"", ""시설물명"": ""고대지하차도"", ""시설물구분"": ""터널"", ""시설물종류"": ""지하차도"", ""종별"": ""2종"", ""관리주체구분"": ""공공"", ""항목명"": ""형식 : 박스형 / 연장 : 440.0 m, 차로수 : 4"", ""위치"": ""충청남도 당진시""}"
15124755:506,15124755,506,동곡지하차도,충청남도 당진시,공공,,"형식 : 미등록 / 연장 : 120.0 m, 차로수 : 4",,,,,,unverified,,CATALOG_ONLY,20230930,2025-11-18,https://data.go.kr/data/15124755/fileData.do,"{""순번(No)"": ""506"", ""시설물명"": ""동곡지하차도"", ""시설물구분"": ""터널"", ""시설물종류"": ""지하차도"", ""종별"": ""2종"", ""관리주체구분"": ""공공"", ""항목명"": ""형식 : 미등록 / 연장 : 120.0 m, 차로수 : 4"", ""위치"": ""충청남도 당진시""}"
15124755:507,15124755,507,군도6호선 지하차도,충청남도 서천군,공공,,"형식 : 박스형 / 연장 : 350.0 m, 차로수 : 2",,,,,,unverified,,CATALOG_ONLY,20230930,2025-11-18,https://data.go.kr/data/15124755/fileData.do,"{""순번(No)"": ""507"", ""시설물명"": ""군도6호선 지하차도"", ""시설물구분"": ""터널"", ""시설물종류"": ""지하차도"", ""종별"": ""2종"", ""관리주체구분"": ""공공"", ""항목명"": ""형식 : 박스형 / 연장 : 350.0 m, 차로수 : 2"", ""위치"": ""충청남도 서천군""}"
15124755:508,15124755,508,세교지하차도,충청남도 아산시,공공,,"형식 : 박스형 / 연장 : 438.5 m, 차로수 : 6",,,,,,unverified,,CATALOG_ONLY,20230930,2025-11-18,https://data.go.kr/data/15124755/fileData.do,"{""순번(No)"": ""508"", ""시설물명"": ""세교지하차도"", ""시설물구분"": ""터널"", ""시설물종류"": ""지하차도"", ""종별"": ""2종"", ""관리주체구분"": ""공공"", ""항목명"": ""형식 : 박스형 / 연장 : 438.5 m, 차로수 : 6"", ""위치"": ""충청남도 아산시""}"
15124755:509,15124755,509,송용지하차도,충청남도 아산시,공공,,"형식 : 직사각형 / 연장 : 145.0 m, 차로수 : 6",,,,,,unverified,,CATALOG_ONLY,20230930,2025-11-18,https://data.go.kr/data/15124755/fileData.do,"{""순번(No)"": ""509"", ""시설물명"": ""송용지하차도"", ""시설물구분"": ""터널"", ""시설물종류"": ""지하차도"", ""종별"": ""2종"", ""관리주체구분"": ""공공"", ""항목명"": ""형식 : 직사각형 / 연장 : 145.0 m, 차로수 : 6"", ""위치"": ""충청남도 아산시""}"
15124755:510,15124755,510,장재지하차도,충청남도 아산시,공공,,"형식 : 박스형 / 연장 : 430.0 m, 차로수 : 8",,,,,,unverified,,CATALOG_ONLY,20230930,2025-11-18,https://data.go.kr/data/15124755/fileData.do,"{""순번(No)"": ""510"", ""시설물명"": ""장재지하차도"", ""시설물구분"": ""터널"", ""시설물종류"": ""지하차도"", ""종별"": ""2종"", ""관리주체구분"": ""공공"", ""항목명"": ""형식 : 박스형 / 연장 : 430.0 m, 차로수 : 8"", ""위치"": ""충청남도 아산시""}"
15124755:511,15124755,511,나들목 지하차도,충청남도 천안시,공공,,"형식 : 박스형 / 연장 : 355.1 m, 차로수 : 4",,,,,,unverified,,CATALOG_ONLY,20230930,2025-11-18,https://data.go.kr/data/15124755/fileData.do,"{""순번(No)"": ""511"", ""시설물명"": ""나들목 지하차도"", ""시설물구분"": ""터널"", ""시설물종류"": ""지하차도"", ""종별"": ""2종"", ""관리주체구분"": ""공공"", ""항목명"": ""형식 : 박스형 / 연장 : 355.1 m, 차로수 : 4"", ""위치"": ""충청남도 천안시""}"
15124755:512,15124755,512,두정지하차도,충청남도 천안시,공공,,"형식 : 박스형 / 연장 : 170.0 m, 차로수 : 4",,,,,,unverified,,CATALOG_ONLY,20230930,2025-11-18,https://data.go.kr/data/15124755/fileData.do,"{""순번(No)"": ""512"", ""시설물명"": ""두정지하차도"", ""시설물구분"": ""터널"", ""시설물종류"": ""지하차도"", ""종별"": ""2종"", ""관리주체구분"": ""공공"", ""항목명"": ""형식 : 박스형 / 연장 : 170.0 m, 차로수 : 4"", ""위치"": ""충청남도 천안시""}"
15124755:513,15124755,513,번영로지하차도,충청남도 천안시,공공,,"형식 : 박스형 / 연장 : 140.0 m, 차로수 : 4",,,,,,unverified,,CATALOG_ONLY,20230930,2025-11-18,https://data.go.kr/data/15124755/fileData.do,"{""순번(No)"": ""513"", ""시설물명"": ""번영로지하차도"", ""시설물구분"": ""터널"", ""시설물종류"": ""지하차도"", ""종별"": ""2종"", ""관리주체구분"": ""공공"", ""항목명"": ""형식 : 박스형 / 연장 : 140.0 m, 차로수 : 4"", ""위치"": ""충청남도 천안시""}"
15124755:514,15124755,514,성성지하차도,충청남도 천안시,공공,,"형식 : 박스형 / 연장 : 300.0 m, 차로수 : 3",,,,,,unverified,,CATALOG_ONLY,20230930,2025-11-18,https://data.go.kr/data/15124755/fileData.do,"{""순번(No)"": ""514"", ""시설물명"": ""성성지하차도"", ""시설물구분"": ""터널"", ""시설물종류"": ""지하차도"", ""종별"": ""2종"", ""관리주체구분"": ""공공"", ""항목명"": ""형식 : 박스형 / 연장 : 300.0 m, 차로수 : 3"", ""위치"": ""충청남도 천안시""}"
15124755:515,15124755,515,직산지하차도,충청남도 천안시,공공,,"형식 : 박스형 / 연장 : 130.0 m, 차로수 : 4",,,,,,unverified,,CATALOG_ONLY,20230930,2025-11-18,https://data.go.kr/data/15124755/fileData.do,"{""순번(No)"": ""515"", ""시설물명"": ""직산지하차도"", ""시설물구분"": ""터널"", ""시설물종류"": ""지하차도"", ""종별"": ""2종"", ""관리주체구분"": ""공공"", ""항목명"": ""형식 : 박스형 / 연장 : 130.0 m, 차로수 : 4"", ""위치"": ""충청남도 천안시""}"
15124755:516,15124755,516,단양지하차도,충청북도 단양군,공공,,"형식 : 박스형 / 연장 : 120.0 m, 차로수 : 4",,,,,,unverified,,CATALOG_ONLY,20230930,2025-11-18,https://data.go.kr/data/15124755/fileData.do,"{""순번(No)"": ""516"", ""시설물명"": ""단양지하차도"", ""시설물구분"": ""터널"", ""시설물종류"": ""지하차도"", ""종별"": ""2종"", ""관리주체구분"": ""공공"", ""항목명"": ""형식 : 박스형 / 연장 : 120.0 m, 차로수 : 4"", ""위치"": ""충청북도 단양군""}"
15124755:517,15124755,517,고명지하차도,충청북도 제천시,공공,,"형식 : 박스형 / 연장 : 168.0 m, 차로수 : 4",,,,,,unverified,,CATALOG_ONLY,20230930,2025-11-18,https://data.go.kr/data/15124755/fileData.do,"{""순번(No)"": ""517"", ""시설물명"": ""고명지하차도"", ""시설물구분"": ""터널"", ""시설물종류"": ""지하차도"", ""종별"": ""2종"", ""관리주체구분"": ""공공"", ""항목명"": ""형식 : 박스형 / 연장 : 168.0 m, 차로수 : 4"", ""위치"": ""충청북도 제천시""}"
15124755:518,15124755,518,궁평2지하차도,충청북도 청주시,공공,,"형식 : 박스형 / 연장 : 430.0 m, 차로수 : 4",,,,,,unverified,,CATALOG_ONLY,20230930,2025-11-18,https://data.go.kr/data/15124755/fileData.do,"{""순번(No)"": ""518"", ""시설물명"": ""궁평2지하차도"", ""시설물구분"": ""터널"", ""시설물종류"": ""지하차도"", ""종별"": ""2종"", ""관리주체구분"": ""공공"", ""항목명"": ""형식 : 박스형 / 연장 : 430.0 m, 차로수 : 4"", ""위치"": ""충청북도 청주시""}"
15124755:519,15124755,519,오송바이오폴리스지하차도,충청북도 청주시,공공,,"형식 : 박스형 / 연장 : 455.0 m, 차로수 : 6",,,,,,unverified,,CATALOG_ONLY,20230930,2025-11-18,https://data.go.kr/data/15124755/fileData.do,"{""순번(No)"": ""519"", ""시설물명"": ""오송바이오폴리스지하차도"", ""시설물구분"": ""터널"", ""시설물종류"": ""지하차도"", ""종별"": ""2종"", ""관리주체구분"": ""공공"", ""항목명"": ""형식 : 박스형 / 연장 : 455.0 m, 차로수 : 6"", ""위치"": ""충청북도 청주시""}"
15124755:520,15124755,520,오창지하차도,충청북도 청주시,공공,,"형식 : 박스형 / 연장 : 260.0 m, 차로수 : 4",,,,,,unverified,,CATALOG_ONLY,20230930,2025-11-18,https://data.go.kr/data/15124755/fileData.do,"{""순번(No)"": ""520"", ""시설물명"": ""오창지하차도"", ""시설물구분"": ""터널"", ""시설물종류"": ""지하차도"", ""종별"": ""2종"", ""관리주체구분"": ""공공"", ""항목명"": ""형식 : 박스형 / 연장 : 260.0 m, 차로수 : 4"", ""위치"": ""충청북도 청주시""}"
15124755:521,15124755,521,용암지하차도,충청북도 청주시,공공,,"형식 : 박스형 / 연장 : 470.0 m, 차로수 : 4",,,,,,unverified,,CATALOG_ONLY,20230930,2025-11-18,https://data.go.kr/data/15124755/fileData.do,"{""순번(No)"": ""521"", ""시설물명"": ""용암지하차도"", ""시설물구분"": ""터널"", ""시설물종류"": ""지하차도"", ""종별"": ""2종"", ""관리주체구분"": ""공공"", ""항목명"": ""형식 : 박스형 / 연장 : 470.0 m, 차로수 : 4"", ""위치"": ""충청북도 청주시""}"
15124755:522,15124755,522,터미널 지하차도,충청북도 청주시,공공,,"형식 : 박스형 / 연장 : 480.0 m, 차로수 : 4",,,,,,unverified,,CATALOG_ONLY,20230930,2025-11-18,https://data.go.kr/data/15124755/fileData.do,"{""순번(No)"": ""522"", ""시설물명"": ""터미널 지하차도"", ""시설물구분"": ""터널"", ""시설물종류"": ""지하차도"", ""종별"": ""2종"", ""관리주체구분"": ""공공"", ""항목명"": ""형식 : 박스형 / 연장 : 480.0 m, 차로수 : 4"", ""위치"": ""충청북도 청주시""}"
15124755:523,15124755,523,학평지하차도,충청북도 청주시,공공,,"형식 : 박스형 / 연장 : 155.0 m, 차로수 : 4",,,,,,unverified,,CATALOG_ONLY,20230930,2025-11-18,https://data.go.kr/data/15124755/fileData.do,"{""순번(No)"": ""523"", ""시설물명"": ""학평지하차도"", ""시설물구분"": ""터널"", ""시설물종류"": ""지하차도"", ""종별"": ""2종"", ""관리주체구분"": ""공공"", ""항목명"": ""형식 : 박스형 / 연장 : 155.0 m, 차로수 : 4"", ""위치"": ""충청북도 청주시""}"
15124755:524,15124755,524,입암지하차도,강원특별자치도 강릉시,공공,,"형식 : 박스형 / 연장 : 45.0 m, 차로수 : 2",,,,,,unverified,,CATALOG_ONLY,20230930,2025-11-18,https://data.go.kr/data/15124755/fileData.do,"{""순번(No)"": ""524"", ""시설물명"": ""입암지하차도"", ""시설물구분"": ""터널"", ""시설물종류"": ""지하차도"", ""종별"": ""3종"", ""관리주체구분"": ""공공"", ""항목명"": ""형식 : 박스형 / 연장 : 45.0 m, 차로수 : 2"", ""위치"": ""강원특별자치도 강릉시""}"
15124755:525,15124755,525,교동지하차도,강원특별자치도 속초시,공공,,"형식 : 박스형 / 연장 : 70.0 m, 차로수 : 4",,,,,,unverified,,CATALOG_ONLY,20230930,2025-11-18,https://data.go.kr/data/15124755/fileData.do,"{""순번(No)"": ""525"", ""시설물명"": ""교동지하차도"", ""시설물구분"": ""터널"", ""시설물종류"": ""지하차도"", ""종별"": ""3종"", ""관리주체구분"": ""공공"", ""항목명"": ""형식 : 박스형 / 연장 : 70.0 m, 차로수 : 4"", ""위치"": ""강원특별자치도 속초시""}"
15124755:526,15124755,526,능곡지하차도,경기도 고양시,공공,,"형식 : 미등록 / 연장 : 96.0 m, 차로수 : 6",,,,,,unverified,,CATALOG_ONLY,20230930,2025-11-18,https://data.go.kr/data/15124755/fileData.do,"{""순번(No)"": ""526"", ""시설물명"": ""능곡지하차도"", ""시설물구분"": ""터널"", ""시설물종류"": ""지하차도"", ""종별"": ""3종"", ""관리주체구분"": ""공공"", ""항목명"": ""형식 : 미등록 / 연장 : 96.0 m, 차로수 : 6"", ""위치"": ""경기도 고양시""}"
15124755:527,15124755,527,동골지하차도,경기도 고양시,공공,,"형식 : 미등록 / 연장 : 70.0 m, 차로수 : 2",,,,,,unverified,,CATALOG_ONLY,20230930,2025-11-18,https://data.go.kr/data/15124755/fileData.do,"{""순번(No)"": ""527"", ""시설물명"": ""동골지하차도"", ""시설물구분"": ""터널"", ""시설물종류"": ""지하차도"", ""종별"": ""3종"", ""관리주체구분"": ""공공"", ""항목명"": ""형식 : 미등록 / 연장 : 70.0 m, 차로수 : 2"", ""위치"": ""경기도 고양시""}"
15124755:528,15124755,528,성사주교지하차도,경기도 고양시,공공,,"형식 : 미등록 / 연장 : 82.0 m, 차로수 : 2",,,,,,unverified,,CATALOG_ONLY,20230930,2025-11-18,https://data.go.kr/data/15124755/fileData.do,"{""순번(No)"": ""528"", ""시설물명"": ""성사주교지하차도"", ""시설물구분"": ""터널"", ""시설물종류"": ""지하차도"", ""종별"": ""3종"", ""관리주체구분"": ""공공"", ""항목명"": ""형식 : 미등록 / 연장 : 82.0 m, 차로수 : 2"", ""위치"": ""경기도 고양시""}"
15124755:529,15124755,529,식사 지하차도,경기도 고양시,공공,,-,,,,,,unverified,,CATALOG_ONLY,20230930,2025-11-18,https://data.go.kr/data/15124755/fileData.do,"{""순번(No)"": ""529"", ""시설물명"": ""식사 지하차도"", ""시설물구분"": ""터널"", ""시설물종류"": ""지하차도"", ""종별"": ""3종"", ""관리주체구분"": ""공공"", ""항목명"": ""-"", ""위치"": ""경기도 고양시""}"
15124755:530,15124755,530,안곡습지 생태통로,경기도 고양시,공공,,"형식 : 미등록 / 연장 : 36.0 m, 차로수 : 2",,,,,,unverified,,CATALOG_ONLY,20230930,2025-11-18,https://data.go.kr/data/15124755/fileData.do,"{""순번(No)"": ""530"", ""시설물명"": ""안곡습지 생태통로"", ""시설물구분"": ""터널"", ""시설물종류"": ""지하차도"", ""종별"": ""3종"", ""관리주체구분"": ""공공"", ""항목명"": ""형식 : 미등록 / 연장 : 36.0 m, 차로수 : 2"", ""위치"": ""경기도 고양시""}"
15124755:531,15124755,531,장항지하차도,경기도 고양시,공공,,"형식 : 박스형 / 연장 : 99.0 m, 차로수 : 6",,,,,,unverified,,CATALOG_ONLY,20230930,2025-11-18,https://data.go.kr/data/15124755/fileData.do,"{""순번(No)"": ""531"", ""시설물명"": ""장항지하차도"", ""시설물구분"": ""터널"", ""시설물종류"": ""지하차도"", ""종별"": ""3종"", ""관리주체구분"": ""공공"", ""항목명"": ""형식 : 박스형 / 연장 : 99.0 m, 차로수 : 6"", ""위치"": ""경기도 고양시""}"
15124755:532,15124755,532,화전역지하차도,경기도 고양시,공공,,"형식 : 박스형 / 연장 : 276.0 m, 차로수 : 2",,,,,,unverified,,CATALOG_ONLY,20230930,2025-11-18,https://data.go.kr/data/15124755/fileData.do,"{""순번(No)"": ""532"", ""시설물명"": ""화전역지하차도"", ""시설물구분"": ""터널"", ""시설물종류"": ""지하차도"", ""종별"": ""3종"", ""관리주체구분"": ""공공"", ""항목명"": ""형식 : 박스형 / 연장 : 276.0 m, 차로수 : 2"", ""위치"": ""경기도 고양시""}"
15124755:533,15124755,533,화전지하차도(항공대),경기도 고양시,공공,,"형식 : 미등록 / 연장 : 214.0 m, 차로수 : 4",,,,,,unverified,,CATALOG_ONLY,20230930,2025-11-18,https://data.go.kr/data/15124755/fileData.do,"{""순번(No)"": ""533"", ""시설물명"": ""화전지하차도(항공대)"", ""시설물구분"": ""터널"", ""시설물종류"": ""지하차도"", ""종별"": ""3종"", ""관리주체구분"": ""공공"", ""항목명"": ""형식 : 미등록 / 연장 : 214.0 m, 차로수 : 4"", ""위치"": ""경기도 고양시""}"
15124755:534,15124755,534,가학삼거리 통로BOX,경기도 광명시,공공,,"형식 : 미등록 / 연장 : 25.0 m, 차로수 : 1",,,,,,unverified,,CATALOG_ONLY,20230930,2025-11-18,https://data.go.kr/data/15124755/fileData.do,"{""순번(No)"": ""534"", ""시설물명"": ""가학삼거리 통로BOX"", ""시설물구분"": ""터널"", ""시설물종류"": ""지하차도"", ""종별"": ""3종"", ""관리주체구분"": ""공공"", ""항목명"": ""형식 : 미등록 / 연장 : 25.0 m, 차로수 : 1"", ""위치"": ""경기도 광명시""}"
15124755:535,15124755,535,광명IC지하차도,경기도 광명시,공공,,"형식 : 박스형 / 연장 : 35.0 m, 차로수 : 4",,,,,,unverified,,CATALOG_ONLY,20230930,2025-11-18,https://data.go.kr/data/15124755/fileData.do,"{""순번(No)"": ""535"", ""시설물명"": ""광명IC지하차도"", ""시설물구분"": ""터널"", ""시설물종류"": ""지하차도"", ""종별"": ""3종"", ""관리주체구분"": ""공공"", ""항목명"": ""형식 : 박스형 / 연장 : 35.0 m, 차로수 : 4"", ""위치"": ""경기도 광명시""}"
15124755:536,15124755,536,구석마을 통로BOX,경기도 광명시,공공,,"형식 : 미등록 / 연장 : 40.0 m, 차로수 : 1",,,,,,unverified,,CATALOG_ONLY,20230930,2025-11-18,https://data.go.kr/data/15124755/fileData.do,"{""순번(No)"": ""536"", ""시설물명"": ""구석마을 통로BOX"", ""시설물구분"": ""터널"", ""시설물종류"": ""지하차도"", ""종별"": ""3종"", ""관리주체구분"": ""공공"", ""항목명"": ""형식 : 미등록 / 연장 : 40.0 m, 차로수 : 1"", ""위치"": ""경기도 광명시""}"
15124755:537,15124755,537,뒷골1 통로BOX,경기도 광명시,공공,,"형식 : 미등록 / 연장 : 32.0 m, 차로수 : 1",,,,,,unverified,,CATALOG_ONLY,20230930,2025-11-18,https://data.go.kr/data/15124755/fileData.do,"{""순번(No)"": ""537"", ""시설물명"": ""뒷골1 통로BOX"", ""시설물구분"": ""터널"", ""시설물종류"": ""지하차도"", ""종별"": ""3종"", ""관리주체구분"": ""공공"", ""항목명"": ""형식 : 미등록 / 연장 : 32.0 m, 차로수 : 1"", ""위치"": ""경기도 광명시""}"
15124755:538,15124755,538,뒷골2 통로BOX,경기도 광명시,공공,,"형식 : 미등록 / 연장 : 31.0 m, 차로수 : 1",,,,,,unverified,,CATALOG_ONLY,20230930,2025-11-18,https://data.go.kr/data/15124755/fileData.do,"{""순번(No)"": ""538"", ""시설물명"": ""뒷골2 통로BOX"", ""시설물구분"": ""터널"", ""시설물종류"": ""지하차도"", ""종별"": ""3종"", ""관리주체구분"": ""공공"", ""항목명"": ""형식 : 미등록 / 연장 : 31.0 m, 차로수 : 1"", ""위치"": ""경기도 광명시""}"
15124755:539,15124755,539,뒷골3 통로BOX,경기도 광명시,공공,,"형식 : 미등록 / 연장 : 35.0 m, 차로수 : 1",,,,,,unverified,,CATALOG_ONLY,20230930,2025-11-18,https://data.go.kr/data/15124755/fileData.do,"{""순번(No)"": ""539"", ""시설물명"": ""뒷골3 통로BOX"", ""시설물구분"": ""터널"", ""시설물종류"": ""지하차도"", ""종별"": ""3종"", ""관리주체구분"": ""공공"", ""항목명"": ""형식 : 미등록 / 연장 : 35.0 m, 차로수 : 1"", ""위치"": ""경기도 광명시""}"
15124755:540,15124755,540,식곡1통로박스,경기도 광명시,공공,,"형식 : 박스형 / 연장 : 33.0 m, 차로수 : 1",,,,,,unverified,,CATALOG_ONLY,20230930,2025-11-18,https://data.go.kr/data/15124755/fileData.do,"{""순번(No)"": ""540"", ""시설물명"": ""식곡1통로박스"", ""시설물구분"": ""터널"", ""시설물종류"": ""지하차도"", ""종별"": ""3종"", ""관리주체구분"": ""공공"", ""항목명"": ""형식 : 박스형 / 연장 : 33.0 m, 차로수 : 1"", ""위치"": ""경기도 광명시""}"
15124755:541,15124755,541,식곡2 통로박스,경기도 광명시,공공,,"형식 : 미등록 / 연장 : 30.0 m, 차로수 : 1",,,,,,unverified,,CATALOG_ONLY,20230930,2025-11-18,https://data.go.kr/data/15124755/fileData.do,"{""순번(No)"": ""541"", ""시설물명"": ""식곡2 통로박스"", ""시설물구분"": ""터널"", ""시설물종류"": ""지하차도"", ""종별"": ""3종"", ""관리주체구분"": ""공공"", ""항목명"": ""형식 : 미등록 / 연장 : 30.0 m, 차로수 : 1"", ""위치"": ""경기도 광명시""}"
15124755:542,15124755,542,식곡3통로박스,경기도 광명시,공공,,"형식 : 박스형 / 연장 : 35.5 m, 차로수 : 1",,,,,,unverified,,CATALOG_ONLY,20230930,2025-11-18,https://data.go.kr/data/15124755/fileData.do,"{""순번(No)"": ""542"", ""시설물명"": ""식곡3통로박스"", ""시설물구분"": ""터널"", ""시설물종류"": ""지하차도"", ""종별"": ""3종"", ""관리주체구분"": ""공공"", ""항목명"": ""형식 : 박스형 / 연장 : 35.5 m, 차로수 : 1"", ""위치"": ""경기도 광명시""}"
15124755:543,15124755,543,애기능 통로박스,경기도 광명시,공공,,"형식 : 박스형 / 연장 : 55.0 m, 차로수 : 1",,,,,,unverified,,CATALOG_ONLY,20230930,2025-11-18,https://data.go.kr/data/15124755/fileData.do,"{""순번(No)"": ""543"", ""시설물명"": ""애기능 통로박스"", ""시설물구분"": ""터널"", ""시설물종류"": ""지하차도"", ""종별"": ""3종"", ""관리주체구분"": ""공공"", ""항목명"": ""형식 : 박스형 / 연장 : 55.0 m, 차로수 : 1"", ""위치"": ""경기도 광명시""}"
15124755:544,15124755,544,양지교차로 통로BOX(오리로),경기도 광명시,공공,,"형식 : 미등록 / 연장 : 42.7 m, 차로수 : 1",,,,,,unverified,,CATALOG_ONLY,20230930,2025-11-18,https://data.go.kr/data/15124755/fileData.do,"{""순번(No)"": ""544"", ""시설물명"": ""양지교차로 통로BOX(오리로)"", ""시설물구분"": ""터널"", ""시설물종류"": ""지하차도"", ""종별"": ""3종"", ""관리주체구분"": ""공공"", ""항목명"": ""형식 : 미등록 / 연장 : 42.7 m, 차로수 : 1"", ""위치"": ""경기도 광명시""}"
15124755:545,15124755,545,양지교차로2 통로BOX,경기도 광명시,공공,,"형식 : 미등록 / 연장 : 50.2 m, 차로수 : 1",,,,,,unverified,,CATALOG_ONLY,20230930,2025-11-18,https://data.go.kr/data/15124755/fileData.do,"{""순번(No)"": ""545"", ""시설물명"": ""양지교차로2 통로BOX"", ""시설물구분"": ""터널"", ""시설물종류"": ""지하차도"", ""종별"": ""3종"", ""관리주체구분"": ""공공"", ""항목명"": ""형식 : 미등록 / 연장 : 50.2 m, 차로수 : 1"", ""위치"": ""경기도 광명시""}"
15124755:546,15124755,546,옥길 통로박스,경기도 광명시,공공,,"형식 : 미등록 / 연장 : 21.0 m, 차로수 : 1",,,,,,unverified,,CATALOG_ONLY,20230930,2025-11-18,https://data.go.kr/data/15124755/fileData.do,"{""순번(No)"": ""546"", ""시설물명"": ""옥길 통로박스"", ""시설물구분"": ""터널"", ""시설물종류"": ""지하차도"", ""종별"": ""3종"", ""관리주체구분"": ""공공"", ""항목명"": ""형식 : 미등록 / 연장 : 21.0 m, 차로수 : 1"", ""위치"": ""경기도 광명시""}"
15124755:547,15124755,547,이주단지 앞 통로BOX,경기도 광명시,공공,,"형식 : 미등록 / 연장 : 30.0 m, 차로수 : 1",,,,,,unverified,,CATALOG_ONLY,20230930,2025-11-18,https://data.go.kr/data/15124755/fileData.do,"{""순번(No)"": ""547"", ""시설물명"": ""이주단지 앞 통로BOX"", ""시설물구분"": ""터널"", ""시설물종류"": ""지하차도"", ""종별"": ""3종"", ""관리주체구분"": ""공공"", ""항목명"": ""형식 : 미등록 / 연장 : 30.0 m, 차로수 : 1"", ""위치"": ""경기도 광명시""}"
15124755:548,15124755,548,철산지하차도,경기도 광명시,공공,,"형식 : 미등록 / 연장 : 90.0 m, 차로수 : 4",,,,,,unverified,,CATALOG_ONLY,20230930,2025-11-18,https://data.go.kr/data/15124755/fileData.do,"{""순번(No)"": ""548"", ""시설물명"": ""철산지하차도"", ""시설물구분"": ""터널"", ""시설물종류"": ""지하차도"", ""종별"": ""3종"", ""관리주체구분"": ""공공"", ""항목명"": ""형식 : 미등록 / 연장 : 90.0 m, 차로수 : 4"", ""위치"": ""경기도 광명시""}"
15124755:549,15124755,549,밀목지하보행로,경기도 광주시,공공,,"형식 : 미등록 / 연장 : 30.0 m, 차로수 : 1",,,,,,unverified,,CATALOG_ONLY,20230930,2025-11-18,https://data.go.kr/data/15124755/fileData.do,"{""순번(No)"": ""549"", ""시설물명"": ""밀목지하보행로"", ""시설물구분"": ""터널"", ""시설물종류"": ""지하차도"", ""종별"": ""3종"", ""관리주체구분"": ""공공"", ""항목명"": ""형식 : 미등록 / 연장 : 30.0 m, 차로수 : 1"", ""위치"": ""경기도 광주시""}"
15124755:550,15124755,550,당동 지하차도,경기도 군포시,공공,,"형식 : 미등록 / 연장 : 89.0 m, 차로수 : 2",,,,,,unverified,,CATALOG_ONLY,20230930,2025-11-18,https://data.go.kr/data/15124755/fileData.do,"{""순번(No)"": ""550"", ""시설물명"": ""당동 지하차도"", ""시설물구분"": ""터널"", ""시설물종류"": ""지하차도"", ""종별"": ""3종"", ""관리주체구분"": ""공공"", ""항목명"": ""형식 : 미등록 / 연장 : 89.0 m, 차로수 : 2"", ""위치"": ""경기도 군포시""}"
15124755:551,15124755,551,삼패동물이동통로,경기도 남양주시,공공,,"형식 : 미등록 / 연장 : 46.0 m, 차로수 : 4",,,,,,unverified,,CATALOG_ONLY,20230930,2025-11-18,https://data.go.kr/data/15124755/fileData.do,"{""순번(No)"": ""551"", ""시설물명"": ""삼패동물이동통로"", ""시설물구분"": ""터널"", ""시설물종류"": ""지하차도"", ""종별"": ""3종"", ""관리주체구분"": ""공공"", ""항목명"": ""형식 : 미등록 / 연장 : 46.0 m, 차로수 : 4"", ""위치"": ""경기도 남양주시""}"
15124755:552,15124755,552,양정역 철도통로,경기도 남양주시,공공,,"형식 : 미등록 / 연장 : 90.0 m, 차로수 : 2",,,,,,unverified,,CATALOG_ONLY,20230930,2025-11-18,https://data.go.kr/data/15124755/fileData.do,"{""순번(No)"": ""552"", ""시설물명"": ""양정역 철도통로"", ""시설물구분"": ""터널"", ""시설물종류"": ""지하차도"", ""종별"": ""3종"", ""관리주체구분"": ""공공"", ""항목명"": ""형식 : 미등록 / 연장 : 90.0 m, 차로수 : 2"", ""위치"": ""경기도 남양주시""}"
15124755:553,15124755,553,중촌1지하차도,경기도 남양주시,공공,,"형식 : 미등록 / 연장 : 10.0 m, 차로수 : 1",,,,,,unverified,,CATALOG_ONLY,20230930,2025-11-18,https://data.go.kr/data/15124755/fileData.do,"{""순번(No)"": ""553"", ""시설물명"": ""중촌1지하차도"", ""시설물구분"": ""터널"", ""시설물종류"": ""지하차도"", ""종별"": ""3종"", ""관리주체구분"": ""공공"", ""항목명"": ""형식 : 미등록 / 연장 : 10.0 m, 차로수 : 1"", ""위치"": ""경기도 남양주시""}"
15124755:554,15124755,554,중촌2지하차도,경기도 남양주시,공공,,"형식 : 미등록 / 연장 : 30.0 m, 차로수 : 1",,,,,,unverified,,CATALOG_ONLY,20230930,2025-11-18,https://data.go.kr/data/15124755/fileData.do,"{""순번(No)"": ""554"", ""시설물명"": ""중촌2지하차도"", ""시설물구분"": ""터널"", ""시설물종류"": ""지하차도"", ""종별"": ""3종"", ""관리주체구분"": ""공공"", ""항목명"": ""형식 : 미등록 / 연장 : 30.0 m, 차로수 : 1"", ""위치"": ""경기도 남양주시""}"
15124755:555,15124755,555,평내지하차도,경기도 남양주시,공공,,"형식 : 미등록 / 연장 : 70.0 m, 차로수 : 4",,,,,,unverified,,CATALOG_ONLY,20230930,2025-11-18,https://data.go.kr/data/15124755/fileData.do,"{""순번(No)"": ""555"", ""시설물명"": ""평내지하차도"", ""시설물구분"": ""터널"", ""시설물종류"": ""지하차도"", ""종별"": ""3종"", ""관리주체구분"": ""공공"", ""항목명"": ""형식 : 미등록 / 연장 : 70.0 m, 차로수 : 4"", ""위치"": ""경기도 남양주시""}"
15124755:556,15124755,556,소명지하차도,경기도 부천시,공공,,"형식 : 박스형 / 연장 : 266.0 m, 차로수 : 2",,,,,,unverified,,CATALOG_ONLY,20230930,2025-11-18,https://data.go.kr/data/15124755/fileData.do,"{""순번(No)"": ""556"", ""시설물명"": ""소명지하차도"", ""시설물구분"": ""터널"", ""시설물종류"": ""지하차도"", ""종별"": ""3종"", ""관리주체구분"": ""공공"", ""항목명"": ""형식 : 박스형 / 연장 : 266.0 m, 차로수 : 2"", ""위치"": ""경기도 부천시""}"
15124755:557,15124755,557,역곡지하차도,경기도 부천시,공공,,"형식 : 미등록 / 연장 : 37.6 m, 차로수 : 2",,,,,,unverified,,CATALOG_ONLY,20230930,2025-11-18,https://data.go.kr/data/15124755/fileData.do,"{""순번(No)"": ""557"", ""시설물명"": ""역곡지하차도"", ""시설물구분"": ""터널"", ""시설물종류"": ""지하차도"", ""종별"": ""3종"", ""관리주체구분"": ""공공"", ""항목명"": ""형식 : 미등록 / 연장 : 37.6 m, 차로수 : 2"", ""위치"": ""경기도 부천시""}"
15124755:558,15124755,558,오정휴먼시아 지하차도,경기도 부천시,공공,,"형식 : 미등록 / 연장 : 50.0 m, 차로수 : 2",,,,,,unverified,,CATALOG_ONLY,20230930,2025-11-18,https://data.go.kr/data/15124755/fileData.do,"{""순번(No)"": ""558"", ""시설물명"": ""오정휴먼시아 지하차도"", ""시설물구분"": ""터널"", ""시설물종류"": ""지하차도"", ""종별"": ""3종"", ""관리주체구분"": ""공공"", ""항목명"": ""형식 : 미등록 / 연장 : 50.0 m, 차로수 : 2"", ""위치"": ""경기도 부천시""}"
15124755:559,15124755,559,계원지하보도,경기도 성남시,공공,,"형식 : 미등록 / 연장 : 22.4 m, 차로수 : 1",,,,,,unverified,,CATALOG_ONLY,20230930,2025-11-18,https://data.go.kr/data/15124755/fileData.do,"{""순번(No)"": ""559"", ""시설물명"": ""계원지하보도"", ""시설물구분"": ""터널"", ""시설물종류"": ""지하차도"", ""종별"": ""3종"", ""관리주체구분"": ""공공"", ""항목명"": ""형식 : 미등록 / 연장 : 22.4 m, 차로수 : 1"", ""위치"": ""경기도 성남시""}"
15124755:560,15124755,560,구미지하보도,경기도 성남시,공공,,"형식 : 미등록 / 연장 : 35.4 m, 차로수 : 1",,,,,,unverified,,CATALOG_ONLY,20230930,2025-11-18,https://data.go.kr/data/15124755/fileData.do,"{""순번(No)"": ""560"", ""시설물명"": ""구미지하보도"", ""시설물구분"": ""터널"", ""시설물종류"": ""지하차도"", ""종별"": ""3종"", ""관리주체구분"": ""공공"", ""항목명"": ""형식 : 미등록 / 연장 : 35.4 m, 차로수 : 1"", ""위치"": ""경기도 성남시""}"
15124755:561,15124755,561,금곡지하보도,경기도 성남시,공공,,"형식 : 미등록 / 연장 : 46.5 m, 차로수 : 1",,,,,,unverified,,CATALOG_ONLY,20230930,2025-11-18,https://data.go.kr/data/15124755/fileData.do,"{""순번(No)"": ""561"", ""시설물명"": ""금곡지하보도"", ""시설물구분"": ""터널"", ""시설물종류"": ""지하차도"", ""종별"": ""3종"", ""관리주체구분"": ""공공"", ""항목명"": ""형식 : 미등록 / 연장 : 46.5 m, 차로수 : 1"", ""위치"": ""경기도 성남시""}"
15124755:562,15124755,562,내정지하보도,경기도 성남시,공공,,"형식 : 미등록 / 연장 : 39.4 m, 차로수 : 1",,,,,,unverified,,CATALOG_ONLY,20230930,2025-11-18,https://data.go.kr/data/15124755/fileData.do,"{""순번(No)"": ""562"", ""시설물명"": ""내정지하보도"", ""시설물구분"": ""터널"", ""시설물종류"": ""지하차도"", ""종별"": ""3종"", ""관리주체구분"": ""공공"", ""항목명"": ""형식 : 미등록 / 연장 : 39.4 m, 차로수 : 1"", ""위치"": ""경기도 성남시""}"
15124755:563,15124755,563,두밀지하보도,경기도 성남시,공공,,"형식 : 박스형 / 연장 : 50.6 m, 차로수 : 2",,,,,,unverified,,CATALOG_ONLY,20230930,2025-11-18,https://data.go.kr/data/15124755/fileData.do,"{""순번(No)"": ""563"", ""시설물명"": ""두밀지하보도"", ""시설물구분"": ""터널"", ""시설물종류"": ""지하차도"", ""종별"": ""3종"", ""관리주체구분"": ""공공"", ""항목명"": ""형식 : 박스형 / 연장 : 50.6 m, 차로수 : 2"", ""위치"": ""경기도 성남시""}"
15124755:564,15124755,564,미금지하보도,경기도 성남시,공공,,"형식 : 미등록 / 연장 : 52.1 m, 차로수 : 1",,,,,,unverified,,CATALOG_ONLY,20230930,2025-11-18,https://data.go.kr/data/15124755/fileData.do,"{""순번(No)"": ""564"", ""시설물명"": ""미금지하보도"", ""시설물구분"": ""터널"", ""시설물종류"": ""지하차도"", ""종별"": ""3종"", ""관리주체구분"": ""공공"", ""항목명"": ""형식 : 미등록 / 연장 : 52.1 m, 차로수 : 1"", ""위치"": ""경기도 성남시""}"
15124755:565,15124755,565,백궁지하보도,경기도 성남시,공공,,"형식 : 미등록 / 연장 : 45.8 m, 차로수 : 1",,,,,,unverified,,CATALOG_ONLY,20230930,2025-11-18,https://data.go.kr/data/15124755/fileData.do,"{""순번(No)"": ""565"", ""시설물명"": ""백궁지하보도"", ""시설물구분"": ""터널"", ""시설물종류"": ""지하차도"", ""종별"": ""3종"", ""관리주체구분"": ""공공"", ""항목명"": ""형식 : 미등록 / 연장 : 45.8 m, 차로수 : 1"", ""위치"": ""경기도 성남시""}"
15124755:566,15124755,566,벌말지하차도,경기도 성남시,공공,,"형식 : 미등록 / 연장 : 85.0 m, 차로수 : 3",,,,,,unverified,,CATALOG_ONLY,20230930,2025-11-18,https://data.go.kr/data/15124755/fileData.do,"{""순번(No)"": ""566"", ""시설물명"": ""벌말지하차도"", ""시설물구분"": ""터널"", ""시설물종류"": ""지하차도"", ""종별"": ""3종"", ""관리주체구분"": ""공공"", ""항목명"": ""형식 : 미등록 / 연장 : 85.0 m, 차로수 : 3"", ""위치"": ""경기도 성남시""}"
15124755:567,15124755,567,분당지하보도,경기도 성남시,공공,,"형식 : 미등록 / 연장 : 39.8 m, 차로수 : 1",,,,,,unverified,,CATALOG_ONLY,20230930,2025-11-18,https://data.go.kr/data/15124755/fileData.do,"{""순번(No)"": ""567"", ""시설물명"": ""분당지하보도"", ""시설물구분"": ""터널"", ""시설물종류"": ""지하차도"", ""종별"": ""3종"", ""관리주체구분"": ""공공"", ""항목명"": ""형식 : 미등록 / 연장 : 39.8 m, 차로수 : 1"", ""위치"": ""경기도 성남시""}"
15124755:568,15124755,568,불정지하보도,경기도 성남시,공공,,"형식 : 미등록 / 연장 : 63.9 m, 차로수 : 1",,,,,,unverified,,CATALOG_ONLY,20230930,2025-11-18,https://data.go.kr/data/15124755/fileData.do,"{""순번(No)"": ""568"", ""시설물명"": ""불정지하보도"", ""시설물구분"": ""터널"", ""시설물종류"": ""지하차도"", ""종별"": ""3종"", ""관리주체구분"": ""공공"", ""항목명"": ""형식 : 미등록 / 연장 : 63.9 m, 차로수 : 1"", ""위치"": ""경기도 성남시""}"
15124755:569,15124755,569,서당지하보도,경기도 성남시,공공,,"형식 : 미등록 / 연장 : 50.8 m, 차로수 : 1",,,,,,unverified,,CATALOG_ONLY,20230930,2025-11-18,https://data.go.kr/data/15124755/fileData.do,"{""순번(No)"": ""569"", ""시설물명"": ""서당지하보도"", ""시설물구분"": ""터널"", ""시설물종류"": ""지하차도"", ""종별"": ""3종"", ""관리주체구분"": ""공공"", ""항목명"": ""형식 : 미등록 / 연장 : 50.8 m, 차로수 : 1"", ""위치"": ""경기도 성남시""}"
15124755:570,15124755,570,서현지하차도,경기도 성남시,공공,,"형식 : 미등록 / 연장 : 84.0 m, 차로수 : 6",,,,,,unverified,,CATALOG_ONLY,20230930,2025-11-18,https://data.go.kr/data/15124755/fileData.do,"{""순번(No)"": ""570"", ""시설물명"": ""서현지하차도"", ""시설물구분"": ""터널"", ""시설물종류"": ""지하차도"", ""종별"": ""3종"", ""관리주체구분"": ""공공"", ""항목명"": ""형식 : 미등록 / 연장 : 84.0 m, 차로수 : 6"", ""위치"": ""경기도 성남시""}"
15124755:571,15124755,571,송현지하차도,경기도 성남시,공공,,"형식 : 박스형 / 연장 : 85.0 m, 차로수 : 4",,,,,,unverified,,CATALOG_ONLY,20230930,2025-11-18,https://data.go.kr/data/15124755/fileData.do,"{""순번(No)"": ""571"", ""시설물명"": ""송현지하차도"", ""시설물구분"": ""터널"", ""시설물종류"": ""지하차도"", ""종별"": ""3종"", ""관리주체구분"": ""공공"", ""항목명"": ""형식 : 박스형 / 연장 : 85.0 m, 차로수 : 4"", ""위치"": ""경기도 성남시""}"
15124755:572,15124755,572,수내지하보도,경기도 성남시,공공,,"형식 : 미등록 / 연장 : 18.6 m, 차로수 : 1",,,,,,unverified,,CATALOG_ONLY,20230930,2025-11-18,https://data.go.kr/data/15124755/fileData.do,"{""순번(No)"": ""572"", ""시설물명"": ""수내지하보도"", ""시설물구분"": ""터널"", ""시설물종류"": ""지하차도"", ""종별"": ""3종"", ""관리주체구분"": ""공공"", ""항목명"": ""형식 : 미등록 / 연장 : 18.6 m, 차로수 : 1"", ""위치"": ""경기도 성남시""}"
15124755:573,15124755,573,숲풍지하차도,경기도 성남시,공공,,"형식 : 라멘형 / 연장 : 68.0 m, 차로수 : 4",,,,,,unverified,,CATALOG_ONLY,20230930,2025-11-18,https://data.go.kr/data/15124755/fileData.do,"{""순번(No)"": ""573"", ""시설물명"": ""숲풍지하차도"", ""시설물구분"": ""터널"", ""시설물종류"": ""지하차도"", ""종별"": ""3종"", ""관리주체구분"": ""공공"", ""항목명"": ""형식 : 라멘형 / 연장 : 68.0 m, 차로수 : 4"", ""위치"": ""경기도 성남시""}"
15124755:574,15124755,574,안말지하차도,경기도 성남시,공공,,"형식 : 미등록 / 연장 : 26.0 m, 차로수 : 4",,,,,,unverified,,CATALOG_ONLY,20230930,2025-11-18,https://data.go.kr/data/15124755/fileData.do,"{""순번(No)"": ""574"", ""시설물명"": ""안말지하차도"", ""시설물구분"": ""터널"", ""시설물종류"": ""지하차도"", ""종별"": ""3종"", ""관리주체구분"": ""공공"", ""항목명"": ""형식 : 미등록 / 연장 : 26.0 m, 차로수 : 4"", ""위치"": ""경기도 성남시""}"
15124755:575,15124755,575,야생화지하보도,경기도 성남시,공공,,"형식 : 미등록 / 연장 : 48.8 m, 차로수 : 1",,,,,,unverified,,CATALOG_ONLY,20230930,2025-11-18,https://data.go.kr/data/15124755/fileData.do,"{""순번(No)"": ""575"", ""시설물명"": ""야생화지하보도"", ""시설물구분"": ""터널"", ""시설물종류"": ""지하차도"", ""종별"": ""3종"", ""관리주체구분"": ""공공"", ""항목명"": ""형식 : 미등록 / 연장 : 48.8 m, 차로수 : 1"", ""위치"": ""경기도 성남시""}"
15124755:576,15124755,576,여수지하보도,경기도 성남시,공공,,"형식 : 박스형 / 연장 : 67.3 m, 차로수 : 2",,,,,,unverified,,CATALOG_ONLY,20230930,2025-11-18,https://data.go.kr/data/15124755/fileData.do,"{""순번(No)"": ""576"", ""시설물명"": ""여수지하보도"", ""시설물구분"": ""터널"", ""시설물종류"": ""지하차도"", ""종별"": ""3종"", ""관리주체구분"": ""공공"", ""항목명"": ""형식 : 박스형 / 연장 : 67.3 m, 차로수 : 2"", ""위치"": ""경기도 성남시""}"
15124755:577,15124755,577,이매1지하보도,경기도 성남시,공공,,"형식 : 미등록 / 연장 : 29.3 m, 차로수 : 1",,,,,,unverified,,CATALOG_ONLY,20230930,2025-11-18,https://data.go.kr/data/15124755/fileData.do,"{""순번(No)"": ""577"", ""시설물명"": ""이매1지하보도"", ""시설물구분"": ""터널"", ""시설물종류"": ""지하차도"", ""종별"": ""3종"", ""관리주체구분"": ""공공"", ""항목명"": ""형식 : 미등록 / 연장 : 29.3 m, 차로수 : 1"", ""위치"": ""경기도 성남시""}"
15124755:578,15124755,578,이매2지하보도,경기도 성남시,공공,,"형식 : 미등록 / 연장 : 33.1 m, 차로수 : 1",,,,,,unverified,,CATALOG_ONLY,20230930,2025-11-18,https://data.go.kr/data/15124755/fileData.do,"{""순번(No)"": ""578"", ""시설물명"": ""이매2지하보도"", ""시설물구분"": ""터널"", ""시설물종류"": ""지하차도"", ""종별"": ""3종"", ""관리주체구분"": ""공공"", ""항목명"": ""형식 : 미등록 / 연장 : 33.1 m, 차로수 : 1"", ""위치"": ""경기도 성남시""}"
15124755:579,15124755,579,이매지하보도,경기도 성남시,공공,,"형식 : 미등록 / 연장 : 49.4 m, 차로수 : 1",,,,,,unverified,,CATALOG_ONLY,20230930,2025-11-18,https://data.go.kr/data/15124755/fileData.do,"{""순번(No)"": ""579"", ""시설물명"": ""이매지하보도"", ""시설물구분"": ""터널"", ""시설물종류"": ""지하차도"", ""종별"": ""3종"", ""관리주체구분"": ""공공"", ""항목명"": ""형식 : 미등록 / 연장 : 49.4 m, 차로수 : 1"", ""위치"": ""경기도 성남시""}"
15124755:580,15124755,580,정든지하보도,경기도 성남시,공공,,"형식 : 미등록 / 연장 : 26.0 m, 차로수 : 1",,,,,,unverified,,CATALOG_ONLY,20230930,2025-11-18,https://data.go.kr/data/15124755/fileData.do,"{""순번(No)"": ""580"", ""시설물명"": ""정든지하보도"", ""시설물구분"": ""터널"", ""시설물종류"": ""지하차도"", ""종별"": ""3종"", ""관리주체구분"": ""공공"", ""항목명"": ""형식 : 미등록 / 연장 : 26.0 m, 차로수 : 1"", ""위치"": ""경기도 성남시""}"
15124755:581,15124755,581,정자지하보도,경기도 성남시,공공,,"형식 : 미등록 / 연장 : 39.1 m, 차로수 : 1",,,,,,unverified,,CATALOG_ONLY,20230930,2025-11-18,https://data.go.kr/data/15124755/fileData.do,"{""순번(No)"": ""581"", ""시설물명"": ""정자지하보도"", ""시설물구분"": ""터널"", ""시설물종류"": ""지하차도"", ""종별"": ""3종"", ""관리주체구분"": ""공공"", ""항목명"": ""형식 : 미등록 / 연장 : 39.1 m, 차로수 : 1"", ""위치"": ""경기도 성남시""}"
15124755:582,15124755,582,중원지하보도,경기도 성남시,공공,,"형식 : 미등록 / 연장 : 23.7 m, 차로수 : 2",,,,,,unverified,,CATALOG_ONLY,20230930,2025-11-18,https://data.go.kr/data/15124755/fileData.do,"{""순번(No)"": ""582"", ""시설물명"": ""중원지하보도"", ""시설물구분"": ""터널"", ""시설물종류"": ""지하차도"", ""종별"": ""3종"", ""관리주체구분"": ""공공"", ""항목명"": ""형식 : 미등록 / 연장 : 23.7 m, 차로수 : 2"", ""위치"": ""경기도 성남시""}"
15124755:583,15124755,583,초림지하차도,경기도 성남시,공공,,"형식 : 미등록 / 연장 : 83.0 m, 차로수 : 6",,,,,,unverified,,CATALOG_ONLY,20230930,2025-11-18,https://data.go.kr/data/15124755/fileData.do,"{""순번(No)"": ""583"", ""시설물명"": ""초림지하차도"", ""시설물구분"": ""터널"", ""시설물종류"": ""지하차도"", ""종별"": ""3종"", ""관리주체구분"": ""공공"", ""항목명"": ""형식 : 미등록 / 연장 : 83.0 m, 차로수 : 6"", ""위치"": ""경기도 성남시""}"
15124755:584,15124755,584,탄천1지하보도,경기도 성남시,공공,,"형식 : 미등록 / 연장 : 58.1 m, 차로수 : 1",,,,,,unverified,,CATALOG_ONLY,20230930,2025-11-18,https://data.go.kr/data/15124755/fileData.do,"{""순번(No)"": ""584"", ""시설물명"": ""탄천1지하보도"", ""시설물구분"": ""터널"", ""시설물종류"": ""지하차도"", ""종별"": ""3종"", ""관리주체구분"": ""공공"", ""항목명"": ""형식 : 미등록 / 연장 : 58.1 m, 차로수 : 1"", ""위치"": ""경기도 성남시""}"
15124755:585,15124755,585,탄천2지하보도,경기도 성남시,공공,,"형식 : 미등록 / 연장 : 32.6 m, 차로수 : 1",,,,,,unverified,,CATALOG_ONLY,20230930,2025-11-18,https://data.go.kr/data/15124755/fileData.do,"{""순번(No)"": ""585"", ""시설물명"": ""탄천2지하보도"", ""시설물구분"": ""터널"", ""시설물종류"": ""지하차도"", ""종별"": ""3종"", ""관리주체구분"": ""공공"", ""항목명"": ""형식 : 미등록 / 연장 : 32.6 m, 차로수 : 1"", ""위치"": ""경기도 성남시""}"
15124755:586,15124755,586,탄천3지하보도,경기도 성남시,공공,,"형식 : 미등록 / 연장 : 32.6 m, 차로수 : 1",,,,,,unverified,,CATALOG_ONLY,20230930,2025-11-18,https://data.go.kr/data/15124755/fileData.do,"{""순번(No)"": ""586"", ""시설물명"": ""탄천3지하보도"", ""시설물구분"": ""터널"", ""시설물종류"": ""지하차도"", ""종별"": ""3종"", ""관리주체구분"": ""공공"", ""항목명"": ""형식 : 미등록 / 연장 : 32.6 m, 차로수 : 1"", ""위치"": ""경기도 성남시""}"
15124755:587,15124755,587,탄천4지하보도,경기도 성남시,공공,,"형식 : 미등록 / 연장 : 35.3 m, 차로수 : 1",,,,,,unverified,,CATALOG_ONLY,20230930,2025-11-18,https://data.go.kr/data/15124755/fileData.do,"{""순번(No)"": ""587"", ""시설물명"": ""탄천4지하보도"", ""시설물구분"": ""터널"", ""시설물종류"": ""지하차도"", ""종별"": ""3종"", ""관리주체구분"": ""공공"", ""항목명"": ""형식 : 미등록 / 연장 : 35.3 m, 차로수 : 1"", ""위치"": ""경기도 성남시""}"
15124755:588,15124755,588,탄천5지하보도,경기도 성남시,공공,,"형식 : 미등록 / 연장 : 44.1 m, 차로수 : 1",,,,,,unverified,,CATALOG_ONLY,20230930,2025-11-18,https://data.go.kr/data/15124755/fileData.do,"{""순번(No)"": ""588"", ""시설물명"": ""탄천5지하보도"", ""시설물구분"": ""터널"", ""시설물종류"": ""지하차도"", ""종별"": ""3종"", ""관리주체구분"": ""공공"", ""항목명"": ""형식 : 미등록 / 연장 : 44.1 m, 차로수 : 1"", ""위치"": ""경기도 성남시""}"
15124755:589,15124755,589,탑마을지하보도,경기도 성남시,공공,,"형식 : 미등록 / 연장 : 30.5 m, 차로수 : 1",,,,,,unverified,,CATALOG_ONLY,20230930,2025-11-18,https://data.go.kr/data/15124755/fileData.do,"{""순번(No)"": ""589"", ""시설물명"": ""탑마을지하보도"", ""시설물구분"": ""터널"", ""시설물종류"": ""지하차도"", ""종별"": ""3종"", ""관리주체구분"": ""공공"", ""항목명"": ""형식 : 미등록 / 연장 : 30.5 m, 차로수 : 1"", ""위치"": ""경기도 성남시""}"
15124755:590,15124755,590,태원지하보도,경기도 성남시,공공,,"형식 : 미등록 / 연장 : 53.1 m, 차로수 : 1",,,,,,unverified,,CATALOG_ONLY,20230930,2025-11-18,https://data.go.kr/data/15124755/fileData.do,"{""순번(No)"": ""590"", ""시설물명"": ""태원지하보도"", ""시설물구분"": ""터널"", ""시설물종류"": ""지하차도"", ""종별"": ""3종"", ""관리주체구분"": ""공공"", ""항목명"": ""형식 : 미등록 / 연장 : 53.1 m, 차로수 : 1"", ""위치"": ""경기도 성남시""}"
15124755:591,15124755,591,태평지하차도(1),경기도 성남시,공공,,"형식 : 박스형 / 연장 : 80.0 m, 차로수 : 6",,,,,,unverified,,CATALOG_ONLY,20230930,2025-11-18,https://data.go.kr/data/15124755/fileData.do,"{""순번(No)"": ""591"", ""시설물명"": ""태평지하차도(1)"", ""시설물구분"": ""터널"", ""시설물종류"": ""지하차도"", ""종별"": ""3종"", ""관리주체구분"": ""공공"", ""항목명"": ""형식 : 박스형 / 연장 : 80.0 m, 차로수 : 6"", ""위치"": ""경기도 성남시""}"
15124755:592,15124755,592,태평지하차도(2),경기도 성남시,공공,,"형식 : 라멘형 / 연장 : 80.0 m, 차로수 : 6",,,,,,unverified,,CATALOG_ONLY,20230930,2025-11-18,https://data.go.kr/data/15124755/fileData.do,"{""순번(No)"": ""592"", ""시설물명"": ""태평지하차도(2)"", ""시설물구분"": ""터널"", ""시설물종류"": ""지하차도"", ""종별"": ""3종"", ""관리주체구분"": ""공공"", ""항목명"": ""형식 : 라멘형 / 연장 : 80.0 m, 차로수 : 6"", ""위치"": ""경기도 성남시""}"
15124755:593,15124755,593,하탑지하보도,경기도 성남시,공공,,"형식 : 미등록 / 연장 : 53.5 m, 차로수 : 1",,,,,,unverified,,CATALOG_ONLY,20230930,2025-11-18,https://data.go.kr/data/15124755/fileData.do,"{""순번(No)"": ""593"", ""시설물명"": ""하탑지하보도"", ""시설물구분"": ""터널"", ""시설물종류"": ""지하차도"", ""종별"": ""3종"", ""관리주체구분"": ""공공"", ""항목명"": ""형식 : 미등록 / 연장 : 53.5 m, 차로수 : 1"", ""위치"": ""경기도 성남시""}"
15124755:594,15124755,594,황새울지하보도,경기도 성남시,공공,,"형식 : 미등록 / 연장 : 51.8 m, 차로수 : 1",,,,,,unverified,,CATALOG_ONLY,20230930,2025-11-18,https://data.go.kr/data/15124755/fileData.do,"{""순번(No)"": ""594"", ""시설물명"": ""황새울지하보도"", ""시설물구분"": ""터널"", ""시설물종류"": ""지하차도"", ""종별"": ""3종"", ""관리주체구분"": ""공공"", ""항목명"": ""형식 : 미등록 / 연장 : 51.8 m, 차로수 : 1"", ""위치"": ""경기도 성남시""}"
15124755:595,15124755,595,고향의봄길지하차도,경기도 수원시,공공,,"형식 : 박스형 / 연장 : 40.0 m, 차로수 : 2",,,,,,unverified,,CATALOG_ONLY,20230930,2025-11-18,https://data.go.kr/data/15124755/fileData.do,"{""순번(No)"": ""595"", ""시설물명"": ""고향의봄길지하차도"", ""시설물구분"": ""터널"", ""시설물종류"": ""지하차도"", ""종별"": ""3종"", ""관리주체구분"": ""공공"", ""항목명"": ""형식 : 박스형 / 연장 : 40.0 m, 차로수 : 2"", ""위치"": ""경기도 수원시""}"
15124755:596,15124755,596,당암지하차도,경기도 수원시,공공,,"형식 : 미등록 / 연장 : 188.0 m, 차로수 : 4",,,,,,unverified,,CATALOG_ONLY,20230930,2025-11-18,https://data.go.kr/data/15124755/fileData.do,"{""순번(No)"": ""596"", ""시설물명"": ""당암지하차도"", ""시설물구분"": ""터널"", ""시설물종류"": ""지하차도"", ""종별"": ""3종"", ""관리주체구분"": ""공공"", ""항목명"": ""형식 : 미등록 / 연장 : 188.0 m, 차로수 : 4"", ""위치"": ""경기도 수원시""}"
15124755:597,15124755,597,대황교지하차도,경기도 수원시,공공,,"형식 : 미등록 / 연장 : 382.0 m, 차로수 : 4",,,,,,unverified,,CATALOG_ONLY,20230930,2025-11-18,https://data.go.kr/data/15124755/fileData.do,"{""순번(No)"": ""597"", ""시설물명"": ""대황교지하차도"", ""시설물구분"": ""터널"", ""시설물종류"": ""지하차도"", ""종별"": ""3종"", ""관리주체구분"": ""공공"", ""항목명"": ""형식 : 미등록 / 연장 : 382.0 m, 차로수 : 4"", ""위치"": ""경기도 수원시""}"
15124755:598,15124755,598,매원지하보도,경기도 수원시,공공,,"형식 : 미등록 / 연장 : 30.0 m, 차로수 : 9",,,,,,unverified,,CATALOG_ONLY,20230930,2025-11-18,https://data.go.kr/data/15124755/fileData.do,"{""순번(No)"": ""598"", ""시설물명"": ""매원지하보도"", ""시설물구분"": ""터널"", ""시설물종류"": ""지하차도"", ""종별"": ""3종"", ""관리주체구분"": ""공공"", ""항목명"": ""형식 : 미등록 / 연장 : 30.0 m, 차로수 : 9"", ""위치"": ""경기도 수원시""}"
15124755:599,15124755,599,밤꽃마을지하차도,경기도 수원시,공공,,"형식 : 미등록 / 연장 : 270.0 m, 차로수 : 2",,,,,,unverified,,CATALOG_ONLY,20230930,2025-11-18,https://data.go.kr/data/15124755/fileData.do,"{""순번(No)"": ""599"", ""시설물명"": ""밤꽃마을지하차도"", ""시설물구분"": ""터널"", ""시설물종류"": ""지하차도"", ""종별"": ""3종"", ""관리주체구분"": ""공공"", ""항목명"": ""형식 : 미등록 / 연장 : 270.0 m, 차로수 : 2"", ""위치"": ""경기도 수원시""}"
15124755:600,15124755,600,벽적골지하보도,경기도 수원시,공공,,"형식 : 미등록 / 연장 : 46.5 m, 차로수 : 2",,,,,,unverified,,CATALOG_ONLY,20230930,2025-11-18,https://data.go.kr/data/15124755/fileData.do,"{""순번(No)"": ""600"", ""시설물명"": ""벽적골지하보도"", ""시설물구분"": ""터널"", ""시설물종류"": ""지하차도"", ""종별"": ""3종"", ""관리주체구분"": ""공공"", ""항목명"": ""형식 : 미등록 / 연장 : 46.5 m, 차로수 : 2"", ""위치"": ""경기도 수원시""}"
15124755:601,15124755,601,비상활주로지하보도,경기도 수원시,공공,,"형식 : 미등록 / 연장 : 95.0 m, 차로수 : 1",,,,,,unverified,,CATALOG_ONLY,20230930,2025-11-18,https://data.go.kr/data/15124755/fileData.do,"{""순번(No)"": ""601"", ""시설물명"": ""비상활주로지하보도"", ""시설물구분"": ""터널"", ""시설물종류"": ""지하차도"", ""종별"": ""3종"", ""관리주체구분"": ""공공"", ""항목명"": ""형식 : 미등록 / 연장 : 95.0 m, 차로수 : 1"", ""위치"": ""경기도 수원시""}"
15124755:602,15124755,602,살구골지하보도,경기도 수원시,공공,,"형식 : 미등록 / 연장 : 39.0 m, 차로수 : 2",,,,,,unverified,,CATALOG_ONLY,20230930,2025-11-18,https://data.go.kr/data/15124755/fileData.do,"{""순번(No)"": ""602"", ""시설물명"": ""살구골지하보도"", ""시설물구분"": ""터널"", ""시설물종류"": ""지하차도"", ""종별"": ""3종"", ""관리주체구분"": ""공공"", ""항목명"": ""형식 : 미등록 / 연장 : 39.0 m, 차로수 : 2"", ""위치"": ""경기도 수원시""}"
15124755:603,15124755,603,새터지하차도,경기도 수원시,공공,,"형식 : 미등록 / 연장 : 94.3 m, 차로수 : 2",,,,,,unverified,,CATALOG_ONLY,20230930,2025-11-18,https://data.go.kr/data/15124755/fileData.do,"{""순번(No)"": ""603"", ""시설물명"": ""새터지하차도"", ""시설물구분"": ""터널"", ""시설물종류"": ""지하차도"", ""종별"": ""3종"", ""관리주체구분"": ""공공"", ""항목명"": ""형식 : 미등록 / 연장 : 94.3 m, 차로수 : 2"", ""위치"": ""경기도 수원시""}"
15124755:604,15124755,604,세평지하차도,경기도 수원시,공공,,-,,,,,,unverified,,CATALOG_ONLY,20230930,2025-11-18,https://data.go.kr/data/15124755/fileData.do,"{""순번(No)"": ""604"", ""시설물명"": ""세평지하차도"", ""시설물구분"": ""터널"", ""시설물종류"": ""지하차도"", ""종별"": ""3종"", ""관리주체구분"": ""공공"", ""항목명"": ""-"", ""위치"": ""경기도 수원시""}"
15124755:605,15124755,605,쑥고개지하보도,경기도 수원시,공공,,"형식 : 미등록 / 연장 : 32.0 m, 차로수 : 2",,,,,,unverified,,CATALOG_ONLY,20230930,2025-11-18,https://data.go.kr/data/15124755/fileData.do,"{""순번(No)"": ""605"", ""시설물명"": ""쑥고개지하보도"", ""시설물구분"": ""터널"", ""시설물종류"": ""지하차도"", ""종별"": ""3종"", ""관리주체구분"": ""공공"", ""항목명"": ""형식 : 미등록 / 연장 : 32.0 m, 차로수 : 2"", ""위치"": ""경기도 수원시""}"
15124755:606,15124755,606,영생지하차도,경기도 수원시,공공,,"형식 : 미등록 / 연장 : 42.0 m, 차로수 : 2",,,,,,unverified,,CATALOG_ONLY,20230930,2025-11-18,https://data.go.kr/data/15124755/fileData.do,"{""순번(No)"": ""606"", ""시설물명"": ""영생지하차도"", ""시설물구분"": ""터널"", ""시설물종류"": ""지하차도"", ""종별"": ""3종"", ""관리주체구분"": ""공공"", ""항목명"": ""형식 : 미등록 / 연장 : 42.0 m, 차로수 : 2"", ""위치"": ""경기도 수원시""}"
15124755:607,15124755,607,웃거리지하보도,경기도 수원시,공공,,"형식 : 미등록 / 연장 : 32.0 m, 차로수 : 1",,,,,,unverified,,CATALOG_ONLY,20230930,2025-11-18,https://data.go.kr/data/15124755/fileData.do,"{""순번(No)"": ""607"", ""시설물명"": ""웃거리지하보도"", ""시설물구분"": ""터널"", ""시설물종류"": ""지하차도"", ""종별"": ""3종"", ""관리주체구분"": ""공공"", ""항목명"": ""형식 : 미등록 / 연장 : 32.0 m, 차로수 : 1"", ""위치"": ""경기도 수원시""}"
15124755:608,15124755,608,율전지하도,경기도 수원시,공공,,"형식 : 미등록 / 연장 : 37.3 m, 차로수 : 2",,,,,,unverified,,CATALOG_ONLY,20230930,2025-11-18,https://data.go.kr/data/15124755/fileData.do,"{""순번(No)"": ""608"", ""시설물명"": ""율전지하도"", ""시설물구분"": ""터널"", ""시설물종류"": ""지하차도"", ""종별"": ""3종"", ""관리주체구분"": ""공공"", ""항목명"": ""형식 : 미등록 / 연장 : 37.3 m, 차로수 : 2"", ""위치"": ""경기도 수원시""}"
15124755:609,15124755,609,이목지하차도,경기도 수원시,공공,,"형식 : 미등록 / 연장 : 140.0 m, 차로수 : 4",,,,,,unverified,,CATALOG_ONLY,20230930,2025-11-18,https://data.go.kr/data/15124755/fileData.do,"{""순번(No)"": ""609"", ""시설물명"": ""이목지하차도"", ""시설물구분"": ""터널"", ""시설물종류"": ""지하차도"", ""종별"": ""3종"", ""관리주체구분"": ""공공"", ""항목명"": ""형식 : 미등록 / 연장 : 140.0 m, 차로수 : 4"", ""위치"": ""경기도 수원시""}"
15124755:610,15124755,610,일월지하보도,경기도 수원시,공공,,"형식 : 미등록 / 연장 : 46.8 m, 차로수 : 1",,,,,,unverified,,CATALOG_ONLY,20230930,2025-11-18,https://data.go.kr/data/15124755/fileData.do,"{""순번(No)"": ""610"", ""시설물명"": ""일월지하보도"", ""시설물구분"": ""터널"", ""시설물종류"": ""지하차도"", ""종별"": ""3종"", ""관리주체구분"": ""공공"", ""항목명"": ""형식 : 미등록 / 연장 : 46.8 m, 차로수 : 1"", ""위치"": ""경기도 수원시""}"
15124755:611,15124755,611,탑동지하차도,경기도 수원시,공공,,"형식 : 미등록 / 연장 : 700.0 m, 차로수 : 4",,,,,,unverified,,CATALOG_ONLY,20230930,2025-11-18,https://data.go.kr/data/15124755/fileData.do,"{""순번(No)"": ""611"", ""시설물명"": ""탑동지하차도"", ""시설물구분"": ""터널"", ""시설물종류"": ""지하차도"", ""종별"": ""3종"", ""관리주체구분"": ""공공"", ""항목명"": ""형식 : 미등록 / 연장 : 700.0 m, 차로수 : 4"", ""위치"": ""경기도 수원시""}"
15124755:612,15124755,612,태장지하보도,경기도 수원시,공공,,"형식 : 미등록 / 연장 : 50.0 m, 차로수 : 2",,,,,,unverified,,CATALOG_ONLY,20230930,2025-11-18,https://data.go.kr/data/15124755/fileData.do,"{""순번(No)"": ""612"", ""시설물명"": ""태장지하보도"", ""시설물구분"": ""터널"", ""시설물종류"": ""지하차도"", ""종별"": ""3종"", ""관리주체구분"": ""공공"", ""항목명"": ""형식 : 미등록 / 연장 : 50.0 m, 차로수 : 2"", ""위치"": ""경기도 수원시""}"
15124755:613,15124755,613,하유지하차도,경기도 수원시,공공,,"형식 : 미등록 / 연장 : 96.0 m, 차로수 : 2",,,,,,unverified,,CATALOG_ONLY,20230930,2025-11-18,https://data.go.kr/data/15124755/fileData.do,"{""순번(No)"": ""613"", ""시설물명"": ""하유지하차도"", ""시설물구분"": ""터널"", ""시설물종류"": ""지하차도"", ""종별"": ""3종"", ""관리주체구분"": ""공공"", ""항목명"": ""형식 : 미등록 / 연장 : 96.0 m, 차로수 : 2"", ""위치"": ""경기도 수원시""}"
15124755:614,15124755,614,화산지하차도,경기도 수원시,공공,,"형식 : 박스형 / 연장 : 50.0 m, 차로수 : 4",,,,,,unverified,,CATALOG_ONLY,20230930,2025-11-18,https://data.go.kr/data/15124755/fileData.do,"{""순번(No)"": ""614"", ""시설물명"": ""화산지하차도"", ""시설물구분"": ""터널"", ""시설물종류"": ""지하차도"", ""종별"": ""3종"", ""관리주체구분"": ""공공"", ""항목명"": ""형식 : 박스형 / 연장 : 50.0 m, 차로수 : 4"", ""위치"": ""경기도 수원시""}"
15124755:615,15124755,615,논곡지하차도,경기도 시흥시,공공,,"형식 : 미등록 / 연장 : 20.0 m, 차로수 : 2",,,,,,unverified,,CATALOG_ONLY,20230930,2025-11-18,https://data.go.kr/data/15124755/fileData.do,"{""순번(No)"": ""615"", ""시설물명"": ""논곡지하차도"", ""시설물구분"": ""터널"", ""시설물종류"": ""지하차도"", ""종별"": ""3종"", ""관리주체구분"": ""공공"", ""항목명"": ""형식 : 미등록 / 연장 : 20.0 m, 차로수 : 2"", ""위치"": ""경기도 시흥시""}"
15124755:616,15124755,616,능곡지하차도,경기도 시흥시,공공,,"형식 : 라멘형 / 연장 : 70.0 m, 차로수 : 4",,,,,,unverified,,CATALOG_ONLY,20230930,2025-11-18,https://data.go.kr/data/15124755/fileData.do,"{""순번(No)"": ""616"", ""시설물명"": ""능곡지하차도"", ""시설물구분"": ""터널"", ""시설물종류"": ""지하차도"", ""종별"": ""3종"", ""관리주체구분"": ""공공"", ""항목명"": ""형식 : 라멘형 / 연장 : 70.0 m, 차로수 : 4"", ""위치"": ""경기도 시흥시""}"
15124755:617,15124755,617,도창지하차도,경기도 시흥시,공공,,"형식 : 미등록 / 연장 : 20.0 m, 차로수 : 2",,,,,,unverified,,CATALOG_ONLY,20230930,2025-11-18,https://data.go.kr/data/15124755/fileData.do,"{""순번(No)"": ""617"", ""시설물명"": ""도창지하차도"", ""시설물구분"": ""터널"", ""시설물종류"": ""지하차도"", ""종별"": ""3종"", ""관리주체구분"": ""공공"", ""항목명"": ""형식 : 미등록 / 연장 : 20.0 m, 차로수 : 2"", ""위치"": ""경기도 시흥시""}"
15124755:618,15124755,618,목감IC 지하차도,경기도 시흥시,공공,,"형식 : 박스형 / 연장 : 430.0 m, 차로수 : 4",,,,,,unverified,,CATALOG_ONLY,20230930,2025-11-18,https://data.go.kr/data/15124755/fileData.do,"{""순번(No)"": ""618"", ""시설물명"": ""목감IC 지하차도"", ""시설물구분"": ""터널"", ""시설물종류"": ""지하차도"", ""종별"": ""3종"", ""관리주체구분"": ""공공"", ""항목명"": ""형식 : 박스형 / 연장 : 430.0 m, 차로수 : 4"", ""위치"": ""경기도 시흥시""}"
15124755:619,15124755,619,안산역 지하차도,경기도 안산시,공공,,"형식 : 박스형 / 연장 : 372.0 m, 차로수 : 4",,,,,,unverified,,CATALOG_ONLY,20230930,2025-11-18,https://data.go.kr/data/15124755/fileData.do,"{""순번(No)"": ""619"", ""시설물명"": ""안산역 지하차도"", ""시설물구분"": ""터널"", ""시설물종류"": ""지하차도"", ""종별"": ""3종"", ""관리주체구분"": ""공공"", ""항목명"": ""형식 : 박스형 / 연장 : 372.0 m, 차로수 : 4"", ""위치"": ""경기도 안산시""}"
15124755:620,15124755,620,팔곡지하차도,경기도 안산시,공공,,"형식 : 미등록 / 연장 : 80.0 m, 차로수 : 2",,,,,,unverified,,CATALOG_ONLY,20230930,2025-11-18,https://data.go.kr/data/15124755/fileData.do,"{""순번(No)"": ""620"", ""시설물명"": ""팔곡지하차도"", ""시설물구분"": ""터널"", ""시설물종류"": ""지하차도"", ""종별"": ""3종"", ""관리주체구분"": ""공공"", ""항목명"": ""형식 : 미등록 / 연장 : 80.0 m, 차로수 : 2"", ""위치"": ""경기도 안산시""}"
15124755:621,15124755,621,고은지하차도,경기도 안성시,공공,,"형식 : RC BOX / 연장 : 31.0 m, 차로수 : 2",,,,,,unverified,,CATALOG_ONLY,20230930,2025-11-18,https://data.go.kr/data/15124755/fileData.do,"{""순번(No)"": ""621"", ""시설물명"": ""고은지하차도"", ""시설물구분"": ""터널"", ""시설물종류"": ""지하차도"", ""종별"": ""3종"", ""관리주체구분"": ""공공"", ""항목명"": ""형식 : RC BOX / 연장 : 31.0 m, 차로수 : 2"", ""위치"": ""경기도 안성시""}"
15124755:622,15124755,622,관악역 앞 지하보도,경기도 안양시,공공,,"형식 : 미등록 / 연장 : 55.0 m, 차로수 : 2",,,,,,unverified,,CATALOG_ONLY,20230930,2025-11-18,https://data.go.kr/data/15124755/fileData.do,"{""순번(No)"": ""622"", ""시설물명"": ""관악역 앞 지하보도"", ""시설물구분"": ""터널"", ""시설물종류"": ""지하차도"", ""종별"": ""3종"", ""관리주체구분"": ""공공"", ""항목명"": ""형식 : 미등록 / 연장 : 55.0 m, 차로수 : 2"", ""위치"": ""경기도 안양시""}"
15124755:623,15124755,623,뉴코아백화점 앞 지하보도,경기도 안양시,공공,,"형식 : 미등록 / 연장 : 46.0 m, 차로수 : 1",,,,,,unverified,,CATALOG_ONLY,20230930,2025-11-18,https://data.go.kr/data/15124755/fileData.do,"{""순번(No)"": ""623"", ""시설물명"": ""뉴코아백화점 앞 지하보도"", ""시설물구분"": ""터널"", ""시설물종류"": ""지하차도"", ""종별"": ""3종"", ""관리주체구분"": ""공공"", ""항목명"": ""형식 : 미등록 / 연장 : 46.0 m, 차로수 : 1"", ""위치"": ""경기도 안양시""}"
15124755:624,15124755,624,대림대학교 앞 지하보도,경기도 안양시,공공,,"형식 : 미등록 / 연장 : 46.0 m, 차로수 : 1",,,,,,unverified,,CATALOG_ONLY,20230930,2025-11-18,https://data.go.kr/data/15124755/fileData.do,"{""순번(No)"": ""624"", ""시설물명"": ""대림대학교 앞 지하보도"", ""시설물구분"": ""터널"", ""시설물종류"": ""지하차도"", ""종별"": ""3종"", ""관리주체구분"": ""공공"", ""항목명"": ""형식 : 미등록 / 연장 : 46.0 m, 차로수 : 1"", ""위치"": ""경기도 안양시""}"
15124755:625,15124755,625,만안초교 앞 지하보도,경기도 안양시,공공,,"형식 : 박스형 / 연장 : 30.9 m, 차로수 : 2",,,,,,unverified,,CATALOG_ONLY,20230930,2025-11-18,https://data.go.kr/data/15124755/fileData.do,"{""순번(No)"": ""625"", ""시설물명"": ""만안초교 앞 지하보도"", ""시설물구분"": ""터널"", ""시설물종류"": ""지하차도"", ""종별"": ""3종"", ""관리주체구분"": ""공공"", ""항목명"": ""형식 : 박스형 / 연장 : 30.9 m, 차로수 : 2"", ""위치"": ""경기도 안양시""}"
15124755:626,15124755,626,명학지하차도,경기도 안양시,공공,,"형식 : 미등록 / 연장 : 55.0 m, 차로수 : 2",,,,,,unverified,,CATALOG_ONLY,20230930,2025-11-18,https://data.go.kr/data/15124755/fileData.do,"{""순번(No)"": ""626"", ""시설물명"": ""명학지하차도"", ""시설물구분"": ""터널"", ""시설물종류"": ""지하차도"", ""종별"": ""3종"", ""관리주체구분"": ""공공"", ""항목명"": ""형식 : 미등록 / 연장 : 55.0 m, 차로수 : 2"", ""위치"": ""경기도 안양시""}"
15124755:627,15124755,627,부림중학교 앞 지하보도,경기도 안양시,공공,,"형식 : 미등록 / 연장 : 48.8 m, 차로수 : 1",,,,,,unverified,,CATALOG_ONLY,20230930,2025-11-18,https://data.go.kr/data/15124755/fileData.do,"{""순번(No)"": ""627"", ""시설물명"": ""부림중학교 앞 지하보도"", ""시설물구분"": ""터널"", ""시설물종류"": ""지하차도"", ""종별"": ""3종"", ""관리주체구분"": ""공공"", ""항목명"": ""형식 : 미등록 / 연장 : 48.8 m, 차로수 : 1"", ""위치"": ""경기도 안양시""}"
15124755:628,15124755,628,비산주유소 앞 지하보도,경기도 안양시,공공,,"형식 : 미등록 / 연장 : 46.0 m, 차로수 : 1",,,,,,unverified,,CATALOG_ONLY,20230930,2025-11-18,https://data.go.kr/data/15124755/fileData.do,"{""순번(No)"": ""628"", ""시설물명"": ""비산주유소 앞 지하보도"", ""시설물구분"": ""터널"", ""시설물종류"": ""지하차도"", ""종별"": ""3종"", ""관리주체구분"": ""공공"", ""항목명"": ""형식 : 미등록 / 연장 : 46.0 m, 차로수 : 1"", ""위치"": ""경기도 안양시""}"
15124755:629,15124755,629,서안양우체국사거리 지하보도,경기도 안양시,공공,,"형식 : 박스형 / 연장 : 31.5 m, 차로수 : 2",,,,,,unverified,,CATALOG_ONLY,20230930,2025-11-18,https://data.go.kr/data/15124755/fileData.do,"{""순번(No)"": ""629"", ""시설물명"": ""서안양우체국사거리 지하보도"", ""시설물구분"": ""터널"", ""시설물종류"": ""지하차도"", ""종별"": ""3종"", ""관리주체구분"": ""공공"", ""항목명"": ""형식 : 박스형 / 연장 : 31.5 m, 차로수 : 2"", ""위치"": ""경기도 안양시""}"
15124755:630,15124755,630,석수동대림(아) 앞 지하보도,경기도 안양시,공공,,"형식 : 박스형 / 연장 : 51.5 m, 차로수 : 2",,,,,,unverified,,CATALOG_ONLY,20230930,2025-11-18,https://data.go.kr/data/15124755/fileData.do,"{""순번(No)"": ""630"", ""시설물명"": ""석수동대림(아) 앞 지하보도"", ""시설물구분"": ""터널"", ""시설물종류"": ""지하차도"", ""종별"": ""3종"", ""관리주체구분"": ""공공"", ""항목명"": ""형식 : 박스형 / 연장 : 51.5 m, 차로수 : 2"", ""위치"": ""경기도 안양시""}"
15124755:631,15124755,631,시청 앞 지하보도,경기도 안양시,공공,,"형식 : 미등록 / 연장 : 46.0 m, 차로수 : 1",,,,,,unverified,,CATALOG_ONLY,20230930,2025-11-18,https://data.go.kr/data/15124755/fileData.do,"{""순번(No)"": ""631"", ""시설물명"": ""시청 앞 지하보도"", ""시설물구분"": ""터널"", ""시설물종류"": ""지하차도"", ""종별"": ""3종"", ""관리주체구분"": ""공공"", ""항목명"": ""형식 : 미등록 / 연장 : 46.0 m, 차로수 : 1"", ""위치"": ""경기도 안양시""}"
15124755:632,15124755,632,신기중학교 앞 지하보도,경기도 안양시,공공,,"형식 : 미등록 / 연장 : 89.8 m, 차로수 : 1",,,,,,unverified,,CATALOG_ONLY,20230930,2025-11-18,https://data.go.kr/data/15124755/fileData.do,"{""순번(No)"": ""632"", ""시설물명"": ""신기중학교 앞 지하보도"", ""시설물구분"": ""터널"", ""시설물종류"": ""지하차도"", ""종별"": ""3종"", ""관리주체구분"": ""공공"", ""항목명"": ""형식 : 미등록 / 연장 : 89.8 m, 차로수 : 1"", ""위치"": ""경기도 안양시""}"
15124755:633,15124755,633,예술공원 지하차도,경기도 안양시,공공,,"형식 : 미등록 / 연장 : 25.0 m, 차로수 : 2",,,,,,unverified,,CATALOG_ONLY,20230930,2025-11-18,https://data.go.kr/data/15124755/fileData.do,"{""순번(No)"": ""633"", ""시설물명"": ""예술공원 지하차도"", ""시설물구분"": ""터널"", ""시설물종류"": ""지하차도"", ""종별"": ""3종"", ""관리주체구분"": ""공공"", ""항목명"": ""형식 : 미등록 / 연장 : 25.0 m, 차로수 : 2"", ""위치"": ""경기도 안양시""}"
15124755:634,15124755,634,우편집중국 앞 지하보도,경기도 안양시,공공,,"형식 : 미등록 / 연장 : 48.8 m, 차로수 : 1",,,,,,unverified,,CATALOG_ONLY,20230930,2025-11-18,https://data.go.kr/data/15124755/fileData.do,"{""순번(No)"": ""634"", ""시설물명"": ""우편집중국 앞 지하보도"", ""시설물구분"": ""터널"", ""시설물종류"": ""지하차도"", ""종별"": ""3종"", ""관리주체구분"": ""공공"", ""항목명"": ""형식 : 미등록 / 연장 : 48.8 m, 차로수 : 1"", ""위치"": ""경기도 안양시""}"
15124755:635,15124755,635,제일은행 앞 지하보도,경기도 안양시,공공,,"형식 : 미등록 / 연장 : 46.0 m, 차로수 : 1",,,,,,unverified,,CATALOG_ONLY,20230930,2025-11-18,https://data.go.kr/data/15124755/fileData.do,"{""순번(No)"": ""635"", ""시설물명"": ""제일은행 앞 지하보도"", ""시설물구분"": ""터널"", ""시설물종류"": ""지하차도"", ""종별"": ""3종"", ""관리주체구분"": ""공공"", ""항목명"": ""형식 : 미등록 / 연장 : 46.0 m, 차로수 : 1"", ""위치"": ""경기도 안양시""}"
15124755:636,15124755,636,조선일보사 앞 지하보도,경기도 안양시,공공,,"형식 : 미등록 / 연장 : 30.8 m, 차로수 : 1",,,,,,unverified,,CATALOG_ONLY,20230930,2025-11-18,https://data.go.kr/data/15124755/fileData.do,"{""순번(No)"": ""636"", ""시설물명"": ""조선일보사 앞 지하보도"", ""시설물구분"": ""터널"", ""시설물종류"": ""지하차도"", ""종별"": ""3종"", ""관리주체구분"": ""공공"", ""항목명"": ""형식 : 미등록 / 연장 : 30.8 m, 차로수 : 1"", ""위치"": ""경기도 안양시""}"
15124755:637,15124755,637,주접 지하차도,경기도 안양시,공공,,"형식 : 미등록 / 연장 : 26.5 m, 차로수 : 3",,,,,,unverified,,CATALOG_ONLY,20230930,2025-11-18,https://data.go.kr/data/15124755/fileData.do,"{""순번(No)"": ""637"", ""시설물명"": ""주접 지하차도"", ""시설물구분"": ""터널"", ""시설물종류"": ""지하차도"", ""종별"": ""3종"", ""관리주체구분"": ""공공"", ""항목명"": ""형식 : 미등록 / 연장 : 26.5 m, 차로수 : 3"", ""위치"": ""경기도 안양시""}"
15124755:638,15124755,638,중앙초교 앞 지하보도,경기도 안양시,공공,,"형식 : 미등록 / 연장 : 46.0 m, 차로수 : 1",,,,,,unverified,,CATALOG_ONLY,20230930,2025-11-18,https://data.go.kr/data/15124755/fileData.do,"{""순번(No)"": ""638"", ""시설물명"": ""중앙초교 앞 지하보도"", ""시설물구분"": ""터널"", ""시설물종류"": ""지하차도"", ""종별"": ""3종"", ""관리주체구분"": ""공공"", ""항목명"": ""형식 : 미등록 / 연장 : 46.0 m, 차로수 : 1"", ""위치"": ""경기도 안양시""}"
15124755:639,15124755,639,청원 지하차도,경기도 안양시,공공,,"형식 : 미등록 / 연장 : 33.0 m, 차로수 : 2",,,,,,unverified,,CATALOG_ONLY,20230930,2025-11-18,https://data.go.kr/data/15124755/fileData.do,"{""순번(No)"": ""639"", ""시설물명"": ""청원 지하차도"", ""시설물구분"": ""터널"", ""시설물종류"": ""지하차도"", ""종별"": ""3종"", ""관리주체구분"": ""공공"", ""항목명"": ""형식 : 미등록 / 연장 : 33.0 m, 차로수 : 2"", ""위치"": ""경기도 안양시""}"
15124755:640,15124755,640,평촌역 중소기업은행 앞 지하보도,경기도 안양시,공공,,"형식 : 미등록 / 연장 : 48.0 m, 차로수 : 1",,,,,,unverified,,CATALOG_ONLY,20230930,2025-11-18,https://data.go.kr/data/15124755/fileData.do,"{""순번(No)"": ""640"", ""시설물명"": ""평촌역 중소기업은행 앞 지하보도"", ""시설물구분"": ""터널"", ""시설물종류"": ""지하차도"", ""종별"": ""3종"", ""관리주체구분"": ""공공"", ""항목명"": ""형식 : 미등록 / 연장 : 48.0 m, 차로수 : 1"", ""위치"": ""경기도 안양시""}"
15124755:641,15124755,641,학원가 앞 지하보도,경기도 안양시,공공,,"형식 : 미등록 / 연장 : 48.8 m, 차로수 : 1",,,,,,unverified,,CATALOG_ONLY,20230930,2025-11-18,https://data.go.kr/data/15124755/fileData.do,"{""순번(No)"": ""641"", ""시설물명"": ""학원가 앞 지하보도"", ""시설물구분"": ""터널"", ""시설물종류"": ""지하차도"", ""종별"": ""3종"", ""관리주체구분"": ""공공"", ""항목명"": ""형식 : 미등록 / 연장 : 48.8 m, 차로수 : 1"", ""위치"": ""경기도 안양시""}"
15124755:642,15124755,642,호계시장 앞 지하보도,경기도 안양시,공공,,"형식 : 미등록 / 연장 : 46.0 m, 차로수 : 1",,,,,,unverified,,CATALOG_ONLY,20230930,2025-11-18,https://data.go.kr/data/15124755/fileData.do,"{""순번(No)"": ""642"", ""시설물명"": ""호계시장 앞 지하보도"", ""시설물구분"": ""터널"", ""시설물종류"": ""지하차도"", ""종별"": ""3종"", ""관리주체구분"": ""공공"", ""항목명"": ""형식 : 미등록 / 연장 : 46.0 m, 차로수 : 1"", ""위치"": ""경기도 안양시""}"
15124755:643,15124755,643,송추지하차도,경기도 양주시,공공,,"형식 : 미등록 / 연장 : 138.0 m, 차로수 : 4",,,,,,unverified,,CATALOG_ONLY,20230930,2025-11-18,https://data.go.kr/data/15124755/fileData.do,"{""순번(No)"": ""643"", ""시설물명"": ""송추지하차도"", ""시설물구분"": ""터널"", ""시설물종류"": ""지하차도"", ""종별"": ""3종"", ""관리주체구분"": ""공공"", ""항목명"": ""형식 : 미등록 / 연장 : 138.0 m, 차로수 : 4"", ""위치"": ""경기도 양주시""}"
15124755:644,15124755,644,온골지하차도,경기도 연천군,공공,,"형식 : 박스형 / 연장 : 85.0 m, 차로수 : 4",,,,,,unverified,,CATALOG_ONLY,20230930,2025-11-18,https://data.go.kr/data/15124755/fileData.do,"{""순번(No)"": ""644"", ""시설물명"": ""온골지하차도"", ""시설물구분"": ""터널"", ""시설물종류"": ""지하차도"", ""종별"": ""3종"", ""관리주체구분"": ""공공"", ""항목명"": ""형식 : 박스형 / 연장 : 85.0 m, 차로수 : 4"", ""위치"": ""경기도 연천군""}"
15124755:645,15124755,645,우암지하차도,경기도 연천군,공공,,"형식 : 미등록 / 연장 : 40.0 m, 차로수 : 4",,,,,,unverified,,CATALOG_ONLY,20230930,2025-11-18,https://data.go.kr/data/15124755/fileData.do,"{""순번(No)"": ""645"", ""시설물명"": ""우암지하차도"", ""시설물구분"": ""터널"", ""시설물종류"": ""지하차도"", ""종별"": ""3종"", ""관리주체구분"": ""공공"", ""항목명"": ""형식 : 미등록 / 연장 : 40.0 m, 차로수 : 4"", ""위치"": ""경기도 연천군""}"
15124755:646,15124755,646,궐동지하도,경기도 오산시,공공,,"형식 : 박스형 / 연장 : 31.4 m, 차로수 : 2",,,,,,unverified,,CATALOG_ONLY,20230930,2025-11-18,https://data.go.kr/data/15124755/fileData.do,"{""순번(No)"": ""646"", ""시설물명"": ""궐동지하도"", ""시설물구분"": ""터널"", ""시설물종류"": ""지하차도"", ""종별"": ""3종"", ""관리주체구분"": ""공공"", ""항목명"": ""형식 : 박스형 / 연장 : 31.4 m, 차로수 : 2"", ""위치"": ""경기도 오산시""}"
15124755:647,15124755,647,남촌(성호)지하도,경기도 오산시,공공,,"형식 : 박스형 / 연장 : 40.0 m, 차로수 : 4",,,,,,unverified,,CATALOG_ONLY,20230930,2025-11-18,https://data.go.kr/data/15124755/fileData.do,"{""순번(No)"": ""647"", ""시설물명"": ""남촌(성호)지하도"", ""시설물구분"": ""터널"", ""시설물종류"": ""지하차도"", ""종별"": ""3종"", ""관리주체구분"": ""공공"", ""항목명"": ""형식 : 박스형 / 연장 : 40.0 m, 차로수 : 4"", ""위치"": ""경기도 오산시""}"
15124755:648,15124755,648,농서지하차도,경기도 용인시,공공,,"형식 : 미등록 / 연장 : 54.0 m, 차로수 : 4",,,,,,unverified,,CATALOG_ONLY,20230930,2025-11-18,https://data.go.kr/data/15124755/fileData.do,"{""순번(No)"": ""648"", ""시설물명"": ""농서지하차도"", ""시설물구분"": ""터널"", ""시설물종류"": ""지하차도"", ""종별"": ""3종"", ""관리주체구분"": ""공공"", ""항목명"": ""형식 : 미등록 / 연장 : 54.0 m, 차로수 : 4"", ""위치"": ""경기도 용인시""}"
15124755:649,15124755,649,삼막곡제2지하차도,경기도 용인시,공공,,"형식 : 박스형 / 연장 : 142.7 m, 차로수 : 4",,,,,,unverified,,CATALOG_ONLY,20230930,2025-11-18,https://data.go.kr/data/15124755/fileData.do,"{""순번(No)"": ""649"", ""시설물명"": ""삼막곡제2지하차도"", ""시설물구분"": ""터널"", ""시설물종류"": ""지하차도"", ""종별"": ""3종"", ""관리주체구분"": ""공공"", ""항목명"": ""형식 : 박스형 / 연장 : 142.7 m, 차로수 : 4"", ""위치"": ""경기도 용인시""}"
15124755:650,15124755,650,삼막곡터널,경기도 용인시,공공,,"형식 : 박스형 / 연장 : 62.0 m, 차로수 : 6",,,,,,unverified,,CATALOG_ONLY,20230930,2025-11-18,https://data.go.kr/data/15124755/fileData.do,"{""순번(No)"": ""650"", ""시설물명"": ""삼막곡터널"", ""시설물구분"": ""터널"", ""시설물종류"": ""지하차도"", ""종별"": ""3종"", ""관리주체구분"": ""공공"", ""항목명"": ""형식 : 박스형 / 연장 : 62.0 m, 차로수 : 6"", ""위치"": ""경기도 용인시""}"
15124755:651,15124755,651,청덕지하차도,경기도 용인시,공공,,"형식 : 박스형 / 연장 : 301.7 m, 차로수 : 4",,,,,,unverified,,CATALOG_ONLY,20230930,2025-11-18,https://data.go.kr/data/15124755/fileData.do,"{""순번(No)"": ""651"", ""시설물명"": ""청덕지하차도"", ""시설물구분"": ""터널"", ""시설물종류"": ""지하차도"", ""종별"": ""3종"", ""관리주체구분"": ""공공"", ""항목명"": ""형식 : 박스형 / 연장 : 301.7 m, 차로수 : 4"", ""위치"": ""경기도 용인시""}"
15124755:652,15124755,652,비전지하차도,경기도 평택시,공공,,"형식 : 미등록 / 연장 : 80.0 m, 차로수 : 4",,,,,,unverified,,CATALOG_ONLY,20230930,2025-11-18,https://data.go.kr/data/15124755/fileData.do,"{""순번(No)"": ""652"", ""시설물명"": ""비전지하차도"", ""시설물구분"": ""터널"", ""시설물종류"": ""지하차도"", ""종별"": ""3종"", ""관리주체구분"": ""공공"", ""항목명"": ""형식 : 미등록 / 연장 : 80.0 m, 차로수 : 4"", ""위치"": ""경기도 평택시""}"
15124755:653,15124755,653,서정지하차도,경기도 평택시,공공,,"형식 : 박스형 / 연장 : 48.0 m, 차로수 : 2",,,,,,unverified,,CATALOG_ONLY,20230930,2025-11-18,https://data.go.kr/data/15124755/fileData.do,"{""순번(No)"": ""653"", ""시설물명"": ""서정지하차도"", ""시설물구분"": ""터널"", ""시설물종류"": ""지하차도"", ""종별"": ""3종"", ""관리주체구분"": ""공공"", ""항목명"": ""형식 : 박스형 / 연장 : 48.0 m, 차로수 : 2"", ""위치"": ""경기도 평택시""}"
15124755:654,15124755,654,서탄지하차도,경기도 평택시,공공,,"형식 : 박스형 / 연장 : 30.0 m, 차로수 : 3",,,,,,unverified,,CATALOG_ONLY,20230930,2025-11-18,https://data.go.kr/data/15124755/fileData.do,"{""순번(No)"": ""654"", ""시설물명"": ""서탄지하차도"", ""시설물구분"": ""터널"", ""시설물종류"": ""지하차도"", ""종별"": ""3종"", ""관리주체구분"": ""공공"", ""항목명"": ""형식 : 박스형 / 연장 : 30.0 m, 차로수 : 3"", ""위치"": ""경기도 평택시""}"
15124755:655,15124755,655,송탄지하차도,경기도 평택시,공공,,"형식 : 미등록 / 연장 : 27.0 m, 차로수 : 2",,,,,,unverified,,CATALOG_ONLY,20230930,2025-11-18,https://data.go.kr/data/15124755/fileData.do,"{""순번(No)"": ""655"", ""시설물명"": ""송탄지하차도"", ""시설물구분"": ""터널"", ""시설물종류"": ""지하차도"", ""종별"": ""3종"", ""관리주체구분"": ""공공"", ""항목명"": ""형식 : 미등록 / 연장 : 27.0 m, 차로수 : 2"", ""위치"": ""경기도 평택시""}"
15124755:656,15124755,656,신대지하차도,경기도 평택시,공공,,"형식 : 미등록 / 연장 : 35.0 m, 차로수 : 4",,,,,,unverified,,CATALOG_ONLY,20230930,2025-11-18,https://data.go.kr/data/15124755/fileData.do,"{""순번(No)"": ""656"", ""시설물명"": ""신대지하차도"", ""시설물구분"": ""터널"", ""시설물종류"": ""지하차도"", ""종별"": ""3종"", ""관리주체구분"": ""공공"", ""항목명"": ""형식 : 미등록 / 연장 : 35.0 m, 차로수 : 4"", ""위치"": ""경기도 평택시""}"
15124755:657,15124755,657,유천지하차도,경기도 평택시,공공,,"형식 : 박스형 / 연장 : 28.0 m, 차로수 : 2",,,,,,unverified,,CATALOG_ONLY,20230930,2025-11-18,https://data.go.kr/data/15124755/fileData.do,"{""순번(No)"": ""657"", ""시설물명"": ""유천지하차도"", ""시설물구분"": ""터널"", ""시설물종류"": ""지하차도"", ""종별"": ""3종"", ""관리주체구분"": ""공공"", ""항목명"": ""형식 : 박스형 / 연장 : 28.0 m, 차로수 : 2"", ""위치"": ""경기도 평택시""}"
15124755:658,15124755,658,은실지하차도,경기도 평택시,공공,,"형식 : 박스형 / 연장 : 30.0 m, 차로수 : 2",,,,,,unverified,,CATALOG_ONLY,20230930,2025-11-18,https://data.go.kr/data/15124755/fileData.do,"{""순번(No)"": ""658"", ""시설물명"": ""은실지하차도"", ""시설물구분"": ""터널"", ""시설물종류"": ""지하차도"", ""종별"": ""3종"", ""관리주체구분"": ""공공"", ""항목명"": ""형식 : 박스형 / 연장 : 30.0 m, 차로수 : 2"", ""위치"": ""경기도 평택시""}"
15124755:659,15124755,659,통복지하차도,경기도 평택시,공공,,"형식 : 박스형 / 연장 : 52.0 m, 차로수 : 2",,,,,,unverified,,CATALOG_ONLY,20230930,2025-11-18,https://data.go.kr/data/15124755/fileData.do,"{""순번(No)"": ""659"", ""시설물명"": ""통복지하차도"", ""시설물구분"": ""터널"", ""시설물종류"": ""지하차도"", ""종별"": ""3종"", ""관리주체구분"": ""공공"", ""항목명"": ""형식 : 박스형 / 연장 : 52.0 m, 차로수 : 2"", ""위치"": ""경기도 평택시""}"
15124755:660,15124755,660,하북지하차도,경기도 평택시,공공,,"형식 : 박스형 / 연장 : 37.0 m, 차로수 : 2",,,,,,unverified,,CATALOG_ONLY,20230930,2025-11-18,https://data.go.kr/data/15124755/fileData.do,"{""순번(No)"": ""660"", ""시설물명"": ""하북지하차도"", ""시설물구분"": ""터널"", ""시설물종류"": ""지하차도"", ""종별"": ""3종"", ""관리주체구분"": ""공공"", ""항목명"": ""형식 : 박스형 / 연장 : 37.0 m, 차로수 : 2"", ""위치"": ""경기도 평택시""}"
15124755:661,15124755,661,위례지하보차도,경기도 하남시,공공,,"형식 : 박스형 / 연장 : 49.0 m, 차로수 : 3",,,,,,unverified,,CATALOG_ONLY,20230930,2025-11-18,https://data.go.kr/data/15124755/fileData.do,"{""순번(No)"": ""661"", ""시설물명"": ""위례지하보차도"", ""시설물구분"": ""터널"", ""시설물종류"": ""지하차도"", ""종별"": ""3종"", ""관리주체구분"": ""공공"", ""항목명"": ""형식 : 박스형 / 연장 : 49.0 m, 차로수 : 3"", ""위치"": ""경기도 하남시""}"
15124755:662,15124755,662,창우지하차도,경기도 하남시,공공,,"형식 : 박스형 / 연장 : 46.0 m, 차로수 : 4",,,,,,unverified,,CATALOG_ONLY,20230930,2025-11-18,https://data.go.kr/data/15124755/fileData.do,"{""순번(No)"": ""662"", ""시설물명"": ""창우지하차도"", ""시설물구분"": ""터널"", ""시설물종류"": ""지하차도"", ""종별"": ""3종"", ""관리주체구분"": ""공공"", ""항목명"": ""형식 : 박스형 / 연장 : 46.0 m, 차로수 : 4"", ""위치"": ""경기도 하남시""}"
15124755:663,15124755,663,구목포지하차도,경기도 화성시,공공,,"형식 : 박스형 / 연장 : 25.0 m, 차로수 : 4",,,,,,unverified,,CATALOG_ONLY,20230930,2025-11-18,https://data.go.kr/data/15124755/fileData.do,"{""순번(No)"": ""663"", ""시설물명"": ""구목포지하차도"", ""시설물구분"": ""터널"", ""시설물종류"": ""지하차도"", ""종별"": ""3종"", ""관리주체구분"": ""공공"", ""항목명"": ""형식 : 박스형 / 연장 : 25.0 m, 차로수 : 4"", ""위치"": ""경기도 화성시""}"
15124755:664,15124755,664,매송지하차도,경기도 화성시,공공,,"형식 : 박스형 / 연장 : 55.0 m, 차로수 : 4",,,,,,unverified,,CATALOG_ONLY,20230930,2025-11-18,https://data.go.kr/data/15124755/fileData.do,"{""순번(No)"": ""664"", ""시설물명"": ""매송지하차도"", ""시설물구분"": ""터널"", ""시설물종류"": ""지하차도"", ""종별"": ""3종"", ""관리주체구분"": ""공공"", ""항목명"": ""형식 : 박스형 / 연장 : 55.0 m, 차로수 : 4"", ""위치"": ""경기도 화성시""}"
15124755:665,15124755,665,반정지하차도,경기도 화성시,공공,,"형식 : 박스형 / 연장 : 59.6 m, 차로수 : 2",,,,,,unverified,,CATALOG_ONLY,20230930,2025-11-18,https://data.go.kr/data/15124755/fileData.do,"{""순번(No)"": ""665"", ""시설물명"": ""반정지하차도"", ""시설물구분"": ""터널"", ""시설물종류"": ""지하차도"", ""종별"": ""3종"", ""관리주체구분"": ""공공"", ""항목명"": ""형식 : 박스형 / 연장 : 59.6 m, 차로수 : 2"", ""위치"": ""경기도 화성시""}"
15124755:666,15124755,666,병점1교 지하차도,경기도 화성시,공공,,"형식 : 미등록 / 연장 : 66.6 m, 차로수 : 2",,,,,,unverified,,CATALOG_ONLY,20230930,2025-11-18,https://data.go.kr/data/15124755/fileData.do,"{""순번(No)"": ""666"", ""시설물명"": ""병점1교 지하차도"", ""시설물구분"": ""터널"", ""시설물종류"": ""지하차도"", ""종별"": ""3종"", ""관리주체구분"": ""공공"", ""항목명"": ""형식 : 미등록 / 연장 : 66.6 m, 차로수 : 2"", ""위치"": ""경기도 화성시""}"
15124755:667,15124755,667,양산지하차도,경기도 화성시,공공,,"형식 : 박스형 / 연장 : 86.8 m, 차로수 : 2",,,,,,unverified,,CATALOG_ONLY,20230930,2025-11-18,https://data.go.kr/data/15124755/fileData.do,"{""순번(No)"": ""667"", ""시설물명"": ""양산지하차도"", ""시설물구분"": ""터널"", ""시설물종류"": ""지하차도"", ""종별"": ""3종"", ""관리주체구분"": ""공공"", ""항목명"": ""형식 : 박스형 / 연장 : 86.8 m, 차로수 : 2"", ""위치"": ""경기도 화성시""}"
15124755:668,15124755,668,황계지하차도,경기도 화성시,공공,,"형식 : 박스형 / 연장 : 71.4 m, 차로수 : 2",,,,,,unverified,,CATALOG_ONLY,20230930,2025-11-18,https://data.go.kr/data/15124755/fileData.do,"{""순번(No)"": ""668"", ""시설물명"": ""황계지하차도"", ""시설물구분"": ""터널"", ""시설물종류"": ""지하차도"", ""종별"": ""3종"", ""관리주체구분"": ""공공"", ""항목명"": ""형식 : 박스형 / 연장 : 71.4 m, 차로수 : 2"", ""위치"": ""경기도 화성시""}"
15124755:669,15124755,669,효원지하차도,경기도 화성시,공공,,"형식 : RC옹벽 / 연장 : 11.0 m, 차로수 : 2",,,,,,unverified,,CATALOG_ONLY,20230930,2025-11-18,https://data.go.kr/data/15124755/fileData.do,"{""순번(No)"": ""669"", ""시설물명"": ""효원지하차도"", ""시설물구분"": ""터널"", ""시설물종류"": ""지하차도"", ""종별"": ""3종"", ""관리주체구분"": ""공공"", ""항목명"": ""형식 : RC옹벽 / 연장 : 11.0 m, 차로수 : 2"", ""위치"": ""경기도 화성시""}"
15124755:670,15124755,670,귀목정지하차도,경상남도 거제시,공공,,"형식 : 박스형 / 연장 : 21.0 m, 차로수 : 1",,,,,,unverified,,CATALOG_ONLY,20230930,2025-11-18,https://data.go.kr/data/15124755/fileData.do,"{""순번(No)"": ""670"", ""시설물명"": ""귀목정지하차도"", ""시설물구분"": ""터널"", ""시설물종류"": ""지하차도"", ""종별"": ""3종"", ""관리주체구분"": ""공공"", ""항목명"": ""형식 : 박스형 / 연장 : 21.0 m, 차로수 : 1"", ""위치"": ""경상남도 거제시""}"
15124755:671,15124755,671,수창아파트 앞 지하차도,경상남도 거제시,공공,,"형식 : 박스형 / 연장 : 25.7 m, 차로수 : 2",,,,,,unverified,,CATALOG_ONLY,20230930,2025-11-18,https://data.go.kr/data/15124755/fileData.do,"{""순번(No)"": ""671"", ""시설물명"": ""수창아파트 앞 지하차도"", ""시설물구분"": ""터널"", ""시설물종류"": ""지하차도"", ""종별"": ""3종"", ""관리주체구분"": ""공공"", ""항목명"": ""형식 : 박스형 / 연장 : 25.7 m, 차로수 : 2"", ""위치"": ""경상남도 거제시""}"
15124755:672,15124755,672,옥산지하차도,경상남도 거제시,공공,,"형식 : 박스형 / 연장 : 27.0 m, 차로수 : 1",,,,,,unverified,,CATALOG_ONLY,20230930,2025-11-18,https://data.go.kr/data/15124755/fileData.do,"{""순번(No)"": ""672"", ""시설물명"": ""옥산지하차도"", ""시설물구분"": ""터널"", ""시설물종류"": ""지하차도"", ""종별"": ""3종"", ""관리주체구분"": ""공공"", ""항목명"": ""형식 : 박스형 / 연장 : 27.0 m, 차로수 : 1"", ""위치"": ""경상남도 거제시""}"
15124755:673,15124755,673,장평지하차도,경상남도 거제시,공공,,"형식 : 박스형 / 연장 : 54.9 m, 차로수 : 2",,,,,,unverified,,CATALOG_ONLY,20230930,2025-11-18,https://data.go.kr/data/15124755/fileData.do,"{""순번(No)"": ""673"", ""시설물명"": ""장평지하차도"", ""시설물구분"": ""터널"", ""시설물종류"": ""지하차도"", ""종별"": ""3종"", ""관리주체구분"": ""공공"", ""항목명"": ""형식 : 박스형 / 연장 : 54.9 m, 차로수 : 2"", ""위치"": ""경상남도 거제시""}"
15124755:674,15124755,674,코아루 앞 지하차도,경상남도 거제시,공공,,"형식 : 박스형 / 연장 : 30.0 m, 차로수 : 1",,,,,,unverified,,CATALOG_ONLY,20230930,2025-11-18,https://data.go.kr/data/15124755/fileData.do,"{""순번(No)"": ""674"", ""시설물명"": ""코아루 앞 지하차도"", ""시설물구분"": ""터널"", ""시설물종류"": ""지하차도"", ""종별"": ""3종"", ""관리주체구분"": ""공공"", ""항목명"": ""형식 : 박스형 / 연장 : 30.0 m, 차로수 : 1"", ""위치"": ""경상남도 거제시""}"
15124755:675,15124755,675,화원1지하차도,경상남도 거제시,공공,,"형식 : 박스형 / 연장 : 27.0 m, 차로수 : 2",,,,,,unverified,,CATALOG_ONLY,20230930,2025-11-18,https://data.go.kr/data/15124755/fileData.do,"{""순번(No)"": ""675"", ""시설물명"": ""화원1지하차도"", ""시설물구분"": ""터널"", ""시설물종류"": ""지하차도"", ""종별"": ""3종"", ""관리주체구분"": ""공공"", ""항목명"": ""형식 : 박스형 / 연장 : 27.0 m, 차로수 : 2"", ""위치"": ""경상남도 거제시""}"
15124755:676,15124755,676,화원2지하차도,경상남도 거제시,공공,,"형식 : 박스형 / 연장 : 23.0 m, 차로수 : 1",,,,,,unverified,,CATALOG_ONLY,20230930,2025-11-18,https://data.go.kr/data/15124755/fileData.do,"{""순번(No)"": ""676"", ""시설물명"": ""화원2지하차도"", ""시설물구분"": ""터널"", ""시설물종류"": ""지하차도"", ""종별"": ""3종"", ""관리주체구분"": ""공공"", ""항목명"": ""형식 : 박스형 / 연장 : 23.0 m, 차로수 : 1"", ""위치"": ""경상남도 거제시""}"
15124755:677,15124755,677,송학지하차도,경상남도 고성군,공공,,"형식 : 미등록 / 연장 : 23.0 m, 차로수 : 2",,,,,,unverified,,CATALOG_ONLY,20230930,2025-11-18,https://data.go.kr/data/15124755/fileData.do,"{""순번(No)"": ""677"", ""시설물명"": ""송학지하차도"", ""시설물구분"": ""터널"", ""시설물종류"": ""지하차도"", ""종별"": ""3종"", ""관리주체구분"": ""공공"", ""항목명"": ""형식 : 미등록 / 연장 : 23.0 m, 차로수 : 2"", ""위치"": ""경상남도 고성군""}"
15124755:678,15124755,678,덕계지하차도,경상남도 양산시,공공,,"형식 : 미등록 / 연장 : 81.0 m, 차로수 : 2",,,,,,unverified,,CATALOG_ONLY,20230930,2025-11-18,https://data.go.kr/data/15124755/fileData.do,"{""순번(No)"": ""678"", ""시설물명"": ""덕계지하차도"", ""시설물구분"": ""터널"", ""시설물종류"": ""지하차도"", ""종별"": ""3종"", ""관리주체구분"": ""공공"", ""항목명"": ""형식 : 미등록 / 연장 : 81.0 m, 차로수 : 2"", ""위치"": ""경상남도 양산시""}"
15124755:679,15124755,679,남강지하차도,경상남도 진주시,공공,,"형식 : RC박스교 / 연장 : 293.0 m, 차로수 : 2",,,,,,unverified,,CATALOG_ONLY,20230930,2025-11-18,https://data.go.kr/data/15124755/fileData.do,"{""순번(No)"": ""679"", ""시설물명"": ""남강지하차도"", ""시설물구분"": ""터널"", ""시설물종류"": ""지하차도"", ""종별"": ""3종"", ""관리주체구분"": ""공공"", ""항목명"": ""형식 : RC박스교 / 연장 : 293.0 m, 차로수 : 2"", ""위치"": ""경상남도 진주시""}"
15124755:680,15124755,680,소계2지하차도,경상남도 창원시,공공,,"형식 : 미등록 / 연장 : 67.0 m, 차로수 : 5",,,,,,unverified,,CATALOG_ONLY,20230930,2025-11-18,https://data.go.kr/data/15124755/fileData.do,"{""순번(No)"": ""680"", ""시설물명"": ""소계2지하차도"", ""시설물구분"": ""터널"", ""시설물종류"": ""지하차도"", ""종별"": ""3종"", ""관리주체구분"": ""공공"", ""항목명"": ""형식 : 미등록 / 연장 : 67.0 m, 차로수 : 5"", ""위치"": ""경상남도 창원시""}"
15124755:681,15124755,681,팔용1지하차도,경상남도 창원시,공공,,"형식 : 미등록 / 연장 : 40.0 m, 차로수 : 2",,,,,,unverified,,CATALOG_ONLY,20230930,2025-11-18,https://data.go.kr/data/15124755/fileData.do,"{""순번(No)"": ""681"", ""시설물명"": ""팔용1지하차도"", ""시설물구분"": ""터널"", ""시설물종류"": ""지하차도"", ""종별"": ""3종"", ""관리주체구분"": ""공공"", ""항목명"": ""형식 : 미등록 / 연장 : 40.0 m, 차로수 : 2"", ""위치"": ""경상남도 창원시""}"
15124755:682,15124755,682,팔용2지하차도,경상남도 창원시,공공,,"형식 : 미등록 / 연장 : 36.0 m, 차로수 : 2",,,,,,unverified,,CATALOG_ONLY,20230930,2025-11-18,https://data.go.kr/data/15124755/fileData.do,"{""순번(No)"": ""682"", ""시설물명"": ""팔용2지하차도"", ""시설물구분"": ""터널"", ""시설물종류"": ""지하차도"", ""종별"": ""3종"", ""관리주체구분"": ""공공"", ""항목명"": ""형식 : 미등록 / 연장 : 36.0 m, 차로수 : 2"", ""위치"": ""경상남도 창원시""}"
15124755:683,15124755,683,건천지하차도,경상북도 경주시,공공,,"형식 : 박스형 / 연장 : 10.0 m, 차로수 : 2",,,,,,unverified,,CATALOG_ONLY,20230930,2025-11-18,https://data.go.kr/data/15124755/fileData.do,"{""순번(No)"": ""683"", ""시설물명"": ""건천지하차도"", ""시설물구분"": ""터널"", ""시설물종류"": ""지하차도"", ""종별"": ""3종"", ""관리주체구분"": ""공공"", ""항목명"": ""형식 : 박스형 / 연장 : 10.0 m, 차로수 : 2"", ""위치"": ""경상북도 경주시""}"
15124755:684,15124755,684,배반지하차도,경상북도 경주시,공공,,"형식 : 4련 BOX / 연장 : 20.0 m, 차로수 : 5",,,,,,unverified,,CATALOG_ONLY,20230930,2025-11-18,https://data.go.kr/data/15124755/fileData.do,"{""순번(No)"": ""684"", ""시설물명"": ""배반지하차도"", ""시설물구분"": ""터널"", ""시설물종류"": ""지하차도"", ""종별"": ""3종"", ""관리주체구분"": ""공공"", ""항목명"": ""형식 : 4련 BOX / 연장 : 20.0 m, 차로수 : 5"", ""위치"": ""경상북도 경주시""}"
15124755:685,15124755,685,유금3리 지하차도,경상북도 경주시,공공,,"형식 : 박스형 / 연장 : 14.0 m, 차로수 : 2",,,,,,unverified,,CATALOG_ONLY,20230930,2025-11-18,https://data.go.kr/data/15124755/fileData.do,"{""순번(No)"": ""685"", ""시설물명"": ""유금3리 지하차도"", ""시설물구분"": ""터널"", ""시설물종류"": ""지하차도"", ""종별"": ""3종"", ""관리주체구분"": ""공공"", ""항목명"": ""형식 : 박스형 / 연장 : 14.0 m, 차로수 : 2"", ""위치"": ""경상북도 경주시""}"
15124755:686,15124755,686,마곡지하차도,경상북도 김천시,공공,,"형식 : 미등록 / 연장 : 83.0 m, 차로수 : 1",,,,,,unverified,,CATALOG_ONLY,20230930,2025-11-18,https://data.go.kr/data/15124755/fileData.do,"{""순번(No)"": ""686"", ""시설물명"": ""마곡지하차도"", ""시설물구분"": ""터널"", ""시설물종류"": ""지하차도"", ""종별"": ""3종"", ""관리주체구분"": ""공공"", ""항목명"": ""형식 : 미등록 / 연장 : 83.0 m, 차로수 : 1"", ""위치"": ""경상북도 김천시""}"
15124755:687,15124755,687,법흥지하도,경상북도 안동시,공공,,"형식 : 미등록 / 연장 : 20.0 m, 차로수 : 2",,,,,,unverified,,CATALOG_ONLY,20230930,2025-11-18,https://data.go.kr/data/15124755/fileData.do,"{""순번(No)"": ""687"", ""시설물명"": ""법흥지하도"", ""시설물구분"": ""터널"", ""시설물종류"": ""지하차도"", ""종별"": ""3종"", ""관리주체구분"": ""공공"", ""항목명"": ""형식 : 미등록 / 연장 : 20.0 m, 차로수 : 2"", ""위치"": ""경상북도 안동시""}"
15124755:688,15124755,688,서안동I.C지하차도,경상북도 안동시,공공,,"형식 : 박스형 / 연장 : 90.0 m, 차로수 : 4",,,,,,unverified,,CATALOG_ONLY,20230930,2025-11-18,https://data.go.kr/data/15124755/fileData.do,"{""순번(No)"": ""688"", ""시설물명"": ""서안동I.C지하차도"", ""시설물구분"": ""터널"", ""시설물종류"": ""지하차도"", ""종별"": ""3종"", ""관리주체구분"": ""공공"", ""항목명"": ""형식 : 박스형 / 연장 : 90.0 m, 차로수 : 4"", ""위치"": ""경상북도 안동시""}"
15124755:689,15124755,689,시외버스터미널지하차도,경상북도 안동시,공공,,"형식 : 라멘형 / 연장 : 41.0 m, 차로수 : 4",,,,,,unverified,,CATALOG_ONLY,20230930,2025-11-18,https://data.go.kr/data/15124755/fileData.do,"{""순번(No)"": ""689"", ""시설물명"": ""시외버스터미널지하차도"", ""시설물구분"": ""터널"", ""시설물종류"": ""지하차도"", ""종별"": ""3종"", ""관리주체구분"": ""공공"", ""항목명"": ""형식 : 라멘형 / 연장 : 41.0 m, 차로수 : 4"", ""위치"": ""경상북도 안동시""}"
15124755:690,15124755,690,예천지하차도,경상북도 예천군,공공,,"형식 : 박스형 / 연장 : 60.0 m, 차로수 : 4",,,,,,unverified,,CATALOG_ONLY,20230930,2025-11-18,https://data.go.kr/data/15124755/fileData.do,"{""순번(No)"": ""690"", ""시설물명"": ""예천지하차도"", ""시설물구분"": ""터널"", ""시설물종류"": ""지하차도"", ""종별"": ""3종"", ""관리주체구분"": ""공공"", ""항목명"": ""형식 : 박스형 / 연장 : 60.0 m, 차로수 : 4"", ""위치"": ""경상북도 예천군""}"
15124755:691,15124755,691,왜관지하보·차도,경상북도 칠곡군,공공,,"형식 : 미등록 / 연장 : 56.0 m, 차로수 : 2",,,,,,unverified,,CATALOG_ONLY,20230930,2025-11-18,https://data.go.kr/data/15124755/fileData.do,"{""순번(No)"": ""691"", ""시설물명"": ""왜관지하보·차도"", ""시설물구분"": ""터널"", ""시설물종류"": ""지하차도"", ""종별"": ""3종"", ""관리주체구분"": ""공공"", ""항목명"": ""형식 : 미등록 / 연장 : 56.0 m, 차로수 : 2"", ""위치"": ""경상북도 칠곡군""}"
15124755:692,15124755,692,왜관지하차도,경상북도 칠곡군,공공,,"형식 : 박스형 / 연장 : 18.3 m, 차로수 : 4",,,,,,unverified,,CATALOG_ONLY,20230930,2025-11-18,https://data.go.kr/data/15124755/fileData.do,"{""순번(No)"": ""692"", ""시설물명"": ""왜관지하차도"", ""시설물구분"": ""터널"", ""시설물종류"": ""지하차도"", ""종별"": ""3종"", ""관리주체구분"": ""공공"", ""항목명"": ""형식 : 박스형 / 연장 : 18.3 m, 차로수 : 4"", ""위치"": ""경상북도 칠곡군""}"
15124755:693,15124755,693,천평지하차도,경상북도 칠곡군,공공,,"형식 : 미등록 / 연장 : 99.8 m, 차로수 : 3",,,,,,unverified,,CATALOG_ONLY,20230930,2025-11-18,https://data.go.kr/data/15124755/fileData.do,"{""순번(No)"": ""693"", ""시설물명"": ""천평지하차도"", ""시설물구분"": ""터널"", ""시설물종류"": ""지하차도"", ""종별"": ""3종"", ""관리주체구분"": ""공공"", ""항목명"": ""형식 : 미등록 / 연장 : 99.8 m, 차로수 : 3"", ""위치"": ""경상북도 칠곡군""}"
15124755:694,15124755,694,산월JCT RAMP-G교,광주광역시 광산구,민간,,"형식 : 파형강판 / 연장 : 82.0 m, 차로수 : 2",,,,,,unverified,,CATALOG_ONLY,20230930,2025-11-18,https://data.go.kr/data/15124755/fileData.do,"{""순번(No)"": ""694"", ""시설물명"": ""산월JCT RAMP-G교"", ""시설물구분"": ""터널"", ""시설물종류"": ""지하차도"", ""종별"": ""3종"", ""관리주체구분"": ""민간"", ""항목명"": ""형식 : 파형강판 / 연장 : 82.0 m, 차로수 : 2"", ""위치"": ""광주광역시 광산구""}"
15124755:695,15124755,695,송정지하차도,광주광역시 광산구,공공,,"형식 : 박스형 / 연장 : 50.0 m, 차로수 : 4",,,,,,unverified,,CATALOG_ONLY,20230930,2025-11-18,https://data.go.kr/data/15124755/fileData.do,"{""순번(No)"": ""695"", ""시설물명"": ""송정지하차도"", ""시설물구분"": ""터널"", ""시설물종류"": ""지하차도"", ""종별"": ""3종"", ""관리주체구분"": ""공공"", ""항목명"": ""형식 : 박스형 / 연장 : 50.0 m, 차로수 : 4"", ""위치"": ""광주광역시 광산구""}"
15124755:696,15124755,696,신창지하차도,광주광역시 광산구,민간,,"형식 : 박스형 / 연장 : 530.0 m, 차로수 : 6",,,,,,unverified,,CATALOG_ONLY,20230930,2025-11-18,https://data.go.kr/data/15124755/fileData.do,"{""순번(No)"": ""696"", ""시설물명"": ""신창지하차도"", ""시설물구분"": ""터널"", ""시설물종류"": ""지하차도"", ""종별"": ""3종"", ""관리주체구분"": ""민간"", ""항목명"": ""형식 : 박스형 / 연장 : 530.0 m, 차로수 : 6"", ""위치"": ""광주광역시 광산구""}"
15124755:697,15124755,697,광암지하보도,광주광역시 북구,공공,,"형식 : 미등록 / 연장 : 27.6 m, 차로수 : 1",,,,,,unverified,,CATALOG_ONLY,20230930,2025-11-18,https://data.go.kr/data/15124755/fileData.do,"{""순번(No)"": ""697"", ""시설물명"": ""광암지하보도"", ""시설물구분"": ""터널"", ""시설물종류"": ""지하차도"", ""종별"": ""3종"", ""관리주체구분"": ""공공"", ""항목명"": ""형식 : 미등록 / 연장 : 27.6 m, 차로수 : 1"", ""위치"": ""광주광역시 북구""}"
15124755:698,15124755,698,문흥지하보도,광주광역시 북구,공공,,"형식 : 미등록 / 연장 : 30.0 m, 차로수 : 1",,,,,,unverified,,CATALOG_ONLY,20230930,2025-11-18,https://data.go.kr/data/15124755/fileData.do,"{""순번(No)"": ""698"", ""시설물명"": ""문흥지하보도"", ""시설물구분"": ""터널"", ""시설물종류"": ""지하차도"", ""종별"": ""3종"", ""관리주체구분"": ""공공"", ""항목명"": ""형식 : 미등록 / 연장 : 30.0 m, 차로수 : 1"", ""위치"": ""광주광역시 북구""}"
15124755:699,15124755,699,용전지하차도,광주광역시 북구,공공,,"형식 : 미등록 / 연장 : 22.4 m, 차로수 : 1",,,,,,unverified,,CATALOG_ONLY,20230930,2025-11-18,https://data.go.kr/data/15124755/fileData.do,"{""순번(No)"": ""699"", ""시설물명"": ""용전지하차도"", ""시설물구분"": ""터널"", ""시설물종류"": ""지하차도"", ""종별"": ""3종"", ""관리주체구분"": ""공공"", ""항목명"": ""형식 : 미등록 / 연장 : 22.4 m, 차로수 : 1"", ""위치"": ""광주광역시 북구""}"
15124755:700,15124755,700,우석지하차도,광주광역시 북구,공공,,"형식 : 미등록 / 연장 : 8.0 m, 차로수 : 2",,,,,,unverified,,CATALOG_ONLY,20230930,2025-11-18,https://data.go.kr/data/15124755/fileData.do,"{""순번(No)"": ""700"", ""시설물명"": ""우석지하차도"", ""시설물구분"": ""터널"", ""시설물종류"": ""지하차도"", ""종별"": ""3종"", ""관리주체구분"": ""공공"", ""항목명"": ""형식 : 미등록 / 연장 : 8.0 m, 차로수 : 2"", ""위치"": ""광주광역시 북구""}"
15124755:701,15124755,701,운암지하보도,광주광역시 북구,공공,,"형식 : 미등록 / 연장 : 25.0 m, 차로수 : 1",,,,,,unverified,,CATALOG_ONLY,20230930,2025-11-18,https://data.go.kr/data/15124755/fileData.do,"{""순번(No)"": ""701"", ""시설물명"": ""운암지하보도"", ""시설물구분"": ""터널"", ""시설물종류"": ""지하차도"", ""종별"": ""3종"", ""관리주체구분"": ""공공"", ""항목명"": ""형식 : 미등록 / 연장 : 25.0 m, 차로수 : 1"", ""위치"": ""광주광역시 북구""}"
15124755:702,15124755,702,운암지하차도,광주광역시 북구,공공,,"형식 : 박스형 / 연장 : 20.0 m, 차로수 : 2",,,,,,unverified,,CATALOG_ONLY,20230930,2025-11-18,https://data.go.kr/data/15124755/fileData.do,"{""순번(No)"": ""702"", ""시설물명"": ""운암지하차도"", ""시설물구분"": ""터널"", ""시설물종류"": ""지하차도"", ""종별"": ""3종"", ""관리주체구분"": ""공공"", ""항목명"": ""형식 : 박스형 / 연장 : 20.0 m, 차로수 : 2"", ""위치"": ""광주광역시 북구""}"
15124755:703,15124755,703,죽림지하차도,광주광역시 북구,공공,,"형식 : 미등록 / 연장 : 12.0 m, 차로수 : 2",,,,,,unverified,,CATALOG_ONLY,20230930,2025-11-18,https://data.go.kr/data/15124755/fileData.do,"{""순번(No)"": ""703"", ""시설물명"": ""죽림지하차도"", ""시설물구분"": ""터널"", ""시설물종류"": ""지하차도"", ""종별"": ""3종"", ""관리주체구분"": ""공공"", ""항목명"": ""형식 : 미등록 / 연장 : 12.0 m, 차로수 : 2"", ""위치"": ""광주광역시 북구""}"
15124755:704,15124755,704,대봉교지하차도,대구광역시 남구,공공,,"형식 : 라멘형 / 연장 : 90.0 m, 차로수 : 4",,,,,,unverified,,CATALOG_ONLY,20230930,2025-11-18,https://data.go.kr/data/15124755/fileData.do,"{""순번(No)"": ""704"", ""시설물명"": ""대봉교지하차도"", ""시설물구분"": ""터널"", ""시설물종류"": ""지하차도"", ""종별"": ""3종"", ""관리주체구분"": ""공공"", ""항목명"": ""형식 : 라멘형 / 연장 : 90.0 m, 차로수 : 4"", ""위치"": ""대구광역시 남구""}"
15124755:705,15124755,705,중동교지하차도,대구광역시 남구,공공,,"형식 : 라멘형 / 연장 : 95.0 m, 차로수 : 4",,,,,,unverified,,CATALOG_ONLY,20230930,2025-11-18,https://data.go.kr/data/15124755/fileData.do,"{""순번(No)"": ""705"", ""시설물명"": ""중동교지하차도"", ""시설물구분"": ""터널"", ""시설물종류"": ""지하차도"", ""종별"": ""3종"", ""관리주체구분"": ""공공"", ""항목명"": ""형식 : 라멘형 / 연장 : 95.0 m, 차로수 : 4"", ""위치"": ""대구광역시 남구""}"
15124755:706,15124755,706,희망교지하차도,대구광역시 남구,공공,,"형식 : 라멘형 / 연장 : 90.0 m, 차로수 : 4",,,,,,unverified,,CATALOG_ONLY,20230930,2025-11-18,https://data.go.kr/data/15124755/fileData.do,"{""순번(No)"": ""706"", ""시설물명"": ""희망교지하차도"", ""시설물구분"": ""터널"", ""시설물종류"": ""지하차도"", ""종별"": ""3종"", ""관리주체구분"": ""공공"", ""항목명"": ""형식 : 라멘형 / 연장 : 90.0 m, 차로수 : 4"", ""위치"": ""대구광역시 남구""}"
15124755:707,15124755,707,대서지하차도,대구광역시 달서구,공공,,"형식 : 라멘형 / 연장 : 80.0 m, 차로수 : 4",,,,,,unverified,,CATALOG_ONLY,20230930,2025-11-18,https://data.go.kr/data/15124755/fileData.do,"{""순번(No)"": ""707"", ""시설물명"": ""대서지하차도"", ""시설물구분"": ""터널"", ""시설물종류"": ""지하차도"", ""종별"": ""3종"", ""관리주체구분"": ""공공"", ""항목명"": ""형식 : 라멘형 / 연장 : 80.0 m, 차로수 : 4"", ""위치"": ""대구광역시 달서구""}"
15124755:708,15124755,708,용산 지하차도,대구광역시 달서구,공공,,"형식 : 미등록 / 연장 : 259.0 m, 차로수 : 6",,,,,,unverified,,CATALOG_ONLY,20230930,2025-11-18,https://data.go.kr/data/15124755/fileData.do,"{""순번(No)"": ""708"", ""시설물명"": ""용산 지하차도"", ""시설물구분"": ""터널"", ""시설물종류"": ""지하차도"", ""종별"": ""3종"", ""관리주체구분"": ""공공"", ""항목명"": ""형식 : 미등록 / 연장 : 259.0 m, 차로수 : 6"", ""위치"": ""대구광역시 달서구""}"
15124755:709,15124755,709,서재지하차도,대구광역시 달성군,공공,,"형식 : 미등록 / 연장 : 49.0 m, 차로수 : 2",,,,,,unverified,,CATALOG_ONLY,20230930,2025-11-18,https://data.go.kr/data/15124755/fileData.do,"{""순번(No)"": ""709"", ""시설물명"": ""서재지하차도"", ""시설물구분"": ""터널"", ""시설물종류"": ""지하차도"", ""종별"": ""3종"", ""관리주체구분"": ""공공"", ""항목명"": ""형식 : 미등록 / 연장 : 49.0 m, 차로수 : 2"", ""위치"": ""대구광역시 달성군""}"
15124755:710,15124755,710,강촌지하도,대구광역시 동구,공공,,"형식 : 미등록 / 연장 : 65.3 m, 차로수 : 1",,,,,,unverified,,CATALOG_ONLY,20230930,2025-11-18,https://data.go.kr/data/15124755/fileData.do,"{""순번(No)"": ""710"", ""시설물명"": ""강촌지하도"", ""시설물구분"": ""터널"", ""시설물종류"": ""지하차도"", ""종별"": ""3종"", ""관리주체구분"": ""공공"", ""항목명"": ""형식 : 미등록 / 연장 : 65.3 m, 차로수 : 1"", ""위치"": ""대구광역시 동구""}"
15124755:711,15124755,711,율하지하차도,대구광역시 동구,공공,,"형식 : 미등록 / 연장 : 52.0 m, 차로수 : 2",,,,,,unverified,,CATALOG_ONLY,20230930,2025-11-18,https://data.go.kr/data/15124755/fileData.do,"{""순번(No)"": ""711"", ""시설물명"": ""율하지하차도"", ""시설물구분"": ""터널"", ""시설물종류"": ""지하차도"", ""종별"": ""3종"", ""관리주체구분"": ""공공"", ""항목명"": ""형식 : 미등록 / 연장 : 52.0 m, 차로수 : 2"", ""위치"": ""대구광역시 동구""}"
15124755:712,15124755,712,해서지하차도,대구광역시 동구,공공,,"형식 : 미등록 / 연장 : 24.0 m, 차로수 : 2",,,,,,unverified,,CATALOG_ONLY,20230930,2025-11-18,https://data.go.kr/data/15124755/fileData.do,"{""순번(No)"": ""712"", ""시설물명"": ""해서지하차도"", ""시설물구분"": ""터널"", ""시설물종류"": ""지하차도"", ""종별"": ""3종"", ""관리주체구분"": ""공공"", ""항목명"": ""형식 : 미등록 / 연장 : 24.0 m, 차로수 : 2"", ""위치"": ""대구광역시 동구""}"
15124755:713,15124755,713,효목네거리지하차도,대구광역시 동구,공공,,"형식 : 미등록 / 연장 : 300.0 m, 차로수 : 4",,,,,,unverified,,CATALOG_ONLY,20230930,2025-11-18,https://data.go.kr/data/15124755/fileData.do,"{""순번(No)"": ""713"", ""시설물명"": ""효목네거리지하차도"", ""시설물구분"": ""터널"", ""시설물종류"": ""지하차도"", ""종별"": ""3종"", ""관리주체구분"": ""공공"", ""항목명"": ""형식 : 미등록 / 연장 : 300.0 m, 차로수 : 4"", ""위치"": ""대구광역시 동구""}"
15124755:714,15124755,714,고촌지하차도,대구광역시 북구,공공,,"형식 : 미등록 / 연장 : 250.0 m, 차로수 : 2",,,,,,unverified,,CATALOG_ONLY,20230930,2025-11-18,https://data.go.kr/data/15124755/fileData.do,"{""순번(No)"": ""714"", ""시설물명"": ""고촌지하차도"", ""시설물구분"": ""터널"", ""시설물종류"": ""지하차도"", ""종별"": ""3종"", ""관리주체구분"": ""공공"", ""항목명"": ""형식 : 미등록 / 연장 : 250.0 m, 차로수 : 2"", ""위치"": ""대구광역시 북구""}"
15124755:715,15124755,715,농수산지하차도,대구광역시 북구,공공,,"형식 : 박스형 / 연장 : 93.0 m, 차로수 : 2",,,,,,unverified,,CATALOG_ONLY,20230930,2025-11-18,https://data.go.kr/data/15124755/fileData.do,"{""순번(No)"": ""715"", ""시설물명"": ""농수산지하차도"", ""시설물구분"": ""터널"", ""시설물종류"": ""지하차도"", ""종별"": ""3종"", ""관리주체구분"": ""공공"", ""항목명"": ""형식 : 박스형 / 연장 : 93.0 m, 차로수 : 2"", ""위치"": ""대구광역시 북구""}"
15124755:716,15124755,716,대구역지하차도,대구광역시 북구,공공,,"형식 : 미등록 / 연장 : 235.0 m, 차로수 : 8",,,,,,unverified,,CATALOG_ONLY,20230930,2025-11-18,https://data.go.kr/data/15124755/fileData.do,"{""순번(No)"": ""716"", ""시설물명"": ""대구역지하차도"", ""시설물구분"": ""터널"", ""시설물종류"": ""지하차도"", ""종별"": ""3종"", ""관리주체구분"": ""공공"", ""항목명"": ""형식 : 미등록 / 연장 : 235.0 m, 차로수 : 8"", ""위치"": ""대구광역시 북구""}"
15124755:717,15124755,717,도청교지하차도,대구광역시 북구,공공,,"형식 : 라멘형 / 연장 : 90.0 m, 차로수 : 4",,,,,,unverified,,CATALOG_ONLY,20230930,2025-11-18,https://data.go.kr/data/15124755/fileData.do,"{""순번(No)"": ""717"", ""시설물명"": ""도청교지하차도"", ""시설물구분"": ""터널"", ""시설물종류"": ""지하차도"", ""종별"": ""3종"", ""관리주체구분"": ""공공"", ""항목명"": ""형식 : 라멘형 / 연장 : 90.0 m, 차로수 : 4"", ""위치"": ""대구광역시 북구""}"
15124755:718,15124755,718,성북교지하차도,대구광역시 북구,공공,,"형식 : 미등록 / 연장 : 90.0 m, 차로수 : 4",,,,,,unverified,,CATALOG_ONLY,20230930,2025-11-18,https://data.go.kr/data/15124755/fileData.do,"{""순번(No)"": ""718"", ""시설물명"": ""성북교지하차도"", ""시설물구분"": ""터널"", ""시설물종류"": ""지하차도"", ""종별"": ""3종"", ""관리주체구분"": ""공공"", ""항목명"": ""형식 : 미등록 / 연장 : 90.0 m, 차로수 : 4"", ""위치"": ""대구광역시 북구""}"
15124755:719,15124755,719,매천대교지하차도,대구광역시 서구,공공,,"형식 : 미등록 / 연장 : 80.0 m, 차로수 : 4",,,,,,unverified,,CATALOG_ONLY,20230930,2025-11-18,https://data.go.kr/data/15124755/fileData.do,"{""순번(No)"": ""719"", ""시설물명"": ""매천대교지하차도"", ""시설물구분"": ""터널"", ""시설물종류"": ""지하차도"", ""종별"": ""3종"", ""관리주체구분"": ""공공"", ""항목명"": ""형식 : 미등록 / 연장 : 80.0 m, 차로수 : 4"", ""위치"": ""대구광역시 서구""}"
15124755:720,15124755,720,상리지하차도,대구광역시 서구,공공,,"형식 : 미등록 / 연장 : 164.0 m, 차로수 : 4",,,,,,unverified,,CATALOG_ONLY,20230930,2025-11-18,https://data.go.kr/data/15124755/fileData.do,"{""순번(No)"": ""720"", ""시설물명"": ""상리지하차도"", ""시설물구분"": ""터널"", ""시설물종류"": ""지하차도"", ""종별"": ""3종"", ""관리주체구분"": ""공공"", ""항목명"": ""형식 : 미등록 / 연장 : 164.0 m, 차로수 : 4"", ""위치"": ""대구광역시 서구""}"
15124755:721,15124755,721,새방지하차도,대구광역시 서구,공공,,"형식 : 미등록 / 연장 : 71.0 m, 차로수 : 6",,,,,,unverified,,CATALOG_ONLY,20230930,2025-11-18,https://data.go.kr/data/15124755/fileData.do,"{""순번(No)"": ""721"", ""시설물명"": ""새방지하차도"", ""시설물구분"": ""터널"", ""시설물종류"": ""지하차도"", ""종별"": ""3종"", ""관리주체구분"": ""공공"", ""항목명"": ""형식 : 미등록 / 연장 : 71.0 m, 차로수 : 6"", ""위치"": ""대구광역시 서구""}"
15124755:722,15124755,722,가천지하차도,대구광역시 수성구,공공,,"형식 : 라멘형 / 연장 : 10.2 m, 차로수 : 2",,,,,,unverified,,CATALOG_ONLY,20230930,2025-11-18,https://data.go.kr/data/15124755/fileData.do,"{""순번(No)"": ""722"", ""시설물명"": ""가천지하차도"", ""시설물구분"": ""터널"", ""시설물종류"": ""지하차도"", ""종별"": ""3종"", ""관리주체구분"": ""공공"", ""항목명"": ""형식 : 라멘형 / 연장 : 10.2 m, 차로수 : 2"", ""위치"": ""대구광역시 수성구""}"
15124755:723,15124755,723,망우공원지하차도,대구광역시 수성구,공공,,"형식 : 라멘형 / 연장 : 50.0 m, 차로수 : 2",,,,,,unverified,,CATALOG_ONLY,20230930,2025-11-18,https://data.go.kr/data/15124755/fileData.do,"{""순번(No)"": ""723"", ""시설물명"": ""망우공원지하차도"", ""시설물구분"": ""터널"", ""시설물종류"": ""지하차도"", ""종별"": ""3종"", ""관리주체구분"": ""공공"", ""항목명"": ""형식 : 라멘형 / 연장 : 50.0 m, 차로수 : 2"", ""위치"": ""대구광역시 수성구""}"
15124755:724,15124755,724,망우당네거리지하차도,대구광역시 수성구,공공,,"형식 : 라멘형 / 연장 : 57.3 m, 차로수 : 2",,,,,,unverified,,CATALOG_ONLY,20230930,2025-11-18,https://data.go.kr/data/15124755/fileData.do,"{""순번(No)"": ""724"", ""시설물명"": ""망우당네거리지하차도"", ""시설물구분"": ""터널"", ""시설물종류"": ""지하차도"", ""종별"": ""3종"", ""관리주체구분"": ""공공"", ""항목명"": ""형식 : 라멘형 / 연장 : 57.3 m, 차로수 : 2"", ""위치"": ""대구광역시 수성구""}"
15124755:725,15124755,725,동신교지하차도,대구광역시 중구,공공,,"형식 : 라멘형 / 연장 : 90.0 m, 차로수 : 4",,,,,,unverified,,CATALOG_ONLY,20230930,2025-11-18,https://data.go.kr/data/15124755/fileData.do,"{""순번(No)"": ""725"", ""시설물명"": ""동신교지하차도"", ""시설물구분"": ""터널"", ""시설물종류"": ""지하차도"", ""종별"": ""3종"", ""관리주체구분"": ""공공"", ""항목명"": ""형식 : 라멘형 / 연장 : 90.0 m, 차로수 : 4"", ""위치"": ""대구광역시 중구""}"
15124755:726,15124755,726,신천교지하차도,대구광역시 중구,공공,,"형식 : 라멘형 / 연장 : 95.0 m, 차로수 : 4",,,,,,unverified,,CATALOG_ONLY,20230930,2025-11-18,https://data.go.kr/data/15124755/fileData.do,"{""순번(No)"": ""726"", ""시설물명"": ""신천교지하차도"", ""시설물구분"": ""터널"", ""시설물종류"": ""지하차도"", ""종별"": ""3종"", ""관리주체구분"": ""공공"", ""항목명"": ""형식 : 라멘형 / 연장 : 95.0 m, 차로수 : 4"", ""위치"": ""대구광역시 중구""}"
15124755:727,15124755,727,가오지하차도(복),대전광역시 동구,공공,,"형식 : 박스형 / 연장 : 25.0 m, 차로수 : 4",,,,,,unverified,,CATALOG_ONLY,20230930,2025-11-18,https://data.go.kr/data/15124755/fileData.do,"{""순번(No)"": ""727"", ""시설물명"": ""가오지하차도(복)"", ""시설물구분"": ""터널"", ""시설물종류"": ""지하차도"", ""종별"": ""3종"", ""관리주체구분"": ""공공"", ""항목명"": ""형식 : 박스형 / 연장 : 25.0 m, 차로수 : 4"", ""위치"": ""대전광역시 동구""}"
15124755:728,15124755,728,엑스포지하차도,대전광역시 서구,공공,,"형식 : 박스형 / 연장 : 85.7 m, 차로수 : 6",,,,,,unverified,,CATALOG_ONLY,20230930,2025-11-18,https://data.go.kr/data/15124755/fileData.do,"{""순번(No)"": ""728"", ""시설물명"": ""엑스포지하차도"", ""시설물구분"": ""터널"", ""시설물종류"": ""지하차도"", ""종별"": ""3종"", ""관리주체구분"": ""공공"", ""항목명"": ""형식 : 박스형 / 연장 : 85.7 m, 차로수 : 6"", ""위치"": ""대전광역시 서구""}"
15124755:729,15124755,729,문현지하보도,부산광역시 남구,공공,,"형식 : 미등록 / 연장 : 59.0 m, 차로수 : 2",,,,,,unverified,,CATALOG_ONLY,20230930,2025-11-18,https://data.go.kr/data/15124755/fileData.do,"{""순번(No)"": ""729"", ""시설물명"": ""문현지하보도"", ""시설물구분"": ""터널"", ""시설물종류"": ""지하차도"", ""종별"": ""3종"", ""관리주체구분"": ""공공"", ""항목명"": ""형식 : 미등록 / 연장 : 59.0 m, 차로수 : 2"", ""위치"": ""부산광역시 남구""}"
15124755:730,15124755,730,문현지하차도,부산광역시 남구,공공,,"형식 : 미등록 / 연장 : 260.0 m, 차로수 : 4",,,,,,unverified,,CATALOG_ONLY,20230930,2025-11-18,https://data.go.kr/data/15124755/fileData.do,"{""순번(No)"": ""730"", ""시설물명"": ""문현지하차도"", ""시설물구분"": ""터널"", ""시설물종류"": ""지하차도"", ""종별"": ""3종"", ""관리주체구분"": ""공공"", ""항목명"": ""형식 : 미등록 / 연장 : 260.0 m, 차로수 : 4"", ""위치"": ""부산광역시 남구""}"
15124755:731,15124755,731,부산진시장 지하차도,부산광역시 동구,공공,,"형식 : 박스형 / 연장 : 44.0 m, 차로수 : 2",,,,,,unverified,,CATALOG_ONLY,20230930,2025-11-18,https://data.go.kr/data/15124755/fileData.do,"{""순번(No)"": ""731"", ""시설물명"": ""부산진시장 지하차도"", ""시설물구분"": ""터널"", ""시설물종류"": ""지하차도"", ""종별"": ""3종"", ""관리주체구분"": ""공공"", ""항목명"": ""형식 : 박스형 / 연장 : 44.0 m, 차로수 : 2"", ""위치"": ""부산광역시 동구""}"
15124755:732,15124755,732,범일지하도,부산광역시 부산진구,공공,,"형식 : 박스형 / 연장 : 27.7 m, 차로수 : 2",,,,,,unverified,,CATALOG_ONLY,20230930,2025-11-18,https://data.go.kr/data/15124755/fileData.do,"{""순번(No)"": ""732"", ""시설물명"": ""범일지하도"", ""시설물구분"": ""터널"", ""시설물종류"": ""지하차도"", ""종별"": ""3종"", ""관리주체구분"": ""공공"", ""항목명"": ""형식 : 박스형 / 연장 : 27.7 m, 차로수 : 2"", ""위치"": ""부산광역시 부산진구""}"
15124755:733,15124755,733,구남 굴다리,부산광역시 북구,공공,,"형식 : 미등록 / 연장 : 26.0 m, 차로수 : 2",,,,,,unverified,,CATALOG_ONLY,20230930,2025-11-18,https://data.go.kr/data/15124755/fileData.do,"{""순번(No)"": ""733"", ""시설물명"": ""구남 굴다리"", ""시설물구분"": ""터널"", ""시설물종류"": ""지하차도"", ""종별"": ""3종"", ""관리주체구분"": ""공공"", ""항목명"": ""형식 : 미등록 / 연장 : 26.0 m, 차로수 : 2"", ""위치"": ""부산광역시 북구""}"
15124755:734,15124755,734,구포시장 입구 지하보도,부산광역시 북구,공공,,"형식 : 미등록 / 연장 : 11.0 m, 차로수 : 1",,,,,,unverified,,CATALOG_ONLY,20230930,2025-11-18,https://data.go.kr/data/15124755/fileData.do,"{""순번(No)"": ""734"", ""시설물명"": ""구포시장 입구 지하보도"", ""시설물구분"": ""터널"", ""시설물종류"": ""지하차도"", ""종별"": ""3종"", ""관리주체구분"": ""공공"", ""항목명"": ""형식 : 미등록 / 연장 : 11.0 m, 차로수 : 1"", ""위치"": ""부산광역시 북구""}"
15124755:735,15124755,735,화명2 지하차도,부산광역시 북구,공공,,"형식 : 미등록 / 연장 : 37.0 m, 차로수 : 2",,,,,,unverified,,CATALOG_ONLY,20230930,2025-11-18,https://data.go.kr/data/15124755/fileData.do,"{""순번(No)"": ""735"", ""시설물명"": ""화명2 지하차도"", ""시설물구분"": ""터널"", ""시설물종류"": ""지하차도"", ""종별"": ""3종"", ""관리주체구분"": ""공공"", ""항목명"": ""형식 : 미등록 / 연장 : 37.0 m, 차로수 : 2"", ""위치"": ""부산광역시 북구""}"
15124755:736,15124755,736,화명3 지하보도,부산광역시 북구,공공,,"형식 : 미등록 / 연장 : 42.0 m, 차로수 : 2",,,,,,unverified,,CATALOG_ONLY,20230930,2025-11-18,https://data.go.kr/data/15124755/fileData.do,"{""순번(No)"": ""736"", ""시설물명"": ""화명3 지하보도"", ""시설물구분"": ""터널"", ""시설물종류"": ""지하차도"", ""종별"": ""3종"", ""관리주체구분"": ""공공"", ""항목명"": ""형식 : 미등록 / 연장 : 42.0 m, 차로수 : 2"", ""위치"": ""부산광역시 북구""}"
15124755:737,15124755,737,화명4 지하보도,부산광역시 북구,공공,,"형식 : 미등록 / 연장 : 47.0 m, 차로수 : 2",,,,,,unverified,,CATALOG_ONLY,20230930,2025-11-18,https://data.go.kr/data/15124755/fileData.do,"{""순번(No)"": ""737"", ""시설물명"": ""화명4 지하보도"", ""시설물구분"": ""터널"", ""시설물종류"": ""지하차도"", ""종별"": ""3종"", ""관리주체구분"": ""공공"", ""항목명"": ""형식 : 미등록 / 연장 : 47.0 m, 차로수 : 2"", ""위치"": ""부산광역시 북구""}"
15124755:738,15124755,738,화명5 지하차도,부산광역시 북구,공공,,"형식 : 미등록 / 연장 : 37.0 m, 차로수 : 2",,,,,,unverified,,CATALOG_ONLY,20230930,2025-11-18,https://data.go.kr/data/15124755/fileData.do,"{""순번(No)"": ""738"", ""시설물명"": ""화명5 지하차도"", ""시설물구분"": ""터널"", ""시설물종류"": ""지하차도"", ""종별"": ""3종"", ""관리주체구분"": ""공공"", ""항목명"": ""형식 : 미등록 / 연장 : 37.0 m, 차로수 : 2"", ""위치"": ""부산광역시 북구""}"
15124755:739,15124755,739,화명6 지하보도,부산광역시 북구,공공,,"형식 : 미등록 / 연장 : 37.0 m, 차로수 : 2",,,,,,unverified,,CATALOG_ONLY,20230930,2025-11-18,https://data.go.kr/data/15124755/fileData.do,"{""순번(No)"": ""739"", ""시설물명"": ""화명6 지하보도"", ""시설물구분"": ""터널"", ""시설물종류"": ""지하차도"", ""종별"": ""3종"", ""관리주체구분"": ""공공"", ""항목명"": ""형식 : 미등록 / 연장 : 37.0 m, 차로수 : 2"", ""위치"": ""부산광역시 북구""}"
15124755:740,15124755,740,감현2교 지하보차도,부산광역시 사상구,공공,,"형식 : 통로박스 / 연장 : 20.0 m, 차로수 : 2",,,,,,unverified,,CATALOG_ONLY,20230930,2025-11-18,https://data.go.kr/data/15124755/fileData.do,"{""순번(No)"": ""740"", ""시설물명"": ""감현2교 지하보차도"", ""시설물구분"": ""터널"", ""시설물종류"": ""지하차도"", ""종별"": ""3종"", ""관리주체구분"": ""공공"", ""항목명"": ""형식 : 통로박스 / 연장 : 20.0 m, 차로수 : 2"", ""위치"": ""부산광역시 사상구""}"
15124755:741,15124755,741,괘법동 지하차도,부산광역시 사상구,공공,,"형식 : 통로박스 / 연장 : 48.0 m, 차로수 : 1",,,,,,unverified,,CATALOG_ONLY,20230930,2025-11-18,https://data.go.kr/data/15124755/fileData.do,"{""순번(No)"": ""741"", ""시설물명"": ""괘법동 지하차도"", ""시설물구분"": ""터널"", ""시설물종류"": ""지하차도"", ""종별"": ""3종"", ""관리주체구분"": ""공공"", ""항목명"": ""형식 : 통로박스 / 연장 : 48.0 m, 차로수 : 1"", ""위치"": ""부산광역시 사상구""}"
15124755:742,15124755,742,보훈병원 지하차도1,부산광역시 사상구,공공,,"형식 : 지하차도 / 연장 : 30.0 m, 차로수 : 2",,,,,,unverified,,CATALOG_ONLY,20230930,2025-11-18,https://data.go.kr/data/15124755/fileData.do,"{""순번(No)"": ""742"", ""시설물명"": ""보훈병원 지하차도1"", ""시설물구분"": ""터널"", ""시설물종류"": ""지하차도"", ""종별"": ""3종"", ""관리주체구분"": ""공공"", ""항목명"": ""형식 : 지하차도 / 연장 : 30.0 m, 차로수 : 2"", ""위치"": ""부산광역시 사상구""}"
15124755:743,15124755,743,보훈병원 지하차도3,부산광역시 사상구,공공,,"형식 : 지하차도 / 연장 : 53.0 m, 차로수 : 4",,,,,,unverified,,CATALOG_ONLY,20230930,2025-11-18,https://data.go.kr/data/15124755/fileData.do,"{""순번(No)"": ""743"", ""시설물명"": ""보훈병원 지하차도3"", ""시설물구분"": ""터널"", ""시설물종류"": ""지하차도"", ""종별"": ""3종"", ""관리주체구분"": ""공공"", ""항목명"": ""형식 : 지하차도 / 연장 : 53.0 m, 차로수 : 4"", ""위치"": ""부산광역시 사상구""}"
15124755:744,15124755,744,북구경계 지하차도,부산광역시 사상구,공공,,"형식 : 통로박스 / 연장 : 14.5 m, 차로수 : 2",,,,,,unverified,,CATALOG_ONLY,20230930,2025-11-18,https://data.go.kr/data/15124755/fileData.do,"{""순번(No)"": ""744"", ""시설물명"": ""북구경계 지하차도"", ""시설물구분"": ""터널"", ""시설물종류"": ""지하차도"", ""종별"": ""3종"", ""관리주체구분"": ""공공"", ""항목명"": ""형식 : 통로박스 / 연장 : 14.5 m, 차로수 : 2"", ""위치"": ""부산광역시 사상구""}"
15124755:745,15124755,745,자유아파트 지하보도,부산광역시 사상구,공공,,"형식 : 지하차도 / 연장 : 35.0 m, 차로수 : 4",,,,,,unverified,,CATALOG_ONLY,20230930,2025-11-18,https://data.go.kr/data/15124755/fileData.do,"{""순번(No)"": ""745"", ""시설물명"": ""자유아파트 지하보도"", ""시설물구분"": ""터널"", ""시설물종류"": ""지하차도"", ""종별"": ""3종"", ""관리주체구분"": ""공공"", ""항목명"": ""형식 : 지하차도 / 연장 : 35.0 m, 차로수 : 4"", ""위치"": ""부산광역시 사상구""}"
15124755:746,15124755,746,주례우체국뒤 지하차도,부산광역시 사상구,공공,,"형식 : 지하차도 / 연장 : 46.0 m, 차로수 : 1",,,,,,unverified,,CATALOG_ONLY,20230930,2025-11-18,https://data.go.kr/data/15124755/fileData.do,"{""순번(No)"": ""746"", ""시설물명"": ""주례우체국뒤 지하차도"", ""시설물구분"": ""터널"", ""시설물종류"": ""지하차도"", ""종별"": ""3종"", ""관리주체구분"": ""공공"", ""항목명"": ""형식 : 지하차도 / 연장 : 46.0 m, 차로수 : 1"", ""위치"": ""부산광역시 사상구""}"
15124755:747,15124755,747,학감대로 지하보도,부산광역시 사상구,공공,,"형식 : 지하보도 / 연장 : 37.5 m, 차로수 : 1",,,,,,unverified,,CATALOG_ONLY,20230930,2025-11-18,https://data.go.kr/data/15124755/fileData.do,"{""순번(No)"": ""747"", ""시설물명"": ""학감대로 지하보도"", ""시설물구분"": ""터널"", ""시설물종류"": ""지하차도"", ""종별"": ""3종"", ""관리주체구분"": ""공공"", ""항목명"": ""형식 : 지하보도 / 연장 : 37.5 m, 차로수 : 1"", ""위치"": ""부산광역시 사상구""}"
15124755:748,15124755,748,학장사거리 지하보도1,부산광역시 사상구,공공,,"형식 : 지하보도 / 연장 : 22.5 m, 차로수 : 1",,,,,,unverified,,CATALOG_ONLY,20230930,2025-11-18,https://data.go.kr/data/15124755/fileData.do,"{""순번(No)"": ""748"", ""시설물명"": ""학장사거리 지하보도1"", ""시설물구분"": ""터널"", ""시설물종류"": ""지하차도"", ""종별"": ""3종"", ""관리주체구분"": ""공공"", ""항목명"": ""형식 : 지하보도 / 연장 : 22.5 m, 차로수 : 1"", ""위치"": ""부산광역시 사상구""}"
15124755:749,15124755,749,학장사거리 지하보도2,부산광역시 사상구,공공,,"형식 : 지하보도 / 연장 : 19.5 m, 차로수 : 1",,,,,,unverified,,CATALOG_ONLY,20230930,2025-11-18,https://data.go.kr/data/15124755/fileData.do,"{""순번(No)"": ""749"", ""시설물명"": ""학장사거리 지하보도2"", ""시설물구분"": ""터널"", ""시설물종류"": ""지하차도"", ""종별"": ""3종"", ""관리주체구분"": ""공공"", ""항목명"": ""형식 : 지하보도 / 연장 : 19.5 m, 차로수 : 1"", ""위치"": ""부산광역시 사상구""}"
15124755:750,15124755,750,한일시멘트 지하차도,부산광역시 사상구,공공,,"형식 : 지하차도 / 연장 : 79.0 m, 차로수 : 2",,,,,,unverified,,CATALOG_ONLY,20230930,2025-11-18,https://data.go.kr/data/15124755/fileData.do,"{""순번(No)"": ""750"", ""시설물명"": ""한일시멘트 지하차도"", ""시설물구분"": ""터널"", ""시설물종류"": ""지하차도"", ""종별"": ""3종"", ""관리주체구분"": ""공공"", ""항목명"": ""형식 : 지하차도 / 연장 : 79.0 m, 차로수 : 2"", ""위치"": ""부산광역시 사상구""}"
15124755:751,15124755,751,센텀지하차도,부산광역시 해운대구,공공,,"형식 : 미등록 / 연장 : 100.0 m, 차로수 : 4",,,,,,unverified,,CATALOG_ONLY,20230930,2025-11-18,https://data.go.kr/data/15124755/fileData.do,"{""순번(No)"": ""751"", ""시설물명"": ""센텀지하차도"", ""시설물구분"": ""터널"", ""시설물종류"": ""지하차도"", ""종별"": ""3종"", ""관리주체구분"": ""공공"", ""항목명"": ""형식 : 미등록 / 연장 : 100.0 m, 차로수 : 4"", ""위치"": ""부산광역시 해운대구""}"
15124755:752,15124755,752,원동IC 인근 지하차도,부산광역시 해운대구,공공,,"형식 : 박스형 / 연장 : 4.0 m, 차로수 : 1",,,,,,unverified,,CATALOG_ONLY,20230930,2025-11-18,https://data.go.kr/data/15124755/fileData.do,"{""순번(No)"": ""752"", ""시설물명"": ""원동IC 인근 지하차도"", ""시설물구분"": ""터널"", ""시설물종류"": ""지하차도"", ""종별"": ""3종"", ""관리주체구분"": ""공공"", ""항목명"": ""형식 : 박스형 / 연장 : 4.0 m, 차로수 : 1"", ""위치"": ""부산광역시 해운대구""}"
15124755:753,15124755,753,중동지하차도,부산광역시 해운대구,공공,,"형식 : 미등록 / 연장 : 85.0 m, 차로수 : 6",,,,,,unverified,,CATALOG_ONLY,20230930,2025-11-18,https://data.go.kr/data/15124755/fileData.do,"{""순번(No)"": ""753"", ""시설물명"": ""중동지하차도"", ""시설물구분"": ""터널"", ""시설물종류"": ""지하차도"", ""종별"": ""3종"", ""관리주체구분"": ""공공"", ""항목명"": ""형식 : 미등록 / 연장 : 85.0 m, 차로수 : 6"", ""위치"": ""부산광역시 해운대구""}"
15124755:754,15124755,754,수서지하차도,서울특별시 강남구,공공,,"형식 : 미등록 / 연장 : 90.0 m, 차로수 : 6",,,,,,unverified,,CATALOG_ONLY,20230930,2025-11-18,https://data.go.kr/data/15124755/fileData.do,"{""순번(No)"": ""754"", ""시설물명"": ""수서지하차도"", ""시설물구분"": ""터널"", ""시설물종류"": ""지하차도"", ""종별"": ""3종"", ""관리주체구분"": ""공공"", ""항목명"": ""형식 : 미등록 / 연장 : 90.0 m, 차로수 : 6"", ""위치"": ""서울특별시 강남구""}"
15124755:755,15124755,755,동남로 지하보차도,서울특별시 강동구,공공,,"형식 : 미등록 / 연장 : 40.5 m, 차로수 : 2",,,,,,unverified,,CATALOG_ONLY,20230930,2025-11-18,https://data.go.kr/data/15124755/fileData.do,"{""순번(No)"": ""755"", ""시설물명"": ""동남로 지하보차도"", ""시설물구분"": ""터널"", ""시설물종류"": ""지하차도"", ""종별"": ""3종"", ""관리주체구분"": ""공공"", ""항목명"": ""형식 : 미등록 / 연장 : 40.5 m, 차로수 : 2"", ""위치"": ""서울특별시 강동구""}"
15124755:756,15124755,756,암사지하차도,서울특별시 강동구,공공,,"형식 : 미등록 / 연장 : 53.0 m, 차로수 : 4",,,,,,unverified,,CATALOG_ONLY,20230930,2025-11-18,https://data.go.kr/data/15124755/fileData.do,"{""순번(No)"": ""756"", ""시설물명"": ""암사지하차도"", ""시설물구분"": ""터널"", ""시설물종류"": ""지하차도"", ""종별"": ""3종"", ""관리주체구분"": ""공공"", ""항목명"": ""형식 : 미등록 / 연장 : 53.0 m, 차로수 : 4"", ""위치"": ""서울특별시 강동구""}"
15124755:757,15124755,757,인수봉로지하차도,서울특별시 강북구,공공,,"형식 : 박스형 / 연장 : 27.0 m, 차로수 : 3",,,,,,unverified,,CATALOG_ONLY,20230930,2025-11-18,https://data.go.kr/data/15124755/fileData.do,"{""순번(No)"": ""757"", ""시설물명"": ""인수봉로지하차도"", ""시설물구분"": ""터널"", ""시설물종류"": ""지하차도"", ""종별"": ""3종"", ""관리주체구분"": ""공공"", ""항목명"": ""형식 : 박스형 / 연장 : 27.0 m, 차로수 : 3"", ""위치"": ""서울특별시 강북구""}"
15124755:758,15124755,758,개화 지하차도,서울특별시 강서구,공공,,"형식 : 박스형 / 연장 : 80.0 m, 차로수 : 2",,,,,,unverified,,CATALOG_ONLY,20230930,2025-11-18,https://data.go.kr/data/15124755/fileData.do,"{""순번(No)"": ""758"", ""시설물명"": ""개화 지하차도"", ""시설물구분"": ""터널"", ""시설물종류"": ""지하차도"", ""종별"": ""3종"", ""관리주체구분"": ""공공"", ""항목명"": ""형식 : 박스형 / 연장 : 80.0 m, 차로수 : 2"", ""위치"": ""서울특별시 강서구""}"
15124755:759,15124755,759,개화지하차도,서울특별시 강서구,공공,,"형식 : 미등록 / 연장 : 420.0 m, 차로수 : 4",,,,,,unverified,,CATALOG_ONLY,20230930,2025-11-18,https://data.go.kr/data/15124755/fileData.do,"{""순번(No)"": ""759"", ""시설물명"": ""개화지하차도"", ""시설물구분"": ""터널"", ""시설물종류"": ""지하차도"", ""종별"": ""3종"", ""관리주체구분"": ""공공"", ""항목명"": ""형식 : 미등록 / 연장 : 420.0 m, 차로수 : 4"", ""위치"": ""서울특별시 강서구""}"
15124755:760,15124755,760,국내선 진입 지하차도,서울특별시 강서구,공공,,"형식 : 박스형 / 연장 : 80.0 m, 차로수 : 2",,,,,,unverified,,CATALOG_ONLY,20230930,2025-11-18,https://data.go.kr/data/15124755/fileData.do,"{""순번(No)"": ""760"", ""시설물명"": ""국내선 진입 지하차도"", ""시설물구분"": ""터널"", ""시설물종류"": ""지하차도"", ""종별"": ""3종"", ""관리주체구분"": ""공공"", ""항목명"": ""형식 : 박스형 / 연장 : 80.0 m, 차로수 : 2"", ""위치"": ""서울특별시 강서구""}"
15124755:761,15124755,761,국제선방향 지하차도,서울특별시 강서구,공공,,"형식 : 박스형 / 연장 : 63.6 m, 차로수 : 2",,,,,,unverified,,CATALOG_ONLY,20230930,2025-11-18,https://data.go.kr/data/15124755/fileData.do,"{""순번(No)"": ""761"", ""시설물명"": ""국제선방향 지하차도"", ""시설물구분"": ""터널"", ""시설물종류"": ""지하차도"", ""종별"": ""3종"", ""관리주체구분"": ""공공"", ""항목명"": ""형식 : 박스형 / 연장 : 63.6 m, 차로수 : 2"", ""위치"": ""서울특별시 강서구""}"
15124755:762,15124755,762,국제선진입 지하차도,서울특별시 강서구,공공,,"형식 : 박스형 / 연장 : 115.0 m, 차로수 : 1",,,,,,unverified,,CATALOG_ONLY,20230930,2025-11-18,https://data.go.kr/data/15124755/fileData.do,"{""순번(No)"": ""762"", ""시설물명"": ""국제선진입 지하차도"", ""시설물구분"": ""터널"", ""시설물종류"": ""지하차도"", ""종별"": ""3종"", ""관리주체구분"": ""공공"", ""항목명"": ""형식 : 박스형 / 연장 : 115.0 m, 차로수 : 1"", ""위치"": ""서울특별시 강서구""}"
15124755:763,15124755,763,발산역지하보도,서울특별시 강서구,공공,,"형식 : 박스형 / 연장 : 160.0 m, 차로수 : 1",,,,,,unverified,,CATALOG_ONLY,20230930,2025-11-18,https://data.go.kr/data/15124755/fileData.do,"{""순번(No)"": ""763"", ""시설물명"": ""발산역지하보도"", ""시설물구분"": ""터널"", ""시설물종류"": ""지하차도"", ""종별"": ""3종"", ""관리주체구분"": ""공공"", ""항목명"": ""형식 : 박스형 / 연장 : 160.0 m, 차로수 : 1"", ""위치"": ""서울특별시 강서구""}"
15124755:764,15124755,764,인천공항방향 지하차도,서울특별시 강서구,공공,,"형식 : 박스형 / 연장 : 58.0 m, 차로수 : 3",,,,,,unverified,,CATALOG_ONLY,20230930,2025-11-18,https://data.go.kr/data/15124755/fileData.do,"{""순번(No)"": ""764"", ""시설물명"": ""인천공항방향 지하차도"", ""시설물구분"": ""터널"", ""시설물종류"": ""지하차도"", ""종별"": ""3종"", ""관리주체구분"": ""공공"", ""항목명"": ""형식 : 박스형 / 연장 : 58.0 m, 차로수 : 3"", ""위치"": ""서울특별시 강서구""}"
15124755:765,15124755,765,화곡지하차도,서울특별시 강서구,공공,,"형식 : 박스형 / 연장 : 70.0 m, 차로수 : 1",,,,,,unverified,,CATALOG_ONLY,20230930,2025-11-18,https://data.go.kr/data/15124755/fileData.do,"{""순번(No)"": ""765"", ""시설물명"": ""화곡지하차도"", ""시설물구분"": ""터널"", ""시설물종류"": ""지하차도"", ""종별"": ""3종"", ""관리주체구분"": ""공공"", ""항목명"": ""형식 : 박스형 / 연장 : 70.0 m, 차로수 : 1"", ""위치"": ""서울특별시 강서구""}"
15124755:766,15124755,766,광장중앞 지하차도,서울특별시 광진구,공공,,"형식 : 미등록 / 연장 : 72.0 m, 차로수 : 2",,,,,,unverified,,CATALOG_ONLY,20230930,2025-11-18,https://data.go.kr/data/15124755/fileData.do,"{""순번(No)"": ""766"", ""시설물명"": ""광장중앞 지하차도"", ""시설물구분"": ""터널"", ""시설물종류"": ""지하차도"", ""종별"": ""3종"", ""관리주체구분"": ""공공"", ""항목명"": ""형식 : 미등록 / 연장 : 72.0 m, 차로수 : 2"", ""위치"": ""서울특별시 광진구""}"
15124755:767,15124755,767,광장중학교앞 지하보도,서울특별시 광진구,공공,,"형식 : 박스형 / 연장 : 72.0 m, 차로수 : 1",,,,,,unverified,,CATALOG_ONLY,20230930,2025-11-18,https://data.go.kr/data/15124755/fileData.do,"{""순번(No)"": ""767"", ""시설물명"": ""광장중학교앞 지하보도"", ""시설물구분"": ""터널"", ""시설물종류"": ""지하차도"", ""종별"": ""3종"", ""관리주체구분"": ""공공"", ""항목명"": ""형식 : 박스형 / 연장 : 72.0 m, 차로수 : 1"", ""위치"": ""서울특별시 광진구""}"
15124755:768,15124755,768,군자교동측지하차도,서울특별시 광진구,공공,,"형식 : 미등록 / 연장 : 66.0 m, 차로수 : 4",,,,,,unverified,,CATALOG_ONLY,20230930,2025-11-18,https://data.go.kr/data/15124755/fileData.do,"{""순번(No)"": ""768"", ""시설물명"": ""군자교동측지하차도"", ""시설물구분"": ""터널"", ""시설물종류"": ""지하차도"", ""종별"": ""3종"", ""관리주체구분"": ""공공"", ""항목명"": ""형식 : 미등록 / 연장 : 66.0 m, 차로수 : 4"", ""위치"": ""서울특별시 광진구""}"
15124755:769,15124755,769,군자지하보도,서울특별시 광진구,공공,,"형식 : 박스형 / 연장 : 164.0 m, 차로수 : 2",,,,,,unverified,,CATALOG_ONLY,20230930,2025-11-18,https://data.go.kr/data/15124755/fileData.do,"{""순번(No)"": ""769"", ""시설물명"": ""군자지하보도"", ""시설물구분"": ""터널"", ""시설물종류"": ""지하차도"", ""종별"": ""3종"", ""관리주체구분"": ""공공"", ""항목명"": ""형식 : 박스형 / 연장 : 164.0 m, 차로수 : 2"", ""위치"": ""서울특별시 광진구""}"
15124755:770,15124755,770,경인철도횡단지하차도,서울특별시 구로구,공공,,"형식 : 미등록 / 연장 : 30.0 m, 차로수 : 6",,,,,,unverified,,CATALOG_ONLY,20230930,2025-11-18,https://data.go.kr/data/15124755/fileData.do,"{""순번(No)"": ""770"", ""시설물명"": ""경인철도횡단지하차도"", ""시설물구분"": ""터널"", ""시설물종류"": ""지하차도"", ""종별"": ""3종"", ""관리주체구분"": ""공공"", ""항목명"": ""형식 : 미등록 / 연장 : 30.0 m, 차로수 : 6"", ""위치"": ""서울특별시 구로구""}"
15124755:771,15124755,771,고척2지하차도,서울특별시 구로구,공공,,"형식 : 박스형 / 연장 : 417.0 m, 차로수 : 4",,,,,,unverified,,CATALOG_ONLY,20230930,2025-11-18,https://data.go.kr/data/15124755/fileData.do,"{""순번(No)"": ""771"", ""시설물명"": ""고척2지하차도"", ""시설물구분"": ""터널"", ""시설물종류"": ""지하차도"", ""종별"": ""3종"", ""관리주체구분"": ""공공"", ""항목명"": ""형식 : 박스형 / 연장 : 417.0 m, 차로수 : 4"", ""위치"": ""서울특별시 구로구""}"
15124755:772,15124755,772,고척지하차도,서울특별시 구로구,공공,,"형식 : 미등록 / 연장 : 85.0 m, 차로수 : 4",,,,,,unverified,,CATALOG_ONLY,20230930,2025-11-18,https://data.go.kr/data/15124755/fileData.do,"{""순번(No)"": ""772"", ""시설물명"": ""고척지하차도"", ""시설물구분"": ""터널"", ""시설물종류"": ""지하차도"", ""종별"": ""3종"", ""관리주체구분"": ""공공"", ""항목명"": ""형식 : 미등록 / 연장 : 85.0 m, 차로수 : 4"", ""위치"": ""서울특별시 구로구""}"
15124755:773,15124755,773,구로역지하차도,서울특별시 구로구,공공,,"형식 : 박스형 / 연장 : 231.0 m, 차로수 : 6",,,,,,unverified,,CATALOG_ONLY,20230930,2025-11-18,https://data.go.kr/data/15124755/fileData.do,"{""순번(No)"": ""773"", ""시설물명"": ""구로역지하차도"", ""시설물구분"": ""터널"", ""시설물종류"": ""지하차도"", ""종별"": ""3종"", ""관리주체구분"": ""공공"", ""항목명"": ""형식 : 박스형 / 연장 : 231.0 m, 차로수 : 6"", ""위치"": ""서울특별시 구로구""}"
15124755:774,15124755,774,구로큰길(1)지하차도,서울특별시 구로구,공공,,"형식 : 미등록 / 연장 : 25.0 m, 차로수 : 4",,,,,,unverified,,CATALOG_ONLY,20230930,2025-11-18,https://data.go.kr/data/15124755/fileData.do,"{""순번(No)"": ""774"", ""시설물명"": ""구로큰길(1)지하차도"", ""시설물구분"": ""터널"", ""시설물종류"": ""지하차도"", ""종별"": ""3종"", ""관리주체구분"": ""공공"", ""항목명"": ""형식 : 미등록 / 연장 : 25.0 m, 차로수 : 4"", ""위치"": ""서울특별시 구로구""}"
15124755:775,15124755,775,구로큰길(2)지하차도,서울특별시 구로구,공공,,"형식 : 미등록 / 연장 : 131.0 m, 차로수 : 4",,,,,,unverified,,CATALOG_ONLY,20230930,2025-11-18,https://data.go.kr/data/15124755/fileData.do,"{""순번(No)"": ""775"", ""시설물명"": ""구로큰길(2)지하차도"", ""시설물구분"": ""터널"", ""시설물종류"": ""지하차도"", ""종별"": ""3종"", ""관리주체구분"": ""공공"", ""항목명"": ""형식 : 미등록 / 연장 : 131.0 m, 차로수 : 4"", ""위치"": ""서울특별시 구로구""}"
15124755:776,15124755,776,구일역앞지하보차도,서울특별시 구로구,공공,,"형식 : 박스형 / 연장 : 42.0 m, 차로수 : 1",,,,,,unverified,,CATALOG_ONLY,20230930,2025-11-18,https://data.go.kr/data/15124755/fileData.do,"{""순번(No)"": ""776"", ""시설물명"": ""구일역앞지하보차도"", ""시설물구분"": ""터널"", ""시설물종류"": ""지하차도"", ""종별"": ""3종"", ""관리주체구분"": ""공공"", ""항목명"": ""형식 : 박스형 / 연장 : 42.0 m, 차로수 : 1"", ""위치"": ""서울특별시 구로구""}"
15124755:777,15124755,777,신정교동측지하차도,서울특별시 구로구,공공,,"형식 : 미등록 / 연장 : 42.0 m, 차로수 : 4",,,,,,unverified,,CATALOG_ONLY,20230930,2025-11-18,https://data.go.kr/data/15124755/fileData.do,"{""순번(No)"": ""777"", ""시설물명"": ""신정교동측지하차도"", ""시설물구분"": ""터널"", ""시설물종류"": ""지하차도"", ""종별"": ""3종"", ""관리주체구분"": ""공공"", ""항목명"": ""형식 : 미등록 / 연장 : 42.0 m, 차로수 : 4"", ""위치"": ""서울특별시 구로구""}"
15124755:778,15124755,778,오금교동측지하차도,서울특별시 구로구,공공,,"형식 : 미등록 / 연장 : 60.0 m, 차로수 : 4",,,,,,unverified,,CATALOG_ONLY,20230930,2025-11-18,https://data.go.kr/data/15124755/fileData.do,"{""순번(No)"": ""778"", ""시설물명"": ""오금교동측지하차도"", ""시설물구분"": ""터널"", ""시설물종류"": ""지하차도"", ""종별"": ""3종"", ""관리주체구분"": ""공공"", ""항목명"": ""형식 : 미등록 / 연장 : 60.0 m, 차로수 : 4"", ""위치"": ""서울특별시 구로구""}"
15124755:779,15124755,779,오금교접속교,서울특별시 구로구,공공,,"형식 : 라멘형 / 연장 : 60.0 m, 차로수 : 1",,,,,,unverified,,CATALOG_ONLY,20230930,2025-11-18,https://data.go.kr/data/15124755/fileData.do,"{""순번(No)"": ""779"", ""시설물명"": ""오금교접속교"", ""시설물구분"": ""터널"", ""시설물종류"": ""지하차도"", ""종별"": ""3종"", ""관리주체구분"": ""공공"", ""항목명"": ""형식 : 라멘형 / 연장 : 60.0 m, 차로수 : 1"", ""위치"": ""서울특별시 구로구""}"
15124755:780,15124755,780,오류지하차도,서울특별시 구로구,공공,,"형식 : 박스형 / 연장 : 37.0 m, 차로수 : 2",,,,,,unverified,,CATALOG_ONLY,20230930,2025-11-18,https://data.go.kr/data/15124755/fileData.do,"{""순번(No)"": ""780"", ""시설물명"": ""오류지하차도"", ""시설물구분"": ""터널"", ""시설물종류"": ""지하차도"", ""종별"": ""3종"", ""관리주체구분"": ""공공"", ""항목명"": ""형식 : 박스형 / 연장 : 37.0 m, 차로수 : 2"", ""위치"": ""서울특별시 구로구""}"
15124755:781,15124755,781,박미지하차도,서울특별시 금천구,공공,,"형식 : 미등록 / 연장 : 61.5 m, 차로수 : 2",,,,,,unverified,,CATALOG_ONLY,20230930,2025-11-18,https://data.go.kr/data/15124755/fileData.do,"{""순번(No)"": ""781"", ""시설물명"": ""박미지하차도"", ""시설물구분"": ""터널"", ""시설물종류"": ""지하차도"", ""종별"": ""3종"", ""관리주체구분"": ""공공"", ""항목명"": ""형식 : 미등록 / 연장 : 61.5 m, 차로수 : 2"", ""위치"": ""서울특별시 금천구""}"
15124755:782,15124755,782,호암길 지하차도,서울특별시 금천구,공공,,"형식 : 박스형 / 연장 : 36.3 m, 차로수 : 2",,,,,,unverified,,CATALOG_ONLY,20230930,2025-11-18,https://data.go.kr/data/15124755/fileData.do,"{""순번(No)"": ""782"", ""시설물명"": ""호암길 지하차도"", ""시설물구분"": ""터널"", ""시설물종류"": ""지하차도"", ""종별"": ""3종"", ""관리주체구분"": ""공공"", ""항목명"": ""형식 : 박스형 / 연장 : 36.3 m, 차로수 : 2"", ""위치"": ""서울특별시 금천구""}"
15124755:783,15124755,783,노원길지하박스차도,서울특별시 노원구,공공,,"형식 : 박스형 / 연장 : 36.0 m, 차로수 : 2",,,,,,unverified,,CATALOG_ONLY,20230930,2025-11-18,https://data.go.kr/data/15124755/fileData.do,"{""순번(No)"": ""783"", ""시설물명"": ""노원길지하박스차도"", ""시설물구분"": ""터널"", ""시설물종류"": ""지하차도"", ""종별"": ""3종"", ""관리주체구분"": ""공공"", ""항목명"": ""형식 : 박스형 / 연장 : 36.0 m, 차로수 : 2"", ""위치"": ""서울특별시 노원구""}"
15124755:784,15124755,784,노원지하보도,서울특별시 노원구,공공,,"형식 : 박스형 / 연장 : 46.0 m, 차로수 : 2",,,,,,unverified,,CATALOG_ONLY,20230930,2025-11-18,https://data.go.kr/data/15124755/fileData.do,"{""순번(No)"": ""784"", ""시설물명"": ""노원지하보도"", ""시설물구분"": ""터널"", ""시설물종류"": ""지하차도"", ""종별"": ""3종"", ""관리주체구분"": ""공공"", ""항목명"": ""형식 : 박스형 / 연장 : 46.0 m, 차로수 : 2"", ""위치"": ""서울특별시 노원구""}"
15124755:785,15124755,785,노원지하차도,서울특별시 노원구,공공,,"형식 : 박스형 / 연장 : 60.0 m, 차로수 : 4",,,,,,unverified,,CATALOG_ONLY,20230930,2025-11-18,https://data.go.kr/data/15124755/fileData.do,"{""순번(No)"": ""785"", ""시설물명"": ""노원지하차도"", ""시설물구분"": ""터널"", ""시설물종류"": ""지하차도"", ""종별"": ""3종"", ""관리주체구분"": ""공공"", ""항목명"": ""형식 : 박스형 / 연장 : 60.0 m, 차로수 : 4"", ""위치"": ""서울특별시 노원구""}"
15124755:786,15124755,786,노일지하보도,서울특별시 노원구,공공,,"형식 : 박스형 / 연장 : 31.0 m, 차로수 : 2",,,,,,unverified,,CATALOG_ONLY,20230930,2025-11-18,https://data.go.kr/data/15124755/fileData.do,"{""순번(No)"": ""786"", ""시설물명"": ""노일지하보도"", ""시설물구분"": ""터널"", ""시설물종류"": ""지하차도"", ""종별"": ""3종"", ""관리주체구분"": ""공공"", ""항목명"": ""형식 : 박스형 / 연장 : 31.0 m, 차로수 : 2"", ""위치"": ""서울특별시 노원구""}"
15124755:787,15124755,787,당현지하보도,서울특별시 노원구,공공,,"형식 : 박스형 / 연장 : 46.0 m, 차로수 : 2",,,,,,unverified,,CATALOG_ONLY,20230930,2025-11-18,https://data.go.kr/data/15124755/fileData.do,"{""순번(No)"": ""787"", ""시설물명"": ""당현지하보도"", ""시설물구분"": ""터널"", ""시설물종류"": ""지하차도"", ""종별"": ""3종"", ""관리주체구분"": ""공공"", ""항목명"": ""형식 : 박스형 / 연장 : 46.0 m, 차로수 : 2"", ""위치"": ""서울특별시 노원구""}"
15124755:788,15124755,788,덕릉고개 지하차도,서울특별시 노원구,공공,,"형식 : 라멘형 / 연장 : 10.5 m, 차로수 : 2",,,,,,unverified,,CATALOG_ONLY,20230930,2025-11-18,https://data.go.kr/data/15124755/fileData.do,"{""순번(No)"": ""788"", ""시설물명"": ""덕릉고개 지하차도"", ""시설물구분"": ""터널"", ""시설물종류"": ""지하차도"", ""종별"": ""3종"", ""관리주체구분"": ""공공"", ""항목명"": ""형식 : 라멘형 / 연장 : 10.5 m, 차로수 : 2"", ""위치"": ""서울특별시 노원구""}"
15124755:789,15124755,789,동일로지하보도,서울특별시 노원구,공공,,"형식 : 박스형 / 연장 : 35.0 m, 차로수 : 2",,,,,,unverified,,CATALOG_ONLY,20230930,2025-11-18,https://data.go.kr/data/15124755/fileData.do,"{""순번(No)"": ""789"", ""시설물명"": ""동일로지하보도"", ""시설물구분"": ""터널"", ""시설물종류"": ""지하차도"", ""종별"": ""3종"", ""관리주체구분"": ""공공"", ""항목명"": ""형식 : 박스형 / 연장 : 35.0 m, 차로수 : 2"", ""위치"": ""서울특별시 노원구""}"
15124755:790,15124755,790,마들지하차도,서울특별시 노원구,공공,,"형식 : 박스형 / 연장 : 60.0 m, 차로수 : 4",,,,,,unverified,,CATALOG_ONLY,20230930,2025-11-18,https://data.go.kr/data/15124755/fileData.do,"{""순번(No)"": ""790"", ""시설물명"": ""마들지하차도"", ""시설물구분"": ""터널"", ""시설물종류"": ""지하차도"", ""종별"": ""3종"", ""관리주체구분"": ""공공"", ""항목명"": ""형식 : 박스형 / 연장 : 60.0 m, 차로수 : 4"", ""위치"": ""서울특별시 노원구""}"
15124755:791,15124755,791,상계지하차도,서울특별시 노원구,공공,,"형식 : 박스형 / 연장 : 78.0 m, 차로수 : 4",,,,,,unverified,,CATALOG_ONLY,20230930,2025-11-18,https://data.go.kr/data/15124755/fileData.do,"{""순번(No)"": ""791"", ""시설물명"": ""상계지하차도"", ""시설물구분"": ""터널"", ""시설물종류"": ""지하차도"", ""종별"": ""3종"", ""관리주체구분"": ""공공"", ""항목명"": ""형식 : 박스형 / 연장 : 78.0 m, 차로수 : 4"", ""위치"": ""서울특별시 노원구""}"
15124755:792,15124755,792,수락지하차도,서울특별시 노원구,공공,,"형식 : 박스형 / 연장 : 90.0 m, 차로수 : 2",,,,,,unverified,,CATALOG_ONLY,20230930,2025-11-18,https://data.go.kr/data/15124755/fileData.do,"{""순번(No)"": ""792"", ""시설물명"": ""수락지하차도"", ""시설물구분"": ""터널"", ""시설물종류"": ""지하차도"", ""종별"": ""3종"", ""관리주체구분"": ""공공"", ""항목명"": ""형식 : 박스형 / 연장 : 90.0 m, 차로수 : 2"", ""위치"": ""서울특별시 노원구""}"
15124755:793,15124755,793,용화지하보도,서울특별시 노원구,공공,,"형식 : 박스형 / 연장 : 32.0 m, 차로수 : 2",,,,,,unverified,,CATALOG_ONLY,20230930,2025-11-18,https://data.go.kr/data/15124755/fileData.do,"{""순번(No)"": ""793"", ""시설물명"": ""용화지하보도"", ""시설물구분"": ""터널"", ""시설물종류"": ""지하차도"", ""종별"": ""3종"", ""관리주체구분"": ""공공"", ""항목명"": ""형식 : 박스형 / 연장 : 32.0 m, 차로수 : 2"", ""위치"": ""서울특별시 노원구""}"
15124755:794,15124755,794,월계1교 상행 언더패스,서울특별시 노원구,공공,,"형식 : 미등록 / 연장 : 310.0 m, 차로수 : 3",,,,,,unverified,,CATALOG_ONLY,20230930,2025-11-18,https://data.go.kr/data/15124755/fileData.do,"{""순번(No)"": ""794"", ""시설물명"": ""월계1교 상행 언더패스"", ""시설물구분"": ""터널"", ""시설물종류"": ""지하차도"", ""종별"": ""3종"", ""관리주체구분"": ""공공"", ""항목명"": ""형식 : 미등록 / 연장 : 310.0 m, 차로수 : 3"", ""위치"": ""서울특별시 노원구""}"
15124755:795,15124755,795,월계1교 하행 언더패스,서울특별시 노원구,공공,,"형식 : 미등록 / 연장 : 290.0 m, 차로수 : 3",,,,,,unverified,,CATALOG_ONLY,20230930,2025-11-18,https://data.go.kr/data/15124755/fileData.do,"{""순번(No)"": ""795"", ""시설물명"": ""월계1교 하행 언더패스"", ""시설물구분"": ""터널"", ""시설물종류"": ""지하차도"", ""종별"": ""3종"", ""관리주체구분"": ""공공"", ""항목명"": ""형식 : 미등록 / 연장 : 290.0 m, 차로수 : 3"", ""위치"": ""서울특별시 노원구""}"
15124755:796,15124755,796,"월계2,3지하차도",서울특별시 노원구,공공,,"형식 : 박스형 / 연장 : 77.0 m, 차로수 : 4",,,,,,unverified,,CATALOG_ONLY,20230930,2025-11-18,https://data.go.kr/data/15124755/fileData.do,"{""순번(No)"": ""796"", ""시설물명"": ""월계2,3지하차도"", ""시설물구분"": ""터널"", ""시설물종류"": ""지하차도"", ""종별"": ""3종"", ""관리주체구분"": ""공공"", ""항목명"": ""형식 : 박스형 / 연장 : 77.0 m, 차로수 : 4"", ""위치"": ""서울특별시 노원구""}"
15124755:797,15124755,797,월계지하차도,서울특별시 노원구,공공,,"형식 : 박스형 / 연장 : 57.0 m, 차로수 : 4",,,,,,unverified,,CATALOG_ONLY,20230930,2025-11-18,https://data.go.kr/data/15124755/fileData.do,"{""순번(No)"": ""797"", ""시설물명"": ""월계지하차도"", ""시설물구분"": ""터널"", ""시설물종류"": ""지하차도"", ""종별"": ""3종"", ""관리주체구분"": ""공공"", ""항목명"": ""형식 : 박스형 / 연장 : 57.0 m, 차로수 : 4"", ""위치"": ""서울특별시 노원구""}"
15124755:798,15124755,798,월릉교 상행 언더패스,서울특별시 노원구,공공,,"형식 : 미등록 / 연장 : 186.0 m, 차로수 : 4",,,,,,unverified,,CATALOG_ONLY,20230930,2025-11-18,https://data.go.kr/data/15124755/fileData.do,"{""순번(No)"": ""798"", ""시설물명"": ""월릉교 상행 언더패스"", ""시설물구분"": ""터널"", ""시설물종류"": ""지하차도"", ""종별"": ""3종"", ""관리주체구분"": ""공공"", ""항목명"": ""형식 : 미등록 / 연장 : 186.0 m, 차로수 : 4"", ""위치"": ""서울특별시 노원구""}"
15124755:799,15124755,799,월릉교 하행 언더패스,서울특별시 노원구,공공,,"형식 : 미등록 / 연장 : 250.0 m, 차로수 : 4",,,,,,unverified,,CATALOG_ONLY,20230930,2025-11-18,https://data.go.kr/data/15124755/fileData.do,"{""순번(No)"": ""799"", ""시설물명"": ""월릉교 하행 언더패스"", ""시설물구분"": ""터널"", ""시설물종류"": ""지하차도"", ""종별"": ""3종"", ""관리주체구분"": ""공공"", ""항목명"": ""형식 : 미등록 / 연장 : 250.0 m, 차로수 : 4"", ""위치"": ""서울특별시 노원구""}"
15124755:800,15124755,800,인덕지하보도,서울특별시 노원구,공공,,"형식 : 박스형 / 연장 : 32.0 m, 차로수 : 2",,,,,,unverified,,CATALOG_ONLY,20230930,2025-11-18,https://data.go.kr/data/15124755/fileData.do,"{""순번(No)"": ""800"", ""시설물명"": ""인덕지하보도"", ""시설물구분"": ""터널"", ""시설물종류"": ""지하차도"", ""종별"": ""3종"", ""관리주체구분"": ""공공"", ""항목명"": ""형식 : 박스형 / 연장 : 32.0 m, 차로수 : 2"", ""위치"": ""서울특별시 노원구""}"
15124755:801,15124755,801,중계로지하차도,서울특별시 노원구,공공,,"형식 : 박스형 / 연장 : 45.0 m, 차로수 : 2",,,,,,unverified,,CATALOG_ONLY,20230930,2025-11-18,https://data.go.kr/data/15124755/fileData.do,"{""순번(No)"": ""801"", ""시설물명"": ""중계로지하차도"", ""시설물구분"": ""터널"", ""시설물종류"": ""지하차도"", ""종별"": ""3종"", ""관리주체구분"": ""공공"", ""항목명"": ""형식 : 박스형 / 연장 : 45.0 m, 차로수 : 2"", ""위치"": ""서울특별시 노원구""}"
15124755:802,15124755,802,방학지하차도,서울특별시 도봉구,공공,,"형식 : 박스형 / 연장 : 40.0 m, 차로수 : 4",,,,,,unverified,,CATALOG_ONLY,20230930,2025-11-18,https://data.go.kr/data/15124755/fileData.do,"{""순번(No)"": ""802"", ""시설물명"": ""방학지하차도"", ""시설물구분"": ""터널"", ""시설물종류"": ""지하차도"", ""종별"": ""3종"", ""관리주체구분"": ""공공"", ""항목명"": ""형식 : 박스형 / 연장 : 40.0 m, 차로수 : 4"", ""위치"": ""서울특별시 도봉구""}"
15124755:803,15124755,803,군자지하차도,서울특별시 동대문구,공공,,"형식 : R.C BOX / 연장 : 50.5 m, 차로수 : 2",,,,,,unverified,,CATALOG_ONLY,20230930,2025-11-18,https://data.go.kr/data/15124755/fileData.do,"{""순번(No)"": ""803"", ""시설물명"": ""군자지하차도"", ""시설물구분"": ""터널"", ""시설물종류"": ""지하차도"", ""종별"": ""3종"", ""관리주체구분"": ""공공"", ""항목명"": ""형식 : R.C BOX / 연장 : 50.5 m, 차로수 : 2"", ""위치"": ""서울특별시 동대문구""}"
15124755:804,15124755,804,답십리굴다리지하보차도,서울특별시 동대문구,공공,,"형식 : 미등록 / 연장 : 49.0 m, 차로수 : 4",,,,,,unverified,,CATALOG_ONLY,20230930,2025-11-18,https://data.go.kr/data/15124755/fileData.do,"{""순번(No)"": ""804"", ""시설물명"": ""답십리굴다리지하보차도"", ""시설물구분"": ""터널"", ""시설물종류"": ""지하차도"", ""종별"": ""3종"", ""관리주체구분"": ""공공"", ""항목명"": ""형식 : 미등록 / 연장 : 49.0 m, 차로수 : 4"", ""위치"": ""서울특별시 동대문구""}"
15124755:805,15124755,805,독구말지하차도,서울특별시 동대문구,공공,,"형식 : 박스형 / 연장 : 76.0 m, 차로수 : 2",,,,,,unverified,,CATALOG_ONLY,20230930,2025-11-18,https://data.go.kr/data/15124755/fileData.do,"{""순번(No)"": ""805"", ""시설물명"": ""독구말지하차도"", ""시설물구분"": ""터널"", ""시설물종류"": ""지하차도"", ""종별"": ""3종"", ""관리주체구분"": ""공공"", ""항목명"": ""형식 : 박스형 / 연장 : 76.0 m, 차로수 : 2"", ""위치"": ""서울특별시 동대문구""}"
15124755:806,15124755,806,만남지하차도,서울특별시 동대문구,공공,,"형식 : R.C BOX / 연장 : 37.0 m, 차로수 : 2",,,,,,unverified,,CATALOG_ONLY,20230930,2025-11-18,https://data.go.kr/data/15124755/fileData.do,"{""순번(No)"": ""806"", ""시설물명"": ""만남지하차도"", ""시설물구분"": ""터널"", ""시설물종류"": ""지하차도"", ""종별"": ""3종"", ""관리주체구분"": ""공공"", ""항목명"": ""형식 : R.C BOX / 연장 : 37.0 m, 차로수 : 2"", ""위치"": ""서울특별시 동대문구""}"
15124755:807,15124755,807,신이문지하차도,서울특별시 동대문구,공공,,"형식 : 미등록 / 연장 : 51.0 m, 차로수 : 2",,,,,,unverified,,CATALOG_ONLY,20230930,2025-11-18,https://data.go.kr/data/15124755/fileData.do,"{""순번(No)"": ""807"", ""시설물명"": ""신이문지하차도"", ""시설물구분"": ""터널"", ""시설물종류"": ""지하차도"", ""종별"": ""3종"", ""관리주체구분"": ""공공"", ""항목명"": ""형식 : 미등록 / 연장 : 51.0 m, 차로수 : 2"", ""위치"": ""서울특별시 동대문구""}"
15124755:808,15124755,808,중랑교서측언더패스,서울특별시 동대문구,공공,,"형식 : U-Type / 연장 : 280.0 m, 차로수 : 3",,,,,,unverified,,CATALOG_ONLY,20230930,2025-11-18,https://data.go.kr/data/15124755/fileData.do,"{""순번(No)"": ""808"", ""시설물명"": ""중랑교서측언더패스"", ""시설물구분"": ""터널"", ""시설물종류"": ""지하차도"", ""종별"": ""3종"", ""관리주체구분"": ""공공"", ""항목명"": ""형식 : U-Type / 연장 : 280.0 m, 차로수 : 3"", ""위치"": ""서울특별시 동대문구""}"
15124755:809,15124755,809,중랑지하보차도,서울특별시 동대문구,공공,,"형식 : 미등록 / 연장 : 49.0 m, 차로수 : 4",,,,,,unverified,,CATALOG_ONLY,20230930,2025-11-18,https://data.go.kr/data/15124755/fileData.do,"{""순번(No)"": ""809"", ""시설물명"": ""중랑지하보차도"", ""시설물구분"": ""터널"", ""시설물종류"": ""지하차도"", ""종별"": ""3종"", ""관리주체구분"": ""공공"", ""항목명"": ""형식 : 미등록 / 연장 : 49.0 m, 차로수 : 4"", ""위치"": ""서울특별시 동대문구""}"
15124755:810,15124755,810,휘경지하보도,서울특별시 동대문구,공공,,"형식 : 박스형 / 연장 : 19.6 m, 차로수 : 6",,,,,,unverified,,CATALOG_ONLY,20230930,2025-11-18,https://data.go.kr/data/15124755/fileData.do,"{""순번(No)"": ""810"", ""시설물명"": ""휘경지하보도"", ""시설물구분"": ""터널"", ""시설물종류"": ""지하차도"", ""종별"": ""3종"", ""관리주체구분"": ""공공"", ""항목명"": ""형식 : 박스형 / 연장 : 19.6 m, 차로수 : 6"", ""위치"": ""서울특별시 동대문구""}"
15124755:811,15124755,811,고구동산 지하차도,서울특별시 동작구,공공,,"형식 : 박스형 / 연장 : 33.0 m, 차로수 : 2",,,,,,unverified,,CATALOG_ONLY,20230930,2025-11-18,https://data.go.kr/data/15124755/fileData.do,"{""순번(No)"": ""811"", ""시설물명"": ""고구동산 지하차도"", ""시설물구분"": ""터널"", ""시설물종류"": ""지하차도"", ""종별"": ""3종"", ""관리주체구분"": ""공공"", ""항목명"": ""형식 : 박스형 / 연장 : 33.0 m, 차로수 : 2"", ""위치"": ""서울특별시 동작구""}"
15124755:812,15124755,812,동작지하차도,서울특별시 동작구,공공,,"형식 : 미등록 / 연장 : 51.0 m, 차로수 : 3",,,,,,unverified,,CATALOG_ONLY,20230930,2025-11-18,https://data.go.kr/data/15124755/fileData.do,"{""순번(No)"": ""812"", ""시설물명"": ""동작지하차도"", ""시설물구분"": ""터널"", ""시설물종류"": ""지하차도"", ""종별"": ""3종"", ""관리주체구분"": ""공공"", ""항목명"": ""형식 : 미등록 / 연장 : 51.0 m, 차로수 : 3"", ""위치"": ""서울특별시 동작구""}"
15124755:813,15124755,813,상도지하차도,서울특별시 동작구,공공,,"형식 : 박스형 / 연장 : 111.8 m, 차로수 : 4",,,,,,unverified,,CATALOG_ONLY,20230930,2025-11-18,https://data.go.kr/data/15124755/fileData.do,"{""순번(No)"": ""813"", ""시설물명"": ""상도지하차도"", ""시설물구분"": ""터널"", ""시설물종류"": ""지하차도"", ""종별"": ""3종"", ""관리주체구분"": ""공공"", ""항목명"": ""형식 : 박스형 / 연장 : 111.8 m, 차로수 : 4"", ""위치"": ""서울특별시 동작구""}"
15124755:814,15124755,814,양화진 지하보차도,서울특별시 마포구,공공,,"형식 : 라멘형 / 연장 : 90.0 m, 차로수 : 2",,,,,,unverified,,CATALOG_ONLY,20230930,2025-11-18,https://data.go.kr/data/15124755/fileData.do,"{""순번(No)"": ""814"", ""시설물명"": ""양화진 지하보차도"", ""시설물구분"": ""터널"", ""시설물종류"": ""지하차도"", ""종별"": ""3종"", ""관리주체구분"": ""공공"", ""항목명"": ""형식 : 라멘형 / 연장 : 90.0 m, 차로수 : 2"", ""위치"": ""서울특별시 마포구""}"
15124755:815,15124755,815,교남지하보도,서울특별시 서대문구,공공,,"형식 : 박스형 / 연장 : 31.0 m, 차로수 : 2",,,,,,unverified,,CATALOG_ONLY,20230930,2025-11-18,https://data.go.kr/data/15124755/fileData.do,"{""순번(No)"": ""815"", ""시설물명"": ""교남지하보도"", ""시설물구분"": ""터널"", ""시설물종류"": ""지하차도"", ""종별"": ""3종"", ""관리주체구분"": ""공공"", ""항목명"": ""형식 : 박스형 / 연장 : 31.0 m, 차로수 : 2"", ""위치"": ""서울특별시 서대문구""}"
15124755:816,15124755,816,연대앞지하보도,서울특별시 서대문구,공공,,"형식 : 박스형 / 연장 : 47.0 m, 차로수 : 1",,,,,,unverified,,CATALOG_ONLY,20230930,2025-11-18,https://data.go.kr/data/15124755/fileData.do,"{""순번(No)"": ""816"", ""시설물명"": ""연대앞지하보도"", ""시설물구분"": ""터널"", ""시설물종류"": ""지하차도"", ""종별"": ""3종"", ""관리주체구분"": ""공공"", ""항목명"": ""형식 : 박스형 / 연장 : 47.0 m, 차로수 : 1"", ""위치"": ""서울특별시 서대문구""}"
15124755:817,15124755,817,연희동 굴다리,서울특별시 서대문구,공공,,"형식 : 미등록 / 연장 : 71.0 m, 차로수 : 2",,,,,,unverified,,CATALOG_ONLY,20230930,2025-11-18,https://data.go.kr/data/15124755/fileData.do,"{""순번(No)"": ""817"", ""시설물명"": ""연희동 굴다리"", ""시설물구분"": ""터널"", ""시설물종류"": ""지하차도"", ""종별"": ""3종"", ""관리주체구분"": ""공공"", ""항목명"": ""형식 : 미등록 / 연장 : 71.0 m, 차로수 : 2"", ""위치"": ""서울특별시 서대문구""}"
15124755:818,15124755,818,연희지하차도,서울특별시 서대문구,공공,,"형식 : 박스형 / 연장 : 70.0 m, 차로수 : 4",,,,,,unverified,,CATALOG_ONLY,20230930,2025-11-18,https://data.go.kr/data/15124755/fileData.do,"{""순번(No)"": ""818"", ""시설물명"": ""연희지하차도"", ""시설물구분"": ""터널"", ""시설물종류"": ""지하차도"", ""종별"": ""3종"", ""관리주체구분"": ""공공"", ""항목명"": ""형식 : 박스형 / 연장 : 70.0 m, 차로수 : 4"", ""위치"": ""서울특별시 서대문구""}"
15124755:819,15124755,819,경부고속도로 횡단지하보도,서울특별시 서초구,공공,,"형식 : 미등록 / 연장 : 78.5 m, 차로수 : 1",,,,,,unverified,,CATALOG_ONLY,20230930,2025-11-18,https://data.go.kr/data/15124755/fileData.do,"{""순번(No)"": ""819"", ""시설물명"": ""경부고속도로 횡단지하보도"", ""시설물구분"": ""터널"", ""시설물종류"": ""지하차도"", ""종별"": ""3종"", ""관리주체구분"": ""공공"", ""항목명"": ""형식 : 미등록 / 연장 : 78.5 m, 차로수 : 1"", ""위치"": ""서울특별시 서초구""}"
15124755:820,15124755,820,고속터미널 연결 지하보도,서울특별시 서초구,공공,,"형식 : 미등록 / 연장 : 70.0 m, 차로수 : 1",,,,,,unverified,,CATALOG_ONLY,20230930,2025-11-18,https://data.go.kr/data/15124755/fileData.do,"{""순번(No)"": ""820"", ""시설물명"": ""고속터미널 연결 지하보도"", ""시설물구분"": ""터널"", ""시설물종류"": ""지하차도"", ""종별"": ""3종"", ""관리주체구분"": ""공공"", ""항목명"": ""형식 : 미등록 / 연장 : 70.0 m, 차로수 : 1"", ""위치"": ""서울특별시 서초구""}"
15124755:821,15124755,821,내곡지하차도,서울특별시 서초구,공공,,"형식 : 박스형 / 연장 : 95.0 m, 차로수 : 2",,,,,,unverified,,CATALOG_ONLY,20230930,2025-11-18,https://data.go.kr/data/15124755/fileData.do,"{""순번(No)"": ""821"", ""시설물명"": ""내곡지하차도"", ""시설물구분"": ""터널"", ""시설물종류"": ""지하차도"", ""종별"": ""3종"", ""관리주체구분"": ""공공"", ""항목명"": ""형식 : 박스형 / 연장 : 95.0 m, 차로수 : 2"", ""위치"": ""서울특별시 서초구""}"
15124755:822,15124755,822,논현지하보도,서울특별시 서초구,공공,,"형식 : 미등록 / 연장 : 43.2 m, 차로수 : 1",,,,,,unverified,,CATALOG_ONLY,20230930,2025-11-18,https://data.go.kr/data/15124755/fileData.do,"{""순번(No)"": ""822"", ""시설물명"": ""논현지하보도"", ""시설물구분"": ""터널"", ""시설물종류"": ""지하차도"", ""종별"": ""3종"", ""관리주체구분"": ""공공"", ""항목명"": ""형식 : 미등록 / 연장 : 43.2 m, 차로수 : 1"", ""위치"": ""서울특별시 서초구""}"
15124755:823,15124755,823,반포지하차도,서울특별시 서초구,공공,,"형식 : 박스형 / 연장 : 80.0 m, 차로수 : 4",,,,,,unverified,,CATALOG_ONLY,20230930,2025-11-18,https://data.go.kr/data/15124755/fileData.do,"{""순번(No)"": ""823"", ""시설물명"": ""반포지하차도"", ""시설물구분"": ""터널"", ""시설물종류"": ""지하차도"", ""종별"": ""3종"", ""관리주체구분"": ""공공"", ""항목명"": ""형식 : 박스형 / 연장 : 80.0 m, 차로수 : 4"", ""위치"": ""서울특별시 서초구""}"
15124755:824,15124755,824,신원박스지하차도,서울특별시 서초구,공공,,"형식 : 박스형 / 연장 : 18.0 m, 차로수 : 5",,,,,,unverified,,CATALOG_ONLY,20230930,2025-11-18,https://data.go.kr/data/15124755/fileData.do,"{""순번(No)"": ""824"", ""시설물명"": ""신원박스지하차도"", ""시설물구분"": ""터널"", ""시설물종류"": ""지하차도"", ""종별"": ""3종"", ""관리주체구분"": ""공공"", ""항목명"": ""형식 : 박스형 / 연장 : 18.0 m, 차로수 : 5"", ""위치"": ""서울특별시 서초구""}"
15124755:825,15124755,825,예술의전당1지하보도,서울특별시 서초구,공공,,"형식 : 미등록 / 연장 : 40.0 m, 차로수 : 1",,,,,,unverified,,CATALOG_ONLY,20230930,2025-11-18,https://data.go.kr/data/15124755/fileData.do,"{""순번(No)"": ""825"", ""시설물명"": ""예술의전당1지하보도"", ""시설물구분"": ""터널"", ""시설물종류"": ""지하차도"", ""종별"": ""3종"", ""관리주체구분"": ""공공"", ""항목명"": ""형식 : 미등록 / 연장 : 40.0 m, 차로수 : 1"", ""위치"": ""서울특별시 서초구""}"
15124755:826,15124755,826,예술의전당2지하보도,서울특별시 서초구,공공,,"형식 : 미등록 / 연장 : 62.0 m, 차로수 : 1",,,,,,unverified,,CATALOG_ONLY,20230930,2025-11-18,https://data.go.kr/data/15124755/fileData.do,"{""순번(No)"": ""826"", ""시설물명"": ""예술의전당2지하보도"", ""시설물구분"": ""터널"", ""시설물종류"": ""지하차도"", ""종별"": ""3종"", ""관리주체구분"": ""공공"", ""항목명"": ""형식 : 미등록 / 연장 : 62.0 m, 차로수 : 1"", ""위치"": ""서울특별시 서초구""}"
15124755:827,15124755,827,잠수교남측지하차도,서울특별시 서초구,공공,,"형식 : 미등록 / 연장 : 95.0 m, 차로수 : 2",,,,,,unverified,,CATALOG_ONLY,20230930,2025-11-18,https://data.go.kr/data/15124755/fileData.do,"{""순번(No)"": ""827"", ""시설물명"": ""잠수교남측지하차도"", ""시설물구분"": ""터널"", ""시설물종류"": ""지하차도"", ""종별"": ""3종"", ""관리주체구분"": ""공공"", ""항목명"": ""형식 : 미등록 / 연장 : 95.0 m, 차로수 : 2"", ""위치"": ""서울특별시 서초구""}"
15124755:828,15124755,828,가람교지하차도,서울특별시 성동구,공공,,"형식 : 미등록 / 연장 : 32.5 m, 차로수 : 2",,,,,,unverified,,CATALOG_ONLY,20230930,2025-11-18,https://data.go.kr/data/15124755/fileData.do,"{""순번(No)"": ""828"", ""시설물명"": ""가람교지하차도"", ""시설물구분"": ""터널"", ""시설물종류"": ""지하차도"", ""종별"": ""3종"", ""관리주체구분"": ""공공"", ""항목명"": ""형식 : 미등록 / 연장 : 32.5 m, 차로수 : 2"", ""위치"": ""서울특별시 성동구""}"
15124755:829,15124755,829,금호동4가 지하차도,서울특별시 성동구,공공,,"형식 : 미등록 / 연장 : 37.4 m, 차로수 : 2",,,,,,unverified,,CATALOG_ONLY,20230930,2025-11-18,https://data.go.kr/data/15124755/fileData.do,"{""순번(No)"": ""829"", ""시설물명"": ""금호동4가 지하차도"", ""시설물구분"": ""터널"", ""시설물종류"": ""지하차도"", ""종별"": ""3종"", ""관리주체구분"": ""공공"", ""항목명"": ""형식 : 미등록 / 연장 : 37.4 m, 차로수 : 2"", ""위치"": ""서울특별시 성동구""}"
15124755:830,15124755,830,마장지하보도,서울특별시 성동구,공공,,"형식 : 미등록 / 연장 : 50.0 m, 차로수 : 0",,,,,,unverified,,CATALOG_ONLY,20230930,2025-11-18,https://data.go.kr/data/15124755/fileData.do,"{""순번(No)"": ""830"", ""시설물명"": ""마장지하보도"", ""시설물구분"": ""터널"", ""시설물종류"": ""지하차도"", ""종별"": ""3종"", ""관리주체구분"": ""공공"", ""항목명"": ""형식 : 미등록 / 연장 : 50.0 m, 차로수 : 0"", ""위치"": ""서울특별시 성동구""}"
15124755:831,15124755,831,마장철도횡단지하보도,서울특별시 성동구,공공,,"형식 : 미등록 / 연장 : 10.0 m, 차로수 : 2",,,,,,unverified,,CATALOG_ONLY,20230930,2025-11-18,https://data.go.kr/data/15124755/fileData.do,"{""순번(No)"": ""831"", ""시설물명"": ""마장철도횡단지하보도"", ""시설물구분"": ""터널"", ""시설물종류"": ""지하차도"", ""종별"": ""3종"", ""관리주체구분"": ""공공"", ""항목명"": ""형식 : 미등록 / 연장 : 10.0 m, 차로수 : 2"", ""위치"": ""서울특별시 성동구""}"
15124755:832,15124755,832,무학아파트진입보도,서울특별시 성동구,공공,,"형식 : 박스형 / 연장 : 23.5 m, 차로수 : 1",,,,,,unverified,,CATALOG_ONLY,20230930,2025-11-18,https://data.go.kr/data/15124755/fileData.do,"{""순번(No)"": ""832"", ""시설물명"": ""무학아파트진입보도"", ""시설물구분"": ""터널"", ""시설물종류"": ""지하차도"", ""종별"": ""3종"", ""관리주체구분"": ""공공"", ""항목명"": ""형식 : 박스형 / 연장 : 23.5 m, 차로수 : 1"", ""위치"": ""서울특별시 성동구""}"
15124755:833,15124755,833,살곶이교지하보도,서울특별시 성동구,공공,,"형식 : 미등록 / 연장 : 54.0 m, 차로수 : 1",,,,,,unverified,,CATALOG_ONLY,20230930,2025-11-18,https://data.go.kr/data/15124755/fileData.do,"{""순번(No)"": ""833"", ""시설물명"": ""살곶이교지하보도"", ""시설물구분"": ""터널"", ""시설물종류"": ""지하차도"", ""종별"": ""3종"", ""관리주체구분"": ""공공"", ""항목명"": ""형식 : 미등록 / 연장 : 54.0 m, 차로수 : 1"", ""위치"": ""서울특별시 성동구""}"
15124755:834,15124755,834,성동지하차도,서울특별시 성동구,공공,,"형식 : 미등록 / 연장 : 95.0 m, 차로수 : 2",,,,,,unverified,,CATALOG_ONLY,20230930,2025-11-18,https://data.go.kr/data/15124755/fileData.do,"{""순번(No)"": ""834"", ""시설물명"": ""성동지하차도"", ""시설물구분"": ""터널"", ""시설물종류"": ""지하차도"", ""종별"": ""3종"", ""관리주체구분"": ""공공"", ""항목명"": ""형식 : 미등록 / 연장 : 95.0 m, 차로수 : 2"", ""위치"": ""서울특별시 성동구""}"
15124755:835,15124755,835,송정지하보도,서울특별시 성동구,공공,,"형식 : 박스형 / 연장 : 14.5 m, 차로수 : 3",,,,,,unverified,,CATALOG_ONLY,20230930,2025-11-18,https://data.go.kr/data/15124755/fileData.do,"{""순번(No)"": ""835"", ""시설물명"": ""송정지하보도"", ""시설물구분"": ""터널"", ""시설물종류"": ""지하차도"", ""종별"": ""3종"", ""관리주체구분"": ""공공"", ""항목명"": ""형식 : 박스형 / 연장 : 14.5 m, 차로수 : 3"", ""위치"": ""서울특별시 성동구""}"
15124755:836,15124755,836,한양광장 지하보도,서울특별시 성동구,공공,,"형식 : 미등록 / 연장 : 63.0 m, 차로수 : 3",,,,,,unverified,,CATALOG_ONLY,20230930,2025-11-18,https://data.go.kr/data/15124755/fileData.do,"{""순번(No)"": ""836"", ""시설물명"": ""한양광장 지하보도"", ""시설물구분"": ""터널"", ""시설물종류"": ""지하차도"", ""종별"": ""3종"", ""관리주체구분"": ""공공"", ""항목명"": ""형식 : 미등록 / 연장 : 63.0 m, 차로수 : 3"", ""위치"": ""서울특별시 성동구""}"
15124755:837,15124755,837,행당지하보차도,서울특별시 성동구,공공,,"형식 : 미등록 / 연장 : 57.0 m, 차로수 : 2",,,,,,unverified,,CATALOG_ONLY,20230930,2025-11-18,https://data.go.kr/data/15124755/fileData.do,"{""순번(No)"": ""837"", ""시설물명"": ""행당지하보차도"", ""시설물구분"": ""터널"", ""시설물종류"": ""지하차도"", ""종별"": ""3종"", ""관리주체구분"": ""공공"", ""항목명"": ""형식 : 미등록 / 연장 : 57.0 m, 차로수 : 2"", ""위치"": ""서울특별시 성동구""}"
15124755:838,15124755,838,동선지하차도,서울특별시 성북구,공공,,"형식 : 라멘형 / 연장 : 26.4 m, 차로수 : 2",,,,,,unverified,,CATALOG_ONLY,20230930,2025-11-18,https://data.go.kr/data/15124755/fileData.do,"{""순번(No)"": ""838"", ""시설물명"": ""동선지하차도"", ""시설물구분"": ""터널"", ""시설물종류"": ""지하차도"", ""종별"": ""3종"", ""관리주체구분"": ""공공"", ""항목명"": ""형식 : 라멘형 / 연장 : 26.4 m, 차로수 : 2"", ""위치"": ""서울특별시 성북구""}"
15124755:839,15124755,839,솔샘지하차도,서울특별시 성북구,공공,,"형식 : 박스형 / 연장 : 53.0 m, 차로수 : 4",,,,,,unverified,,CATALOG_ONLY,20230930,2025-11-18,https://data.go.kr/data/15124755/fileData.do,"{""순번(No)"": ""839"", ""시설물명"": ""솔샘지하차도"", ""시설물구분"": ""터널"", ""시설물종류"": ""지하차도"", ""종별"": ""3종"", ""관리주체구분"": ""공공"", ""항목명"": ""형식 : 박스형 / 연장 : 53.0 m, 차로수 : 4"", ""위치"": ""서울특별시 성북구""}"
15124755:840,15124755,840,수녀원앞 굴다리,서울특별시 성북구,공공,,"형식 : 미등록 / 연장 : 63.0 m, 차로수 : 2",,,,,,unverified,,CATALOG_ONLY,20230930,2025-11-18,https://data.go.kr/data/15124755/fileData.do,"{""순번(No)"": ""840"", ""시설물명"": ""수녀원앞 굴다리"", ""시설물구분"": ""터널"", ""시설물종류"": ""지하차도"", ""종별"": ""3종"", ""관리주체구분"": ""공공"", ""항목명"": ""형식 : 미등록 / 연장 : 63.0 m, 차로수 : 2"", ""위치"": ""서울특별시 성북구""}"
15124755:841,15124755,841,정릉지하차도,서울특별시 성북구,공공,,"형식 : 박스형 / 연장 : 41.0 m, 차로수 : 1",,,,,,unverified,,CATALOG_ONLY,20230930,2025-11-18,https://data.go.kr/data/15124755/fileData.do,"{""순번(No)"": ""841"", ""시설물명"": ""정릉지하차도"", ""시설물구분"": ""터널"", ""시설물종류"": ""지하차도"", ""종별"": ""3종"", ""관리주체구분"": ""공공"", ""항목명"": ""형식 : 박스형 / 연장 : 41.0 m, 차로수 : 1"", ""위치"": ""서울특별시 성북구""}"
15124755:842,15124755,842,청덕초교앞 굴다리,서울특별시 성북구,공공,,"형식 : 미등록 / 연장 : 59.0 m, 차로수 : 2",,,,,,unverified,,CATALOG_ONLY,20230930,2025-11-18,https://data.go.kr/data/15124755/fileData.do,"{""순번(No)"": ""842"", ""시설물명"": ""청덕초교앞 굴다리"", ""시설물구분"": ""터널"", ""시설물종류"": ""지하차도"", ""종별"": ""3종"", ""관리주체구분"": ""공공"", ""항목명"": ""형식 : 미등록 / 연장 : 59.0 m, 차로수 : 2"", ""위치"": ""서울특별시 성북구""}"
15124755:843,15124755,843,가락지하차도,서울특별시 송파구,공공,,"형식 : 미등록 / 연장 : 60.0 m, 차로수 : 4",,,,,,unverified,,CATALOG_ONLY,20230930,2025-11-18,https://data.go.kr/data/15124755/fileData.do,"{""순번(No)"": ""843"", ""시설물명"": ""가락지하차도"", ""시설물구분"": ""터널"", ""시설물종류"": ""지하차도"", ""종별"": ""3종"", ""관리주체구분"": ""공공"", ""항목명"": ""형식 : 미등록 / 연장 : 60.0 m, 차로수 : 4"", ""위치"": ""서울특별시 송파구""}"
15124755:844,15124755,844,송파지하차도,서울특별시 송파구,공공,,"형식 : 미등록 / 연장 : 80.0 m, 차로수 : 4",,,,,,unverified,,CATALOG_ONLY,20230930,2025-11-18,https://data.go.kr/data/15124755/fileData.do,"{""순번(No)"": ""844"", ""시설물명"": ""송파지하차도"", ""시설물구분"": ""터널"", ""시설물종류"": ""지하차도"", ""종별"": ""3종"", ""관리주체구분"": ""공공"", ""항목명"": ""형식 : 미등록 / 연장 : 80.0 m, 차로수 : 4"", ""위치"": ""서울특별시 송파구""}"
15124755:845,15124755,845,신천지하보도,서울특별시 송파구,공공,,"형식 : 미등록 / 연장 : 148.6 m, 차로수 : 8",,,,,,unverified,,CATALOG_ONLY,20230930,2025-11-18,https://data.go.kr/data/15124755/fileData.do,"{""순번(No)"": ""845"", ""시설물명"": ""신천지하보도"", ""시설물구분"": ""터널"", ""시설물종류"": ""지하차도"", ""종별"": ""3종"", ""관리주체구분"": ""공공"", ""항목명"": ""형식 : 미등록 / 연장 : 148.6 m, 차로수 : 8"", ""위치"": ""서울특별시 송파구""}"
15124755:846,15124755,846,아시아공원지하보도,서울특별시 송파구,공공,,"형식 : 미등록 / 연장 : 168.6 m, 차로수 : 8",,,,,,unverified,,CATALOG_ONLY,20230930,2025-11-18,https://data.go.kr/data/15124755/fileData.do,"{""순번(No)"": ""846"", ""시설물명"": ""아시아공원지하보도"", ""시설물구분"": ""터널"", ""시설물종류"": ""지하차도"", ""종별"": ""3종"", ""관리주체구분"": ""공공"", ""항목명"": ""형식 : 미등록 / 연장 : 168.6 m, 차로수 : 8"", ""위치"": ""서울특별시 송파구""}"
15124755:847,15124755,847,종합운동장지하차도,서울특별시 송파구,공공,,"형식 : 미등록 / 연장 : 86.0 m, 차로수 : 8",,,,,,unverified,,CATALOG_ONLY,20230930,2025-11-18,https://data.go.kr/data/15124755/fileData.do,"{""순번(No)"": ""847"", ""시설물명"": ""종합운동장지하차도"", ""시설물구분"": ""터널"", ""시설물종류"": ""지하차도"", ""종별"": ""3종"", ""관리주체구분"": ""공공"", ""항목명"": ""형식 : 미등록 / 연장 : 86.0 m, 차로수 : 8"", ""위치"": ""서울특별시 송파구""}"
15124755:848,15124755,848,탄천변1지하보도,서울특별시 송파구,공공,,"형식 : 미등록 / 연장 : 27.1 m, 차로수 : 4",,,,,,unverified,,CATALOG_ONLY,20230930,2025-11-18,https://data.go.kr/data/15124755/fileData.do,"{""순번(No)"": ""848"", ""시설물명"": ""탄천변1지하보도"", ""시설물구분"": ""터널"", ""시설물종류"": ""지하차도"", ""종별"": ""3종"", ""관리주체구분"": ""공공"", ""항목명"": ""형식 : 미등록 / 연장 : 27.1 m, 차로수 : 4"", ""위치"": ""서울특별시 송파구""}"
15124755:849,15124755,849,탄천변2지하보도,서울특별시 송파구,공공,,"형식 : 미등록 / 연장 : 27.1 m, 차로수 : 4",,,,,,unverified,,CATALOG_ONLY,20230930,2025-11-18,https://data.go.kr/data/15124755/fileData.do,"{""순번(No)"": ""849"", ""시설물명"": ""탄천변2지하보도"", ""시설물구분"": ""터널"", ""시설물종류"": ""지하차도"", ""종별"": ""3종"", ""관리주체구분"": ""공공"", ""항목명"": ""형식 : 미등록 / 연장 : 27.1 m, 차로수 : 4"", ""위치"": ""서울특별시 송파구""}"
15124755:850,15124755,850,풍납지하보도,서울특별시 송파구,공공,,"형식 : 미등록 / 연장 : 66.2 m, 차로수 : 8",,,,,,unverified,,CATALOG_ONLY,20230930,2025-11-18,https://data.go.kr/data/15124755/fileData.do,"{""순번(No)"": ""850"", ""시설물명"": ""풍납지하보도"", ""시설물구분"": ""터널"", ""시설물종류"": ""지하차도"", ""종별"": ""3종"", ""관리주체구분"": ""공공"", ""항목명"": ""형식 : 미등록 / 연장 : 66.2 m, 차로수 : 8"", ""위치"": ""서울특별시 송파구""}"
15124755:851,15124755,851,목동교서측지하차도,서울특별시 양천구,공공,,"형식 : 미등록 / 연장 : 54.0 m, 차로수 : 4",,,,,,unverified,,CATALOG_ONLY,20230930,2025-11-18,https://data.go.kr/data/15124755/fileData.do,"{""순번(No)"": ""851"", ""시설물명"": ""목동교서측지하차도"", ""시설물구분"": ""터널"", ""시설물종류"": ""지하차도"", ""종별"": ""3종"", ""관리주체구분"": ""공공"", ""항목명"": ""형식 : 미등록 / 연장 : 54.0 m, 차로수 : 4"", ""위치"": ""서울특별시 양천구""}"
15124755:852,15124755,852,오목교서측지하차도,서울특별시 양천구,공공,,"형식 : 라멘형 / 연장 : 38.0 m, 차로수 : 4",,,,,,unverified,,CATALOG_ONLY,20230930,2025-11-18,https://data.go.kr/data/15124755/fileData.do,"{""순번(No)"": ""852"", ""시설물명"": ""오목교서측지하차도"", ""시설물구분"": ""터널"", ""시설물종류"": ""지하차도"", ""종별"": ""3종"", ""관리주체구분"": ""공공"", ""항목명"": ""형식 : 라멘형 / 연장 : 38.0 m, 차로수 : 4"", ""위치"": ""서울특별시 양천구""}"
15124755:853,15124755,853,노들길지하차도,서울특별시 영등포구,공공,,"형식 : 박스형 / 연장 : 530.0 m, 차로수 : 4",,,,,,unverified,,CATALOG_ONLY,20230930,2025-11-18,https://data.go.kr/data/15124755/fileData.do,"{""순번(No)"": ""853"", ""시설물명"": ""노들길지하차도"", ""시설물구분"": ""터널"", ""시설물종류"": ""지하차도"", ""종별"": ""3종"", ""관리주체구분"": ""공공"", ""항목명"": ""형식 : 박스형 / 연장 : 530.0 m, 차로수 : 4"", ""위치"": ""서울특별시 영등포구""}"
15124755:854,15124755,854,목동교동측지하차도,서울특별시 영등포구,공공,,"형식 : 미등록 / 연장 : 50.0 m, 차로수 : 6",,,,,,unverified,,CATALOG_ONLY,20230930,2025-11-18,https://data.go.kr/data/15124755/fileData.do,"{""순번(No)"": ""854"", ""시설물명"": ""목동교동측지하차도"", ""시설물구분"": ""터널"", ""시설물종류"": ""지하차도"", ""종별"": ""3종"", ""관리주체구분"": ""공공"", ""항목명"": ""형식 : 미등록 / 연장 : 50.0 m, 차로수 : 6"", ""위치"": ""서울특별시 영등포구""}"
15124755:855,15124755,855,서울교접속지하보차도,서울특별시 영등포구,공공,,"형식 : 박스형 / 연장 : 68.0 m, 차로수 : 3",,,,,,unverified,,CATALOG_ONLY,20230930,2025-11-18,https://data.go.kr/data/15124755/fileData.do,"{""순번(No)"": ""855"", ""시설물명"": ""서울교접속지하보차도"", ""시설물구분"": ""터널"", ""시설물종류"": ""지하차도"", ""종별"": ""3종"", ""관리주체구분"": ""공공"", ""항목명"": ""형식 : 박스형 / 연장 : 68.0 m, 차로수 : 3"", ""위치"": ""서울특별시 영등포구""}"
15124755:856,15124755,856,성산지하차도,서울특별시 영등포구,공공,,"형식 : 박스형 / 연장 : 30.0 m, 차로수 : 2",,,,,,unverified,,CATALOG_ONLY,20230930,2025-11-18,https://data.go.kr/data/15124755/fileData.do,"{""순번(No)"": ""856"", ""시설물명"": ""성산지하차도"", ""시설물구분"": ""터널"", ""시설물종류"": ""지하차도"", ""종별"": ""3종"", ""관리주체구분"": ""공공"", ""항목명"": ""형식 : 박스형 / 연장 : 30.0 m, 차로수 : 2"", ""위치"": ""서울특별시 영등포구""}"
15124755:857,15124755,857,여의2지하차도,서울특별시 영등포구,공공,,"형식 : 박스형 / 연장 : 380.0 m, 차로수 : 4",,,,,,unverified,,CATALOG_ONLY,20230930,2025-11-18,https://data.go.kr/data/15124755/fileData.do,"{""순번(No)"": ""857"", ""시설물명"": ""여의2지하차도"", ""시설물구분"": ""터널"", ""시설물종류"": ""지하차도"", ""종별"": ""3종"", ""관리주체구분"": ""공공"", ""항목명"": ""형식 : 박스형 / 연장 : 380.0 m, 차로수 : 4"", ""위치"": ""서울특별시 영등포구""}"
15124755:858,15124755,858,여의교지하차도,서울특별시 영등포구,공공,,"형식 : 미등록 / 연장 : 80.0 m, 차로수 : 4",,,,,,unverified,,CATALOG_ONLY,20230930,2025-11-18,https://data.go.kr/data/15124755/fileData.do,"{""순번(No)"": ""858"", ""시설물명"": ""여의교지하차도"", ""시설물구분"": ""터널"", ""시설물종류"": ""지하차도"", ""종별"": ""3종"", ""관리주체구분"": ""공공"", ""항목명"": ""형식 : 미등록 / 연장 : 80.0 m, 차로수 : 4"", ""위치"": ""서울특별시 영등포구""}"
15124755:859,15124755,859,여의초등교앞지하보도,서울특별시 영등포구,공공,,"형식 : 미등록 / 연장 : 27.0 m, 차로수 : 6",,,,,,unverified,,CATALOG_ONLY,20230930,2025-11-18,https://data.go.kr/data/15124755/fileData.do,"{""순번(No)"": ""859"", ""시설물명"": ""여의초등교앞지하보도"", ""시설물구분"": ""터널"", ""시설물종류"": ""지하차도"", ""종별"": ""3종"", ""관리주체구분"": ""공공"", ""항목명"": ""형식 : 미등록 / 연장 : 27.0 m, 차로수 : 6"", ""위치"": ""서울특별시 영등포구""}"
15124755:860,15124755,860,여의하류지하차도,서울특별시 영등포구,공공,,"형식 : 박스형 / 연장 : 61.3 m, 차로수 : 5",,,,,,unverified,,CATALOG_ONLY,20230930,2025-11-18,https://data.go.kr/data/15124755/fileData.do,"{""순번(No)"": ""860"", ""시설물명"": ""여의하류지하차도"", ""시설물구분"": ""터널"", ""시설물종류"": ""지하차도"", ""종별"": ""3종"", ""관리주체구분"": ""공공"", ""항목명"": ""형식 : 박스형 / 연장 : 61.3 m, 차로수 : 5"", ""위치"": ""서울특별시 영등포구""}"
15124755:861,15124755,861,영등포지하차도,서울특별시 영등포구,공공,,"형식 : 미등록 / 연장 : 36.0 m, 차로수 : 4",,,,,,unverified,,CATALOG_ONLY,20230930,2025-11-18,https://data.go.kr/data/15124755/fileData.do,"{""순번(No)"": ""861"", ""시설물명"": ""영등포지하차도"", ""시설물구분"": ""터널"", ""시설물종류"": ""지하차도"", ""종별"": ""3종"", ""관리주체구분"": ""공공"", ""항목명"": ""형식 : 미등록 / 연장 : 36.0 m, 차로수 : 4"", ""위치"": ""서울특별시 영등포구""}"
15124755:862,15124755,862,오목교동측지하보차도,서울특별시 영등포구,공공,,"형식 : RCB / 연장 : 49.6 m, 차로수 : 1",,,,,,unverified,,CATALOG_ONLY,20230930,2025-11-18,https://data.go.kr/data/15124755/fileData.do,"{""순번(No)"": ""862"", ""시설물명"": ""오목교동측지하보차도"", ""시설물구분"": ""터널"", ""시설물종류"": ""지하차도"", ""종별"": ""3종"", ""관리주체구분"": ""공공"", ""항목명"": ""형식 : RCB / 연장 : 49.6 m, 차로수 : 1"", ""위치"": ""서울특별시 영등포구""}"
15124755:863,15124755,863,오목교동측지하차도,서울특별시 영등포구,공공,,"형식 : 미등록 / 연장 : 60.0 m, 차로수 : 4",,,,,,unverified,,CATALOG_ONLY,20230930,2025-11-18,https://data.go.kr/data/15124755/fileData.do,"{""순번(No)"": ""863"", ""시설물명"": ""오목교동측지하차도"", ""시설물구분"": ""터널"", ""시설물종류"": ""지하차도"", ""종별"": ""3종"", ""관리주체구분"": ""공공"", ""항목명"": ""형식 : 미등록 / 연장 : 60.0 m, 차로수 : 4"", ""위치"": ""서울특별시 영등포구""}"
15124755:864,15124755,864,갈월지하차도,서울특별시 용산구,공공,,"형식 : 미등록 / 연장 : 53.0 m, 차로수 : 4",,,,,,unverified,,CATALOG_ONLY,20230930,2025-11-18,https://data.go.kr/data/15124755/fileData.do,"{""순번(No)"": ""864"", ""시설물명"": ""갈월지하차도"", ""시설물구분"": ""터널"", ""시설물종류"": ""지하차도"", ""종별"": ""3종"", ""관리주체구분"": ""공공"", ""항목명"": ""형식 : 미등록 / 연장 : 53.0 m, 차로수 : 4"", ""위치"": ""서울특별시 용산구""}"
15124755:865,15124755,865,남산3호터널앞지하보도,서울특별시 용산구,공공,,"형식 : 미등록 / 연장 : 80.6 m, 차로수 : 1",,,,,,unverified,,CATALOG_ONLY,20230930,2025-11-18,https://data.go.kr/data/15124755/fileData.do,"{""순번(No)"": ""865"", ""시설물명"": ""남산3호터널앞지하보도"", ""시설물구분"": ""터널"", ""시설물종류"": ""지하차도"", ""종별"": ""3종"", ""관리주체구분"": ""공공"", ""항목명"": ""형식 : 미등록 / 연장 : 80.6 m, 차로수 : 1"", ""위치"": ""서울특별시 용산구""}"
15124755:866,15124755,866,이촌역~용강중학교간지하보도,서울특별시 용산구,공공,,"형식 : 미등록 / 연장 : 30.0 m, 차로수 : 2",,,,,,unverified,,CATALOG_ONLY,20230930,2025-11-18,https://data.go.kr/data/15124755/fileData.do,"{""순번(No)"": ""866"", ""시설물명"": ""이촌역~용강중학교간지하보도"", ""시설물구분"": ""터널"", ""시설물종류"": ""지하차도"", ""종별"": ""3종"", ""관리주체구분"": ""공공"", ""항목명"": ""형식 : 미등록 / 연장 : 30.0 m, 차로수 : 2"", ""위치"": ""서울특별시 용산구""}"
15124755:867,15124755,867,이촌지하차도,서울특별시 용산구,공공,,"형식 : 미등록 / 연장 : 57.0 m, 차로수 : 2",,,,,,unverified,,CATALOG_ONLY,20230930,2025-11-18,https://data.go.kr/data/15124755/fileData.do,"{""순번(No)"": ""867"", ""시설물명"": ""이촌지하차도"", ""시설물구분"": ""터널"", ""시설물종류"": ""지하차도"", ""종별"": ""3종"", ""관리주체구분"": ""공공"", ""항목명"": ""형식 : 미등록 / 연장 : 57.0 m, 차로수 : 2"", ""위치"": ""서울특별시 용산구""}"
15124755:868,15124755,868,이태원지하보도,서울특별시 용산구,공공,,"형식 : 미등록 / 연장 : 26.0 m, 차로수 : 2",,,,,,unverified,,CATALOG_ONLY,20230930,2025-11-18,https://data.go.kr/data/15124755/fileData.do,"{""순번(No)"": ""868"", ""시설물명"": ""이태원지하보도"", ""시설물구분"": ""터널"", ""시설물종류"": ""지하차도"", ""종별"": ""3종"", ""관리주체구분"": ""공공"", ""항목명"": ""형식 : 미등록 / 연장 : 26.0 m, 차로수 : 2"", ""위치"": ""서울특별시 용산구""}"
15124755:869,15124755,869,잠수교 북단 지하차도,서울특별시 용산구,공공,,"형식 : 박스형 / 연장 : 238.6 m, 차로수 : 2",,,,,,unverified,,CATALOG_ONLY,20230930,2025-11-18,https://data.go.kr/data/15124755/fileData.do,"{""순번(No)"": ""869"", ""시설물명"": ""잠수교 북단 지하차도"", ""시설물구분"": ""터널"", ""시설물종류"": ""지하차도"", ""종별"": ""3종"", ""관리주체구분"": ""공공"", ""항목명"": ""형식 : 박스형 / 연장 : 238.6 m, 차로수 : 2"", ""위치"": ""서울특별시 용산구""}"
15124755:870,15124755,870,잠수교북단지하보도,서울특별시 용산구,공공,,"형식 : 미등록 / 연장 : 31.0 m, 차로수 : 2",,,,,,unverified,,CATALOG_ONLY,20230930,2025-11-18,https://data.go.kr/data/15124755/fileData.do,"{""순번(No)"": ""870"", ""시설물명"": ""잠수교북단지하보도"", ""시설물구분"": ""터널"", ""시설물종류"": ""지하차도"", ""종별"": ""3종"", ""관리주체구분"": ""공공"", ""항목명"": ""형식 : 미등록 / 연장 : 31.0 m, 차로수 : 2"", ""위치"": ""서울특별시 용산구""}"
15124755:871,15124755,871,한남2동지하차도,서울특별시 용산구,공공,,"형식 : 미등록 / 연장 : 107.0 m, 차로수 : 2",,,,,,unverified,,CATALOG_ONLY,20230930,2025-11-18,https://data.go.kr/data/15124755/fileData.do,"{""순번(No)"": ""871"", ""시설물명"": ""한남2동지하차도"", ""시설물구분"": ""터널"", ""시설물종류"": ""지하차도"", ""종별"": ""3종"", ""관리주체구분"": ""공공"", ""항목명"": ""형식 : 미등록 / 연장 : 107.0 m, 차로수 : 2"", ""위치"": ""서울특별시 용산구""}"
15124755:872,15124755,872,의주로 지하차도,서울특별시 중구,공공,,"형식 : 박스형 / 연장 : 250.0 m, 차로수 : 4",,,,,,unverified,,CATALOG_ONLY,20230930,2025-11-18,https://data.go.kr/data/15124755/fileData.do,"{""순번(No)"": ""872"", ""시설물명"": ""의주로 지하차도"", ""시설물구분"": ""터널"", ""시설물종류"": ""지하차도"", ""종별"": ""3종"", ""관리주체구분"": ""공공"", ""항목명"": ""형식 : 박스형 / 연장 : 250.0 m, 차로수 : 4"", ""위치"": ""서울특별시 중구""}"
15124755:873,15124755,873,퇴계로 지하차도,서울특별시 중구,공공,,"형식 : 박스형 / 연장 : 240.0 m, 차로수 : 4",,,,,,unverified,,CATALOG_ONLY,20230930,2025-11-18,https://data.go.kr/data/15124755/fileData.do,"{""순번(No)"": ""873"", ""시설물명"": ""퇴계로 지하차도"", ""시설물구분"": ""터널"", ""시설물종류"": ""지하차도"", ""종별"": ""3종"", ""관리주체구분"": ""공공"", ""항목명"": ""형식 : 박스형 / 연장 : 240.0 m, 차로수 : 4"", ""위치"": ""서울특별시 중구""}"
15124755:874,15124755,874,동일로지하차도,서울특별시 중랑구,공공,,"형식 : 미등록 / 연장 : 55.0 m, 차로수 : 4",,,,,,unverified,,CATALOG_ONLY,20230930,2025-11-18,https://data.go.kr/data/15124755/fileData.do,"{""순번(No)"": ""874"", ""시설물명"": ""동일로지하차도"", ""시설물구분"": ""터널"", ""시설물종류"": ""지하차도"", ""종별"": ""3종"", ""관리주체구분"": ""공공"", ""항목명"": ""형식 : 미등록 / 연장 : 55.0 m, 차로수 : 4"", ""위치"": ""서울특별시 중랑구""}"
15124755:875,15124755,875,상봉철도횡단 지하보도,서울특별시 중랑구,공공,,"형식 : 미등록 / 연장 : 59.0 m, 차로수 : 1",,,,,,unverified,,CATALOG_ONLY,20230930,2025-11-18,https://data.go.kr/data/15124755/fileData.do,"{""순번(No)"": ""875"", ""시설물명"": ""상봉철도횡단 지하보도"", ""시설물구분"": ""터널"", ""시설물종류"": ""지하차도"", ""종별"": ""3종"", ""관리주체구분"": ""공공"", ""항목명"": ""형식 : 미등록 / 연장 : 59.0 m, 차로수 : 1"", ""위치"": ""서울특별시 중랑구""}"
15124755:876,15124755,876,새마음길 연결 지하보도,서울특별시 중랑구,공공,,"형식 : 미등록 / 연장 : 95.0 m, 차로수 : 1",,,,,,unverified,,CATALOG_ONLY,20230930,2025-11-18,https://data.go.kr/data/15124755/fileData.do,"{""순번(No)"": ""876"", ""시설물명"": ""새마음길 연결 지하보도"", ""시설물구분"": ""터널"", ""시설물종류"": ""지하차도"", ""종별"": ""3종"", ""관리주체구분"": ""공공"", ""항목명"": ""형식 : 미등록 / 연장 : 95.0 m, 차로수 : 1"", ""위치"": ""서울특별시 중랑구""}"
15124755:877,15124755,877,신내지하보차도,서울특별시 중랑구,공공,,"형식 : 미등록 / 연장 : 85.0 m, 차로수 : 4",,,,,,unverified,,CATALOG_ONLY,20230930,2025-11-18,https://data.go.kr/data/15124755/fileData.do,"{""순번(No)"": ""877"", ""시설물명"": ""신내지하보차도"", ""시설물구분"": ""터널"", ""시설물종류"": ""지하차도"", ""종별"": ""3종"", ""관리주체구분"": ""공공"", ""항목명"": ""형식 : 미등록 / 연장 : 85.0 m, 차로수 : 4"", ""위치"": ""서울특별시 중랑구""}"
15124755:878,15124755,878,중랑교동측언더패스,서울특별시 중랑구,공공,,"형식 : U-Type / 연장 : 290.0 m, 차로수 : 3",,,,,,unverified,,CATALOG_ONLY,20230930,2025-11-18,https://data.go.kr/data/15124755/fileData.do,"{""순번(No)"": ""878"", ""시설물명"": ""중랑교동측언더패스"", ""시설물구분"": ""터널"", ""시설물종류"": ""지하차도"", ""종별"": ""3종"", ""관리주체구분"": ""공공"", ""항목명"": ""형식 : U-Type / 연장 : 290.0 m, 차로수 : 3"", ""위치"": ""서울특별시 중랑구""}"
15124755:879,15124755,879,양안지하차도,세종특별자치시,공공,,"형식 : 박스형 / 연장 : 29.6 m, 차로수 : 4",,,,,,unverified,,CATALOG_ONLY,20230930,2025-11-18,https://data.go.kr/data/15124755/fileData.do,"{""순번(No)"": ""879"", ""시설물명"": ""양안지하차도"", ""시설물구분"": ""터널"", ""시설물종류"": ""지하차도"", ""종별"": ""3종"", ""관리주체구분"": ""공공"", ""항목명"": ""형식 : 박스형 / 연장 : 29.6 m, 차로수 : 4"", ""위치"": ""세종특별자치시""}"
15124755:880,15124755,880,명촌강남 지하차도,울산광역시 남구,공공,,"형식 : 박스형 / 연장 : 111.2 m, 차로수 : 2",,,,,,unverified,,CATALOG_ONLY,20230930,2025-11-18,https://data.go.kr/data/15124755/fileData.do,"{""순번(No)"": ""880"", ""시설물명"": ""명촌강남 지하차도"", ""시설물구분"": ""터널"", ""시설물종류"": ""지하차도"", ""종별"": ""3종"", ""관리주체구분"": ""공공"", ""항목명"": ""형식 : 박스형 / 연장 : 111.2 m, 차로수 : 2"", ""위치"": ""울산광역시 남구""}"
15124755:881,15124755,881,번영교강남지하차도,울산광역시 남구,공공,,"형식 : 박스형 / 연장 : 243.2 m, 차로수 : 4",,,,,,unverified,,CATALOG_ONLY,20230930,2025-11-18,https://data.go.kr/data/15124755/fileData.do,"{""순번(No)"": ""881"", ""시설물명"": ""번영교강남지하차도"", ""시설물구분"": ""터널"", ""시설물종류"": ""지하차도"", ""종별"": ""3종"", ""관리주체구분"": ""공공"", ""항목명"": ""형식 : 박스형 / 연장 : 243.2 m, 차로수 : 4"", ""위치"": ""울산광역시 남구""}"
15124755:882,15124755,882,여천천지하차도,울산광역시 남구,공공,,"형식 : 미등록 / 연장 : 52.0 m, 차로수 : 2",,,,,,unverified,,CATALOG_ONLY,20230930,2025-11-18,https://data.go.kr/data/15124755/fileData.do,"{""순번(No)"": ""882"", ""시설물명"": ""여천천지하차도"", ""시설물구분"": ""터널"", ""시설물종류"": ""지하차도"", ""종별"": ""3종"", ""관리주체구분"": ""공공"", ""항목명"": ""형식 : 미등록 / 연장 : 52.0 m, 차로수 : 2"", ""위치"": ""울산광역시 남구""}"
15124755:883,15124755,883,학성교 강남지하차도,울산광역시 남구,공공,,"형식 : 박스형 / 연장 : 180.0 m, 차로수 : 4",,,,,,unverified,,CATALOG_ONLY,20230930,2025-11-18,https://data.go.kr/data/15124755/fileData.do,"{""순번(No)"": ""883"", ""시설물명"": ""학성교 강남지하차도"", ""시설물구분"": ""터널"", ""시설물종류"": ""지하차도"", ""종별"": ""3종"", ""관리주체구분"": ""공공"", ""항목명"": ""형식 : 박스형 / 연장 : 180.0 m, 차로수 : 4"", ""위치"": ""울산광역시 남구""}"
15124755:884,15124755,884,명촌IC 1지하차도,울산광역시 북구,공공,,"형식 : 박스형 / 연장 : 63.7 m, 차로수 : 1",,,,,,unverified,,CATALOG_ONLY,20230930,2025-11-18,https://data.go.kr/data/15124755/fileData.do,"{""순번(No)"": ""884"", ""시설물명"": ""명촌IC 1지하차도"", ""시설물구분"": ""터널"", ""시설물종류"": ""지하차도"", ""종별"": ""3종"", ""관리주체구분"": ""공공"", ""항목명"": ""형식 : 박스형 / 연장 : 63.7 m, 차로수 : 1"", ""위치"": ""울산광역시 북구""}"
15124755:885,15124755,885,명촌IC 2지하차도,울산광역시 북구,공공,,"형식 : 박스형 / 연장 : 53.4 m, 차로수 : 1",,,,,,unverified,,CATALOG_ONLY,20230930,2025-11-18,https://data.go.kr/data/15124755/fileData.do,"{""순번(No)"": ""885"", ""시설물명"": ""명촌IC 2지하차도"", ""시설물구분"": ""터널"", ""시설물종류"": ""지하차도"", ""종별"": ""3종"", ""관리주체구분"": ""공공"", ""항목명"": ""형식 : 박스형 / 연장 : 53.4 m, 차로수 : 1"", ""위치"": ""울산광역시 북구""}"
15124755:886,15124755,886,대안지하차도,울산광역시 울주군,공공,,"형식 : 미등록 / 연장 : 45.0 m, 차로수 : 2",,,,,,unverified,,CATALOG_ONLY,20230930,2025-11-18,https://data.go.kr/data/15124755/fileData.do,"{""순번(No)"": ""886"", ""시설물명"": ""대안지하차도"", ""시설물구분"": ""터널"", ""시설물종류"": ""지하차도"", ""종별"": ""3종"", ""관리주체구분"": ""공공"", ""항목명"": ""형식 : 미등록 / 연장 : 45.0 m, 차로수 : 2"", ""위치"": ""울산광역시 울주군""}"
15124755:887,15124755,887,번영교강북지하차도,울산광역시 중구,공공,,"형식 : 박스형 / 연장 : 260.0 m, 차로수 : 4",,,,,,unverified,,CATALOG_ONLY,20230930,2025-11-18,https://data.go.kr/data/15124755/fileData.do,"{""순번(No)"": ""887"", ""시설물명"": ""번영교강북지하차도"", ""시설물구분"": ""터널"", ""시설물종류"": ""지하차도"", ""종별"": ""3종"", ""관리주체구분"": ""공공"", ""항목명"": ""형식 : 박스형 / 연장 : 260.0 m, 차로수 : 4"", ""위치"": ""울산광역시 중구""}"
15124755:888,15124755,888,병영성지하차도,울산광역시 중구,공공,,"형식 : 미등록 / 연장 : 68.0 m, 차로수 : 2",,,,,,unverified,,CATALOG_ONLY,20230930,2025-11-18,https://data.go.kr/data/15124755/fileData.do,"{""순번(No)"": ""888"", ""시설물명"": ""병영성지하차도"", ""시설물구분"": ""터널"", ""시설물종류"": ""지하차도"", ""종별"": ""3종"", ""관리주체구분"": ""공공"", ""항목명"": ""형식 : 미등록 / 연장 : 68.0 m, 차로수 : 2"", ""위치"": ""울산광역시 중구""}"
15124755:889,15124755,889,학성교 강북지하차도,울산광역시 중구,공공,,"형식 : 박스형 / 연장 : 160.0 m, 차로수 : 4",,,,,,unverified,,CATALOG_ONLY,20230930,2025-11-18,https://data.go.kr/data/15124755/fileData.do,"{""순번(No)"": ""889"", ""시설물명"": ""학성교 강북지하차도"", ""시설물구분"": ""터널"", ""시설물종류"": ""지하차도"", ""종별"": ""3종"", ""관리주체구분"": ""공공"", ""항목명"": ""형식 : 박스형 / 연장 : 160.0 m, 차로수 : 4"", ""위치"": ""울산광역시 중구""}"
15124755:890,15124755,890,장수지하차도,인천광역시 남동구,공공,,"형식 : 미등록 / 연장 : 53.0 m, 차로수 : 4",,,,,,unverified,,CATALOG_ONLY,20230930,2025-11-18,https://data.go.kr/data/15124755/fileData.do,"{""순번(No)"": ""890"", ""시설물명"": ""장수지하차도"", ""시설물구분"": ""터널"", ""시설물종류"": ""지하차도"", ""종별"": ""3종"", ""관리주체구분"": ""공공"", ""항목명"": ""형식 : 미등록 / 연장 : 53.0 m, 차로수 : 4"", ""위치"": ""인천광역시 남동구""}"
15124755:891,15124755,891,동수지하차도,인천광역시 부평구,공공,,"형식 : 박스형 / 연장 : 60.0 m, 차로수 : 4",,,,,,unverified,,CATALOG_ONLY,20230930,2025-11-18,https://data.go.kr/data/15124755/fileData.do,"{""순번(No)"": ""891"", ""시설물명"": ""동수지하차도"", ""시설물구분"": ""터널"", ""시설물종류"": ""지하차도"", ""종별"": ""3종"", ""관리주체구분"": ""공공"", ""항목명"": ""형식 : 박스형 / 연장 : 60.0 m, 차로수 : 4"", ""위치"": ""인천광역시 부평구""}"
15124755:892,15124755,892,동암굴다리,인천광역시 부평구,공공,,"형식 : 박스형 / 연장 : 46.1 m, 차로수 : 6",,,,,,unverified,,CATALOG_ONLY,20230930,2025-11-18,https://data.go.kr/data/15124755/fileData.do,"{""순번(No)"": ""892"", ""시설물명"": ""동암굴다리"", ""시설물구분"": ""터널"", ""시설물종류"": ""지하차도"", ""종별"": ""3종"", ""관리주체구분"": ""공공"", ""항목명"": ""형식 : 박스형 / 연장 : 46.1 m, 차로수 : 6"", ""위치"": ""인천광역시 부평구""}"
15124755:893,15124755,893,서순천IC지하차도,전라남도 순천시,공공,,"형식 : 박스형 / 연장 : 54.0 m, 차로수 : 1",,,,,,unverified,,CATALOG_ONLY,20230930,2025-11-18,https://data.go.kr/data/15124755/fileData.do,"{""순번(No)"": ""893"", ""시설물명"": ""서순천IC지하차도"", ""시설물구분"": ""터널"", ""시설물종류"": ""지하차도"", ""종별"": ""3종"", ""관리주체구분"": ""공공"", ""항목명"": ""형식 : 박스형 / 연장 : 54.0 m, 차로수 : 1"", ""위치"": ""전라남도 순천시""}"
15124755:894,15124755,894,순천(지)교,전라남도 순천시,공공,,"형식 : 미등록 / 연장 : 24.1 m, 차로수 : 1",,,,,,unverified,,CATALOG_ONLY,20230930,2025-11-18,https://data.go.kr/data/15124755/fileData.do,"{""순번(No)"": ""894"", ""시설물명"": ""순천(지)교"", ""시설물구분"": ""터널"", ""시설물종류"": ""지하차도"", ""종별"": ""3종"", ""관리주체구분"": ""공공"", ""항목명"": ""형식 : 미등록 / 연장 : 24.1 m, 차로수 : 1"", ""위치"": ""전라남도 순천시""}"
15124755:895,15124755,895,장천지하도,전라남도 순천시,공공,,"형식 : 미등록 / 연장 : 15.0 m, 차로수 : 4",,,,,,unverified,,CATALOG_ONLY,20230930,2025-11-18,https://data.go.kr/data/15124755/fileData.do,"{""순번(No)"": ""895"", ""시설물명"": ""장천지하도"", ""시설물구분"": ""터널"", ""시설물종류"": ""지하차도"", ""종별"": ""3종"", ""관리주체구분"": ""공공"", ""항목명"": ""형식 : 미등록 / 연장 : 15.0 m, 차로수 : 4"", ""위치"": ""전라남도 순천시""}"
15124755:896,15124755,896,조례지하도,전라남도 순천시,공공,,"형식 : 미등록 / 연장 : 102.0 m, 차로수 : 4",,,,,,unverified,,CATALOG_ONLY,20230930,2025-11-18,https://data.go.kr/data/15124755/fileData.do,"{""순번(No)"": ""896"", ""시설물명"": ""조례지하도"", ""시설물구분"": ""터널"", ""시설물종류"": ""지하차도"", ""종별"": ""3종"", ""관리주체구분"": ""공공"", ""항목명"": ""형식 : 미등록 / 연장 : 102.0 m, 차로수 : 4"", ""위치"": ""전라남도 순천시""}"
15124755:897,15124755,897,풍덕(지)교,전라남도 순천시,공공,,"형식 : 미등록 / 연장 : 22.7 m, 차로수 : 1",,,,,,unverified,,CATALOG_ONLY,20230930,2025-11-18,https://data.go.kr/data/15124755/fileData.do,"{""순번(No)"": ""897"", ""시설물명"": ""풍덕(지)교"", ""시설물구분"": ""터널"", ""시설물종류"": ""지하차도"", ""종별"": ""3종"", ""관리주체구분"": ""공공"", ""항목명"": ""형식 : 미등록 / 연장 : 22.7 m, 차로수 : 1"", ""위치"": ""전라남도 순천시""}"
15124755:898,15124755,898,풍덕지하도,전라남도 순천시,공공,,"형식 : 미등록 / 연장 : 9.8 m, 차로수 : 4",,,,,,unverified,,CATALOG_ONLY,20230930,2025-11-18,https://data.go.kr/data/15124755/fileData.do,"{""순번(No)"": ""898"", ""시설물명"": ""풍덕지하도"", ""시설물구분"": ""터널"", ""시설물종류"": ""지하차도"", ""종별"": ""3종"", ""관리주체구분"": ""공공"", ""항목명"": ""형식 : 미등록 / 연장 : 9.8 m, 차로수 : 4"", ""위치"": ""전라남도 순천시""}"
15124755:899,15124755,899,남원지하차도,전라북도 남원시,공공,,"형식 : 미등록 / 연장 : 24.4 m, 차로수 : 2",,,,,,unverified,,CATALOG_ONLY,20230930,2025-11-18,https://data.go.kr/data/15124755/fileData.do,"{""순번(No)"": ""899"", ""시설물명"": ""남원지하차도"", ""시설물구분"": ""터널"", ""시설물종류"": ""지하차도"", ""종별"": ""3종"", ""관리주체구분"": ""공공"", ""항목명"": ""형식 : 미등록 / 연장 : 24.4 m, 차로수 : 2"", ""위치"": ""전라북도 남원시""}"
15124755:900,15124755,900,신정지하차도,전라북도 남원시,공공,,"형식 : 미등록 / 연장 : 21.6 m, 차로수 : 2",,,,,,unverified,,CATALOG_ONLY,20230930,2025-11-18,https://data.go.kr/data/15124755/fileData.do,"{""순번(No)"": ""900"", ""시설물명"": ""신정지하차도"", ""시설물구분"": ""터널"", ""시설물종류"": ""지하차도"", ""종별"": ""3종"", ""관리주체구분"": ""공공"", ""항목명"": ""형식 : 미등록 / 연장 : 21.6 m, 차로수 : 2"", ""위치"": ""전라북도 남원시""}"
15124755:901,15124755,901,조산지하차도,전라북도 남원시,공공,,"형식 : 박스형 / 연장 : 80.0 m, 차로수 : 4",,,,,,unverified,,CATALOG_ONLY,20230930,2025-11-18,https://data.go.kr/data/15124755/fileData.do,"{""순번(No)"": ""901"", ""시설물명"": ""조산지하차도"", ""시설물구분"": ""터널"", ""시설물종류"": ""지하차도"", ""종별"": ""3종"", ""관리주체구분"": ""공공"", ""항목명"": ""형식 : 박스형 / 연장 : 80.0 m, 차로수 : 4"", ""위치"": ""전라북도 남원시""}"
15124755:902,15124755,902,화정지하차도,전라북도 남원시,공공,,"형식 : 미등록 / 연장 : 8.0 m, 차로수 : 2",,,,,,unverified,,CATALOG_ONLY,20230930,2025-11-18,https://data.go.kr/data/15124755/fileData.do,"{""순번(No)"": ""902"", ""시설물명"": ""화정지하차도"", ""시설물구분"": ""터널"", ""시설물종류"": ""지하차도"", ""종별"": ""3종"", ""관리주체구분"": ""공공"", ""항목명"": ""형식 : 미등록 / 연장 : 8.0 m, 차로수 : 2"", ""위치"": ""전라북도 남원시""}"
15124755:903,15124755,903,가림지하차도,전라북도 무주군,공공,,"형식 : 라멘형 / 연장 : 90.0 m, 차로수 : 4",,,,,,unverified,,CATALOG_ONLY,20230930,2025-11-18,https://data.go.kr/data/15124755/fileData.do,"{""순번(No)"": ""903"", ""시설물명"": ""가림지하차도"", ""시설물구분"": ""터널"", ""시설물종류"": ""지하차도"", ""종별"": ""3종"", ""관리주체구분"": ""공공"", ""항목명"": ""형식 : 라멘형 / 연장 : 90.0 m, 차로수 : 4"", ""위치"": ""전라북도 무주군""}"
15124755:904,15124755,904,병암지하차도,전라북도 임실군,공공,,"형식 : 박스형 / 연장 : 80.0 m, 차로수 : 4",,,,,,unverified,,CATALOG_ONLY,20230930,2025-11-18,https://data.go.kr/data/15124755/fileData.do,"{""순번(No)"": ""904"", ""시설물명"": ""병암지하차도"", ""시설물구분"": ""터널"", ""시설물종류"": ""지하차도"", ""종별"": ""3종"", ""관리주체구분"": ""공공"", ""항목명"": ""형식 : 박스형 / 연장 : 80.0 m, 차로수 : 4"", ""위치"": ""전라북도 임실군""}"
15124755:905,15124755,905,덕지지하차도(복),충청남도 논산시,공공,,"형식 : 박스형 / 연장 : 14.0 m, 차로수 : 2",,,,,,unverified,,CATALOG_ONLY,20230930,2025-11-18,https://data.go.kr/data/15124755/fileData.do,"{""순번(No)"": ""905"", ""시설물명"": ""덕지지하차도(복)"", ""시설물구분"": ""터널"", ""시설물종류"": ""지하차도"", ""종별"": ""3종"", ""관리주체구분"": ""공공"", ""항목명"": ""형식 : 박스형 / 연장 : 14.0 m, 차로수 : 2"", ""위치"": ""충청남도 논산시""}"
15124755:906,15124755,906,삼거리지하도(복),충청남도 논산시,공공,,"형식 : 박스형 / 연장 : 9.0 m, 차로수 : 2",,,,,,unverified,,CATALOG_ONLY,20230930,2025-11-18,https://data.go.kr/data/15124755/fileData.do,"{""순번(No)"": ""906"", ""시설물명"": ""삼거리지하도(복)"", ""시설물구분"": ""터널"", ""시설물종류"": ""지하차도"", ""종별"": ""3종"", ""관리주체구분"": ""공공"", ""항목명"": ""형식 : 박스형 / 연장 : 9.0 m, 차로수 : 2"", ""위치"": ""충청남도 논산시""}"
15124755:907,15124755,907,지밧지하차도(복),충청남도 논산시,공공,,"형식 : 박스형 / 연장 : 9.0 m, 차로수 : 2",,,,,,unverified,,CATALOG_ONLY,20230930,2025-11-18,https://data.go.kr/data/15124755/fileData.do,"{""순번(No)"": ""907"", ""시설물명"": ""지밧지하차도(복)"", ""시설물구분"": ""터널"", ""시설물종류"": ""지하차도"", ""종별"": ""3종"", ""관리주체구분"": ""공공"", ""항목명"": ""형식 : 박스형 / 연장 : 9.0 m, 차로수 : 2"", ""위치"": ""충청남도 논산시""}"
15124755:908,15124755,908,모시리지하차도,충청남도 천안시,공공,,"형식 : 미등록 / 연장 : 45.0 m, 차로수 : 2",,,,,,unverified,,CATALOG_ONLY,20230930,2025-11-18,https://data.go.kr/data/15124755/fileData.do,"{""순번(No)"": ""908"", ""시설물명"": ""모시리지하차도"", ""시설물구분"": ""터널"", ""시설물종류"": ""지하차도"", ""종별"": ""3종"", ""관리주체구분"": ""공공"", ""항목명"": ""형식 : 미등록 / 연장 : 45.0 m, 차로수 : 2"", ""위치"": ""충청남도 천안시""}"
15124755:909,15124755,909,봉서지하도,충청남도 천안시,공공,,"형식 : 미등록 / 연장 : 31.0 m, 차로수 : 6",,,,,,unverified,,CATALOG_ONLY,20230930,2025-11-18,https://data.go.kr/data/15124755/fileData.do,"{""순번(No)"": ""909"", ""시설물명"": ""봉서지하도"", ""시설물구분"": ""터널"", ""시설물종류"": ""지하차도"", ""종별"": ""3종"", ""관리주체구분"": ""공공"", ""항목명"": ""형식 : 미등록 / 연장 : 31.0 m, 차로수 : 6"", ""위치"": ""충청남도 천안시""}"
15124755:910,15124755,910,북부지하차도,충청남도 천안시,공공,,"형식 : 미등록 / 연장 : 75.0 m, 차로수 : 6",,,,,,unverified,,CATALOG_ONLY,20230930,2025-11-18,https://data.go.kr/data/15124755/fileData.do,"{""순번(No)"": ""910"", ""시설물명"": ""북부지하차도"", ""시설물구분"": ""터널"", ""시설물종류"": ""지하차도"", ""종별"": ""3종"", ""관리주체구분"": ""공공"", ""항목명"": ""형식 : 미등록 / 연장 : 75.0 m, 차로수 : 6"", ""위치"": ""충청남도 천안시""}"
15124755:911,15124755,911,쌍용지하도,충청남도 천안시,공공,,"형식 : 미등록 / 연장 : 219.0 m, 차로수 : 4",,,,,,unverified,,CATALOG_ONLY,20230930,2025-11-18,https://data.go.kr/data/15124755/fileData.do,"{""순번(No)"": ""911"", ""시설물명"": ""쌍용지하도"", ""시설물구분"": ""터널"", ""시설물종류"": ""지하차도"", ""종별"": ""3종"", ""관리주체구분"": ""공공"", ""항목명"": ""형식 : 미등록 / 연장 : 219.0 m, 차로수 : 4"", ""위치"": ""충청남도 천안시""}"
15124755:912,15124755,912,천안지하도,충청남도 천안시,공공,,"형식 : 미등록 / 연장 : 244.5 m, 차로수 : 2",,,,,,unverified,,CATALOG_ONLY,20230930,2025-11-18,https://data.go.kr/data/15124755/fileData.do,"{""순번(No)"": ""912"", ""시설물명"": ""천안지하도"", ""시설물구분"": ""터널"", ""시설물종류"": ""지하차도"", ""종별"": ""3종"", ""관리주체구분"": ""공공"", ""항목명"": ""형식 : 미등록 / 연장 : 244.5 m, 차로수 : 2"", ""위치"": ""충청남도 천안시""}"
15124755:913,15124755,913,판정지하차도,충청남도 천안시,공공,,"형식 : 미등록 / 연장 : 61.0 m, 차로수 : 2",,,,,,unverified,,CATALOG_ONLY,20230930,2025-11-18,https://data.go.kr/data/15124755/fileData.do,"{""순번(No)"": ""913"", ""시설물명"": ""판정지하차도"", ""시설물구분"": ""터널"", ""시설물종류"": ""지하차도"", ""종별"": ""3종"", ""관리주체구분"": ""공공"", ""항목명"": ""형식 : 미등록 / 연장 : 61.0 m, 차로수 : 2"", ""위치"": ""충청남도 천안시""}"
15124755:914,15124755,914,옹암가도교(단),충청남도 홍성군,공공,,"형식 : 박스형 / 연장 : 5.0 m, 차로수 : 2",,,,,,unverified,,CATALOG_ONLY,20230930,2025-11-18,https://data.go.kr/data/15124755/fileData.do,"{""순번(No)"": ""914"", ""시설물명"": ""옹암가도교(단)"", ""시설물구분"": ""터널"", ""시설물종류"": ""지하차도"", ""종별"": ""3종"", ""관리주체구분"": ""공공"", ""항목명"": ""형식 : 박스형 / 연장 : 5.0 m, 차로수 : 2"", ""위치"": ""충청남도 홍성군""}"
15124755:915,15124755,915,각계지하도(복),충청북도 영동군,공공,,"형식 : 박스형 / 연장 : 7.0 m, 차로수 : 2",,,,,,unverified,,CATALOG_ONLY,20230930,2025-11-18,https://data.go.kr/data/15124755/fileData.do,"{""순번(No)"": ""915"", ""시설물명"": ""각계지하도(복)"", ""시설물구분"": ""터널"", ""시설물종류"": ""지하차도"", ""종별"": ""3종"", ""관리주체구분"": ""공공"", ""항목명"": ""형식 : 박스형 / 연장 : 7.0 m, 차로수 : 2"", ""위치"": ""충청북도 영동군""}"
15124755:916,15124755,916,계룡지하차도(복),충청북도 영동군,공공,,"형식 : 박스형 / 연장 : 11.1 m, 차로수 : 2",,,,,,unverified,,CATALOG_ONLY,20230930,2025-11-18,https://data.go.kr/data/15124755/fileData.do,"{""순번(No)"": ""916"", ""시설물명"": ""계룡지하차도(복)"", ""시설물구분"": ""터널"", ""시설물종류"": ""지하차도"", ""종별"": ""3종"", ""관리주체구분"": ""공공"", ""항목명"": ""형식 : 박스형 / 연장 : 11.1 m, 차로수 : 2"", ""위치"": ""충청북도 영동군""}"
15124755:917,15124755,917,관리지하차도(복),충청북도 영동군,공공,,"형식 : 박스형 / 연장 : 11.1 m, 차로수 : 2",,,,,,unverified,,CATALOG_ONLY,20230930,2025-11-18,https://data.go.kr/data/15124755/fileData.do,"{""순번(No)"": ""917"", ""시설물명"": ""관리지하차도(복)"", ""시설물구분"": ""터널"", ""시설물종류"": ""지하차도"", ""종별"": ""3종"", ""관리주체구분"": ""공공"", ""항목명"": ""형식 : 박스형 / 연장 : 11.1 m, 차로수 : 2"", ""위치"": ""충청북도 영동군""}"
15124755:918,15124755,918,대평지하차도(복),충청북도 영동군,공공,,"형식 : 박스형 / 연장 : 11.1 m, 차로수 : 2",,,,,,unverified,,CATALOG_ONLY,20230930,2025-11-18,https://data.go.kr/data/15124755/fileData.do,"{""순번(No)"": ""918"", ""시설물명"": ""대평지하차도(복)"", ""시설물구분"": ""터널"", ""시설물종류"": ""지하차도"", ""종별"": ""3종"", ""관리주체구분"": ""공공"", ""항목명"": ""형식 : 박스형 / 연장 : 11.1 m, 차로수 : 2"", ""위치"": ""충청북도 영동군""}"
15124755:919,15124755,919,사부리지하도(복),충청북도 영동군,공공,,"형식 : 박스형 / 연장 : 9.0 m, 차로수 : 2",,,,,,unverified,,CATALOG_ONLY,20230930,2025-11-18,https://data.go.kr/data/15124755/fileData.do,"{""순번(No)"": ""919"", ""시설물명"": ""사부리지하도(복)"", ""시설물구분"": ""터널"", ""시설물종류"": ""지하차도"", ""종별"": ""3종"", ""관리주체구분"": ""공공"", ""항목명"": ""형식 : 박스형 / 연장 : 9.0 m, 차로수 : 2"", ""위치"": ""충청북도 영동군""}"
15124755:920,15124755,920,송천가도교(복),충청북도 영동군,공공,,"형식 : 박스형 / 연장 : 8.0 m, 차로수 : 2",,,,,,unverified,,CATALOG_ONLY,20230930,2025-11-18,https://data.go.kr/data/15124755/fileData.do,"{""순번(No)"": ""920"", ""시설물명"": ""송천가도교(복)"", ""시설물구분"": ""터널"", ""시설물종류"": ""지하차도"", ""종별"": ""3종"", ""관리주체구분"": ""공공"", ""항목명"": ""형식 : 박스형 / 연장 : 8.0 m, 차로수 : 2"", ""위치"": ""충청북도 영동군""}"
15124755:921,15124755,921,심곡지하차도(복),충청북도 영동군,공공,,"형식 : 박스형 / 연장 : 11.1 m, 차로수 : 2",,,,,,unverified,,CATALOG_ONLY,20230930,2025-11-18,https://data.go.kr/data/15124755/fileData.do,"{""순번(No)"": ""921"", ""시설물명"": ""심곡지하차도(복)"", ""시설물구분"": ""터널"", ""시설물종류"": ""지하차도"", ""종별"": ""3종"", ""관리주체구분"": ""공공"", ""항목명"": ""형식 : 박스형 / 연장 : 11.1 m, 차로수 : 2"", ""위치"": ""충청북도 영동군""}"
15124755:922,15124755,922,용당지하차도(복),충청북도 영동군,공공,,"형식 : 박스형 / 연장 : 12.2 m, 차로수 : 2",,,,,,unverified,,CATALOG_ONLY,20230930,2025-11-18,https://data.go.kr/data/15124755/fileData.do,"{""순번(No)"": ""922"", ""시설물명"": ""용당지하차도(복)"", ""시설물구분"": ""터널"", ""시설물종류"": ""지하차도"", ""종별"": ""3종"", ""관리주체구분"": ""공공"", ""항목명"": ""형식 : 박스형 / 연장 : 12.2 m, 차로수 : 2"", ""위치"": ""충청북도 영동군""}"
15124755:923,15124755,923,가화지하도,충청북도 옥천군,공공,,"형식 : 박스형 / 연장 : 65.0 m, 차로수 : 2",,,,,,unverified,,CATALOG_ONLY,20230930,2025-11-18,https://data.go.kr/data/15124755/fileData.do,"{""순번(No)"": ""923"", ""시설물명"": ""가화지하도"", ""시설물구분"": ""터널"", ""시설물종류"": ""지하차도"", ""종별"": ""3종"", ""관리주체구분"": ""공공"", ""항목명"": ""형식 : 박스형 / 연장 : 65.0 m, 차로수 : 2"", ""위치"": ""충청북도 옥천군""}"
15124755:924,15124755,924,강청지하도(복),충청북도 옥천군,공공,,"형식 : 박스형 / 연장 : 12.0 m, 차로수 : 2",,,,,,unverified,,CATALOG_ONLY,20230930,2025-11-18,https://data.go.kr/data/15124755/fileData.do,"{""순번(No)"": ""924"", ""시설물명"": ""강청지하도(복)"", ""시설물구분"": ""터널"", ""시설물종류"": ""지하차도"", ""종별"": ""3종"", ""관리주체구분"": ""공공"", ""항목명"": ""형식 : 박스형 / 연장 : 12.0 m, 차로수 : 2"", ""위치"": ""충청북도 옥천군""}"
15124755:925,15124755,925,소정지하도(복),충청북도 옥천군,공공,,"형식 : 박스형 / 연장 : 11.0 m, 차로수 : 2",,,,,,unverified,,CATALOG_ONLY,20230930,2025-11-18,https://data.go.kr/data/15124755/fileData.do,"{""순번(No)"": ""925"", ""시설물명"": ""소정지하도(복)"", ""시설물구분"": ""터널"", ""시설물종류"": ""지하차도"", ""종별"": ""3종"", ""관리주체구분"": ""공공"", ""항목명"": ""형식 : 박스형 / 연장 : 11.0 m, 차로수 : 2"", ""위치"": ""충청북도 옥천군""}"
15124755:926,15124755,926,신흥지하도(복),충청북도 옥천군,공공,,"형식 : 미등록 / 연장 : 9.8 m, 차로수 : 2",,,,,,unverified,,CATALOG_ONLY,20230930,2025-11-18,https://data.go.kr/data/15124755/fileData.do,"{""순번(No)"": ""926"", ""시설물명"": ""신흥지하도(복)"", ""시설물구분"": ""터널"", ""시설물종류"": ""지하차도"", ""종별"": ""3종"", ""관리주체구분"": ""공공"", ""항목명"": ""형식 : 미등록 / 연장 : 9.8 m, 차로수 : 2"", ""위치"": ""충청북도 옥천군""}"
15124755:927,15124755,927,지탄리통로박스(복),충청북도 옥천군,공공,,"형식 : 박스형 / 연장 : 8.0 m, 차로수 : 2",,,,,,unverified,,CATALOG_ONLY,20230930,2025-11-18,https://data.go.kr/data/15124755/fileData.do,"{""순번(No)"": ""927"", ""시설물명"": ""지탄리통로박스(복)"", ""시설물구분"": ""터널"", ""시설물종류"": ""지하차도"", ""종별"": ""3종"", ""관리주체구분"": ""공공"", ""항목명"": ""형식 : 박스형 / 연장 : 8.0 m, 차로수 : 2"", ""위치"": ""충청북도 옥천군""}"
15124755:928,15124755,928,현리지하도(복),충청북도 옥천군,공공,,"형식 : 박스형 / 연장 : 6.0 m, 차로수 : 2",,,,,,unverified,,CATALOG_ONLY,20230930,2025-11-18,https://data.go.kr/data/15124755/fileData.do,"{""순번(No)"": ""928"", ""시설물명"": ""현리지하도(복)"", ""시설물구분"": ""터널"", ""시설물종류"": ""지하차도"", ""종별"": ""3종"", ""관리주체구분"": ""공공"", ""항목명"": ""형식 : 박스형 / 연장 : 6.0 m, 차로수 : 2"", ""위치"": ""충청북도 옥천군""}"
15124755:929,15124755,929,마송지하도(복),충청북도 음성군,공공,,"형식 : 박스형 / 연장 : 40.0 m, 차로수 : 2",,,,,,unverified,,CATALOG_ONLY,20230930,2025-11-18,https://data.go.kr/data/15124755/fileData.do,"{""순번(No)"": ""929"", ""시설물명"": ""마송지하도(복)"", ""시설물구분"": ""터널"", ""시설물종류"": ""지하차도"", ""종별"": ""3종"", ""관리주체구분"": ""공공"", ""항목명"": ""형식 : 박스형 / 연장 : 40.0 m, 차로수 : 2"", ""위치"": ""충청북도 음성군""}"
15124755:930,15124755,930,마송지하차도,충청북도 음성군,공공,,"형식 : 박스형 / 연장 : 29.0 m, 차로수 : 2",,,,,,unverified,,CATALOG_ONLY,20230930,2025-11-18,https://data.go.kr/data/15124755/fileData.do,"{""순번(No)"": ""930"", ""시설물명"": ""마송지하차도"", ""시설물구분"": ""터널"", ""시설물종류"": ""지하차도"", ""종별"": ""3종"", ""관리주체구분"": ""공공"", ""항목명"": ""형식 : 박스형 / 연장 : 29.0 m, 차로수 : 2"", ""위치"": ""충청북도 음성군""}"
15124755:931,15124755,931,상노리지하도(복),충청북도 음성군,공공,,"형식 : 박스형 / 연장 : 23.6 m, 차로수 : 2",,,,,,unverified,,CATALOG_ONLY,20230930,2025-11-18,https://data.go.kr/data/15124755/fileData.do,"{""순번(No)"": ""931"", ""시설물명"": ""상노리지하도(복)"", ""시설물구분"": ""터널"", ""시설물종류"": ""지하차도"", ""종별"": ""3종"", ""관리주체구분"": ""공공"", ""항목명"": ""형식 : 박스형 / 연장 : 23.6 m, 차로수 : 2"", ""위치"": ""충청북도 음성군""}"
15124755:932,15124755,932,영천지하차도,충청북도 제천시,공공,,"형식 : 박스형 / 연장 : 80.2 m, 차로수 : 4",,,,,,unverified,,CATALOG_ONLY,20230930,2025-11-18,https://data.go.kr/data/15124755/fileData.do,"{""순번(No)"": ""932"", ""시설물명"": ""영천지하차도"", ""시설물구분"": ""터널"", ""시설물종류"": ""지하차도"", ""종별"": ""3종"", ""관리주체구분"": ""공공"", ""항목명"": ""형식 : 박스형 / 연장 : 80.2 m, 차로수 : 4"", ""위치"": ""충청북도 제천시""}"
15124755:933,15124755,933,궁평지하차도,충청북도 청주시,공공,,"형식 : 미등록 / 연장 : 80.0 m, 차로수 : 6",,,,,,unverified,,CATALOG_ONLY,20230930,2025-11-18,https://data.go.kr/data/15124755/fileData.do,"{""순번(No)"": ""933"", ""시설물명"": ""궁평지하차도"", ""시설물구분"": ""터널"", ""시설물종류"": ""지하차도"", ""종별"": ""3종"", ""관리주체구분"": ""공공"", ""항목명"": ""형식 : 미등록 / 연장 : 80.0 m, 차로수 : 6"", ""위치"": ""충청북도 청주시""}"
15124755:934,15124755,934,매봉지하차도(하행),충청북도 청주시,공공,,"형식 : 미등록 / 연장 : 96.0 m, 차로수 : 2",,,,,,unverified,,CATALOG_ONLY,20230930,2025-11-18,https://data.go.kr/data/15124755/fileData.do,"{""순번(No)"": ""934"", ""시설물명"": ""매봉지하차도(하행)"", ""시설물구분"": ""터널"", ""시설물종류"": ""지하차도"", ""종별"": ""3종"", ""관리주체구분"": ""공공"", ""항목명"": ""형식 : 미등록 / 연장 : 96.0 m, 차로수 : 2"", ""위치"": ""충청북도 청주시""}"
15124755:935,15124755,935,묵방지하차도,충청북도 청주시,공공,,"형식 : 박스형 / 연장 : 45.0 m, 차로수 : 1",,,,,,unverified,,CATALOG_ONLY,20230930,2025-11-18,https://data.go.kr/data/15124755/fileData.do,"{""순번(No)"": ""935"", ""시설물명"": ""묵방지하차도"", ""시설물구분"": ""터널"", ""시설물종류"": ""지하차도"", ""종별"": ""3종"", ""관리주체구분"": ""공공"", ""항목명"": ""형식 : 박스형 / 연장 : 45.0 m, 차로수 : 1"", ""위치"": ""충청북도 청주시""}"
15124755:936,15124755,936,오송지하도(복),충청북도 청주시,공공,,"형식 : 박스형 / 연장 : 28.0 m, 차로수 : 2",,,,,,unverified,,CATALOG_ONLY,20230930,2025-11-18,https://data.go.kr/data/15124755/fileData.do,"{""순번(No)"": ""936"", ""시설물명"": ""오송지하도(복)"", ""시설물구분"": ""터널"", ""시설물종류"": ""지하차도"", ""종별"": ""3종"", ""관리주체구분"": ""공공"", ""항목명"": ""형식 : 박스형 / 연장 : 28.0 m, 차로수 : 2"", ""위치"": ""충청북도 청주시""}"
15124755:937,15124755,937,오창지하차도,충청북도 청주시,공공,,"형식 : 박스형 / 연장 : 97.0 m, 차로수 : 4",,,,,,unverified,,CATALOG_ONLY,20230930,2025-11-18,https://data.go.kr/data/15124755/fileData.do,"{""순번(No)"": ""937"", ""시설물명"": ""오창지하차도"", ""시설물구분"": ""터널"", ""시설물종류"": ""지하차도"", ""종별"": ""3종"", ""관리주체구분"": ""공공"", ""항목명"": ""형식 : 박스형 / 연장 : 97.0 m, 차로수 : 4"", ""위치"": ""충청북도 청주시""}"
15124755:938,15124755,938,달천지하차도,충청북도 충주시,공공,,"형식 : 박스형 / 연장 : 34.0 m, 차로수 : 1",,,,,,unverified,,CATALOG_ONLY,20230930,2025-11-18,https://data.go.kr/data/15124755/fileData.do,"{""순번(No)"": ""938"", ""시설물명"": ""달천지하차도"", ""시설물구분"": ""터널"", ""시설물종류"": ""지하차도"", ""종별"": ""3종"", ""관리주체구분"": ""공공"", ""항목명"": ""형식 : 박스형 / 연장 : 34.0 m, 차로수 : 1"", ""위치"": ""충청북도 충주시""}"
15045183:1,15045183,,동암굴다리,인천광역시 부평구 십정동,,부평구,,46.10,30.30,4.50,,,unverified,,CATALOG_ONLY,20260206,2026-02-06,https://data.go.kr/data/15045183/fileData.do,"{""시설구분"": ""지하차도"", ""확장구분"": ""기본"", ""시설물명"": ""동암굴다리"", ""도로구분"": ""구도"", ""주소"": ""인천광역시 부평구 십정동 "", ""총길이(미터)"": ""46.10"", ""총폭(미터)"": ""30.30"", ""유효폭(미터)"": ""0"", ""높이(미터)"": ""4.50"", ""준공년도"": ""1979"", ""기관구분"": ""부평구"", ""관리구분"": ""직접관리""}"
15045183:2,15045183,,간석지하차도,인천광역시 남동구 간석동,,남동구,,140.00,17.00,4.50,,,unverified,,CATALOG_ONLY,20260206,2026-02-06,https://data.go.kr/data/15045183/fileData.do,"{""시설구분"": ""지하차도"", ""확장구분"": ""기본"", ""시설물명"": ""간석지하차도"", ""도로구분"": ""일반국도"", ""주소"": ""인천광역시 남동구 간석동 "", ""총길이(미터)"": ""140.00"", ""총폭(미터)"": ""17.00"", ""유효폭(미터)"": ""0"", ""높이(미터)"": ""4.50"", ""준공년도"": ""1981"", ""기관구분"": ""남동구"", ""관리구분"": ""이관""}"
15045183:3,15045183,,계양지하차도,인천광역시 계양구 계산동,,계양구,,230.00,15.40,7.50,,,unverified,,CATALOG_ONLY,20260206,2026-02-06,https://data.go.kr/data/15045183/fileData.do,"{""시설구분"": ""지하차도"", ""확장구분"": ""기본"", ""시설물명"": ""계양지하차도"", ""도로구분"": ""구도"", ""주소"": ""인천광역시 계양구 계산동 "", ""총길이(미터)"": ""230.00"", ""총폭(미터)"": ""15.40"", ""유효폭(미터)"": ""0"", ""높이(미터)"": ""7.50"", ""준공년도"": ""1998"", ""기관구분"": ""계양구"", ""관리구분"": ""직접관리""}"
15045183:4,15045183,,고잔지하차도,인천광역시 남동구 고잔동,,종합건설본부,,200.00,32.10,5.00,,,unverified,,CATALOG_ONLY,20260206,2026-02-06,https://data.go.kr/data/15045183/fileData.do,"{""시설구분"": ""지하차도"", ""확장구분"": ""기본"", ""시설물명"": ""고잔지하차도"", ""도로구분"": ""특별,광역시도"", ""주소"": ""인천광역시 남동구 고잔동 "", ""총길이(미터)"": ""200.00"", ""총폭(미터)"": ""32.10"", ""유효폭(미터)"": ""0"", ""높이(미터)"": ""5.00"", ""준공년도"": ""2010"", ""기관구분"": ""종합건설본부"", ""관리구분"": ""직접관리""}"
15045183:5,15045183,,동수지하차도,인천광역시 부평구 부평동,,부평구,,60.00,19.60,5.00,,,unverified,,CATALOG_ONLY,20260206,2026-02-06,https://data.go.kr/data/15045183/fileData.do,"{""시설구분"": ""지하차도"", ""확장구분"": ""기본"", ""시설물명"": ""동수지하차도"", ""도로구분"": ""구도"", ""주소"": ""인천광역시 부평구 부평동 "", ""총길이(미터)"": ""60.00"", ""총폭(미터)"": ""19.60"", ""유효폭(미터)"": ""0"", ""높이(미터)"": ""5.00"", ""준공년도"": ""2005"", ""기관구분"": ""부평구"", ""관리구분"": ""직접관리""}"
15045183:6,15045183,,동춘지하차도,인천광역시 연수구 송도동,,종합건설본부,,210.00,39.30,5.00,,,unverified,,CATALOG_ONLY,20260206,2026-02-06,https://data.go.kr/data/15045183/fileData.do,"{""시설구분"": ""지하차도"", ""확장구분"": ""기본"", ""시설물명"": ""동춘지하차도"", ""도로구분"": ""특별,광역시도"", ""주소"": ""인천광역시 연수구 송도동 "", ""총길이(미터)"": ""210.00"", ""총폭(미터)"": ""39.30"", ""유효폭(미터)"": ""0"", ""높이(미터)"": ""5.00"", ""준공년도"": ""2010"", ""기관구분"": ""종합건설본부"", ""관리구분"": ""직접관리""}"
15045183:7,15045183,,루원지하차도,인천광역시 서구 가정동,,종합건설본부,,1280.00,28.50,5.60,,,unverified,,CATALOG_ONLY,20260206,2026-02-06,https://data.go.kr/data/15045183/fileData.do,"{""시설구분"": ""지하차도"", ""확장구분"": ""기본"", ""시설물명"": ""루원지하차도"", ""도로구분"": ""특별,광역시도"", ""주소"": ""인천광역시 서구 가정동 "", ""총길이(미터)"": ""1280.00"", ""총폭(미터)"": ""28.50"", ""유효폭(미터)"": ""0"", ""높이(미터)"": ""5.60"", ""준공년도"": ""2015"", ""기관구분"": ""종합건설본부"", ""관리구분"": ""직접관리""}"
15045183:8,15045183,,문학지하차도,인천광역시 미추홀구 학익동,,미추홀구,,90.00,14.00,4.50,,,unverified,,CATALOG_ONLY,20260206,2026-02-06,https://data.go.kr/data/15045183/fileData.do,"{""시설구분"": ""지하차도"", ""확장구분"": ""기본"", ""시설물명"": ""문학지하차도"", ""도로구분"": ""구도"", ""주소"": ""인천광역시 미추홀구 학익동 "", ""총길이(미터)"": ""90.00"", ""총폭(미터)"": ""14.00"", ""유효폭(미터)"": ""0"", ""높이(미터)"": ""4.50"", ""준공년도"": ""1997"", ""기관구분"": ""미추홀구"", ""관리구분"": ""직접관리""}"
15045183:9,15045183,,봉수지하차도,인천광역시 서구 원창동,,종합건설본부,,489.00,23.60,5.00,,,unverified,,CATALOG_ONLY,20260206,2026-02-06,https://data.go.kr/data/15045183/fileData.do,"{""시설구분"": ""지하차도"", ""확장구분"": ""기본"", ""시설물명"": ""봉수지하차도"", ""도로구분"": ""특별,광역시도"", ""주소"": ""인천광역시 서구 원창동 "", ""총길이(미터)"": ""489.00"", ""총폭(미터)"": ""23.60"", ""유효폭(미터)"": ""0"", ""높이(미터)"": ""5.00"", ""준공년도"": ""2015"", ""기관구분"": ""종합건설본부"", ""관리구분"": ""직접관리""}"
15045183:10,15045183,,석남지하차도,인천광역시 서구 석남동,,서구,,380.00,10.00,5.00,,,unverified,,CATALOG_ONLY,20260206,2026-02-06,https://data.go.kr/data/15045183/fileData.do,"{""시설구분"": ""지하차도"", ""확장구분"": ""기본"", ""시설물명"": ""석남지하차도"", ""도로구분"": ""특별,광역시도"", ""주소"": ""인천광역시 서구 석남동 "", ""총길이(미터)"": ""380.00"", ""총폭(미터)"": ""10.00"", ""유효폭(미터)"": ""0"", ""높이(미터)"": ""5.00"", ""준공년도"": ""2004"", ""기관구분"": ""서구"", ""관리구분"": ""직접관리""}"
15045183:11,15045183,,석암지하차도,인천광역시 미추홀구 주안동,,미추홀구,,208.00,15.00,4.90,,,unverified,,CATALOG_ONLY,20260206,2026-02-06,https://data.go.kr/data/15045183/fileData.do,"{""시설구분"": ""지하차도"", ""확장구분"": ""기본"", ""시설물명"": ""석암지하차도"", ""도로구분"": ""구도"", ""주소"": ""인천광역시 미추홀구 주안동 "", ""총길이(미터)"": ""208.00"", ""총폭(미터)"": ""15.00"", ""유효폭(미터)"": ""0"", ""높이(미터)"": ""4.90"", ""준공년도"": ""1991"", ""기관구분"": ""미추홀구"", ""관리구분"": ""직접관리""}"
15045183:12,15045183,,선학지하차도,인천광역시 연수구 선학동,,연수구,,240.00,24.00,9.00,,,unverified,,CATALOG_ONLY,20260206,2026-02-06,https://data.go.kr/data/15045183/fileData.do,"{""시설구분"": ""지하차도"", ""확장구분"": ""기본"", ""시설물명"": ""선학지하차도"", ""도로구분"": ""특별,광역시도"", ""주소"": ""인천광역시 연수구 선학동 "", ""총길이(미터)"": ""240.00"", ""총폭(미터)"": ""24.00"", ""유효폭(미터)"": ""0"", ""높이(미터)"": ""9.00"", ""준공년도"": ""1998"", ""기관구분"": ""연수구"", ""관리구분"": ""직접관리""}"
15045183:13,15045183,,송도지하차도,인천광역시 연수구 동춘동,,종합건설본부,,200.00,21.50,5.00,,,unverified,,CATALOG_ONLY,20260206,2026-02-06,https://data.go.kr/data/15045183/fileData.do,"{""시설구분"": ""지하차도"", ""확장구분"": ""기본"", ""시설물명"": ""송도지하차도"", ""도로구분"": ""특별,광역시도"", ""주소"": ""인천광역시 연수구 동춘동 "", ""총길이(미터)"": ""200.00"", ""총폭(미터)"": ""21.50"", ""유효폭(미터)"": ""0"", ""높이(미터)"": ""5.00"", ""준공년도"": ""2010"", ""기관구분"": ""종합건설본부"", ""관리구분"": ""직접관리""}"
15045183:14,15045183,,옥련지하차도,인천광역시 연수구 옥련동,,연수구,,248.00,16.00,6.00,,,unverified,,CATALOG_ONLY,20260206,2026-02-06,https://data.go.kr/data/15045183/fileData.do,"{""시설구분"": ""지하차도"", ""확장구분"": ""기본"", ""시설물명"": ""옥련지하차도"", ""도로구분"": ""특별,광역시도"", ""주소"": ""인천광역시 연수구 옥련동 "", ""총길이(미터)"": ""248.00"", ""총폭(미터)"": ""16.00"", ""유효폭(미터)"": ""0"", ""높이(미터)"": ""6.00"", ""준공년도"": ""2001"", ""기관구분"": ""연수구"", ""관리구분"": ""직접관리""}"
15045183:15,15045183,,옹암지하차도,인천광역시 연수구 옥련동,,연수구,,250.00,10.00,7.20,,,unverified,,CATALOG_ONLY,20260206,2026-02-06,https://data.go.kr/data/15045183/fileData.do,"{""시설구분"": ""지하차도"", ""확장구분"": ""기본"", ""시설물명"": ""옹암지하차도"", ""도로구분"": ""일반국도"", ""주소"": ""인천광역시 연수구 옥련동 "", ""총길이(미터)"": ""250.00"", ""총폭(미터)"": ""10.00"", ""유효폭(미터)"": ""0"", ""높이(미터)"": ""7.20"", ""준공년도"": ""2017"", ""기관구분"": ""연수구"", ""관리구분"": ""이관""}"
15045183:16,15045183,,왕길지하차도,인천광역시 서구 왕길동,,서구,,140.00,17.00,5.00,,,unverified,,CATALOG_ONLY,20260206,2026-02-06,https://data.go.kr/data/15045183/fileData.do,"{""시설구분"": ""지하차도"", ""확장구분"": ""기본"", ""시설물명"": ""왕길지하차도"", ""도로구분"": ""특별,광역시도"", ""주소"": ""인천광역시 서구 왕길동 "", ""총길이(미터)"": ""140.00"", ""총폭(미터)"": ""17.00"", ""유효폭(미터)"": ""0"", ""높이(미터)"": ""5.00"", ""준공년도"": ""2001"", ""기관구분"": ""서구"", ""관리구분"": ""직접관리""}"
15045183:17,15045183,,용담지하차도,인천광역시 연수구 연수동,,연수구,,118.00,8.60,4.70,,,unverified,,CATALOG_ONLY,20260206,2026-02-06,https://data.go.kr/data/15045183/fileData.do,"{""시설구분"": ""지하차도"", ""확장구분"": ""기본"", ""시설물명"": ""용담지하차도"", ""도로구분"": ""특별,광역시도"", ""주소"": ""인천광역시 연수구 연수동 "", ""총길이(미터)"": ""118.00"", ""총폭(미터)"": ""8.60"", ""유효폭(미터)"": ""0"", ""높이(미터)"": ""4.70"", ""준공년도"": ""1993"", ""기관구분"": ""연수구"", ""관리구분"": ""직접관리""}"
15045183:18,15045183,,용종지하차도,인천광역시 계양구 용종동,,계양구,,75.00,16.00,0.00,,,unverified,,CATALOG_ONLY,20260206,2026-02-06,https://data.go.kr/data/15045183/fileData.do,"{""시설구분"": ""지하차도"", ""확장구분"": ""기본"", ""시설물명"": ""용종지하차도"", ""도로구분"": ""구도"", ""주소"": ""인천광역시 계양구 용종동 "", ""총길이(미터)"": ""75.00"", ""총폭(미터)"": ""16.00"", ""유효폭(미터)"": ""0"", ""높이(미터)"": ""0.00"", ""준공년도"": ""2014"", ""기관구분"": ""계양구"", ""관리구분"": ""직접관리""}"
15045183:19,15045183,,임학지하차도,인천광역시 계양구 용종동,,계양구,,320.00,16.00,7.50,,,unverified,,CATALOG_ONLY,20260206,2026-02-06,https://data.go.kr/data/15045183/fileData.do,"{""시설구분"": ""지하차도"", ""확장구분"": ""기본"", ""시설물명"": ""임학지하차도"", ""도로구분"": ""구도"", ""주소"": ""인천광역시 계양구 용종동 "", ""총길이(미터)"": ""320.00"", ""총폭(미터)"": ""16.00"", ""유효폭(미터)"": ""0"", ""높이(미터)"": ""7.50"", ""준공년도"": ""1998"", ""기관구분"": ""계양구"", ""관리구분"": ""직접관리""}"
15045183:20,15045183,,장수지하차도,인천광역시 남동구 장수동,,남동구,,53.00,21.30,4.50,,,unverified,,CATALOG_ONLY,20260206,2026-02-06,https://data.go.kr/data/15045183/fileData.do,"{""시설구분"": ""지하차도"", ""확장구분"": ""기본"", ""시설물명"": ""장수지하차도"", ""도로구분"": ""구도"", ""주소"": ""인천광역시 남동구 장수동 "", ""총길이(미터)"": ""53.00"", ""총폭(미터)"": ""21.30"", ""유효폭(미터)"": ""0"", ""높이(미터)"": ""4.50"", ""준공년도"": ""1997"", ""기관구분"": ""남동구"", ""관리구분"": ""직접관리""}"
15045183:21,15045183,,중봉지하차도,인천광역시 서구 청라동,,인천경제자유구역청,,1932.30,3.50,5.00,,,unverified,,CATALOG_ONLY,20260206,2026-02-06,https://data.go.kr/data/15045183/fileData.do,"{""시설구분"": ""지하차도"", ""확장구분"": ""기본"", ""시설물명"": ""중봉지하차도"", ""도로구분"": ""특별,광역시도"", ""주소"": ""인천광역시 서구 청라동 "", ""총길이(미터)"": ""1932.30"", ""총폭(미터)"": ""3.50"", ""유효폭(미터)"": ""0"", ""높이(미터)"": ""5.00"", ""준공년도"": ""2011"", ""기관구분"": ""인천경제자유구역청"", ""관리구분"": ""직접관리""}"
15045183:22,15045183,,청라지하차도,인천광역시 서구 청라동,,인천경제자유구역청,,120.00,27.00,7.40,,,unverified,,CATALOG_ONLY,20260206,2026-02-06,https://data.go.kr/data/15045183/fileData.do,"{""시설구분"": ""지하차도"", ""확장구분"": ""기본"", ""시설물명"": ""청라지하차도"", ""도로구분"": ""특별,광역시도"", ""주소"": ""인천광역시 서구 청라동 "", ""총길이(미터)"": ""120.00"", ""총폭(미터)"": ""27.00"", ""유효폭(미터)"": ""0"", ""높이(미터)"": ""7.40"", ""준공년도"": ""2014"", ""기관구분"": ""인천경제자유구역청"", ""관리구분"": ""직접관리""}"
15045183:23,15045183,,청학지하차도,인천광역시 연수구 청학동,,연수구,,473.20,17.00,7.20,,,unverified,,CATALOG_ONLY,20260206,2026-02-06,https://data.go.kr/data/15045183/fileData.do,"{""시설구분"": ""지하차도"", ""확장구분"": ""기본"", ""시설물명"": ""청학지하차도"", ""도로구분"": ""특별,광역시도"", ""주소"": ""인천광역시 연수구 청학동 "", ""총길이(미터)"": ""473.20"", ""총폭(미터)"": ""17.00"", ""유효폭(미터)"": ""0"", ""높이(미터)"": ""7.20"", ""준공년도"": ""1993"", ""기관구분"": ""연수구"", ""관리구분"": ""직접관리""}"
15045183:24,15045183,,해안지하차도,인천광역시 남동구 고잔동,,종합건설본부,,200.00,32.10,5.00,,,unverified,,CATALOG_ONLY,20260206,2026-02-06,https://data.go.kr/data/15045183/fileData.do,"{""시설구분"": ""지하차도"", ""확장구분"": ""기본"", ""시설물명"": ""해안지하차도"", ""도로구분"": ""특별,광역시도"", ""주소"": ""인천광역시 남동구 고잔동 "", ""총길이(미터)"": ""200.00"", ""총폭(미터)"": ""32.10"", ""유효폭(미터)"": ""0"", ""높이(미터)"": ""5.00"", ""준공년도"": ""2010"", ""기관구분"": ""종합건설본부"", ""관리구분"": ""직접관리""}"
15045183:25,15045183,,북인천지하차도,인천광역시 서구 청라동,,서구,,140.00,17.00,0,,,unverified,,CATALOG_ONLY,20260206,2026-02-06,https://data.go.kr/data/15045183/fileData.do,"{""시설구분"": ""지하차도"", ""확장구분"": ""기본"", ""시설물명"": ""북인천지하차도"", ""도로구분"": ""특별,광역시도"", ""주소"": ""인천광역시 서구 청라동 "", ""총길이(미터)"": ""140.00"", ""총폭(미터)"": ""17.00"", ""유효폭(미터)"": ""0"", ""높이(미터)"": ""0"", ""준공년도"": ""2016"", ""기관구분"": ""서구"", ""관리구분"": ""직접관리""}"
15045183:26,15045183,,용현지하차도교,인천광역시 미추홀구 용현동,,미추홀구,,77.00,22.00,0.00,,,unverified,,CATALOG_ONLY,20260206,2026-02-06,https://data.go.kr/data/15045183/fileData.do,"{""시설구분"": ""지하차도"", ""확장구분"": ""기본"", ""시설물명"": ""용현지하차도교"", ""도로구분"": ""구도"", ""주소"": ""인천광역시 미추홀구 용현동 "", ""총길이(미터)"": ""77.00"", ""총폭(미터)"": ""22.00"", ""유효폭(미터)"": ""0"", ""높이(미터)"": ""0.00"", ""준공년도"": ""1999"", ""기관구분"": ""미추홀구"", ""관리구분"": ""직접관리""}"
15045183:27,15045183,,고속종점지하차도,인천광역시 미추홀구 용현동,,미추홀구,,190.00,16.50,6.70,,,unverified,,CATALOG_ONLY,20260206,2026-02-06,https://data.go.kr/data/15045183/fileData.do,"{""시설구분"": ""지하차도"", ""확장구분"": ""기본"", ""시설물명"": ""고속종점지하차도"", ""도로구분"": ""일반국도"", ""주소"": ""인천광역시 미추홀구 용현동 "", ""총길이(미터)"": ""190.00"", ""총폭(미터)"": ""16.50"", ""유효폭(미터)"": ""0"", ""높이(미터)"": ""6.70"", ""준공년도"": ""1996"", ""기관구분"": ""미추홀구"", ""관리구분"": ""이관""}"
15045183:28,15045183,,굴포천역지하차도,인천광역시 부평구 갈산동,,부평구,,180.00,16.50,5.00,,,unverified,,CATALOG_ONLY,20260206,2026-02-06,https://data.go.kr/data/15045183/fileData.do,"{""시설구분"": ""지하차도"", ""확장구분"": ""기본"", ""시설물명"": ""굴포천역지하차도"", ""도로구분"": ""구도"", ""주소"": ""인천광역시 부평구 갈산동 "", ""총길이(미터)"": ""180.00"", ""총폭(미터)"": ""16.50"", ""유효폭(미터)"": ""0"", ""높이(미터)"": ""5.00"", ""준공년도"": ""2012"", ""기관구분"": ""부평구"", ""관리구분"": ""직접관리""}"
15045183:29,15045183,,그린나래지하차도,인천광역시 중구 운남동,,인천경제자유구역청,,280.00,26.90,4.50,,,unverified,,CATALOG_ONLY,20260206,2026-02-06,https://data.go.kr/data/15045183/fileData.do,"{""시설구분"": ""지하차도"", ""확장구분"": ""기본"", ""시설물명"": ""그린나래지하차도"", ""도로구분"": ""특별,광역시도"", ""주소"": ""인천광역시 중구 운남동 "", ""총길이(미터)"": ""280.00"", ""총폭(미터)"": ""26.90"", ""유효폭(미터)"": ""0"", ""높이(미터)"": ""4.50"", ""준공년도"": ""2013"", ""기관구분"": ""인천경제자유구역청"", ""관리구분"": ""직접관리""}"
15045183:30,15045183,,푸른나래지하차도,인천광역시 중구 운남동,,인천경제자유구역청,,220.00,26.90,4.50,,,unverified,,CATALOG_ONLY,20260206,2026-02-06,https://data.go.kr/data/15045183/fileData.do,"{""시설구분"": ""지하차도"", ""확장구분"": ""기본"", ""시설물명"": ""푸른나래지하차도"", ""도로구분"": ""특별,광역시도"", ""주소"": ""인천광역시 중구 운남동 "", ""총길이(미터)"": ""220.00"", ""총폭(미터)"": ""26.90"", ""유효폭(미터)"": ""0"", ""높이(미터)"": ""4.50"", ""준공년도"": ""2013"", ""기관구분"": ""인천경제자유구역청"", ""관리구분"": ""직접관리""}"
15045183:31,15045183,,해찬나래지하차도,인천광역시 중구 중산동,,인천경제자유구역청,,256.00,25.00,4.50,,,unverified,,CATALOG_ONLY,20260206,2026-02-06,https://data.go.kr/data/15045183/fileData.do,"{""시설구분"": ""지하차도"", ""확장구분"": ""기본"", ""시설물명"": ""해찬나래지하차도"", ""도로구분"": ""특별,광역시도"", ""주소"": ""인천광역시 중구 중산동 "", ""총길이(미터)"": ""256.00"", ""총폭(미터)"": ""25.00"", ""유효폭(미터)"": ""0"", ""높이(미터)"": ""4.50"", ""준공년도"": ""2013"", ""기관구분"": ""인천경제자유구역청"", ""관리구분"": ""직접관리""}"
15045183:32,15045183,,인천대공원앞 지하차도,인천광역시 남동구 장수동,,남동구,,140.00,29.40,5.00,,,unverified,,CATALOG_ONLY,20260206,2026-02-06,https://data.go.kr/data/15045183/fileData.do,"{""시설구분"": ""지하차도"", ""확장구분"": ""기본"", ""시설물명"": ""인천대공원앞 지하차도"", ""도로구분"": ""구도"", ""주소"": ""인천광역시 남동구 장수동 "", ""총길이(미터)"": ""140.00"", ""총폭(미터)"": ""29.40"", ""유효폭(미터)"": ""0"", ""높이(미터)"": ""5.00"", ""준공년도"": ""1995"", ""기관구분"": ""남동구"", ""관리구분"": ""직접관리""}"
15045183:33,15045183,,두빛나래 지하차도,인천광역시 중구 운남동,,인천경제자유구역청,,740.00,33.40,4.50,,,unverified,,CATALOG_ONLY,20260206,2026-02-06,https://data.go.kr/data/15045183/fileData.do,"{""시설구분"": ""지하차도"", ""확장구분"": ""기본"", ""시설물명"": ""두빛나래 지하차도"", ""도로구분"": ""특별,광역시도"", ""주소"": ""인천광역시 중구 운남동 "", ""총길이(미터)"": ""740.00"", ""총폭(미터)"": ""33.40"", ""유효폭(미터)"": ""0"", ""높이(미터)"": ""4.50"", ""준공년도"": ""2013"", ""기관구분"": ""인천경제자유구역청"", ""관리구분"": ""직접관리""}"
15045183:34,15045183,,삼목 지하차도,인천광역시 중구 운서동,,중구,,47.20,18.50,0.00,,,unverified,,CATALOG_ONLY,20260206,2026-02-06,https://data.go.kr/data/15045183/fileData.do,"{""시설구분"": ""지하차도"", ""확장구분"": ""기본"", ""시설물명"": ""삼목 지하차도"", ""도로구분"": ""구도"", ""주소"": ""인천광역시 중구 운서동 "", ""총길이(미터)"": ""47.20"", ""총폭(미터)"": ""18.50"", ""유효폭(미터)"": ""0"", ""높이(미터)"": ""0.00"", ""준공년도"": ""2000"", ""기관구분"": ""중구"", ""관리구분"": ""직접관리""}"
15045183:35,15045183,,호수공원 1 지하차도,인천광역시 서구 청라동,,서구,,485.00,19.50,4.50,,,unverified,,CATALOG_ONLY,20260206,2026-02-06,https://data.go.kr/data/15045183/fileData.do,"{""시설구분"": ""지하차도"", ""확장구분"": ""기본"", ""시설물명"": ""호수공원 1 지하차도"", ""도로구분"": ""구도"", ""주소"": ""인천광역시 서구 청라동 "", ""총길이(미터)"": ""485.00"", ""총폭(미터)"": ""19.50"", ""유효폭(미터)"": ""0"", ""높이(미터)"": ""4.50"", ""준공년도"": ""2012"", ""기관구분"": ""서구"", ""관리구분"": ""직접관리""}"
15045183:36,15045183,,호수공원 2 지하차도,인천광역시 서구 청라동,,서구,,485.00,19.50,4.50,,,unverified,,CATALOG_ONLY,20260206,2026-02-06,https://data.go.kr/data/15045183/fileData.do,"{""시설구분"": ""지하차도"", ""확장구분"": ""기본"", ""시설물명"": ""호수공원 2 지하차도"", ""도로구분"": ""구도"", ""주소"": ""인천광역시 서구 청라동 "", ""총길이(미터)"": ""485.00"", ""총폭(미터)"": ""19.50"", ""유효폭(미터)"": ""0"", ""높이(미터)"": ""4.50"", ""준공년도"": ""2012"", ""기관구분"": ""서구"", ""관리구분"": ""직접관리""}"
15045183:37,15045183,,용현지하차도교,미추홀구,,1999,,용현동,77,22,,,unverified,,CATALOG_ONLY,20260206,2026-02-06,https://data.go.kr/data/15045183/fileData.do,"{""시설구분"": ""지하차도"", ""확장구분"": ""기본"", ""시설물명"": ""용현지하차도교"", ""도로구분"": ""인천광역시"", ""주소"": ""미추홀구"", ""총길이(미터)"": ""용현동"", ""총폭(미터)"": ""77"", ""유효폭(미터)"": ""22"", ""높이(미터)"": ""22"", ""준공년도"": ""0"", ""기관구분"": ""1999"", ""관리구분"": ""미추홀구""}"
15045183:38,15045183,,인천대공원앞 지하차도,남동구,,1995,,장수동,140,29.4,,,unverified,,CATALOG_ONLY,20260206,2026-02-06,https://data.go.kr/data/15045183/fileData.do,"{""시설구분"": ""지하차도"", ""확장구분"": ""기본"", ""시설물명"": ""인천대공원앞 지하차도"", ""도로구분"": ""인천광역시"", ""주소"": ""남동구"", ""총길이(미터)"": ""장수동"", ""총폭(미터)"": ""140"", ""유효폭(미터)"": ""29.4"", ""높이(미터)"": ""29.4"", ""준공년도"": ""5"", ""기관구분"": ""1995"", ""관리구분"": ""남동구""}"
15045183:39,15045183,,임학지하차도,계양구,,1998,,용종동,320,16,,,unverified,,CATALOG_ONLY,20260206,2026-02-06,https://data.go.kr/data/15045183/fileData.do,"{""시설구분"": ""지하차도"", ""확장구분"": ""기본"", ""시설물명"": ""임학지하차도"", ""도로구분"": ""인천광역시"", ""주소"": ""계양구"", ""총길이(미터)"": ""용종동"", ""총폭(미터)"": ""320"", ""유효폭(미터)"": ""16"", ""높이(미터)"": ""16"", ""준공년도"": ""7.5"", ""기관구분"": ""1998"", ""관리구분"": ""계양구""}"
15045183:40,15045183,,장수지하차도,남동구,,1997,,장수동,53,21.3,,,unverified,,CATALOG_ONLY,20260206,2026-02-06,https://data.go.kr/data/15045183/fileData.do,"{""시설구분"": ""지하차도"", ""확장구분"": ""기본"", ""시설물명"": ""장수지하차도"", ""도로구분"": ""인천광역시"", ""주소"": ""남동구"", ""총길이(미터)"": ""장수동"", ""총폭(미터)"": ""53"", ""유효폭(미터)"": ""21.3"", ""높이(미터)"": ""21.3"", ""준공년도"": ""4.5"", ""기관구분"": ""1997"", ""관리구분"": ""남동구""}"
15045183:41,15045183,,호수공원 1 지하차도,서구,,2012,,청라동,485,19.5,,,unverified,,CATALOG_ONLY,20260206,2026-02-06,https://data.go.kr/data/15045183/fileData.do,"{""시설구분"": ""지하차도"", ""확장구분"": ""기본"", ""시설물명"": ""호수공원 1 지하차도"", ""도로구분"": ""인천광역시"", ""주소"": ""서구"", ""총길이(미터)"": ""청라동"", ""총폭(미터)"": ""485"", ""유효폭(미터)"": ""19.5"", ""높이(미터)"": ""19.5"", ""준공년도"": ""4.5"", ""기관구분"": ""2012"", ""관리구분"": ""서구""}"
15045183:42,15045183,,호수공원 2 지하차도,서구,,2012,,청라동,485,19.5,,,unverified,,CATALOG_ONLY,20260206,2026-02-06,https://data.go.kr/data/15045183/fileData.do,"{""시설구분"": ""지하차도"", ""확장구분"": ""기본"", ""시설물명"": ""호수공원 2 지하차도"", ""도로구분"": ""인천광역시"", ""주소"": ""서구"", ""총길이(미터)"": ""청라동"", ""총폭(미터)"": ""485"", ""유효폭(미터)"": ""19.5"", ""높이(미터)"": ""19.5"", ""준공년도"": ""4.5"", ""기관구분"": ""2012"", ""관리구분"": ""서구""}"
15119688:1,15119688,,초량지하차도,부산광역시 동구,,,,165,15,3.5,,,unverified,,CATALOG_ONLY,20260909,2026-09-09,https://data.go.kr/data/15119688/fileData.do,"{""시설명"": ""초량지하차도"", ""시도"": ""부산광역시"", ""시군구"": ""동구"", ""총길이"": ""165"", ""총폭"": ""15"", ""높이"": ""3.5""}"
15119688:2,15119688,,북항지하차도,부산광역시 동구,,,,175,15,3.5,,,unverified,,CATALOG_ONLY,20260909,2026-09-09,https://data.go.kr/data/15119688/fileData.do,"{""시설명"": ""북항지하차도"", ""시도"": ""부산광역시"", ""시군구"": ""동구"", ""총길이"": ""175"", ""총폭"": ""15"", ""높이"": ""3.5""}"
15119688:3,15119688,,부산진시장 지하차도,부산광역시 동구,,,,178,12,4,,,unverified,,CATALOG_ONLY,20260909,2026-09-09,https://data.go.kr/data/15119688/fileData.do,"{""시설명"": ""부산진시장 지하차도"", ""시도"": ""부산광역시"", ""시군구"": ""동구"", ""총길이"": ""178"", ""총폭"": ""12"", ""높이"": ""4""}"
15119688:4,15119688,,범천지하차도,부산광역시 부산진구,,,,423,16,4.5,,,unverified,,CATALOG_ONLY,20260909,2026-09-09,https://data.go.kr/data/15119688/fileData.do,"{""시설명"": ""범천지하차도"", ""시도"": ""부산광역시"", ""시군구"": ""부산진구"", ""총길이"": ""423"", ""총폭"": ""16"", ""높이"": ""4.5""}"
15119688:5,15119688,,문전교차로 지하차도,부산광역시 부산진구,,,,436,8,4.7,,,unverified,,CATALOG_ONLY,20260909,2026-09-09,https://data.go.kr/data/15119688/fileData.do,"{""시설명"": ""문전교차로 지하차도"", ""시도"": ""부산광역시"", ""시군구"": ""부산진구"", ""총길이"": ""436"", ""총폭"": ""8"", ""높이"": ""4.7""}"
15119688:6,15119688,,개금지하차도,부산광역시 부산진구,,,,179,11.3,4.3,,,unverified,,CATALOG_ONLY,20260909,2026-09-09,https://data.go.kr/data/15119688/fileData.do,"{""시설명"": ""개금지하차도"", ""시도"": ""부산광역시"", ""시군구"": ""부산진구"", ""총길이"": ""179"", ""총폭"": ""11.3"", ""높이"": ""4.3""}"
15119688:7,15119688,,당감지하차도,부산광역시 부산진구,,,,141,12.1,4,,,unverified,,CATALOG_ONLY,20260909,2026-09-09,https://data.go.kr/data/15119688/fileData.do,"{""시설명"": ""당감지하차도"", ""시도"": ""부산광역시"", ""시군구"": ""부산진구"", ""총길이"": ""141"", ""총폭"": ""12.1"", ""높이"": ""4""}"
15119688:8,15119688,,감고개공원복개구조물,부산광역시 부산진구,,,,105,46,6.5,,,unverified,,CATALOG_ONLY,20260909,2026-09-09,https://data.go.kr/data/15119688/fileData.do,"{""시설명"": ""감고개공원복개구조물"", ""시도"": ""부산광역시"", ""시군구"": ""부산진구"", ""총길이"": ""105"", ""총폭"": ""46"", ""높이"": ""6.5""}"
15119688:9,15119688,,범일지하도,부산광역시 부산진구,,,,25,8,3.5,,,unverified,,CATALOG_ONLY,20260909,2026-09-09,https://data.go.kr/data/15119688/fileData.do,"{""시설명"": ""범일지하도"", ""시도"": ""부산광역시"", ""시군구"": ""부산진구"", ""총길이"": ""25"", ""총폭"": ""8"", ""높이"": ""3.5""}"
15119688:10,15119688,,내성 지하차도,부산광역시 동래구,,,,185,17,4.6,,,unverified,,CATALOG_ONLY,20260909,2026-09-09,https://data.go.kr/data/15119688/fileData.do,"{""시설명"": ""내성 지하차도"", ""시도"": ""부산광역시"", ""시군구"": ""동래구"", ""총길이"": ""185"", ""총폭"": ""17"", ""높이"": ""4.6""}"
15119688:11,15119688,,안락 지하차도,부산광역시 동래구,,,,200,15.2,4.6,,,unverified,,CATALOG_ONLY,20260909,2026-09-09,https://data.go.kr/data/15119688/fileData.do,"{""시설명"": ""안락 지하차도"", ""시도"": ""부산광역시"", ""시군구"": ""동래구"", ""총길이"": ""200"", ""총폭"": ""15.2"", ""높이"": ""4.6""}"
15119688:12,15119688,,우장춘 지하차도,부산광역시 동래구,,,,244,17.6,4.6,,,unverified,,CATALOG_ONLY,20260909,2026-09-09,https://data.go.kr/data/15119688/fileData.do,"{""시설명"": ""우장춘 지하차도"", ""시도"": ""부산광역시"", ""시군구"": ""동래구"", ""총길이"": ""244"", ""총폭"": ""17.6"", ""높이"": ""4.6""}"
15119688:13,15119688,,문현지하차도,부산광역시 남구,,,,260,17,10,,,unverified,,CATALOG_ONLY,20260909,2026-09-09,https://data.go.kr/data/15119688/fileData.do,"{""시설명"": ""문현지하차도"", ""시도"": ""부산광역시"", ""시군구"": ""남구"", ""총길이"": ""260"", ""총폭"": ""17"", ""높이"": ""10""}"
15119688:14,15119688,,대남지하차도,부산광역시 남구,,,,410,16,5,,,unverified,,CATALOG_ONLY,20260909,2026-09-09,https://data.go.kr/data/15119688/fileData.do,"{""시설명"": ""대남지하차도"", ""시도"": ""부산광역시"", ""시군구"": ""남구"", ""총길이"": ""410"", ""총폭"": ""16"", ""높이"": ""5""}"
15119688:15,15119688,,문화지하차도,부산광역시 남구,,,,129,20,5,,,unverified,,CATALOG_ONLY,20260909,2026-09-09,https://data.go.kr/data/15119688/fileData.do,"{""시설명"": ""문화지하차도"", ""시도"": ""부산광역시"", ""시군구"": ""남구"", ""총길이"": ""129"", ""총폭"": ""20"", ""높이"": ""5""}"
15119688:16,15119688,,구남 굴다리,부산광역시 북구,,,,26,6,4.1,,,unverified,,CATALOG_ONLY,20260909,2026-09-09,https://data.go.kr/data/15119688/fileData.do,"{""시설명"": ""구남 굴다리"", ""시도"": ""부산광역시"", ""시군구"": ""북구"", ""총길이"": ""26"", ""총폭"": ""6"", ""높이"": ""4.1""}"
15119688:17,15119688,,방통대지하차도,부산광역시 북구,,,,37,4,4.5,,,unverified,,CATALOG_ONLY,20260909,2026-09-09,https://data.go.kr/data/15119688/fileData.do,"{""시설명"": ""방통대지하차도"", ""시도"": ""부산광역시"", ""시군구"": ""북구"", ""총길이"": ""37"", ""총폭"": ""4"", ""높이"": ""4.5""}"
15119688:18,15119688,,수영강변 지하차도,부산광역시 해운대구,,,,400,18,5,,,unverified,,CATALOG_ONLY,20260909,2026-09-09,https://data.go.kr/data/15119688/fileData.do,"{""시설명"": ""수영강변 지하차도"", ""시도"": ""부산광역시"", ""시군구"": ""해운대구"", ""총길이"": ""400"", ""총폭"": ""18"", ""높이"": ""5""}"
15119688:19,15119688,,우동 지하차도,부산광역시 해운대구,,,,146,30,4.5,,,unverified,,CATALOG_ONLY,20260909,2026-09-09,https://data.go.kr/data/15119688/fileData.do,"{""시설명"": ""우동 지하차도"", ""시도"": ""부산광역시"", ""시군구"": ""해운대구"", ""총길이"": ""146"", ""총폭"": ""30"", ""높이"": ""4.5""}"
15119688:20,15119688,,좌동 지하차도,부산광역시 해운대구,,,,566,18,4.5,,,unverified,,CATALOG_ONLY,20260909,2026-09-09,https://data.go.kr/data/15119688/fileData.do,"{""시설명"": ""좌동 지하차도"", ""시도"": ""부산광역시"", ""시군구"": ""해운대구"", ""총길이"": ""566"", ""총폭"": ""18"", ""높이"": ""4.5""}"
15119688:21,15119688,,센텀지하차도,부산광역시 해운대구,,,,460,18,4.5,,,unverified,,CATALOG_ONLY,20260909,2026-09-09,https://data.go.kr/data/15119688/fileData.do,"{""시설명"": ""센텀지하차도"", ""시도"": ""부산광역시"", ""시군구"": ""해운대구"", ""총길이"": ""460"", ""총폭"": ""18"", ""높이"": ""4.5""}"
15119688:22,15119688,,용천지하차도,부산광역시 해운대구,,,,30,4,4.2,,,unverified,,CATALOG_ONLY,20260909,2026-09-09,https://data.go.kr/data/15119688/fileData.do,"{""시설명"": ""용천지하차도"", ""시도"": ""부산광역시"", ""시군구"": ""해운대구"", ""총길이"": ""30"", ""총폭"": ""4"", ""높이"": ""4.2""}"
15119688:23,15119688,,중동지하차도,부산광역시 해운대구,,,,370,20,4.5,,,unverified,,CATALOG_ONLY,20260909,2026-09-09,https://data.go.kr/data/15119688/fileData.do,"{""시설명"": ""중동지하차도"", ""시도"": ""부산광역시"", ""시군구"": ""해운대구"", ""총길이"": ""370"", ""총폭"": ""20"", ""높이"": ""4.5""}"
15119688:24,15119688,,구서 지하차도,부산광역시 금정구,,,,140,17,5,,,unverified,,CATALOG_ONLY,20260909,2026-09-09,https://data.go.kr/data/15119688/fileData.do,"{""시설명"": ""구서 지하차도"", ""시도"": ""부산광역시"", ""시군구"": ""금정구"", ""총길이"": ""140"", ""총폭"": ""17"", ""높이"": ""5""}"
15119688:25,15119688,,번영로지하차도(정보화),부산광역시 수영구,,,,40,30,5,,,unverified,,CATALOG_ONLY,20260909,2026-09-09,https://data.go.kr/data/15119688/fileData.do,"{""시설명"": ""번영로지하차도(정보화)"", ""시도"": ""부산광역시"", ""시군구"": ""수영구"", ""총길이"": ""40"", ""총폭"": ""30"", ""높이"": ""5""}"
15119688:26,15119688,,금호지하차도,부산광역시 강서구,,,,120,27,7.4,,,unverified,,CATALOG_ONLY,20260909,2026-09-09,https://data.go.kr/data/15119688/fileData.do,"{""시설명"": ""금호지하차도"", ""시도"": ""부산광역시"", ""시군구"": ""강서구"", ""총길이"": ""120"", ""총폭"": ""27"", ""높이"": ""7.4""}"
15119688:27,15119688,,대상지하차도,부산광역시 강서구,,,,130,16,4.9,,,unverified,,CATALOG_ONLY,20260909,2026-09-09,https://data.go.kr/data/15119688/fileData.do,"{""시설명"": ""대상지하차도"", ""시도"": ""부산광역시"", ""시군구"": ""강서구"", ""총길이"": ""130"", ""총폭"": ""16"", ""높이"": ""4.9""}"
15119688:28,15119688,,명지동진 지하차도,부산광역시 강서구,,,,160,17,4.8,,,unverified,,CATALOG_ONLY,20260909,2026-09-09,https://data.go.kr/data/15119688/fileData.do,"{""시설명"": ""명지동진 지하차도"", ""시도"": ""부산광역시"", ""시군구"": ""강서구"", ""총길이"": ""160"", ""총폭"": ""17"", ""높이"": ""4.8""}"
15119688:29,15119688,,명지지하차도,부산광역시 강서구,,,,380,15.5,4.5,,,unverified,,CATALOG_ONLY,20260909,2026-09-09,https://data.go.kr/data/15119688/fileData.do,"{""시설명"": ""명지지하차도"", ""시도"": ""부산광역시"", ""시군구"": ""강서구"", ""총길이"": ""380"", ""총폭"": ""15.5"", ""높이"": ""4.5""}"
15119688:30,15119688,,봉림지하차도,부산광역시 강서구,,,,470,25.5,7,,,unverified,,CATALOG_ONLY,20260909,2026-09-09,https://data.go.kr/data/15119688/fileData.do,"{""시설명"": ""봉림지하차도"", ""시도"": ""부산광역시"", ""시군구"": ""강서구"", ""총길이"": ""470"", ""총폭"": ""25.5"", ""높이"": ""7""}"
15119688:31,15119688,,한일시멘트,부산광역시 사상구,,,,79,13.8,4.5,,,unverified,,CATALOG_ONLY,20260909,2026-09-09,https://data.go.kr/data/15119688/fileData.do,"{""시설명"": ""한일시멘트"", ""시도"": ""부산광역시"", ""시군구"": ""사상구"", ""총길이"": ""79"", ""총폭"": ""13.8"", ""높이"": ""4.5""}"
15119688:32,15119688,,감현2교,부산광역시 사상구,,,,17,4.4,2,,,unverified,,CATALOG_ONLY,20260909,2026-09-09,https://data.go.kr/data/15119688/fileData.do,"{""시설명"": ""감현2교"", ""시도"": ""부산광역시"", ""시군구"": ""사상구"", ""총길이"": ""17"", ""총폭"": ""4.4"", ""높이"": ""2""}"
15119688:33,15119688,,괘법동,부산광역시 사상구,,,,48,3.5,2,,,unverified,,CATALOG_ONLY,20260909,2026-09-09,https://data.go.kr/data/15119688/fileData.do,"{""시설명"": ""괘법동"", ""시도"": ""부산광역시"", ""시군구"": ""사상구"", ""총길이"": ""48"", ""총폭"": ""3.5"", ""높이"": ""2""}"
15119688:34,15119688,,주례우체국 뒤,부산광역시 사상구,,,,46,5.5,4.2,,,unverified,,CATALOG_ONLY,20260909,2026-09-09,https://data.go.kr/data/15119688/fileData.do,"{""시설명"": ""주례우체국 뒤"", ""시도"": ""부산광역시"", ""시군구"": ""사상구"", ""총길이"": ""46"", ""총폭"": ""5.5"", ""높이"": ""4.2""}"
15119688:35,15119688,,주례역왕굴다리지하차도,부산광역시 사상구,,,,30,16.5,5,,,unverified,,CATALOG_ONLY,20260909,2026-09-09,https://data.go.kr/data/15119688/fileData.do,"{""시설명"": ""주례역왕굴다리지하차도"", ""시도"": ""부산광역시"", ""시군구"": ""사상구"", ""총길이"": ""30"", ""총폭"": ""16.5"", ""높이"": ""5""}"
15119688:36,15119688,,주례역교차로지하차도,부산광역시 사상구,,,,53,25,5,,,unverified,,CATALOG_ONLY,20260909,2026-09-09,https://data.go.kr/data/15119688/fileData.do,"{""시설명"": ""주례역교차로지하차도"", ""시도"": ""부산광역시"", ""시군구"": ""사상구"", ""총길이"": ""53"", ""총폭"": ""25"", ""높이"": ""5""}"
15119688:37,15119688,,모라북구경계 지하차도,부산광역시 사상구,,,,8.2,7.2,2.1,,,unverified,,CATALOG_ONLY,20260909,2026-09-09,https://data.go.kr/data/15119688/fileData.do,"{""시설명"": ""모라북구경계 지하차도"", ""시도"": ""부산광역시"", ""시군구"": ""사상구"", ""총길이"": ""8.2"", ""총폭"": ""7.2"", ""높이"": ""2.1""}"
15119688:38,15119688,,자유아파트,부산광역시 사상구,,,,35,25,4.5,,,unverified,,CATALOG_ONLY,20260909,2026-09-09,https://data.go.kr/data/15119688/fileData.do,"{""시설명"": ""자유아파트"", ""시도"": ""부산광역시"", ""시군구"": ""사상구"", ""총길이"": ""35"", ""총폭"": ""25"", ""높이"": ""4.5""}"
15119688:39,15119688,,삼락생태공원삼락IC지하차도,부산광역시 사상구,,,,43,10,2.2,,,unverified,,CATALOG_ONLY,20260909,2026-09-09,https://data.go.kr/data/15119688/fileData.do,"{""시설명"": ""삼락생태공원삼락IC지하차도"", ""시도"": ""부산광역시"", ""시군구"": ""사상구"", ""총길이"": ""43"", ""총폭"": ""10"", ""높이"": ""2.2""}"
15119688:40,15119688,,삼락생태공원중앙지하차도,부산광역시 사상구,,,,32,14,4.2,,,unverified,,CATALOG_ONLY,20260909,2026-09-09,https://data.go.kr/data/15119688/fileData.do,"{""시설명"": ""삼락생태공원중앙지하차도"", ""시도"": ""부산광역시"", ""시군구"": ""사상구"", ""총길이"": ""32"", ""총폭"": ""14"", ""높이"": ""4.2""}"
15119688:41,15119688,,삼락생태공원감전1배수장지하차도,부산광역시 사상구,,,,32,14,2.2,,,unverified,,CATALOG_ONLY,20260909,2026-09-09,https://data.go.kr/data/15119688/fileData.do,"{""시설명"": ""삼락생태공원감전1배수장지하차도"", ""시도"": ""부산광역시"", ""시군구"": ""사상구"", ""총길이"": ""32"", ""총폭"": ""14"", ""높이"": ""2.2""}"
15119688:42,15119688,,동부지하차도,부산광역시 기장군,,,,40,15,4.8,,,unverified,,CATALOG_ONLY,20260909,2026-09-09,https://data.go.kr/data/15119688/fileData.do,"{""시설명"": ""동부지하차도"", ""시도"": ""부산광역시"", ""시군구"": ""기장군"", ""총길이"": ""40"", ""총폭"": ""15"", ""높이"": ""4.8""}"
15119688:43,15119688,,무곡지하차도,부산광역시 기장군,,,,17,11,4.38,,,unverified,,CATALOG_ONLY,20260909,2026-09-09,https://data.go.kr/data/15119688/fileData.do,"{""시설명"": ""무곡지하차도"", ""시도"": ""부산광역시"", ""시군구"": ""기장군"", ""총길이"": ""17"", ""총폭"": ""11"", ""높이"": ""4.38""}"
15119688:44,15119688,,해송지하차도,부산광역시 기장군,,,,14,20,4.35,,,unverified,,CATALOG_ONLY,20260909,2026-09-09,https://data.go.kr/data/15119688/fileData.do,"{""시설명"": ""해송지하차도"", ""시도"": ""부산광역시"", ""시군구"": ""기장군"", ""총길이"": ""14"", ""총폭"": ""20"", ""높이"": ""4.35""}"
15119688:45,15119688,,센텀시티지하차도,부산광역시 해운대구,,,,1370,30,5,,,unverified,,CATALOG_ONLY,20260909,2026-09-09,https://data.go.kr/data/15119688/fileData.do,"{""시설명"": ""센텀시티지하차도"", ""시도"": ""부산광역시"", ""시군구"": ""해운대구"", ""총길이"": ""1370"", ""총폭"": ""30"", ""높이"": ""5""}"
15119688:46,15119688,,신선대지하차도,부산광역시 남구,,,,1800,14,4.7,,,unverified,,CATALOG_ONLY,20260909,2026-09-09,https://data.go.kr/data/15119688/fileData.do,"{""시설명"": ""신선대지하차도"", ""시도"": ""부산광역시"", ""시군구"": ""남구"", ""총길이"": ""1800"", ""총폭"": ""14"", ""높이"": ""4.7""}"
15119688:47,15119688,,와석지하차도,부산광역시 북구,,,,604,10,4.5,,,unverified,,CATALOG_ONLY,20260909,2026-09-09,https://data.go.kr/data/15119688/fileData.do,"{""시설명"": ""와석지하차도"", ""시도"": ""부산광역시"", ""시군구"": ""북구"", ""총길이"": ""604"", ""총폭"": ""10"", ""높이"": ""4.5""}"
15119688:48,15119688,,장전지하차도,부산광역시 금정구,,,,1000,20.5,4.8,,,unverified,,CATALOG_ONLY,20260909,2026-09-09,https://data.go.kr/data/15119688/fileData.do,"{""시설명"": ""장전지하차도"", ""시도"": ""부산광역시"", ""시군구"": ""금정구"", ""총길이"": ""1000"", ""총폭"": ""20.5"", ""높이"": ""4.8""}"
15119688:49,15119688,,장전지하차도,부산광역시 금정구,,,,220,9.3,4.8,,,unverified,,CATALOG_ONLY,20260909,2026-09-09,https://data.go.kr/data/15119688/fileData.do,"{""시설명"": ""장전지하차도"", ""시도"": ""부산광역시"", ""시군구"": ""금정구"", ""총길이"": ""220"", ""총폭"": ""9.3"", ""높이"": ""4.8""}"
15119688:50,15119688,,장평지하차도,부산광역시 사하구,,,,2000,21.7,4.5,,,unverified,,CATALOG_ONLY,20260909,2026-09-09,https://data.go.kr/data/15119688/fileData.do,"{""시설명"": ""장평지하차도"", ""시도"": ""부산광역시"", ""시군구"": ""사하구"", ""총길이"": ""2000"", ""총폭"": ""21.7"", ""높이"": ""4.5""}"
15119688:51,15119688,,감천지하차도,부산광역시 사하구,,,,1134,10,4.7,,,unverified,,CATALOG_ONLY,20260909,2026-09-09,https://data.go.kr/data/15119688/fileData.do,"{""시설명"": ""감천지하차도"", ""시도"": ""부산광역시"", ""시군구"": ""사하구"", ""총길이"": ""1134"", ""총폭"": ""10"", ""높이"": ""4.7""}"
15119688:52,15119688,,덕천동폴리텍대학진입지하차도(덕천2육교),부산광역시 북구,,,,20,10,4.1,,,unverified,,CATALOG_ONLY,20260909,2026-09-09,https://data.go.kr/data/15119688/fileData.do,"{""시설명"": ""덕천동폴리텍대학진입지하차도(덕천2육교)"", ""시도"": ""부산광역시"", ""시군구"": ""북구"", ""총길이"": ""20"", ""총폭"": ""10"", ""높이"": ""4.1""}"
15119688:53,15119688,,만덕2터널밑지하보차도,부산광역시 북구,,,,72,9.2,4.6,,,unverified,,CATALOG_ONLY,20260909,2026-09-09,https://data.go.kr/data/15119688/fileData.do,"{""시설명"": ""만덕2터널밑지하보차도"", ""시도"": ""부산광역시"", ""시군구"": ""북구"", ""총길이"": ""72"", ""총폭"": ""9.2"", ""높이"": ""4.6""}"
15119688:54,15119688,,만덕고개생태통로,부산광역시 북구,,,,25,8,8,,,unverified,,CATALOG_ONLY,20260909,2026-09-09,https://data.go.kr/data/15119688/fileData.do,"{""시설명"": ""만덕고개생태통로"", ""시도"": ""부산광역시"", ""시군구"": ""북구"", ""총길이"": ""25"", ""총폭"": ""8"", ""높이"": ""8""}"
15119688:55,15119688,,산업인력공단옆지하차도,부산광역시 북구,,,,37,8.6,5,,,unverified,,CATALOG_ONLY,20260909,2026-09-09,https://data.go.kr/data/15119688/fileData.do,"{""시설명"": ""산업인력공단옆지하차도"", ""시도"": ""부산광역시"", ""시군구"": ""북구"", ""총길이"": ""37"", ""총폭"": ""8.6"", ""높이"": ""5""}"
15119688:56,15119688,,주례지하차도,부산광역시 사상구,,,,183,6,5,,,unverified,,CATALOG_ONLY,20260909,2026-09-09,https://data.go.kr/data/15119688/fileData.do,"{""시설명"": ""주례지하차도"", ""시도"": ""부산광역시"", ""시군구"": ""사상구"", ""총길이"": ""183"", ""총폭"": ""6"", ""높이"": ""5""}"
15119688:57,15119688,,영락공원지하차도,부산광역시 금정구,,,,17,4.4,2,,,unverified,,CATALOG_ONLY,20260909,2026-09-09,https://data.go.kr/data/15119688/fileData.do,"{""시설명"": ""영락공원지하차도"", ""시도"": ""부산광역시"", ""시군구"": ""금정구"", ""총길이"": ""17"", ""총폭"": ""4.4"", ""높이"": ""2""}"
15119688:58,15119688,,감현2교 지하보차도,부산광역시 사상구,,,,40,4.5,3,,,unverified,,CATALOG_ONLY,20260909,2026-09-09,https://data.go.kr/data/15119688/fileData.do,"{""시설명"": ""감현2교 지하보차도"", ""시도"": ""부산광역시"", ""시군구"": ""사상구"", ""총길이"": ""40"", ""총폭"": ""4.5"", ""높이"": ""3""}"
15119688:59,15119688,,충장지하차도,부산광역시 동구-중구,,,,1858,20,7.3,,,unverified,,CATALOG_ONLY,20260909,2026-09-09,https://data.go.kr/data/15119688/fileData.do,"{""시설명"": ""충장지하차도"", ""시도"": ""부산광역시"", ""시군구"": ""동구-중구"", ""총길이"": ""1858"", ""총폭"": ""20"", ""높이"": ""7.3""}"
3080197:1,3080197,,상동지하차도,경기도 부천시 원미구 상동 633,,,,235.3,20.5,4.5,,,unverified,,CATALOG_ONLY,20250530,2026-07-08,https://data.go.kr/data/3080197/fileData.do,"{""지하차도명"": ""상동지하차도"", ""위치"": ""경기도 부천시 원미구 상동 633"", ""준공일"": ""2002-07-20"", ""총연장(미터)"": ""235.3"", ""폭(미터)"": ""20.5"", ""통과높이"": ""4.5"", ""안전점검(유지보수) 내역"": ""2025-12 정기안전점검실시"", ""안전등급"": ""B""}"
3080197:2,3080197,,당아래지하차도,경기도 부천시 원미구 춘의동 15-5,,,,140,23,4.5,,,unverified,,CATALOG_ONLY,20250530,2026-07-08,https://data.go.kr/data/3080197/fileData.do,"{""지하차도명"": ""당아래지하차도"", ""위치"": ""경기도 부천시 원미구 춘의동 15-5"", ""준공일"": ""2012-12-31"", ""총연장(미터)"": ""140"", ""폭(미터)"": ""23"", ""통과높이"": ""4.5"", ""안전점검(유지보수) 내역"": ""2025-12 정기안전점검실시"", ""안전등급"": ""A""}"
3080197:3,3080197,,송내지하차도,경기도 부천시 소사구 송내동 280-11,,,,715,39,4.5,,,unverified,,CATALOG_ONLY,20250530,2026-07-08,https://data.go.kr/data/3080197/fileData.do,"{""지하차도명"": ""송내지하차도"", ""위치"": ""경기도 부천시 소사구 송내동 280-11"", ""준공일"": ""1995-09-26"", ""총연장(미터)"": ""715"", ""폭(미터)"": ""39"", ""통과높이"": ""4.5"", ""안전점검(유지보수) 내역"": ""2025-6 정기안전점검실시"", ""안전등급"": ""B""}"
3080197:4,3080197,,동남지하차도,경기도 부천시 소사구 범박동 157-1,,,,460,30,4.8,,,unverified,,CATALOG_ONLY,20250530,2026-07-08,https://data.go.kr/data/3080197/fileData.do,"{""지하차도명"": ""동남지하차도"", ""위치"": ""경기도 부천시 소사구 범박동 157-1"", ""준공일"": ""2008-04-02"", ""총연장(미터)"": ""460"", ""폭(미터)"": ""30"", ""통과높이"": ""4.8"", ""안전점검(유지보수) 내역"": ""2025-12 정기안전점검실시"", ""안전등급"": ""A""}"
3080197:5,3080197,,소명지하차도,경기도 부천시 소사구 심곡본동 522-1,,,,266,7.6,3.5,,,unverified,,CATALOG_ONLY,20250530,2026-07-08,https://data.go.kr/data/3080197/fileData.do,"{""지하차도명"": ""소명지하차도"", ""위치"": ""경기도 부천시 소사구 심곡본동 522-1"", ""준공일"": ""1977-12-31"", ""총연장(미터)"": ""266"", ""폭(미터)"": ""7.6"", ""통과높이"": ""3.5"", ""안전점검(유지보수) 내역"": ""2025-12 정기안전점검실시"", ""안전등급"": ""C""}"
3080197:6,3080197,,역곡지하차도,경기도 부천시 역곡동 382,,,,38,13,2.3,,,unverified,,CATALOG_ONLY,20250530,2026-07-08,https://data.go.kr/data/3080197/fileData.do,"{""지하차도명"": ""역곡지하차도"", ""위치"": ""경기도 부천시 역곡동 382"", ""준공일"": ""1998-01-01"", ""총연장(미터)"": ""38"", ""폭(미터)"": ""13"", ""통과높이"": ""2.3"", ""안전점검(유지보수) 내역"": ""2025-12 정기안전점검실시"", ""안전등급"": ""B""}"
3080197:7,3080197,,고강지하차도,경기도 부천시 오정구 고강동 1-1,,,,490,21,4.8,,,unverified,,CATALOG_ONLY,20250530,2026-07-08,https://data.go.kr/data/3080197/fileData.do,"{""지하차도명"": ""고강지하차도"", ""위치"": ""경기도 부천시 오정구 고강동 1-1"", ""준공일"": ""2005-11-15"", ""총연장(미터)"": ""490"", ""폭(미터)"": ""21"", ""통과높이"": ""4.8"", ""안전점검(유지보수) 내역"": ""2025-12 정기안전점검실시"", ""안전등급"": ""B""}"
3080197:8,3080197,,오정휴먼시아 지하차도,경기도 부천시 오정구 오정동 720,,,,50,20,3,,,unverified,,CATALOG_ONLY,20250530,2026-07-08,https://data.go.kr/data/3080197/fileData.do,"{""지하차도명"": ""오정휴먼시아 지하차도"", ""위치"": ""경기도 부천시 오정구 오정동 720"", ""준공일"": ""2007-12-31"", ""총연장(미터)"": ""50"", ""폭(미터)"": ""20"", ""통과높이"": ""3"", ""안전점검(유지보수) 내역"": ""2025-12 정기안전점검실시"", ""안전등급"": ""B""}"
3080197:9,3080197,,삼정지하차도(인천-20 통로암거),경기도 부천시 삼정동88-2,,,,42,10.5,,,,unverified,,CATALOG_ONLY,20250530,2026-07-08,https://data.go.kr/data/3080197/fileData.do,"{""지하차도명"": ""삼정지하차도(인천-20 통로암거)"", ""위치"": ""경기도 부천시 삼정동88-2"", ""준공일"": """", ""총연장(미터)"": ""42"", ""폭(미터)"": ""10.5"", ""통과높이"": """", ""안전점검(유지보수) 내역"": ""한국도로공사 관리시설"", ""안전등급"": """"}"
3080197:10,3080197,,부천IC지하차도(부천IC본선육교),경기도 부천시 내동222-41,,,,43,41,,,,unverified,,CATALOG_ONLY,20250530,2026-07-08,https://data.go.kr/data/3080197/fileData.do,"{""지하차도명"": ""부천IC지하차도(부천IC본선육교)"", ""위치"": ""경기도 부천시 내동222-41"", ""준공일"": """", ""총연장(미터)"": ""43"", ""폭(미터)"": ""41"", ""통과높이"": """", ""안전점검(유지보수) 내역"": ""한국도로공사 관리시설"", ""안전등급"": """"}"
3080197:11,3080197,,오정지하차도(부천1육교),경기도 부천시 내동169,,,,61,69,,,,unverified,,CATALOG_ONLY,20250530,2026-07-08,https://data.go.kr/data/3080197/fileData.do,"{""지하차도명"": ""오정지하차도(부천1육교)"", ""위치"": ""경기도 부천시 내동169"", ""준공일"": """", ""총연장(미터)"": ""61"", ""폭(미터)"": ""69"", ""통과높이"": """", ""안전점검(유지보수) 내역"": ""한국도로공사 관리시설"", ""안전등급"": """"}"
3080197:12,3080197,,베르네지하차도(여월교),경기도 부천시 여월동1-45,,,,38,38,,,,unverified,,CATALOG_ONLY,20250530,2026-07-08,https://data.go.kr/data/3080197/fileData.do,"{""지하차도명"": ""베르네지하차도(여월교)"", ""위치"": ""경기도 부천시 여월동1-45"", ""준공일"": """", ""총연장(미터)"": ""38"", ""폭(미터)"": ""38"", ""통과높이"": """", ""안전점검(유지보수) 내역"": ""한국도로공사 관리시설"", ""안전등급"": """"}"
3080197:13,3080197,,원종지하차도(원종육교),경기도 부천시 원종동374,,,,36,36,,,,unverified,,CATALOG_ONLY,20250530,2026-07-08,https://data.go.kr/data/3080197/fileData.do,"{""지하차도명"": ""원종지하차도(원종육교)"", ""위치"": ""경기도 부천시 원종동374"", ""준공일"": """", ""총연장(미터)"": ""36"", ""폭(미터)"": ""36"", ""통과높이"": """", ""안전점검(유지보수) 내역"": ""한국도로공사 관리시설"", ""안전등급"": """"}"
3080197:14,3080197,,고리울천지하차도(작동육교),경기도 부천시 고강동298,,,,36.4,36,,,,unverified,,CATALOG_ONLY,20250530,2026-07-08,https://data.go.kr/data/3080197/fileData.do,"{""지하차도명"": ""고리울천지하차도(작동육교)"", ""위치"": ""경기도 부천시 고강동298"", ""준공일"": """", ""총연장(미터)"": ""36.4"", ""폭(미터)"": ""36"", ""통과높이"": """", ""안전점검(유지보수) 내역"": ""한국도로공사 관리시설"", ""안전등급"": """"}"
