{"type": "FeatureCollection", "features": [{"type": "Feature", "properties": {"name": "", "osm_id": 4493846, "origin": "OBSERVED", "highway": "tertiary"}, "geometry": {"type": "LineString", "coordinates": [[128.796245, 36.538095], [128.795517, 36.535725], [128.795245, 36.534789]]}}, {"type": "Feature", "properties": {"name": "중앙고속도로", "osm_id": 28791508, "origin": "OBSERVED", "highway": "motorway"}, "geometry": {"type": "LineString", "coordinates": [[128.639593, 36.541384], [128.639272, 36.54041], [128.638688, 36.538876], [128.638327, 36.538084], [128.637931, 36.537296], [128.637507, 36.536511], [128.637055, 36.535736], [128.634725, 36.531722], [128.633558, 36.529715], [128.632974, 36.528702], [128.632325, 36.527737], [128.631726, 36.527004], [128.631095, 36.52632], [128.630001, 36.525284], [128.628613, 36.524019], [128.626842, 36.522392], [128.62645, 36.521996], [128.626071, 36.521597], [128.625729, 36.521143], [128.625407, 36.520669], [128.625093, 36.520104], [128.624793, 36.519503], [128.624179, 36.518307], [128.623613, 36.517345], [128.623071, 36.516642], [128.622799, 36.516321], [128.622468, 36.515967], [128.621695, 36.515259], [128.61946, 36.513533], [128.618036, 36.512441], [128.616616, 36.511337], [128.608545, 36.5051], [128.607678, 36.504427], [128.60725, 36.504085], [128.606841, 36.503731], [128.606532, 36.503423], [128.606232, 36.503117], [128.605971, 36.502783], [128.605724, 36.502437], [128.605484, 36.502041], [128.605266, 36.501584], [128.605116, 36.501188], [128.604994, 36.500788], [128.604882, 36.500272], [128.604814, 36.499684], [128.604794, 36.499156], [128.604792, 36.498623], [128.604789, 36.497554], [128.604803, 36.494519], [128.604816, 36.49147], [128.604864, 36.49088], [128.604959, 36.490294], [128.605064, 36.489894], [128.605198, 36.489495], [128.60558, 36.488711], [128.606085, 36.487982], [128.606524, 36.487489], [128.60701, 36.487029], [128.607631, 36.486525], [128.609794, 36.484842], [128.612644, 36.48261]]}}, {"type": "Feature", "properties": {"name": "일직점곡로", "osm_id": 30043762, "origin": "OBSERVED", "highway": "secondary"}, "geometry": {"type": "LineString", "coordinates": [[128.705328, 36.459302], [128.705349, 36.459272], [128.705813, 36.458629], [128.70652, 36.45781], [128.70678, 36.45753], [128.70835, 36.45631], [128.71006, 36.45439], [128.71041, 36.45397], [128.71069, 36.4536], [128.710876, 36.453395], [128.71112, 36.45311], [128.711449, 36.452548], [128.71195, 36.45182], [128.71275, 36.45122], [128.71302, 36.45109], [128.71333, 36.45072], [128.71343, 36.44989], [128.71319, 36.44854], [128.713025, 36.447867], [128.712607, 36.447083], [128.712508, 36.446733], [128.7125, 36.446425], [128.712546, 36.446107], [128.712679, 36.445785], [128.71287, 36.445434], [128.713146, 36.445185], [128.713672, 36.444743], [128.713837, 36.444481], [128.713959, 36.444071], [128.714081, 36.443568], [128.714219, 36.443374], [128.714396, 36.443195], [128.714554, 36.443078], [128.714808, 36.442954], [128.715252, 36.442813], [128.715549, 36.442683], [128.715686, 36.442599], [128.715862, 36.442446], [128.71601, 36.44223], [128.716098, 36.442038], [128.71624, 36.44169], [128.716499, 36.441035], [128.716694, 36.440739], [128.716885, 36.440562], [128.71719, 36.44036], [128.71768, 36.4401], [128.718008, 36.43987], [128.718187, 36.439621], [128.718266, 36.439412], [128.718309, 36.439167], [128.718302, 36.43905], [128.718285, 36.438685], [128.718216, 36.43759], [128.718551, 36.437399], [128.718765, 36.437295], [128.718794, 36.437281], [128.718829, 36.437276], [128.719065, 36.437244], [128.72039, 36.43727], [128.72073, 36.43723], [128.72178, 36.43691], [128.72232, 36.43684], [128.72315, 36.43682], [128.723819, 36.436675], [128.723971, 36.436606], [128.724471, 36.436346], [128.724908, 36.436078], [128.72543, 36.43581], [128.725763, 36.435768], [128.725938, 36.435737], [128.726096, 36.435698], [128.726126, 36.43569], [128.72712, 36.43521], [128.72781, 36.43502], [128.728116, 36.43487], [128.728403, 36.434727], [128.728639, 36.434605], [128.729001, 36.434397], [128.72933, 36.43423], [128.729595, 36.434143], [128.730104, 36.434008], [128.73034, 36.43392], [128.73156, 36.43304], [128.73178, 36.43296], [128.73257, 36.432649], [128.733185, 36.432335], [128.733717, 36.431901], [128.733997, 36.431711], [128.73631, 36.43043], [128.736946, 36.430123], [128.737019, 36.430088]]}}, {"type": "Feature", "properties": {"name": "5", "osm_id": 31761974, "origin": "OBSERVED", "highway": "primary"}, "geometry": {"type": "LineString", "coordinates": [[128.6863, 36.523024], [128.688152, 36.523933]]}}, {"type": "Feature", "properties": {"name": "경북대로", "osm_id": 31761975, "origin": "OBSERVED", "highway": "primary"}, "geometry": {"type": "LineString", "coordinates": [[128.688152, 36.523933], [128.688779, 36.524231], [128.689405, 36.524528], [128.690195, 36.524908]]}}, {"type": "Feature", "properties": {"name": "5", "osm_id": 31762024, "origin": "OBSERVED", "highway": "primary"}, "geometry": {"type": "LineString", "coordinates": [[128.677941, 36.507409], [128.678689, 36.507832], [128.67927, 36.50832], [128.67973, 36.508782], [128.68013, 36.50928], [128.680426, 36.509729], [128.68059, 36.510124]]}}, {"type": "Feature", "properties": {"name": "충효로", "osm_id": 31762056, "origin": "OBSERVED", "highway": "tertiary"}, "geometry": {"type": "LineString", "coordinates": [[128.771452, 36.526501], [128.771148, 36.52628], [128.771044, 36.52621], [128.77085, 36.52608], [128.77065, 36.525976], [128.770363, 36.5259], [128.769914, 36.525858], [128.769395, 36.525954], [128.769161, 36.526027], [128.768703, 36.52628], [128.76785, 36.526802], [128.767453, 36.527043], [128.766915, 36.527341], [128.766427, 36.527525], [128.765951, 36.527545], [128.76557, 36.5275], [128.765114, 36.527338], [128.764673, 36.527048], [128.764419, 36.526939], [128.764158, 36.526838], [128.7639, 36.52677], [128.763499, 36.526771], [128.763164, 36.526842], [128.762456, 36.527094], [128.762118, 36.527204], [128.761843, 36.527249], [128.761657, 36.527241], [128.761275, 36.527223], [128.75834, 36.52621], [128.75733, 36.52572], [128.75717, 36.52564], [128.756819, 36.525498], [128.75654, 36.525486], [128.756472, 36.525534], [128.756431, 36.52559], [128.756413, 36.52572], [128.756441, 36.52585], [128.756737, 36.526182], [128.756804, 36.526289], [128.756804, 36.526363], [128.756767, 36.526467], [128.756707, 36.52652], [128.756544, 36.526589], [128.756303, 36.526656], [128.755695, 36.526793], [128.755459, 36.526851], [128.755164, 36.526968], [128.754568, 36.527225], [128.754194, 36.527345], [128.754028, 36.527344], [128.753843, 36.527322], [128.753442, 36.527177], [128.753214, 36.527116], [128.753009, 36.527153], [128.752856, 36.527219], [128.75247, 36.52754], [128.75221, 36.52765], [128.751057, 36.527746], [128.750869, 36.527711], [128.750713, 36.527646], [128.750625, 36.527584], [128.750486, 36.527388], [128.750212, 36.526999], [128.74935, 36.52675], [128.74903, 36.52666], [128.74888, 36.52666], [128.74873, 36.52677], [128.74871, 36.52688], [128.74873, 36.52701], [128.74894, 36.5272], [128.74899, 36.52735], [128.74884, 36.52793], [128.74862, 36.52814], [128.74815, 36.52845], [128.747945, 36.528557], [128.74746, 36.52881], [128.74725, 36.52902], [128.74671, 36.53061], [128.74661, 36.53072], [128.746271, 36.530877], [128.746174, 36.530922], [128.745439, 36.531233], [128.745315, 36.531265], [128.745129, 36.531271], [128.744767, 36.53123], [128.744629, 36.531261], [128.744449, 36.531356], [128.744299, 36.531526], [128.744194, 36.53167], [128.74418, 36.53181], [128.744136, 36.532371], [128.74406, 36.532474], [128.743941, 36.532541], [128.743695, 36.532681], [128.743619, 36.532761], [128.743477, 36.532999], [128.743145, 36.53337], [128.742929, 36.533612], [128.742872, 36.533745], [128.742922, 36.53392], [128.743288, 36.534487], [128.743311, 36.534675], [128.743262, 36.534771], [128.743157, 36.534833], [128.742999, 36.534854], [128.742844, 36.534804], [128.74264, 36.53471], [128.74234, 36.53456], [128.742209, 36.534455], [128.742137, 36.534349], [128.74203, 36.53413], [128.74201, 36.53387], [128.741973, 36.533785], [128.741925, 36.533734], [128.741788, 36.533708], [128.741658, 36.533742], [128.74148, 36.53381], [128.74143, 36.53387], [128.74143, 36.53398], [128.741492, 36.534127], [128.741682, 36.534289], [128.74217, 36.53465], [128.74255, 36.5351], [128.74285, 36.53564], [128.742937, 36.536226], [128.74296, 36.53638], [128.74296, 36.53797], [128.74302, 36.53812], [128.743304, 36.538333], [128.74354, 36.53851], [128.74386, 36.53896], [128.74369, 36.53986], [128.743339, 36.541097], [128.743226, 36.541588], [128.743194, 36.541694], [128.743105, 36.541962], [128.74296, 36.54216], [128.742785, 36.542385]]}}, {"type": "Feature", "properties": {"name": "5", "osm_id": 31762057, "origin": "OBSERVED", "highway": "primary"}, "geometry": {"type": "LineString", "coordinates": [[128.667023, 36.49767], [128.66723, 36.49798], [128.66766, 36.49881], [128.667961, 36.499693]]}}, {"type": "Feature", "properties": {"name": "경북대로", "osm_id": 31762058, "origin": "OBSERVED", "highway": "primary"}, "geometry": {"type": "LineString", "coordinates": [[128.667961, 36.499693], [128.66856, 36.5022], [128.669058, 36.503675], [128.669101, 36.503802], [128.66944, 36.50444], [128.669703, 36.504742]]}}, {"type": "Feature", "properties": {"name": "경북대로", "osm_id": 31762066, "origin": "OBSERVED", "highway": "primary"}, "geometry": {"type": "LineString", "coordinates": [[128.656955, 36.481458], [128.656876, 36.481576], [128.656467, 36.482201], [128.656316, 36.4825], [128.65624, 36.482717], [128.65608, 36.48306], [128.65597, 36.483733]]}}, {"type": "Feature", "properties": {"name": "5", "osm_id": 31762067, "origin": "OBSERVED", "highway": "primary"}, "geometry": {"type": "LineString", "coordinates": [[128.657865, 36.480253], [128.656955, 36.481458]]}}, {"type": "Feature", "properties": {"name": "경북대로", "osm_id": 31762069, "origin": "OBSERVED", "highway": "primary"}, "geometry": {"type": "LineString", "coordinates": [[128.661313, 36.474425], [128.661209, 36.474668], [128.660971, 36.475371], [128.660824, 36.475783], [128.660694, 36.476168], [128.660569, 36.476494], [128.660374, 36.476883], [128.660091, 36.477293], [128.659774, 36.477764], [128.659551, 36.478029]]}}, {"type": "Feature", "properties": {"name": "5", "osm_id": 31762070, "origin": "OBSERVED", "highway": "primary"}, "geometry": {"type": "LineString", "coordinates": [[128.662074, 36.472237], [128.661313, 36.474425]]}}, {"type": "Feature", "properties": {"name": "경북대로", "osm_id": 31762097, "origin": "OBSERVED", "highway": "primary"}, "geometry": {"type": "LineString", "coordinates": [[128.668988, 36.433263], [128.670704, 36.43399], [128.672417, 36.434717], [128.674918, 36.435779], [128.676111, 36.436534], [128.6791, 36.43862], [128.68089, 36.439858], [128.681591, 36.44054], [128.681941, 36.440986], [128.682224, 36.441483], [128.682496, 36.442116]]}}, {"type": "Feature", "properties": {"name": "5", "osm_id": 31762102, "origin": "OBSERVED", "highway": "primary"}, "geometry": {"type": "LineString", "coordinates": [[128.694867, 36.527181], [128.695674, 36.527593], [128.696201, 36.527861], [128.696425, 36.527974], [128.696842, 36.528239], [128.697113, 36.528461], [128.697257, 36.528613], [128.697405, 36.528776]]}}, {"type": "Feature", "properties": {"name": "경북대로", "osm_id": 31762107, "origin": "OBSERVED", "highway": "primary"}, "geometry": {"type": "LineString", "coordinates": [[128.680817, 36.516892], [128.680739, 36.517025], [128.68063, 36.51744], [128.680575, 36.517758], [128.680535, 36.518075], [128.680552, 36.518268], [128.680586, 36.518715], [128.680697, 36.519108], [128.680825, 36.519483]]}}, {"type": "Feature", "properties": {"name": "5", "osm_id": 31762108, "origin": "OBSERVED", "highway": "primary"}, "geometry": {"type": "LineString", "coordinates": [[128.680924, 36.516555], [128.680817, 36.516892]]}}, {"type": "Feature", "properties": {"name": "5", "osm_id": 31762109, "origin": "OBSERVED", "highway": "primary"}, "geometry": {"type": "LineString", "coordinates": [[128.680825, 36.519483], [128.680963, 36.519742], [128.681243, 36.520109], [128.681989, 36.520826], [128.682316, 36.52104], [128.682754, 36.521276]]}}, {"type": "Feature", "properties": {"name": "경북대로", "osm_id": 31762111, "origin": "OBSERVED", "highway": "primary"}, "geometry": {"type": "LineString", "coordinates": [[128.682754, 36.521276], [128.6863, 36.523024]]}}, {"type": "Feature", "properties": {"name": "운동장길", "osm_id": 31952300, "origin": "OBSERVED", "highway": "tertiary"}, "geometry": {"type": "LineString", "coordinates": [[128.712403, 36.52112], [128.71248, 36.521218], [128.712549, 36.521293], [128.71275, 36.52156], [128.71284, 36.521688], [128.71292, 36.52182], [128.712958, 36.522048], [128.71307, 36.52225], [128.713259, 36.522577], [128.713481, 36.522723], [128.71365, 36.5228], [128.71418, 36.52308], [128.71466, 36.52334], [128.714843, 36.523427], [128.71498, 36.52355], [128.71523, 36.523846], [128.715492, 36.524052], [128.715804, 36.524322], [128.716047, 36.524538], [128.716197, 36.524623], [128.716516, 36.524783], [128.716808, 36.524939], [128.717407, 36.525272], [128.718015, 36.525625], [128.718331, 36.525787], [128.718593, 36.525962], [128.718806, 36.52618], [128.718981, 36.526406], [128.719398, 36.526756], [128.719496, 36.526886], [128.719607, 36.5271], [128.719786, 36.527452], [128.719924, 36.527789], [128.720039, 36.528036], [128.72013, 36.52817], [128.720251, 36.528291], [128.72047, 36.52849], [128.720517, 36.528588], [128.720582, 36.528764], [128.720619, 36.528854], [128.720616, 36.528986], [128.720582, 36.529076], [128.720442, 36.529332], [128.720342, 36.529563], [128.720245, 36.529798], [128.720171, 36.530016], [128.720174, 36.53015], [128.720214, 36.530365], [128.720235, 36.530672], [128.720251, 36.530957], [128.720245, 36.531109], [128.720178, 36.531341], [128.720069, 36.531681], [128.719964, 36.532031], [128.719886, 36.532274], [128.71983, 36.532554], [128.71978, 36.533], [128.719594, 36.533517], [128.719431, 36.533907], [128.719298, 36.534326], [128.7191, 36.534859], [128.71898, 36.535237], [128.718977, 36.535405], [128.719009, 36.535597], [128.719159, 36.536004], [128.719169, 36.536139], [128.719156, 36.536325], [128.71914, 36.53671], [128.719144, 36.536859], [128.719187, 36.537035], [128.719316, 36.537235], [128.719442, 36.537372], [128.71951, 36.537447], [128.719723, 36.537638], [128.719992, 36.537929], [128.720119, 36.538062], [128.720174, 36.538229], [128.720176, 36.538411], [128.720169, 36.538593], [128.72015, 36.53879], [128.7201, 36.53894], [128.720011, 36.539072], [128.719965, 36.539199], [128.720004, 36.539356], [128.720134, 36.539542], [128.72026, 36.53976], [128.720374, 36.539951], [128.720579, 36.54045], [128.720647, 36.540849], [128.72079, 36.54138], [128.72084, 36.541622], [128.72091, 36.541856], [128.721049, 36.54212], [128.721168, 36.542261], [128.72131, 36.542374], [128.721497, 36.542419], [128.721662, 36.542448], [128.721993, 36.542502], [128.722122, 36.542583], [128.722215, 36.542679], [128.72247, 36.543008], [128.722711, 36.543354], [128.7229, 36.54353], [128.723374, 36.543923], [128.723588, 36.544125], [128.723709, 36.5443], [128.723851, 36.544508], [128.723951, 36.544727], [128.723989, 36.544844], [128.723988, 36.54497], [128.72395, 36.54507], [128.7239, 36.5452], [128.723867, 36.545334], [128.723854, 36.545481], [128.723888, 36.545626], [128.72394, 36.545859], [128.72399, 36.546], [128.724038, 36.546154], [128.724122, 36.546455], [128.724172, 36.54662], [128.72429, 36.546797], [128.724338, 36.546987], [128.724342, 36.547145], [128.72427, 36.54784], [128.724201, 36.548241], [128.724189, 36.548557]]}}, {"type": "Feature", "properties": {"name": "", "osm_id": 31952302, "origin": "OBSERVED", "highway": "tertiary"}, "geometry": {"type": "LineString", "coordinates": [[128.697039, 36.528789], [128.69725, 36.528503], [128.69727, 36.528391], [128.69723, 36.528284], [128.697116, 36.528171], [128.696974, 36.528052], [128.696644, 36.527832], [128.696461, 36.527729], [128.696357, 36.527657], [128.696286, 36.527588], [128.696214, 36.527492], [128.696069, 36.527261], [128.69599, 36.527177], [128.695901, 36.52711], [128.695778, 36.52704], [128.695652, 36.526994], [128.695532, 36.526971], [128.69535, 36.526958]]}}, {"type": "Feature", "properties": {"name": "", "osm_id": 31952303, "origin": "OBSERVED", "highway": "residential"}, "geometry": {"type": "LineString", "coordinates": [[128.704092, 36.521102], [128.704133, 36.521158], [128.704648, 36.520921], [128.70504, 36.52074], [128.705337, 36.520584], [128.705787, 36.520421], [128.70631, 36.52016], [128.70652, 36.520104], [128.706714, 36.520086], [128.707066, 36.520037], [128.707252, 36.519987], [128.707343, 36.519883], [128.70757, 36.519657], [128.70777, 36.51939], [128.707846, 36.519287], [128.707943, 36.519182], [128.708116, 36.519035], [128.708552, 36.518703], [128.708923, 36.518473], [128.709211, 36.518397], [128.70947, 36.518252], [128.70985, 36.51791], [128.710008, 36.517758], [128.710219, 36.517606], [128.71038, 36.51752], [128.710798, 36.517312], [128.711313, 36.517098], [128.711832, 36.516918], [128.711936, 36.516876], [128.712094, 36.516819], [128.712444, 36.516819], [128.713011, 36.516828], [128.713369, 36.516806], [128.713575, 36.516756], [128.71376, 36.5166], [128.71401, 36.51636], [128.71429, 36.51611], [128.71459, 36.51587], [128.714827, 36.515693], [128.715019, 36.515574], [128.715364, 36.515446], [128.715576, 36.51542], [128.715801, 36.515384], [128.71598, 36.51529], [128.71609, 36.51516], [128.716231, 36.515072], [128.716286, 36.514973], [128.716281, 36.51483], [128.715887, 36.514569], [128.71577, 36.51444], [128.716974, 36.51395], [128.717724, 36.513624], [128.717948, 36.513447], [128.718153, 36.513321], [128.71846, 36.51325], [128.71859, 36.513188], [128.71869, 36.513095], [128.718681, 36.512969], [128.718562, 36.512878], [128.718502, 36.512856], [128.718495, 36.51281], [128.718529, 36.51265], [128.718629, 36.51233], [128.718646, 36.512282], [128.718705, 36.51211], [128.718981, 36.511718], [128.719179, 36.511426], [128.719209, 36.511337], [128.719231, 36.51127], [128.719121, 36.510919], [128.719075, 36.510822], [128.719076, 36.510698], [128.719334, 36.510383], [128.71963, 36.51008], [128.71978, 36.50997], [128.72, 36.50986], [128.72036, 36.50969], [128.72073, 36.50954], [128.72116, 36.50928], [128.72148, 36.50902], [128.72174, 36.50875], [128.72206, 36.50849], [128.72247, 36.50804], [128.72305, 36.50776], [128.72326, 36.50746], [128.72354, 36.50714], [128.72399, 36.50682], [128.72431, 36.50658], [128.72457, 36.50637]]}}, {"type": "Feature", "properties": {"name": "", "osm_id": 31952306, "origin": "OBSERVED", "highway": "tertiary"}, "geometry": {"type": "LineString", "coordinates": [[128.72843, 36.52814], [128.72837, 36.52836], [128.7285, 36.52857], [128.72869, 36.52875], [128.72871, 36.52879], [128.7286, 36.52911], [128.72845, 36.5293], [128.72834, 36.52941], [128.72824, 36.52941], [128.72807, 36.52933], [128.72796, 36.52922], [128.72785, 36.52915], [128.72775, 36.5292], [128.72766, 36.5293], [128.7276, 36.52948], [128.72753, 36.52962], [128.72753, 36.52978], [128.72761, 36.52984], [128.7277, 36.52991], [128.72781, 36.52999], [128.72785, 36.5301], [128.72785, 36.53016], [128.72792, 36.53027], [128.72781, 36.53044], [128.72781, 36.53059], [128.72796, 36.53074], [128.72802, 36.53091], [128.72796, 36.53098], [128.72772, 36.53102], [128.72749, 36.53111], [128.7274, 36.53136], [128.72744, 36.53158], [128.72749, 36.53175], [128.7276, 36.53201], [128.72766, 36.53233], [128.72766, 36.53261], [128.7276, 36.5328], [128.72734, 36.53329], [128.72721, 36.53355], [128.72717, 36.53372], [128.72703, 36.53396], [128.72695, 36.53417], [128.72703, 36.53439], [128.72717, 36.53452], [128.72734, 36.53462], [128.72738, 36.53477], [128.72738, 36.53482], [128.72734, 36.53488], [128.72717, 36.53493], [128.72712, 36.53499], [128.72727, 36.5351], [128.7274, 36.53518], [128.72755, 36.53525], [128.7276, 36.53542], [128.7276, 36.53564], [128.7276, 36.53593], [128.72766, 36.53615], [128.72785, 36.53643], [128.72802, 36.53664], [128.72805, 36.53694], [128.72807, 36.53716], [128.72802, 36.53744], [128.72792, 36.53761], [128.72781, 36.5378], [128.72753, 36.53795], [128.727407, 36.538007]]}}, {"type": "Feature", "properties": {"name": "놉실로", "osm_id": 31952307, "origin": "OBSERVED", "highway": "unclassified"}, "geometry": {"type": "LineString", "coordinates": [[128.730439, 36.521882], [128.730518, 36.521859], [128.730555, 36.521833], [128.730669, 36.521839], [128.731003, 36.521745], [128.731219, 36.521715], [128.731435, 36.521732], [128.731618, 36.521785], [128.731841, 36.521898], [128.731953, 36.521997], [128.732088, 36.522151], [128.73227, 36.522284], [128.7325, 36.522488], [128.732604, 36.522607], [128.732786, 36.522789], [128.732901, 36.522907], [128.733051, 36.522996], [128.73321, 36.523038], [128.733444, 36.523101], [128.733763, 36.523182], [128.734006, 36.523275], [128.73434, 36.523534], [128.73457, 36.5237], [128.73482, 36.52382], [128.735064, 36.523974], [128.735163, 36.524021], [128.735331, 36.524087], [128.735522, 36.524172], [128.73573, 36.52437], [128.735833, 36.524452], [128.735932, 36.524522], [128.736043, 36.524556], [128.736198, 36.5246], [128.736312, 36.524589], [128.736505, 36.52455], [128.73678, 36.52452], [128.737124, 36.524497], [128.737306, 36.524423], [128.737581, 36.524238], [128.737743, 36.524108], [128.73789, 36.524], [128.738005, 36.523952], [128.738244, 36.523967], [128.738615, 36.523958], [128.738953, 36.523936], [128.73916, 36.52385], [128.739339, 36.523785], [128.739705, 36.523808], [128.740159, 36.523894], [128.740526, 36.523941], [128.740919, 36.523967], [128.741466, 36.524046], [128.741952, 36.524154], [128.742467, 36.524307], [128.742636, 36.524356]]}}, {"type": "Feature", "properties": {"name": "가현길", "osm_id": 31952310, "origin": "OBSERVED", "highway": "residential"}, "geometry": {"type": "LineString", "coordinates": [[128.730555, 36.521833], [128.730733, 36.521735], [128.730945, 36.521656], [128.7312, 36.521621], [128.731446, 36.521601], [128.73165, 36.52156], [128.731796, 36.521417], [128.731984, 36.521262], [128.732155, 36.521141], [128.732362, 36.52109], [128.732766, 36.520995], [128.73298, 36.521], [128.7333, 36.521], [128.73356, 36.521]]}}, {"type": "Feature", "properties": {"name": "", "osm_id": 31952311, "origin": "OBSERVED", "highway": "unclassified"}, "geometry": {"type": "LineString", "coordinates": [[128.723602, 36.520201], [128.723627, 36.520163], [128.72367, 36.520039], [128.723791, 36.519903], [128.724131, 36.51956], [128.724282, 36.519447], [128.72453, 36.51926], [128.72476, 36.51909], [128.724923, 36.51893], [128.72506, 36.51877], [128.72517, 36.51866], [128.725211, 36.518585], [128.725242, 36.518485], [128.725314, 36.518232], [128.72532, 36.51815], [128.725406, 36.517979], [128.725482, 36.517839], [128.725585, 36.517717], [128.725673, 36.517634], [128.725797, 36.517558], [128.72599, 36.517503], [128.726232, 36.517451], [128.726457, 36.517368], [128.726566, 36.51726], [128.726828, 36.517123], [128.72702, 36.51699], [128.727279, 36.516701]]}}, {"type": "Feature", "properties": {"name": "", "osm_id": 31952315, "origin": "OBSERVED", "highway": "unclassified"}, "geometry": {"type": "LineString", "coordinates": [[128.699844, 36.521079], [128.699828, 36.52112], [128.699854, 36.521209], [128.699998, 36.521408], [128.700291, 36.521667], [128.70047, 36.521817], [128.700615, 36.521939]]}}, {"type": "Feature", "properties": {"name": "", "osm_id": 31952316, "origin": "OBSERVED", "highway": "unclassified"}, "geometry": {"type": "LineString", "coordinates": [[128.72457, 36.50637], [128.7248, 36.50619], [128.72491, 36.50602], [128.725, 36.50592], [128.72509, 36.50574], [128.72506, 36.50566], [128.72496, 36.50553], [128.72485, 36.50534], [128.7248, 36.50521], [128.72485, 36.50506], [128.72489, 36.50493], [128.725, 36.50476], [128.72511, 36.50456], [128.72515, 36.50441], [128.72515, 36.50426], [128.72515, 36.50405], [128.72521, 36.50392], [128.72538, 36.50379], [128.72564, 36.50364], [128.72579, 36.50349], [128.7259, 36.50338], [128.72592, 36.50325], [128.72599, 36.50317], [128.72624, 36.50297], [128.72648, 36.50272], [128.72665, 36.5025], [128.72682, 36.50222], [128.72691, 36.50205], [128.72702, 36.50188], [128.72708, 36.50173], [128.72708, 36.50167], [128.72702, 36.50156], [128.72691, 36.50147], [128.72676, 36.50141], [128.72669, 36.5013], [128.72669, 36.50117], [128.7268, 36.501], [128.72682, 36.50085], [128.72686, 36.50068], [128.72691, 36.50049], [128.72702, 36.50036], [128.72723, 36.50016], [128.72734, 36.50004], [128.72747, 36.49982], [128.72749, 36.49967], [128.7276, 36.49941], [128.7277, 36.49901], [128.727821, 36.498636], [128.727866, 36.498365], [128.72787, 36.49817], [128.727869, 36.497985], [128.727907, 36.497876], [128.72801, 36.49775], [128.728237, 36.497426], [128.72843, 36.49712], [128.728602, 36.496848], [128.72886, 36.49639], [128.72903, 36.49609], [128.72908, 36.49594], [128.72908, 36.49575], [128.729038, 36.495447], [128.728951, 36.494975], [128.728899, 36.4948], [128.728856, 36.494632], [128.72886, 36.49441], [128.728885, 36.494243], [128.728946, 36.494114], [128.728986, 36.494019], [128.728994, 36.493939], [128.728943, 36.493654], [128.728907, 36.49344], [128.728836, 36.493252], [128.72865, 36.49293], [128.72854, 36.49276], [128.72839, 36.49257], [128.727983, 36.492165], [128.727818, 36.492094], [128.7277, 36.49203], [128.72758, 36.491885], [128.727507, 36.491779], [128.72744, 36.49167], [128.727335, 36.491521], [128.727317, 36.491491], [128.727273, 36.491416], [128.727253, 36.491395], [128.72723, 36.49137], [128.72712, 36.49135], [128.727077, 36.491307], [128.726966, 36.491084], [128.726852, 36.490863], [128.726756, 36.490741], [128.72665, 36.49064], [128.726597, 36.490564], [128.72659, 36.49048], [128.726663, 36.490256]]}}, {"type": "Feature", "properties": {"name": "", "osm_id": 31952317, "origin": "OBSERVED", "highway": "track"}, "geometry": {"type": "LineString", "coordinates": [[128.72509, 36.50574], [128.72511, 36.50568], [128.72543, 36.50561], [128.72573, 36.50551], [128.72586, 36.50534], [128.72596, 36.50519], [128.72618, 36.50499], [128.72657, 36.50519], [128.7268, 36.50531], [128.72697, 36.50536], [128.72729, 36.50538], [128.72761, 36.50536], [128.72781, 36.50544], [128.72802, 36.50551], [128.7283, 36.50555], [128.72854, 36.50557], [128.72895, 36.50555], [128.72923, 36.50548], [128.72966, 36.50538], [128.72998, 36.50531], [128.73025, 36.50523], [128.7306, 36.50514], [128.73077, 36.50514], [128.73092, 36.50512], [128.73109, 36.50502], [128.73129, 36.50489], [128.73146, 36.50474], [128.73161, 36.50452], [128.73172, 36.50433], [128.73178, 36.50416], [128.73184, 36.50407], [128.7321, 36.50386], [128.7324, 36.50364], [128.73262, 36.50345], [128.73277, 36.50332], [128.73287, 36.50323], [128.73294, 36.50308], [128.73309, 36.5028], [128.7332, 36.50261], [128.73324, 36.50252], [128.73339, 36.50239], [128.73356, 36.50227], [128.73371, 36.50216], [128.73388, 36.50203], [128.73399, 36.50188], [128.7341, 36.50175], [128.73425, 36.50156], [128.73446, 36.50136], [128.73461, 36.50115], [128.73483, 36.50083], [128.73495, 36.50064], [128.7351, 36.50042], [128.73526, 36.50019], [128.73536, 36.49993], [128.73541, 36.49969], [128.73553, 36.49948], [128.73568, 36.49918], [128.73585, 36.49879], [128.73596, 36.49856], [128.73599, 36.49838]]}}, {"type": "Feature", "properties": {"name": "돗밤실길", "osm_id": 31952319, "origin": "OBSERVED", "highway": "residential"}, "geometry": {"type": "LineString", "coordinates": [[128.736505, 36.52455], [128.736525, 36.524757], [128.736572, 36.524971], [128.736655, 36.525088], [128.7368, 36.52523], [128.7369, 36.525362], [128.736904, 36.525477], [128.736932, 36.52566], [128.736924, 36.525894], [128.7368, 36.52602], [128.736742, 36.526116], [128.73674, 36.52634], [128.736797, 36.526427], [128.73695, 36.526518], [128.737068, 36.526702], [128.73716, 36.52686], [128.737294, 36.527027], [128.737454, 36.52714], [128.737657, 36.527297], [128.737801, 36.527399], [128.73805, 36.5275], [128.73822, 36.52756], [128.738308, 36.527633], [128.738438, 36.527769], [128.738597, 36.527813], [128.738743, 36.527852], [128.739041, 36.527881], [128.73931, 36.52795], [128.739568, 36.527977], [128.73985, 36.5281], [128.74011, 36.52827], [128.74043, 36.52845], [128.7406, 36.52851], [128.74079, 36.52862], [128.74096, 36.52866], [128.74118, 36.52872]]}}, {"type": "Feature", "properties": {"name": "경북대로", "osm_id": 31952329, "origin": "OBSERVED", "highway": "tertiary"}, "geometry": {"type": "LineString", "coordinates": [[128.700369, 36.534622], [128.700766, 36.535478], [128.700911, 36.535871], [128.701021, 36.536258], [128.701043, 36.536623], [128.701013, 36.536915], [128.700981, 36.537103], [128.700893, 36.537453], [128.700712, 36.537822], [128.700536, 36.538083], [128.700327, 36.538348], [128.699848, 36.53885], [128.699122, 36.539594], [128.69893, 36.539847], [128.698736, 36.540197], [128.698626, 36.540507], [128.698543, 36.54079], [128.698513, 36.541105]]}}, {"type": "Feature", "properties": {"name": "", "osm_id": 31952898, "origin": "OBSERVED", "highway": "unclassified"}, "geometry": {"type": "LineString", "coordinates": [[128.70818, 36.506118], [128.708299, 36.506387], [128.70836, 36.506644], [128.708327, 36.507088], [128.708195, 36.507531], [128.708, 36.507964], [128.707636, 36.508567], [128.707466, 36.508837], [128.707406, 36.508986], [128.70728, 36.509311], [128.707175, 36.509683], [128.707, 36.50999], [128.706715, 36.510546], [128.706574, 36.510762], [128.70637, 36.51094], [128.706084, 36.511255], [128.70568, 36.51166], [128.705272, 36.511846], [128.705, 36.51203], [128.70463, 36.51231], [128.70429, 36.51261], [128.703622, 36.513023], [128.703398, 36.5132], [128.703246, 36.513403], [128.703018, 36.513706]]}}, {"type": "Feature", "properties": {"name": "가현길", "osm_id": 31952900, "origin": "OBSERVED", "highway": "residential"}, "geometry": {"type": "LineString", "coordinates": [[128.73356, 36.521], [128.73367, 36.52098], [128.733909, 36.520755], [128.73414, 36.52072], [128.73442, 36.52068], [128.73468, 36.52059], [128.73489, 36.52048], [128.73541, 36.52023], [128.73571, 36.52008], [128.735878, 36.519874], [128.73603, 36.5198], [128.73609, 36.51976], [128.73635, 36.51965], [128.73667, 36.51948], [128.737101, 36.519158], [128.73742, 36.51892], [128.7377, 36.51877], [128.73811, 36.5186], [128.73847, 36.51838], [128.73847, 36.51829], [128.73828, 36.51821], [128.737945, 36.51811], [128.737842, 36.517912], [128.737961, 36.517878]]}}, {"type": "Feature", "properties": {"name": "", "osm_id": 31952902, "origin": "OBSERVED", "highway": "residential"}, "geometry": {"type": "LineString", "coordinates": [[128.72579, 36.50349], [128.72622, 36.50362], [128.72665, 36.50373], [128.72639, 36.50399], [128.72628, 36.50413], [128.72654, 36.50437], [128.72648, 36.50445], [128.72622, 36.50486], [128.72618, 36.50499]]}}, {"type": "Feature", "properties": {"name": "", "osm_id": 31952903, "origin": "OBSERVED", "highway": "track"}, "geometry": {"type": "LineString", "coordinates": [[128.718263, 36.520444], [128.718264, 36.52041], [128.718214, 36.52028], [128.718214, 36.52018], [128.718264, 36.52009], [128.718374, 36.52003], [128.718474, 36.51987], [128.718534, 36.5197], [128.718534, 36.51955], [128.718534, 36.51942], [128.718474, 36.51929], [128.718442, 36.519137], [128.718434, 36.51904], [128.718434, 36.51891], [128.718434, 36.51878], [128.718474, 36.51863], [128.718542, 36.51846], [128.718628, 36.518303], [128.71861, 36.518122], [128.718534, 36.51799], [128.718534, 36.51788], [128.718534, 36.51775], [128.718534, 36.5176], [128.718534, 36.51747], [128.718644, 36.51732], [128.718884, 36.51728], [128.719144, 36.51722], [128.719394, 36.51717], [128.719524, 36.51709], [128.719694, 36.51694], [128.719784, 36.51685], [128.719914, 36.51672], [128.720064, 36.51666], [128.720174, 36.51659], [128.720274, 36.51649], [128.720384, 36.51638], [128.720444, 36.51627], [128.720494, 36.51616], [128.720444, 36.51604], [128.720494, 36.51595], [128.720534, 36.51584], [128.720594, 36.51575], [128.720684, 36.51563], [128.720794, 36.51552], [128.720904, 36.51541]]}}, {"type": "Feature", "properties": {"name": "", "osm_id": 31952904, "origin": "OBSERVED", "highway": "track"}, "geometry": {"type": "LineString", "coordinates": [[128.718644, 36.51732], [128.71867, 36.51725], [128.71856, 36.51714], [128.71856, 36.51707], [128.71852, 36.51694], [128.71852, 36.51686], [128.71856, 36.51669]]}}, {"type": "Feature", "properties": {"name": "", "osm_id": 31952905, "origin": "OBSERVED", "highway": "track"}, "geometry": {"type": "LineString", "coordinates": [[128.72178, 36.519873], [128.72178, 36.51986], [128.72174, 36.51971], [128.72163, 36.51958], [128.721595, 36.519482], [128.721587, 36.519315], [128.721613, 36.519218], [128.72167, 36.51903], [128.72167, 36.51887], [128.72163, 36.51875]]}}, {"type": "Feature", "properties": {"name": "", "osm_id": 31952906, "origin": "OBSERVED", "highway": "residential"}, "geometry": {"type": "LineString", "coordinates": [[128.698239, 36.523185], [128.69865, 36.52317], [128.69877, 36.52323], [128.69891, 36.52342], [128.69903, 36.52357], [128.69918, 36.52362], [128.69929, 36.52362], [128.69944, 36.5237], [128.69953, 36.52383], [128.6995, 36.52398], [128.69955, 36.52422], [128.69966, 36.52441], [128.69993, 36.52463], [128.70024, 36.52495], [128.70037, 36.52505], [128.70056, 36.52508], [128.70092, 36.52508], [128.70146, 36.52503], [128.70187, 36.52499], [128.70208, 36.52497], [128.7023, 36.52495], [128.70256, 36.52501], [128.70266, 36.52501], [128.70277, 36.52501], [128.70298, 36.52499], [128.7033, 36.52497], [128.70362, 36.52497], [128.70384, 36.5249], [128.70404, 36.52478], [128.70423, 36.52467], [128.70436, 36.5246], [128.70451, 36.52456], [128.70462, 36.52454], [128.70478, 36.52452], [128.705, 36.52463], [128.7052, 36.52478], [128.70552, 36.52501], [128.70578, 36.52503], [128.70599, 36.5251], [128.7062, 36.52514]]}}, {"type": "Feature", "properties": {"name": "", "osm_id": 31952908, "origin": "OBSERVED", "highway": "track"}, "geometry": {"type": "LineString", "coordinates": [[128.726663, 36.490256], [128.726732, 36.489976], [128.72671, 36.48982], [128.726745, 36.489524], [128.726886, 36.489177], [128.727045, 36.48895], [128.727084, 36.488779], [128.727117, 36.488411], [128.72715, 36.487948], [128.727345, 36.487869], [128.727421, 36.487734], [128.727525, 36.487509], [128.727796, 36.487261], [128.72802, 36.48707], [128.728215, 36.486861], [128.728353, 36.486698], [128.728515, 36.48649], [128.72869, 36.48626], [128.72882, 36.48609], [128.72895, 36.48568], [128.729042, 36.48534], [128.729069, 36.485227], [128.729065, 36.485119], [128.72903, 36.484837], [128.728963, 36.484388], [128.728934, 36.484232], [128.72894, 36.484069], [128.728899, 36.483915], [128.728828, 36.483751], [128.728795, 36.483596], [128.728821, 36.483402], [128.72888, 36.48326], [128.728895, 36.483114], [128.728862, 36.482889], [128.728829, 36.4828], [128.728824, 36.482689], [128.728865, 36.482582], [128.728919, 36.482478], [128.72908, 36.48237]]}}, {"type": "Feature", "properties": {"name": "", "osm_id": 31952909, "origin": "OBSERVED", "highway": "track"}, "geometry": {"type": "LineString", "coordinates": [[128.72708, 36.50173], [128.72749, 36.50149], [128.72785, 36.50115], [128.72817, 36.50078], [128.72843, 36.50051], [128.72865, 36.50016], [128.72875, 36.49995], [128.72882, 36.49965], [128.72888, 36.49926], [128.72886, 36.49909], [128.72865, 36.49885]]}}, {"type": "Feature", "properties": {"name": "", "osm_id": 31952910, "origin": "OBSERVED", "highway": "track"}, "geometry": {"type": "LineString", "coordinates": [[128.72697, 36.49714], [128.72749, 36.49716], [128.72755, 36.49714], [128.7277, 36.49701], [128.72781, 36.49675], [128.72796, 36.49628], [128.728024, 36.496029], [128.72802, 36.49581], [128.727909, 36.49573], [128.72775, 36.49568], [128.727571, 36.49568], [128.72734, 36.4957], [128.726864, 36.495613], [128.726536, 36.49545], [128.726335, 36.49538], [128.726164, 36.495387], [128.725892, 36.495438], [128.725787, 36.495408], [128.725697, 36.495319], [128.725648, 36.495221], [128.725557, 36.495128], [128.725266, 36.495044], [128.725074, 36.494928], [128.724856, 36.4949], [128.724612, 36.49491], [128.724379, 36.494983], [128.724065, 36.49479], [128.723701, 36.494768], [128.723508, 36.494721], [128.723443, 36.494619], [128.723461, 36.494526], [128.723499, 36.494478], [128.723671, 36.494294], [128.723812, 36.494155], [128.723913, 36.494039], [128.724018, 36.493873], [128.724108, 36.493719], [128.724188, 36.493621], [128.724316, 36.493489], [128.724332, 36.493441], [128.724322, 36.493404], [128.724233, 36.493348], [128.724158, 36.493341], [128.72407, 36.49334], [128.723872, 36.493375], [128.723639, 36.49343], [128.723524, 36.493438], [128.723382, 36.493383], [128.723182, 36.493234], [128.723086, 36.493235], [128.722994, 36.493255], [128.722862, 36.493359], [128.722751, 36.493423], [128.722681, 36.493448], [128.722406, 36.493404], [128.722268, 36.493414], [128.722191, 36.493446], [128.722093, 36.493547], [128.721964, 36.493651], [128.721838, 36.493699], [128.721733, 36.493695], [128.721576, 36.493639], [128.721356, 36.493554], [128.721146, 36.4935], [128.721013, 36.493393], [128.720935, 36.493319], [128.720768, 36.493129], [128.720694, 36.49304], [128.720684, 36.492926], [128.720679, 36.492817], [128.720746, 36.492672], [128.720899, 36.492361], [128.720953, 36.492201], [128.720953, 36.492128], [128.7209, 36.492035], [128.720773, 36.491981], [128.720689, 36.491968], [128.720533, 36.492019], [128.720276, 36.492157], [128.720058, 36.492227], [128.71997, 36.492235], [128.719693, 36.492169], [128.719598, 36.492181], [128.71954, 36.492211], [128.719441, 36.492279], [128.719093, 36.492558], [128.718996, 36.492597], [128.718913, 36.492623], [128.718737, 36.4926], [128.718627, 36.492523], [128.718469, 36.49242], [128.718281, 36.492355], [128.718171, 36.492293], [128.71799, 36.492139], [128.717922, 36.491988], [128.717876, 36.491892], [128.717665, 36.491696], [128.717516, 36.491543], [128.717438, 36.491381], [128.717427, 36.491079], [128.717341, 36.490808], [128.71729, 36.490583], [128.717319, 36.490364], [128.717447, 36.490093], [128.717679, 36.489912], [128.717937, 36.489783], [128.718058, 36.489651], [128.718063, 36.489539], [128.718135, 36.489345], [128.718162, 36.4892], [128.718193, 36.488886], [128.718253, 36.488752], [128.718386, 36.48857], [128.718529, 36.488437], [128.718822, 36.488247], [128.718945, 36.488122], [128.719095, 36.48782], [128.719248, 36.487521], [128.719272, 36.487404], [128.719267, 36.487275], [128.719215, 36.487063], [128.719157, 36.486895], [128.718999, 36.486723], [128.718993, 36.486647], [128.719017, 36.486426], [128.718955, 36.48611], [128.719041, 36.48585], [128.719093, 36.485733], [128.719101, 36.48564], [128.719072, 36.485519], [128.718928, 36.485321], [128.718795, 36.485174], [128.718799, 36.485048], [128.718875, 36.484896], [128.718885, 36.484657], [128.718889, 36.484432], [128.71896, 36.484063], [128.719028, 36.483887], [128.719087, 36.483561], [128.719095, 36.483254], [128.719094, 36.483165], [128.719074, 36.483118], [128.718966, 36.482973], [128.718878, 36.482906], [128.718679, 36.482835], [128.718358, 36.482761], [128.718283, 36.482702], [128.718231, 36.482371], [128.718145, 36.482213], [128.717985, 36.482069], [128.717757, 36.48195], [128.717491, 36.481853], [128.717194, 36.48179], [128.716978, 36.481786], [128.716684, 36.481797], [128.716523, 36.481791], [128.716216, 36.481755], [128.71589, 36.481687], [128.715657, 36.481694], [128.715477, 36.481715], [128.715312, 36.481832], [128.715109, 36.482041], [128.715014, 36.48228], [128.714983, 36.482422], [128.714923, 36.482579], [128.714692, 36.482732], [128.714552, 36.482886], [128.714482, 36.483029], [128.714427, 36.483222], [128.714337, 36.483371], [128.714085, 36.483483], [128.713786, 36.483373], [128.713613, 36.483283], [128.713393, 36.483236], [128.713168, 36.483205], [128.713176, 36.483136], [128.713338, 36.483042], [128.713645, 36.482977], [128.7138, 36.48288], [128.71398, 36.482675], [128.71405, 36.482567], [128.714018, 36.482289], [128.713947, 36.481986], [128.713986, 36.481898], [128.714128, 36.481759], [128.714157, 36.48164], [128.714111, 36.481518], [128.713839, 36.480971], [128.713704, 36.480906], [128.713339, 36.480872], [128.713103, 36.48083], [128.712991, 36.480734], [128.712803, 36.480497], [128.712618, 36.480425], [128.712374, 36.480384], [128.712218, 36.480371], [128.712185, 36.480341], [128.712178, 36.48031], [128.712185, 36.480272], [128.712198, 36.480244], [128.712375, 36.480152], [128.712604, 36.480087], [128.712798, 36.480074], [128.712988, 36.480046], [128.71307, 36.47999], [128.713219, 36.479813], [128.713292, 36.479666], [128.713127, 36.479394], [128.713004, 36.479046], [128.712921, 36.478993], [128.712733, 36.478936], [128.712542, 36.478862], [128.712252, 36.478681], [128.712056, 36.478682], [128.711918, 36.478713], [128.711713, 36.478666], [128.711505, 36.478571], [128.711174, 36.478487], [128.710779, 36.47856], [128.710612, 36.478503], [128.710483, 36.478218], [128.71022, 36.47778], [128.71, 36.477611], [128.709738, 36.477613], [128.709419, 36.477747], [128.70926, 36.477813], [128.709068, 36.477993], [128.70906, 36.478], [128.708573, 36.478668], [128.708097, 36.479059], [128.708064, 36.479257], [128.708109, 36.479362], [128.708274, 36.479465], [128.708471, 36.479671], [128.708487, 36.479811], [128.708414, 36.479948], [128.708233, 36.480115], [128.707972, 36.480289], [128.707811, 36.480298], [128.70753, 36.48027], [128.70742, 36.4803], [128.707222, 36.48034], [128.707026, 36.480543], [128.706625, 36.480876], [128.706636, 36.480982], [128.706615, 36.481083], [128.706656, 36.481201], [128.706733, 36.481402], [128.706835, 36.481657], [128.706821, 36.481763], [128.706712, 36.48189], [128.706566, 36.481911], [128.706442, 36.481907], [128.706225, 36.481857], [128.706025, 36.481847], [128.705867, 36.481842], [128.705647, 36.481866], [128.705582, 36.4818], [128.7056, 36.481699], [128.705628, 36.481596], [128.70564, 36.481497], [128.705648, 36.481396], [128.705603, 36.48135], [128.705453, 36.481353], [128.705356, 36.481369], [128.70515, 36.48147], [128.704913, 36.481576], [128.704715, 36.481627], [128.704411, 36.481643], [128.704291, 36.481684], [128.704218, 36.481744], [128.704124, 36.481894], [128.704036, 36.482033], [128.703957, 36.48208], [128.703575, 36.482131], [128.703442, 36.482179], [128.703313, 36.482282], [128.70317, 36.482624], [128.702909, 36.482856], [128.702769, 36.48311], [128.702554, 36.483356], [128.70251, 36.483458], [128.70251, 36.483545], [128.702521, 36.483889], [128.702499, 36.48397], [128.702444, 36.484003], [128.702325, 36.483975], [128.702158, 36.483902], [128.701889, 36.483799], [128.701661, 36.48378], [128.701346, 36.483863], [128.701161, 36.483916], [128.700984, 36.484057], [128.700765, 36.484281], [128.700671, 36.484377], [128.700628, 36.484452], [128.700605, 36.485061], [128.700446, 36.485422], [128.700369, 36.485451], [128.700302, 36.485448]]}}, {"type": "Feature", "properties": {"name": "", "osm_id": 31952911, "origin": "OBSERVED", "highway": "track"}, "geometry": {"type": "LineString", "coordinates": [[128.715637, 36.514382], [128.715539, 36.514339], [128.71539, 36.51433], [128.715206, 36.514336], [128.714969, 36.51438], [128.714804, 36.514246], [128.714684, 36.513998], [128.714578, 36.513888], [128.714506, 36.513622], [128.714419, 36.513429], [128.714338, 36.513348], [128.714202, 36.513065], [128.714124, 36.512876], [128.713925, 36.512834], [128.71388, 36.51274], [128.71386, 36.51259], [128.71377, 36.51233], [128.713705, 36.512122], [128.713779, 36.511753], [128.713779, 36.5116], [128.713709, 36.511322], [128.713793, 36.510995], [128.713726, 36.510568], [128.71399, 36.510202], [128.714026, 36.509854], [128.714306, 36.509389], [128.714431, 36.509086]]}}, {"type": "Feature", "properties": {"name": "", "osm_id": 31952913, "origin": "OBSERVED", "highway": "residential"}, "geometry": {"type": "LineString", "coordinates": [[128.707113, 36.518458], [128.707123, 36.518446], [128.707123, 36.518339], [128.707033, 36.518157], [128.706894, 36.517909], [128.706885, 36.517824], [128.7069, 36.517765], [128.706977, 36.517585], [128.707031, 36.517154], [128.707107, 36.516952], [128.707248, 36.516641], [128.707336, 36.516414], [128.707446, 36.516311], [128.707819, 36.516116], [128.707995, 36.515998], [128.708157, 36.515847], [128.70828, 36.5157], [128.708384, 36.515575], [128.708653, 36.515429], [128.708797, 36.515353], [128.708918, 36.515297], [128.709013, 36.515235], [128.709127, 36.514972], [128.709175, 36.514909], [128.709274, 36.51484], [128.709449, 36.514737], [128.709747, 36.514692], [128.71028, 36.51454], [128.710473, 36.514457], [128.71058, 36.51441], [128.71118, 36.51422], [128.71195, 36.51396], [128.712036, 36.513922], [128.712052, 36.513842], [128.71217, 36.51366], [128.712449, 36.513534], [128.71287, 36.51345], [128.712968, 36.513433], [128.71333, 36.5133], [128.713495, 36.513226], [128.71371, 36.51321], [128.71423, 36.51332], [128.714338, 36.513348]]}}, {"type": "Feature", "properties": {"name": "", "osm_id": 31952915, "origin": "OBSERVED", "highway": "track"}, "geometry": {"type": "LineString", "coordinates": [[128.718159, 36.510871], [128.718301, 36.510682], [128.718399, 36.510554], [128.718472, 36.510428], [128.71848, 36.510232], [128.718512, 36.510168], [128.718582, 36.510049], [128.718776, 36.50989], [128.71878, 36.50976], [128.718967, 36.509309], [128.71899, 36.50909], [128.71897, 36.508973], [128.71888, 36.50873], [128.718796, 36.508573], [128.718662, 36.508324], [128.71852, 36.50823], [128.71846, 36.50806], [128.71835, 36.50787], [128.71826, 36.50761], [128.7182, 36.50735], [128.718165, 36.507232], [128.718072, 36.506787], [128.718021, 36.506705], [128.71794, 36.50667], [128.717753, 36.506619]]}}, {"type": "Feature", "properties": {"name": "", "osm_id": 31952917, "origin": "OBSERVED", "highway": "track"}, "geometry": {"type": "LineString", "coordinates": [[128.700302, 36.485448], [128.700276, 36.48541], [128.700258, 36.485364], [128.700274, 36.485143], [128.700065, 36.484879], [128.6997, 36.484529], [128.699239, 36.484257], [128.69888, 36.48416], [128.698575, 36.484191], [128.698328, 36.484333], [128.698146, 36.484508], [128.698021, 36.484612], [128.697871, 36.484598], [128.697632, 36.484455], [128.697394, 36.484387], [128.69713, 36.484379], [128.696856, 36.484461], [128.69668, 36.48451], [128.696456, 36.484643], [128.696406, 36.484718], [128.69633, 36.48478], [128.696045, 36.485116], [128.695961, 36.485271], [128.695931, 36.485398], [128.695939, 36.485686], [128.695843, 36.485785], [128.695592, 36.485912], [128.695399, 36.485994], [128.695241, 36.486125]]}}, {"type": "Feature", "properties": {"name": "", "osm_id": 31952918, "origin": "OBSERVED", "highway": "track"}, "geometry": {"type": "LineString", "coordinates": [[128.70552, 36.52501], [128.70547, 36.52544], [128.70562, 36.52583], [128.70573, 36.52615], [128.70579, 36.52628], [128.70594, 36.52643], [128.70594, 36.52651], [128.70594, 36.52679]]}}, {"type": "Feature", "properties": {"name": "", "osm_id": 31952919, "origin": "OBSERVED", "highway": "track"}, "geometry": {"type": "LineString", "coordinates": [[128.7062, 36.52514], [128.70637, 36.52521], [128.70674, 36.52527], [128.70706, 36.52536], [128.70726, 36.5255], [128.70747, 36.52563], [128.70764, 36.52576], [128.70774, 36.52593]]}}, {"type": "Feature", "properties": {"name": "", "osm_id": 31952920, "origin": "OBSERVED", "highway": "track"}, "geometry": {"type": "LineString", "coordinates": [[128.711493, 36.525286], [128.711501, 36.525402], [128.711614, 36.525621], [128.71166, 36.525858], [128.711725, 36.525946], [128.711767, 36.525993], [128.711915, 36.526141], [128.712073, 36.526303], [128.712096, 36.526413], [128.712142, 36.526585], [128.712197, 36.526803], [128.712258, 36.526954], [128.712397, 36.527202], [128.71243, 36.52742], [128.712395, 36.527486], [128.712308, 36.527593], [128.712296, 36.527636], [128.712345, 36.527809], [128.712493, 36.528045], [128.712502, 36.528102], [128.712431, 36.528246], [128.712464, 36.528363], [128.712477, 36.528531], [128.712541, 36.528703], [128.712502, 36.529105], [128.712508, 36.529494], [128.71248, 36.529644], [128.71241, 36.52974], [128.712315, 36.529849], [128.712228, 36.530001], [128.712156, 36.530161], [128.712181, 36.530306], [128.71225, 36.53042], [128.712288, 36.530529], [128.712399, 36.530766], [128.712376, 36.530914], [128.712376, 36.531055], [128.712492, 36.531251], [128.71249, 36.531529], [128.712476, 36.531665], [128.712583, 36.531884], [128.712647, 36.532043], [128.712693, 36.53227]]}}, {"type": "Feature", "properties": {"name": "", "osm_id": 31952921, "origin": "OBSERVED", "highway": "track"}, "geometry": {"type": "LineString", "coordinates": [[128.71186, 36.5237], [128.71154, 36.52347]]}}, {"type": "Feature", "properties": {"name": "", "osm_id": 31952923, "origin": "OBSERVED", "highway": "track"}, "geometry": {"type": "LineString", "coordinates": [[128.71466, 36.52334], [128.71467, 36.52315], [128.71455, 36.52295], [128.71467, 36.52287], [128.715018, 36.522756], [128.71524, 36.52263]]}}, {"type": "Feature", "properties": {"name": "", "osm_id": 31952924, "origin": "OBSERVED", "highway": "unclassified"}, "geometry": {"type": "LineString", "coordinates": [[128.703632, 36.490764], [128.7036, 36.490866], [128.703613, 36.49111], [128.70363, 36.491278], [128.703904, 36.491828], [128.703883, 36.49227], [128.704068, 36.4927], [128.704648, 36.49396], [128.704603, 36.49513], [128.704734, 36.4954], [128.704792, 36.495545], [128.705185, 36.495996], [128.705229, 36.496126], [128.705348, 36.49658], [128.705288, 36.49699], [128.705228, 36.49718], [128.705178, 36.49759], [128.705658, 36.49821], [128.706238, 36.49922], [128.706497, 36.499632], [128.706938, 36.50006], [128.707398, 36.50091], [128.707624, 36.501342], [128.707853, 36.501917], [128.708208, 36.502619], [128.708172, 36.502934], [128.70827, 36.503324], [128.708323, 36.503991], [128.708321, 36.504208], [128.708138, 36.50466], [128.708112, 36.504895], [128.708188, 36.50534], [128.708177, 36.505709], [128.708185, 36.505998], [128.70818, 36.506118]]}}, {"type": "Feature", "properties": {"name": "", "osm_id": 31952925, "origin": "OBSERVED", "highway": "track"}, "geometry": {"type": "LineString", "coordinates": [[128.717753, 36.506619], [128.717509, 36.506681], [128.71736, 36.506625], [128.71726, 36.506383], [128.717111, 36.50604], [128.716963, 36.505837], [128.716813, 36.505696], [128.716746, 36.50544], [128.716645, 36.505262], [128.716677, 36.505111], [128.716635, 36.504945], [128.716483, 36.504858], [128.71635, 36.50478], [128.716324, 36.504668], [128.71627, 36.50444], [128.71624, 36.50418], [128.71618, 36.50399], [128.71615, 36.50381], [128.71624, 36.50373], [128.71629, 36.50362]]}}, {"type": "Feature", "properties": {"name": "", "osm_id": 31952927, "origin": "OBSERVED", "highway": "track"}, "geometry": {"type": "LineString", "coordinates": [[128.740262, 36.515427], [128.740423, 36.515228], [128.74067, 36.51495], [128.74079, 36.51469], [128.740816, 36.514541], [128.740882, 36.514339], [128.741011, 36.514069], [128.74118, 36.513785], [128.741379, 36.513496], [128.741496, 36.513303], [128.741706, 36.513043], [128.741986, 36.512763], [128.742207, 36.51255], [128.742349, 36.512326], [128.74249, 36.51214], [128.742529, 36.51174], [128.742577, 36.511445], [128.742665, 36.511254], [128.742775, 36.511034], [128.742835, 36.510844], [128.742875, 36.510564], [128.742925, 36.510264], [128.742875, 36.510033], [128.74287, 36.50967], [128.74281, 36.50933], [128.74281, 36.50896], [128.74281, 36.50875], [128.74281, 36.50838], [128.74285, 36.50799], [128.74292, 36.507803], [128.74285, 36.507567], [128.742795, 36.507406], [128.74272, 36.507342], [128.742659, 36.507311], [128.742659, 36.507231], [128.7427, 36.50718], [128.74279, 36.50703], [128.74287, 36.50686], [128.74296, 36.50664], [128.74296, 36.5065], [128.74299, 36.506313], [128.743076, 36.506178], [128.743183, 36.506062], [128.74328, 36.50596], [128.743373, 36.505754], [128.74349, 36.50547], [128.74362, 36.50525], [128.74366, 36.50502], [128.74365, 36.50493], [128.74365, 36.50478], [128.74366, 36.50467], [128.74375, 36.50456], [128.74388, 36.50444], [128.74401, 36.50435], [128.74407, 36.50424], [128.74414, 36.50411], [128.74418, 36.50396], [128.74423, 36.50373], [128.74423, 36.5036], [128.74423, 36.50349], [128.74418, 36.50334], [128.744054, 36.503199], [128.744016, 36.503081], [128.744024, 36.50296], [128.74403, 36.50291], [128.74407, 36.50274], [128.74414, 36.50259], [128.74418, 36.50242], [128.74418, 36.50231], [128.74418, 36.5021], [128.74414, 36.50188], [128.74414, 36.50171], [128.74418, 36.50147]]}}, {"type": "Feature", "properties": {"name": "", "osm_id": 31952928, "origin": "OBSERVED", "highway": "residential"}, "geometry": {"type": "LineString", "coordinates": [[128.71524, 36.52263], [128.71519, 36.52235], [128.71497, 36.522135], [128.714866, 36.521873], [128.71472, 36.52145], [128.71498, 36.5213], [128.715521, 36.521237], [128.71569, 36.521299], [128.715948, 36.52145], [128.71602, 36.521539], [128.716058, 36.521672], [128.716088, 36.521708], [128.71661, 36.52156], [128.716663, 36.521551], [128.716743, 36.521557], [128.716762, 36.521579], [128.716815, 36.521641], [128.71719, 36.5216], [128.717631, 36.521489], [128.717863, 36.521456], [128.717886, 36.521432], [128.717903, 36.521336], [128.717942, 36.521265], [128.718063, 36.521377], [128.718214, 36.521386], [128.718358, 36.521467], [128.718431, 36.521474], [128.71861, 36.521447], [128.719011, 36.521313], [128.719113, 36.521423], [128.719566, 36.521322], [128.720072, 36.521262], [128.720549, 36.521157]]}}, {"type": "Feature", "properties": {"name": "", "osm_id": 31952929, "origin": "OBSERVED", "highway": "track"}, "geometry": {"type": "LineString", "coordinates": [[128.720549, 36.521157], [128.72052, 36.521], [128.720291, 36.520639]]}}, {"type": "Feature", "properties": {"name": "", "osm_id": 31952933, "origin": "OBSERVED", "highway": "track"}, "geometry": {"type": "LineString", "coordinates": [[128.711493, 36.525286], [128.711503, 36.525249], [128.71165, 36.52514], [128.71186, 36.52501], [128.71223, 36.52469], [128.712261, 36.524603], [128.712102, 36.524401], [128.71203, 36.52428], [128.71195, 36.52413], [128.71186, 36.5237], [128.71195, 36.52362], [128.71217, 36.52351], [128.712404, 36.523411], [128.712695, 36.523209], [128.71302, 36.52308], [128.71333, 36.52293], [128.713481, 36.522723]]}}, {"type": "Feature", "properties": {"name": "", "osm_id": 31953198, "origin": "OBSERVED", "highway": "residential"}, "geometry": {"type": "LineString", "coordinates": [[128.761275, 36.527223], [128.7612, 36.527411], [128.761099, 36.527521], [128.76087, 36.527764], [128.760635, 36.528118], [128.760435, 36.528278], [128.760215, 36.528428], [128.759895, 36.528618], [128.759635, 36.528678], [128.759425, 36.528728], [128.759215, 36.528768], [128.758995, 36.528878], [128.758845, 36.529028], [128.758635, 36.529088], [128.758525, 36.529128], [128.758325, 36.529238], [128.758155, 36.529438], [128.758035, 36.529538], [128.757855, 36.529628], [128.757625, 36.529758], [128.757455, 36.529858], [128.757275, 36.529968], [128.757155, 36.530098], [128.756895, 36.530288], [128.756837, 36.530327], [128.756785, 36.530378], [128.756725, 36.530528], [128.756465, 36.530698], [128.756255, 36.530868], [128.756035, 36.530978], [128.755775, 36.531088], [128.755565, 36.531238], [128.755355, 36.531388], [128.755195, 36.531498], [128.755095, 36.531618], [128.755095, 36.531788], [128.755095, 36.531948], [128.755245, 36.532118], [128.755365, 36.532138], [128.755525, 36.532118], [128.755565, 36.532178], [128.755565, 36.532328], [128.755565, 36.532438]]}}, {"type": "Feature", "properties": {"name": "", "osm_id": 31953200, "origin": "OBSERVED", "highway": "residential"}, "geometry": {"type": "LineString", "coordinates": [[128.757798, 36.526106], [128.75765, 36.52624], [128.7575, 36.52634], [128.757423, 36.526423], [128.7575, 36.5266], [128.75765, 36.52694], [128.7577, 36.52714], [128.757649, 36.52724], [128.75742, 36.527333], [128.756903, 36.527539], [128.756556, 36.527663], [128.756191, 36.527953], [128.7559, 36.52812], [128.7556, 36.52827], [128.75532, 36.52845], [128.75517, 36.52855], [128.75491, 36.52866], [128.75469, 36.52875], [128.75453, 36.52877], [128.75437, 36.52872], [128.75427, 36.52864], [128.75422, 36.52857], [128.75411, 36.52864], [128.75411, 36.52881]]}}, {"type": "Feature", "properties": {"name": "", "osm_id": 31953201, "origin": "OBSERVED", "highway": "tertiary_link"}, "geometry": {"type": "LineString", "coordinates": [[128.75834, 36.52621], [128.75811, 36.52619], [128.75787, 36.52613], [128.757798, 36.526106]]}}, {"type": "Feature", "properties": {"name": "", "osm_id": 31953202, "origin": "OBSERVED", "highway": "tertiary_link"}, "geometry": {"type": "LineString", "coordinates": [[128.757798, 36.526106], [128.75765, 36.52602], [128.75749, 36.52591], [128.75733, 36.52572]]}}, {"type": "Feature", "properties": {"name": "", "osm_id": 31953203, "origin": "OBSERVED", "highway": "tertiary_link"}, "geometry": {"type": "LineString", "coordinates": [[128.756906, 36.525402], [128.75703, 36.5255], [128.75712, 36.52557], [128.75717, 36.52564]]}}, {"type": "Feature", "properties": {"name": "", "osm_id": 31953204, "origin": "OBSERVED", "highway": "track"}, "geometry": {"type": "LineString", "coordinates": [[128.75231, 36.52342], [128.75227, 36.52349], [128.75221, 36.52353], [128.75221, 36.52362], [128.75216, 36.52364], [128.7521, 36.52366], [128.7521, 36.52364], [128.75205, 36.5236], [128.75199, 36.52357], [128.7519, 36.52355], [128.75184, 36.52353], [128.75173, 36.52351], [128.75169, 36.52349], [128.75163, 36.52342], [128.75158, 36.52334], [128.75152, 36.52325], [128.75148, 36.52317], [128.75137, 36.52312], [128.75131, 36.52308], [128.75126, 36.52306], [128.7512, 36.52299], [128.75115, 36.52289], [128.75115, 36.52278], [128.75115, 36.52261], [128.75115, 36.5225], [128.75111, 36.52235], [128.75111, 36.52227], [128.75105, 36.52222], [128.751, 36.52216], [128.75096, 36.52209]]}}, {"type": "Feature", "properties": {"name": "신양곡길", "osm_id": 31953205, "origin": "OBSERVED", "highway": "residential"}, "geometry": {"type": "LineString", "coordinates": [[128.75506, 36.52336], [128.75502, 36.52328], [128.75495, 36.52321], [128.75495, 36.52317], [128.75502, 36.5231], [128.75508, 36.52304], [128.75512, 36.52295], [128.75512, 36.52291], [128.75512, 36.52287]]}}, {"type": "Feature", "properties": {"name": "", "osm_id": 31953207, "origin": "OBSERVED", "highway": "tertiary_link"}, "geometry": {"type": "LineString", "coordinates": [[128.75654, 36.525486], [128.756595, 36.525436], [128.756761, 36.525397], [128.756855, 36.52539], [128.756906, 36.525402]]}}, {"type": "Feature", "properties": {"name": "신양곡길", "osm_id": 31953210, "origin": "OBSERVED", "highway": "residential"}, "geometry": {"type": "LineString", "coordinates": [[128.756906, 36.525402], [128.75691, 36.52536], [128.75697, 36.52525], [128.75701, 36.52514], [128.75708, 36.52508], [128.75708, 36.52501], [128.75708, 36.52497], [128.75701, 36.52495], [128.75691, 36.52493], [128.75682, 36.52493], [128.75669, 36.52488], [128.75665, 36.52486], [128.75654, 36.5248], [128.75645, 36.52471], [128.75633, 36.52458], [128.75633, 36.52456], [128.75622, 36.52447], [128.75611, 36.52439], [128.75607, 36.52431], [128.75598, 36.52422], [128.7559, 36.52413], [128.75581, 36.52407], [128.75564, 36.52396], [128.75543, 36.52388], [128.75534, 36.52385], [128.75527, 36.52379], [128.75523, 36.52373], [128.75521, 36.52366], [128.75517, 36.52355], [128.75512, 36.52344], [128.75508, 36.52338], [128.75506, 36.52336], [128.75495, 36.52338], [128.75485, 36.52342], [128.7548, 36.52344], [128.75476, 36.52353], [128.75474, 36.5236], [128.75469, 36.52366], [128.75463, 36.52368]]}}, {"type": "Feature", "properties": {"name": "", "osm_id": 31953211, "origin": "OBSERVED", "highway": "track"}, "geometry": {"type": "LineString", "coordinates": [[128.75512, 36.52287], [128.75502, 36.5228], [128.75495, 36.52272], [128.75495, 36.52267], [128.75491, 36.52259], [128.75489, 36.52252], [128.75489, 36.52244], [128.75485, 36.52235], [128.75485, 36.52227], [128.75485, 36.52222], [128.75491, 36.52216], [128.75495, 36.52209], [128.75502, 36.52207], [128.75512, 36.52205], [128.75521, 36.52205], [128.75532, 36.52199], [128.75543, 36.5219], [128.75553, 36.52182], [128.75555, 36.52177], [128.75564, 36.52175], [128.75564, 36.52177], [128.7557, 36.52182], [128.7557, 36.52188], [128.75575, 36.52196], [128.75575, 36.52205], [128.7557, 36.52212], [128.75564, 36.52218], [128.7556, 36.52222], [128.7556, 36.52227], [128.7556, 36.52229], [128.75564, 36.52227], [128.75575, 36.52222], [128.75585, 36.52218], [128.75592, 36.52212], [128.75605, 36.52205], [128.75611, 36.52203], [128.75622, 36.52201], [128.75628, 36.52201], [128.75633, 36.52205], [128.75643, 36.52209], [128.75654, 36.52212], [128.75665, 36.52212], [128.75669, 36.52214], [128.75669, 36.52222], [128.75675, 36.52233], [128.7568, 36.52241]]}}, {"type": "Feature", "properties": {"name": "", "osm_id": 32029906, "origin": "OBSERVED", "highway": "track"}, "geometry": {"type": "LineString", "coordinates": [[128.67578, 36.52647], [128.67565, 36.526], [128.675656, 36.52551], [128.675658, 36.525333]]}}, {"type": "Feature", "properties": {"name": "", "osm_id": 32029907, "origin": "OBSERVED", "highway": "residential"}, "geometry": {"type": "LineString", "coordinates": [[128.67622, 36.52643], [128.676303, 36.526601], [128.676395, 36.526832], [128.67704, 36.52761], [128.67727, 36.52791], [128.67831, 36.52756], [128.67852, 36.52746], [128.67863, 36.52731], [128.67869, 36.52718], [128.67893, 36.52714], [128.6791, 36.52703], [128.67927, 36.52694], [128.67942, 36.52692], [128.67955, 36.52692], [128.67974, 36.52692], [128.67991, 36.52684], [128.68006, 36.52677], [128.68009, 36.52669], [128.68006, 36.52656], [128.68, 36.52645], [128.68006, 36.5263], [128.68013, 36.52626], [128.68017, 36.52619], [128.68017, 36.526]]}}, {"type": "Feature", "properties": {"name": "", "osm_id": 32029909, "origin": "OBSERVED", "highway": "track"}, "geometry": {"type": "LineString", "coordinates": [[128.655705, 36.520375], [128.655618, 36.520335], [128.655479, 36.520255], [128.655235, 36.520199], [128.654832, 36.519854], [128.654489, 36.519511], [128.654226, 36.519432], [128.654068, 36.519419], [128.65395, 36.519307], [128.653518, 36.518824], [128.653287, 36.518535], [128.653282, 36.518231], [128.652976, 36.517908], [128.652839, 36.517735], [128.652829, 36.517606], [128.65252, 36.517291], [128.652499, 36.517209], [128.652536, 36.517093], [128.652155, 36.516916], [128.651981, 36.516841], [128.651546, 36.516821], [128.651241, 36.516703], [128.650779, 36.516722], [128.650626, 36.51667], [128.650543, 36.516724], [128.650476, 36.516759], [128.650039, 36.516722], [128.64991, 36.516754], [128.649713, 36.516788], [128.649586, 36.516776], [128.649296, 36.516735], [128.649178, 36.516751], [128.648937, 36.516777], [128.648784, 36.516771], [128.64855, 36.516796], [128.648428, 36.516809], [128.648201, 36.516854], [128.647967, 36.516922], [128.647781, 36.516987], [128.647652, 36.517025], [128.647558, 36.517017], [128.647504, 36.516995], [128.647413, 36.516905], [128.647305, 36.516745], [128.647258, 36.516704]]}}, {"type": "Feature", "properties": {"name": "", "osm_id": 32029910, "origin": "OBSERVED", "highway": "residential"}, "geometry": {"type": "LineString", "coordinates": [[128.67704, 36.52761], [128.67687, 36.52791], [128.67678, 36.52808], [128.67669, 36.52819], [128.67663, 36.52823]]}}, {"type": "Feature", "properties": {"name": "남일로", "osm_id": 32029911, "origin": "OBSERVED", "highway": "tertiary"}, "geometry": {"type": "LineString", "coordinates": [[128.58108, 36.48851], [128.58134, 36.48819], [128.58155, 36.48797], [128.58171, 36.4878], [128.581885, 36.487666], [128.58209, 36.48755], [128.58235, 36.48746], [128.58248, 36.48744], [128.582663, 36.487433], [128.582839, 36.487493], [128.58297, 36.48759], [128.58308, 36.48776], [128.58319, 36.48793], [128.58329, 36.4881], [128.58338, 36.48826], [128.58352, 36.48838], [128.58372, 36.48851], [128.583945, 36.488585], [128.58409, 36.488585], [128.5843, 36.48851], [128.58445, 36.488423], [128.584642, 36.488437], [128.584803, 36.488564], [128.58499, 36.48875], [128.58514, 36.48892], [128.585303, 36.489046], [128.585473, 36.489118], [128.58572, 36.48916], [128.586043, 36.489177], [128.5863, 36.489189], [128.586595, 36.489185], [128.586825, 36.489185], [128.58706, 36.48918], [128.58731, 36.48911], [128.587525, 36.489009], [128.587714, 36.488988], [128.587913, 36.489014], [128.58808, 36.48909], [128.58821, 36.48913], [128.588406, 36.489225], [128.58857, 36.48933], [128.58879, 36.48935], [128.589153, 36.48935], [128.58953, 36.48935], [128.58979, 36.48933], [128.590051, 36.489306], [128.59037, 36.48931], [128.59059, 36.48933], [128.59074, 36.48941], [128.59101, 36.48957], [128.59121, 36.48967], [128.59143, 36.48971], [128.59159, 36.48969], [128.591808, 36.489597], [128.592005, 36.489488], [128.592209, 36.489374], [128.592403, 36.489275], [128.592578, 36.489217], [128.592753, 36.489213], [128.59297, 36.48926], [128.59318, 36.48933], [128.593349, 36.489358], [128.59342, 36.48937], [128.59355, 36.48941], [128.593658, 36.489422], [128.593825, 36.489451], [128.594051, 36.489464], [128.594183, 36.489454], [128.59428, 36.48941], [128.59445, 36.48931], [128.59454, 36.4892], [128.59471, 36.48903], [128.59481, 36.48886], [128.594876, 36.488765], [128.5949, 36.48873], [128.59503, 36.48862], [128.59518, 36.48854], [128.59539, 36.48849], [128.595674, 36.488492], [128.595985, 36.48851], [128.596202, 36.488521], [128.596419, 36.488557], [128.59662, 36.488603], [128.596652, 36.488616], [128.59671, 36.48864], [128.596778, 36.488731], [128.596778, 36.488839], [128.59668, 36.489004], [128.59655, 36.48918], [128.596373, 36.489463], [128.59629, 36.48963], [128.59623, 36.48978], [128.59623, 36.48995], [128.596269, 36.49005], [128.596396, 36.490133], [128.596455, 36.490172], [128.596635, 36.490233], [128.596887, 36.490252], [128.59704, 36.49023], [128.597209, 36.490188], [128.597246, 36.490176], [128.597375, 36.490133], [128.597547, 36.490091], [128.59767, 36.4901], [128.59773, 36.4901], [128.59786, 36.49012], [128.59793, 36.49016], [128.59808, 36.49025], [128.598342, 36.490434], [128.59852, 36.49057], [128.598817, 36.490751], [128.599035, 36.490863], [128.59936, 36.49102], [128.5996, 36.49115], [128.59977, 36.49128], [128.59986, 36.49137], [128.59994, 36.49147], [128.59999, 36.49163], [128.59999, 36.49173], [128.59994, 36.49184], [128.599806, 36.492063], [128.59973, 36.49216], [128.599661, 36.492322], [128.599652, 36.4925], [128.599699, 36.492738], [128.59977, 36.49293], [128.59988, 36.49315], [128.60005, 36.49325], [128.60041, 36.49341], [128.60067, 36.49351], [128.60089, 36.4936], [128.6011, 36.4937], [128.60136, 36.4939], [128.601519, 36.494031], [128.601699, 36.494173], [128.60189, 36.49435], [128.60205, 36.4945], [128.60209, 36.49463], [128.602067, 36.494837], [128.602024, 36.495214], [128.602045, 36.495303], [128.602069, 36.49553], [128.602126, 36.495786], [128.602183, 36.496016], [128.60226, 36.49628], [128.602295, 36.496471], [128.60241, 36.49671], [128.602461, 36.496799], [128.60252, 36.4969], [128.60275, 36.4972], [128.60299, 36.49748], [128.603095, 36.497572], [128.60331, 36.49776], [128.60353, 36.49798], [128.603676, 36.498129], [128.603881, 36.498439], [128.60395, 36.49866], [128.604016, 36.499051], [128.60406, 36.49939], [128.60412, 36.49974], [128.60421, 36.49999], [128.60437, 36.50032], [128.60453, 36.50066], [128.60469, 36.50102], [128.604771, 36.501268], [128.604871, 36.501688], [128.6049, 36.50203], [128.6049, 36.50227], [128.6049, 36.50239], [128.60494, 36.5025], [128.60505, 36.5027], [128.605154, 36.502826], [128.605329, 36.50299], [128.605698, 36.503277], [128.606095, 36.50354], [128.606453, 36.503821], [128.60681, 36.50411], [128.607125, 36.504337], [128.607477, 36.504593], [128.60793, 36.504916], [128.608214, 36.505129], [128.608441, 36.505302], [128.608722, 36.505522], [128.608951, 36.505693], [128.609201, 36.50587], [128.609408, 36.506049], [128.609581, 36.5062], [128.609789, 36.506387], [128.610031, 36.506639], [128.610232, 36.506905], [128.610413, 36.507197], [128.610631, 36.507537], [128.610839, 36.507795], [128.611067, 36.508028], [128.611428, 36.508315], [128.611694, 36.508508], [128.611947, 36.508768], [128.61219, 36.50902], [128.6123, 36.50911], [128.61245, 36.50922], [128.612742, 36.509363], [128.61284, 36.50941], [128.613294, 36.509545], [128.613554, 36.509625], [128.613912, 36.509812], [128.61415, 36.509968], [128.614346, 36.510118], [128.61465, 36.510449], [128.614888, 36.510779], [128.6152, 36.51108], [128.615543, 36.511362], [128.61567, 36.51152], [128.61589, 36.51179], [128.616075, 36.512098], [128.616269, 36.5124], [128.616384, 36.512652], [128.616491, 36.512978], [128.616591, 36.513168], [128.616741, 36.513428], [128.616911, 36.513598], [128.617082, 36.513808], [128.6173, 36.51398], [128.617688, 36.514192], [128.618151, 36.514432], [128.61853, 36.51467], [128.619046, 36.514939], [128.619415, 36.515126], [128.619761, 36.515284], [128.620192, 36.515407], [128.620512, 36.515557], [128.620662, 36.515667], [128.620812, 36.515817], [128.62101, 36.51611], [128.621199, 36.516406], [128.621358, 36.516677], [128.621486, 36.51694], [128.62155, 36.51722], [128.621628, 36.517502], [128.621628, 36.517742], [128.621568, 36.517972], [128.62149, 36.51821], [128.62144, 36.51842], [128.62152, 36.518616], [128.62162, 36.518786], [128.621769, 36.518876], [128.62194, 36.519], [128.622204, 36.519261], [128.62232, 36.519428], [128.622533, 36.519765], [128.62276, 36.520184], [128.622839, 36.520352], [128.6229, 36.52048], [128.623094, 36.52079], [128.623273, 36.521041], [128.623483, 36.521341], [128.62368, 36.52158], [128.623886, 36.521738], [128.624186, 36.521958], [128.624506, 36.522128], [128.624826, 36.522318], [128.625146, 36.522538], [128.625467, 36.522778], [128.62574, 36.52299], [128.62597, 36.52317], [128.626289, 36.523387], [128.626513, 36.52357], [128.626695, 36.523766], [128.626805, 36.523916], [128.626955, 36.524126], [128.627146, 36.524363], [128.62724, 36.5245], [128.62734, 36.52467], [128.627509, 36.524778], [128.6277, 36.524921], [128.628071, 36.525156], [128.62812, 36.52523], [128.62825, 36.52544], [128.628316, 36.525535], [128.628374, 36.525619], [128.628464, 36.525779], [128.628594, 36.525919], [128.62882, 36.52611], [128.62908, 36.52628], [128.629214, 36.526388], [128.629311, 36.526473], [128.62956, 36.52666], [128.629814, 36.526865], [128.629924, 36.526966], [128.630006, 36.527059], [128.630061, 36.527108], [128.6302, 36.52735], [128.630239, 36.527404], [128.630397, 36.527622], [128.63056, 36.52787], [128.630764, 36.528221], [128.630952, 36.52854], [128.63121, 36.52883], [128.6314, 36.52907], [128.63159, 36.52928], [128.63179, 36.5295], [128.63198, 36.52975], [128.63215, 36.52999], [128.6323, 36.53023], [128.63243, 36.53046], [128.63252, 36.53068], [128.63262, 36.53096], [128.63269, 36.53123], [128.63276, 36.531545], [128.63284, 36.53179], [128.63294, 36.53203], [128.6331, 36.53233], [128.633343, 36.532678], [128.63363, 36.53306], [128.633914, 36.533562], [128.634249, 36.534034], [128.634466, 36.534363], [128.634723, 36.534763], [128.63494, 36.53506], [128.63519, 36.535449], [128.635467, 36.535905], [128.635718, 36.536198], [128.635897, 36.536369], [128.636116, 36.536524], [128.63627, 36.53662], [128.636379, 36.536738], [128.636449, 36.536851], [128.636623, 36.537137], [128.636724, 36.537288], [128.636804, 36.53736], [128.637016, 36.537519], [128.63723, 36.537687], [128.637388, 36.537801], [128.63751, 36.537956], [128.63763, 36.538146], [128.637762, 36.538421], [128.637909, 36.538754], [128.638069, 36.539144], [128.638184, 36.539433], [128.638407, 36.539974], [128.638565, 36.540396], [128.638716, 36.540829], [128.638815, 36.541098], [128.638863, 36.54115]]}}, {"type": "Feature", "properties": {"name": "", "osm_id": 32029915, "origin": "OBSERVED", "highway": "residential"}, "geometry": {"type": "LineString", "coordinates": [[128.68273, 36.52574], [128.68223, 36.52583], [128.68138, 36.52608], [128.68116, 36.52628], [128.6809, 36.52643], [128.68028, 36.52673], [128.68006, 36.52677]]}}, {"type": "Feature", "properties": {"name": "", "osm_id": 32029916, "origin": "OBSERVED", "highway": "residential"}, "geometry": {"type": "LineString", "coordinates": [[128.67663, 36.52823], [128.67622, 36.52806], [128.67599, 36.52795], [128.67573, 36.52793], [128.675495, 36.527809], [128.67522, 36.527579], [128.674958, 36.527397], [128.674613, 36.527021], [128.674366, 36.526729]]}}, {"type": "Feature", "properties": {"name": "", "osm_id": 32029944, "origin": "OBSERVED", "highway": "track"}, "geometry": {"type": "LineString", "coordinates": [[128.651785, 36.541004], [128.651665, 36.540815], [128.6516, 36.54067], [128.651119, 36.539743], [128.650835, 36.539436], [128.650648, 36.539225], [128.650538, 36.539111], [128.650489, 36.539005], [128.650491, 36.538955], [128.650516, 36.538938], [128.650604, 36.538877], [128.650741, 36.538882], [128.650884, 36.538926], [128.650988, 36.53897], [128.651099, 36.539026], [128.651181, 36.539036], [128.651201, 36.538984], [128.651177, 36.538892], [128.651117, 36.538702], [128.65107, 36.53857], [128.650915, 36.538294], [128.6508, 36.53808], [128.65071, 36.53786], [128.650682, 36.53777], [128.65062, 36.537623], [128.650601, 36.537516], [128.65061, 36.537324], [128.65054, 36.53722], [128.650399, 36.537079], [128.65032, 36.53701], [128.65026, 36.5369], [128.65022, 36.53677], [128.65011, 36.5366], [128.650022, 36.536423], [128.649952, 36.536274], [128.649952, 36.536164], [128.649972, 36.536083], [128.650071, 36.536002], [128.650082, 36.535993], [128.650269, 36.535878], [128.650432, 36.535717], [128.650491, 36.535696], [128.650602, 36.535657], [128.650662, 36.535597], [128.650702, 36.535527], [128.650702, 36.535437], [128.65071, 36.53538], [128.65071, 36.53525], [128.650703, 36.5351], [128.6508, 36.53497]]}}, {"type": "Feature", "properties": {"name": "낙동강 자전거길", "osm_id": 32029956, "origin": "OBSERVED", "highway": "cycleway"}, "geometry": {"type": "LineString", "coordinates": [[128.666665, 36.535168], [128.666473, 36.535058], [128.666322, 36.534972], [128.66622, 36.534908], [128.666173, 36.534872], [128.66614, 36.53484], [128.666084, 36.534768], [128.665923, 36.534548], [128.665719, 36.534288], [128.66569, 36.534253], [128.665663, 36.534228], [128.665622, 36.534199], [128.665569, 36.534171], [128.665487, 36.534132], [128.665353, 36.534069], [128.664998, 36.533886], [128.664768, 36.53377], [128.664583, 36.533662], [128.664504, 36.533624], [128.664494, 36.533619], [128.664435, 36.533591], [128.664314, 36.533547], [128.664182, 36.533512], [128.663825, 36.533455], [128.663722, 36.533439], [128.663606, 36.533417], [128.663524, 36.533414], [128.663441, 36.533411], [128.663336, 36.533414], [128.663232, 36.533425], [128.663118, 36.533443], [128.663016, 36.533462], [128.662933, 36.533481], [128.662857, 36.533506], [128.662798, 36.533534], [128.662745, 36.533566], [128.662689, 36.533607], [128.662622, 36.533659], [128.662463, 36.5338], [128.662066, 36.534164], [128.66168, 36.534518], [128.661513, 36.534683], [128.66128, 36.534899], [128.660813, 36.53535], [128.660732, 36.535428], [128.660664, 36.535502], [128.660591, 36.535592], [128.660554, 36.535639], [128.660525, 36.53569], [128.66048, 36.535773], [128.660439, 36.535858], [128.660383, 36.535974], [128.660232, 36.536317], [128.660042, 36.536739], [128.659986, 36.53686], [128.659929, 36.536967], [128.659856, 36.537089], [128.659771, 36.53722], [128.6597, 36.537327], [128.659549, 36.537537], [128.659329, 36.537836], [128.658924, 36.538393], [128.658693, 36.538716], [128.658339, 36.53921], [128.65822, 36.53941], [128.658074, 36.539638], [128.657942, 36.539842], [128.657833, 36.540029], [128.657778, 36.54013], [128.657637, 36.540396], [128.657576, 36.540493], [128.657515, 36.540668]]}}, {"type": "Feature", "properties": {"name": "", "osm_id": 32029957, "origin": "OBSERVED", "highway": "unclassified"}, "geometry": {"type": "LineString", "coordinates": [[128.666369, 36.526252], [128.66674, 36.52748], [128.666756, 36.527732], [128.666769, 36.52795], [128.666926, 36.528342], [128.667007, 36.528717], [128.66713, 36.528982], [128.667278, 36.529243], [128.667436, 36.529483], [128.667685, 36.529807], [128.667731, 36.529867], [128.66798, 36.530139], [128.668176, 36.530176]]}}, {"type": "Feature", "properties": {"name": "", "osm_id": 32029958, "origin": "OBSERVED", "highway": "track"}, "geometry": {"type": "LineString", "coordinates": [[128.675658, 36.525333], [128.675714, 36.524437]]}}, {"type": "Feature", "properties": {"name": "", "osm_id": 32029959, "origin": "OBSERVED", "highway": "track"}, "geometry": {"type": "LineString", "coordinates": [[128.675714, 36.524437], [128.675712, 36.524353], [128.67504, 36.52428], [128.674646, 36.524251], [128.67418, 36.524238], [128.673672, 36.524236], [128.673318, 36.524316], [128.672843, 36.524479], [128.672248, 36.524766], [128.671431, 36.52526], [128.669992, 36.525536], [128.66845, 36.52585], [128.666734, 36.526181], [128.666369, 36.526252]]}}, {"type": "Feature", "properties": {"name": "", "osm_id": 32029964, "origin": "OBSERVED", "highway": "unclassified"}, "geometry": {"type": "LineString", "coordinates": [[128.669287, 36.530389], [128.669381, 36.530397]]}}, {"type": "Feature", "properties": {"name": "", "osm_id": 32029965, "origin": "OBSERVED", "highway": "unclassified"}, "geometry": {"type": "LineString", "coordinates": [[128.668176, 36.530176], [128.669287, 36.530389]]}}, {"type": "Feature", "properties": {"name": "", "osm_id": 32531442, "origin": "OBSERVED", "highway": "residential"}, "geometry": {"type": "LineString", "coordinates": [[128.64605, 36.48525], [128.645971, 36.485292], [128.645789, 36.485319], [128.645575, 36.485354], [128.645418, 36.485348], [128.64488, 36.48521], [128.6444, 36.48487], [128.64414, 36.48469], [128.64382, 36.48446], [128.64367, 36.48437], [128.64331, 36.4842], [128.64314, 36.48414], [128.64266, 36.48401], [128.64183, 36.48386], [128.64134, 36.48401], [128.64118, 36.48446], [128.64076, 36.48467], [128.64013, 36.48467], [128.63945, 36.48463], [128.63929, 36.48463]]}}, {"type": "Feature", "properties": {"name": "", "osm_id": 32531443, "origin": "OBSERVED", "highway": "residential"}, "geometry": {"type": "LineString", "coordinates": [[128.63929, 36.48463], [128.63914, 36.48493], [128.63891, 36.4854], [128.638749, 36.485705], [128.638536, 36.486285], [128.638402, 36.486597], [128.638366, 36.486733], [128.638422, 36.487093], [128.63842, 36.48718], [128.638384, 36.487371], [128.63833, 36.487454], [128.638193, 36.487688], [128.638106, 36.487955], [128.638065, 36.488017], [128.637873, 36.488183], [128.637619, 36.48843], [128.637336, 36.48872], [128.637237, 36.488701], [128.637121, 36.488627], [128.637035, 36.488557], [128.63685, 36.48845], [128.63677, 36.488366], [128.636735, 36.488348]]}}, {"type": "Feature", "properties": {"name": "", "osm_id": 32531445, "origin": "OBSERVED", "highway": "unclassified"}, "geometry": {"type": "LineString", "coordinates": [[128.652197, 36.47735], [128.65264, 36.47725], [128.65301, 36.47716], [128.65344, 36.4771], [128.65397, 36.4771], [128.65423, 36.47708], [128.6546, 36.47708], [128.65481, 36.47705], [128.65518, 36.47693], [128.65534, 36.47684], [128.6556, 36.47673], [128.65576, 36.47665], [128.65586, 36.47663], [128.65603, 36.4766], [128.6564, 36.47658], [128.65698, 36.4766], [128.657614, 36.476579], [128.658209, 36.476533], [128.65854, 36.476572], [128.658942, 36.476524], [128.659289, 36.476487], [128.659943, 36.476436]]}}, {"type": "Feature", "properties": {"name": "", "osm_id": 32531446, "origin": "OBSERVED", "highway": "primary_link"}, "geometry": {"type": "LineString", "coordinates": [[128.659943, 36.476436], [128.660133, 36.476395], [128.660289, 36.476355], [128.66044, 36.476264], [128.660578, 36.476163]]}}, {"type": "Feature", "properties": {"name": "", "osm_id": 32531447, "origin": "OBSERVED", "highway": "residential"}, "geometry": {"type": "LineString", "coordinates": [[128.65854, 36.476572], [128.658275, 36.476795], [128.65816, 36.476899], [128.657988, 36.477067], [128.657837, 36.477309], [128.65764, 36.477663], [128.657354, 36.478294], [128.657321, 36.478389], [128.657176, 36.478633], [128.656787, 36.479285], [128.656745, 36.479458], [128.656721, 36.479741], [128.656663, 36.480173]]}}, {"type": "Feature", "properties": {"name": "", "osm_id": 32531448, "origin": "OBSERVED", "highway": "residential"}, "geometry": {"type": "LineString", "coordinates": [[128.637336, 36.48872], [128.637307, 36.48884], [128.637272, 36.488909], [128.637204, 36.489167], [128.637148, 36.489443], [128.637101, 36.489679], [128.63696, 36.48974], [128.63668, 36.48974], [128.636412, 36.489725]]}}, {"type": "Feature", "properties": {"name": "", "osm_id": 32531449, "origin": "OBSERVED", "highway": "track"}, "geometry": {"type": "LineString", "coordinates": [[128.63711, 36.49813], [128.6367, 36.49838], [128.63642, 36.49845], [128.63629, 36.49849], [128.63606, 36.49858], [128.63595, 36.49864], [128.63571, 36.49868], [128.63552, 36.49872], [128.63537, 36.49877], [128.63522, 36.49879]]}}, {"type": "Feature", "properties": {"name": "", "osm_id": 32531450, "origin": "OBSERVED", "highway": "track"}, "geometry": {"type": "LineString", "coordinates": [[128.63531, 36.493159], [128.6349, 36.49349], [128.63464, 36.4937], [128.63458, 36.49381], [128.63449, 36.4939], [128.63436, 36.49396], [128.63427, 36.49396], [128.63412, 36.49398], [128.63404, 36.49411], [128.63391, 36.49424], [128.63374, 36.49437], [128.63359, 36.49448], [128.63346, 36.49467], [128.63327, 36.49489], [128.6331, 36.49504], [128.63294, 36.49521], [128.63282, 36.49536], [128.63273, 36.49544], [128.63269, 36.49555], [128.63269, 36.4957], [128.63258, 36.49585], [128.63241, 36.496], [128.63221, 36.49617], [128.63206, 36.4963], [128.63183, 36.49654], [128.63162, 36.49675], [128.63153, 36.49688], [128.63142, 36.49705], [128.63136, 36.4972], [128.63136, 36.49735], [128.63134, 36.49755], [128.63121, 36.49774], [128.63104, 36.49787], [128.63084, 36.49806], [128.63069, 36.49821], [128.63063, 36.49843], [128.63052, 36.49864], [128.63041, 36.49885], [128.63026, 36.49905], [128.63009, 36.49926], [128.62983, 36.49948], [128.62956, 36.49967], [128.62936, 36.4998], [128.6291, 36.49993], [128.62889, 36.50006], [128.62876, 36.50012], [128.62852, 36.50025]]}}, {"type": "Feature", "properties": {"name": "", "osm_id": 32531451, "origin": "OBSERVED", "highway": "residential"}, "geometry": {"type": "LineString", "coordinates": [[128.632169, 36.482259], [128.632084, 36.482467], [128.632, 36.482626], [128.63196, 36.482711], [128.631953, 36.482806], [128.631994, 36.482914], [128.631895, 36.482993], [128.631665, 36.482993]]}}, {"type": "Feature", "properties": {"name": "", "osm_id": 32531459, "origin": "OBSERVED", "highway": "track"}, "geometry": {"type": "LineString", "coordinates": [[128.658674, 36.438223], [128.65861, 36.43856], [128.65856, 36.43864], [128.65856, 36.43873], [128.65852, 36.43875], [128.65835, 36.4389], [128.65824, 36.43901], [128.65809, 36.43907], [128.65805, 36.43916], [128.65805, 36.43933], [128.65798, 36.43952], [128.65792, 36.43957], [128.65792, 36.43967], [128.65788, 36.4398], [128.65788, 36.43987], [128.65782, 36.44006], [128.65766, 36.44021], [128.65756, 36.44034], [128.6574, 36.44049], [128.6573, 36.4406], [128.65719, 36.4407], [128.65708, 36.44077], [128.65698, 36.44088], [128.65687, 36.44094], [128.65676, 36.44099], [128.65666, 36.44107], [128.65657, 36.44116], [128.65646, 36.44122], [128.65631, 36.44135], [128.65625, 36.44141], [128.65618, 36.44144], [128.65609, 36.44144], [128.65603, 36.44145], [128.65582, 36.44144], [128.65567, 36.44145], [128.65554, 36.44141], [128.65539, 36.44144], [128.65518, 36.4415], [128.65505, 36.44157], [128.65498, 36.44161], [128.65487, 36.44161], [128.65476, 36.44158], [128.6547, 36.44163], [128.65464, 36.44167], [128.65451, 36.44176], [128.65449, 36.4418], [128.65434, 36.44182], [128.65423, 36.44189], [128.65419, 36.44193]]}}, {"type": "Feature", "properties": {"name": "관사길", "osm_id": 32531461, "origin": "OBSERVED", "highway": "residential"}, "geometry": {"type": "LineString", "coordinates": [[128.6569, 36.473473], [128.656801, 36.473541], [128.656718, 36.473613], [128.656616, 36.473691], [128.65655, 36.47362], [128.65634, 36.47349], [128.65608, 36.47332], [128.65597, 36.47321], [128.65576, 36.47291], [128.6556, 36.47272], [128.65545, 36.47259], [128.65524, 36.47242], [128.65502, 36.47223], [128.65487, 36.47208], [128.65476, 36.47203], [128.6546, 36.4719], [128.65444, 36.4718], [128.65434, 36.47169], [128.654302, 36.471581], [128.654313, 36.47145], [128.654316, 36.471115], [128.65434, 36.47098], [128.65434, 36.47081], [128.65435, 36.47015], [128.65435, 36.46993], [128.65437, 36.46974], [128.65446, 36.46959], [128.65451, 36.469478], [128.65461, 36.46937], [128.654633, 36.469267], [128.654654, 36.469171], [128.65476, 36.46894], [128.65476, 36.46875], [128.65487, 36.4686], [128.65494, 36.468444], [128.654972, 36.46836], [128.654948, 36.468083], [128.65496, 36.46789]]}}, {"type": "Feature", "properties": {"name": "", "osm_id": 32531462, "origin": "OBSERVED", "highway": "residential"}, "geometry": {"type": "LineString", "coordinates": [[128.658238, 36.459765], [128.657868, 36.459658], [128.657758, 36.459603], [128.65766, 36.45948], [128.657481, 36.459259], [128.657123, 36.458993], [128.65698, 36.45886], [128.65682, 36.45877], [128.65661, 36.45864], [128.65635, 36.45851], [128.65622, 36.458406], [128.65597, 36.45819], [128.65586, 36.45811], [128.65571, 36.45793], [128.6555, 36.45772], [128.65539, 36.45761], [128.65534, 36.45755], [128.6553, 36.45744], [128.655281, 36.45729], [128.655291, 36.457182], [128.655339, 36.45715]]}}, {"type": "Feature", "properties": {"name": "", "osm_id": 32531463, "origin": "OBSERVED", "highway": "residential"}, "geometry": {"type": "LineString", "coordinates": [[128.65483, 36.456647], [128.654878, 36.456856], [128.65492, 36.45699], [128.65496, 36.45708], [128.65502, 36.45718], [128.65507, 36.45727], [128.65513, 36.45738], [128.65513, 36.45748], [128.65509, 36.45761], [128.65502, 36.4577], [128.65496, 36.45779], [128.65487, 36.45785], [128.65483, 36.45793], [128.65483, 36.45802], [128.654887, 36.458108], [128.654939, 36.458179], [128.654981, 36.458237], [128.65502, 36.4583]]}}, {"type": "Feature", "properties": {"name": "중앙통길", "osm_id": 32531464, "origin": "OBSERVED", "highway": "residential"}, "geometry": {"type": "LineString", "coordinates": [[128.658429, 36.468243], [128.658229, 36.468263], [128.657969, 36.468343], [128.657699, 36.468413], [128.657549, 36.468473], [128.657389, 36.468563], [128.657329, 36.468623], [128.6573, 36.468761], [128.657362, 36.469033], [128.657345, 36.46916], [128.657241, 36.469512], [128.657201, 36.469954], [128.657173, 36.470155], [128.657119, 36.470833], [128.657009, 36.471673], [128.656963, 36.472056], [128.65694, 36.472253], [128.656879, 36.472723], [128.656836, 36.473139], [128.6569, 36.473473]]}}, {"type": "Feature", "properties": {"name": "논들길", "osm_id": 32531465, "origin": "OBSERVED", "highway": "residential"}, "geometry": {"type": "LineString", "coordinates": [[128.658328, 36.473044], [128.658387, 36.473107], [128.658462, 36.473189], [128.658569, 36.473309], [128.65872, 36.47345], [128.658835, 36.473635], [128.65893, 36.47373], [128.659038, 36.473818], [128.659158, 36.473888], [128.659494, 36.474081], [128.65972, 36.47422], [128.65988, 36.47431], [128.659914, 36.474336], [128.6598, 36.474591], [128.659643, 36.474934]]}}, {"type": "Feature", "properties": {"name": "", "osm_id": 32531467, "origin": "OBSERVED", "highway": "primary_link"}, "geometry": {"type": "LineString", "coordinates": [[128.662719, 36.467196], [128.662718, 36.466913], [128.662687, 36.466593], [128.662662, 36.466186], [128.662673, 36.465998]]}}, {"type": "Feature", "properties": {"name": "", "osm_id": 32531468, "origin": "OBSERVED", "highway": "track"}, "geometry": {"type": "LineString", "coordinates": [[128.642181, 36.454128], [128.64193, 36.45452], [128.641704, 36.454809], [128.641601, 36.454991], [128.641561, 36.455123], [128.641601, 36.455187], [128.64176, 36.45528], [128.64183, 36.45536], [128.64187, 36.45542], [128.64187, 36.45555], [128.641792, 36.455806], [128.6417, 36.4562], [128.64166, 36.45639], [128.64161, 36.45663], [128.64161, 36.45682], [128.64161, 36.45701]]}}, {"type": "Feature", "properties": {"name": "", "osm_id": 32531469, "origin": "OBSERVED", "highway": "track"}, "geometry": {"type": "LineString", "coordinates": [[128.646249, 36.471038], [128.64616, 36.47085], [128.6461, 36.47077], [128.6461, 36.47057], [128.64608, 36.47049], [128.64605, 36.47042], [128.6461, 36.47036], [128.64614, 36.47029], [128.6461, 36.47021], [128.64601, 36.47008], [128.64588, 36.46993], [128.64584, 36.46987], [128.64562, 36.46965], [128.64556, 36.46952], [128.64556, 36.46944], [128.64562, 36.46937], [128.64582, 36.46933], [128.6459, 36.46929]]}}, {"type": "Feature", "properties": {"name": "", "osm_id": 32531470, "origin": "OBSERVED", "highway": "residential"}, "geometry": {"type": "LineString", "coordinates": [[128.646772, 36.471396], [128.647058, 36.471333], [128.6473, 36.47148], [128.64758, 36.47158], [128.6479, 36.47173], [128.64801, 36.4719], [128.6482, 36.47218], [128.64843, 36.4724], [128.64869, 36.47263], [128.64891, 36.47285], [128.64938, 36.47311], [128.64964, 36.47338], [128.64981, 36.47369], [128.65002, 36.4739], [128.65022, 36.47403], [128.65026, 36.47405], [128.65028, 36.47414], [128.65043, 36.47452], [128.65043, 36.47476], [128.65039, 36.47499], [128.65048, 36.47517], [128.65054, 36.47529], [128.65075, 36.47557], [128.65086, 36.47587], [128.65095, 36.47622], [128.65106, 36.47641], [128.65138, 36.4765], [128.65155, 36.47656], [128.6517, 36.47677], [128.6518, 36.47688], [128.65197, 36.47716], [128.65202, 36.47725], [128.651982, 36.477361]]}}, {"type": "Feature", "properties": {"name": "", "osm_id": 32531471, "origin": "OBSERVED", "highway": "residential"}, "geometry": {"type": "LineString", "coordinates": [[128.65022, 36.47403], [128.65032, 36.47399], [128.65054, 36.47388], [128.65071, 36.47381]]}}, {"type": "Feature", "properties": {"name": "", "osm_id": 32531472, "origin": "OBSERVED", "highway": "track"}, "geometry": {"type": "LineString", "coordinates": [[128.636346, 36.449456], [128.6361, 36.44948], [128.635645, 36.449401], [128.635445, 36.449468], [128.635075, 36.449578], [128.634755, 36.449618], [128.63403, 36.449806], [128.63393, 36.449816]]}}, {"type": "Feature", "properties": {"name": "", "osm_id": 32531474, "origin": "OBSERVED", "highway": "track"}, "geometry": {"type": "LineString", "coordinates": [[128.631656, 36.450074], [128.631696, 36.450304], [128.631696, 36.450544], [128.631746, 36.450624]]}}, {"type": "Feature", "properties": {"name": "", "osm_id": 32531476, "origin": "OBSERVED", "highway": "track"}, "geometry": {"type": "LineString", "coordinates": [[128.673834, 36.470843], [128.673672, 36.47083], [128.673482, 36.470798], [128.673173, 36.470788], [128.672532, 36.470816], [128.672078, 36.470776], [128.671722, 36.470696], [128.671401, 36.470612], [128.671274, 36.470543], [128.67108, 36.47047], [128.670782, 36.470401], [128.670625, 36.47037], [128.670504, 36.470361], [128.670446, 36.470376], [128.669654, 36.470507], [128.668787, 36.470639], [128.668471, 36.470683], [128.668305, 36.470713], [128.668098, 36.47081], [128.667806, 36.47074], [128.667321, 36.470761], [128.667038, 36.470795], [128.666618, 36.470847], [128.665887, 36.470923], [128.665386, 36.470952], [128.66522, 36.47098], [128.665108, 36.470864]]}}, {"type": "Feature", "properties": {"name": "", "osm_id": 32531504, "origin": "OBSERVED", "highway": "track"}, "geometry": {"type": "LineString", "coordinates": [[128.63393, 36.449816], [128.633732, 36.449925], [128.63305, 36.4501], [128.63273, 36.45021], [128.63247, 36.45026], [128.632201, 36.450307], [128.632002, 36.450426], [128.631811, 36.450546], [128.631746, 36.450624], [128.631263, 36.450675], [128.63116, 36.45072], [128.630876, 36.450723], [128.63073, 36.45062], [128.63046, 36.45051], [128.63009, 36.45038], [128.62988, 36.4503], [128.62968, 36.45023]]}}, {"type": "Feature", "properties": {"name": "", "osm_id": 32531505, "origin": "OBSERVED", "highway": "track"}, "geometry": {"type": "LineString", "coordinates": [[128.639328, 36.464808], [128.639273, 36.464917], [128.639103, 36.465016], [128.638982, 36.465036], [128.638921, 36.465053], [128.638763, 36.465056], [128.63866, 36.465117], [128.638612, 36.465186], [128.638502, 36.465376], [128.638442, 36.465596], [128.638502, 36.465826], [128.638502, 36.466066], [128.638492, 36.466162], [128.638403, 36.466256], [128.638293, 36.466326], [128.637992, 36.466326], [128.637822, 36.466326], [128.637773, 36.466346], [128.637622, 36.466496], [128.637673, 36.466686], [128.637712, 36.466856], [128.637712, 36.466946], [128.637682, 36.467011], [128.637454, 36.467134], [128.637182, 36.467266], [128.636982, 36.467336], [128.636832, 36.467396], [128.636722, 36.467566], [128.636743, 36.467782], [128.636812, 36.468016], [128.636922, 36.468206], [128.636812, 36.468406], [128.636832, 36.468536], [128.636982, 36.468766], [128.637072, 36.468876], [128.637352, 36.468876], [128.637603, 36.468896], [128.637712, 36.468966], [128.637763, 36.468986], [128.637773, 36.469026], [128.637822, 36.469116], [128.637802, 36.469156], [128.637763, 36.469236], [128.637673, 36.469306], [128.637503, 36.469346], [128.637303, 36.469346], [128.637133, 36.469326], [128.637072, 36.469326], [128.636963, 36.469326], [128.636873, 36.469366], [128.636812, 36.469396], [128.636812, 36.469516], [128.636812, 36.469566], [128.636773, 36.469646], [128.636662, 36.469756], [128.636603, 36.469906], [128.636662, 36.469976], [128.636773, 36.470056], [128.636873, 36.470146], [128.636982, 36.470266], [128.636982, 36.470396], [128.636982, 36.470506], [128.637072, 36.470676], [128.637133, 36.470786], [128.637393, 36.470936], [128.637563, 36.470956], [128.637603, 36.470936], [128.637822, 36.470806], [128.637923, 36.470806], [128.638082, 36.470846], [128.638252, 36.470876], [128.638313, 36.470876], [128.638403, 36.470876], [128.638502, 36.470846], [128.638723, 36.470826], [128.638933, 36.470826], [128.639193, 36.470806], [128.639363, 36.470806], [128.639512, 36.470786], [128.639733, 36.470746], [128.639882, 36.470726], [128.640093, 36.470726], [128.640353, 36.470726], [128.640562, 36.470746], [128.640783, 36.470766], [128.640893, 36.470766], [128.640993, 36.470746], [128.641042, 36.470636], [128.641062, 36.470509]]}}, {"type": "Feature", "properties": {"name": "", "osm_id": 32531507, "origin": "OBSERVED", "highway": "tertiary"}, "geometry": {"type": "LineString", "coordinates": [[128.658314, 36.459447], [128.658265, 36.459366], [128.65811, 36.459158], [128.657933, 36.458947]]}}, {"type": "Feature", "properties": {"name": "", "osm_id": 32531508, "origin": "OBSERVED", "highway": "tertiary"}, "geometry": {"type": "LineString", "coordinates": [[128.658476, 36.4603], [128.658473, 36.460022], [128.658441, 36.45978], [128.658376, 36.459547], [128.658314, 36.459447]]}}, {"type": "Feature", "properties": {"name": "", "osm_id": 32531511, "origin": "OBSERVED", "highway": "tertiary"}, "geometry": {"type": "LineString", "coordinates": [[128.65777, 36.45882], [128.6574, 36.45862], [128.6571, 36.45845], [128.65676, 36.45828], [128.65629, 36.45806], [128.65597, 36.45789], [128.65582, 36.45783], [128.655643, 36.457696], [128.655562, 36.457594], [128.655465, 36.45744], [128.65541, 36.45727], [128.655339, 36.45715], [128.6553, 36.45708], [128.65522, 36.45699], [128.65518, 36.45695], [128.65502, 36.45682], [128.65483, 36.456647], [128.654782, 36.456597], [128.6546, 36.45645], [128.65444, 36.45637], [128.65428, 36.45628], [128.654008, 36.456171], [128.653688, 36.456086], [128.65344, 36.456], [128.653155, 36.4559], [128.6527, 36.4557], [128.65245, 36.4556], [128.65191, 36.45538], [128.6517, 36.45528], [128.651509, 36.455182], [128.65138, 36.4551], [128.651053, 36.454931], [128.650871, 36.454848], [128.650618, 36.454755], [128.650247, 36.454603], [128.649893, 36.454445], [128.64974, 36.45439], [128.649567, 36.454318], [128.649395, 36.454297], [128.649116, 36.454266], [128.648856, 36.454266], [128.648646, 36.454266], [128.648271, 36.454277], [128.648004, 36.454293], [128.647916, 36.454309], [128.647706, 36.454349], [128.647556, 36.454379], [128.647406, 36.454379], [128.647236, 36.454349], [128.647086, 36.454289], [128.64683, 36.45409], [128.64672, 36.45399], [128.64653, 36.45381], [128.64642, 36.45373], [128.6462, 36.45358], [128.64604, 36.45347], [128.64595, 36.45341], [128.64573, 36.45328], [128.645595, 36.453201], [128.645432, 36.453131], [128.645138, 36.453064], [128.644802, 36.453008], [128.644523, 36.45297], [128.64429, 36.452934], [128.64399, 36.45289], [128.643637, 36.452814], [128.643355, 36.452725], [128.643224, 36.452667], [128.643023, 36.452554], [128.64277, 36.4524], [128.64251, 36.45227], [128.6423, 36.45219], [128.64213, 36.45214], [128.641865, 36.452088], [128.64144, 36.452094], [128.641255, 36.452061], [128.640924, 36.452021], [128.640722, 36.451933], [128.64054, 36.45182], [128.64028, 36.45163], [128.63996, 36.45141], [128.639668, 36.451199], [128.639409, 36.451055], [128.63897, 36.45085], [128.63859, 36.45066], [128.638258, 36.450508], [128.637758, 36.450215], [128.637315, 36.449983], [128.636945, 36.449786], [128.63664, 36.44963], [128.636404, 36.449491], [128.636346, 36.449456], [128.63616, 36.44933], [128.636034, 36.449191], [128.63591, 36.44903], [128.63558, 36.44856], [128.63537, 36.44824], [128.63511, 36.44787], [128.634814, 36.447495], [128.634618, 36.447211], [128.634455, 36.447001], [128.634299, 36.446821], [128.6341, 36.44656], [128.63395, 36.44635], [128.63378, 36.44611], [128.63369, 36.445998], [128.63359, 36.4459], [128.633406, 36.44578], [128.633249, 36.445704], [128.63314, 36.44566], [128.632975, 36.445619], [128.63282, 36.44557], [128.63269, 36.44553], [128.632548, 36.445495], [128.63247, 36.44547], [128.63237, 36.44543], [128.63226, 36.44538], [128.632201, 36.44533], [128.632137, 36.445264], [128.63211, 36.44519], [128.632076, 36.445084], [128.63204, 36.44502], [128.632, 36.44493], [128.63196, 36.44484], [128.631925, 36.444801], [128.631807, 36.444668], [128.631696, 36.44457], [128.631583, 36.444451], [128.63153, 36.44435], [128.63153, 36.44427], [128.631571, 36.444148], [128.631688, 36.444063], [128.631826, 36.443942], [128.631893, 36.443865], [128.63194, 36.44379], [128.631973, 36.443695], [128.631954, 36.443582], [128.631921, 36.443433], [128.631855, 36.443265], [128.631804, 36.443149], [128.631724, 36.44302], [128.631633, 36.442958], [128.631511, 36.442951], [128.631277, 36.443015], [128.631131, 36.443064], [128.630999, 36.44308], [128.63088, 36.443094], [128.63078, 36.44309], [128.630674, 36.443055], [128.63063, 36.44302], [128.630513, 36.442923], [128.630421, 36.442801], [128.630357, 36.442653], [128.630258, 36.442433], [128.6302, 36.44231], [128.630114, 36.44211], [128.630047, 36.442039], [128.62998, 36.44197], [128.629877, 36.441872], [128.62983, 36.44182], [128.62973, 36.44171], [128.629684, 36.441666], [128.62966, 36.44163], [128.629625, 36.441572], [128.6296, 36.44145], [128.629586, 36.441301], [128.62956, 36.44105], [128.629538, 36.440824], [128.629491, 36.44055], [128.629435, 36.440252], [128.6294, 36.44], [128.62936, 36.43985], [128.6293, 36.43972], [128.629229, 36.439634], [128.62915, 36.43957], [128.629023, 36.439501], [128.628882, 36.439452], [128.628645, 36.439427], [128.6284, 36.43939], [128.628163, 36.439339], [128.627952, 36.439295], [128.627708, 36.439222], [128.6276, 36.43914], [128.62745, 36.43903], [128.62734, 36.4389], [128.62715, 36.43862], [128.626902, 36.43822], [128.62661, 36.43777], [128.6264, 36.43746], [128.62623, 36.43719], [128.62608, 36.43695], [128.626042, 36.436893], [128.62588, 36.43665], [128.62576, 36.43643], [128.62565, 36.43624], [128.6255, 36.43613], [128.62535, 36.43601], [128.62503, 36.43584], [128.624683, 36.435634], [128.62466, 36.43562], [128.62445, 36.4354], [128.62419, 36.43519], [128.623853, 36.434863], [128.623762, 36.434764], [128.62374, 36.43474], [128.62348, 36.4345], [128.623123, 36.434146]]}}, {"type": "Feature", "properties": {"name": "", "osm_id": 32531512, "origin": "OBSERVED", "highway": "tertiary"}, "geometry": {"type": "LineString", "coordinates": [[128.657933, 36.458947], [128.65777, 36.45882]]}}, {"type": "Feature", "properties": {"name": "", "osm_id": 32531513, "origin": "OBSERVED", "highway": "primary_link"}, "geometry": {"type": "LineString", "coordinates": [[128.660291, 36.476808], [128.660277, 36.476618], [128.660223, 36.476522], [128.660173, 36.476479], [128.660114, 36.476455], [128.659943, 36.476436]]}}, {"type": "Feature", "properties": {"name": "경북대로", "osm_id": 32531517, "origin": "OBSERVED", "highway": "primary"}, "geometry": {"type": "LineString", "coordinates": [[128.658989, 36.478755], [128.657865, 36.480253]]}}, {"type": "Feature", "properties": {"name": "5", "osm_id": 32531518, "origin": "OBSERVED", "highway": "primary"}, "geometry": {"type": "LineString", "coordinates": [[128.659551, 36.478029], [128.659291, 36.478364], [128.658989, 36.478755]]}}, {"type": "Feature", "properties": {"name": "", "osm_id": 32531519, "origin": "OBSERVED", "highway": "primary_link"}, "geometry": {"type": "LineString", "coordinates": [[128.658475, 36.479305], [128.658652, 36.478895], [128.658623, 36.478691], [128.658463, 36.478546], [128.658225, 36.478464], [128.657723, 36.478398]]}}, {"type": "Feature", "properties": {"name": "", "osm_id": 32531520, "origin": "OBSERVED", "highway": "primary_link"}, "geometry": {"type": "LineString", "coordinates": [[128.657734, 36.478301], [128.658025, 36.47829], [128.658412, 36.478289], [128.658567, 36.478258], [128.658861, 36.478172], [128.659282, 36.477914], [128.659602, 36.477642], [128.659976, 36.477263]]}}, {"type": "Feature", "properties": {"name": "", "osm_id": 32531522, "origin": "OBSERVED", "highway": "residential"}, "geometry": {"type": "LineString", "coordinates": [[128.656663, 36.480173], [128.656469, 36.481589]]}}, {"type": "Feature", "properties": {"name": "", "osm_id": 32531523, "origin": "OBSERVED", "highway": "unclassified"}, "geometry": {"type": "LineString", "coordinates": [[128.653067, 36.479193], [128.653263, 36.478964], [128.653402, 36.478775], [128.653498, 36.478461], [128.65355, 36.478408], [128.653617, 36.478341], [128.653676, 36.47821]]}}, {"type": "Feature", "properties": {"name": "", "osm_id": 32531524, "origin": "OBSERVED", "highway": "residential"}, "geometry": {"type": "LineString", "coordinates": [[128.637017, 36.483048], [128.636949, 36.483036], [128.63664, 36.483], [128.63627, 36.48291], [128.636246, 36.482904], [128.63554, 36.48274], [128.63513, 36.48265], [128.63485, 36.48265], [128.634685, 36.482632], [128.63449, 36.48261], [128.634325, 36.482573], [128.634199, 36.482557], [128.633925, 36.482505], [128.633713, 36.482464], [128.633492, 36.482405], [128.63331, 36.48236], [128.633236, 36.482333], [128.633071, 36.482284], [128.632897, 36.482265], [128.6326, 36.482257], [128.63234, 36.482255], [128.632169, 36.482259], [128.631744, 36.482184], [128.631508, 36.482109], [128.631196, 36.481935], [128.630826, 36.481822], [128.630692, 36.481789], [128.63041, 36.48169], [128.6302, 36.48156], [128.630031, 36.48137], [128.629859, 36.481035], [128.629755, 36.480804]]}}, {"type": "Feature", "properties": {"name": "", "osm_id": 32531525, "origin": "OBSERVED", "highway": "residential"}, "geometry": {"type": "LineString", "coordinates": [[128.63677, 36.488366], [128.636585, 36.488512], [128.636305, 36.48861], [128.636223, 36.488635]]}}, {"type": "Feature", "properties": {"name": "", "osm_id": 32531526, "origin": "OBSERVED", "highway": "track"}, "geometry": {"type": "LineString", "coordinates": [[128.636305, 36.48861], [128.636289, 36.488874], [128.636333, 36.489163], [128.63638, 36.48957], [128.636412, 36.489725], [128.636403, 36.489875], [128.63633, 36.49002], [128.63618, 36.49023], [128.636105, 36.490355], [128.636117, 36.490581], [128.63623, 36.49083], [128.63638, 36.49117], [128.63664, 36.49169], [128.636686, 36.491954], [128.636662, 36.492137], [128.636605, 36.492287], [128.636503, 36.492368], [128.63636, 36.49242], [128.63618, 36.49244], [128.636035, 36.492473], [128.635808, 36.49263], [128.63565, 36.4928], [128.635539, 36.492891], [128.635406, 36.493097], [128.63548, 36.49334], [128.635624, 36.493607], [128.63578, 36.49381], [128.63606, 36.49414], [128.63633, 36.49448], [128.63648, 36.494712], [128.636515, 36.494795], [128.6365, 36.49493], [128.636485, 36.494997]]}}, {"type": "Feature", "properties": {"name": "", "osm_id": 32531527, "origin": "OBSERVED", "highway": "track"}, "geometry": {"type": "LineString", "coordinates": [[128.63691, 36.49727], [128.636901, 36.497437], [128.63696, 36.49761], [128.63702, 36.49776], [128.63711, 36.49798], [128.63711, 36.49813], [128.63713, 36.4984], [128.637119, 36.49862], [128.637127, 36.498692], [128.637146, 36.498786], [128.63722, 36.49892], [128.63723, 36.49896], [128.63723, 36.49939], [128.63728, 36.49956], [128.63732, 36.49974], [128.63739, 36.49987], [128.63745, 36.49999], [128.63754, 36.5001], [128.63754, 36.50023], [128.63771, 36.50042], [128.6378, 36.50062], [128.63786, 36.5007], [128.6379, 36.50081], [128.63792, 36.50087], [128.63796, 36.50098], [128.63801, 36.50109], [128.63807, 36.50128], [128.63812, 36.50143], [128.63812, 36.50158], [128.63807, 36.50177], [128.63807, 36.50193], [128.6379, 36.50214], [128.6378, 36.50231], [128.63766, 36.50248], [128.6376, 36.50255], [128.63743, 36.5027], [128.63739, 36.50274], [128.63732, 36.503], [128.63728, 36.50313]]}}, {"type": "Feature", "properties": {"name": "", "osm_id": 32531528, "origin": "OBSERVED", "highway": "track"}, "geometry": {"type": "LineString", "coordinates": [[128.635283, 36.48883], [128.63511, 36.48886], [128.635, 36.48888], [128.63479, 36.48894], [128.63468, 36.489], [128.63453, 36.48913], [128.63436, 36.48929], [128.63432, 36.48937], [128.63412, 36.4895], [128.63395, 36.48963], [128.63378, 36.48969], [128.63352, 36.48978], [128.63342, 36.48982], [128.63314, 36.48993], [128.63296, 36.49003], [128.6329, 36.49006], [128.63282, 36.49027], [128.63273, 36.49047], [128.63252, 36.49074], [128.63237, 36.49098], [128.63215, 36.49119]]}}, {"type": "Feature", "properties": {"name": "", "osm_id": 32531529, "origin": "OBSERVED", "highway": "track"}, "geometry": {"type": "LineString", "coordinates": [[128.63215, 36.49119], [128.63189, 36.49141], [128.63163, 36.49151], [128.63131, 36.49171], [128.63099, 36.49188], [128.63067, 36.49205], [128.63041, 36.49222], [128.63018, 36.49233], [128.62992, 36.49248], [128.62977, 36.49259], [128.62962, 36.49267], [128.62934, 36.49272], [128.62919, 36.49276], [128.62893, 36.49287], [128.6287, 36.493], [128.6285, 36.49312], [128.62835, 36.49321], [128.62818, 36.49328], [128.62792, 36.49332], [128.62756, 36.49338], [128.6273, 36.49345], [128.62713, 36.49351], [128.62692, 36.4936], [128.62677, 36.49364], [128.62655, 36.49369], [128.62644, 36.4937], [128.62623, 36.49373], [128.62603, 36.49373], [128.62586, 36.4937], [128.62565, 36.4936]]}}, {"type": "Feature", "properties": {"name": "풍일로", "osm_id": 32531530, "origin": "OBSERVED", "highway": "primary"}, "geometry": {"type": "LineString", "coordinates": [[128.657723, 36.478398], [128.657321, 36.478389], [128.654206, 36.478236], [128.653676, 36.47821]]}}, {"type": "Feature", "properties": {"name": "", "osm_id": 32531534, "origin": "OBSERVED", "highway": "track"}, "geometry": {"type": "LineString", "coordinates": [[128.631665, 36.482993], [128.631365, 36.482913], [128.631165, 36.482853], [128.630905, 36.482823], [128.630675, 36.482803], [128.63005, 36.48289], [128.62977, 36.48302], [128.629365, 36.483149], [128.628994, 36.483222], [128.62872, 36.48323], [128.628347, 36.483281], [128.62818, 36.48336], [128.628042, 36.48343], [128.62777, 36.48347], [128.6276, 36.48351], [128.62724, 36.48362], [128.62709, 36.48368], [128.62677, 36.48379], [128.62655, 36.48386], [128.6264, 36.48392], [128.62614, 36.48403], [128.62597, 36.48414], [128.62586, 36.48418], [128.6255, 36.48433], [128.62539, 36.48439], [128.62535, 36.48439], [128.62518, 36.48433], [128.62507, 36.48429], [128.62503, 36.48431], [128.62496, 36.48435], [128.62486, 36.48446], [128.62471, 36.48456], [128.62451, 36.48467], [128.6244, 36.48474], [128.62417, 36.48482], [128.62397, 36.48491], [128.62376, 36.48495], [128.62359, 36.48499], [128.62338, 36.48512], [128.62301, 36.48538], [128.6228, 36.48549], [128.62269, 36.48559], [128.6226, 36.48572], [128.62249, 36.4859], [128.62243, 36.486], [128.62222, 36.48613], [128.62207, 36.48626], [128.62194, 36.48635], [128.62174, 36.48645], [128.62159, 36.48656], [128.62149, 36.48667], [128.62138, 36.4868], [128.62123, 36.48701], [128.62112, 36.48714], [128.62104, 36.48725], [128.62101, 36.48735], [128.62101, 36.48748], [128.62106, 36.48761], [128.62118, 36.48778], [128.62123, 36.48789], [128.62112, 36.48808], [128.62101, 36.48821], [128.62084, 36.48838], [128.62069, 36.48854], [128.6206, 36.48864], [128.62054, 36.48883], [128.62048, 36.48896], [128.62043, 36.48916], [128.62026, 36.48935], [128.62011, 36.4895], [128.62002, 36.48957], [128.61968, 36.48978], [128.61953, 36.48986], [128.61923, 36.49006], [128.61911, 36.49014], [128.61895, 36.49023], [128.61874, 36.49032], [128.61854, 36.49038], [128.61827, 36.49048], [128.6181, 36.4906], [128.61801, 36.49068]]}}, {"type": "Feature", "properties": {"name": "중앙고속도로", "osm_id": 32531535, "origin": "OBSERVED", "highway": "motorway"}, "geometry": {"type": "LineString", "coordinates": [[128.612762, 36.482649], [128.612521, 36.482846], [128.609869, 36.484915], [128.607726, 36.486574], [128.607114, 36.487082], [128.606628, 36.487519], [128.606171, 36.488038], [128.605913, 36.4884], [128.605687, 36.488763], [128.605482, 36.489144], [128.605314, 36.489525], [128.605178, 36.489922], [128.605073, 36.490324], [128.604977, 36.490897], [128.604945, 36.491463], [128.604924, 36.494512], [128.604918, 36.497552], [128.604902, 36.498623], [128.604908, 36.499157], [128.604935, 36.49968], [128.604995, 36.500259], [128.605115, 36.500775], [128.605233, 36.501183], [128.605385, 36.501565], [128.605585, 36.501998], [128.605825, 36.502382], [128.606066, 36.502729], [128.606331, 36.503058], [128.606618, 36.503362], [128.606932, 36.503653], [128.607333, 36.504017], [128.607759, 36.504364], [128.608631, 36.50503], [128.609637, 36.505822], [128.610658, 36.506597], [128.612672, 36.508159], [128.6167, 36.511273], [128.618133, 36.512377], [128.619561, 36.51348], [128.621762, 36.515188], [128.622556, 36.515907], [128.622871, 36.51625], [128.623176, 36.516584], [128.623712, 36.517313], [128.624299, 36.518297], [128.624916, 36.519477], [128.625207, 36.52006], [128.625508, 36.520606], [128.625828, 36.521076], [128.625985, 36.521305], [128.626167, 36.521523], [128.626528, 36.521931], [128.626922, 36.522315], [128.628693, 36.523937], [128.630082, 36.525225], [128.631189, 36.526259], [128.631823, 36.526956], [128.63241, 36.527686], [128.63307, 36.528655], [128.633663, 36.529657], [128.634838, 36.531668], [128.637175, 36.535693], [128.637614, 36.536475], [128.638049, 36.53725], [128.638422, 36.538047], [128.6388, 36.538855], [128.639379, 36.540378], [128.639695, 36.541352]]}}, {"type": "Feature", "properties": {"name": "경북대로", "osm_id": 32531541, "origin": "OBSERVED", "highway": "primary"}, "geometry": {"type": "LineString", "coordinates": [[128.662906, 36.466192], [128.66284, 36.4672], [128.66279, 36.46806], [128.662522, 36.470377], [128.662475, 36.470784], [128.66242, 36.47126], [128.662074, 36.472237]]}}, {"type": "Feature", "properties": {"name": "경북대로", "osm_id": 32531543, "origin": "OBSERVED", "highway": "primary"}, "geometry": {"type": "LineString", "coordinates": [[128.662934, 36.465912], [128.662906, 36.466192]]}}, {"type": "Feature", "properties": {"name": "", "osm_id": 32531564, "origin": "OBSERVED", "highway": "tertiary"}, "geometry": {"type": "LineString", "coordinates": [[128.662789, 36.472892], [128.661689, 36.474072]]}}, {"type": "Feature", "properties": {"name": "", "osm_id": 32531565, "origin": "OBSERVED", "highway": "tertiary"}, "geometry": {"type": "LineString", "coordinates": [[128.661689, 36.474072], [128.661436, 36.474425], [128.66147, 36.47416], [128.661344, 36.47407], [128.661134, 36.474052], [128.661023, 36.474379], [128.6609, 36.47416], [128.66065, 36.47394], [128.66043, 36.47373], [128.66009, 36.47323], [128.65972, 36.47266], [128.65936, 36.4721], [128.6591, 36.47169], [128.65899, 36.47145], [128.658912, 36.47127], [128.658859, 36.47109], [128.658741, 36.470568], [128.658651, 36.47019], [128.658583, 36.46984], [128.6585, 36.46954], [128.65846, 36.46935], [128.658406, 36.469134], [128.658375, 36.468806], [128.658429, 36.468243], [128.65846, 36.46796], [128.65852, 36.46766], [128.658541, 36.467486], [128.658533, 36.467226], [128.6585, 36.46706], [128.658408, 36.466756], [128.6584, 36.46673], [128.65835, 36.46643], [128.6583, 36.46611], [128.65826, 36.46558], [128.658194, 36.464984], [128.65814, 36.46411], [128.65811, 36.46363], [128.65809, 36.46332], [128.65803, 36.46255], [128.65803, 36.46227], [128.65803, 36.46186], [128.65803, 36.46169], [128.65803, 36.46154], [128.65809, 36.46133], [128.65824, 36.46096], [128.658269, 36.460884], [128.6584, 36.46055], [128.658476, 36.4603]]}}, {"type": "Feature", "properties": {"name": "", "osm_id": 32689403, "origin": "OBSERVED", "highway": "tertiary"}, "geometry": {"type": "LineString", "coordinates": [[128.71041, 36.45397], [128.71049, 36.45416], [128.71055, 36.45444], [128.7106, 36.45461], [128.71064, 36.4548], [128.71055, 36.45495], [128.71015, 36.45555], [128.70996, 36.45587], [128.70983, 36.45609], [128.70964, 36.45635], [128.70957, 36.45648], [128.70953, 36.45658], [128.709436, 36.456793], [128.709333, 36.456961], [128.709236, 36.457077], [128.70921, 36.45718], [128.70925, 36.45731], [128.70933, 36.45751], [128.70953, 36.45776], [128.70974, 36.45802], [128.70996, 36.45819], [128.71032, 36.45841], [128.710602, 36.458555], [128.71069, 36.4586], [128.71101, 36.45875], [128.71127, 36.45888], [128.71154, 36.45899], [128.71186, 36.45909], [128.71212, 36.45914], [128.71229, 36.45916], [128.71249, 36.45914], [128.712576, 36.459115], [128.712913, 36.459012], [128.713042, 36.45901], [128.713157, 36.45907], [128.713246, 36.459155], [128.713327, 36.459262]]}}, {"type": "Feature", "properties": {"name": "", "osm_id": 32689405, "origin": "OBSERVED", "highway": "tertiary"}, "geometry": {"type": "LineString", "coordinates": [[128.705103, 36.459708], [128.70536, 36.45982], [128.70562, 36.45991], [128.70594, 36.45998], [128.70626, 36.46002], [128.70654, 36.46004], [128.70684, 36.46008], [128.70706, 36.460103], [128.707225, 36.460141], [128.707458, 36.4602], [128.707681, 36.460278], [128.707843, 36.460352], [128.707996, 36.460437], [128.708246, 36.460583], [128.70854, 36.46083], [128.708915, 36.461145], [128.709147, 36.461344], [128.70928, 36.461442], [128.709393, 36.461519], [128.709652, 36.461683], [128.709856, 36.461768], [128.710049, 36.461815], [128.710266, 36.461838], [128.710579, 36.461833], [128.7108, 36.46184], [128.711061, 36.461795], [128.711255, 36.461745], [128.711538, 36.461643], [128.711751, 36.46152], [128.711913, 36.461428], [128.712036, 36.461321], [128.71212, 36.46126], [128.712198, 36.461106], [128.712203, 36.461081], [128.712255, 36.460906], [128.71228, 36.460735], [128.712343, 36.460575], [128.7124, 36.46049], [128.71249, 36.46034], [128.71264, 36.46019], [128.71286, 36.45998], [128.71305, 36.45982], [128.7133, 36.45972], [128.71346, 36.459663], [128.713589, 36.459625], [128.713851, 36.45963], [128.71418, 36.45961], [128.714582, 36.459595], [128.71472, 36.45959], [128.71517, 36.45957], [128.71539, 36.4595], [128.71582, 36.4594], [128.71635, 36.45927], [128.71672, 36.45916], [128.716823, 36.459125], [128.717008, 36.459079], [128.717323, 36.458998], [128.717633, 36.458985], [128.71773, 36.458981], [128.718007, 36.458987], [128.718324, 36.459006], [128.71882, 36.45903], [128.71936, 36.45905], [128.719718, 36.459082], [128.719986, 36.459079], [128.720212, 36.45906], [128.720416, 36.459027], [128.720673, 36.458988], [128.720805, 36.458954], [128.72111, 36.45895], [128.721431, 36.459065], [128.721661, 36.459109], [128.721769, 36.459136]]}}, {"type": "Feature", "properties": {"name": "", "osm_id": 32689406, "origin": "OBSERVED", "highway": "residential"}, "geometry": {"type": "LineString", "coordinates": [[128.682553, 36.466457], [128.682557, 36.466536], [128.68254, 36.46658], [128.68252, 36.466671], [128.682478, 36.466803], [128.682414, 36.466904], [128.682258, 36.467046], [128.682179, 36.467118], [128.68215, 36.46714], [128.682041, 36.467216], [128.681923, 36.467288], [128.681904, 36.467327], [128.681864, 36.467382], [128.681765, 36.467467], [128.681725, 36.467515], [128.681672, 36.467571], [128.681578, 36.467712], [128.68152, 36.467786], [128.68148, 36.46785], [128.681403, 36.467833], [128.681352, 36.467828], [128.681243, 36.467818], [128.6811, 36.467827], [128.680992, 36.467824], [128.68101, 36.46772], [128.681092, 36.46736]]}}, {"type": "Feature", "properties": {"name": "", "osm_id": 32689407, "origin": "OBSERVED", "highway": "residential"}, "geometry": {"type": "LineString", "coordinates": [[128.681807, 36.46661], [128.6818, 36.46667], [128.681769, 36.466721], [128.681664, 36.466878], [128.681544, 36.467008], [128.681394, 36.467158], [128.681224, 36.467268], [128.681173, 36.467302], [128.681092, 36.46736], [128.68102, 36.46738]]}}, {"type": "Feature", "properties": {"name": "", "osm_id": 32689408, "origin": "OBSERVED", "highway": "track"}, "geometry": {"type": "LineString", "coordinates": [[128.6985, 36.47358], [128.6985, 36.47366], [128.69856, 36.47373], [128.69865, 36.47381], [128.69871, 36.47392], [128.69876, 36.47399], [128.69882, 36.47409], [128.69882, 36.47424], [128.69877, 36.47435], [128.69877, 36.47452], [128.69877, 36.47461], [128.69882, 36.47476]]}}, {"type": "Feature", "properties": {"name": "", "osm_id": 32689409, "origin": "OBSERVED", "highway": "residential"}, "geometry": {"type": "LineString", "coordinates": [[128.682258, 36.467046], [128.68249, 36.46716], [128.682576, 36.4672], [128.68264, 36.46723], [128.68275, 36.46725], [128.68292, 36.46723], [128.68307, 36.46723]]}}, {"type": "Feature", "properties": {"name": "", "osm_id": 32689410, "origin": "OBSERVED", "highway": "track"}, "geometry": {"type": "LineString", "coordinates": [[128.69464, 36.47201], [128.69474, 36.47203], [128.6949, 36.47208], [128.69506, 36.47216], [128.69522, 36.47225], [128.69538, 36.47238], [128.69558, 36.47261], [128.69575, 36.47281], [128.6959, 36.47296], [128.69613, 36.47309], [128.69631, 36.47317], [128.69648, 36.47323], [128.6967, 36.4733], [128.69689, 36.47336], [128.69712, 36.47343], [128.69738, 36.47345], [128.69764, 36.47345], [128.69792, 36.47347], [128.69818, 36.47347], [128.69833, 36.47351], [128.6985, 36.47358], [128.6986, 36.47364], [128.69871, 36.47373], [128.69882, 36.47381], [128.69897, 36.47386], [128.69918, 36.47392], [128.69944, 36.47401], [128.69966, 36.47409], [128.69981, 36.47418], [128.69998, 36.4742], [128.70008, 36.47424], [128.70024, 36.47433], [128.70034, 36.47441], [128.70043, 36.4745], [128.7005, 36.47459], [128.7006, 36.47467], [128.70066, 36.47472], [128.70077, 36.47478], [128.70092, 36.47484], [128.70103, 36.47491], [128.70114, 36.47499], [128.70124, 36.47504], [128.70141, 36.4751], [128.70161, 36.47515], [128.70176, 36.47521], [128.70187, 36.47532], [128.70204, 36.47542], [128.70214, 36.47549], [128.70225, 36.47549], [128.70242, 36.47553], [128.70262, 36.47555], [128.70277, 36.47553], [128.70288, 36.47555], [128.703, 36.4756], [128.70314, 36.47568], [128.70324, 36.47579], [128.70335, 36.4759], [128.70352, 36.476]]}}, {"type": "Feature", "properties": {"name": "", "osm_id": 32689411, "origin": "OBSERVED", "highway": "track"}, "geometry": {"type": "LineString", "coordinates": [[128.69464, 36.47201], [128.69464, 36.4721], [128.69453, 36.47223], [128.69448, 36.47231], [128.69444, 36.47235], [128.69438, 36.4724], [128.69427, 36.47244], [128.69418, 36.47251], [128.69412, 36.47261], [128.69407, 36.47268], [128.69406, 36.47276], [128.69395, 36.47283], [128.6939, 36.47289], [128.69386, 36.47296], [128.69384, 36.47304], [128.6938, 36.47311], [128.69375, 36.47317], [128.69375, 36.47328], [128.69375, 36.47336], [128.69374, 36.47351], [128.69369, 36.47362], [128.69363, 36.47369], [128.69363, 36.47381], [128.69358, 36.47392], [128.69358, 36.47405], [128.69354, 36.47414], [128.69354, 36.47422], [128.69358, 36.47439], [128.69358, 36.4745], [128.69358, 36.47461], [128.69358, 36.47467], [128.69354, 36.47476], [128.69342, 36.47489], [128.69326, 36.47502], [128.69311, 36.47517], [128.69294, 36.47527], [128.69294, 36.47529], [128.69281, 36.47534], [128.69273, 36.47536], [128.69268, 36.4754], [128.69264, 36.47544]]}}, {"type": "Feature", "properties": {"name": "", "osm_id": 32689414, "origin": "OBSERVED", "highway": "residential"}, "geometry": {"type": "LineString", "coordinates": [[128.680556, 36.467465], [128.68048, 36.46774], [128.68037, 36.46802], [128.68028, 36.46823], [128.68022, 36.46847], [128.68017, 36.46862], [128.68011, 36.46881], [128.680044, 36.46907], [128.680047, 36.469127], [128.68006, 36.46937], [128.68006, 36.46963], [128.680039, 36.469885], [128.680025, 36.470089]]}}, {"type": "Feature", "properties": {"name": "", "osm_id": 32689415, "origin": "OBSERVED", "highway": "track"}, "geometry": {"type": "LineString", "coordinates": [[128.674872, 36.473255], [128.674813, 36.473181], [128.675059, 36.472966], [128.675805, 36.472474], [128.675832, 36.472443], [128.675987, 36.472361], [128.676073, 36.472288], [128.676663, 36.471904], [128.677168, 36.471611], [128.677355, 36.471529], [128.677881, 36.471382], [128.678493, 36.471382], [128.679705, 36.471533], [128.679811, 36.471528], [128.68002, 36.47156], [128.680523, 36.471655], [128.68076, 36.471784], [128.6809, 36.47188], [128.68116, 36.47203], [128.68148, 36.4722], [128.6818, 36.4724], [128.68212, 36.47259], [128.68234, 36.47274], [128.68275, 36.47296], [128.68302, 36.47311], [128.6835, 36.47336], [128.68365, 36.47347], [128.68382, 36.47364], [128.68397, 36.47381], [128.68412, 36.47399], [128.68423, 36.47431], [128.684267, 36.474436], [128.68429, 36.47459], [128.68429, 36.4748], [128.684247, 36.474936], [128.684221, 36.475017]]}}, {"type": "Feature", "properties": {"name": "", "osm_id": 32689416, "origin": "OBSERVED", "highway": "unclassified"}, "geometry": {"type": "LineString", "coordinates": [[128.677301, 36.47792], [128.676539, 36.478771]]}}, {"type": "Feature", "properties": {"name": "", "osm_id": 32689417, "origin": "OBSERVED", "highway": "primary_link"}, "geometry": {"type": "LineString", "coordinates": [[128.656159, 36.484105], [128.656128, 36.48458], [128.65608, 36.48491], [128.656115, 36.4851]]}}, {"type": "Feature", "properties": {"name": "", "osm_id": 32689418, "origin": "OBSERVED", "highway": "residential"}, "geometry": {"type": "LineString", "coordinates": [[128.656865, 36.482275], [128.657044, 36.482556], [128.657099, 36.482808], [128.657224, 36.483111], [128.657488, 36.483505], [128.657826, 36.483919], [128.657849, 36.483949], [128.657996, 36.48414], [128.658044, 36.484232], [128.657653, 36.484413], [128.657419, 36.484516], [128.657284, 36.48457], [128.65702, 36.4844], [128.656709, 36.484318], [128.656394, 36.484205], [128.656159, 36.484105]]}}, {"type": "Feature", "properties": {"name": "", "osm_id": 32689419, "origin": "OBSERVED", "highway": "residential"}, "geometry": {"type": "LineString", "coordinates": [[128.657224, 36.483111], [128.65685, 36.483152], [128.65627, 36.4832]]}}, {"type": "Feature", "properties": {"name": "", "osm_id": 32689420, "origin": "OBSERVED", "highway": "track"}, "geometry": {"type": "LineString", "coordinates": [[128.656159, 36.484105], [128.65601, 36.484035], [128.655563, 36.483837]]}}, {"type": "Feature", "properties": {"name": "", "osm_id": 32689421, "origin": "OBSERVED", "highway": "residential"}, "geometry": {"type": "LineString", "coordinates": [[128.656865, 36.482275], [128.656648, 36.482195], [128.656518, 36.482168]]}}, {"type": "Feature", "properties": {"name": "", "osm_id": 32689425, "origin": "OBSERVED", "highway": "primary_link"}, "geometry": {"type": "LineString", "coordinates": [[128.661103, 36.474577], [128.661023, 36.474379]]}}, {"type": "Feature", "properties": {"name": "", "osm_id": 32689426, "origin": "OBSERVED", "highway": "primary_link"}, "geometry": {"type": "LineString", "coordinates": [[128.662673, 36.465998], [128.6627, 36.465818], [128.662758, 36.465518], [128.662774, 36.465452], [128.662833, 36.465211], [128.662971, 36.464577]]}}, {"type": "Feature", "properties": {"name": "", "osm_id": 32689438, "origin": "OBSERVED", "highway": "residential"}, "geometry": {"type": "LineString", "coordinates": [[128.672292, 36.454379], [128.672249, 36.454326], [128.6722, 36.454266], [128.672107, 36.454113]]}}, {"type": "Feature", "properties": {"name": "", "osm_id": 32689439, "origin": "OBSERVED", "highway": "primary_link"}, "geometry": {"type": "LineString", "coordinates": [[128.681591, 36.44054], [128.68202, 36.44081], [128.68243, 36.44128], [128.68286, 36.44178], [128.68302, 36.44203], [128.68313, 36.44238], [128.68324, 36.44274], [128.68331, 36.442975], [128.683331, 36.44313]]}}, {"type": "Feature", "properties": {"name": "", "osm_id": 32689440, "origin": "OBSERVED", "highway": "primary_link"}, "geometry": {"type": "LineString", "coordinates": [[128.683331, 36.44313], [128.683331, 36.443315], [128.68333, 36.4435], [128.68331, 36.44367], [128.68328, 36.44384], [128.68322, 36.44392], [128.68319, 36.44401], [128.68318, 36.44408], [128.68312, 36.44422], [128.68309, 36.4444], [128.68307, 36.44457], [128.68307, 36.44478], [128.68302, 36.44502], [128.68305, 36.44521], [128.68302, 36.44543]]}}, {"type": "Feature", "properties": {"name": "", "osm_id": 32689441, "origin": "OBSERVED", "highway": "primary_link"}, "geometry": {"type": "LineString", "coordinates": [[128.682837, 36.444766], [128.68275, 36.44461], [128.68264, 36.4445], [128.68254, 36.4444], [128.68243, 36.44429], [128.68238, 36.44409], [128.68238, 36.44397], [128.68238, 36.44382], [128.68234, 36.44367], [128.682311, 36.443547], [128.682288, 36.443458]]}}, {"type": "Feature", "properties": {"name": "", "osm_id": 32689443, "origin": "OBSERVED", "highway": "primary_link"}, "geometry": {"type": "LineString", "coordinates": [[128.682302, 36.443428], [128.682304, 36.443273], [128.68228, 36.443], [128.68228, 36.44285], [128.68228, 36.4427], [128.68229, 36.44253], [128.68228, 36.44238], [128.68228, 36.44223], [128.68217, 36.44193], [128.68212, 36.44178], [128.68197, 36.44148], [128.68191, 36.44133], [128.68182, 36.44118], [128.68174, 36.44103], [128.681616, 36.440722]]}}, {"type": "Feature", "properties": {"name": "", "osm_id": 32689468, "origin": "OBSERVED", "highway": "track"}, "geometry": {"type": "LineString", "coordinates": [[128.68307, 36.46723], [128.68328, 36.46727], [128.6835, 36.46731], [128.683803, 36.467345], [128.683891, 36.467358], [128.68418, 36.4674], [128.68446, 36.46742], [128.68476, 36.46744], [128.68502, 36.46746], [128.68537, 36.46748], [128.68569, 36.46751], [128.68592, 36.46751], [128.68603, 36.46753], [128.68618, 36.46755], [128.68629, 36.46759], [128.68659, 36.46761], [128.68676, 36.46766], [128.68698, 36.46772], [128.68708, 36.46776], [128.68717, 36.46776], [128.68734, 36.46778], [128.68745, 36.46778], [128.68772, 36.46778], [128.68798, 36.46781], [128.6882, 36.46781], [128.68841, 36.46778], [128.68856, 36.46781], [128.68878, 36.46783], [128.68899, 36.46785], [128.68927, 36.46791], [128.68946, 36.46798], [128.68972, 36.46809], [128.68989, 36.46819], [128.69004, 36.46826], [128.69009, 36.46834], [128.6902, 36.46847], [128.6902, 36.46854], [128.69026, 36.46862], [128.6903, 36.46877], [128.69047, 36.46892], [128.69062, 36.46914], [128.69078, 36.46926], [128.69097, 36.46944], [128.69116, 36.46959], [128.69131, 36.46974], [128.69155, 36.46984], [128.69184, 36.47], [128.69204, 36.47008], [128.69232, 36.47019], [128.69245, 36.47025], [128.69253, 36.47032], [128.69264, 36.47038], [128.69268, 36.47049], [128.69273, 36.47055], [128.69284, 36.4706], [128.693, 36.47066], [128.69305, 36.47068], [128.69322, 36.47083], [128.69328, 36.47096], [128.69337, 36.47107], [128.69358, 36.47122], [128.6938, 36.47135], [128.69395, 36.4715], [128.69412, 36.47163], [128.69438, 36.47182], [128.69453, 36.47193], [128.69464, 36.47201]]}}, {"type": "Feature", "properties": {"name": "", "osm_id": 32689470, "origin": "OBSERVED", "highway": "track"}, "geometry": {"type": "LineString", "coordinates": [[128.684221, 36.475017], [128.684145, 36.475206], [128.68403, 36.47544], [128.6836, 36.47592], [128.68319, 36.47635], [128.68292, 36.47663], [128.6827, 36.47684], [128.682518, 36.477011], [128.68234, 36.47718], [128.68212, 36.47733], [128.68185, 36.47746], [128.68159, 36.47761], [128.68127, 36.47776], [128.68106, 36.47785], [128.68086, 36.47793], [128.68043, 36.47804], [128.68017, 36.47808], [128.67991, 36.47811], [128.67959, 36.47813], [128.67916, 36.47815], [128.6788, 36.47811], [128.67848, 36.47806], [128.67817, 36.47802], [128.67784, 36.47796], [128.677354, 36.477868]]}}, {"type": "Feature", "properties": {"name": "", "osm_id": 32689471, "origin": "OBSERVED", "highway": "residential"}, "geometry": {"type": "LineString", "coordinates": [[128.680025, 36.470089], [128.6799, 36.4709], [128.679834, 36.471364]]}}, {"type": "Feature", "properties": {"name": "", "osm_id": 32689472, "origin": "OBSERVED", "highway": "residential"}, "geometry": {"type": "LineString", "coordinates": [[128.679834, 36.471364], [128.679811, 36.471528]]}}, {"type": "Feature", "properties": {"name": "경북대로", "osm_id": 32689475, "origin": "OBSERVED", "highway": "primary"}, "geometry": {"type": "LineString", "coordinates": [[128.65619, 36.485424], [128.656326, 36.485916], [128.657071, 36.488114], [128.65751, 36.489418], [128.658358, 36.491016], [128.658969, 36.491787], [128.65946, 36.49246], [128.6602, 36.49311], [128.66136, 36.49396], [128.66528, 36.4963], [128.6659, 36.49671], [128.66676, 36.49742], [128.667023, 36.49767]]}}, {"type": "Feature", "properties": {"name": "5", "osm_id": 32689476, "origin": "OBSERVED", "highway": "primary"}, "geometry": {"type": "LineString", "coordinates": [[128.656128, 36.485154], [128.65619, 36.485424]]}}, {"type": "Feature", "properties": {"name": "", "osm_id": 32689477, "origin": "OBSERVED", "highway": "unclassified"}, "geometry": {"type": "LineString", "coordinates": [[128.656273, 36.486032], [128.656086, 36.485782], [128.65588, 36.485506], [128.655847, 36.485407], [128.655866, 36.485355], [128.656142, 36.485183], [128.656308, 36.485088], [128.65627, 36.48481], [128.65624, 36.484296], [128.656159, 36.484105], [128.656184, 36.484005], [128.65627, 36.4832], [128.65633, 36.482938], [128.656402, 36.48266], [128.656525, 36.482436], [128.656865, 36.482275], [128.658387, 36.481659], [128.658719, 36.481608], [128.658899, 36.481601], [128.659403, 36.481615], [128.659656, 36.481609], [128.659879, 36.481617], [128.66012, 36.481617], [128.660329, 36.481587], [128.66055, 36.481547], [128.661014, 36.481469], [128.661652, 36.481469], [128.661932, 36.481475], [128.662082, 36.481485], [128.662368, 36.481482], [128.662623, 36.481481], [128.66294, 36.48147], [128.66307, 36.48147], [128.66342, 36.48145], [128.66374, 36.48143], [128.66406, 36.48143], [128.66438, 36.48143], [128.66474, 36.48145], [128.66517, 36.48145], [128.66554, 36.48145], [128.66571, 36.48143], [128.66595, 36.48139], [128.66644, 36.48134], [128.66696, 36.4813], [128.66749, 36.48124], [128.66813, 36.48117], [128.66886, 36.48111], [128.66938, 36.48105], [128.67013, 36.48096], [128.67082, 36.48089], [128.67155, 36.48083], [128.672317, 36.480745], [128.673213, 36.480654], [128.673436, 36.480633], [128.67393, 36.48059], [128.6743, 36.48055], [128.67478, 36.480496], [128.675048, 36.480465], [128.675203, 36.480443], [128.675463, 36.480413], [128.675613, 36.480373], [128.675663, 36.480353], [128.675723, 36.480353], [128.675833, 36.480373], [128.675933, 36.480393], [128.6761, 36.48038], [128.676288, 36.480329], [128.676528, 36.480268], [128.676698, 36.480228], [128.676808, 36.480188], [128.67689, 36.48014], [128.676937, 36.480073], [128.677151, 36.480035], [128.677245, 36.480027], [128.677338, 36.479854], [128.677464, 36.4798], [128.677916, 36.479675], [128.678307, 36.479495], [128.678755, 36.479422], [128.678855, 36.479418]]}}, {"type": "Feature", "properties": {"name": "", "osm_id": 32689488, "origin": "OBSERVED", "highway": "primary_link"}, "geometry": {"type": "LineString", "coordinates": [[128.662972, 36.465561], [128.663027, 36.465516], [128.663082, 36.465439], [128.663181, 36.465338], [128.663306, 36.465293], [128.66341, 36.465263], [128.663609, 36.465208]]}}, {"type": "Feature", "properties": {"name": "", "osm_id": 32689575, "origin": "OBSERVED", "highway": "residential"}, "geometry": {"type": "LineString", "coordinates": [[128.671642, 36.453379], [128.671556, 36.453243], [128.671504, 36.453182], [128.671151, 36.453272], [128.67088, 36.453279], [128.670585, 36.453243], [128.670082, 36.453212], [128.669424, 36.453148], [128.668871, 36.453119], [128.668081, 36.45309], [128.667275, 36.45309], [128.667168, 36.453059], [128.667144, 36.453017], [128.667144, 36.452763], [128.667147, 36.452502], [128.66712, 36.45236], [128.66708, 36.45223], [128.667028, 36.452033], [128.666968, 36.451903], [128.66672, 36.451929], [128.666593, 36.452015], [128.66648, 36.45221], [128.66618, 36.45233]]}}, {"type": "Feature", "properties": {"name": "", "osm_id": 32689577, "origin": "OBSERVED", "highway": "residential"}, "geometry": {"type": "LineString", "coordinates": [[128.672107, 36.454113], [128.671642, 36.453379]]}}, {"type": "Feature", "properties": {"name": "", "osm_id": 32689578, "origin": "OBSERVED", "highway": "residential"}, "geometry": {"type": "LineString", "coordinates": [[128.683331, 36.44313], [128.68318, 36.44313], [128.68302, 36.44315], [128.68286, 36.44324], [128.68243, 36.44339], [128.682302, 36.443428], [128.682288, 36.443458], [128.681547, 36.443787], [128.681262, 36.443927], [128.681212, 36.443958]]}}, {"type": "Feature", "properties": {"name": "경북대로", "osm_id": 32689579, "origin": "OBSERVED", "highway": "primary"}, "geometry": {"type": "LineString", "coordinates": [[128.682496, 36.442116], [128.682756, 36.443479], [128.682879, 36.444286]]}}, {"type": "Feature", "properties": {"name": "경북대로", "osm_id": 32689580, "origin": "OBSERVED", "highway": "primary"}, "geometry": {"type": "LineString", "coordinates": [[128.682879, 36.444286], [128.68296, 36.44508], [128.68302, 36.44543], [128.683106, 36.446072], [128.683035, 36.44667], [128.682761, 36.447401], [128.682506, 36.447884], [128.680923, 36.449515], [128.678544, 36.451787], [128.677873, 36.452333], [128.677031, 36.452807], [128.67588, 36.45326], [128.674832, 36.453582], [128.6723, 36.45444], [128.66717, 36.45665], [128.66595, 36.45721], [128.66537, 36.45755], [128.664976, 36.457894], [128.664675, 36.458231], [128.664461, 36.458617], [128.664294, 36.459094], [128.664128, 36.45968], [128.663819, 36.46102], [128.66316, 36.46388], [128.66305, 36.464875], [128.663, 36.4653], [128.662972, 36.465561], [128.662934, 36.465912]]}}, {"type": "Feature", "properties": {"name": "", "osm_id": 32689581, "origin": "OBSERVED", "highway": "track"}, "geometry": {"type": "LineString", "coordinates": [[128.679352, 36.446169], [128.679385, 36.446382], [128.679411, 36.446541], [128.679412, 36.446653], [128.679376, 36.446745], [128.679293, 36.446891], [128.679179, 36.447089], [128.678893, 36.447384], [128.678662, 36.447562], [128.678504, 36.447683], [128.67835, 36.447828], [128.678135, 36.448012], [128.67787, 36.448241], [128.677686, 36.44841], [128.677634, 36.448469], [128.677595, 36.448579], [128.677561, 36.448689], [128.677352, 36.448971], [128.677336, 36.449049], [128.677341, 36.449141], [128.677323, 36.44926], [128.677281, 36.449354], [128.677023, 36.449893], [128.676915, 36.450095], [128.676877, 36.450158], [128.676388, 36.450654], [128.676227, 36.450784], [128.676008, 36.450927], [128.675696, 36.451056], [128.675523, 36.451123], [128.675255, 36.45118], [128.675114, 36.451202], [128.67497, 36.451261], [128.674359, 36.451322], [128.674243, 36.451378], [128.674187, 36.451399], [128.67408, 36.451422], [128.673816, 36.451453], [128.67359, 36.451425], [128.673515, 36.451444], [128.673234, 36.451485], [128.672992, 36.451496], [128.672802, 36.451533], [128.672508, 36.451548], [128.672305, 36.451529], [128.672052, 36.451495], [128.671943, 36.451499], [128.671731, 36.451587], [128.67147, 36.451604], [128.67132, 36.45166], [128.671223, 36.451685], [128.671033, 36.451673], [128.671194, 36.452722]]}}, {"type": "Feature", "properties": {"name": "", "osm_id": 32689582, "origin": "OBSERVED", "highway": "residential"}, "geometry": {"type": "LineString", "coordinates": [[128.681212, 36.443958], [128.680017, 36.444485]]}}, {"type": "Feature", "properties": {"name": "", "osm_id": 32689583, "origin": "OBSERVED", "highway": "residential"}, "geometry": {"type": "LineString", "coordinates": [[128.680017, 36.444485], [128.679923, 36.444535], [128.67932, 36.4448]]}}, {"type": "Feature", "properties": {"name": "", "osm_id": 32689584, "origin": "OBSERVED", "highway": "unclassified"}, "geometry": {"type": "LineString", "coordinates": [[128.676539, 36.478771], [128.676493, 36.478875], [128.67652, 36.4789], [128.67657, 36.47911], [128.676614, 36.479388], [128.676644, 36.479571], [128.67669, 36.47972], [128.676768, 36.47989], [128.676937, 36.480073]]}}, {"type": "Feature", "properties": {"name": "5", "osm_id": 32689585, "origin": "OBSERVED", "highway": "primary"}, "geometry": {"type": "LineString", "coordinates": [[128.65597, 36.483733], [128.655936, 36.484116]]}}, {"type": "Feature", "properties": {"name": "경북대로", "osm_id": 32689586, "origin": "OBSERVED", "highway": "primary"}, "geometry": {"type": "LineString", "coordinates": [[128.655936, 36.484116], [128.65592, 36.48431], [128.65599, 36.48489], [128.656115, 36.4851], [128.656128, 36.485154]]}}, {"type": "Feature", "properties": {"name": "신평길", "osm_id": 32721320, "origin": "OBSERVED", "highway": "residential"}, "geometry": {"type": "LineString", "coordinates": [[128.783988, 36.531731], [128.784146, 36.531419], [128.784208, 36.531247], [128.784241, 36.530974], [128.784212, 36.530634], [128.784214, 36.530125], [128.784156, 36.529765], [128.784057, 36.529412], [128.78385, 36.529], [128.783704, 36.528663], [128.783679, 36.527964], [128.78367, 36.527909], [128.783632, 36.527838], [128.783558, 36.527708], [128.783612, 36.527267], [128.783669, 36.527072], [128.783877, 36.526737], [128.784308, 36.526329], [128.78469, 36.525838], [128.784771, 36.525705], [128.784736, 36.525442], [128.784715, 36.52537], [128.784538, 36.525338], [128.784291, 36.525302], [128.78427, 36.52518], [128.78422, 36.52497], [128.784199, 36.52478], [128.784198, 36.524632], [128.784403, 36.524515], [128.784622, 36.524439], [128.7848, 36.52441], [128.784808, 36.524293], [128.784809, 36.524116], [128.784862, 36.524037], [128.785063, 36.523854], [128.785025, 36.523612], [128.785, 36.523491], [128.785023, 36.523328], [128.785364, 36.522796], [128.785399, 36.522665], [128.785339, 36.522557], [128.785104, 36.522466], [128.785111, 36.522401], [128.785158, 36.522234], [128.785216, 36.522033], [128.785258, 36.52189], [128.785321, 36.521696], [128.785428, 36.521419], [128.785593, 36.521132], [128.785707, 36.520916], [128.785795, 36.520755], [128.785881, 36.520481], [128.785914, 36.520072], [128.785968, 36.519805], [128.786114, 36.519379], [128.786263, 36.519126], [128.78649, 36.51894], [128.786869, 36.518547], [128.78701, 36.518359], [128.78715, 36.518144], [128.787579, 36.517789], [128.787674, 36.517602], [128.78773, 36.51746], [128.78779, 36.517226], [128.788025, 36.51715], [128.788295, 36.516982], [128.789042, 36.516401], [128.79019, 36.5157], [128.790499, 36.515459], [128.790834, 36.51524], [128.7913, 36.51486], [128.791483, 36.514608], [128.791543, 36.514439], [128.79163, 36.514269], [128.791908, 36.51381], [128.791876, 36.513642], [128.791724, 36.513379], [128.79158, 36.513206], [128.791581, 36.513059], [128.791832, 36.513061], [128.792055, 36.512797], [128.79225, 36.51265], [128.79238, 36.5124], [128.792165, 36.512057], [128.792095, 36.511814], [128.791897, 36.511523], [128.791936, 36.511398], [128.79205, 36.51128], [128.79235, 36.51107], [128.792361, 36.510944], [128.79253, 36.510385], [128.792559, 36.510244], [128.79251, 36.51014], [128.79226, 36.51005], [128.79214, 36.51005]]}}, {"type": "Feature", "properties": {"name": "", "osm_id": 32721322, "origin": "OBSERVED", "highway": "residential"}, "geometry": {"type": "LineString", "coordinates": [[128.783704, 36.528663], [128.783298, 36.528809], [128.782922, 36.528926], [128.782531, 36.529055]]}}, {"type": "Feature", "properties": {"name": "", "osm_id": 32721323, "origin": "OBSERVED", "highway": "residential"}, "geometry": {"type": "LineString", "coordinates": [[128.780239, 36.530573], [128.780122, 36.531094]]}}, {"type": "Feature", "properties": {"name": "", "osm_id": 32721325, "origin": "OBSERVED", "highway": "residential"}, "geometry": {"type": "LineString", "coordinates": [[128.77626, 36.535431], [128.776446, 36.535384], [128.776737, 36.535339], [128.777396, 36.535295], [128.778005, 36.535281], [128.778175, 36.535281], [128.77864, 36.535164], [128.779163, 36.534992], [128.779307, 36.534897], [128.779479, 36.534691], [128.779348, 36.534562], [128.77904, 36.534345], [128.778819, 36.534145], [128.778552, 36.533836], [128.778495, 36.533679], [128.778443, 36.533534], [128.778419, 36.533405], [128.778363, 36.533287], [128.777951, 36.532444]]}}, {"type": "Feature", "properties": {"name": "", "osm_id": 32721326, "origin": "OBSERVED", "highway": "residential"}, "geometry": {"type": "LineString", "coordinates": [[128.771452, 36.526501], [128.771308, 36.52666], [128.771174, 36.526709], [128.770796, 36.526738], [128.770536, 36.526808], [128.770266, 36.526978], [128.770066, 36.527278], [128.769956, 36.527598], [128.77012, 36.52791], [128.770423, 36.528106], [128.77085, 36.52851], [128.77145, 36.52941], [128.77149, 36.52973], [128.771466, 36.530031], [128.771387, 36.53026], [128.771358, 36.530459], [128.7714, 36.530665], [128.771471, 36.530958], [128.7716, 36.53117], [128.771782, 36.531346], [128.772113, 36.5316], [128.772486, 36.531893], [128.772966, 36.532292], [128.773126, 36.532472], [128.773225, 36.532636], [128.773434, 36.533054], [128.773741, 36.533502], [128.773797, 36.533532], [128.773902, 36.533671], [128.774051, 36.533895], [128.77418, 36.534074], [128.774395, 36.534202], [128.77471, 36.53432], [128.774852, 36.5344], [128.7751, 36.534496], [128.775271, 36.534573], [128.775419, 36.534642], [128.77565, 36.534757], [128.775882, 36.534993], [128.776103, 36.535231], [128.77626, 36.535431], [128.776268, 36.535442], [128.776308, 36.535567], [128.776309, 36.535813], [128.776317, 36.535934], [128.776386, 36.536122], [128.776484, 36.536276], [128.776593, 36.536535], [128.776615, 36.536615], [128.776646, 36.53674], [128.776692, 36.536899], [128.776773, 36.536985], [128.776875, 36.537045], [128.776905, 36.537127], [128.7769, 36.53725], [128.776948, 36.537435], [128.776994, 36.53761], [128.77704, 36.537729], [128.777055, 36.537839], [128.777046, 36.537941], [128.777026, 36.53803], [128.776934, 36.538253], [128.776913, 36.538334], [128.77692, 36.538402], [128.776923, 36.538435], [128.77703, 36.538561], [128.777117, 36.538765], [128.777206, 36.53889], [128.777283, 36.539022], [128.777346, 36.539095], [128.777387, 36.539145], [128.777481, 36.539233], [128.777531, 36.539344], [128.777566, 36.539463], [128.777529, 36.539543], [128.777469, 36.539612], [128.777332, 36.539741], [128.777182, 36.53984], [128.777148, 36.53992], [128.777133, 36.540023], [128.777231, 36.540314], [128.77729, 36.54061], [128.77735, 36.54089], [128.77735, 36.54121], [128.77719, 36.54166], [128.77705, 36.5419], [128.77709, 36.54211], [128.77719, 36.54231], [128.77716, 36.54246], [128.77699, 36.54259], [128.7768, 36.54267], [128.77673, 36.54272], [128.7765, 36.54273], [128.776272, 36.542725], [128.776069, 36.542862], [128.775973, 36.543028]]}}, {"type": "Feature", "properties": {"name": "", "osm_id": 32721328, "origin": "OBSERVED", "highway": "residential"}, "geometry": {"type": "LineString", "coordinates": [[128.773741, 36.533502], [128.773461, 36.53364], [128.773177, 36.533738], [128.77306, 36.533811], [128.772814, 36.534034], [128.772644, 36.534191], [128.772463, 36.534572], [128.772783, 36.534703], [128.773176, 36.534873], [128.773423, 36.534907], [128.773603, 36.534979], [128.773984, 36.535195], [128.774473, 36.535258], [128.774761, 36.535442], [128.77508, 36.5357], [128.77529, 36.53593], [128.77546, 36.53623], [128.775532, 36.536383], [128.775666, 36.536457], [128.775787, 36.536502], [128.775926, 36.536497], [128.776057, 36.536473], [128.776186, 36.536457], [128.776273, 36.536451], [128.776356, 36.536457], [128.776593, 36.536535]]}}, {"type": "Feature", "properties": {"name": "", "osm_id": 32721330, "origin": "OBSERVED", "highway": "residential"}, "geometry": {"type": "LineString", "coordinates": [[128.772783, 36.534703], [128.772694, 36.53494], [128.772619, 36.535077], [128.772588, 36.535207], [128.77252, 36.535252], [128.772457, 36.535285], [128.772369, 36.535321], [128.772297, 36.535336], [128.772124, 36.535314], [128.772057, 36.535324], [128.771929, 36.535364], [128.77185, 36.535434], [128.771803, 36.535518], [128.771793, 36.535618], [128.771766, 36.535821], [128.771781, 36.535886]]}}, {"type": "Feature", "properties": {"name": "신흥길", "osm_id": 32721332, "origin": "OBSERVED", "highway": "residential"}, "geometry": {"type": "LineString", "coordinates": [[128.77778, 36.49446], [128.77742, 36.4946], [128.77725, 36.49467], [128.777045, 36.49473], [128.776788, 36.494682], [128.776568, 36.4947], [128.776244, 36.494679], [128.775976, 36.494618], [128.77577, 36.49463], [128.77568, 36.49463], [128.77568, 36.49491], [128.77572, 36.49508], [128.77573, 36.495335], [128.77574, 36.495626], [128.77573, 36.495826], [128.77568, 36.496066], [128.77568, 36.496296], [128.77568, 36.496536], [128.77578, 36.49688], [128.77587, 36.49707], [128.77592, 36.49727], [128.77598, 36.4974], [128.775943, 36.497449], [128.775885, 36.497497], [128.775874, 36.497549], [128.77587, 36.497617], [128.77591, 36.497785], [128.77598, 36.49808], [128.77598, 36.49826], [128.77592, 36.4984], [128.77587, 36.4986], [128.77581, 36.49872], [128.775707, 36.498867], [128.77561, 36.49901], [128.77546, 36.49913], [128.77534, 36.49926], [128.77513, 36.49948], [128.774716, 36.499776], [128.774436, 36.499966], [128.774116, 36.500326], [128.774006, 36.500486], [128.773556, 36.500996], [128.773066, 36.501486], [128.772702, 36.501839], [128.772154, 36.50228], [128.771884, 36.50249], [128.771564, 36.50267], [128.771344, 36.50281], [128.771304, 36.50305], [128.771404, 36.50325], [128.77145, 36.503346], [128.771707, 36.50358], [128.771867, 36.50366], [128.771927, 36.50383], [128.771927, 36.504], [128.771867, 36.50413], [128.771817, 36.50426], [128.771757, 36.50439], [128.771707, 36.5045], [128.771757, 36.50463], [128.771817, 36.50482], [128.771867, 36.50495], [128.771927, 36.50523], [128.771927, 36.50538], [128.771916, 36.50551], [128.771884, 36.505625], [128.771841, 36.505929], [128.77181, 36.506111], [128.771805, 36.506294], [128.771794, 36.506493], [128.771698, 36.506617], [128.77162, 36.506744], [128.771473, 36.507016], [128.771331, 36.507312], [128.771159, 36.507815], [128.771068, 36.508059], [128.771013, 36.5084], [128.770954, 36.508774], [128.770952, 36.508993], [128.770864, 36.509198], [128.770737, 36.509529], [128.770612, 36.509791], [128.770366, 36.510066], [128.770124, 36.51022], [128.769821, 36.510384], [128.76951, 36.51055], [128.769259, 36.510646], [128.768961, 36.510805], [128.768853, 36.511053], [128.768726, 36.511484], [128.768659, 36.511793], [128.768625, 36.512001], [128.768514, 36.512494], [128.768435, 36.513122], [128.768458, 36.513555], [128.768407, 36.513833], [128.768302, 36.514161], [128.768175, 36.514588], [128.767911, 36.515164], [128.767893, 36.515295], [128.767906, 36.515382]]}}, {"type": "Feature", "properties": {"name": "", "osm_id": 32721333, "origin": "OBSERVED", "highway": "residential"}, "geometry": {"type": "LineString", "coordinates": [[128.768435, 36.513122], [128.76774, 36.51287], [128.767042, 36.512633], [128.76589, 36.51227], [128.76525, 36.5121], [128.76467, 36.51203], [128.764354, 36.512037], [128.763929, 36.512154], [128.763325, 36.512303], [128.762834, 36.512409], [128.762373, 36.512454], [128.762078, 36.512389], [128.76182, 36.51231], [128.761468, 36.512241], [128.76104, 36.5121], [128.760756, 36.512025], [128.76055, 36.51199], [128.760176, 36.511973], [128.759882, 36.511964], [128.759559, 36.51194], [128.759237, 36.51191], [128.758971, 36.511841], [128.758809, 36.511752], [128.758613, 36.511437], [128.758211, 36.510913], [128.75798, 36.51063], [128.757567, 36.510155], [128.757487, 36.510005], [128.757227, 36.509835], [128.75686, 36.50963], [128.75639, 36.50939], [128.756169, 36.509276], [128.75601, 36.50918], [128.75584, 36.509033], [128.755624, 36.508778], [128.75549, 36.50849], [128.755363, 36.508285], [128.754853, 36.507992], [128.754655, 36.507796], [128.75444, 36.50757], [128.75404, 36.507301]]}}, {"type": "Feature", "properties": {"name": "지리골길", "osm_id": 32721334, "origin": "OBSERVED", "highway": "residential"}, "geometry": {"type": "LineString", "coordinates": [[128.764623, 36.520786], [128.76455, 36.520825], [128.764454, 36.520852], [128.76435, 36.52085], [128.764131, 36.520815], [128.76379, 36.52079], [128.76341, 36.52079], [128.76293, 36.52093], [128.76268, 36.52093], [128.7624, 36.52083], [128.76203, 36.52087], [128.76173, 36.52085], [128.7615, 36.5207], [128.76135, 36.52055], [128.76135, 36.52042], [128.76135, 36.52016], [128.76141, 36.52001], [128.76145, 36.5199], [128.76139, 36.51976], [128.7613, 36.51969], [128.76103, 36.51969], [128.76087, 36.51965], [128.76072, 36.51954], [128.76072, 36.51943], [128.76068, 36.51931], [128.76055, 36.51922], [128.76019, 36.51911], [128.75997, 36.51911], [128.75976, 36.5189], [128.75946, 36.51873], [128.75914, 36.51855], [128.75888, 36.51849], [128.75871, 36.51834], [128.7586, 36.51819], [128.75839, 36.51808], [128.75817, 36.51802], [128.75793, 36.51797], [128.7577, 36.51787], [128.75749, 36.51774], [128.75723, 36.51752], [128.75686, 36.51731], [128.7565, 36.51714], [128.75622, 36.51699], [128.75607, 36.516911], [128.755904, 36.516832], [128.7557, 36.51677], [128.75544, 36.5166], [128.75521, 36.51643], [128.755026, 36.516264], [128.754881, 36.516158], [128.75469, 36.51611], [128.75448, 36.51617], [128.75422, 36.51622], [128.7539, 36.51626], [128.75358, 36.51628], [128.75332, 36.51626], [128.75296, 36.51619], [128.75263, 36.51615], [128.752528, 36.516105], [128.75238, 36.51619], [128.75216, 36.5163], [128.7519, 36.51641], [128.75184, 36.51658], [128.75169, 36.51673], [128.75163, 36.51684], [128.75137, 36.51688]]}}, {"type": "Feature", "properties": {"name": "구미음지마길", "osm_id": 32721335, "origin": "OBSERVED", "highway": "residential"}, "geometry": {"type": "LineString", "coordinates": [[128.768595, 36.523395], [128.768984, 36.522743], [128.76927, 36.522792], [128.769539, 36.522871], [128.77038, 36.52319], [128.770515, 36.523148], [128.770658, 36.523071], [128.770659, 36.523024], [128.770662, 36.522857], [128.77075, 36.52271], [128.77091, 36.52252], [128.771053, 36.522354], [128.771237, 36.521993]]}}, {"type": "Feature", "properties": {"name": "신흥길", "osm_id": 32721336, "origin": "OBSERVED", "highway": "residential"}, "geometry": {"type": "LineString", "coordinates": [[128.768595, 36.523395], [128.768412, 36.523285], [128.768284, 36.523218], [128.768036, 36.523065], [128.768, 36.52302], [128.76774, 36.52291], [128.76748, 36.52285], [128.767108, 36.522683]]}}, {"type": "Feature", "properties": {"name": "", "osm_id": 32721337, "origin": "OBSERVED", "highway": "track"}, "geometry": {"type": "LineString", "coordinates": [[128.7528, 36.50032], [128.752779, 36.500231], [128.752787, 36.500157], [128.752893, 36.499821], [128.752773, 36.499739], [128.752682, 36.499674], [128.752638, 36.499594], [128.752713, 36.499456], [128.753076, 36.499027], [128.753179, 36.498896], [128.753212, 36.498827], [128.753273, 36.498702], [128.753369, 36.498564], [128.75386, 36.49781], [128.754059, 36.497587], [128.754118, 36.497456], [128.75413, 36.497356], [128.75416, 36.49731], [128.75424, 36.497254], [128.754413, 36.497129], [128.754554, 36.496924], [128.754677, 36.496802], [128.754974, 36.496511], [128.755049, 36.496487], [128.7551, 36.496402], [128.755119, 36.496219], [128.755115, 36.496003], [128.755144, 36.495838], [128.755248, 36.495766], [128.755406, 36.495561], [128.755501, 36.495415], [128.755604, 36.49522], [128.755732, 36.495025], [128.755847, 36.49474], [128.75585, 36.49456], [128.755944, 36.494266], [128.755983, 36.494069], [128.756045, 36.493802], [128.756067, 36.493645], [128.756118, 36.493468], [128.756142, 36.493308], [128.756164, 36.493114], [128.75604, 36.49287], [128.755957, 36.492674], [128.755917, 36.492586]]}}, {"type": "Feature", "properties": {"name": "", "osm_id": 32721339, "origin": "OBSERVED", "highway": "residential"}, "geometry": {"type": "LineString", "coordinates": [[128.75404, 36.507301], [128.754422, 36.507328], [128.754846, 36.507355], [128.754947, 36.507272], [128.755021, 36.507192], [128.755068, 36.50702], [128.75513, 36.506809], [128.755152, 36.506724], [128.75518, 36.506572], [128.755323, 36.506436], [128.755514, 36.506238], [128.755571, 36.506141], [128.7556, 36.50589]]}}, {"type": "Feature", "properties": {"name": "", "osm_id": 32721340, "origin": "OBSERVED", "highway": "track"}, "geometry": {"type": "LineString", "coordinates": [[128.7556, 36.50589], [128.755629, 36.505716], [128.7556, 36.50555], [128.75553, 36.50544], [128.7554, 36.505221], [128.755404, 36.505081], [128.75549, 36.5049], [128.75549, 36.50463], [128.75538, 36.50444], [128.755143, 36.504147]]}}, {"type": "Feature", "properties": {"name": "", "osm_id": 32721341, "origin": "OBSERVED", "highway": "track"}, "geometry": {"type": "LineString", "coordinates": [[128.77568, 36.49463], [128.77566, 36.49446], [128.77561, 36.49431], [128.77561, 36.4942], [128.77561, 36.49411], [128.77561, 36.49401], [128.77566, 36.49394], [128.77572, 36.49388], [128.77587, 36.49375], [128.77603, 36.49364], [128.77624, 36.49347], [128.77641, 36.49336], [128.776697, 36.493073], [128.776907, 36.492813], [128.777117, 36.492623], [128.77731, 36.49238], [128.77742, 36.4922], [128.77751, 36.49199], [128.777664, 36.491859], [128.777794, 36.491749], [128.778034, 36.491599], [128.778264, 36.491469], [128.778474, 36.491359], [128.778674, 36.491229], [128.778824, 36.491099], [128.779098, 36.490825], [128.779295, 36.490632], [128.779243, 36.490491], [128.779614, 36.490231], [128.779614, 36.490101], [128.779574, 36.489931], [128.779524, 36.489691], [128.779415, 36.489423], [128.779313, 36.48918], [128.779236, 36.488982], [128.779165, 36.488774], [128.77907, 36.488552], [128.779075, 36.488244], [128.779107, 36.488053], [128.779165, 36.487909], [128.779216, 36.487797], [128.779346, 36.487589]]}}, {"type": "Feature", "properties": {"name": "", "osm_id": 32721342, "origin": "OBSERVED", "highway": "track"}, "geometry": {"type": "LineString", "coordinates": [[128.77751, 36.49199], [128.77725, 36.49175], [128.77716, 36.49156], [128.77714, 36.49137], [128.77709, 36.49124], [128.77705, 36.49109], [128.77703, 36.49089], [128.77699, 36.49079], [128.77699, 36.49068], [128.77694, 36.49051], [128.77693, 36.4904], [128.77693, 36.49036], [128.77693, 36.49032], [128.77693, 36.49025], [128.77688, 36.49016], [128.77682, 36.48999], [128.776778, 36.489847], [128.776654, 36.489766], [128.7765, 36.48958]]}}, {"type": "Feature", "properties": {"name": "", "osm_id": 32721344, "origin": "OBSERVED", "highway": "track"}, "geometry": {"type": "LineString", "coordinates": [[128.779614, 36.490231], [128.77984, 36.49025], [128.7801, 36.49023], [128.78038, 36.49019], [128.78059, 36.49014], [128.78105, 36.49012], [128.78126, 36.49014], [128.78132, 36.49019], [128.78147, 36.49016], [128.78163, 36.4901], [128.78175, 36.49008], [128.78195, 36.49008], [128.78216, 36.49008], [128.78222, 36.49016], [128.78231, 36.49032], [128.78237, 36.49038], [128.78263, 36.4904], [128.78285, 36.49044], [128.78306, 36.49047], [128.78327, 36.49048]]}}, {"type": "Feature", "properties": {"name": "", "osm_id": 32721345, "origin": "OBSERVED", "highway": "track"}, "geometry": {"type": "LineString", "coordinates": [[128.79214, 36.51005], [128.79209, 36.51001], [128.79214, 36.50986], [128.79209, 36.50967], [128.79209, 36.50952], [128.79203, 36.50933], [128.79205, 36.50918], [128.79209, 36.50894], [128.79209, 36.50877], [128.79209, 36.5086], [128.79203, 36.50834], [128.79193, 36.50799], [128.79188, 36.50789], [128.79177, 36.50774], [128.79167, 36.50761], [128.79167, 36.50754], [128.79151, 36.50722], [128.79151, 36.50692], [128.791585, 36.50668], [128.791662, 36.506487], [128.79182, 36.50639], [128.79216, 36.50626], [128.79278, 36.50606], [128.79315, 36.50596], [128.79336, 36.50589], [128.79377, 36.50589], [128.79399, 36.50583], [128.79431, 36.50559], [128.79446, 36.50529], [128.79469, 36.50489], [128.79489, 36.50458], [128.79516, 36.50422], [128.79536, 36.50379], [128.79547, 36.50358], [128.79547, 36.5033], [128.79542, 36.50296], [128.79542, 36.50265], [128.79536, 36.50248]]}}, {"type": "Feature", "properties": {"name": "", "osm_id": 32721346, "origin": "OBSERVED", "highway": "track"}, "geometry": {"type": "LineString", "coordinates": [[128.792688, 36.501933], [128.793214, 36.501461], [128.793249, 36.501487], [128.793258, 36.501654], [128.793286, 36.5018], [128.793367, 36.501964], [128.79342, 36.50225], [128.793427, 36.502329], [128.793468, 36.502422], [128.793558, 36.502603], [128.793642, 36.502745], [128.793742, 36.502963], [128.793747, 36.503087], [128.793559, 36.503241], [128.793473, 36.503427], [128.793479, 36.503614], [128.793478, 36.503841], [128.793458, 36.504065], [128.793363, 36.50433], [128.793382, 36.504522], [128.793338, 36.504676], [128.793414, 36.504809], [128.793406, 36.50491], [128.793341, 36.505034], [128.793301, 36.505223], [128.793281, 36.505292], [128.793097, 36.505475], [128.79304, 36.50566], [128.792712, 36.505829], [128.79238, 36.50613], [128.79216, 36.50626]]}}, {"type": "Feature", "properties": {"name": "", "osm_id": 32721347, "origin": "OBSERVED", "highway": "track"}, "geometry": {"type": "LineString", "coordinates": [[128.7868, 36.501107], [128.78691, 36.500954], [128.78692, 36.5009], [128.78691, 36.50074], [128.78691, 36.50059], [128.78697, 36.50046], [128.78707, 36.50029], [128.78724, 36.5001], [128.78739, 36.49997], [128.78755, 36.49991], [128.78791, 36.49956], [128.78811, 36.499368], [128.788208, 36.499096], [128.788251, 36.499055], [128.7884, 36.49903], [128.78858, 36.4989], [128.788682, 36.498813], [128.788747, 36.498678], [128.788804, 36.498621], [128.788886, 36.498614], [128.788927, 36.498624], [128.789107, 36.498676], [128.789243, 36.498729], [128.78934, 36.498779], [128.789407, 36.498851], [128.789424, 36.498914], [128.789449, 36.499203], [128.789471, 36.499395], [128.789621, 36.499529], [128.789748, 36.499558], [128.79014, 36.499442], [128.790258, 36.499508], [128.790322, 36.499571], [128.790456, 36.499752], [128.790526, 36.499909], [128.790637, 36.500086], [128.790685, 36.500252], [128.790706, 36.500423], [128.790853, 36.500652], [128.790989, 36.500986], [128.79121, 36.501259], [128.79167, 36.50154], [128.791699, 36.501581], [128.79182, 36.50175], [128.791863, 36.501966], [128.791875, 36.502094], [128.791767, 36.50232], [128.791647, 36.502547], [128.791622, 36.502655], [128.79171, 36.50283], [128.7918, 36.50297], [128.79182, 36.50317], [128.791898, 36.503189]]}}, {"type": "Feature", "properties": {"name": "", "osm_id": 32721348, "origin": "OBSERVED", "highway": "track"}, "geometry": {"type": "LineString", "coordinates": [[128.791898, 36.503189], [128.79119, 36.50381], [128.79066, 36.50463], [128.79072, 36.50523], [128.79089, 36.50577], [128.79098, 36.506], [128.79103, 36.50617], [128.79103, 36.50641], [128.79109, 36.50675], [128.7913, 36.50705], [128.79145, 36.50718], [128.79151, 36.50722]]}}, {"type": "Feature", "properties": {"name": "", "osm_id": 32721349, "origin": "OBSERVED", "highway": "track"}, "geometry": {"type": "LineString", "coordinates": [[128.791581, 36.513059], [128.791517, 36.513017], [128.791494, 36.512991], [128.791394, 36.512901], [128.791394, 36.512811], [128.791394, 36.512731], [128.791394, 36.512671], [128.791334, 36.512671], [128.791284, 36.512681], [128.791224, 36.512771], [128.791204, 36.512881], [128.791174, 36.513051], [128.791114, 36.513121], [128.791074, 36.513241], [128.790964, 36.513331], [128.790854, 36.513441], [128.790814, 36.513571], [128.790754, 36.513651], [128.790594, 36.513711]]}}, {"type": "Feature", "properties": {"name": "", "osm_id": 32721350, "origin": "OBSERVED", "highway": "residential"}, "geometry": {"type": "LineString", "coordinates": [[128.784291, 36.525302], [128.784247, 36.525301], [128.784054, 36.525291], [128.783646, 36.525255], [128.783429, 36.525243], [128.783267, 36.525219], [128.783171, 36.525356], [128.783058, 36.525431], [128.783029, 36.52552], [128.783027, 36.525615], [128.78306, 36.52572], [128.783106, 36.525869], [128.783093, 36.526078], [128.78302, 36.52651], [128.78279, 36.52677], [128.78254, 36.52703], [128.78248, 36.52711], [128.78227, 36.52729], [128.78195, 36.52763], [128.78195, 36.52785], [128.78199, 36.52799], [128.78221, 36.52836], [128.78244, 36.52879], [128.782495, 36.528989], [128.782531, 36.529055], [128.782518, 36.529132], [128.782399, 36.529194], [128.78249, 36.529633], [128.782504, 36.529728], [128.782493, 36.529801], [128.782399, 36.5301], [128.782331, 36.530308], [128.782307, 36.530353], [128.782287, 36.530403], [128.78227, 36.53046], [128.781949, 36.531095]]}}, {"type": "Feature", "properties": {"name": "", "osm_id": 32721351, "origin": "OBSERVED", "highway": "track"}, "geometry": {"type": "LineString", "coordinates": [[128.769821, 36.510384], [128.769757, 36.51023], [128.769626, 36.51005], [128.769473, 36.509968], [128.769308, 36.509893], [128.769177, 36.509926], [128.76901, 36.510089], [128.768848, 36.510065], [128.768797, 36.509912], [128.768637, 36.509648], [128.768581, 36.50943], [128.768449, 36.509127], [128.768696, 36.508912], [128.768922, 36.508651], [128.76901, 36.50853], [128.769048, 36.507968], [128.769232, 36.507824], [128.769408, 36.507545], [128.769549, 36.507328], [128.76963, 36.50712], [128.76963, 36.50692], [128.76959, 36.50669], [128.76943, 36.50654], [128.76922, 36.50634], [128.76905, 36.50626], [128.7689, 36.50622], [128.7687, 36.50632], [128.76858, 36.5065], [128.76837, 36.50654]]}}, {"type": "Feature", "properties": {"name": "", "osm_id": 32721372, "origin": "OBSERVED", "highway": "unclassified"}, "geometry": {"type": "LineString", "coordinates": [[128.76304, 36.45094], [128.76298, 36.45077], [128.76293, 36.45058], [128.76289, 36.45045], [128.76287, 36.4503], [128.76287, 36.45017], [128.76283, 36.45006], [128.76274, 36.44989], [128.76261, 36.44985], [128.76251, 36.44978], [128.76246, 36.44968], [128.76235, 36.44946], [128.7624, 36.44924], [128.76242, 36.44892], [128.7624, 36.44879], [128.76235, 36.44871], [128.76229, 36.44856], [128.76229, 36.44847], [128.76229, 36.44832], [128.76231, 36.44815], [128.7624, 36.44798], [128.7624, 36.4477], [128.7624, 36.44744], [128.7624, 36.44718], [128.762397, 36.447018], [128.762384, 36.446875], [128.762371, 36.446646], [128.762334, 36.446455], [128.762229, 36.446286], [128.76214, 36.44618], [128.76203, 36.44598], [128.761933, 36.445785], [128.76182, 36.4453], [128.76171, 36.44495], [128.76161, 36.44478], [128.7615, 36.44457], [128.761437, 36.44443], [128.761371, 36.444277], [128.761284, 36.444092], [128.761277, 36.443827], [128.761279, 36.443506], [128.761276, 36.443162], [128.761235, 36.442961], [128.76119, 36.44274], [128.76124, 36.44261], [128.76141, 36.44242], [128.76145, 36.44231], [128.76135, 36.4421], [128.7613, 36.44195], [128.76124, 36.44173], [128.76119, 36.44152], [128.76119, 36.44133], [128.76124, 36.44109], [128.76124, 36.44086], [128.7613, 36.44062], [128.7613, 36.44042], [128.7613, 36.44015], [128.76139, 36.43996], [128.7615, 36.4398], [128.76161, 36.4397], [128.76171, 36.43963], [128.76173, 36.43948], [128.76182, 36.43925], [128.76188, 36.43905], [128.76199, 36.43893], [128.76203, 36.43875], [128.76205, 36.43856], [128.76203, 36.43839], [128.76199, 36.43822], [128.76199, 36.43804], [128.76199, 36.43787], [128.76199, 36.43757], [128.76199, 36.4374], [128.76203, 36.43714], [128.76203, 36.43691], [128.76203, 36.43671], [128.76203, 36.4365], [128.76199, 36.43629], [128.76197, 36.43592], [128.76193, 36.4356], [128.76188, 36.43517], [128.76184, 36.43485], [128.76182, 36.4345], [128.76177, 36.43414], [128.76177, 36.43397], [128.76177, 36.43373], [128.76177, 36.43358], [128.76177, 36.43328], [128.76182, 36.43311], [128.76182, 36.43298], [128.76193, 36.43275], [128.76199, 36.43257], [128.76203, 36.43242], [128.76205, 36.43218], [128.76205, 36.43193], [128.76205, 36.43176], [128.76203, 36.43156], [128.76203, 36.43135], [128.76194, 36.43105], [128.76193, 36.43079], [128.76188, 36.43049], [128.76188, 36.43013], [128.76182, 36.42978], [128.76182, 36.42953], [128.76182, 36.42931], [128.76177, 36.42912], [128.76173, 36.42888], [128.7617, 36.428755], [128.76165, 36.42854], [128.76161, 36.42832], [128.76152, 36.428], [128.76145, 36.42777], [128.7615, 36.42751], [128.7615, 36.42727], [128.761506, 36.42719], [128.76152, 36.42699], [128.7615, 36.42671], [128.76141, 36.42637], [128.76141, 36.42618], [128.76139, 36.42592], [128.76135, 36.42568], [128.76135, 36.425462]]}}, {"type": "Feature", "properties": {"name": "", "osm_id": 32721380, "origin": "OBSERVED", "highway": "track"}, "geometry": {"type": "LineString", "coordinates": [[128.76171, 36.43963], [128.76177, 36.43974], [128.76188, 36.43983], [128.76197, 36.43993], [128.76214, 36.44006], [128.7622, 36.44021], [128.76225, 36.44038], [128.76229, 36.44055], [128.76229, 36.44075], [128.76235, 36.44088], [128.7624, 36.44099], [128.76251, 36.44109], [128.76261, 36.44122], [128.76277, 36.44135], [128.76283, 36.44152], [128.76293, 36.44163], [128.76304, 36.44169], [128.76319, 36.44178], [128.7633, 36.44191], [128.76341, 36.44206], [128.76351, 36.44221], [128.76362, 36.44238], [128.76373, 36.44253], [128.76383, 36.44264], [128.76388, 36.44276], [128.7639, 36.44289], [128.76403, 36.44306], [128.7642, 36.44326], [128.76435, 36.44345], [128.76452, 36.44364], [128.76467, 36.44379], [128.76478, 36.44395], [128.76489, 36.44412], [128.76499, 36.44433], [128.76515, 36.44453], [128.76536, 36.44474], [128.76547, 36.44493], [128.76568, 36.44515], [128.76579, 36.44532], [128.76594, 36.44551], [128.76605, 36.4456], [128.7662, 36.44569], [128.766392, 36.445769], [128.766566, 36.445812], [128.766791, 36.44586]]}}, {"type": "Feature", "properties": {"name": "", "osm_id": 32721384, "origin": "OBSERVED", "highway": "track"}, "geometry": {"type": "LineString", "coordinates": [[128.752528, 36.516105], [128.75227, 36.51607], [128.75212, 36.516], [128.75189, 36.51594], [128.75173, 36.51589], [128.75163, 36.51585], [128.75137, 36.51574], [128.75115, 36.51568], [128.751, 36.51559], [128.75083, 36.51553], [128.75068, 36.51538], [128.75051, 36.51531], [128.75041, 36.51531], [128.7501, 36.5152], [128.74989, 36.51516], [128.74969, 36.51506], [128.74952, 36.51495], [128.74942, 36.51491], [128.74909, 36.51486], [128.74894, 36.51482], [128.74884, 36.51469], [128.74877, 36.51463], [128.74862, 36.51452], [128.74845, 36.51441], [128.74826, 36.5143], [128.74804, 36.5142], [128.74778, 36.51407], [128.74751, 36.51405], [128.74719, 36.51403], [128.74688, 36.51398], [128.74661, 36.51396], [128.74639, 36.51392], [128.74626, 36.5139], [128.74615, 36.5139], [128.74603, 36.5139], [128.74592, 36.51392]]}}, {"type": "Feature", "properties": {"name": "", "osm_id": 32721385, "origin": "OBSERVED", "highway": "track"}, "geometry": {"type": "LineString", "coordinates": [[128.76864, 36.46669], [128.76858, 36.4668], [128.76856, 36.46688], [128.76847, 36.46699], [128.76837, 36.46706], [128.76821, 36.4671], [128.76806, 36.46714], [128.76785, 36.4672], [128.76768, 36.46723], [128.76748, 36.46727], [128.76737, 36.46727], [128.76725, 36.46729], [128.76716, 36.46731], [128.76705, 36.46736], [128.76695, 36.46738], [128.76679, 36.46736], [128.76658, 36.46733], [128.76647, 36.46731], [128.76615, 36.46727], [128.76596, 36.46727], [128.76583, 36.46725], [128.76573, 36.46723], [128.76562, 36.46725], [128.76553, 36.46727], [128.76542, 36.46727], [128.76536, 36.46727], [128.765282, 36.467267], [128.76515, 36.46727], [128.76504, 36.46727], [128.76499, 36.46727], [128.76495, 36.46729], [128.764836, 36.467356], [128.764446, 36.467782], [128.764374, 36.467844], [128.764276, 36.467934], [128.764152, 36.467998], [128.76405, 36.46804], [128.76394, 36.46809], [128.76379, 36.46815], [128.76371, 36.46819], [128.76362, 36.46823], [128.76354, 36.46826], [128.76345, 36.4683], [128.76336, 36.46832], [128.7633, 36.46834], [128.76325, 36.46836], [128.76325, 36.46841], [128.76325, 36.46843], [128.7633, 36.46847], [128.76336, 36.46849], [128.76341, 36.46851], [128.76341, 36.46854], [128.76351, 36.46854], [128.76362, 36.46858], [128.76367, 36.4686], [128.76373, 36.46864], [128.76377, 36.46866], [128.76383, 36.46869], [128.76388, 36.46871], [128.76388, 36.46875], [128.76394, 36.46879], [128.76394, 36.46884], [128.7639, 36.46888], [128.76388, 36.4689], [128.76388, 36.46894], [128.7639, 36.46897], [128.76394, 36.46901], [128.76394, 36.46903], [128.76394, 36.46907], [128.76394, 36.46909], [128.7639, 36.46912], [128.76388, 36.46912], [128.76383, 36.46912], [128.76377, 36.46909], [128.76377, 36.46907], [128.76373, 36.46905], [128.76371, 36.46901], [128.76371, 36.46894], [128.76368, 36.4689], [128.76367, 36.46886], [128.76367, 36.46884], [128.76362, 36.46881], [128.76351, 36.46877], [128.76341, 36.46875], [128.7633, 36.46873], [128.76319, 36.46871], [128.76309, 36.46869], [128.76298, 36.46866], [128.76287, 36.46864], [128.76278, 36.4686], [128.76272, 36.46854], [128.76268, 36.46851], [128.76261, 36.46849], [128.76261, 36.46847], [128.76255, 36.46843], [128.76251, 36.46841], [128.76246, 36.46834], [128.76246, 36.4683], [128.76246, 36.46823], [128.76251, 36.46817], [128.76255, 36.46811], [128.76257, 36.46804], [128.76261, 36.46796], [128.76272, 36.46791], [128.76277, 36.46789], [128.76283, 36.46785], [128.76287, 36.46783], [128.76293, 36.46781], [128.763, 36.46776], [128.76304, 36.46774], [128.7631, 36.46772], [128.76319, 36.46768], [128.76325, 36.46766], [128.7633, 36.46763], [128.76341, 36.46757], [128.76347, 36.46753], [128.76354, 36.46746], [128.76362, 36.46742]]}}, {"type": "Feature", "properties": {"name": "", "osm_id": 32721386, "origin": "OBSERVED", "highway": "track"}, "geometry": {"type": "LineString", "coordinates": [[128.76901, 36.46635], [128.76911, 36.46635], [128.76922, 36.46639], [128.76933, 36.46643], [128.76948, 36.4665], [128.7696, 36.46658], [128.76974, 36.46667], [128.76985, 36.46673], [128.76995, 36.4668], [128.77006, 36.46688], [128.77017, 36.46695], [128.77023, 36.46701], [128.77032, 36.46708], [128.77043, 36.46712], [128.77049, 36.46714], [128.77059, 36.46716], [128.7707, 36.46718], [128.77081, 36.46718], [128.77091, 36.46716], [128.77098, 36.46712], [128.77107, 36.46706], [128.77111, 36.46699], [128.77117, 36.46693], [128.77122, 36.46684], [128.77128, 36.46675], [128.77133, 36.46665], [128.77133, 36.46656], [128.77133, 36.46648], [128.77133, 36.46639], [128.77133, 36.4663], [128.77133, 36.4662], [128.77139, 36.46607], [128.77143, 36.46594], [128.77149, 36.46579], [128.77154, 36.46566], [128.7716, 36.46551], [128.77165, 36.4654], [128.77171, 36.46536], [128.77175, 36.46532], [128.771886, 36.465343], [128.771974, 36.46536], [128.77207, 36.4654], [128.772207, 36.465414], [128.772274, 36.465412], [128.772411, 36.465426], [128.772471, 36.465386], [128.772491, 36.465346], [128.772471, 36.465296], [128.772409, 36.46523], [128.77235, 36.46517], [128.77229, 36.4651], [128.77229, 36.46506], [128.77224, 36.465], [128.77223, 36.46491], [128.77223, 36.46482], [128.77224, 36.46474], [128.77227, 36.46465], [128.77229, 36.46452], [128.77233, 36.46439], [128.77244, 36.46429], [128.77249, 36.46418], [128.77255, 36.46409], [128.77259, 36.46399]]}}, {"type": "Feature", "properties": {"name": "", "osm_id": 32721388, "origin": "OBSERVED", "highway": "track"}, "geometry": {"type": "LineString", "coordinates": [[128.76536, 36.4577], [128.76547, 36.45789], [128.76557, 36.45804], [128.76564, 36.45821], [128.76573, 36.45834], [128.76583, 36.45845], [128.766, 36.45858], [128.7662, 36.45877], [128.76637, 36.45896], [128.76652, 36.45914], [128.76663, 36.45933], [128.76673, 36.4595], [128.76684, 36.45967], [128.76695, 36.45985], [128.76705, 36.45991], [128.76716, 36.45995], [128.76727, 36.45999], [128.76742, 36.45998], [128.76753, 36.45999], [128.76757, 36.46006], [128.76759, 36.46015], [128.76759, 36.46021], [128.76759, 36.46027], [128.76763, 36.46034], [128.76774, 36.46047], [128.76789, 36.4606], [128.768, 36.46073], [128.76815, 36.46085], [128.76826, 36.46096], [128.76837, 36.46113], [128.76847, 36.46128], [128.76858, 36.46148], [128.76869, 36.4616], [128.76881, 36.46169], [128.76901, 36.46176], [128.76927, 36.46182], [128.7695, 36.46188], [128.76974, 36.46195], [128.76995, 36.46201], [128.77023, 36.46208], [128.77043, 36.46214], [128.77059, 36.46221], [128.77075, 36.46225], [128.77081, 36.46229], [128.77085, 36.46236], [128.77081, 36.4624], [128.77075, 36.46246], [128.77064, 36.46249], [128.77043, 36.46253], [128.77017, 36.46257], [128.76985, 36.46257], [128.76959, 36.46259], [128.76943, 36.46259], [128.76937, 36.46263], [128.76933, 36.46268], [128.76933, 36.46276], [128.76933, 36.46289], [128.76933, 36.46317], [128.76937, 36.4633], [128.76939, 36.46339], [128.76948, 36.46347], [128.76963, 36.46354], [128.7698, 36.46362], [128.77001, 36.46373], [128.77012, 36.46384], [128.77023, 36.4639], [128.77032, 36.46397], [128.77038, 36.46403], [128.77038, 36.46407], [128.77029, 36.46414], [128.77023, 36.46418], [128.77012, 36.4642], [128.77001, 36.4642], [128.76991, 36.46422], [128.76985, 36.46424], [128.76971, 36.46427]]}}, {"type": "Feature", "properties": {"name": "", "osm_id": 32721390, "origin": "OBSERVED", "highway": "tertiary"}, "geometry": {"type": "LineString", "coordinates": [[128.7698, 36.42335], [128.77053, 36.42322], [128.77096, 36.42315], [128.7712, 36.42309], [128.77319, 36.42272], [128.77439, 36.42247], [128.774706, 36.422396], [128.77503, 36.42229], [128.77525, 36.42219], [128.77551, 36.42208], [128.77561, 36.42204], [128.775723, 36.422015], [128.77592, 36.42197], [128.776109, 36.421961], [128.77632, 36.421969], [128.776532, 36.422003], [128.77693, 36.42206], [128.7772, 36.4221], [128.7774, 36.4221], [128.77772, 36.42208], [128.77815, 36.42204], [128.77851, 36.42201], [128.778526, 36.42201], [128.778889, 36.421996], [128.77941, 36.422], [128.77973, 36.422], [128.77993, 36.42204], [128.78031, 36.42223], [128.780744, 36.422547], [128.78121, 36.42287], [128.781446, 36.423053], [128.78152, 36.42311], [128.78205, 36.42348], [128.782327, 36.423705], [128.78248, 36.42388], [128.78259, 36.4242], [128.78263, 36.42457], [128.78268, 36.42478], [128.78279, 36.42502], [128.78317, 36.42545], [128.78338, 36.42581], [128.78349, 36.42612], [128.7837, 36.42646], [128.78401, 36.42686], [128.784186, 36.427089], [128.784372, 36.427368], [128.784421, 36.427586], [128.7845, 36.42798], [128.78459, 36.42843], [128.78465, 36.42871], [128.78459, 36.42921], [128.78454, 36.42967], [128.7845, 36.42993], [128.78448, 36.43013], [128.78448, 36.43036], [128.78454, 36.43056], [128.78465, 36.43081], [128.78497, 36.43135], [128.78533, 36.43186], [128.78544, 36.43214], [128.78549, 36.43238], [128.78553, 36.43264], [128.7857, 36.43275], [128.78587, 36.43298], [128.78602, 36.4333], [128.78628, 36.43362], [128.78666, 36.43423], [128.78701, 36.43463], [128.78755, 36.43526], [128.78781, 36.43553], [128.78791, 36.43577], [128.78797, 36.436276], [128.787971, 36.436287], [128.788008, 36.436531], [128.78813, 36.43697], [128.78819, 36.43725], [128.78828, 36.43746], [128.78845, 36.43774], [128.78855, 36.43802], [128.78866, 36.43826], [128.788678, 36.438443], [128.788611, 36.438687], [128.78845, 36.43907], [128.788372, 36.439287], [128.78823, 36.43974], [128.78814, 36.44004], [128.78813, 36.44032], [128.78817, 36.44062], [128.78834, 36.441], [128.78851, 36.44144], [128.78871, 36.44182], [128.78918, 36.44272], [128.78961, 36.44343], [128.78974, 36.44382], [128.78997, 36.44422], [128.79014, 36.44453], [128.79023, 36.4447], [128.79034, 36.44489], [128.7904, 36.44521], [128.79055, 36.44543], [128.79064, 36.44566], [128.79083, 36.44592], [128.79092, 36.44624], [128.79103, 36.44654], [128.79109, 36.44672], [128.79115, 36.44695], [128.79124, 36.44714], [128.79136, 36.44729], [128.79173, 36.44753], [128.7922, 36.44783], [128.79257, 36.44813], [128.7927, 36.44828], [128.79278, 36.44845], [128.79283, 36.44875], [128.79283, 36.44894], [128.79283, 36.44912], [128.79289, 36.44923], [128.79302, 36.44937], [128.79328, 36.44963], [128.79357, 36.44987], [128.79379, 36.45008], [128.79405, 36.45027], [128.7942, 36.45043], [128.794401, 36.45058], [128.79453, 36.450707], [128.794628, 36.450897], [128.79467, 36.45096]]}}, {"type": "Feature", "properties": {"name": "", "osm_id": 32721391, "origin": "OBSERVED", "highway": "tertiary"}, "geometry": {"type": "LineString", "coordinates": [[128.79467, 36.45096], [128.79495, 36.45182], [128.79499, 36.45201], [128.795058, 36.452248], [128.7951, 36.45242], [128.795162, 36.452645], [128.795194, 36.452785], [128.795249, 36.453031], [128.795279, 36.453167], [128.795333, 36.453409], [128.795364, 36.453532], [128.795454, 36.453628], [128.795561, 36.453712], [128.795635, 36.453778], [128.795684, 36.453843], [128.795722, 36.453966], [128.795719, 36.454075], [128.795687, 36.454137], [128.795664, 36.454192], [128.795616, 36.454296], [128.79557, 36.45438], [128.795491, 36.454564], [128.79545, 36.454653], [128.79542, 36.45472], [128.795369, 36.454859], [128.795362, 36.455026], [128.795422, 36.455142], [128.795483, 36.455212], [128.795568, 36.455308], [128.795625, 36.45539], [128.795663, 36.45547], [128.795693, 36.455571], [128.795695, 36.455636], [128.795665, 36.45579]]}}, {"type": "Feature", "properties": {"name": "", "osm_id": 32721392, "origin": "OBSERVED", "highway": "track"}, "geometry": {"type": "LineString", "coordinates": [[128.793281, 36.505292], [128.79325, 36.50568], [128.79336, 36.50589]]}}, {"type": "Feature", "properties": {"name": "", "osm_id": 32721393, "origin": "OBSERVED", "highway": "track"}, "geometry": {"type": "LineString", "coordinates": [[128.791898, 36.503189], [128.792111, 36.503057], [128.792271, 36.503002], [128.792489, 36.503068], [128.792722, 36.503146], [128.79287, 36.503189], [128.793016, 36.503242], [128.793147, 36.503267], [128.793304, 36.50339], [128.793473, 36.503427]]}}, {"type": "Feature", "properties": {"name": "", "osm_id": 32721395, "origin": "OBSERVED", "highway": "residential"}, "geometry": {"type": "LineString", "coordinates": [[128.77994, 36.531691], [128.779868, 36.531801], [128.777951, 36.532444], [128.777053, 36.532758]]}}, {"type": "Feature", "properties": {"name": "", "osm_id": 32721396, "origin": "OBSERVED", "highway": "residential"}, "geometry": {"type": "LineString", "coordinates": [[128.780122, 36.531094], [128.77994, 36.531691]]}}, {"type": "Feature", "properties": {"name": "", "osm_id": 32721397, "origin": "OBSERVED", "highway": "track"}, "geometry": {"type": "LineString", "coordinates": [[128.755143, 36.504147], [128.755183, 36.504017], [128.755293, 36.503757], [128.755313, 36.503567], [128.755353, 36.503307], [128.755503, 36.503027], [128.755523, 36.502877], [128.755723, 36.502637], [128.755933, 36.502447], [128.756083, 36.502207], [128.756083, 36.501997], [128.756043, 36.501757], [128.755983, 36.501477], [128.756193, 36.501177], [128.756473, 36.500767], [128.756563, 36.500557], [128.756623, 36.500277], [128.756663, 36.500047], [128.756773, 36.499637], [128.756833, 36.499377], [128.756883, 36.499247], [128.756943, 36.499077], [128.757093, 36.498837], [128.757263, 36.498457], [128.757473, 36.498047], [128.757583, 36.497727], [128.757673, 36.497467], [128.757843, 36.497087], [128.757993, 36.496737], [128.758043, 36.496397], [128.758083, 36.496137], [128.758203, 36.495857], [128.758313, 36.495557], [128.758373, 36.495347], [128.758573, 36.495217], [128.758833, 36.494957], [128.759003, 36.494787], [128.759263, 36.494507], [128.759583, 36.494207], [128.759623, 36.494127], [128.759807, 36.493868], [128.759879, 36.49375], [128.759943, 36.493557], [128.760073, 36.493335], [128.760163, 36.493097], [128.760263, 36.492937], [128.760523, 36.492557], [128.760743, 36.492207], [128.760913, 36.491937], [128.761163, 36.491587], [128.761383, 36.491337], [128.761533, 36.491077], [128.761683, 36.490837], [128.761813, 36.490597], [128.762053, 36.490197]]}}, {"type": "Feature", "properties": {"name": "", "osm_id": 32721398, "origin": "OBSERVED", "highway": "residential"}, "geometry": {"type": "LineString", "coordinates": [[128.75404, 36.507301], [128.753811, 36.507219], [128.75369, 36.5072], [128.753508, 36.507174], [128.753319, 36.50715], [128.75306, 36.50688], [128.75283, 36.50667], [128.752608, 36.506519], [128.75242, 36.50593], [128.752408, 36.505615], [128.752302, 36.505494], [128.752211, 36.505299], [128.75216, 36.50519], [128.75212, 36.50471], [128.752086, 36.504483], [128.752081, 36.504198], [128.7521, 36.50375], [128.752194, 36.503114], [128.752311, 36.502584], [128.752387, 36.502379], [128.752408, 36.502335], [128.75249, 36.502165], [128.752637, 36.501819], [128.752665, 36.501787], [128.75278, 36.501653], [128.752915, 36.501497], [128.75289, 36.50141], [128.75285, 36.50124], [128.75279, 36.50096], [128.752766, 36.500813], [128.752796, 36.500682], [128.752863, 36.500537], [128.75287, 36.500439], [128.7528, 36.50032]]}}, {"type": "Feature", "properties": {"name": "", "osm_id": 32721399, "origin": "OBSERVED", "highway": "track"}, "geometry": {"type": "LineString", "coordinates": [[128.779346, 36.487589], [128.77931, 36.48755], [128.77915, 36.48738], [128.77905, 36.48725], [128.77899, 36.4872], [128.778888, 36.487127], [128.778665, 36.48707], [128.778611, 36.486984], [128.778624, 36.486921], [128.778827, 36.486663], [128.77901, 36.486452], [128.779072, 36.486302], [128.77909, 36.48617], [128.77909, 36.48609], [128.77915, 36.486], [128.77941, 36.48574], [128.779679, 36.485372], [128.779859, 36.48511], [128.780051, 36.484745], [128.780176, 36.484385], [128.780312, 36.484132], [128.780554, 36.483806], [128.780645, 36.483659], [128.780677, 36.483545], [128.780612, 36.483338], [128.780633, 36.483163], [128.780655, 36.482995], [128.780744, 36.482788], [128.780756, 36.482635], [128.780627, 36.482487], [128.780655, 36.482377], [128.780734, 36.482269], [128.780787, 36.482176], [128.780769, 36.482012], [128.780858, 36.481815], [128.780793, 36.481711], [128.780729, 36.481493], [128.780623, 36.481216], [128.780661, 36.481107], [128.78086, 36.480976], [128.780972, 36.480826], [128.780927, 36.480724], [128.780769, 36.480526], [128.78077, 36.480389], [128.780816, 36.480309], [128.780835, 36.480228], [128.780824, 36.480115], [128.780681, 36.479815], [128.780653, 36.479575], [128.780659, 36.479381], [128.780726, 36.479292], [128.780796, 36.479112], [128.780887, 36.478913], [128.781, 36.478684], [128.781053, 36.478502], [128.781019, 36.478293], [128.780987, 36.478121], [128.780983, 36.477962], [128.780994, 36.477843], [128.780963, 36.477717], [128.780938, 36.477583], [128.78089, 36.47748], [128.780789, 36.477274], [128.780674, 36.4771], [128.780561, 36.476932], [128.780479, 36.476821], [128.78047, 36.47663], [128.78042, 36.47647], [128.78042, 36.47635], [128.78031, 36.47613], [128.78031, 36.47605], [128.78034, 36.47596], [128.78042, 36.47587], [128.78057, 36.47579], [128.78068, 36.47566], [128.7807, 36.47553], [128.78074, 36.4754], [128.78074, 36.47527], [128.78079, 36.47515], [128.78085, 36.47502], [128.78089, 36.47489], [128.78089, 36.47467], [128.78079, 36.47457], [128.78068, 36.47439], [128.78059, 36.47424], [128.78048, 36.47407], [128.78038, 36.47392], [128.78025, 36.47379], [128.78015, 36.47364], [128.780021, 36.473564], [128.779997, 36.473535]]}}, {"type": "Feature", "properties": {"name": "", "osm_id": 32721401, "origin": "OBSERVED", "highway": "track"}, "geometry": {"type": "LineString", "coordinates": [[128.7765, 36.48958], [128.77639, 36.48944], [128.77624, 36.48909], [128.77613, 36.48888], [128.77603, 36.48868], [128.77592, 36.48845], [128.77587, 36.48821], [128.77577, 36.48804], [128.77566, 36.48785], [128.77557, 36.4877], [128.77555, 36.48759], [128.77551, 36.48748], [128.77545, 36.4874], [128.7754, 36.48733], [128.7754, 36.48725], [128.77534, 36.48714], [128.77519, 36.48701], [128.77519, 36.48684], [128.77514, 36.48671]]}}, {"type": "Feature", "properties": {"name": "", "osm_id": 34692531, "origin": "OBSERVED", "highway": "residential"}, "geometry": {"type": "LineString", "coordinates": [[128.681197, 36.518486], [128.681006, 36.518771], [128.68096, 36.51887], [128.68096, 36.51911], [128.681041, 36.519338], [128.681056, 36.519398], [128.681037, 36.519484], [128.68099, 36.519545], [128.680899, 36.519613], [128.68064, 36.51967], [128.680549, 36.519631], [128.680479, 36.519564], [128.680432, 36.519409]]}}, {"type": "Feature", "properties": {"name": "", "osm_id": 34692532, "origin": "OBSERVED", "highway": "residential"}, "geometry": {"type": "LineString", "coordinates": [[128.681108, 36.51829], [128.680682, 36.518325]]}}, {"type": "Feature", "properties": {"name": "", "osm_id": 34692533, "origin": "OBSERVED", "highway": "residential"}, "geometry": {"type": "LineString", "coordinates": [[128.67974, 36.51873], [128.6799, 36.51787], [128.68002, 36.51725]]}}, {"type": "Feature", "properties": {"name": "", "osm_id": 34692534, "origin": "OBSERVED", "highway": "residential"}, "geometry": {"type": "LineString", "coordinates": [[128.680363, 36.518863], [128.680264, 36.518307]]}}, {"type": "Feature", "properties": {"name": "", "osm_id": 34692535, "origin": "OBSERVED", "highway": "primary_link"}, "geometry": {"type": "LineString", "coordinates": [[128.680739, 36.517025], [128.68076, 36.517566], [128.680822, 36.517868], [128.681108, 36.51829]]}}, {"type": "Feature", "properties": {"name": "", "osm_id": 34692536, "origin": "OBSERVED", "highway": "residential"}, "geometry": {"type": "LineString", "coordinates": [[128.674791, 36.516107], [128.67519, 36.516102], [128.675705, 36.516116], [128.676047, 36.516226], [128.676249, 36.516353], [128.676361, 36.516419]]}}, {"type": "Feature", "properties": {"name": "", "osm_id": 34692537, "origin": "OBSERVED", "highway": "residential"}, "geometry": {"type": "LineString", "coordinates": [[128.67462, 36.52076], [128.674728, 36.520612], [128.675, 36.52053], [128.67552, 36.52048], [128.675853, 36.520428], [128.676294, 36.520385], [128.676862, 36.520332], [128.677116, 36.520345], [128.677383, 36.520374], [128.677829, 36.520341], [128.67822, 36.52029], [128.67875, 36.52014], [128.679112, 36.520026], [128.679277, 36.519977], [128.67938, 36.51993], [128.680432, 36.519409], [128.680382, 36.518994], [128.680363, 36.518863], [128.680245, 36.518899], [128.680119, 36.51839], [128.68009, 36.51802], [128.68009, 36.51791], [128.6799, 36.51787], [128.67927, 36.51784], [128.679, 36.5178]]}}, {"type": "Feature", "properties": {"name": "", "osm_id": 34692538, "origin": "OBSERVED", "highway": "residential"}, "geometry": {"type": "LineString", "coordinates": [[128.67861, 36.51877], [128.6791, 36.51881], [128.67927, 36.51784], [128.67938, 36.51729]]}}, {"type": "Feature", "properties": {"name": "", "osm_id": 34692539, "origin": "OBSERVED", "highway": "residential"}, "geometry": {"type": "LineString", "coordinates": [[128.691623, 36.519863], [128.69148, 36.519948], [128.691319, 36.520036], [128.691096, 36.520115], [128.690927, 36.520212], [128.690805, 36.520278], [128.690747, 36.520345]]}}, {"type": "Feature", "properties": {"name": "", "osm_id": 34692540, "origin": "OBSERVED", "highway": "residential"}, "geometry": {"type": "LineString", "coordinates": [[128.682049, 36.518745], [128.682022, 36.518706], [128.68196, 36.51862], [128.68174, 36.51829], [128.68174, 36.51787], [128.681769, 36.5175], [128.681752, 36.51743], [128.681545, 36.517453], [128.681246, 36.517457], [128.681294, 36.517814], [128.681313, 36.518034], [128.681135, 36.518078], [128.681259, 36.518343], [128.681197, 36.518486]]}}, {"type": "Feature", "properties": {"name": "", "osm_id": 34692541, "origin": "OBSERVED", "highway": "primary_link"}, "geometry": {"type": "LineString", "coordinates": [[128.692429, 36.526128], [128.691904, 36.525917], [128.691502, 36.525805], [128.69116, 36.52572], [128.690983, 36.52564], [128.690873, 36.52556], [128.69078, 36.52546], [128.690719, 36.525337], [128.690687, 36.52518], [128.690737, 36.524968], [128.690824, 36.524741], [128.690935, 36.524501]]}}, {"type": "Feature", "properties": {"name": "남일로", "osm_id": 34692542, "origin": "OBSERVED", "highway": "residential"}, "geometry": {"type": "LineString", "coordinates": [[128.689199, 36.522517], [128.689482, 36.522561], [128.689729, 36.522675], [128.690033, 36.522853], [128.690154, 36.522922], [128.69026, 36.522973]]}}, {"type": "Feature", "properties": {"name": "남일로", "osm_id": 34692543, "origin": "OBSERVED", "highway": "residential"}, "geometry": {"type": "LineString", "coordinates": [[128.687419, 36.52448], [128.688066, 36.523623], [128.688643, 36.523027], [128.689199, 36.522517], [128.689252, 36.522441]]}}, {"type": "Feature", "properties": {"name": "", "osm_id": 34692544, "origin": "OBSERVED", "highway": "unclassified"}, "geometry": {"type": "LineString", "coordinates": [[128.66528, 36.50291], [128.66548, 36.50353], [128.66554, 36.50386], [128.665578, 36.504096], [128.66564, 36.50441], [128.66571, 36.50478], [128.66581, 36.50502], [128.666017, 36.505466], [128.666131, 36.505743], [128.666287, 36.506131], [128.666345, 36.506343], [128.666407, 36.506757], [128.666509, 36.507164], [128.666599, 36.50751], [128.666639, 36.507726], [128.666769, 36.508004], [128.66683, 36.50809], [128.666839, 36.5082], [128.66654, 36.50888], [128.66638, 36.50956], [128.66627, 36.50976], [128.66616, 36.51001], [128.66606, 36.51023], [128.6659, 36.51055], [128.66548, 36.51102], [128.665013, 36.511219]]}}, {"type": "Feature", "properties": {"name": "", "osm_id": 34692545, "origin": "OBSERVED", "highway": "residential"}, "geometry": {"type": "LineString", "coordinates": [[128.666839, 36.5082], [128.667009, 36.50824], [128.667589, 36.50841], [128.667699, 36.50841], [128.66818, 36.50825], [128.66889, 36.50804], [128.66925, 36.50798], [128.66966, 36.50785], [128.66998, 36.50763], [128.670175, 36.507507], [128.67045, 36.50753], [128.67114, 36.50722], [128.67135, 36.50714], [128.67144, 36.50705], [128.6714, 36.50695], [128.66934, 36.50506]]}}, {"type": "Feature", "properties": {"name": "", "osm_id": 34692546, "origin": "OBSERVED", "highway": "primary_link"}, "geometry": {"type": "LineString", "coordinates": [[128.680771, 36.511511], [128.68064, 36.51113], [128.68054, 36.51076], [128.68037, 36.51034]]}}, {"type": "Feature", "properties": {"name": "", "osm_id": 34692547, "origin": "OBSERVED", "highway": "residential"}, "geometry": {"type": "LineString", "coordinates": [[128.68234, 36.51029], [128.68212, 36.51031], [128.68196, 36.51066], [128.68185, 36.51072], [128.68154, 36.51083], [128.68133, 36.51087], [128.680957, 36.510909]]}}, {"type": "Feature", "properties": {"name": "", "osm_id": 34692549, "origin": "OBSERVED", "highway": "unclassified"}, "geometry": {"type": "LineString", "coordinates": [[128.66796, 36.498], [128.6667, 36.49791], [128.66659, 36.49785], [128.666411, 36.497444], [128.66621, 36.497182], [128.665806, 36.496851], [128.665086, 36.496418], [128.663921, 36.495673], [128.663242, 36.49533], [128.662203, 36.494616], [128.660543, 36.493597], [128.660148, 36.493304], [128.659663, 36.492883], [128.659163, 36.492343], [128.658321, 36.491386], [128.657817, 36.490594], [128.657542, 36.490033], [128.65727, 36.489309], [128.656475, 36.48693]]}}, {"type": "Feature", "properties": {"name": "", "osm_id": 34692550, "origin": "OBSERVED", "highway": "residential"}, "geometry": {"type": "LineString", "coordinates": [[128.67848, 36.50606], [128.67831, 36.50589], [128.67828, 36.50577], [128.67831, 36.50564], [128.67826, 36.50542], [128.67822, 36.50529], [128.678, 36.50495], [128.67773, 36.50463], [128.67758, 36.50441], [128.67742, 36.50409], [128.67726, 36.50394], [128.67687, 36.50383], [128.67652, 36.50373], [128.67642, 36.50334], [128.67636, 36.50315], [128.67611, 36.50304], [128.67588, 36.50308], [128.67556, 36.50325], [128.67532, 36.50334]]}}, {"type": "Feature", "properties": {"name": "", "osm_id": 34692551, "origin": "OBSERVED", "highway": "residential"}, "geometry": {"type": "LineString", "coordinates": [[128.679113, 36.502576], [128.679342, 36.502375], [128.679759, 36.50233], [128.680037, 36.502291], [128.680193, 36.502227], [128.680647, 36.501867], [128.681003, 36.501839], [128.681013, 36.501838], [128.681279, 36.501813], [128.681478, 36.501773], [128.681723, 36.501667], [128.681893, 36.501592], [128.682095, 36.501592], [128.68224, 36.501589], [128.68249, 36.50162], [128.683023, 36.501559], [128.683175, 36.501472], [128.683245, 36.50134]]}}, {"type": "Feature", "properties": {"name": "", "osm_id": 34692552, "origin": "OBSERVED", "highway": "residential"}, "geometry": {"type": "LineString", "coordinates": [[128.653087, 36.507771], [128.65303, 36.50791], [128.65298, 36.50804], [128.65301, 36.50823], [128.65307, 36.50836], [128.65307, 36.50845], [128.65303, 36.5086], [128.65307, 36.50873], [128.653164, 36.508798], [128.653159, 36.508883], [128.65316, 36.50902], [128.653279, 36.509056], [128.6535, 36.50909], [128.653602, 36.509136], [128.65359, 36.50928], [128.65361, 36.50937], [128.65365, 36.50943], [128.653867, 36.50958], [128.65386, 36.50978], [128.653878, 36.509906], [128.653987, 36.509971], [128.65428, 36.51005], [128.654448, 36.510136], [128.65449, 36.51027], [128.65466, 36.51034], [128.654907, 36.510287], [128.65518, 36.51018], [128.655336, 36.51018], [128.655373, 36.510186], [128.65582, 36.5104], [128.65603, 36.51055], [128.65629, 36.51072], [128.65666, 36.51085], [128.65693, 36.51094], [128.65719, 36.51104], [128.65734, 36.51111], [128.65766, 36.51126], [128.65782, 36.51132], [128.65792, 36.51137], [128.65805, 36.51137], [128.658227, 36.511314], [128.658437, 36.511219], [128.658567, 36.511239], [128.658697, 36.511279], [128.65882, 36.51139], [128.65893, 36.51145], [128.6592, 36.511579], [128.659361, 36.511635], [128.65957, 36.51169], [128.65983, 36.51173], [128.66, 36.51175], [128.6603, 36.51179], [128.66062, 36.51182], [128.66105, 36.51184], [128.66142, 36.51179], [128.66183, 36.51175], [128.6621, 36.51173], [128.66242, 36.51171], [128.66273, 36.51173], [128.66294, 36.51173], [128.66307, 36.51175], [128.663272, 36.511768], [128.663481, 36.511795], [128.663899, 36.511813], [128.664163, 36.511831], [128.66442, 36.511838], [128.664708, 36.511861], [128.66485, 36.511838], [128.66491, 36.51156], [128.665013, 36.511219]]}}, {"type": "Feature", "properties": {"name": "", "osm_id": 34692553, "origin": "OBSERVED", "highway": "residential"}, "geometry": {"type": "LineString", "coordinates": [[128.6659, 36.51055], [128.66612, 36.51055], [128.66644, 36.51085], [128.6668, 36.51119], [128.66717, 36.51156], [128.66743, 36.51186], [128.66777, 36.51246], [128.66798, 36.51285], [128.66818, 36.51321]]}}, {"type": "Feature", "properties": {"name": "", "osm_id": 34692554, "origin": "OBSERVED", "highway": "residential"}, "geometry": {"type": "LineString", "coordinates": [[128.671027, 36.503952], [128.67032, 36.50442]]}}, {"type": "Feature", "properties": {"name": "", "osm_id": 34692555, "origin": "OBSERVED", "highway": "tertiary"}, "geometry": {"type": "LineString", "coordinates": [[128.66152, 36.50293], [128.66084, 36.50111]]}}, {"type": "Feature", "properties": {"name": "", "osm_id": 34692556, "origin": "OBSERVED", "highway": "tertiary"}, "geometry": {"type": "LineString", "coordinates": [[128.65994, 36.50325], [128.65917, 36.50149]]}}, {"type": "Feature", "properties": {"name": "", "osm_id": 34692557, "origin": "OBSERVED", "highway": "residential"}, "geometry": {"type": "LineString", "coordinates": [[128.65818, 36.50358], [128.65773, 36.50379], [128.65734, 36.50399]]}}, {"type": "Feature", "properties": {"name": "", "osm_id": 34692558, "origin": "OBSERVED", "highway": "unclassified"}, "geometry": {"type": "LineString", "coordinates": [[128.66654, 36.50248], [128.66638, 36.50263], [128.66622, 36.50272], [128.66601, 36.5028], [128.66586, 36.50283], [128.66575, 36.50284], [128.66564, 36.50284], [128.66543, 36.50289], [128.66528, 36.50291]]}}, {"type": "Feature", "properties": {"name": "", "osm_id": 34692559, "origin": "OBSERVED", "highway": "primary_link"}, "geometry": {"type": "LineString", "coordinates": [[128.681001, 36.514231], [128.681128, 36.51454], [128.68126, 36.514893], [128.681378, 36.515202], [128.681398, 36.515293]]}}, {"type": "Feature", "properties": {"name": "", "osm_id": 34692560, "origin": "OBSERVED", "highway": "primary_link"}, "geometry": {"type": "LineString", "coordinates": [[128.681398, 36.515293], [128.681383, 36.515523], [128.681298, 36.515797], [128.681188, 36.515997], [128.68108, 36.516207], [128.680992, 36.516323]]}}, {"type": "Feature", "properties": {"name": "", "osm_id": 34692561, "origin": "OBSERVED", "highway": "residential"}, "geometry": {"type": "LineString", "coordinates": [[128.68164, 36.51544], [128.681804, 36.515726], [128.68185, 36.51589], [128.6818, 36.51647], [128.6818, 36.51677], [128.681767, 36.517128], [128.681779, 36.517222], [128.681752, 36.51743]]}}, {"type": "Feature", "properties": {"name": "", "osm_id": 34692562, "origin": "OBSERVED", "highway": "track"}, "geometry": {"type": "LineString", "coordinates": [[128.67828, 36.50577], [128.67816, 36.50557], [128.67805, 36.50547], [128.67796, 36.5054], [128.6779, 36.50538], [128.67779, 36.50542], [128.6777, 36.50548], [128.67764, 36.50548], [128.67758, 36.50548]]}}, {"type": "Feature", "properties": {"name": "", "osm_id": 34692564, "origin": "OBSERVED", "highway": "residential"}, "geometry": {"type": "LineString", "coordinates": [[128.673031, 36.504322], [128.67298, 36.50428], [128.67292, 36.50411]]}}, {"type": "Feature", "properties": {"name": "", "osm_id": 34692566, "origin": "OBSERVED", "highway": "primary_link"}, "geometry": {"type": "LineString", "coordinates": [[128.66955, 36.50493], [128.66938, 36.50474], [128.669217, 36.504489], [128.669076, 36.504213], [128.668961, 36.503732]]}}, {"type": "Feature", "properties": {"name": "", "osm_id": 34692567, "origin": "OBSERVED", "highway": "primary_link"}, "geometry": {"type": "LineString", "coordinates": [[128.669058, 36.503675], [128.66934, 36.504], [128.66966, 36.50437], [128.66992, 36.50467]]}}, {"type": "Feature", "properties": {"name": "", "osm_id": 34692568, "origin": "OBSERVED", "highway": "primary_link"}, "geometry": {"type": "LineString", "coordinates": [[128.66992, 36.50467], [128.67019, 36.50495], [128.67045, 36.50519], [128.6706, 36.5054], [128.67071, 36.50564]]}}, {"type": "Feature", "properties": {"name": "", "osm_id": 34692569, "origin": "OBSERVED", "highway": "unclassified"}, "geometry": {"type": "LineString", "coordinates": [[128.691264, 36.522489], [128.691288, 36.52267], [128.691286, 36.522894], [128.69122, 36.52323], [128.691081, 36.523874], [128.691009, 36.524173], [128.690935, 36.524501]]}}, {"type": "Feature", "properties": {"name": "경북대로", "osm_id": 34692570, "origin": "OBSERVED", "highway": "primary"}, "geometry": {"type": "LineString", "coordinates": [[128.690998, 36.525284], [128.691694, 36.525631], [128.69189, 36.525736], [128.692703, 36.526134]]}}, {"type": "Feature", "properties": {"name": "5", "osm_id": 34692571, "origin": "OBSERVED", "highway": "primary"}, "geometry": {"type": "LineString", "coordinates": [[128.690195, 36.524908], [128.690998, 36.525284]]}}, {"type": "Feature", "properties": {"name": "", "osm_id": 34692574, "origin": "OBSERVED", "highway": "track"}, "geometry": {"type": "LineString", "coordinates": [[128.690799, 36.512091], [128.691069, 36.511981], [128.691289, 36.511831], [128.691389, 36.511551], [128.691929, 36.511451], [128.692229, 36.511361], [128.692509, 36.511191], [128.692709, 36.510931], [128.692969, 36.510521], [128.693029, 36.510351], [128.693389, 36.510201], [128.693499, 36.510031], [128.693759, 36.509601], [128.694029, 36.509111], [128.694189, 36.508761], [128.694309, 36.508501], [128.694399, 36.508251], [128.694717, 36.507911], [128.694919, 36.507631], [128.69495, 36.507562], [128.694958, 36.507409], [128.695073, 36.507169], [128.695146, 36.507048], [128.695268, 36.506712], [128.695401, 36.50651], [128.695409, 36.506455], [128.695387, 36.506304], [128.695433, 36.506251], [128.695531, 36.506161], [128.695694, 36.505924], [128.6958, 36.505751], [128.695865, 36.505629], [128.695886, 36.505439], [128.695879, 36.50503], [128.695855, 36.504739], [128.695845, 36.50435], [128.695839, 36.503981], [128.695782, 36.503581], [128.695786, 36.503316], [128.69577, 36.503182], [128.695715, 36.503003], [128.695662, 36.502944], [128.695606, 36.50285], [128.695547, 36.502662], [128.695488, 36.502481], [128.695331, 36.502275], [128.695202, 36.502072], [128.69512, 36.501947], [128.695098, 36.50187]]}}, {"type": "Feature", "properties": {"name": "", "osm_id": 34692575, "origin": "OBSERVED", "highway": "track"}, "geometry": {"type": "LineString", "coordinates": [[128.66818, 36.51321], [128.66824, 36.51351], [128.66828, 36.51366], [128.66839, 36.51409], [128.66856, 36.51433], [128.66876, 36.51454], [128.66886, 36.51463], [128.66893, 36.51467], [128.66908, 36.51474], [128.66918, 36.51478], [128.66935, 36.51482], [128.66955, 36.51486], [128.66976, 36.51488], [128.67002, 36.51493], [128.67018, 36.51493], [128.67028, 36.51493], [128.67045, 36.51493], [128.67056, 36.51491], [128.67076, 36.51491], [128.67095, 36.51497], [128.67114, 36.51499], [128.67131, 36.51499], [128.671462, 36.515], [128.67155, 36.51504], [128.67161, 36.51506], [128.67193, 36.51516], [128.6721, 36.51519], [128.67234, 36.5152], [128.67266, 36.51523], [128.672888, 36.515276], [128.67335, 36.51533], [128.67361, 36.51544], [128.673973, 36.515583], [128.674104, 36.515714], [128.674202, 36.515843], [128.674313, 36.516061], [128.674461, 36.516113], [128.674603, 36.516125], [128.674791, 36.516107]]}}, {"type": "Feature", "properties": {"name": "", "osm_id": 34692576, "origin": "OBSERVED", "highway": "primary_link"}, "geometry": {"type": "LineString", "coordinates": [[128.680264, 36.518307], [128.680286, 36.517947], [128.680351, 36.517623], [128.680589, 36.517099]]}}, {"type": "Feature", "properties": {"name": "", "osm_id": 34692577, "origin": "OBSERVED", "highway": "unclassified"}, "geometry": {"type": "LineString", "coordinates": [[128.681108, 36.51829], [128.681197, 36.518486], [128.681613, 36.518609], [128.681926, 36.51871], [128.682049, 36.518745], [128.68339, 36.51911], [128.686489, 36.519903], [128.686538, 36.519917], [128.688077, 36.52033], [128.688876, 36.520539], [128.689257, 36.520649], [128.689586, 36.520783], [128.689814, 36.52091], [128.689867, 36.520958], [128.68993, 36.521015], [128.69052, 36.52154], [128.69071, 36.52171], [128.690837, 36.521833], [128.690985, 36.521984], [128.691146, 36.522215], [128.691264, 36.522489]]}}, {"type": "Feature", "properties": {"name": "", "osm_id": 34692580, "origin": "OBSERVED", "highway": "residential"}, "geometry": {"type": "LineString", "coordinates": [[128.680957, 36.510909], [128.6809, 36.51057], [128.68086, 36.50969], [128.68069, 36.50901], [128.68064, 36.50845], [128.68054, 36.50733], [128.68043, 36.50682], [128.68017, 36.5057], [128.67974, 36.50437], [128.67948, 36.50364], [128.679261, 36.502977], [128.679205, 36.502763], [128.679124, 36.502599], [128.679113, 36.502576], [128.678835, 36.502341], [128.678211, 36.502172], [128.677675, 36.502077], [128.677068, 36.502077], [128.676475, 36.502114], [128.676108, 36.50219], [128.675765, 36.502288], [128.675379, 36.502462], [128.674874, 36.502734], [128.674653, 36.502915], [128.674343, 36.503153], [128.673995, 36.503563], [128.673658, 36.503981], [128.67346, 36.50418], [128.673031, 36.504322], [128.672625, 36.504411], [128.67213, 36.504429], [128.672026, 36.5044], [128.671779, 36.504332], [128.671218, 36.504108], [128.671027, 36.503952], [128.670715, 36.503547], [128.67041, 36.50297], [128.67013, 36.50212], [128.66987, 36.50102], [128.6696, 36.49988], [128.66949, 36.49948], [128.66934, 36.49918], [128.66902, 36.49868], [128.66844, 36.4983], [128.66796, 36.498], [128.66706, 36.4974], [128.66633, 36.49688], [128.6658, 36.49656], [128.66528, 36.4963]]}}, {"type": "Feature", "properties": {"name": "", "osm_id": 34692581, "origin": "OBSERVED", "highway": "residential"}, "geometry": {"type": "LineString", "coordinates": [[128.68037, 36.51034], [128.68028, 36.51008], [128.68022, 36.50976], [128.68034, 36.5095], [128.68048, 36.50928], [128.68064, 36.50911], [128.68069, 36.50901]]}}, {"type": "Feature", "properties": {"name": "", "osm_id": 34692582, "origin": "OBSERVED", "highway": "tertiary"}, "geometry": {"type": "LineString", "coordinates": [[128.65757, 36.50186], [128.65917, 36.50149], [128.66084, 36.50111], [128.66227, 36.50074], [128.66258, 36.50094], [128.66316, 36.50259]]}}, {"type": "Feature", "properties": {"name": "", "osm_id": 34692583, "origin": "OBSERVED", "highway": "unclassified"}, "geometry": {"type": "LineString", "coordinates": [[128.66528, 36.50291], [128.66506, 36.50297], [128.66455, 36.50302], [128.66438, 36.50304], [128.66427, 36.50306], [128.66384, 36.50308], [128.66358, 36.50306], [128.66331, 36.50302], [128.66294, 36.50308], [128.66279, 36.50313], [128.66247, 36.50325], [128.66221, 36.50334], [128.66172, 36.50347], [128.66136, 36.50358], [128.66084, 36.50366], [128.6603, 36.50375], [128.6602, 36.50379], [128.66004, 36.50381], [128.65983, 36.50386], [128.65968, 36.5039], [128.65917, 36.50392], [128.65888, 36.50394], [128.65872, 36.50394], [128.65841, 36.50392], [128.6582, 36.50386], [128.65803, 36.50386], [128.65782, 36.50387], [128.65757, 36.50396], [128.65734, 36.50399], [128.65708, 36.50409], [128.6565, 36.50418], [128.65618, 36.50422], [128.65608, 36.50422], [128.65592, 36.50428], [128.6556, 36.50444], [128.65539, 36.5045], [128.65507, 36.50456], [128.65476, 36.50463], [128.65455, 36.50474], [128.65438, 36.50489], [128.65423, 36.50508], [128.65403, 36.50527], [128.6538, 36.50544], [128.65365, 36.50557], [128.6535, 36.5057], [128.65335, 36.50587], [128.65316, 36.50593], [128.6529, 36.506], [128.65275, 36.50609], [128.65264, 36.50624], [128.65249, 36.50639], [128.65238, 36.5065], [128.65228, 36.5066], [128.65228, 36.50673], [128.65243, 36.5069], [128.65255, 36.50703], [128.652676, 36.507218], [128.65282, 36.507434], [128.65296, 36.50754], [128.653042, 36.50764], [128.653087, 36.507771], [128.653109, 36.507853], [128.653217, 36.508004], [128.653325, 36.508097], [128.653479, 36.508203], [128.6537, 36.508292], [128.65391, 36.50838], [128.654032, 36.508455], [128.654137, 36.508529], [128.654234, 36.508599], [128.654403, 36.508721], [128.654535, 36.508847], [128.654675, 36.508941], [128.654759, 36.509006], [128.65487, 36.50909], [128.65498, 36.50915], [128.65518, 36.5092], [128.655227, 36.509225], [128.655296, 36.509281], [128.655365, 36.509387], [128.655418, 36.509529], [128.655439, 36.509624], [128.655433, 36.509792], [128.655429, 36.50991], [128.655407, 36.510015], [128.655382, 36.510109], [128.655373, 36.510186]]}}, {"type": "Feature", "properties": {"name": "", "osm_id": 34692584, "origin": "OBSERVED", "highway": "residential"}, "geometry": {"type": "LineString", "coordinates": [[128.680923, 36.515408], [128.680809, 36.515425], [128.680818, 36.515552], [128.679947, 36.515568], [128.679592, 36.51572], [128.679247, 36.515841], [128.678867, 36.515931], [128.678492, 36.516035], [128.678004, 36.516545], [128.677681, 36.516857], [128.677549, 36.517084], [128.677447, 36.517099]]}}, {"type": "Feature", "properties": {"name": "", "osm_id": 34692585, "origin": "OBSERVED", "highway": "residential"}, "geometry": {"type": "LineString", "coordinates": [[128.676361, 36.516419], [128.677447, 36.517099]]}}, {"type": "Feature", "properties": {"name": "경북대로", "osm_id": 34692587, "origin": "OBSERVED", "highway": "primary"}, "geometry": {"type": "LineString", "coordinates": [[128.68059, 36.510124], [128.68086, 36.51111], [128.680893, 36.511955], [128.681001, 36.514231], [128.681089, 36.515588], [128.681063, 36.515846], [128.680992, 36.516323], [128.680924, 36.516555]]}}, {"type": "Feature", "properties": {"name": "", "osm_id": 34692592, "origin": "OBSERVED", "highway": "tertiary"}, "geometry": {"type": "LineString", "coordinates": [[128.66543, 36.50214], [128.66517, 36.50222], [128.66453, 36.50246]]}}, {"type": "Feature", "properties": {"name": "", "osm_id": 34692593, "origin": "OBSERVED", "highway": "tertiary"}, "geometry": {"type": "LineString", "coordinates": [[128.66453, 36.50246], [128.66432, 36.50255], [128.66416, 36.50259], [128.66389, 36.50263], [128.66363, 36.50263], [128.66348, 36.50263], [128.66329, 36.50261], [128.66316, 36.50259], [128.66284, 36.50268], [128.66226, 36.5028], [128.66152, 36.50293], [128.65994, 36.50325], [128.65818, 36.50358], [128.65757, 36.50186], [128.65713, 36.50051]]}}, {"type": "Feature", "properties": {"name": "", "osm_id": 34692594, "origin": "OBSERVED", "highway": "residential"}, "geometry": {"type": "LineString", "coordinates": [[128.67532, 36.50334], [128.674653, 36.502915]]}}, {"type": "Feature", "properties": {"name": "경북대로", "osm_id": 34692595, "origin": "OBSERVED", "highway": "primary"}, "geometry": {"type": "LineString", "coordinates": [[128.6698, 36.504857], [128.669991, 36.505054], [128.67071, 36.50564], [128.671881, 36.506223], [128.672781, 36.506514], [128.67474, 36.50677], [128.676624, 36.506993], [128.677426, 36.507218], [128.677941, 36.507409]]}}, {"type": "Feature", "properties": {"name": "5", "osm_id": 34692596, "origin": "OBSERVED", "highway": "primary"}, "geometry": {"type": "LineString", "coordinates": [[128.669703, 36.504742], [128.6698, 36.504857]]}}, {"type": "Feature", "properties": {"name": "", "osm_id": 34692597, "origin": "OBSERVED", "highway": "tertiary"}, "geometry": {"type": "LineString", "coordinates": [[128.67032, 36.50442], [128.66992, 36.50467], [128.66955, 36.50493], [128.66934, 36.50506], [128.66891, 36.50465], [128.66812, 36.50392], [128.666693, 36.502662], [128.666595, 36.502546], [128.66654, 36.50248], [128.66638, 36.50233], [128.66629, 36.50227], [128.66616, 36.50218], [128.66601, 36.50214], [128.6658, 36.50212], [128.66564, 36.50212], [128.66543, 36.50214]]}}, {"type": "Feature", "properties": {"name": "", "osm_id": 34692864, "origin": "OBSERVED", "highway": "track"}, "geometry": {"type": "LineString", "coordinates": [[128.66654, 36.50248], [128.66654, 36.50239], [128.6659, 36.50186], [128.66532, 36.5013], [128.66455, 36.50059], [128.66342, 36.49952], [128.66284, 36.49894], [128.662801, 36.498822], [128.66279, 36.49879], [128.6629, 36.49877], [128.66311, 36.49871], [128.66305, 36.49864], [128.66294, 36.49864], [128.66279, 36.49864], [128.66238, 36.4986], [128.66232, 36.49862], [128.66215, 36.49868], [128.66169, 36.49864], [128.661007, 36.498547], [128.660393, 36.498544], [128.65994, 36.49853], [128.65962, 36.49853], [128.659298, 36.498531], [128.65861, 36.49838], [128.65792, 36.49826], [128.6574, 36.49813], [128.65661, 36.49789], [128.65599, 36.49763], [128.65534, 36.49737], [128.65509, 36.49718], [128.65481, 36.49695], [128.6546, 36.49684], [128.65449, 36.49671]]}}, {"type": "Feature", "properties": {"name": "", "osm_id": 34692865, "origin": "OBSERVED", "highway": "track"}, "geometry": {"type": "LineString", "coordinates": [[128.655608, 36.496054], [128.655396, 36.496153]]}}, {"type": "Feature", "properties": {"name": "", "osm_id": 34692866, "origin": "OBSERVED", "highway": "unclassified"}, "geometry": {"type": "LineString", "coordinates": [[128.65408, 36.49705], [128.65397, 36.49686], [128.65361, 36.49634], [128.65318, 36.49579], [128.65286, 36.49538], [128.65249, 36.4948], [128.65208, 36.4942], [128.652014, 36.494115], [128.65159, 36.49357], [128.65133, 36.49311], [128.65133, 36.49283], [128.65127, 36.49238], [128.65116, 36.49209], [128.65106, 36.49182], [128.65084, 36.4915], [128.65069, 36.49126], [128.65069, 36.49113], [128.6508, 36.491], [128.65097, 36.49092], [128.65116, 36.49085], [128.651212, 36.490822], [128.65127, 36.49079]]}}, {"type": "Feature", "properties": {"name": "", "osm_id": 34692867, "origin": "OBSERVED", "highway": "track"}, "geometry": {"type": "LineString", "coordinates": [[128.64848, 36.48442], [128.64831, 36.48476], [128.6482, 36.48508], [128.6482, 36.48527], [128.6482, 36.48534], [128.6481, 36.48549], [128.64801, 36.48557], [128.64779, 36.48568]]}}, {"type": "Feature", "properties": {"name": "", "osm_id": 34692868, "origin": "OBSERVED", "highway": "track"}, "geometry": {"type": "LineString", "coordinates": [[128.63554, 36.48274], [128.63558, 36.48261], [128.63558, 36.48257], [128.63558, 36.48248], [128.6356, 36.48236], [128.63558, 36.48225], [128.63554, 36.48216], [128.63548, 36.48205], [128.63548, 36.48201]]}}, {"type": "Feature", "properties": {"name": "", "osm_id": 34692870, "origin": "OBSERVED", "highway": "track"}, "geometry": {"type": "LineString", "coordinates": [[128.67462, 36.52076], [128.67442, 36.52089], [128.67425, 36.52093], [128.67393, 36.52085], [128.67372, 36.52074], [128.67356, 36.52064], [128.67341, 36.52048], [128.6733, 36.52038], [128.6733, 36.52019], [128.6733, 36.52003], [128.67335, 36.51986], [128.67346, 36.51971]]}}, {"type": "Feature", "properties": {"name": "", "osm_id": 34692886, "origin": "OBSERVED", "highway": "track"}, "geometry": {"type": "LineString", "coordinates": [[128.65408, 36.49705], [128.65365, 36.49737], [128.65322, 36.49774], [128.65307, 36.49787], [128.65296, 36.49815], [128.65286, 36.49834], [128.65281, 36.49847], [128.6527, 36.49862], [128.65254, 36.49877], [128.65232, 36.49892], [128.65213, 36.49892], [128.65191, 36.49888], [128.65174, 36.49892], [128.65155, 36.49898], [128.65138, 36.49913], [128.65127, 36.49926], [128.65118, 36.49948], [128.65116, 36.49965], [128.65101, 36.49987], [128.6509, 36.50004], [128.65075, 36.50033], [128.6506, 36.50062], [128.65048, 36.50078], [128.65032, 36.5009], [128.65017, 36.50104], [128.65011, 36.50124], [128.65, 36.50141], [128.64994, 36.5016], [128.64985, 36.50173], [128.64968, 36.50199], [128.64953, 36.50214], [128.64936, 36.50229], [128.64921, 36.50246], [128.649041, 36.502631], [128.648953, 36.502793], [128.648854, 36.502938], [128.648776, 36.503134], [128.648728, 36.50322], [128.648556, 36.503369], [128.648411, 36.503518]]}}, {"type": "Feature", "properties": {"name": "", "osm_id": 34692892, "origin": "OBSERVED", "highway": "track"}, "geometry": {"type": "LineString", "coordinates": [[128.65449, 36.49671], [128.654409, 36.496775], [128.65428, 36.49688], [128.65408, 36.49705]]}}, {"type": "Feature", "properties": {"name": "", "osm_id": 34692894, "origin": "OBSERVED", "highway": "track"}, "geometry": {"type": "LineString", "coordinates": [[128.655396, 36.496153], [128.65449, 36.49671]]}}, {"type": "Feature", "properties": {"name": "", "osm_id": 34692897, "origin": "OBSERVED", "highway": "track"}, "geometry": {"type": "LineString", "coordinates": [[128.652316, 36.49031], [128.65254, 36.49021], [128.652365, 36.489991], [128.652134, 36.489796], [128.651998, 36.489639], [128.651943, 36.48954], [128.65165, 36.48924], [128.65138, 36.489], [128.65116, 36.48881], [128.6509, 36.48862], [128.65058, 36.48841], [128.65028, 36.48821], [128.65007, 36.48804], [128.64979, 36.48783], [128.64959, 36.48761], [128.64938, 36.48738], [128.64923, 36.48716], [128.64906, 36.4869], [128.64884, 36.48649], [128.64869, 36.48622], [128.64848, 36.48566], [128.64842, 36.48534], [128.648474, 36.484894], [128.648559, 36.484782], [128.64848, 36.48442], [128.648531, 36.483846], [128.64866, 36.483431], [128.648821, 36.483123], [128.649084, 36.482839], [128.649208, 36.482722], [128.64972, 36.482442], [128.650377, 36.482267], [128.651017, 36.482125], [128.651742, 36.481963]]}}, {"type": "Feature", "properties": {"name": "", "osm_id": 34692900, "origin": "OBSERVED", "highway": "track"}, "geometry": {"type": "LineString", "coordinates": [[128.65127, 36.49079], [128.652316, 36.49031]]}}, {"type": "Feature", "properties": {"name": "", "osm_id": 34693862, "origin": "OBSERVED", "highway": "track"}, "geometry": {"type": "LineString", "coordinates": [[128.792123, 36.532815], [128.79295, 36.53443], [128.79295, 36.5348], [128.79325, 36.53544]]}}, {"type": "Feature", "properties": {"name": "", "osm_id": 34693882, "origin": "OBSERVED", "highway": "residential"}, "geometry": {"type": "LineString", "coordinates": [[128.795725, 36.531609], [128.79557, 36.53065], [128.79553, 36.53023], [128.79542, 36.5301], [128.79521, 36.52999], [128.7949, 36.5298], [128.79467, 36.5298], [128.79446, 36.52973], [128.7942, 36.5296]]}}, {"type": "Feature", "properties": {"name": "", "osm_id": 34693932, "origin": "OBSERVED", "highway": "tertiary"}, "geometry": {"type": "LineString", "coordinates": [[128.795245, 36.534789], [128.794785, 36.533205], [128.794639, 36.532659]]}}, {"type": "Feature", "properties": {"name": "", "osm_id": 34694363, "origin": "OBSERVED", "highway": "track"}, "geometry": {"type": "LineString", "coordinates": [[128.814721, 36.481163], [128.814234, 36.481017], [128.81385, 36.48077], [128.81358, 36.48057], [128.81336, 36.480475], [128.812651, 36.480414], [128.81211, 36.4803], [128.81169, 36.4803], [128.8113, 36.48021], [128.81094, 36.48017], [128.810645, 36.480132], [128.810024, 36.480199], [128.809579, 36.480187], [128.809302, 36.480226], [128.80899, 36.48027], [128.80862, 36.48049], [128.808359, 36.480722], [128.808142, 36.4809], [128.807981, 36.480986], [128.807378, 36.480957], [128.80703, 36.48105], [128.806761, 36.481038], [128.80627, 36.481176], [128.805796, 36.481264], [128.805187, 36.481359], [128.804789, 36.481317], [128.804577, 36.481316], [128.8043, 36.48124], [128.803946, 36.481301], [128.803794, 36.481239], [128.803708, 36.481131], [128.8036, 36.48111], [128.803439, 36.481156], [128.803216, 36.481367], [128.803078, 36.481456], [128.802901, 36.481501], [128.802788, 36.481423], [128.802593, 36.481268], [128.802378, 36.481121], [128.802249, 36.481185], [128.802144, 36.481249], [128.802002, 36.481305], [128.801778, 36.481341], [128.801569, 36.481386], [128.801474, 36.481387], [128.801351, 36.481359], [128.801182, 36.481284], [128.801113, 36.481285], [128.800944, 36.481332], [128.800474, 36.481515], [128.800066, 36.481628], [128.799999, 36.481676], [128.799902, 36.481893], [128.799839, 36.481918], [128.799745, 36.481922], [128.799529, 36.481946], [128.799107, 36.482007], [128.798714, 36.482034], [128.798596, 36.482062], [128.798529, 36.482094], [128.798198, 36.482139], [128.797815, 36.482263], [128.797693, 36.482369], [128.797634, 36.482472], [128.797582, 36.48252], [128.797495, 36.482562]]}}, {"type": "Feature", "properties": {"name": "", "osm_id": 34694364, "origin": "OBSERVED", "highway": "track"}, "geometry": {"type": "LineString", "coordinates": [[128.811063, 36.488575], [128.810812, 36.488466], [128.810527, 36.488426], [128.81034, 36.488444], [128.810168, 36.488358], [128.810072, 36.488218], [128.809903, 36.488149], [128.809683, 36.488075], [128.809507, 36.488061], [128.809328, 36.488042], [128.80888, 36.48776], [128.80849, 36.487539], [128.808296, 36.487422], [128.808157, 36.487369], [128.807992, 36.487417], [128.807784, 36.487477], [128.807531, 36.487491], [128.807314, 36.487569], [128.807084, 36.48768], [128.806974, 36.487688], [128.806785, 36.487593], [128.806669, 36.487573], [128.806561, 36.487571], [128.806319, 36.487628], [128.806048, 36.487706], [128.805788, 36.487845], [128.805731, 36.487863], [128.805525, 36.487664], [128.805347, 36.487543], [128.805236, 36.487555], [128.80508, 36.487655], [128.804889, 36.487768], [128.804572, 36.48796], [128.804311, 36.488118], [128.80403, 36.48823], [128.80375, 36.488311], [128.803374, 36.488386], [128.803001, 36.488313], [128.802673, 36.488352], [128.802373, 36.488427], [128.801915, 36.488526], [128.801384, 36.488705], [128.801178, 36.488745], [128.801034, 36.488736], [128.800854, 36.488708], [128.800501, 36.488752], [128.800264, 36.488797], [128.800022, 36.488948], [128.799713, 36.489182], [128.79933, 36.48944], [128.79888, 36.48963], [128.79853, 36.48971], [128.79823, 36.48969], [128.79791, 36.48958], [128.79763, 36.48952], [128.79733, 36.48952]]}}, {"type": "Feature", "properties": {"name": "남순환로", "osm_id": 480684517, "origin": "OBSERVED", "highway": "trunk"}, "geometry": {"type": "LineString", "coordinates": [[128.788794, 36.532503], [128.790024, 36.532266], [128.791038, 36.532107], [128.791549, 36.53204]]}}, {"type": "Feature", "properties": {"name": "남순환로", "osm_id": 480700501, "origin": "OBSERVED", "highway": "trunk"}, "geometry": {"type": "LineString", "coordinates": [[128.794901, 36.531846], [128.795707, 36.531845], [128.796751, 36.531892], [128.79784, 36.531943], [128.799487, 36.532042], [128.800455, 36.532102], [128.801574, 36.532167], [128.802077, 36.532188]]}}, {"type": "Feature", "properties": {"name": "남순환로", "osm_id": 480700503, "origin": "OBSERVED", "highway": "trunk"}, "geometry": {"type": "LineString", "coordinates": [[128.782282, 36.534361], [128.779457, 36.535146], [128.777379, 36.53573]]}}, {"type": "Feature", "properties": {"name": "남순환로", "osm_id": 480700505, "origin": "OBSERVED", "highway": "trunk"}, "geometry": {"type": "LineString", "coordinates": [[128.793712, 36.531966], [128.792716, 36.532038], [128.79178, 36.532114]]}}, {"type": "Feature", "properties": {"name": "35", "osm_id": 480700508, "origin": "OBSERVED", "highway": "trunk_link"}, "geometry": {"type": "LineString", "coordinates": [[128.791683, 36.531816], [128.791695, 36.531771], [128.791737, 36.531578], [128.791822, 36.531283], [128.791961, 36.531103], [128.792182, 36.530943], [128.792331, 36.530894], [128.792467, 36.530854], [128.792663, 36.530845], [128.792818, 36.530843], [128.793061, 36.530894], [128.793216, 36.530969], [128.793404, 36.531105], [128.793647, 36.531314], [128.793987, 36.531551], [128.794208, 36.531643]]}}, {"type": "Feature", "properties": {"name": "", "osm_id": 480700512, "origin": "OBSERVED", "highway": "trunk_link"}, "geometry": {"type": "LineString", "coordinates": [[128.791563, 36.53375], [128.791383, 36.533205], [128.791217, 36.532917], [128.790902, 36.532654], [128.790632, 36.532534], [128.790438, 36.532465], [128.790073, 36.532439], [128.789599, 36.532434]]}}, {"type": "Feature", "properties": {"name": "35", "osm_id": 480700514, "origin": "OBSERVED", "highway": "trunk_link"}, "geometry": {"type": "LineString", "coordinates": [[128.793712, 36.531966], [128.793174, 36.53208], [128.792821, 36.532194], [128.792505, 36.532357], [128.792174, 36.532586], [128.791911, 36.532848], [128.791753, 36.533156], [128.791715, 36.533294], [128.791659, 36.533747]]}}, {"type": "Feature", "properties": {"name": "", "osm_id": 480700517, "origin": "OBSERVED", "highway": "trunk_link"}, "geometry": {"type": "LineString", "coordinates": [[128.792444, 36.53196], [128.792779, 36.531863], [128.793072, 36.531716], [128.793232, 36.531574], [128.79331, 36.531423], [128.793321, 36.531289], [128.793216, 36.531107], [128.793056, 36.530965], [128.792901, 36.530925], [128.79274, 36.530903], [128.792552, 36.530912], [128.792442, 36.530921], [128.792337, 36.530947], [128.792215, 36.53101], [128.792022, 36.531152], [128.791894, 36.531303], [128.791793, 36.531604], [128.791741, 36.531824]]}}, {"type": "Feature", "properties": {"name": "", "osm_id": 480700520, "origin": "OBSERVED", "highway": "trunk_link"}, "geometry": {"type": "LineString", "coordinates": [[128.78877, 36.532148], [128.788695, 36.532384], [128.788512, 36.532767], [128.788432, 36.532882], [128.788328, 36.532969], [128.788205, 36.533032], [128.788048, 36.533067], [128.787871, 36.533075], [128.78759, 36.533077], [128.787261, 36.533086], [128.78693, 36.533126], [128.786433, 36.533198]]}}, {"type": "Feature", "properties": {"name": "", "osm_id": 480700523, "origin": "OBSERVED", "highway": "trunk_link"}, "geometry": {"type": "LineString", "coordinates": [[128.788251, 36.532445], [128.78827, 36.532378], [128.788258, 36.532314], [128.788196, 36.532259], [128.788091, 36.532227], [128.787913, 36.532217]]}}, {"type": "Feature", "properties": {"name": "", "osm_id": 480700525, "origin": "OBSERVED", "highway": "trunk_link"}, "geometry": {"type": "LineString", "coordinates": [[128.786463, 36.53309], [128.786992, 36.532856], [128.787595, 36.53265], [128.788127, 36.532491], [128.788251, 36.532445], [128.788415, 36.532361], [128.78877, 36.532148]]}}, {"type": "Feature", "properties": {"name": "", "osm_id": 480700556, "origin": "OBSERVED", "highway": "trunk_link"}, "geometry": {"type": "LineString", "coordinates": [[128.700369, 36.534622], [128.700673, 36.534978], [128.700874, 36.535107], [128.701075, 36.535148], [128.701244, 36.535133], [128.701467, 36.535047], [128.701555, 36.534945], [128.701625, 36.534799], [128.701617, 36.53465], [128.701587, 36.534532], [128.701501, 36.534433], [128.701386, 36.534351], [128.701206, 36.534277], [128.700973, 36.534256], [128.700357, 36.534237]]}}, {"type": "Feature", "properties": {"name": "", "osm_id": 480700557, "origin": "OBSERVED", "highway": "trunk_link"}, "geometry": {"type": "LineString", "coordinates": [[128.700264, 36.534105], [128.700563, 36.534004], [128.70082, 36.533896], [128.700976, 36.533782], [128.701107, 36.533639], [128.701177, 36.533504], [128.70119, 36.533364], [128.701145, 36.533258], [128.701059, 36.533163], [128.700941, 36.533092], [128.700799, 36.53304], [128.700651, 36.533021], [128.700522, 36.53304], [128.700399, 36.533068], [128.700294, 36.533133], [128.700217, 36.533202], [128.700136, 36.533314], [128.700093, 36.533441], [128.700074, 36.533583], [128.700074, 36.533713], [128.70008, 36.53387], [128.700077, 36.534008]]}}, {"type": "Feature", "properties": {"name": "", "osm_id": 480700558, "origin": "OBSERVED", "highway": "trunk_link"}, "geometry": {"type": "LineString", "coordinates": [[128.699929, 36.534031], [128.699608, 36.533579], [128.699407, 36.53337], [128.699117, 36.533223], [128.698921, 36.533208], [128.698771, 36.533234], [128.698623, 36.53331], [128.698513, 36.53343], [128.698446, 36.53357], [128.698433, 36.533726], [128.698524, 36.533874], [128.698645, 36.533982], [128.698841, 36.53409], [128.69905, 36.534124], [128.699299, 36.534137], [128.699711, 36.534157]]}}, {"type": "Feature", "properties": {"name": "", "osm_id": 480700559, "origin": "OBSERVED", "highway": "trunk_link"}, "geometry": {"type": "LineString", "coordinates": [[128.699782, 36.534282], [128.699602, 36.534344], [128.699393, 36.534413], [128.6992, 36.534514], [128.699095, 36.534637], [128.699042, 36.534792], [128.699085, 36.534984], [128.699211, 36.535126], [128.699396, 36.535215], [128.699637, 36.535241], [128.699806, 36.535213], [128.699956, 36.535126], [128.700101, 36.534973], [128.700128, 36.534838], [128.70012, 36.534678], [128.700094, 36.534372]]}}, {"type": "Feature", "properties": {"name": "경북대로", "osm_id": 480700560, "origin": "OBSERVED", "highway": "tertiary"}, "geometry": {"type": "LineString", "coordinates": [[128.698374, 36.541105], [128.698414, 36.540788], [128.698492, 36.540473], [128.698605, 36.54018], [128.698811, 36.539805], [128.699034, 36.539529], [128.69975, 36.538771], [128.700211, 36.538288], [128.70041, 36.538038], [128.700576, 36.537782], [128.700756, 36.537419], [128.700841, 36.537081], [128.700876, 36.536872], [128.700898, 36.536633], [128.700882, 36.536273], [128.700785, 36.5359], [128.700635, 36.535512], [128.700094, 36.534372], [128.699929, 36.534031], [128.698959, 36.53196]]}}, {"type": "Feature", "properties": {"name": "", "osm_id": 480700561, "origin": "OBSERVED", "highway": "trunk_link"}, "geometry": {"type": "LineString", "coordinates": [[128.699106, 36.531958], [128.6995, 36.532396], [128.699731, 36.532573], [128.699994, 36.532693], [128.700316, 36.532788], [128.700675, 36.532857], [128.700861, 36.532927], [128.701035, 36.533012], [128.701351, 36.533236], [128.70185, 36.533607], [128.702183, 36.533754], [128.702558, 36.53384], [128.703163, 36.533902]]}}, {"type": "Feature", "properties": {"name": "5", "osm_id": 480700562, "origin": "OBSERVED", "highway": "trunk_link"}, "geometry": {"type": "LineString", "coordinates": [[128.695952, 36.534305], [128.696475, 36.534245], [128.697022, 36.534176], [128.697355, 36.534111], [128.697757, 36.533982], [128.698063, 36.533766], [128.698401, 36.533435], [128.69869, 36.533073], [128.698878, 36.532719], [128.698953, 36.532443], [128.698959, 36.532172], [128.698959, 36.53196]]}}, {"type": "Feature", "properties": {"name": "", "osm_id": 480700563, "origin": "OBSERVED", "highway": "trunk_link"}, "geometry": {"type": "LineString", "coordinates": [[128.700898, 36.536633], [128.700734, 36.536284], [128.700525, 36.535947], [128.700289, 36.535745], [128.699967, 36.535547], [128.699511, 36.535392], [128.699232, 36.535271], [128.698985, 36.535111], [128.698669, 36.534861], [128.698368, 36.534659], [128.698031, 36.534555], [128.697703, 36.534495], [128.697218, 36.534426]]}}, {"type": "Feature", "properties": {"name": "남순환로", "osm_id": 480700564, "origin": "OBSERVED", "highway": "trunk"}, "geometry": {"type": "LineString", "coordinates": [[128.699711, 36.534157], [128.700264, 36.534105]]}}, {"type": "Feature", "properties": {"name": "남순환로", "osm_id": 480700565, "origin": "OBSERVED", "highway": "trunk"}, "geometry": {"type": "LineString", "coordinates": [[128.695952, 36.534305], [128.697245, 36.534316], [128.698025, 36.534275], [128.699711, 36.534157]]}}, {"type": "Feature", "properties": {"name": "남순환로", "osm_id": 480700567, "origin": "OBSERVED", "highway": "trunk"}, "geometry": {"type": "LineString", "coordinates": [[128.719832, 36.540568], [128.718169, 36.540262], [128.717281, 36.540083], [128.716426, 36.539904], [128.715723, 36.539728], [128.715031, 36.539501], [128.714392, 36.539277], [128.713869, 36.539036], [128.713156, 36.538682], [128.712271, 36.538146], [128.711479, 36.537609], [128.710157, 36.536695], [128.708953, 36.535846], [128.708062, 36.535273], [128.707247, 36.534846], [128.706429, 36.534519], [128.705514, 36.534247], [128.70468, 36.534107], [128.703934, 36.534045], [128.703545, 36.534038], [128.703167, 36.534032], [128.702057, 36.534096], [128.70092, 36.534189], [128.700357, 36.534237]]}}, {"type": "Feature", "properties": {"name": "", "osm_id": 480700568, "origin": "OBSERVED", "highway": "trunk_link"}, "geometry": {"type": "LineString", "coordinates": [[128.703545, 36.534038], [128.703052, 36.53412], [128.702866, 36.53416], [128.702671, 36.534217], [128.702514, 36.534279], [128.702381, 36.534344], [128.70219, 36.534446], [128.702002, 36.534579], [128.701646, 36.53496], [128.701426, 36.535254], [128.701276, 36.535525], [128.701169, 36.535943], [128.701115, 36.536305], [128.701043, 36.536623]]}}, {"type": "Feature", "properties": {"name": "남순환로", "osm_id": 480874492, "origin": "OBSERVED", "highway": "trunk"}, "geometry": {"type": "LineString", "coordinates": [[128.687093, 36.534105], [128.685805, 36.533939], [128.684885, 36.533855], [128.683981, 36.533818], [128.682592, 36.533767], [128.681331, 36.533771], [128.68014, 36.533836], [128.678933, 36.534004], [128.678011, 36.534219], [128.676691, 36.534637], [128.675629, 36.535073], [128.675109, 36.535327], [128.674778, 36.535513], [128.674524, 36.535663], [128.673516, 36.536322], [128.672982, 36.53673]]}}, {"type": "Feature", "properties": {"name": "남순환로", "osm_id": 480874495, "origin": "OBSERVED", "highway": "trunk"}, "geometry": {"type": "LineString", "coordinates": [[128.672866, 36.536686], [128.673427, 36.536243], [128.674417, 36.535592], [128.674977, 36.535283], [128.675591, 36.53498], [128.676651, 36.534542], [128.677995, 36.534118], [128.67892, 36.533915], [128.68014, 36.533741], [128.681334, 36.533659], [128.682592, 36.533661], [128.683989, 36.53371], [128.684912, 36.533754], [128.685835, 36.533818], [128.687291, 36.533896], [128.688522, 36.533954]]}}, {"type": "Feature", "properties": {"name": "남순환로", "osm_id": 480896799, "origin": "OBSERVED", "highway": "trunk"}, "geometry": {"type": "LineString", "coordinates": [[128.688522, 36.533954], [128.690671, 36.534051]]}}, {"type": "Feature", "properties": {"name": "남순환로", "osm_id": 480896800, "origin": "OBSERVED", "highway": "trunk"}, "geometry": {"type": "LineString", "coordinates": [[128.690148, 36.534381], [128.687093, 36.534105]]}}, {"type": "Feature", "properties": {"name": "", "osm_id": 480896806, "origin": "OBSERVED", "highway": "unclassified"}, "geometry": {"type": "LineString", "coordinates": [[128.67142, 36.527907], [128.672075, 36.528336], [128.672392, 36.52857], [128.672697, 36.528818], [128.672881, 36.529049], [128.67303, 36.529288], [128.673088, 36.5295], [128.673114, 36.529709], [128.673088, 36.529984], [128.673025, 36.530258], [128.672858, 36.530556], [128.672671, 36.530844], [128.672193, 36.531426], [128.671769, 36.531974], [128.671592, 36.532255], [128.67143, 36.532553], [128.671299, 36.532923], [128.67119, 36.533301], [128.671108, 36.533674], [128.671072, 36.534051], [128.671049, 36.534398], [128.671056, 36.53475], [128.671113, 36.535046], [128.671189, 36.535326], [128.671407, 36.535744], [128.671706, 36.536126], [128.672106, 36.536494], [128.672392, 36.536714], [128.672932, 36.537098]]}}, {"type": "Feature", "properties": {"name": "", "osm_id": 480941040, "origin": "OBSERVED", "highway": "primary_link"}, "geometry": {"type": "LineString", "coordinates": [[128.690935, 36.524501], [128.69095, 36.524744], [128.690979, 36.5249], [128.691037, 36.525067], [128.691113, 36.525177], [128.691219, 36.525268], [128.691694, 36.525631]]}}, {"type": "Feature", "properties": {"name": "5", "osm_id": 481051723, "origin": "OBSERVED", "highway": "primary"}, "geometry": {"type": "LineString", "coordinates": [[128.690947, 36.525406], [128.690163, 36.525002]]}}, {"type": "Feature", "properties": {"name": "", "osm_id": 481065304, "origin": "OBSERVED", "highway": "tertiary"}, "geometry": {"type": "LineString", "coordinates": [[128.774917, 36.529315], [128.77443, 36.529089]]}}, {"type": "Feature", "properties": {"name": "", "osm_id": 481065311, "origin": "OBSERVED", "highway": "residential"}, "geometry": {"type": "LineString", "coordinates": [[128.79307, 36.532725], [128.79288, 36.53266], [128.792695, 36.532596], [128.79259, 36.532563], [128.792491, 36.532546], [128.792335, 36.532553], [128.792174, 36.532586]]}}, {"type": "Feature", "properties": {"name": "", "osm_id": 481065313, "origin": "OBSERVED", "highway": "residential"}, "geometry": {"type": "LineString", "coordinates": [[128.802239, 36.531993], [128.802192, 36.532449], [128.799997, 36.53239], [128.798019, 36.532365], [128.797205, 36.53237], [128.796521, 36.53241], [128.79559, 36.532487], [128.794761, 36.532548]]}}, {"type": "Feature", "properties": {"name": "35", "osm_id": 481065317, "origin": "OBSERVED", "highway": "trunk_link"}, "geometry": {"type": "LineString", "coordinates": [[128.794208, 36.531643], [128.794521, 36.531747], [128.794666, 36.531781]]}}, {"type": "Feature", "properties": {"name": "", "osm_id": 481086747, "origin": "OBSERVED", "highway": "primary_link"}, "geometry": {"type": "LineString", "coordinates": [[128.695921, 36.527356], [128.695842, 36.52726], [128.695744, 36.527173], [128.695619, 36.527101], [128.69535, 36.526958]]}}, {"type": "Feature", "properties": {"name": "", "osm_id": 481086748, "origin": "OBSERVED", "highway": "primary_link"}, "geometry": {"type": "LineString", "coordinates": [[128.695921, 36.527356], [128.695963, 36.527407], [128.696018, 36.527535], [128.696074, 36.527663], [128.696128, 36.527761], [128.696201, 36.527861]]}}, {"type": "Feature", "properties": {"name": "", "osm_id": 481086749, "origin": "OBSERVED", "highway": "primary_link"}, "geometry": {"type": "LineString", "coordinates": [[128.695674, 36.527593], [128.695742, 36.527594], [128.695802, 36.527583], [128.69584, 36.52756], [128.695888, 36.527525], [128.695911, 36.527474], [128.695921, 36.527431], [128.695921, 36.527356]]}}, {"type": "Feature", "properties": {"name": "", "osm_id": 481086750, "origin": "OBSERVED", "highway": "service"}, "geometry": {"type": "LineString", "coordinates": [[128.697039, 36.528789], [128.69665, 36.5284]]}}, {"type": "Feature", "properties": {"name": "5", "osm_id": 481086751, "origin": "OBSERVED", "highway": "primary"}, "geometry": {"type": "LineString", "coordinates": [[128.69733, 36.528863], [128.697159, 36.528678], [128.697006, 36.528534], [128.69673, 36.52832], [128.696326, 36.528059], [128.69478, 36.527281]]}}, {"type": "Feature", "properties": {"name": "경북대로", "osm_id": 481086752, "origin": "OBSERVED", "highway": "primary"}, "geometry": {"type": "LineString", "coordinates": [[128.69478, 36.527281], [128.692923, 36.526357]]}}, {"type": "Feature", "properties": {"name": "", "osm_id": 481086753, "origin": "OBSERVED", "highway": "primary_link"}, "geometry": {"type": "LineString", "coordinates": [[128.698213, 36.530372], [128.697554, 36.52961], [128.697264, 36.529205], [128.697039, 36.528789]]}}, {"type": "Feature", "properties": {"name": "남순환로", "osm_id": 481615616, "origin": "OBSERVED", "highway": "trunk"}, "geometry": {"type": "LineString", "coordinates": [[128.691851, 36.534105], [128.694469, 36.534256]]}}, {"type": "Feature", "properties": {"name": "남순환로", "osm_id": 481615617, "origin": "OBSERVED", "highway": "trunk"}, "geometry": {"type": "LineString", "coordinates": [[128.690671, 36.534051], [128.691851, 36.534105]]}}, {"type": "Feature", "properties": {"name": "남순환로", "osm_id": 481615618, "origin": "OBSERVED", "highway": "trunk"}, "geometry": {"type": "LineString", "coordinates": [[128.691872, 36.534396], [128.690148, 36.534381]]}}, {"type": "Feature", "properties": {"name": "남순환로", "osm_id": 481615619, "origin": "OBSERVED", "highway": "trunk"}, "geometry": {"type": "LineString", "coordinates": [[128.694429, 36.534413], [128.691872, 36.534396]]}}, {"type": "Feature", "properties": {"name": "남순환로", "osm_id": 481615631, "origin": "OBSERVED", "highway": "trunk"}, "geometry": {"type": "LineString", "coordinates": [[128.777326, 36.535618], [128.779411, 36.535051], [128.782243, 36.53426]]}}, {"type": "Feature", "properties": {"name": "35", "osm_id": 481615653, "origin": "OBSERVED", "highway": "trunk"}, "geometry": {"type": "LineString", "coordinates": [[128.791659, 36.533747], [128.791652, 36.53431], [128.79163, 36.53592]]}}, {"type": "Feature", "properties": {"name": "35", "osm_id": 481615654, "origin": "OBSERVED", "highway": "trunk"}, "geometry": {"type": "LineString", "coordinates": [[128.791522, 36.535922], [128.791551, 36.534419], [128.791563, 36.53375]]}}, {"type": "Feature", "properties": {"name": "남순환로", "osm_id": 550282853, "origin": "OBSERVED", "highway": "trunk"}, "geometry": {"type": "LineString", "coordinates": [[128.700264, 36.534105], [128.700894, 36.534055], [128.702043, 36.533973], [128.703163, 36.533902], [128.703941, 36.533917], [128.704698, 36.533988], [128.705529, 36.534131], [128.706487, 36.534409], [128.707313, 36.53473], [128.708136, 36.535167], [128.709061, 36.535754], [128.710266, 36.536614], [128.711585, 36.53754], [128.712382, 36.538079], [128.713254, 36.538609], [128.713943, 36.53895], [128.71449, 36.539193], [128.715094, 36.539413], [128.715778, 36.539633], [128.716472, 36.539805], [128.717309, 36.53999], [128.718208, 36.540158], [128.719865, 36.540464]]}}, {"type": "Feature", "properties": {"name": "남순환로", "osm_id": 550282854, "origin": "OBSERVED", "highway": "trunk"}, "geometry": {"type": "LineString", "coordinates": [[128.700357, 36.534237], [128.699782, 36.534282]]}}, {"type": "Feature", "properties": {"name": "남순환로", "osm_id": 550282855, "origin": "OBSERVED", "highway": "trunk"}, "geometry": {"type": "LineString", "coordinates": [[128.699782, 36.534282], [128.698044, 36.534392], [128.697218, 36.534426], [128.695931, 36.534433], [128.694429, 36.534413]]}}, {"type": "Feature", "properties": {"name": "충효로", "osm_id": 550282856, "origin": "OBSERVED", "highway": "tertiary"}, "geometry": {"type": "LineString", "coordinates": [[128.802239, 36.531993], [128.800978, 36.531964], [128.79758, 36.531777], [128.795725, 36.531609], [128.795255, 36.531603], [128.794828, 36.531582], [128.794438, 36.531447], [128.794156, 36.531303], [128.793786, 36.531053], [128.793512, 36.530903], [128.793248, 36.530797], [128.792883, 36.530717], [128.79253, 36.53071], [128.79212, 36.530797], [128.791755, 36.530961], [128.791571, 36.531096], [128.791414, 36.531248], [128.791214, 36.531454], [128.790954, 36.531632], [128.790848, 36.531699], [128.79045, 36.531899], [128.790235, 36.531975], [128.789994, 36.532041], [128.789633, 36.532091], [128.789195, 36.532119], [128.78877, 36.532148], [128.787913, 36.532217], [128.787053, 36.532283], [128.786799, 36.532305], [128.786395, 36.532306], [128.78602, 36.532286], [128.785483, 36.532183], [128.784945, 36.532035], [128.784159, 36.531785], [128.783988, 36.531731], [128.782101, 36.531142], [128.781949, 36.531095], [128.78115, 36.53083], [128.780239, 36.530573], [128.77853, 36.53012], [128.77837, 36.530087], [128.777548, 36.529917], [128.776439, 36.529707], [128.775566, 36.529533], [128.775241, 36.529459], [128.774917, 36.529315]]}}, {"type": "Feature", "properties": {"name": "남순환로", "osm_id": 550282859, "origin": "OBSERVED", "highway": "trunk"}, "geometry": {"type": "LineString", "coordinates": [[128.802057, 36.532275], [128.801395, 36.532232], [128.800468, 36.532188], [128.799475, 36.532139], [128.797822, 36.532062], [128.796747, 36.531997], [128.795698, 36.53194], [128.7949, 36.531934]]}}, {"type": "Feature", "properties": {"name": "", "osm_id": 586763212, "origin": "OBSERVED", "highway": "tertiary"}, "geometry": {"type": "LineString", "coordinates": [[128.666665, 36.535168], [128.66678, 36.535088], [128.666888, 36.535013], [128.667309, 36.534837], [128.667556, 36.534737], [128.667598, 36.53472], [128.668112, 36.534321], [128.6686, 36.53398], [128.668981, 36.53362], [128.66935, 36.53308], [128.66966, 36.53239], [128.66966, 36.53211], [128.6696, 36.53181], [128.669577, 36.531697], [128.669437, 36.531021], [128.66937, 36.530651], [128.669381, 36.530397], [128.66944, 36.53025], [128.669515, 36.530051], [128.669635, 36.529853], [128.66985, 36.529564], [128.66998, 36.52939], [128.6706, 36.5287], [128.67125, 36.528069], [128.67142, 36.527907], [128.671734, 36.527616], [128.67208, 36.52737], [128.672316, 36.527231], [128.672565, 36.527111], [128.672829, 36.527029], [128.673094, 36.526972], [128.67414, 36.52677], [128.674366, 36.526729], [128.67578, 36.52647], [128.67622, 36.52643], [128.677082, 36.526343], [128.67919, 36.52613], [128.680027, 36.526019], [128.68017, 36.526], [128.68037, 36.526], [128.68092, 36.52593], [128.6818, 36.52574], [128.68273, 36.52574], [128.68423, 36.52534], [128.68466, 36.52529], [128.68513, 36.52525], [128.685657, 36.52518], [128.685972, 36.525103], [128.686482, 36.524906], [128.687419, 36.52448]]}}, {"type": "Feature", "properties": {"name": "놉실로", "osm_id": 664074677, "origin": "OBSERVED", "highway": "tertiary"}, "geometry": {"type": "LineString", "coordinates": [[128.730439, 36.521882], [128.730287, 36.522032], [128.73025, 36.52214], [128.7303, 36.52239], [128.730319, 36.522596], [128.730233, 36.522799], [128.730088, 36.522848], [128.730005, 36.5229], [128.729964, 36.523056], [128.730123, 36.523311], [128.730205, 36.523483], [128.730236, 36.523588], [128.730224, 36.523814], [128.73023, 36.52388], [128.730317, 36.524146], [128.730335, 36.524344], [128.730319, 36.524446], [128.730236, 36.52464], [128.730201, 36.52497], [128.730146, 36.525196], [128.730075, 36.525315], [128.730056, 36.525399], [128.730048, 36.525634], [128.730033, 36.525925], [128.729981, 36.526163], [128.729895, 36.526541], [128.729767, 36.526919], [128.72972, 36.52705], [128.72961, 36.52722], [128.729514, 36.527322], [128.72933, 36.52746], [128.72892, 36.52769], [128.72863, 36.52793], [128.72843, 36.52814]]}}, {"type": "Feature", "properties": {"name": "놉실로", "osm_id": 664074679, "origin": "OBSERVED", "highway": "tertiary"}, "geometry": {"type": "LineString", "coordinates": [[128.69841, 36.523058], [128.698647, 36.522882], [128.699059, 36.522602], [128.699261, 36.522492], [128.699464, 36.522397], [128.69964, 36.522338], [128.699859, 36.522286], [128.700328, 36.522163], [128.700493, 36.522083], [128.700545, 36.522019], [128.700615, 36.521939], [128.700827, 36.521673], [128.701015, 36.521526], [128.701261, 36.521365], [128.701646, 36.521116], [128.701858, 36.520897], [128.70199, 36.520774], [128.702057, 36.520736], [128.702354, 36.520638], [128.702601, 36.5205], [128.703296, 36.520088], [128.704352, 36.519415], [128.70483, 36.51924], [128.705118, 36.519137], [128.705521, 36.518994], [128.70593, 36.518811], [128.706379, 36.518637], [128.706811, 36.518512], [128.707001, 36.518473], [128.707113, 36.518458], [128.707528, 36.518906], [128.707814, 36.519096]]}}, {"type": "Feature", "properties": {"name": "놉실로", "osm_id": 664074683, "origin": "OBSERVED", "highway": "tertiary"}, "geometry": {"type": "LineString", "coordinates": [[128.71225, 36.520856], [128.712615, 36.520679], [128.712743, 36.520665], [128.713286, 36.520802], [128.71366, 36.520901], [128.714154, 36.521043], [128.714442, 36.521083], [128.714921, 36.521141], [128.715251, 36.52114], [128.715488, 36.521111], [128.715903, 36.520954], [128.71615, 36.520875], [128.716369, 36.520864], [128.71682, 36.52102], [128.717001, 36.521057], [128.717171, 36.521089], [128.717283, 36.521083], [128.717577, 36.520965], [128.717621, 36.520939], [128.717875, 36.520794], [128.718089, 36.520664], [128.718256, 36.520575], [128.718413, 36.520587], [128.718628, 36.520672], [128.718705, 36.520701], [128.718813, 36.520743], [128.719164, 36.520819], [128.719324, 36.520848], [128.719467, 36.520853], [128.71965, 36.52084], [128.719892, 36.520796], [128.72008, 36.520739], [128.720291, 36.520639], [128.720545, 36.520504], [128.720822, 36.52036], [128.721223, 36.520193], [128.7218, 36.52002], [128.721922, 36.520006], [128.722027, 36.519997], [128.722384, 36.520019], [128.7229, 36.520132], [128.72331, 36.520274], [128.723528, 36.520325], [128.723736, 36.520453], [128.72395, 36.520739], [128.724065, 36.52084], [128.724236, 36.520947], [128.724704, 36.521128], [128.725092, 36.521274], [128.725246, 36.521292], [128.725501, 36.52128], [128.725717, 36.521279], [128.725936, 36.521328], [128.726084, 36.521376], [128.726355, 36.521367], [128.726555, 36.521343], [128.72693, 36.521214], [128.727311, 36.521103], [128.727586, 36.521038], [128.727861, 36.521038], [128.728114, 36.521084], [128.728454, 36.521152], [128.72865, 36.521215], [128.728912, 36.521287], [128.729156, 36.521362], [128.729483, 36.521398], [128.729692, 36.52141], [128.729854, 36.521558], [128.73, 36.521727], [128.730153, 36.521814], [128.730439, 36.521882]]}}, {"type": "Feature", "properties": {"name": "", "osm_id": 664074686, "origin": "OBSERVED", "highway": "residential"}, "geometry": {"type": "LineString", "coordinates": [[128.75463, 36.52368], [128.75459, 36.5237], [128.75453, 36.52368], [128.75444, 36.52366], [128.75437, 36.52364], [128.75427, 36.52362], [128.75418, 36.52362], [128.75405, 36.52362], [128.7539, 36.52362], [128.75375, 36.52362], [128.75364, 36.52362], [128.75354, 36.5236], [128.75343, 36.52355], [128.75332, 36.52351], [128.75326, 36.52349], [128.75317, 36.52349], [128.75311, 36.52347], [128.75311, 36.52342], [128.75302, 36.52338], [128.75296, 36.52336], [128.75289, 36.52334], [128.75285, 36.52332], [128.75279, 36.52328], [128.75274, 36.52325], [128.75268, 36.52325], [128.75257, 36.52328], [128.75247, 36.52332], [128.75238, 36.52336], [128.75231, 36.5234], [128.75231, 36.52342]]}}, {"type": "Feature", "properties": {"name": "신흥길", "osm_id": 664074689, "origin": "OBSERVED", "highway": "residential"}, "geometry": {"type": "LineString", "coordinates": [[128.768362, 36.523767], [128.768513, 36.523521]]}}, {"type": "Feature", "properties": {"name": "구미양지마길", "osm_id": 664074690, "origin": "OBSERVED", "highway": "residential"}, "geometry": {"type": "LineString", "coordinates": [[128.76698, 36.523174], [128.767148, 36.523199], [128.767287, 36.523241], [128.767438, 36.5233], [128.76776, 36.523432], [128.768063, 36.52359], [128.768362, 36.523767], [128.768668, 36.523942], [128.769156, 36.524296], [128.769666, 36.524751], [128.770332, 36.525358], [128.770793, 36.525746], [128.770922, 36.525868], [128.77107, 36.52606], [128.771044, 36.52621]]}}, {"type": "Feature", "properties": {"name": "", "osm_id": 664074693, "origin": "OBSERVED", "highway": "residential"}, "geometry": {"type": "LineString", "coordinates": [[128.767108, 36.522683], [128.767036, 36.522938]]}}, {"type": "Feature", "properties": {"name": "", "osm_id": 709237246, "origin": "OBSERVED", "highway": "track"}, "geometry": {"type": "LineString", "coordinates": [[128.701639, 36.459169], [128.701171, 36.459077]]}}, {"type": "Feature", "properties": {"name": "", "osm_id": 709237247, "origin": "OBSERVED", "highway": "track"}, "geometry": {"type": "LineString", "coordinates": [[128.699744, 36.458405], [128.699757, 36.45854], [128.70024, 36.45904], [128.700379, 36.459225], [128.700709, 36.459178], [128.70084, 36.459182], [128.701171, 36.459077], [128.701449, 36.459069], [128.701494, 36.458997], [128.701399, 36.458899], [128.701304, 36.458623], [128.701422, 36.457966], [128.701331, 36.457923], [128.701016, 36.457857], [128.700578, 36.457796], [128.700592, 36.457727], [128.700682, 36.457622]]}}, {"type": "Feature", "properties": {"name": "", "osm_id": 709237248, "origin": "OBSERVED", "highway": "track"}, "geometry": {"type": "LineString", "coordinates": [[128.702167, 36.458872], [128.702255, 36.458768], [128.702438, 36.458549], [128.702819, 36.458307], [128.703, 36.458211], [128.70318, 36.45807], [128.703389, 36.457703]]}}, {"type": "Feature", "properties": {"name": "", "osm_id": 709237250, "origin": "OBSERVED", "highway": "track"}, "geometry": {"type": "LineString", "coordinates": [[128.702093, 36.45731], [128.702344, 36.457355], [128.702514, 36.457416], [128.702768, 36.457477], [128.702859, 36.457499], [128.702969, 36.457499], [128.703091, 36.45748], [128.703193, 36.457502], [128.703288, 36.457584], [128.703389, 36.457703], [128.703508, 36.457706], [128.703804, 36.457578], [128.703914, 36.457441], [128.704183, 36.457374], [128.704358, 36.457404], [128.704558, 36.45736], [128.705289, 36.457415], [128.705429, 36.4574], [128.705776, 36.457491]]}}, {"type": "Feature", "properties": {"name": "", "osm_id": 709237251, "origin": "OBSERVED", "highway": "track"}, "geometry": {"type": "LineString", "coordinates": [[128.704173, 36.456978], [128.704183, 36.457374]]}}, {"type": "Feature", "properties": {"name": "", "osm_id": 709237252, "origin": "OBSERVED", "highway": "unclassified"}, "geometry": {"type": "LineString", "coordinates": [[128.705886, 36.457372], [128.705918, 36.457436], [128.706017, 36.45754], [128.706093, 36.457625], [128.706385, 36.457723], [128.706453, 36.457767], [128.70652, 36.45781]]}}, {"type": "Feature", "properties": {"name": "", "osm_id": 709237253, "origin": "OBSERVED", "highway": "track"}, "geometry": {"type": "LineString", "coordinates": [[128.706453, 36.457767], [128.706658, 36.457473], [128.706642, 36.457348], [128.706521, 36.45729], [128.706457, 36.457293], [128.706385, 36.457261]]}}, {"type": "Feature", "properties": {"name": "", "osm_id": 709237254, "origin": "OBSERVED", "highway": "unclassified"}, "geometry": {"type": "LineString", "coordinates": [[128.705776, 36.457491], [128.705886, 36.457372]]}}, {"type": "Feature", "properties": {"name": "", "osm_id": 709237255, "origin": "OBSERVED", "highway": "track"}, "geometry": {"type": "LineString", "coordinates": [[128.705886, 36.457372], [128.705858, 36.457145], [128.70563, 36.456874], [128.705562, 36.456608], [128.705501, 36.45652], [128.705422, 36.456483], [128.705277, 36.456563]]}}, {"type": "Feature", "properties": {"name": "", "osm_id": 709237256, "origin": "OBSERVED", "highway": "service"}, "geometry": {"type": "LineString", "coordinates": [[128.705776, 36.457491], [128.705741, 36.457593]]}}, {"type": "Feature", "properties": {"name": "", "osm_id": 709237258, "origin": "OBSERVED", "highway": "track"}, "geometry": {"type": "LineString", "coordinates": [[128.710602, 36.458555], [128.71022, 36.458538], [128.709965, 36.458538], [128.709576, 36.458443], [128.709497, 36.458429], [128.709059, 36.458353]]}}, {"type": "Feature", "properties": {"name": "", "osm_id": 709237259, "origin": "OBSERVED", "highway": "track"}, "geometry": {"type": "LineString", "coordinates": [[128.709497, 36.458429], [128.709219, 36.458574], [128.709079, 36.458553], [128.708954, 36.458512], [128.708855, 36.458566], [128.708568, 36.458851], [128.708591, 36.458933], [128.70868, 36.45912], [128.708651, 36.459202], [128.708508, 36.459384]]}}, {"type": "Feature", "properties": {"name": "", "osm_id": 709237260, "origin": "OBSERVED", "highway": "track"}, "geometry": {"type": "LineString", "coordinates": [[128.71127, 36.45888], [128.711096, 36.459185], [128.710842, 36.459438], [128.710809, 36.459472], [128.710534, 36.459775], [128.710496, 36.459877], [128.710177, 36.460134], [128.710158, 36.46019], [128.709941, 36.460277], [128.709845, 36.46036], [128.709807, 36.460575], [128.709922, 36.460744], [128.710056, 36.461037], [128.710354, 36.461059], [128.71079, 36.461034], [128.710988, 36.46101], [128.711214, 36.461061], [128.711388, 36.461164], [128.711669, 36.461203]]}}, {"type": "Feature", "properties": {"name": "", "osm_id": 709237261, "origin": "OBSERVED", "highway": "track"}, "geometry": {"type": "LineString", "coordinates": [[128.709452, 36.460149], [128.709436, 36.460074], [128.709366, 36.460056], [128.709318, 36.460093], [128.70934, 36.460134], [128.709452, 36.460149]]}}, {"type": "Feature", "properties": {"name": "", "osm_id": 709237262, "origin": "OBSERVED", "highway": "track"}, "geometry": {"type": "LineString", "coordinates": [[128.709452, 36.460149], [128.709589, 36.460251], [128.709664, 36.460313], [128.709721, 36.460326], [128.709793, 36.460302], [128.709895, 36.460264], [128.709941, 36.460277]]}}, {"type": "Feature", "properties": {"name": "", "osm_id": 709237263, "origin": "OBSERVED", "highway": "track"}, "geometry": {"type": "LineString", "coordinates": [[128.710842, 36.459438], [128.711011, 36.459527], [128.711291, 36.459607], [128.71167, 36.459716]]}}, {"type": "Feature", "properties": {"name": "", "osm_id": 709237264, "origin": "OBSERVED", "highway": "track"}, "geometry": {"type": "LineString", "coordinates": [[128.711291, 36.459607], [128.711268, 36.459796], [128.711124, 36.46001], [128.711214, 36.460115]]}}, {"type": "Feature", "properties": {"name": "", "osm_id": 709237265, "origin": "OBSERVED", "highway": "track"}, "geometry": {"type": "LineString", "coordinates": [[128.709807, 36.460575], [128.710091, 36.460688], [128.710326, 36.460699], [128.710448, 36.460754]]}}, {"type": "Feature", "properties": {"name": "", "osm_id": 709237266, "origin": "OBSERVED", "highway": "track"}, "geometry": {"type": "LineString", "coordinates": [[128.709266, 36.460965], [128.709984, 36.461096], [128.710056, 36.461037], [128.710086, 36.460998], [128.710093, 36.46087], [128.71015, 36.460816], [128.710399, 36.46077], [128.710448, 36.460754], [128.710485, 36.460742]]}}, {"type": "Feature", "properties": {"name": "", "osm_id": 709237267, "origin": "OBSERVED", "highway": "track"}, "geometry": {"type": "LineString", "coordinates": [[128.71022, 36.458538], [128.710007, 36.458813]]}}, {"type": "Feature", "properties": {"name": "", "osm_id": 709237268, "origin": "OBSERVED", "highway": "residential"}, "geometry": {"type": "LineString", "coordinates": [[128.712338, 36.46098], [128.712376, 36.460841], [128.712448, 36.460721], [128.712661, 36.46044], [128.712723, 36.460391], [128.713044, 36.460132], [128.713313, 36.459916], [128.713374, 36.459867], [128.713602, 36.459772], [128.713643, 36.45973], [128.713851, 36.45963]]}}, {"type": "Feature", "properties": {"name": "", "osm_id": 709237269, "origin": "OBSERVED", "highway": "residential"}, "geometry": {"type": "LineString", "coordinates": [[128.712723, 36.460391], [128.713053, 36.460606], [128.713117, 36.460672], [128.713259, 36.460817], [128.713361, 36.460876]]}}, {"type": "Feature", "properties": {"name": "", "osm_id": 709237270, "origin": "OBSERVED", "highway": "residential"}, "geometry": {"type": "LineString", "coordinates": [[128.712376, 36.460841], [128.712603, 36.460953], [128.712699, 36.461001], [128.7129, 36.461074]]}}, {"type": "Feature", "properties": {"name": "", "osm_id": 709237271, "origin": "OBSERVED", "highway": "residential"}, "geometry": {"type": "LineString", "coordinates": [[128.712603, 36.460953], [128.712444, 36.461084]]}}, {"type": "Feature", "properties": {"name": "", "osm_id": 709237272, "origin": "OBSERVED", "highway": "residential"}, "geometry": {"type": "LineString", "coordinates": [[128.712338, 36.46098], [128.712377, 36.46102], [128.712444, 36.461084], [128.712607, 36.461223], [128.712873, 36.461378], [128.71298, 36.461402]]}}, {"type": "Feature", "properties": {"name": "", "osm_id": 709237273, "origin": "OBSERVED", "highway": "service"}, "geometry": {"type": "LineString", "coordinates": [[128.713313, 36.459916], [128.713483, 36.460128]]}}, {"type": "Feature", "properties": {"name": "", "osm_id": 709237274, "origin": "OBSERVED", "highway": "residential"}, "geometry": {"type": "LineString", "coordinates": [[128.713602, 36.459772], [128.713864, 36.46], [128.714067, 36.459884], [128.714252, 36.459873], [128.714394, 36.459785], [128.71455, 36.459761], [128.714582, 36.459595]]}}, {"type": "Feature", "properties": {"name": "", "osm_id": 709237275, "origin": "OBSERVED", "highway": "residential"}, "geometry": {"type": "LineString", "coordinates": [[128.713117, 36.460672], [128.713358, 36.460592], [128.713498, 36.460568]]}}, {"type": "Feature", "properties": {"name": "", "osm_id": 709237276, "origin": "OBSERVED", "highway": "residential"}, "geometry": {"type": "LineString", "coordinates": [[128.713401, 36.460746], [128.71348, 36.460657], [128.713498, 36.460568], [128.713582, 36.460483], [128.713674, 36.460401], [128.713751, 36.460318]]}}, {"type": "Feature", "properties": {"name": "", "osm_id": 709237277, "origin": "OBSERVED", "highway": "service"}, "geometry": {"type": "LineString", "coordinates": [[128.713053, 36.460606], [128.713001, 36.460716]]}}, {"type": "Feature", "properties": {"name": "", "osm_id": 709237278, "origin": "OBSERVED", "highway": "service"}, "geometry": {"type": "LineString", "coordinates": [[128.714252, 36.459873], [128.714303, 36.460007]]}}, {"type": "Feature", "properties": {"name": "", "osm_id": 709237279, "origin": "OBSERVED", "highway": "residential"}, "geometry": {"type": "LineString", "coordinates": [[128.71773, 36.458981], [128.717749, 36.459017], [128.717629, 36.459311], [128.71751, 36.459355]]}}, {"type": "Feature", "properties": {"name": "", "osm_id": 709237280, "origin": "OBSERVED", "highway": "service"}, "geometry": {"type": "LineString", "coordinates": [[128.716823, 36.459125], [128.716986, 36.459494]]}}, {"type": "Feature", "properties": {"name": "", "osm_id": 709237281, "origin": "OBSERVED", "highway": "unclassified"}, "geometry": {"type": "LineString", "coordinates": [[128.712198, 36.461106], [128.712806, 36.461415], [128.713425, 36.4616], [128.713618, 36.461609], [128.714281, 36.461829], [128.714385, 36.461863], [128.714809, 36.46247], [128.714917, 36.462746], [128.715061, 36.462797], [128.715395, 36.46353], [128.715919, 36.463727], [128.715994, 36.463813], [128.715951, 36.464046], [128.716037, 36.464171], [128.715973, 36.464448], [128.716067, 36.464875], [128.716234, 36.465211], [128.716416, 36.465309], [128.716727, 36.465632], [128.717032, 36.465947], [128.717351, 36.466096], [128.717467, 36.466205], [128.717525, 36.466431], [128.717531, 36.466674], [128.71762, 36.466857], [128.717702, 36.467138], [128.717879, 36.467404], [128.718379, 36.46821]]}}, {"type": "Feature", "properties": {"name": "", "osm_id": 709237282, "origin": "OBSERVED", "highway": "unclassified"}, "geometry": {"type": "LineString", "coordinates": [[128.718379, 36.46821], [128.718784, 36.468493], [128.718921, 36.468697], [128.718881, 36.468939], [128.718692, 36.469628], [128.718995, 36.470116], [128.719594, 36.470555], [128.720088, 36.470866], [128.72033, 36.471068], [128.720702, 36.471141], [128.721339, 36.471837], [128.721688, 36.471702]]}}, {"type": "Feature", "properties": {"name": "", "osm_id": 709237284, "origin": "OBSERVED", "highway": "unclassified"}, "geometry": {"type": "LineString", "coordinates": [[128.718379, 36.46821], [128.718301, 36.468847], [128.718295, 36.469319], [128.71788, 36.470006], [128.717535, 36.47057], [128.717376, 36.470632], [128.716598, 36.471519], [128.716508, 36.471807], [128.716311, 36.472094], [128.715564, 36.472581], [128.715264, 36.472899], [128.714914, 36.473058], [128.715086, 36.473171], [128.714773, 36.473843], [128.714729, 36.474223], [128.715047, 36.474741]]}}, {"type": "Feature", "properties": {"name": "", "osm_id": 709237286, "origin": "OBSERVED", "highway": "service"}, "geometry": {"type": "LineString", "coordinates": [[128.716037, 36.464171], [128.716361, 36.464237], [128.717082, 36.464057], [128.717872, 36.463878], [128.718408, 36.463678], [128.718759, 36.463488], [128.719161, 36.463493], [128.719365, 36.463421], [128.719557, 36.463503]]}}, {"type": "Feature", "properties": {"name": "", "osm_id": 709237287, "origin": "OBSERVED", "highway": "track"}, "geometry": {"type": "LineString", "coordinates": [[128.714281, 36.461829], [128.714394, 36.461786], [128.714678, 36.461819]]}}, {"type": "Feature", "properties": {"name": "", "osm_id": 709333016, "origin": "OBSERVED", "highway": "track"}, "geometry": {"type": "LineString", "coordinates": [[128.715371, 36.462464], [128.715217, 36.462565], [128.714874, 36.46209], [128.714802, 36.462032], [128.714678, 36.461819], [128.714762, 36.461698], [128.715231, 36.46139], [128.715416, 36.461187], [128.715673, 36.46111], [128.715898, 36.461118], [128.716322, 36.460969], [128.716616, 36.46094], [128.716832, 36.460893]]}}, {"type": "Feature", "properties": {"name": "", "osm_id": 709333017, "origin": "OBSERVED", "highway": "track"}, "geometry": {"type": "LineString", "coordinates": [[128.717107, 36.461241], [128.716967, 36.461165], [128.716832, 36.460893], [128.716922, 36.460849], [128.717211, 36.460846], [128.717707, 36.460875], [128.718176, 36.460878], [128.718415, 36.460846]]}}, {"type": "Feature", "properties": {"name": "", "osm_id": 709333018, "origin": "OBSERVED", "highway": "track"}, "geometry": {"type": "LineString", "coordinates": [[128.719137, 36.461542], [128.719015, 36.461375], [128.718885, 36.461314], [128.7187, 36.46106]]}}, {"type": "Feature", "properties": {"name": "", "osm_id": 709333019, "origin": "OBSERVED", "highway": "track"}, "geometry": {"type": "LineString", "coordinates": [[128.721226, 36.46061], [128.720463, 36.460828], [128.72036, 36.460933], [128.720211, 36.460936], [128.720089, 36.460904], [128.719678, 36.460878], [128.719453, 36.460922], [128.719155, 36.46094], [128.7187, 36.46106], [128.718582, 36.461034], [128.71851, 36.460976], [128.718461, 36.460907], [128.718415, 36.460846], [128.718519, 36.460508], [128.718379, 36.460251], [128.718384, 36.459939], [128.718492, 36.459844], [128.718587, 36.459648], [128.718618, 36.459489], [128.718515, 36.459286], [128.718422, 36.459158], [128.718324, 36.459006]]}}, {"type": "Feature", "properties": {"name": "", "osm_id": 709333020, "origin": "OBSERVED", "highway": "track"}, "geometry": {"type": "LineString", "coordinates": [[128.718422, 36.459158], [128.718357, 36.459362], [128.71824, 36.459507], [128.717667, 36.459601], [128.717585, 36.459677], [128.717572, 36.459957]]}}, {"type": "Feature", "properties": {"name": "", "osm_id": 709333021, "origin": "OBSERVED", "highway": "service"}, "geometry": {"type": "LineString", "coordinates": [[128.717749, 36.459017], [128.717842, 36.459102], [128.717887, 36.459212], [128.717811, 36.45926]]}}, {"type": "Feature", "properties": {"name": "", "osm_id": 709333022, "origin": "OBSERVED", "highway": "track"}, "geometry": {"type": "LineString", "coordinates": [[128.721458, 36.461181], [128.721453, 36.461048], [128.721226, 36.46061], [128.721093, 36.460301], [128.721211, 36.459852], [128.721469, 36.459805], [128.721812, 36.4599], [128.721936, 36.459995], [128.721984, 36.459986]]}}, {"type": "Feature", "properties": {"name": "", "osm_id": 709333023, "origin": "OBSERVED", "highway": "track"}, "geometry": {"type": "LineString", "coordinates": [[128.719986, 36.459079], [128.71999, 36.459158], [128.719868, 36.45942], [128.719808, 36.459814], [128.719948, 36.460345]]}}, {"type": "Feature", "properties": {"name": "", "osm_id": 709333024, "origin": "OBSERVED", "highway": "track"}, "geometry": {"type": "LineString", "coordinates": [[128.718191, 36.460286], [128.718379, 36.460251]]}}, {"type": "Feature", "properties": {"name": "", "osm_id": 709333025, "origin": "OBSERVED", "highway": "service"}, "geometry": {"type": "LineString", "coordinates": [[128.720416, 36.459027], [128.720491, 36.459221], [128.720398, 36.45947], [128.720408, 36.459553], [128.720606, 36.459627], [128.721445, 36.459712], [128.721442, 36.459524], [128.721362, 36.459295], [128.721256, 36.459185]]}}, {"type": "Feature", "properties": {"name": "", "osm_id": 709333026, "origin": "OBSERVED", "highway": "track"}, "geometry": {"type": "LineString", "coordinates": [[128.715231, 36.46139], [128.714701, 36.461579], [128.714478, 36.461378], [128.714338, 36.461117]]}}, {"type": "Feature", "properties": {"name": "", "osm_id": 709333027, "origin": "OBSERVED", "highway": "track"}, "geometry": {"type": "LineString", "coordinates": [[128.715875, 36.461419], [128.715898, 36.461118]]}}, {"type": "Feature", "properties": {"name": "", "osm_id": 709333028, "origin": "OBSERVED", "highway": "unclassified"}, "geometry": {"type": "LineString", "coordinates": [[128.721431, 36.459065], [128.72179, 36.459677], [128.721984, 36.459986], [128.722453, 36.460497], [128.722966, 36.460733], [128.723657, 36.461222], [128.724263, 36.461571], [128.724396, 36.461616], [128.724624, 36.461692], [128.724678, 36.46171], [128.72488, 36.461812], [128.725274, 36.462131], [128.725421, 36.462249], [128.725741, 36.462508], [128.725781, 36.462541], [128.726445, 36.463257], [128.726554, 36.463374], [128.726958, 36.463832], [128.727036, 36.463921], [128.727621, 36.464531], [128.728174, 36.465392], [128.728546, 36.465707], [128.729222, 36.466244], [128.729419, 36.466469], [128.729489, 36.466667], [128.729533, 36.466793], [128.729548, 36.467342], [128.729552, 36.468034], [128.729768, 36.468361], [128.730175, 36.468717], [128.730495, 36.468813], [128.730561, 36.468833], [128.730889, 36.469089], [128.731272, 36.46912], [128.731354, 36.469188], [128.731429, 36.469251], [128.731579, 36.469587], [128.731613, 36.46967], [128.731917, 36.470408], [128.732089, 36.470684], [128.732265, 36.470793], [128.732461, 36.47085], [128.732711, 36.470894], [128.733148, 36.470961], [128.733306, 36.471031]]}}, {"type": "Feature", "properties": {"name": "", "osm_id": 709333030, "origin": "OBSERVED", "highway": "residential"}, "geometry": {"type": "LineString", "coordinates": [[128.733306, 36.471031], [128.733403, 36.471155]]}}, {"type": "Feature", "properties": {"name": "", "osm_id": 709333031, "origin": "OBSERVED", "highway": "residential"}, "geometry": {"type": "LineString", "coordinates": [[128.733403, 36.471155], [128.733687, 36.471188], [128.733873, 36.471274], [128.734642, 36.471749], [128.734768, 36.47186], [128.734827, 36.471908], [128.734862, 36.471937], [128.734905, 36.471972], [128.735143, 36.472145], [128.735472, 36.472364]]}}, {"type": "Feature", "properties": {"name": "", "osm_id": 709333032, "origin": "OBSERVED", "highway": "service"}, "geometry": {"type": "LineString", "coordinates": [[128.735143, 36.472145], [128.735026, 36.472298], [128.734961, 36.47231]]}}, {"type": "Feature", "properties": {"name": "", "osm_id": 709333035, "origin": "OBSERVED", "highway": "residential"}, "geometry": {"type": "LineString", "coordinates": [[128.734827, 36.471908], [128.734948, 36.47182]]}}, {"type": "Feature", "properties": {"name": "", "osm_id": 709333036, "origin": "OBSERVED", "highway": "track"}, "geometry": {"type": "LineString", "coordinates": [[128.735609, 36.472331], [128.735715, 36.472418], [128.73593, 36.472521], [128.736178, 36.472587], [128.736451, 36.472572], [128.736837, 36.47251], [128.737074, 36.47245], [128.737193, 36.472399], [128.737485, 36.472244]]}}, {"type": "Feature", "properties": {"name": "", "osm_id": 709333037, "origin": "OBSERVED", "highway": "residential"}, "geometry": {"type": "LineString", "coordinates": [[128.735609, 36.472331], [128.735679, 36.472224], [128.7357, 36.472213], [128.735905, 36.472228], [128.736024, 36.472107], [128.736028, 36.472046], [128.736036, 36.471924], [128.736163, 36.47167], [128.736193, 36.471572], [128.736237, 36.471409]]}}, {"type": "Feature", "properties": {"name": "", "osm_id": 709333038, "origin": "OBSERVED", "highway": "service"}, "geometry": {"type": "LineString", "coordinates": [[128.736237, 36.471409], [128.736244, 36.471377], [128.736292, 36.471372], [128.736258, 36.471481]]}}, {"type": "Feature", "properties": {"name": "", "osm_id": 709333043, "origin": "OBSERVED", "highway": "service"}, "geometry": {"type": "LineString", "coordinates": [[128.735698, 36.472256], [128.735679, 36.472224], [128.73558, 36.472062]]}}, {"type": "Feature", "properties": {"name": "", "osm_id": 709333044, "origin": "OBSERVED", "highway": "service"}, "geometry": {"type": "LineString", "coordinates": [[128.735665, 36.471739], [128.73576, 36.471836], [128.735785, 36.471918], [128.736028, 36.472046]]}}, {"type": "Feature", "properties": {"name": "", "osm_id": 709333045, "origin": "OBSERVED", "highway": "service"}, "geometry": {"type": "LineString", "coordinates": [[128.724396, 36.461616], [128.724359, 36.461698], [128.7244, 36.461759]]}}, {"type": "Feature", "properties": {"name": "", "osm_id": 709333046, "origin": "OBSERVED", "highway": "residential"}, "geometry": {"type": "LineString", "coordinates": [[128.724624, 36.461692], [128.724613, 36.461897], [128.724442, 36.46201], [128.724518, 36.462187], [128.724268, 36.462437]]}}, {"type": "Feature", "properties": {"name": "", "osm_id": 709333047, "origin": "OBSERVED", "highway": "residential"}, "geometry": {"type": "LineString", "coordinates": [[128.725274, 36.462131], [128.725232, 36.462165], [128.725155, 36.462226], [128.724921, 36.462558]]}}, {"type": "Feature", "properties": {"name": "", "osm_id": 709333048, "origin": "OBSERVED", "highway": "service"}, "geometry": {"type": "LineString", "coordinates": [[128.724605, 36.462626], [128.724708, 36.46262], [128.724802, 36.462526], [128.724921, 36.462558]]}}, {"type": "Feature", "properties": {"name": "", "osm_id": 709333049, "origin": "OBSERVED", "highway": "residential"}, "geometry": {"type": "LineString", "coordinates": [[128.724921, 36.462558], [128.724972, 36.462596], [128.725013, 36.462688], [128.725061, 36.462797], [128.725193, 36.462831], [128.725373, 36.462836], [128.725699, 36.463138], [128.725981, 36.46333], [128.726235, 36.463323], [128.726393, 36.463273], [128.726445, 36.463257]]}}, {"type": "Feature", "properties": {"name": "", "osm_id": 709333050, "origin": "OBSERVED", "highway": "service"}, "geometry": {"type": "LineString", "coordinates": [[128.725981, 36.46333], [128.725901, 36.463414]]}}, {"type": "Feature", "properties": {"name": "", "osm_id": 709333051, "origin": "OBSERVED", "highway": "service"}, "geometry": {"type": "LineString", "coordinates": [[128.726393, 36.463273], [128.726457, 36.463357]]}}, {"type": "Feature", "properties": {"name": "", "osm_id": 709333052, "origin": "OBSERVED", "highway": "service"}, "geometry": {"type": "LineString", "coordinates": [[128.725013, 36.462688], [128.725334, 36.462629], [128.725415, 36.462643]]}}, {"type": "Feature", "properties": {"name": "", "osm_id": 709333053, "origin": "OBSERVED", "highway": "service"}, "geometry": {"type": "LineString", "coordinates": [[128.725681, 36.462531], [128.725741, 36.462508]]}}, {"type": "Feature", "properties": {"name": "", "osm_id": 709333054, "origin": "OBSERVED", "highway": "track"}, "geometry": {"type": "LineString", "coordinates": [[128.725351, 36.459216], [128.7253, 36.459345], [128.724713, 36.460058], [128.724751, 36.46015], [128.724968, 36.460386], [128.725019, 36.460607], [128.725223, 36.46073], [128.726123, 36.461176], [128.726327, 36.461325], [128.726206, 36.461489], [128.72627, 36.4619]]}}, {"type": "Feature", "properties": {"name": "", "osm_id": 709333055, "origin": "OBSERVED", "highway": "track"}, "geometry": {"type": "LineString", "coordinates": [[128.725421, 36.462249], [128.725638, 36.4621], [128.725683, 36.461972], [128.72627, 36.4619], [128.726473, 36.46191], [128.726589, 36.461915], [128.726723, 36.461864], [128.727029, 36.461925], [128.727064, 36.461942], [128.727207, 36.462008], [128.727239, 36.46212], [128.727252, 36.462138], [128.727361, 36.462285], [128.727562, 36.462361], [128.727839, 36.462586], [128.728732, 36.463292], [128.728743, 36.463324], [128.728755, 36.463361], [128.729188, 36.46368], [128.729621, 36.464032], [128.729725, 36.464068], [128.729675, 36.464177], [128.729567, 36.464177], [128.72945, 36.464326], [128.729314, 36.464511], [128.72922, 36.464569], [128.729201, 36.464645]]}}, {"type": "Feature", "properties": {"name": "", "osm_id": 709333056, "origin": "OBSERVED", "highway": "track"}, "geometry": {"type": "LineString", "coordinates": [[128.726155, 36.462002], [128.726442, 36.461951], [128.726473, 36.46191]]}}, {"type": "Feature", "properties": {"name": "", "osm_id": 709333057, "origin": "OBSERVED", "highway": "track"}, "geometry": {"type": "LineString", "coordinates": [[128.72701, 36.46202], [128.727064, 36.461942], [128.727089, 36.461877], [128.727241, 36.461755], [128.727237, 36.461697], [128.727055, 36.461557], [128.727104, 36.461401]]}}, {"type": "Feature", "properties": {"name": "", "osm_id": 709333058, "origin": "OBSERVED", "highway": "track"}, "geometry": {"type": "LineString", "coordinates": [[128.727089, 36.461877], [128.726638, 36.461499], [128.72646, 36.46131]]}}, {"type": "Feature", "properties": {"name": "", "osm_id": 709333059, "origin": "OBSERVED", "highway": "track"}, "geometry": {"type": "LineString", "coordinates": [[128.726638, 36.461499], [128.726831, 36.461395]]}}, {"type": "Feature", "properties": {"name": "", "osm_id": 709333069, "origin": "OBSERVED", "highway": "track"}, "geometry": {"type": "LineString", "coordinates": [[128.727252, 36.462138], [128.727543, 36.462181], [128.7276, 36.46196], [128.727674, 36.461858], [128.72767, 36.461673], [128.727546, 36.461496]]}}, {"type": "Feature", "properties": {"name": "", "osm_id": 709333071, "origin": "OBSERVED", "highway": "track"}, "geometry": {"type": "LineString", "coordinates": [[128.723941, 36.460772], [128.724451, 36.46034], [128.724778, 36.460603], [128.724805, 36.460642], [128.72491, 36.460717], [128.725089, 36.460845], [128.725223, 36.46073]]}}, {"type": "Feature", "properties": {"name": "", "osm_id": 709333072, "origin": "OBSERVED", "highway": "track"}, "geometry": {"type": "LineString", "coordinates": [[128.724746, 36.460845], [128.72491, 36.460717]]}}, {"type": "Feature", "properties": {"name": "", "osm_id": 709333073, "origin": "OBSERVED", "highway": "residential"}, "geometry": {"type": "LineString", "coordinates": [[128.724613, 36.461897], [128.725145, 36.46217], [128.725232, 36.462165]]}}, {"type": "Feature", "properties": {"name": "", "osm_id": 709333074, "origin": "OBSERVED", "highway": "track"}, "geometry": {"type": "LineString", "coordinates": [[128.726958, 36.463832], [128.727402, 36.463698], [128.727708, 36.463727], [128.728743, 36.463324]]}}, {"type": "Feature", "properties": {"name": "", "osm_id": 709333075, "origin": "OBSERVED", "highway": "track"}, "geometry": {"type": "LineString", "coordinates": [[128.727708, 36.463727], [128.728069, 36.464162], [128.728254, 36.464536], [128.728687, 36.464681], [128.729201, 36.464645], [128.729373, 36.464779], [128.729486, 36.464993], [128.730196, 36.465519], [128.730222, 36.465747], [128.73047, 36.466161], [128.730508, 36.466381], [128.730713, 36.466643], [128.731001, 36.46682], [128.731335, 36.467015], [128.731464, 36.467033], [128.731578, 36.466936], [128.732253, 36.466869], [128.732588, 36.466677], [128.732987, 36.466487], [128.733184, 36.46691]]}}, {"type": "Feature", "properties": {"name": "", "osm_id": 709333077, "origin": "OBSERVED", "highway": "track"}, "geometry": {"type": "LineString", "coordinates": [[128.729489, 36.466667], [128.729791, 36.466974], [128.729806, 36.467127], [128.730186, 36.467176]]}}, {"type": "Feature", "properties": {"name": "", "osm_id": 709333078, "origin": "OBSERVED", "highway": "track"}, "geometry": {"type": "LineString", "coordinates": [[128.730231, 36.467761], [128.730398, 36.467981], [128.730451, 36.468249], [128.730368, 36.468432], [128.730495, 36.468813]]}}, {"type": "Feature", "properties": {"name": "", "osm_id": 709333079, "origin": "OBSERVED", "highway": "track"}, "geometry": {"type": "LineString", "coordinates": [[128.730495, 36.468813], [128.731111, 36.468487], [128.731475, 36.468548], [128.731688, 36.468506], [128.731908, 36.468561], [128.732446, 36.468365], [128.732454, 36.468207], [128.732719, 36.468079], [128.733152, 36.468201], [128.733319, 36.468146]]}}, {"type": "Feature", "properties": {"name": "", "osm_id": 709333080, "origin": "OBSERVED", "highway": "track"}, "geometry": {"type": "LineString", "coordinates": [[128.732719, 36.468079], [128.732822, 36.467929], [128.733046, 36.467804]]}}, {"type": "Feature", "properties": {"name": "", "osm_id": 709333081, "origin": "OBSERVED", "highway": "track"}, "geometry": {"type": "LineString", "coordinates": [[128.731354, 36.469188], [128.731712, 36.469031], [128.731825, 36.469092]]}}, {"type": "Feature", "properties": {"name": "", "osm_id": 709333082, "origin": "OBSERVED", "highway": "track"}, "geometry": {"type": "LineString", "coordinates": [[128.731613, 36.46967], [128.731544, 36.469656], [128.73141, 36.469483], [128.73097, 36.469638]]}}, {"type": "Feature", "properties": {"name": "", "osm_id": 709333083, "origin": "OBSERVED", "highway": "track"}, "geometry": {"type": "LineString", "coordinates": [[128.733306, 36.471031], [128.733376, 36.470805], [128.733764, 36.47063], [128.734063, 36.470372], [128.734206, 36.470093], [128.734419, 36.469856], [128.734677, 36.469651], [128.735325, 36.469237], [128.735421, 36.469017], [128.73553, 36.468909], [128.735689, 36.468842], [128.735798, 36.468919], [128.73574, 36.469093], [128.736021, 36.469648], [128.736072, 36.469776], [128.736145, 36.4699], [128.736225, 36.470125], [128.736435, 36.470231], [128.736292, 36.470505], [128.736228, 36.470664], [128.736085, 36.470753], [128.736017, 36.471013], [128.736132, 36.4711], [128.736237, 36.471409]]}}, {"type": "Feature", "properties": {"name": "", "osm_id": 709333084, "origin": "OBSERVED", "highway": "track"}, "geometry": {"type": "LineString", "coordinates": [[128.734063, 36.470372], [128.734361, 36.47039], [128.73465, 36.470759], [128.734648, 36.470944], [128.734495, 36.471082]]}}, {"type": "Feature", "properties": {"name": "", "osm_id": 709333085, "origin": "OBSERVED", "highway": "track"}, "geometry": {"type": "LineString", "coordinates": [[128.73465, 36.470759], [128.734857, 36.470843], [128.734905, 36.4708]]}}, {"type": "Feature", "properties": {"name": "", "osm_id": 709333090, "origin": "OBSERVED", "highway": "track"}, "geometry": {"type": "LineString", "coordinates": [[128.733376, 36.470805], [128.733271, 36.470796], [128.732863, 36.47054], [128.732863, 36.470361], [128.732732, 36.470239], [128.73261, 36.470214], [128.732042, 36.469855]]}}, {"type": "Feature", "properties": {"name": "", "osm_id": 709333091, "origin": "OBSERVED", "highway": "track"}, "geometry": {"type": "LineString", "coordinates": [[128.732732, 36.470239], [128.732951, 36.470074], [128.733271, 36.469704]]}}, {"type": "Feature", "properties": {"name": "", "osm_id": 709333092, "origin": "OBSERVED", "highway": "track"}, "geometry": {"type": "LineString", "coordinates": [[128.733, 36.469124], [128.733055, 36.46941], [128.733271, 36.469704], [128.733506, 36.469559], [128.733885, 36.469498]]}}, {"type": "Feature", "properties": {"name": "", "osm_id": 709333093, "origin": "OBSERVED", "highway": "track"}, "geometry": {"type": "LineString", "coordinates": [[128.734677, 36.469651], [128.734403, 36.46947], [128.73443, 36.46928], [128.734693, 36.469034], [128.734644, 36.468943], [128.734454, 36.468885], [128.734392, 36.468865], [128.734215, 36.468878], [128.734188, 36.468999], [128.734049, 36.469034], [128.733867, 36.469003], [128.733765, 36.468917], [128.733722, 36.468762]]}}, {"type": "Feature", "properties": {"name": "", "osm_id": 709333094, "origin": "OBSERVED", "highway": "track"}, "geometry": {"type": "LineString", "coordinates": [[128.734194, 36.468184], [128.734258, 36.468309], [128.734183, 36.468581], [128.734344, 36.468689], [128.734454, 36.468885]]}}, {"type": "Feature", "properties": {"name": "", "osm_id": 709333095, "origin": "OBSERVED", "highway": "track"}, "geometry": {"type": "LineString", "coordinates": [[128.735357, 36.470332], [128.735738, 36.470621], [128.736085, 36.470753]]}}, {"type": "Feature", "properties": {"name": "", "osm_id": 709333096, "origin": "OBSERVED", "highway": "track"}, "geometry": {"type": "LineString", "coordinates": [[128.737485, 36.472244], [128.737623, 36.472261], [128.738059, 36.47242], [128.738406, 36.472721], [128.738538, 36.472772], [128.738752, 36.472758], [128.73904, 36.472548], [128.739326, 36.472574], [128.739913, 36.472752], [128.740128, 36.472779], [128.740235, 36.472772], [128.740423, 36.472676], [128.740563, 36.472659], [128.740814, 36.472755], [128.741145, 36.473], [128.741466, 36.473083], [128.741964, 36.473548], [128.742282, 36.473722], [128.742552, 36.473763], [128.743149, 36.47395], [128.743513, 36.474026], [128.744192, 36.474023], [128.7446, 36.474238], [128.744779, 36.474388], [128.745294, 36.474433], [128.746087, 36.474436], [128.746128, 36.474421], [128.746174, 36.474391], [128.746863, 36.474554], [128.74701, 36.474708], [128.747215, 36.475048], [128.747477, 36.475276], [128.747619, 36.475546], [128.747934, 36.475644], [128.748251, 36.475795], [128.748758, 36.476088], [128.749375, 36.47653], [128.749624, 36.476522], [128.749864, 36.476525], [128.749955, 36.476385], [128.750228, 36.476364], [128.75057, 36.476433], [128.751143, 36.476583], [128.751698, 36.476542], [128.752631, 36.476646]]}}, {"type": "Feature", "properties": {"name": "", "osm_id": 709333097, "origin": "OBSERVED", "highway": "track"}, "geometry": {"type": "LineString", "coordinates": [[128.752631, 36.476646], [128.752823, 36.476608], [128.754156, 36.476623], [128.754255, 36.476569], [128.754388, 36.476546], [128.75447, 36.476571], [128.754598, 36.476699], [128.755584, 36.47708], [128.755909, 36.477165], [128.756055, 36.477173], [128.756397, 36.476757], [128.756576, 36.47655], [128.756693, 36.476375], [128.757113, 36.476004], [128.757439, 36.475769], [128.757553, 36.475747], [128.757639, 36.475782], [128.757692, 36.475834], [128.757687, 36.475933], [128.757632, 36.476132], [128.757547, 36.476449], [128.757523, 36.476612], [128.757539, 36.476703], [128.757629, 36.476753], [128.758431, 36.476759], [128.759079, 36.476697], [128.759385, 36.476662], [128.759743, 36.476546], [128.760122, 36.476636], [128.760636, 36.476632], [128.760707, 36.476504], [128.760656, 36.475989], [128.760699, 36.475689], [128.760778, 36.475581], [128.760825, 36.475521], [128.760922, 36.475484], [128.761075, 36.475448], [128.761209, 36.47548], [128.761761, 36.475767], [128.76207, 36.475909], [128.762267, 36.475924], [128.762633, 36.475672], [128.762886, 36.475396], [128.762907, 36.475234], [128.762821, 36.475124], [128.762326, 36.474613], [128.761891, 36.473563], [128.761976, 36.473358], [128.762118, 36.473239], [128.762323, 36.473194], [128.762697, 36.473174], [128.762957, 36.473282], [128.763424, 36.473511], [128.763668, 36.473552], [128.763788, 36.473537], [128.764005, 36.473414], [128.764092, 36.473175]]}}, {"type": "Feature", "properties": {"name": "", "osm_id": 709337395, "origin": "OBSERVED", "highway": "unclassified"}, "geometry": {"type": "LineString", "coordinates": [[128.752631, 36.476646], [128.753006, 36.476675], [128.754007, 36.476903], [128.754317, 36.476915], [128.754441, 36.476886], [128.754592, 36.476973], [128.754731, 36.477132], [128.755082, 36.477328], [128.755779, 36.477826], [128.75618, 36.478013], [128.756352, 36.478089], [128.75656, 36.478062], [128.756851, 36.477999], [128.757251, 36.477726], [128.757711, 36.477767], [128.757963, 36.477762], [128.758221, 36.477757], [128.758731, 36.477941], [128.759114, 36.477808], [128.759931, 36.477716], [128.760556, 36.477829], [128.760939, 36.477675], [128.762061, 36.477654], [128.762483, 36.477408]]}}, {"type": "Feature", "properties": {"name": "", "osm_id": 709337397, "origin": "OBSERVED", "highway": "track"}, "geometry": {"type": "LineString", "coordinates": [[128.737485, 36.472244], [128.737435, 36.47208], [128.737281, 36.47179], [128.737312, 36.471561], [128.737322, 36.471485], [128.73748, 36.471166], [128.73757, 36.471094], [128.737642, 36.47068], [128.737778, 36.470531]]}}, {"type": "Feature", "properties": {"name": "", "osm_id": 709337398, "origin": "OBSERVED", "highway": "track"}, "geometry": {"type": "LineString", "coordinates": [[128.737281, 36.47179], [128.737412, 36.471863], [128.737525, 36.471884], [128.737687, 36.471794]]}}, {"type": "Feature", "properties": {"name": "", "osm_id": 709337399, "origin": "OBSERVED", "highway": "track"}, "geometry": {"type": "LineString", "coordinates": [[128.737312, 36.471561], [128.737881, 36.471474], [128.738116, 36.471504]]}}, {"type": "Feature", "properties": {"name": "", "osm_id": 709337400, "origin": "OBSERVED", "highway": "track"}, "geometry": {"type": "LineString", "coordinates": [[128.73904, 36.472548], [128.739336, 36.47244], [128.739706, 36.472385], [128.740184, 36.472454], [128.740356, 36.472276], [128.74045, 36.472171], [128.740617, 36.472117], [128.740653, 36.471906], [128.740256, 36.471834], [128.739968, 36.471638], [128.739201, 36.471478], [128.738538, 36.471221]]}}, {"type": "Feature", "properties": {"name": "", "osm_id": 709337401, "origin": "OBSERVED", "highway": "track"}, "geometry": {"type": "LineString", "coordinates": [[128.740563, 36.472659], [128.740705, 36.472485], [128.741113, 36.4723], [128.741298, 36.471982], [128.741521, 36.471649], [128.741955, 36.471392], [128.742319, 36.471167], [128.742912, 36.471161]]}}, {"type": "Feature", "properties": {"name": "", "osm_id": 709337402, "origin": "OBSERVED", "highway": "track"}, "geometry": {"type": "LineString", "coordinates": [[128.742587, 36.470926], [128.742772, 36.470788], [128.742944, 36.470608], [128.743512, 36.470239], [128.74362, 36.470224], [128.743441, 36.470521], [128.743365, 36.470773], [128.742982, 36.470978], [128.742912, 36.471161], [128.742727, 36.471491], [128.742516, 36.471783], [128.742408, 36.471834], [128.742248, 36.472178], [128.742357, 36.472312], [128.742599, 36.472435], [128.742893, 36.472373], [128.743103, 36.472337], [128.743512, 36.47244], [128.743875, 36.472589], [128.743997, 36.472701], [128.744201, 36.472789], [128.744379, 36.472778], [128.74473, 36.473019], [128.745106, 36.473006], [128.745379, 36.473091], [128.745543, 36.473015], [128.745854, 36.473008], [128.746374, 36.473228], [128.746719, 36.473457], [128.74683, 36.47373], [128.747452, 36.47417], [128.747755, 36.474319], [128.748381, 36.474731], [128.748346, 36.474865], [128.748235, 36.47504], [128.748153, 36.47517], [128.747899, 36.475439], [128.747736, 36.475414], [128.747583, 36.475331], [128.747477, 36.475276]]}}, {"type": "Feature", "properties": {"name": "", "osm_id": 709337403, "origin": "OBSERVED", "highway": "track"}, "geometry": {"type": "LineString", "coordinates": [[128.748235, 36.47504], [128.748366, 36.475108], [128.748414, 36.475049], [128.748459, 36.474847], [128.748545, 36.474775], [128.748647, 36.474765]]}}, {"type": "Feature", "properties": {"name": "", "osm_id": 709337404, "origin": "OBSERVED", "highway": "track"}, "geometry": {"type": "LineString", "coordinates": [[128.746163, 36.474714], [128.746128, 36.474421], [128.746106, 36.474325], [128.74551, 36.474037], [128.745359, 36.473915]]}}, {"type": "Feature", "properties": {"name": "", "osm_id": 754317490, "origin": "OBSERVED", "highway": "tertiary"}, "geometry": {"type": "LineString", "coordinates": [[128.805086, 36.465151], [128.804933, 36.464892], [128.804671, 36.46469], [128.804289, 36.46455], [128.803608, 36.464298], [128.803038, 36.464109], [128.802861, 36.464034], [128.802695, 36.463954], [128.802268, 36.463657], [128.802169, 36.463619], [128.802048, 36.46359], [128.801942, 36.463575], [128.801784, 36.463576], [128.801406, 36.463677], [128.80093, 36.463719], [128.800472, 36.463757], [128.800209, 36.463726], [128.800102, 36.463686], [128.799975, 36.463633], [128.799824, 36.463461], [128.799685, 36.463314], [128.799615, 36.463258], [128.799505, 36.463218], [128.799431, 36.463206], [128.79932, 36.463201], [128.799007, 36.463224], [128.798829, 36.463169], [128.798356, 36.463026], [128.798151, 36.463018], [128.797903, 36.463077], [128.797684, 36.4632], [128.797481, 36.463372], [128.79729, 36.46353], [128.797162, 36.463634], [128.797062, 36.463644], [128.79698, 36.463605], [128.796943, 36.463555], [128.796946, 36.463491], [128.796979, 36.463425], [128.797138, 36.463256], [128.797267, 36.463084], [128.797336, 36.46286], [128.797373, 36.462638], [128.797389, 36.462465], [128.797404, 36.462361], [128.797764, 36.461615], [128.797818, 36.461421], [128.797844, 36.461239], [128.797853, 36.461067], [128.797942, 36.460802], [128.798227, 36.460368], [128.79843, 36.460119], [128.798464, 36.460025], [128.798448, 36.459937], [128.798397, 36.459865], [128.798313, 36.459784], [128.798153, 36.459689], [128.79767, 36.459502], [128.797424, 36.459402], [128.797312, 36.459315], [128.797223, 36.458856], [128.797182, 36.458634], [128.797063, 36.458505], [128.796777, 36.458357], [128.796537, 36.458233], [128.796477, 36.458086], [128.796472, 36.457933], [128.796454, 36.457333], [128.796398, 36.457211], [128.796286, 36.457085], [128.795988, 36.456848], [128.795912, 36.456759], [128.79587, 36.456646], [128.795756, 36.456362], [128.795674, 36.456165], [128.795649, 36.455972], [128.795665, 36.45579]]}}, {"type": "Feature", "properties": {"name": "남순환로", "osm_id": 769091627, "origin": "OBSERVED", "highway": "trunk"}, "geometry": {"type": "LineString", "coordinates": [[128.788464, 36.532672], [128.787206, 36.532984], [128.786433, 36.533198]]}}, {"type": "Feature", "properties": {"name": "35", "osm_id": 769091628, "origin": "OBSERVED", "highway": "trunk_link"}, "geometry": {"type": "LineString", "coordinates": [[128.791563, 36.53375], [128.791582, 36.532909], [128.791636, 36.532303], [128.791683, 36.531816]]}}, {"type": "Feature", "properties": {"name": "경북대로", "osm_id": 778873984, "origin": "OBSERVED", "highway": "primary"}, "geometry": {"type": "LineString", "coordinates": [[128.682421, 36.442153], [128.682228, 36.441682], [128.681858, 36.441013], [128.681616, 36.440722], [128.681455, 36.440526], [128.680263, 36.439525], [128.678243, 36.438149], [128.675067, 36.435985], [128.674753, 36.435835], [128.668951, 36.433328]]}}, {"type": "Feature", "properties": {"name": "경북대로", "osm_id": 778873985, "origin": "OBSERVED", "highway": "primary"}, "geometry": {"type": "LineString", "coordinates": [[128.682786, 36.444302], [128.682421, 36.442153]]}}, {"type": "Feature", "properties": {"name": "경북대로", "osm_id": 778873986, "origin": "OBSERVED", "highway": "primary"}, "geometry": {"type": "LineString", "coordinates": [[128.662836, 36.465903], [128.662971, 36.464577], [128.663038, 36.463968], [128.663296, 36.462674], [128.663707, 36.461005], [128.664187, 36.459059], [128.664348, 36.458602], [128.664606, 36.458144], [128.66504, 36.457721], [128.665405, 36.457437], [128.66585, 36.457165], [128.672175, 36.454421], [128.672292, 36.454379], [128.674299, 36.453665], [128.675544, 36.453282], [128.67681, 36.452811], [128.677416, 36.452505], [128.677925, 36.452198], [128.678596, 36.451642], [128.682377, 36.44791], [128.682507, 36.447715], [128.682812, 36.447033], [128.682995, 36.446403], [128.683006, 36.445976], [128.682952, 36.445467], [128.682837, 36.444766], [128.682812, 36.444483], [128.682786, 36.444302]]}}, {"type": "Feature", "properties": {"name": "경북대로", "osm_id": 778873987, "origin": "OBSERVED", "highway": "primary"}, "geometry": {"type": "LineString", "coordinates": [[128.662809, 36.4662], [128.662836, 36.465903]]}}, {"type": "Feature", "properties": {"name": "", "osm_id": 778873988, "origin": "OBSERVED", "highway": "tertiary_link"}, "geometry": {"type": "LineString", "coordinates": [[128.661436, 36.474425], [128.661209, 36.474668]]}}, {"type": "Feature", "properties": {"name": "경북대로", "osm_id": 778873989, "origin": "OBSERVED", "highway": "primary"}, "geometry": {"type": "LineString", "coordinates": [[128.661965, 36.472205], [128.662195, 36.471588], [128.662351, 36.470962], [128.662437, 36.470296], [128.662719, 36.467196], [128.662809, 36.4662]]}}, {"type": "Feature", "properties": {"name": "경북대로", "osm_id": 778873990, "origin": "OBSERVED", "highway": "primary"}, "geometry": {"type": "LineString", "coordinates": [[128.661171, 36.474393], [128.661965, 36.472205]]}}, {"type": "Feature", "properties": {"name": "경북대로", "osm_id": 778873991, "origin": "OBSERVED", "highway": "primary"}, "geometry": {"type": "LineString", "coordinates": [[128.659443, 36.478013], [128.659735, 36.477635], [128.659976, 36.477263], [128.660291, 36.476808], [128.660492, 36.476381], [128.660578, 36.476163], [128.660651, 36.475978], [128.66087, 36.475341], [128.661103, 36.474577], [128.661171, 36.474393]]}}, {"type": "Feature", "properties": {"name": "", "osm_id": 778873992, "origin": "OBSERVED", "highway": "primary"}, "geometry": {"type": "LineString", "coordinates": [[128.658904, 36.47873], [128.659443, 36.478013]]}}, {"type": "Feature", "properties": {"name": "", "osm_id": 778873993, "origin": "OBSERVED", "highway": "primary_link"}, "geometry": {"type": "LineString", "coordinates": [[128.660694, 36.476168], [128.66066, 36.476342], [128.66062, 36.476544], [128.660563, 36.476807], [128.660545, 36.47705], [128.66055, 36.477277], [128.660624, 36.477502], [128.660698, 36.477694], [128.660707, 36.47788], [128.660676, 36.47804], [128.660609, 36.47819], [128.660396, 36.478361], [128.66013, 36.47846], [128.659932, 36.478477], [128.659645, 36.478477], [128.65861, 36.478426], [128.657723, 36.478398]]}}, {"type": "Feature", "properties": {"name": "", "osm_id": 778873994, "origin": "OBSERVED", "highway": "primary_link"}, "geometry": {"type": "LineString", "coordinates": [[128.657734, 36.478301], [128.658715, 36.478391], [128.659556, 36.478424], [128.659945, 36.478427], [128.660179, 36.4784], [128.660414, 36.478297], [128.660559, 36.478169], [128.660611, 36.478056], [128.660622, 36.477935], [128.660587, 36.477842], [128.660508, 36.477742], [128.660389, 36.477677], [128.660252, 36.477643], [128.660084, 36.477654], [128.65998, 36.4777], [128.659824, 36.477791], [128.6596, 36.478043]]}}, {"type": "Feature", "properties": {"name": "", "osm_id": 778873995, "origin": "OBSERVED", "highway": "primary_link"}, "geometry": {"type": "LineString", "coordinates": [[128.649457, 36.478884], [128.648871, 36.479325], [128.648341, 36.479678], [128.647927, 36.479924], [128.647446, 36.480142]]}}, {"type": "Feature", "properties": {"name": "", "osm_id": 778873997, "origin": "OBSERVED", "highway": "primary"}, "geometry": {"type": "LineString", "coordinates": [[128.656768, 36.481538], [128.657767, 36.480222]]}}, {"type": "Feature", "properties": {"name": "경북대로", "osm_id": 778873998, "origin": "OBSERVED", "highway": "primary"}, "geometry": {"type": "LineString", "coordinates": [[128.657767, 36.480222], [128.658475, 36.479305], [128.658904, 36.47873]]}}, {"type": "Feature", "properties": {"name": "", "osm_id": 778873999, "origin": "OBSERVED", "highway": "residential"}, "geometry": {"type": "LineString", "coordinates": [[128.656288, 36.482112], [128.656245, 36.482082], [128.656395, 36.481803], [128.656469, 36.481589]]}}, {"type": "Feature", "properties": {"name": "", "osm_id": 778874000, "origin": "OBSERVED", "highway": "residential"}, "geometry": {"type": "LineString", "coordinates": [[128.656518, 36.482168], [128.656288, 36.482112]]}}, {"type": "Feature", "properties": {"name": "", "osm_id": 778874001, "origin": "OBSERVED", "highway": "primary_link"}, "geometry": {"type": "LineString", "coordinates": [[128.656084, 36.482763], [128.656071, 36.48253], [128.656089, 36.482394], [128.65618, 36.482218], [128.656245, 36.482082], [128.656392, 36.481891], [128.656523, 36.481757], [128.656768, 36.481538]]}}, {"type": "Feature", "properties": {"name": "", "osm_id": 778874002, "origin": "OBSERVED", "highway": "primary_link"}, "geometry": {"type": "LineString", "coordinates": [[128.656876, 36.481576], [128.656852, 36.481789], [128.656648, 36.482195]]}}, {"type": "Feature", "properties": {"name": "", "osm_id": 778874003, "origin": "OBSERVED", "highway": "residential"}, "geometry": {"type": "LineString", "coordinates": [[128.656648, 36.482195], [128.656525, 36.482436]]}}, {"type": "Feature", "properties": {"name": "", "osm_id": 778874004, "origin": "OBSERVED", "highway": "primary_link"}, "geometry": {"type": "LineString", "coordinates": [[128.65624, 36.482717], [128.65627, 36.4832]]}}, {"type": "Feature", "properties": {"name": "경북대로", "osm_id": 778874005, "origin": "OBSERVED", "highway": "primary"}, "geometry": {"type": "LineString", "coordinates": [[128.655861, 36.483719], [128.655947, 36.483132], [128.656084, 36.482763], [128.656119, 36.482668], [128.65625, 36.482359], [128.656526, 36.481912], [128.656768, 36.481538]]}}, {"type": "Feature", "properties": {"name": "경북대로", "osm_id": 778874006, "origin": "OBSERVED", "highway": "primary"}, "geometry": {"type": "LineString", "coordinates": [[128.655832, 36.484112], [128.655861, 36.483719]]}}, {"type": "Feature", "properties": {"name": "경북대로", "osm_id": 778874007, "origin": "OBSERVED", "highway": "primary"}, "geometry": {"type": "LineString", "coordinates": [[128.655983, 36.485126], [128.655827, 36.484448], [128.655832, 36.484112]]}}, {"type": "Feature", "properties": {"name": "", "osm_id": 778874008, "origin": "OBSERVED", "highway": "primary"}, "geometry": {"type": "LineString", "coordinates": [[128.656046, 36.485402], [128.655983, 36.485126]]}}, {"type": "Feature", "properties": {"name": "경북대로", "osm_id": 778874009, "origin": "OBSERVED", "highway": "primary"}, "geometry": {"type": "LineString", "coordinates": [[128.666888, 36.497706], [128.666709, 36.497516], [128.665919, 36.496855], [128.665151, 36.496348], [128.665025, 36.496265], [128.663333, 36.495232], [128.66211, 36.494486], [128.66047, 36.493475], [128.659473, 36.492529], [128.658842, 36.491854], [128.658207, 36.491083], [128.657828, 36.490452], [128.657457, 36.489528], [128.657245, 36.488935], [128.656273, 36.486032], [128.656046, 36.485402]]}}, {"type": "Feature", "properties": {"name": "", "osm_id": 778874010, "origin": "OBSERVED", "highway": "primary"}, "geometry": {"type": "LineString", "coordinates": [[128.667801, 36.499724], [128.667478, 36.498732], [128.666888, 36.497706]]}}, {"type": "Feature", "properties": {"name": "경북대로", "osm_id": 778874011, "origin": "OBSERVED", "highway": "primary"}, "geometry": {"type": "LineString", "coordinates": [[128.669609, 36.504779], [128.669344, 36.504491], [128.668961, 36.503732], [128.668559, 36.502527], [128.668298, 36.50167], [128.668036, 36.500547], [128.667801, 36.499724]]}}, {"type": "Feature", "properties": {"name": "", "osm_id": 778874012, "origin": "OBSERVED", "highway": "primary"}, "geometry": {"type": "LineString", "coordinates": [[128.669716, 36.504908], [128.669609, 36.504779]]}}, {"type": "Feature", "properties": {"name": "", "osm_id": 778874013, "origin": "OBSERVED", "highway": "primary_link"}, "geometry": {"type": "LineString", "coordinates": [[128.67028, 36.50547], [128.66996, 36.50525], [128.6697, 36.50508], [128.66955, 36.50493]]}}, {"type": "Feature", "properties": {"name": "경북대로", "osm_id": 778874014, "origin": "OBSERVED", "highway": "primary"}, "geometry": {"type": "LineString", "coordinates": [[128.677883, 36.507473], [128.67742, 36.507309], [128.676623, 36.507059], [128.675174, 36.506874], [128.673076, 36.506642], [128.672302, 36.506472], [128.671635, 36.506203], [128.67085, 36.505839], [128.67028, 36.50547], [128.669716, 36.504908]]}}, {"type": "Feature", "properties": {"name": "", "osm_id": 778874015, "origin": "OBSERVED", "highway": "primary"}, "geometry": {"type": "LineString", "coordinates": [[128.680485, 36.510138], [128.680356, 36.509839], [128.680181, 36.509534], [128.680014, 36.509254], [128.679521, 36.508693], [128.679233, 36.508406], [128.67896, 36.508162], [128.678618, 36.507894], [128.678315, 36.507693], [128.677883, 36.507473]]}}, {"type": "Feature", "properties": {"name": "", "osm_id": 778874016, "origin": "OBSERVED", "highway": "primary_link"}, "geometry": {"type": "LineString", "coordinates": [[128.680957, 36.510909], [128.680893, 36.511955]]}}, {"type": "Feature", "properties": {"name": "경북대로", "osm_id": 778874017, "origin": "OBSERVED", "highway": "primary"}, "geometry": {"type": "LineString", "coordinates": [[128.690163, 36.525002], [128.688576, 36.524225], [128.68809, 36.523991]]}}, {"type": "Feature", "properties": {"name": "", "osm_id": 778874018, "origin": "OBSERVED", "highway": "primary_link"}, "geometry": {"type": "LineString", "coordinates": [[128.680775, 36.516511], [128.680818, 36.515552]]}}, {"type": "Feature", "properties": {"name": "", "osm_id": 778874019, "origin": "OBSERVED", "highway": "residential"}, "geometry": {"type": "LineString", "coordinates": [[128.681197, 36.515349], [128.681398, 36.515293], [128.681492, 36.51535], [128.68164, 36.51544], [128.68264, 36.51478], [128.682783, 36.514619], [128.683216, 36.514438], [128.683677, 36.51439], [128.684077, 36.514395], [128.685004, 36.514441], [128.685369, 36.514345], [128.68566, 36.51433], [128.686007, 36.514119], [128.686271, 36.514043], [128.686774, 36.514026], [128.687228, 36.513921], [128.687904, 36.513744], [128.68846, 36.51355], [128.68885, 36.513394], [128.689065, 36.513272], [128.689344, 36.51298], [128.689664, 36.5127], [128.690024, 36.51249], [128.690284, 36.51229], [128.690799, 36.512091]]}}, {"type": "Feature", "properties": {"name": "", "osm_id": 778874020, "origin": "OBSERVED", "highway": "residential"}, "geometry": {"type": "LineString", "coordinates": [[128.680923, 36.515408], [128.681197, 36.515349]]}}, {"type": "Feature", "properties": {"name": "", "osm_id": 778874021, "origin": "OBSERVED", "highway": "primary_link"}, "geometry": {"type": "LineString", "coordinates": [[128.680809, 36.515425], [128.680923, 36.514194]]}}, {"type": "Feature", "properties": {"name": "경북대로", "osm_id": 778874022, "origin": "OBSERVED", "highway": "primary"}, "geometry": {"type": "LineString", "coordinates": [[128.680765, 36.516582], [128.680775, 36.516511], [128.68088, 36.516288], [128.68099, 36.515629], [128.680975, 36.515251], [128.680923, 36.514194], [128.680771, 36.511511], [128.680755, 36.511161], [128.680672, 36.510818], [128.680577, 36.510433], [128.680485, 36.510138]]}}, {"type": "Feature", "properties": {"name": "", "osm_id": 778874023, "origin": "OBSERVED", "highway": "primary"}, "geometry": {"type": "LineString", "coordinates": [[128.680705, 36.516841], [128.680765, 36.516582]]}}, {"type": "Feature", "properties": {"name": "", "osm_id": 778874024, "origin": "OBSERVED", "highway": "residential"}, "geometry": {"type": "LineString", "coordinates": [[128.68035, 36.518297], [128.680264, 36.518307]]}}, {"type": "Feature", "properties": {"name": "", "osm_id": 778874025, "origin": "OBSERVED", "highway": "residential"}, "geometry": {"type": "LineString", "coordinates": [[128.680682, 36.518325], [128.68035, 36.518297]]}}, {"type": "Feature", "properties": {"name": "경북대로", "osm_id": 778874026, "origin": "OBSERVED", "highway": "primary"}, "geometry": {"type": "LineString", "coordinates": [[128.680751, 36.519522], [128.680613, 36.519202], [128.680496, 36.518896], [128.680431, 36.518468], [128.680433, 36.518061], [128.680467, 36.517679], [128.680589, 36.517099], [128.680705, 36.516841]]}}, {"type": "Feature", "properties": {"name": "", "osm_id": 778874027, "origin": "OBSERVED", "highway": "primary"}, "geometry": {"type": "LineString", "coordinates": [[128.682814, 36.52139], [128.682272, 36.521113], [128.681826, 36.52081], [128.681487, 36.520523], [128.6812, 36.520216], [128.680939, 36.519867], [128.680751, 36.519522]]}}, {"type": "Feature", "properties": {"name": "", "osm_id": 778874028, "origin": "OBSERVED", "highway": "primary_link"}, "geometry": {"type": "LineString", "coordinates": [[128.688576, 36.524225], [128.688324, 36.524308], [128.688064, 36.5244], [128.68777, 36.524487], [128.687419, 36.52448]]}}, {"type": "Feature", "properties": {"name": "경북대로", "osm_id": 778874029, "origin": "OBSERVED", "highway": "primary"}, "geometry": {"type": "LineString", "coordinates": [[128.686249, 36.523089], [128.683433, 36.521682], [128.682814, 36.52139]]}}, {"type": "Feature", "properties": {"name": "", "osm_id": 778874030, "origin": "OBSERVED", "highway": "primary"}, "geometry": {"type": "LineString", "coordinates": [[128.68809, 36.523991], [128.686249, 36.523089]]}}, {"type": "Feature", "properties": {"name": "", "osm_id": 778874032, "origin": "OBSERVED", "highway": "tertiary"}, "geometry": {"type": "LineString", "coordinates": [[128.64382, 36.481799], [128.643712, 36.481838], [128.643638, 36.481865], [128.643528, 36.481884], [128.643431, 36.481879], [128.64334, 36.48186], [128.643191, 36.48182], [128.642981, 36.481713], [128.642772, 36.481614], [128.64251, 36.4815], [128.64204, 36.48145], [128.64166, 36.48145], [128.64134, 36.48145], [128.64114, 36.48145], [128.64097, 36.48152], [128.64082, 36.4816], [128.64071, 36.48169], [128.64054, 36.4818], [128.64045, 36.48192], [128.64035, 36.48208], [128.64024, 36.48231], [128.64013, 36.48257], [128.64007, 36.48285], [128.63996, 36.48308], [128.63986, 36.48332], [128.63977, 36.48349], [128.639527, 36.484161], [128.63929, 36.48463]]}}, {"type": "Feature", "properties": {"name": "", "osm_id": 778874033, "origin": "OBSERVED", "highway": "tertiary"}, "geometry": {"type": "LineString", "coordinates": [[128.648288, 36.479273], [128.647958, 36.479737]]}}, {"type": "Feature", "properties": {"name": "무릉길", "osm_id": 839268388, "origin": "OBSERVED", "highway": "residential"}, "geometry": {"type": "LineString", "coordinates": [[128.690653, 36.522771], [128.691264, 36.522489]]}}, {"type": "Feature", "properties": {"name": "중앙통길", "osm_id": 839268389, "origin": "OBSERVED", "highway": "residential"}, "geometry": {"type": "LineString", "coordinates": [[128.65702, 36.47369], [128.65715, 36.47362], [128.657328, 36.473528], [128.657423, 36.473475], [128.65762, 36.473367], [128.657765, 36.473309], [128.657907, 36.473273], [128.657971, 36.473256], [128.658121, 36.473104], [128.658204, 36.473064], [128.658259, 36.473048], [128.658328, 36.473044]]}}, {"type": "Feature", "properties": {"name": "", "osm_id": 839268390, "origin": "OBSERVED", "highway": "residential"}, "geometry": {"type": "LineString", "coordinates": [[128.65496, 36.46789], [128.65509, 36.46787], [128.655178, 36.467838], [128.655237, 36.467758], [128.655466, 36.467379], [128.6555, 36.46701], [128.655512, 36.466485], [128.655528, 36.466255], [128.65556, 36.46581], [128.65556, 36.465396], [128.655571, 36.464818], [128.6556, 36.46448], [128.6556, 36.46435]]}}, {"type": "Feature", "properties": {"name": "원골2길", "osm_id": 839268391, "origin": "OBSERVED", "highway": "residential"}, "geometry": {"type": "LineString", "coordinates": [[128.6556, 36.46435], [128.655618, 36.464172], [128.655647, 36.464012], [128.655658, 36.463953], [128.655768, 36.463686], [128.655912, 36.463303], [128.656153, 36.4626], [128.6562, 36.46253], [128.656238, 36.462383], [128.656261, 36.462194], [128.65631, 36.4618], [128.65631, 36.46176], [128.65635, 36.4616], [128.65644, 36.46113], [128.65644, 36.46098], [128.656354, 36.460737], [128.65644, 36.46053], [128.6564, 36.460293], [128.656409, 36.460178], [128.6565, 36.45993], [128.65656, 36.459846], [128.656682, 36.459747], [128.656736, 36.459596], [128.656731, 36.459464], [128.656753, 36.459356], [128.65689, 36.45914], [128.657123, 36.458993]]}}, {"type": "Feature", "properties": {"name": "중앙통길", "osm_id": 839268392, "origin": "OBSERVED", "highway": "residential"}, "geometry": {"type": "LineString", "coordinates": [[128.660971, 36.475371], [128.66087, 36.475341], [128.66056, 36.47527], [128.659757, 36.474974], [128.659643, 36.474934], [128.65882, 36.47461], [128.65809, 36.47433], [128.6574, 36.47401], [128.65724, 36.47392], [128.657135, 36.473831], [128.657066, 36.473761], [128.657036, 36.473723], [128.65702, 36.47369], [128.656963, 36.473601], [128.6569, 36.473473]]}}, {"type": "Feature", "properties": {"name": "", "osm_id": 887717537, "origin": "OBSERVED", "highway": "service"}, "geometry": {"type": "LineString", "coordinates": [[128.686538, 36.519917], [128.686715, 36.519531], [128.68685, 36.519503], [128.687849, 36.51984], [128.688049, 36.519907], [128.688135, 36.519748], [128.687938, 36.519686], [128.687849, 36.51984]]}}, {"type": "Feature", "properties": {"name": "풍일로", "osm_id": 913742280, "origin": "OBSERVED", "highway": "primary"}, "geometry": {"type": "LineString", "coordinates": [[128.630649, 36.480721], [128.630416, 36.480701], [128.630174, 36.480635], [128.629893, 36.480533], [128.629726, 36.480438], [128.629619, 36.480361], [128.629477, 36.480257], [128.629122, 36.47992], [128.628753, 36.479521], [128.628376, 36.479136], [128.628036, 36.478754], [128.627633, 36.478345], [128.627264, 36.478087], [128.626876, 36.477811], [128.626809, 36.477751]]}}, {"type": "Feature", "properties": {"name": "풍일로", "osm_id": 913742281, "origin": "OBSERVED", "highway": "primary"}, "geometry": {"type": "LineString", "coordinates": [[128.631471, 36.480729], [128.630649, 36.480721]]}}, {"type": "Feature", "properties": {"name": "", "osm_id": 913742283, "origin": "OBSERVED", "highway": "primary_link"}, "geometry": {"type": "LineString", "coordinates": [[128.630174, 36.480635], [128.629907, 36.48058], [128.629829, 36.480592], [128.629766, 36.480636], [128.629744, 36.480709], [128.629755, 36.480804]]}}, {"type": "Feature", "properties": {"name": "풍일로", "osm_id": 913742284, "origin": "OBSERVED", "highway": "primary"}, "geometry": {"type": "LineString", "coordinates": [[128.631324, 36.480571], [128.632116, 36.480649], [128.634343, 36.480855], [128.634521, 36.480872], [128.63682, 36.4811], [128.637732, 36.481112], [128.638631, 36.481013], [128.638739, 36.481001], [128.63946, 36.480859], [128.639522, 36.480847], [128.640014, 36.480712], [128.640693, 36.480525], [128.641398, 36.480374], [128.642621, 36.480218], [128.64427, 36.480097], [128.646097, 36.479958], [128.646975, 36.479807], [128.647357, 36.479708], [128.647942, 36.47949], [128.648411, 36.479287], [128.649042, 36.478969], [128.649554, 36.478736], [128.650054, 36.478511], [128.65068, 36.47832], [128.651292, 36.478188], [128.651957, 36.478098], [128.652809, 36.478059], [128.653075, 36.478078], [128.653683, 36.478121]]}}, {"type": "Feature", "properties": {"name": "풍일로", "osm_id": 913742285, "origin": "OBSERVED", "highway": "primary"}, "geometry": {"type": "LineString", "coordinates": [[128.629946, 36.480265], [128.630492, 36.480447], [128.630894, 36.480518], [128.631324, 36.480571]]}}, {"type": "Feature", "properties": {"name": "", "osm_id": 913742286, "origin": "OBSERVED", "highway": "primary_link"}, "geometry": {"type": "LineString", "coordinates": [[128.628271, 36.478833], [128.628787, 36.479278], [128.629147, 36.479576], [128.62946, 36.479823], [128.629748, 36.480004], [128.630017, 36.480128], [128.630233, 36.480209]]}}, {"type": "Feature", "properties": {"name": "", "osm_id": 913742287, "origin": "OBSERVED", "highway": "service"}, "geometry": {"type": "LineString", "coordinates": [[128.627093, 36.477654], [128.627249, 36.477818], [128.627682, 36.478142], [128.628194, 36.478558], [128.628753, 36.479096], [128.629307, 36.479493], [128.62976, 36.479832], [128.630107, 36.480075], [128.630233, 36.480209], [128.630411, 36.480358], [128.630685, 36.480626], [128.631006, 36.480987], [128.631087, 36.481069], [128.631101, 36.481129], [128.631045, 36.481259], [128.630799, 36.48163], [128.630692, 36.481789]]}}, {"type": "Feature", "properties": {"name": "", "osm_id": 913742288, "origin": "OBSERVED", "highway": "primary_link"}, "geometry": {"type": "LineString", "coordinates": [[128.638631, 36.481013], [128.638848, 36.480944], [128.638949, 36.480897], [128.638975, 36.480843], [128.638967, 36.480792], [128.638921, 36.480752], [128.638855, 36.480725], [128.638756, 36.480719]]}}, {"type": "Feature", "properties": {"name": "", "osm_id": 913742289, "origin": "OBSERVED", "highway": "residential"}, "geometry": {"type": "LineString", "coordinates": [[128.638756, 36.480719], [128.638321, 36.48075], [128.638154, 36.480749], [128.638069, 36.480731], [128.638027, 36.480662], [128.63794, 36.480295], [128.637947, 36.480213], [128.637988, 36.480164], [128.638059, 36.480133], [128.639598, 36.479925], [128.639758, 36.479911], [128.639859, 36.479952], [128.639897, 36.480004], [128.639926, 36.480119]]}}, {"type": "Feature", "properties": {"name": "", "osm_id": 913742290, "origin": "OBSERVED", "highway": "primary_link"}, "geometry": {"type": "LineString", "coordinates": [[128.638756, 36.480719], [128.638936, 36.480704], [128.639032, 36.480727], [128.639132, 36.480795], [128.639236, 36.48084], [128.639312, 36.48085], [128.63946, 36.480859]]}}, {"type": "Feature", "properties": {"name": "", "osm_id": 913742291, "origin": "OBSERVED", "highway": "primary_link"}, "geometry": {"type": "LineString", "coordinates": [[128.640014, 36.480712], [128.640164, 36.480617], [128.640286, 36.48054], [128.64068, 36.480423], [128.640939, 36.480369], [128.641193, 36.480369], [128.641398, 36.480374]]}}, {"type": "Feature", "properties": {"name": "", "osm_id": 913742292, "origin": "OBSERVED", "highway": "primary_link"}, "geometry": {"type": "LineString", "coordinates": [[128.642966, 36.480282], [128.642644, 36.480387], [128.642231, 36.480431], [128.641696, 36.480483], [128.641276, 36.480481]]}}, {"type": "Feature", "properties": {"name": "", "osm_id": 913742293, "origin": "OBSERVED", "highway": "primary_link"}, "geometry": {"type": "LineString", "coordinates": [[128.649371, 36.478678], [128.649596, 36.478641], [128.649808, 36.478586], [128.650054, 36.478511]]}}, {"type": "Feature", "properties": {"name": "", "osm_id": 913742294, "origin": "OBSERVED", "highway": "primary_link"}, "geometry": {"type": "LineString", "coordinates": [[128.6596, 36.478043], [128.659291, 36.478364]]}}, {"type": "Feature", "properties": {"name": "", "osm_id": 913742295, "origin": "OBSERVED", "highway": "primary_link"}, "geometry": {"type": "LineString", "coordinates": [[128.654206, 36.478236], [128.653886, 36.478278], [128.653728, 36.47833], [128.65355, 36.478408]]}}, {"type": "Feature", "properties": {"name": "", "osm_id": 913742296, "origin": "OBSERVED", "highway": "primary_link"}, "geometry": {"type": "LineString", "coordinates": [[128.65355, 36.478408], [128.653537, 36.478346], [128.653505, 36.478295], [128.653407, 36.478249], [128.653217, 36.478187]]}}, {"type": "Feature", "properties": {"name": "", "osm_id": 913742297, "origin": "OBSERVED", "highway": "primary_link"}, "geometry": {"type": "LineString", "coordinates": [[128.653075, 36.478078], [128.653431, 36.478044], [128.653566, 36.478012], [128.653638, 36.477957], [128.653689, 36.477876]]}}, {"type": "Feature", "properties": {"name": "", "osm_id": 913742298, "origin": "OBSERVED", "highway": "primary_link"}, "geometry": {"type": "LineString", "coordinates": [[128.653689, 36.477876], [128.65377, 36.477964], [128.653851, 36.478043], [128.653983, 36.478085], [128.654204, 36.478144]]}}, {"type": "Feature", "properties": {"name": "", "osm_id": 913742299, "origin": "OBSERVED", "highway": "tertiary"}, "geometry": {"type": "LineString", "coordinates": [[128.653689, 36.477876], [128.653664, 36.477807], [128.653596, 36.477727], [128.653195, 36.477569], [128.652779, 36.477458], [128.652416, 36.477391], [128.652197, 36.47735], [128.651982, 36.477361], [128.65163, 36.477418], [128.65119, 36.477494], [128.650871, 36.477612], [128.650571, 36.477751], [128.650277, 36.477951], [128.649371, 36.478678], [128.648947, 36.478783], [128.648719, 36.478874], [128.648569, 36.478967], [128.648441, 36.479076], [128.648288, 36.479273]]}}, {"type": "Feature", "properties": {"name": "풍일로", "osm_id": 913742300, "origin": "OBSERVED", "highway": "primary"}, "geometry": {"type": "LineString", "coordinates": [[128.653683, 36.478121], [128.654204, 36.478144], [128.654626, 36.478162], [128.655824, 36.478211], [128.656606, 36.478263], [128.657354, 36.478294], [128.657734, 36.478301]]}}, {"type": "Feature", "properties": {"name": "", "osm_id": 913742301, "origin": "OBSERVED", "highway": "unclassified"}, "geometry": {"type": "LineString", "coordinates": [[128.653683, 36.478121], [128.6537, 36.477905], [128.653689, 36.477876]]}}, {"type": "Feature", "properties": {"name": "", "osm_id": 913742302, "origin": "OBSERVED", "highway": "unclassified"}, "geometry": {"type": "LineString", "coordinates": [[128.653676, 36.47821], [128.653683, 36.478121]]}}, {"type": "Feature", "properties": {"name": "풍일로", "osm_id": 913742303, "origin": "OBSERVED", "highway": "primary"}, "geometry": {"type": "LineString", "coordinates": [[128.653676, 36.47821], [128.653217, 36.478187], [128.652632, 36.478157], [128.652192, 36.478166], [128.651681, 36.478209], [128.651148, 36.478302], [128.650475, 36.478475], [128.649939, 36.478677], [128.649457, 36.478884], [128.648236, 36.479468], [128.64793, 36.479592], [128.647416, 36.47977], [128.646987, 36.479882], [128.646096, 36.48004], [128.645903, 36.480057], [128.64541, 36.4801], [128.64488, 36.48014], [128.644209, 36.480183], [128.64355, 36.480241], [128.643518, 36.480244], [128.642966, 36.480282], [128.64271, 36.4803], [128.642252, 36.480331], [128.64178, 36.480389], [128.641413, 36.480446], [128.641276, 36.480481], [128.640868, 36.480583], [128.640331, 36.480711], [128.639871, 36.480829], [128.63917, 36.481015], [128.638397, 36.481145], [128.637826, 36.481191], [128.637403, 36.481202], [128.636999, 36.481191], [128.636569, 36.481164], [128.635922, 36.481102], [128.634952, 36.481001], [128.634189, 36.480935], [128.633464, 36.480867], [128.632305, 36.48077], [128.631471, 36.480729]]}}, {"type": "Feature", "properties": {"name": "", "osm_id": 1107935985, "origin": "OBSERVED", "highway": "track"}, "geometry": {"type": "LineString", "coordinates": [[128.786049, 36.465138], [128.785988, 36.464987], [128.785887, 36.46483], [128.785839, 36.464771], [128.785686, 36.464752], [128.785516, 36.464835], [128.785426, 36.464834], [128.785328, 36.464749], [128.785326, 36.464646], [128.785395, 36.464228], [128.785395, 36.464146], [128.785363, 36.464107], [128.785245, 36.464051], [128.785116, 36.464047], [128.784676, 36.464168], [128.784574, 36.464168], [128.784521, 36.464142], [128.784429, 36.464056], [128.78436, 36.464013], [128.784006, 36.463909], [128.78393, 36.46387], [128.783882, 36.463801], [128.783904, 36.46359], [128.783877, 36.46346], [128.783882, 36.463413], [128.78393, 36.463378], [128.784172, 36.463297], [128.784295, 36.46324], [128.784397, 36.46315], [128.784483, 36.463003], [128.784547, 36.462952], [128.784612, 36.462926], [128.784837, 36.462882], [128.78488, 36.462861], [128.784923, 36.462818], [128.785095, 36.462533], [128.785116, 36.462443], [128.785068, 36.462399], [128.784993, 36.462369], [128.784826, 36.462339], [128.784344, 36.462361], [128.784038, 36.462283], [128.783963, 36.46224], [128.783933, 36.462173], [128.783885, 36.461962], [128.783729, 36.461755], [128.783713, 36.461712], [128.783718, 36.461643], [128.783778, 36.461552], [128.784435, 36.461045], [128.784467, 36.460959], [128.784424, 36.460842], [128.78437, 36.460804], [128.784311, 36.460799], [128.784043, 36.460847], [128.783893, 36.460856], [128.783743, 36.46083], [128.783458, 36.460739], [128.783415, 36.460713], [128.783378, 36.460666], [128.783292, 36.460454], [128.783185, 36.460303], [128.783179, 36.460243], [128.783228, 36.460092], [128.783233, 36.460019], [128.783201, 36.459963], [128.783059, 36.459812], [128.783032, 36.45976], [128.783053, 36.459678], [128.783115, 36.459575], [128.783415, 36.459324], [128.78385, 36.459066], [128.784, 36.458953], [128.784065, 36.458889], [128.784086, 36.458846], [128.784075, 36.458811], [128.783979, 36.458751], [128.78356, 36.458608], [128.783405, 36.458518], [128.783013, 36.458117], [128.782852, 36.457923], [128.782788, 36.457793], [128.782793, 36.457638], [128.782847, 36.457474], [128.782997, 36.457155], [128.782992, 36.45712], [128.782943, 36.457064], [128.782858, 36.45706], [128.782568, 36.457228], [128.782487, 36.457293], [128.782466, 36.457336], [128.782482, 36.457478], [128.782439, 36.457603], [128.782353, 36.457703], [128.782219, 36.457811], [128.782176, 36.457897], [128.782225, 36.458155], [128.782203, 36.458294], [128.782144, 36.458354], [128.78194, 36.458483], [128.781897, 36.458535], [128.781812, 36.458703], [128.781715, 36.458777], [128.781189, 36.458846], [128.781082, 36.458833], [128.780985, 36.458777], [128.780749, 36.458591], [128.78047, 36.458285], [128.780363, 36.45822], [128.780261, 36.458199], [128.780207, 36.458216], [128.780148, 36.458285], [128.78009, 36.458626], [128.78002, 36.458751], [128.779939, 36.458794], [128.779735, 36.458859], [128.779687, 36.458893], [128.779489, 36.459143], [128.779381, 36.459238], [128.779306, 36.459264], [128.778657, 36.459234], [128.778507, 36.459238], [128.778346, 36.45929], [128.778174, 36.459424], [128.778099, 36.459514], [128.778078, 36.459695], [128.778051, 36.459738], [128.777911, 36.459833], [128.777777, 36.459958], [128.777622, 36.460174], [128.777515, 36.460454], [128.777337, 36.461075], [128.777177, 36.461399], [128.776989, 36.461705], [128.776849, 36.462016], [128.776785, 36.462119], [128.776737, 36.462141], [128.776619, 36.462141], [128.776415, 36.462111], [128.775986, 36.46208], [128.775578, 36.46208], [128.775245, 36.462098], [128.774982, 36.462085], [128.774795, 36.462055], [128.774612, 36.462055], [128.774462, 36.462085], [128.774317, 36.462132], [128.77413, 36.462236], [128.773969, 36.462356], [128.773835, 36.462499], [128.773561, 36.46296], [128.773357, 36.46321], [128.773282, 36.463279], [128.773132, 36.463378], [128.77288, 36.463448], [128.772794, 36.463504], [128.772767, 36.463538], [128.772595, 36.463918], [128.77259, 36.46399]]}}, {"type": "Feature", "properties": {"name": "", "osm_id": 1107935986, "origin": "OBSERVED", "highway": "track"}, "geometry": {"type": "LineString", "coordinates": [[128.797373, 36.462638], [128.797292, 36.462698], [128.797093, 36.463006], [128.796924, 36.463139], [128.796651, 36.463267], [128.796497, 36.46337], [128.796448, 36.463429], [128.796415, 36.463487], [128.796427, 36.463571], [128.796489, 36.463645], [128.796919, 36.463952], [128.796978, 36.464025], [128.796978, 36.464094], [128.796935, 36.46415], [128.796356, 36.464452], [128.796297, 36.464504], [128.796281, 36.464552], [128.796324, 36.464633], [128.796442, 36.464694], [128.796785, 36.464845], [128.79701, 36.464957], [128.797158, 36.465084], [128.79719, 36.46514], [128.797185, 36.465196], [128.797136, 36.465261], [128.796871, 36.465423], [128.796796, 36.465505], [128.796742, 36.465626], [128.796742, 36.465885], [128.796672, 36.466001], [128.796361, 36.46623], [128.79619, 36.466389], [128.795986, 36.466614], [128.795911, 36.46667], [128.795578, 36.466786], [128.795449, 36.466877], [128.795433, 36.466928], [128.795438, 36.466985], [128.795578, 36.467187], [128.795615, 36.467286], [128.795589, 36.467377], [128.795417, 36.467649], [128.795412, 36.467705], [128.795449, 36.467778], [128.795567, 36.467886], [128.795621, 36.467903], [128.795723, 36.467903], [128.7959, 36.467843], [128.796313, 36.467662], [128.796495, 36.467601], [128.796571, 36.467588], [128.796876, 36.467601], [128.796941, 36.46758], [128.797305, 36.467321], [128.797584, 36.467174], [128.797729, 36.467157], [128.798057, 36.467217], [128.79826, 36.467209], [128.798395, 36.467187], [128.798738, 36.467079], [128.798845, 36.467036], [128.799017, 36.466937], [128.799108, 36.466911], [128.799151, 36.466937], [128.799167, 36.466976], [128.799183, 36.467101], [128.799108, 36.467347], [128.799065, 36.467627], [128.79906, 36.468106], [128.798969, 36.468481], [128.798979, 36.468533], [128.799017, 36.468568], [128.79914, 36.468568], [128.799596, 36.468352], [128.799687, 36.468279], [128.799752, 36.468201], [128.799881, 36.467985], [128.799918, 36.467946], [128.800047, 36.467869], [128.80017, 36.46783], [128.800304, 36.467808], [128.800481, 36.467808], [128.800809, 36.467852], [128.801179, 36.467929], [128.801748, 36.46792], [128.801946, 36.467959], [128.802021, 36.468015], [128.802037, 36.46808], [128.801978, 36.468201], [128.80186, 36.468322], [128.801302, 36.468598], [128.800052, 36.469262], [128.799365, 36.46987], [128.799333, 36.469922], [128.799333, 36.469987], [128.799408, 36.470047], [128.799548, 36.470086], [128.800514, 36.470129], [128.80061, 36.470151], [128.800648, 36.470172], [128.800739, 36.470306], [128.800814, 36.470375], [128.801554, 36.470897], [128.801662, 36.470936], [128.801737, 36.470936], [128.801865, 36.470897], [128.802091, 36.470729], [128.802187, 36.470677], [128.802338, 36.470668], [128.802456, 36.470703], [128.802676, 36.470845], [128.802794, 36.470897], [128.802858, 36.470901], [128.803013, 36.470858], [128.803089, 36.470858], [128.803142, 36.470875], [128.803357, 36.471039], [128.803711, 36.471124]]}}, {"type": "Feature", "properties": {"name": "", "osm_id": 1171519309, "origin": "OBSERVED", "highway": "track"}, "geometry": {"type": "LineString", "coordinates": [[128.71074, 36.522284], [128.711743, 36.521771], [128.71248, 36.521218]]}}, {"type": "Feature", "properties": {"name": "", "osm_id": 1171519310, "origin": "OBSERVED", "highway": "track"}, "geometry": {"type": "LineString", "coordinates": [[128.706098, 36.523719], [128.706093, 36.523653], [128.704968, 36.523901], [128.704407, 36.524105], [128.703718, 36.524444], [128.70316, 36.524569], [128.702978, 36.524569], [128.702675, 36.524454], [128.702611, 36.524536]]}}, {"type": "Feature", "properties": {"name": "", "osm_id": 1171519311, "origin": "OBSERVED", "highway": "track"}, "geometry": {"type": "LineString", "coordinates": [[128.702312, 36.524693], [128.702117, 36.524353], [128.701685, 36.523993], [128.700854, 36.523481], [128.700709, 36.523351], [128.700656, 36.523326], [128.700511, 36.523304], [128.699899, 36.523347], [128.699631, 36.523351], [128.69917, 36.523274], [128.69877, 36.52323]]}}, {"type": "Feature", "properties": {"name": "", "osm_id": 1191107614, "origin": "OBSERVED", "highway": "path"}, "geometry": {"type": "LineString", "coordinates": [[128.792719, 36.46586], [128.792711, 36.466175], [128.79273, 36.466318], [128.792784, 36.466587], [128.792805, 36.466663], [128.792786, 36.466865], [128.792902, 36.467124], [128.792988, 36.467357], [128.793047, 36.46764], [128.793183, 36.467914], [128.79339, 36.46827], [128.793489, 36.468479], [128.793596, 36.468759], [128.793671, 36.468902], [128.793891, 36.46913], [128.794082, 36.469342], [128.794173, 36.469505], [128.794181, 36.469633], [128.7942, 36.469814], [128.794262, 36.46992], [128.79417, 36.47001], [128.794071, 36.470174], [128.793838, 36.470524], [128.793562, 36.470968], [128.793508, 36.471151], [128.793468, 36.471417], [128.793422, 36.471606], [128.79317, 36.471934], [128.792947, 36.472322], [128.792864, 36.472586], [128.792864, 36.472849], [128.792853, 36.473121], [128.792816, 36.473427], [128.79288, 36.473698]]}}, {"type": "Feature", "properties": {"name": "", "osm_id": 1191107615, "origin": "OBSERVED", "highway": "path"}, "geometry": {"type": "LineString", "coordinates": [[128.759751, 36.484238], [128.759941, 36.484144], [128.760254, 36.483904], [128.760463, 36.483688], [128.760594, 36.483581], [128.760804, 36.483481], [128.760932, 36.483423], [128.761104, 36.483305], [128.761233, 36.483145], [128.76149, 36.482914], [128.761726, 36.482787], [128.76234, 36.482716], [128.762689, 36.48267], [128.763062, 36.482679], [128.763234, 36.482653], [128.763362, 36.48252], [128.763711, 36.482323], [128.763821, 36.482312], [128.763928, 36.482218], [128.764044, 36.482196], [128.764395, 36.481836], [128.764972, 36.481476], [128.765154, 36.481422], [128.765897, 36.481137], [128.766415, 36.480986], [128.766629, 36.48096], [128.766812, 36.480889], [128.767115, 36.480883], [128.767257, 36.480835], [128.767394, 36.480857], [128.767552, 36.480723], [128.767839, 36.480596], [128.767917, 36.480466], [128.768048, 36.480354], [128.768341, 36.480013], [128.768515, 36.479673], [128.768614, 36.479522], [128.768703, 36.479304], [128.76885, 36.479192], [128.76892, 36.47914], [128.769113, 36.478978], [128.769408, 36.478927], [128.769666, 36.478832], [128.769928, 36.478683], [128.77002, 36.478614], [128.770245, 36.478241], [128.770328, 36.477848], [128.770317, 36.477602], [128.770326, 36.477333], [128.770299, 36.477199], [128.77032, 36.476822], [128.770435, 36.476623], [128.770492, 36.476295], [128.770843, 36.476224], [128.771184, 36.476088], [128.771465, 36.475946], [128.771978, 36.475797], [128.772289, 36.475791], [128.772681, 36.475715], [128.772857, 36.475694], [128.77297, 36.475592], [128.773034, 36.475532], [128.773005, 36.475331], [128.772989, 36.475118], [128.773139, 36.47485], [128.773303, 36.474324], [128.773453, 36.473947], [128.773582, 36.473569], [128.773641, 36.473379], [128.773882, 36.472922], [128.773987, 36.472724], [128.773984, 36.472385], [128.773901, 36.472042], [128.773938, 36.47185], [128.774008, 36.471673], [128.774121, 36.471563], [128.774156, 36.471434], [128.774271, 36.471294], [128.77466, 36.47116], [128.774896, 36.471013], [128.775113, 36.470936], [128.775274, 36.470644], [128.775347, 36.470509], [128.77554, 36.470379], [128.775647, 36.469997], [128.775773, 36.469493], [128.775918, 36.469158], [128.77602, 36.468876], [128.776146, 36.468707], [128.776218, 36.468694], [128.776366, 36.468612], [128.776661, 36.468556], [128.776913, 36.468412], [128.77716, 36.468382], [128.777364, 36.468028], [128.777551, 36.46781], [128.777771, 36.467558], [128.777935, 36.467525], [128.778098, 36.467556], [128.778565, 36.467495], [128.778807, 36.467538], [128.779265, 36.46753], [128.779544, 36.467549], [128.779917, 36.467476], [128.780209, 36.467381], [128.780572, 36.467297], [128.780786, 36.467103], [128.781057, 36.466967], [128.781491, 36.466538], [128.78172, 36.466369], [128.782012, 36.466115], [128.782192, 36.465901], [128.782253, 36.465705], [128.782344, 36.465245], [128.782328, 36.465053], [128.782398, 36.464814], [128.782677, 36.464754], [128.783074, 36.464767], [128.783396, 36.464777], [128.783777, 36.46487], [128.783989, 36.464952], [128.784182, 36.465194], [128.784501, 36.465532], [128.784657, 36.465606], [128.784989, 36.465895], [128.785316, 36.466153], [128.78552, 36.466386], [128.785771, 36.46654], [128.785908, 36.466628], [128.786067, 36.466654], [128.786239, 36.466547], [128.786416, 36.466389], [128.786451, 36.466311], [128.786566, 36.466231], [128.787068, 36.465992], [128.787666, 36.465752], [128.788012, 36.465506], [128.78832, 36.465325], [128.788554, 36.465304], [128.78897, 36.465183], [128.789661, 36.465291], [128.790214, 36.465351], [128.790568, 36.46539], [128.790922, 36.465524], [128.7914, 36.465584], [128.791684, 36.465575], [128.792, 36.465506], [128.792387, 36.465645], [128.792564, 36.465688], [128.792719, 36.46586], [128.792853, 36.465679], [128.793122, 36.465541], [128.793304, 36.465386], [128.793637, 36.465252], [128.793862, 36.465101], [128.793996, 36.464924], [128.794017, 36.46476], [128.794162, 36.464592], [128.794532, 36.464238], [128.794688, 36.463781], [128.795155, 36.463412], [128.795361, 36.463224], [128.79552, 36.463164], [128.795632, 36.463093], [128.795812, 36.463075], [128.795943, 36.463043], [128.796206, 36.463004], [128.796399, 36.462939], [128.796802, 36.462819], [128.796904, 36.462707], [128.797059, 36.462525], [128.797389, 36.462465], [128.79751, 36.462368], [128.797638, 36.462376], [128.797885, 36.462256], [128.797971, 36.462236], [128.798178, 36.462109], [128.798314, 36.461969], [128.798392, 36.461945], [128.798647, 36.461576], [128.79891, 36.461399], [128.799097, 36.461183], [128.799071, 36.460981], [128.799226, 36.460791], [128.799382, 36.460394], [128.799462, 36.460144], [128.799462, 36.460019], [128.799588, 36.459708], [128.799717, 36.459395], [128.799779, 36.459119], [128.799897, 36.458856], [128.799961, 36.458752], [128.800106, 36.458707], [128.800417, 36.458761], [128.800503, 36.45875], [128.800849, 36.458811], [128.801147, 36.458774], [128.801431, 36.458763], [128.80157, 36.458806], [128.801798, 36.458908], [128.801906, 36.458968], [128.802104, 36.459143], [128.80234, 36.459251], [128.802437, 36.459283], [128.802593, 36.459223], [128.802901, 36.459227], [128.803188, 36.45919], [128.803491, 36.459233], [128.804011, 36.459294], [128.804293, 36.45927], [128.804502, 36.45921], [128.804666, 36.459184], [128.804854, 36.459182], [128.805237, 36.459061], [128.805358, 36.458987], [128.805588, 36.458957], [128.806079, 36.458824], [128.806195, 36.458763], [128.806452, 36.458787], [128.806836, 36.458966], [128.807104, 36.459067], [128.807262, 36.459061], [128.807461, 36.459057], [128.807887, 36.459061], [128.808244, 36.458977], [128.808386, 36.458934], [128.808751, 36.458914], [128.80888, 36.458964], [128.809083, 36.45902], [128.809317, 36.459065], [128.80948, 36.459093], [128.809649, 36.459067], [128.809773, 36.458983], [128.810049, 36.458489], [128.810154, 36.458291], [128.810239, 36.458179], [128.810382, 36.458017], [128.810508, 36.457762], [128.810615, 36.457493], [128.810706, 36.457219], [128.810741, 36.456977], [128.810666, 36.456748], [128.810666, 36.45644], [128.810741, 36.456269], [128.810964, 36.456116], [128.811463, 36.455851], [128.811712, 36.4557], [128.812095, 36.455514], [128.812337, 36.455318], [128.812525, 36.455111], [128.812659, 36.454884], [128.812796, 36.454714], [128.812957, 36.454597], [128.813126, 36.454308], [128.813302, 36.454041], [128.81352, 36.454064], [128.813619, 36.454006], [128.813753, 36.454026], [128.813952, 36.453961], [128.814048, 36.453965], [128.814303, 36.453907], [128.814526, 36.453937], [128.814834, 36.453974], [128.815073, 36.453976], [128.815212, 36.453998], [128.815462, 36.453929], [128.815582, 36.453875], [128.815655, 36.453747], [128.815843, 36.45365], [128.81617, 36.453529], [128.816384, 36.453458], [128.816535, 36.453426], [128.816781, 36.453454], [128.816972, 36.453495], [128.817318, 36.453534], [128.817538, 36.453605], [128.817814, 36.453752], [128.818074, 36.453853], [128.818667, 36.454019], [128.818906, 36.454026], [128.81908, 36.454011], [128.819324, 36.453948], [128.819496, 36.453939], [128.819796, 36.453967], [128.820145, 36.453967], [128.820306, 36.453901], [128.820896, 36.453685], [128.821151, 36.453586], [128.821408, 36.45346], [128.821861, 36.45332], [128.822183, 36.453247], [128.822301, 36.453182], [128.822398, 36.453195], [128.822524, 36.453113], [128.822647, 36.453085], [128.822781, 36.452839], [128.822875, 36.452593], [128.822991, 36.452235], [128.82302, 36.45214], [128.823103, 36.452174], [128.823173, 36.452086], [128.823363, 36.452006], [128.823532, 36.45192], [128.823608, 36.451855], [128.823766, 36.451935], [128.824302, 36.451903], [128.82467, 36.451931], [128.824925, 36.451941], [128.825056, 36.451926], [128.825308, 36.451853], [128.825496, 36.451801], [128.825643, 36.451784], [128.825984, 36.451819], [128.826102, 36.451816], [128.826303, 36.451842], [128.826598, 36.45189], [128.826791, 36.451957], [128.827172, 36.451982], [128.827671, 36.451996], [128.827843, 36.452004], [128.828111, 36.452067], [128.828398, 36.452054], [128.828597, 36.452043], [128.828741, 36.45197], [128.82906, 36.451993], [128.829219, 36.452002], [128.829616, 36.451931], [128.829852, 36.451898], [128.830013, 36.451881], [128.830136, 36.451801], [128.830112, 36.451678], [128.830227, 36.451415], [128.830343, 36.451176], [128.830348, 36.451035], [128.830482, 36.45072], [128.830589, 36.450524], [128.830656, 36.450349], [128.830766, 36.450244], [128.830866, 36.449786], [128.830874, 36.449588], [128.830874, 36.449383], [128.830825, 36.449197], [128.830828, 36.448923], [128.830799, 36.448552], [128.830791, 36.448131], [128.830812, 36.447814], [128.830847, 36.447596], [128.831027, 36.447327], [128.831045, 36.447156], [128.830978, 36.446994], [128.83082, 36.446897], [128.830501, 36.44672], [128.830278, 36.44652], [128.830061, 36.446263], [128.829919, 36.446052], [128.829793, 36.44576], [128.829699, 36.44559], [128.829672, 36.445389], [128.829629, 36.445158], [128.829707, 36.444938], [128.829651, 36.444582], [128.829629, 36.44436], [128.829602, 36.444168], [128.829629, 36.443935], [128.829685, 36.443713], [128.82986, 36.443536], [128.830206, 36.443508], [128.830439, 36.443447], [128.830812, 36.443214], [128.83097, 36.443089], [128.831477, 36.442787], [128.831555, 36.442688], [128.831635, 36.442567], [128.831614, 36.442437], [128.831689, 36.442198], [128.83166, 36.441997], [128.831761, 36.441382], [128.831826, 36.441037], [128.831866, 36.440841], [128.831912, 36.440614], [128.83196, 36.440403], [128.831984, 36.439982], [128.831963, 36.439779], [128.831928, 36.43963], [128.831863, 36.439466], [128.831802, 36.439388], [128.831871, 36.43933], [128.831933, 36.439263], [128.832207, 36.439145], [128.83237, 36.438966], [128.83252, 36.438858], [128.832475, 36.438726], [128.832542, 36.438679], [128.832582, 36.438417], [128.832585, 36.438152], [128.832625, 36.437967], [128.832671, 36.437813], [128.832727, 36.437738], [128.832936, 36.437682], [128.833046, 36.437608], [128.833084, 36.437518], [128.833304, 36.437464], [128.833376, 36.437393], [128.833382, 36.43725], [128.833392, 36.437039], [128.833433, 36.436971]]}}, {"type": "Feature", "properties": {"name": "", "osm_id": 1191107616, "origin": "OBSERVED", "highway": "path"}, "geometry": {"type": "LineString", "coordinates": [[128.74298, 36.531619], [128.742976, 36.531736], [128.743042, 36.532028], [128.743096, 36.532209], [128.743188, 36.532358], [128.743202, 36.532533], [128.74318, 36.532645], [128.743139, 36.53284], [128.743156, 36.532981], [128.743047, 36.533154], [128.742927, 36.533327], [128.742861, 36.533417], [128.74275, 36.533514], [128.742778, 36.533569], [128.742724, 36.53375], [128.742719, 36.533952], [128.742732, 36.534073], [128.742829, 36.534121], [128.742935, 36.534221], [128.743, 36.534444], [128.742964, 36.534586], [128.742865, 36.534715], [128.742844, 36.534804], [128.74303, 36.534893], [128.743069, 36.534938], [128.74312, 36.53501], [128.743136, 36.535095], [128.743235, 36.535158], [128.743192, 36.535276], [128.743128, 36.53531], [128.743198, 36.535434], [128.743147, 36.535689], [128.743093, 36.535843], [128.742988, 36.536043], [128.742937, 36.536226]]}}, {"type": "Feature", "properties": {"name": "", "osm_id": 1191107617, "origin": "OBSERVED", "highway": "service"}, "geometry": {"type": "LineString", "coordinates": [[128.746174, 36.530922], [128.746178, 36.530835], [128.746157, 36.530638], [128.746127, 36.53023], [128.746054, 36.529396], [128.746009, 36.529293], [128.745956, 36.52926], [128.745853, 36.529274], [128.745514, 36.529359], [128.745418, 36.529351], [128.745208, 36.529247], [128.745113, 36.529215], [128.744996, 36.529202], [128.744836, 36.529237]]}}, {"type": "Feature", "properties": {"name": "", "osm_id": 1191107618, "origin": "OBSERVED", "highway": "path"}, "geometry": {"type": "LineString", "coordinates": [[128.747333, 36.48908], [128.747138, 36.489125], [128.747097, 36.489211], [128.747036, 36.489297], [128.747073, 36.489442], [128.747162, 36.489524], [128.747146, 36.489591], [128.747229, 36.489714], [128.747253, 36.489811], [128.747339, 36.489972], [128.747401, 36.490128], [128.747511, 36.490412], [128.74746, 36.490742], [128.74746, 36.49101], [128.747494, 36.491122], [128.747575, 36.491255], [128.747671, 36.491454], [128.747739, 36.491611], [128.747773, 36.491721], [128.74787, 36.491864], [128.747913, 36.491939], [128.74791, 36.492076], [128.747886, 36.492184], [128.747875, 36.492306], [128.747824, 36.492412], [128.747784, 36.492545], [128.747757, 36.492728], [128.747757, 36.492922], [128.74783, 36.493241], [128.747899, 36.493505], [128.747983, 36.493701], [128.747937, 36.493854], [128.747849, 36.493923], [128.747816, 36.494041], [128.747452, 36.494419], [128.747253, 36.494774], [128.747266, 36.495098], [128.747221, 36.495303], [128.74721, 36.495534], [128.747159, 36.495768], [128.747131, 36.495879], [128.747079, 36.495997], [128.747028, 36.496062], [128.746934, 36.49651], [128.746913, 36.496659], [128.746851, 36.496864], [128.746835, 36.497181], [128.746891, 36.497532], [128.746843, 36.497739], [128.746896, 36.497901], [128.747055, 36.498091], [128.747135, 36.498145], [128.747191, 36.498384], [128.747127, 36.498679], [128.747036, 36.498876], [128.746953, 36.499262], [128.746955, 36.499691], [128.74691, 36.4999], [128.746778, 36.500105], [128.746765, 36.500324], [128.746596, 36.50067], [128.746352, 36.50103], [128.746277, 36.501269], [128.746314, 36.501687], [128.74633, 36.502043], [128.746309, 36.502187], [128.746204, 36.502302], [128.746094, 36.502537], [128.746076, 36.502754], [128.74603, 36.503022], [128.745912, 36.503451], [128.745904, 36.503522], [128.745928, 36.503757], [128.745845, 36.503869], [128.745754, 36.504143], [128.745708, 36.504296], [128.745703, 36.504483], [128.745689, 36.504824], [128.745772, 36.504959], [128.745797, 36.504999], [128.745952, 36.505367], [128.746102, 36.505536], [128.746258, 36.505734], [128.746309, 36.505803], [128.746301, 36.505917], [128.746204, 36.505997], [128.745915, 36.506202], [128.745555, 36.50654], [128.745469, 36.506644], [128.745397, 36.506812], [128.745351, 36.506833], [128.745201, 36.507034], [128.745123, 36.50712], [128.745051, 36.507155], [128.744858, 36.507508], [128.744879, 36.507877], [128.744976, 36.508118], [128.745064, 36.508319], [128.745156, 36.508425], [128.74507, 36.508795], [128.744976, 36.50892], [128.744997, 36.509117], [128.745097, 36.509309], [128.745081, 36.509556], [128.745118, 36.510156], [128.745013, 36.510268], [128.74474, 36.510408], [128.744603, 36.510544], [128.744574, 36.5108], [128.744571, 36.511354], [128.744608, 36.51173], [128.744523, 36.512029], [128.744238, 36.512273], [128.744026, 36.512602], [128.743863, 36.512948], [128.743809, 36.513206], [128.743935, 36.513402], [128.744024, 36.513842], [128.744099, 36.513976], [128.744118, 36.514148], [128.744158, 36.514431], [128.744322, 36.514707], [128.74456, 36.514935], [128.744729, 36.51506], [128.744847, 36.515338], [128.745048, 36.515509], [128.745204, 36.515558], [128.745381, 36.5157], [128.745467, 36.51617], [128.745303, 36.516496], [128.745349, 36.516886], [128.745408, 36.51706], [128.745748, 36.517349], [128.745907, 36.517533], [128.745958, 36.517578], [128.746084, 36.518024], [128.746255, 36.518296], [128.746387, 36.51849], [128.746556, 36.518576], [128.746773, 36.518679], [128.746899, 36.518893], [128.746864, 36.518988], [128.747266, 36.519427], [128.747336, 36.519807], [128.74739, 36.520326], [128.747435, 36.520466], [128.747444, 36.520557], [128.747631, 36.520727], [128.747894, 36.521126], [128.748063, 36.521251], [128.748133, 36.521361], [128.748152, 36.521553], [128.748077, 36.521738], [128.748154, 36.522005], [128.74809, 36.522225], [128.748071, 36.522322], [128.748144, 36.522508], [128.748294, 36.522663], [128.748412, 36.523139], [128.748409, 36.523372], [128.748369, 36.523641], [128.748334, 36.523823], [128.748354, 36.523977]]}}, {"type": "Feature", "properties": {"name": "", "osm_id": 1191107619, "origin": "OBSERVED", "highway": "path"}, "geometry": {"type": "LineString", "coordinates": [[128.757963, 36.477762], [128.758159, 36.477873], [128.758556, 36.478119], [128.758684, 36.478232], [128.75876, 36.47836], [128.758853, 36.47865], [128.758993, 36.47893], [128.759163, 36.479154], [128.759311, 36.479295], [128.759506, 36.479428], [128.759684, 36.479511], [128.759812, 36.479526], [128.760073, 36.479499], [128.760116, 36.479509], [128.760151, 36.479562], [128.760134, 36.479754], [128.760039, 36.479997], [128.760054, 36.480173], [128.76017, 36.480464], [128.760385, 36.480771], [128.76054, 36.481042], [128.76061, 36.481259], [128.760585, 36.481396], [128.760418, 36.481703], [128.760379, 36.481843], [128.760388, 36.48197], [128.760457, 36.48229], [128.760473, 36.482543], [128.760459, 36.482969], [128.760412, 36.483277], [128.76034, 36.48348], [128.760196, 36.483751], [128.759944, 36.484081], [128.759751, 36.484238], [128.759516, 36.484303], [128.759356, 36.484455], [128.759209, 36.4846], [128.758959, 36.484592], [128.758825, 36.484557], [128.758358, 36.484588], [128.758144, 36.48455], [128.75783, 36.484537], [128.757636, 36.484654], [128.757464, 36.484671], [128.757296, 36.484767], [128.756983, 36.484876], [128.756728, 36.485039], [128.756547, 36.485168], [128.756394, 36.485256], [128.756303, 36.485342], [128.756215, 36.485399], [128.756054, 36.4854], [128.755925, 36.48537], [128.75578, 36.485291], [128.755533, 36.485231], [128.755308, 36.485221], [128.755058, 36.48512], [128.754873, 36.485085], [128.754409, 36.485051], [128.754055, 36.485076], [128.753811, 36.485091], [128.753738, 36.485134], [128.753571, 36.485179], [128.753449, 36.48531], [128.753339, 36.485411], [128.753215, 36.485447], [128.753095, 36.485568], [128.752744, 36.485685], [128.752497, 36.485808], [128.751931, 36.486073], [128.751574, 36.486191], [128.751325, 36.486254], [128.751154, 36.486216], [128.751003, 36.48628], [128.75074, 36.486307], [128.750505, 36.486375], [128.750454, 36.486428], [128.750338, 36.486498], [128.750277, 36.486555], [128.750224, 36.486634], [128.750173, 36.486778], [128.750058, 36.487242], [128.750009, 36.487279], [128.749889, 36.487422], [128.749766, 36.487589], [128.749695, 36.487708], [128.749639, 36.487802], [128.749451, 36.487893], [128.749115, 36.488065], [128.748908, 36.488101], [128.748635, 36.48826], [128.748517, 36.488416], [128.748307, 36.488584], [128.748028, 36.48872], [128.747845, 36.488851], [128.747658, 36.488993], [128.747419, 36.489074], [128.747333, 36.48908], [128.747287, 36.489056], [128.747151, 36.488999], [128.746983, 36.488881], [128.746688, 36.488498], [128.746277, 36.488158], [128.746189, 36.488011], [128.746053, 36.487645], [128.745858, 36.487356], [128.745566, 36.48704], [128.745079, 36.486661], [128.744982, 36.486547], [128.744717, 36.486165], [128.744589, 36.486036], [128.744497, 36.485974], [128.744326, 36.485891], [128.744118, 36.485711], [128.743688, 36.485685], [128.743198, 36.48546], [128.7428, 36.485259], [128.74261, 36.485056], [128.742435, 36.484991], [128.74232, 36.48492], [128.742204, 36.484742], [128.742028, 36.484465], [128.741761, 36.484213], [128.741496, 36.483927], [128.741373, 36.483835], [128.741163, 36.483794], [128.740899, 36.483764], [128.740694, 36.483712], [128.740497, 36.483693], [128.740404, 36.483633], [128.740253, 36.483581], [128.740108, 36.48352], [128.74, 36.483462], [128.739921, 36.4834], [128.739724, 36.483281], [128.739579, 36.483171], [128.739343, 36.483033], [128.739091, 36.482835], [128.738873, 36.482712], [128.738528, 36.48262], [128.738497, 36.482571], [128.738428, 36.482484], [128.738269, 36.48214], [128.738042, 36.481899], [128.737963, 36.48178], [128.737751, 36.48126], [128.737706, 36.481088], [128.737705, 36.480951], [128.737735, 36.480877], [128.737841, 36.480718], [128.737855, 36.480677], [128.737826, 36.480608], [128.737764, 36.480572], [128.737663, 36.480542], [128.737251, 36.480477], [128.737115, 36.480443], [128.736692, 36.480288], [128.736355, 36.480125], [128.736185, 36.480009], [128.735735, 36.479651], [128.735196, 36.479286], [128.734975, 36.479117], [128.734508, 36.478651], [128.734247, 36.478433], [128.734077, 36.478331], [128.7338, 36.478245], [128.733693, 36.47815], [128.733587, 36.477948], [128.733554, 36.47781], [128.733574, 36.477363], [128.733566, 36.476655], [128.733523, 36.476185], [128.733439, 36.475732], [128.733422, 36.475542], [128.733492, 36.475125], [128.733496, 36.474986], [128.733463, 36.474837], [128.733358, 36.474569], [128.733263, 36.474261], [128.733236, 36.474064], [128.73327, 36.473958], [128.733394, 36.473783], [128.73343, 36.473699], [128.733424, 36.473422], [128.733496, 36.473264], [128.733585, 36.473152], [128.733831, 36.472934], [128.734086, 36.472794], [128.734161, 36.472736], [128.7342, 36.472679], [128.734217, 36.472614], [128.734225, 36.472373], [128.734249, 36.472267], [128.734272, 36.472236], [128.734329, 36.472207], [128.734557, 36.472193], [128.734591, 36.472163], [128.734669, 36.471983], [128.73471, 36.47194], [128.734773, 36.471934], [128.734862, 36.471937]]}}, {"type": "Feature", "properties": {"name": "", "osm_id": 1209225974, "origin": "OBSERVED", "highway": "track"}, "geometry": {"type": "LineString", "coordinates": [[128.699564, 36.487202], [128.699405, 36.48729], [128.699242, 36.487363], [128.699156, 36.487443], [128.699266, 36.488109], [128.699365, 36.488222], [128.69965, 36.488318], [128.699783, 36.488403], [128.69987, 36.488647], [128.699915, 36.488778], [128.700028, 36.488909], [128.70024, 36.489008], [128.700606, 36.489026], [128.700612, 36.489151], [128.700612, 36.489291], [128.700668, 36.489475], [128.700907, 36.489545], [128.70107, 36.489539], [128.701358, 36.48961], [128.701498, 36.489806], [128.701716, 36.489843], [128.701959, 36.489847], [128.702196, 36.48986], [128.702298, 36.489972], [128.70324, 36.49032], [128.70335, 36.49044], [128.703363, 36.490494], [128.703415, 36.49072], [128.703632, 36.490764]]}}, {"type": "Feature", "properties": {"name": "", "osm_id": 1214937328, "origin": "OBSERVED", "highway": "service"}, "geometry": {"type": "LineString", "coordinates": [[128.672026, 36.5044], [128.672018, 36.504368], [128.671984, 36.504261], [128.671942, 36.504216], [128.671729, 36.504145], [128.671599, 36.504081], [128.67151, 36.504053], [128.671462, 36.504018], [128.671411, 36.503982]]}}, {"type": "Feature", "properties": {"name": "", "osm_id": 1214937329, "origin": "OBSERVED", "highway": "path"}, "geometry": {"type": "LineString", "coordinates": [[128.681013, 36.501838], [128.681012, 36.501865], [128.681007, 36.501942], [128.681015, 36.501984], [128.681156, 36.502062], [128.68128, 36.50209], [128.681415, 36.502094], [128.681485, 36.502113], [128.681556, 36.502136], [128.681651, 36.502175], [128.681695, 36.502184], [128.681747, 36.502243], [128.681789, 36.502274], [128.682203, 36.502389], [128.682362, 36.502443], [128.682498, 36.502472], [128.682607, 36.502515], [128.682723, 36.502535], [128.682832, 36.502593], [128.682891, 36.502638], [128.683022, 36.502664], [128.683072, 36.502701], [128.683126, 36.502758], [128.683176, 36.502783], [128.68328, 36.50291], [128.683345, 36.502934], [128.683425, 36.502991], [128.683485, 36.503085], [128.683491, 36.503153], [128.683739, 36.503307], [128.683893, 36.50341], [128.684058, 36.503529], [128.684171, 36.503583], [128.684235, 36.503597], [128.684276, 36.503621], [128.684405, 36.503764], [128.684411, 36.503807], [128.68445, 36.503842], [128.684517, 36.503888], [128.684551, 36.503939], [128.684593, 36.503965], [128.684708, 36.504009], [128.684744, 36.504027], [128.684779, 36.504062], [128.684931, 36.504448], [128.684957, 36.504559], [128.685024, 36.504683], [128.685084, 36.504879], [128.685109, 36.504939], [128.685143, 36.505161], [128.685221, 36.505449], [128.685233, 36.505457], [128.685286, 36.505536], [128.685274, 36.505665], [128.685253, 36.505719], [128.68524, 36.505738], [128.685311, 36.505943]]}}, {"type": "Feature", "properties": {"name": "", "osm_id": 1214937330, "origin": "OBSERVED", "highway": "path"}, "geometry": {"type": "LineString", "coordinates": [[128.688612, 36.499099], [128.688609, 36.4991], [128.688504, 36.499113], [128.688466, 36.49913], [128.688445, 36.499155], [128.688354, 36.499175], [128.688279, 36.499207], [128.688131, 36.499249], [128.687994, 36.499299], [128.687879, 36.499335], [128.687851, 36.499363], [128.687829, 36.499374], [128.687746, 36.499389], [128.687693, 36.499392], [128.687479, 36.499463], [128.687317, 36.499542], [128.687201, 36.499621], [128.687077, 36.499675], [128.687009, 36.499696], [128.686947, 36.499698], [128.686647, 36.499828], [128.686534, 36.499881], [128.686412, 36.499903], [128.68625, 36.499972], [128.686153, 36.499988], [128.686043, 36.499998], [128.685991, 36.499998], [128.685957, 36.500005], [128.685936, 36.500021], [128.685891, 36.50004], [128.685147, 36.500227], [128.684984, 36.500256], [128.684753, 36.500285], [128.684731, 36.500338], [128.684505, 36.500424], [128.684219, 36.500605], [128.683745, 36.500874], [128.683428, 36.501069], [128.683388, 36.501107], [128.683372, 36.501153], [128.683344, 36.501182], [128.683311, 36.501239], [128.683245, 36.50134]]}}, {"type": "Feature", "properties": {"name": "", "osm_id": 1214937331, "origin": "OBSERVED", "highway": "path"}, "geometry": {"type": "LineString", "coordinates": [[128.688003, 36.498285], [128.687996, 36.498131], [128.688032, 36.498068], [128.688097, 36.498052], [128.688155, 36.498027], [128.68818, 36.497997], [128.688223, 36.497967], [128.688268, 36.49792], [128.688316, 36.497878], [128.688356, 36.497857], [128.688408, 36.49782], [128.68849, 36.497795], [128.688536, 36.497789], [128.688575, 36.497754], [128.688638, 36.497686], [128.688726, 36.497634], [128.688782, 36.497621], [128.688827, 36.497604], [128.68889, 36.497594], [128.688978, 36.497565], [128.689071, 36.497514], [128.689242, 36.497499], [128.689318, 36.497488], [128.689476, 36.497409], [128.68954, 36.497403], [128.689705, 36.497371], [128.689876, 36.497313], [128.690057, 36.497278], [128.690163, 36.49722], [128.690469, 36.497064], [128.690714, 36.497016], [128.690872, 36.496943], [128.690915, 36.496938], [128.690963, 36.49692], [128.691119, 36.496882], [128.691237, 36.496892], [128.691486, 36.496904], [128.691678, 36.496907], [128.69192, 36.496899], [128.692161, 36.496908], [128.692241, 36.496915], [128.692356, 36.49691], [128.692933, 36.496759], [128.693204, 36.496668], [128.69335, 36.496612], [128.693422, 36.49658], [128.693491, 36.496568], [128.693536, 36.496554], [128.693584, 36.496575], [128.693611, 36.496596], [128.693649, 36.496587], [128.693734, 36.496601], [128.693835, 36.496629], [128.69388, 36.496623], [128.694001, 36.496653], [128.694143, 36.496704], [128.694262, 36.496715], [128.694323, 36.496724], [128.694424, 36.496721], [128.694494, 36.496701], [128.694543, 36.496692], [128.694617, 36.496733], [128.694661, 36.496746], [128.694689, 36.496741], [128.694745, 36.496744], [128.694767, 36.496757], [128.694774, 36.496792], [128.694813, 36.496812], [128.694903, 36.496961], [128.694897, 36.49701], [128.694905, 36.49705], [128.69495, 36.497087], [128.694995, 36.497101], [128.695162, 36.497418], [128.695222, 36.497502], [128.695316, 36.497596], [128.695391, 36.497654], [128.695454, 36.497738], [128.695491, 36.497829], [128.695532, 36.497867], [128.695546, 36.497913], [128.695664, 36.498103], [128.695716, 36.498232], [128.69579, 36.498342], [128.695925, 36.498395], [128.696014, 36.498412], [128.696236, 36.498466], [128.696348, 36.498475], [128.696423, 36.498495], [128.696473, 36.498514], [128.696514, 36.498545], [128.696524, 36.498575], [128.696569, 36.498601], [128.696648, 36.498619], [128.696689, 36.498658], [128.696847, 36.498683], [128.696913, 36.498709], [128.696955, 36.498742], [128.696981, 36.49875], [128.697004, 36.49872], [128.697046, 36.4987], [128.697069, 36.498699], [128.697138, 36.498722], [128.697172, 36.498724], [128.697217, 36.498716], [128.697336, 36.498757], [128.697404, 36.498742], [128.698239, 36.498731], [128.698535, 36.498744], [128.698633, 36.498756], [128.698753, 36.498752], [128.69891, 36.498736], [128.699049, 36.498716], [128.699104, 36.498717], [128.69919, 36.498745], [128.699308, 36.498734], [128.699456, 36.498707], [128.699631, 36.49866], [128.699728, 36.498695], [128.699799, 36.498738], [128.699885, 36.498728], [128.699979, 36.498752], [128.700077, 36.498788], [128.700161, 36.498828], [128.700277, 36.498899], [128.700348, 36.498981], [128.700381, 36.499036], [128.700377, 36.499147], [128.700405, 36.499178], [128.700456, 36.499202], [128.700515, 36.499263], [128.700593, 36.499367], [128.700705, 36.499456], [128.700792, 36.499494], [128.700879, 36.499541], [128.701155, 36.499711], [128.701231, 36.499733], [128.70127, 36.499765], [128.701308, 36.499818], [128.701337, 36.500102], [128.701413, 36.500209], [128.701416, 36.500315], [128.701373, 36.500346], [128.70137, 36.500381], [128.701389, 36.500428], [128.701437, 36.500484], [128.70148, 36.500716], [128.701521, 36.500829], [128.701495, 36.500882], [128.701457, 36.501001], [128.701424, 36.501021], [128.701348, 36.501047], [128.701208, 36.501152], [128.701171, 36.50117], [128.701093, 36.501186], [128.700978, 36.501285], [128.700803, 36.501369], [128.700724, 36.501453], [128.700698, 36.501488], [128.700693, 36.501517], [128.70069, 36.501608], [128.700666, 36.501646], [128.700055, 36.502303], [128.700016, 36.502374], [128.699729, 36.503373], [128.699721, 36.503441], [128.699689, 36.503497], [128.699688, 36.503549], [128.699743, 36.503717], [128.699742, 36.5038], [128.699766, 36.503992], [128.699802, 36.504016], [128.699816, 36.504528], [128.699922, 36.504773], [128.700013, 36.504875], [128.700065, 36.504919], [128.700117, 36.505039], [128.700233, 36.505265], [128.700314, 36.5054], [128.700391, 36.505457], [128.700428, 36.505489], [128.700428, 36.505571], [128.700416, 36.505616], [128.700474, 36.50563], [128.700506, 36.505679], [128.700542, 36.505721], [128.700513, 36.505767], [128.700607, 36.505885], [128.700749, 36.506046], [128.700787, 36.50613], [128.700809, 36.50621], [128.700813, 36.506417], [128.700836, 36.506455], [128.700846, 36.506496], [128.700814, 36.506528], [128.700829, 36.506696], [128.700867, 36.506767], [128.700895, 36.506865], [128.700887, 36.506995], [128.700946, 36.507188], [128.700915, 36.507527], [128.700875, 36.507631], [128.700811, 36.507708], [128.700759, 36.507846], [128.700694, 36.507874], [128.700532, 36.507914], [128.700208, 36.508092], [128.699944, 36.508203], [128.698861, 36.508469], [128.698791, 36.5085], [128.698735, 36.508546], [128.698266, 36.509117], [128.698267, 36.509188], [128.69825, 36.509244], [128.698186, 36.509298], [128.698117, 36.509328], [128.698058, 36.509378], [128.697397, 36.510264], [128.697123, 36.51079], [128.697112, 36.510873], [128.697056, 36.51095], [128.696948, 36.511071], [128.696892, 36.511105], [128.696847, 36.51112], [128.696833, 36.511157], [128.696822, 36.511233], [128.696732, 36.511308], [128.696717, 36.511358], [128.696709, 36.511429], [128.696663, 36.511485], [128.696584, 36.511558], [128.696537, 36.511636], [128.69654, 36.511708], [128.696459, 36.511891], [128.696396, 36.511963], [128.696328, 36.512011], [128.696253, 36.512021], [128.69615, 36.511986], [128.696083, 36.512024], [128.696055, 36.512101], [128.696093, 36.512166], [128.696072, 36.512284], [128.696036, 36.512359], [128.696015, 36.512519], [128.695676, 36.512801], [128.695527, 36.512887], [128.695372, 36.512904], [128.695298, 36.51296], [128.695308, 36.512999], [128.695151, 36.513097], [128.695057, 36.5131], [128.694942, 36.513112], [128.694899, 36.513143], [128.694846, 36.513171], [128.694772, 36.513191], [128.694793, 36.513311], [128.694747, 36.513346], [128.694671, 36.513363], [128.694618, 36.513436], [128.694559, 36.513446], [128.694498, 36.513479], [128.694406, 36.513486], [128.694374, 36.513543], [128.694093, 36.513872], [128.694035, 36.513911], [128.69398, 36.513926], [128.693922, 36.513934], [128.693739, 36.513988], [128.693559, 36.51403], [128.693153, 36.514176], [128.693071, 36.514213], [128.692926, 36.514267], [128.692803, 36.514307], [128.692565, 36.514302], [128.692461, 36.514323], [128.692421, 36.514351], [128.692396, 36.514387], [128.692231, 36.514531], [128.692226, 36.514565], [128.692203, 36.514604], [128.692103, 36.514612], [128.691911, 36.514772], [128.691686, 36.514846], [128.69165, 36.51488], [128.691589, 36.514907], [128.691571, 36.514986], [128.691484, 36.515155], [128.691437, 36.515201], [128.691352, 36.515222], [128.691322, 36.515245], [128.691209, 36.515294], [128.691074, 36.515334], [128.691016, 36.515428], [128.690837, 36.515489], [128.69076, 36.515506], [128.690661, 36.515537], [128.690422, 36.515569], [128.690332, 36.515576], [128.690234, 36.515569], [128.689574, 36.515397], [128.689513, 36.51537], [128.689442, 36.515377], [128.689287, 36.515353], [128.689237, 36.515324], [128.688952, 36.515274], [128.68888, 36.515285], [128.688821, 36.515282], [128.688765, 36.515259], [128.688687, 36.515238], [128.688611, 36.515239], [128.688569, 36.515235], [128.688534, 36.515222], [128.688489, 36.515183], [128.688168, 36.515064], [128.688113, 36.515053], [128.688072, 36.515027], [128.687977, 36.515058], [128.687884, 36.515081], [128.68778, 36.51508], [128.687671, 36.515115], [128.687533, 36.515138], [128.687449, 36.515172], [128.687367, 36.515183], [128.687307, 36.515165], [128.687257, 36.515158], [128.687212, 36.515145], [128.68716, 36.515164], [128.687015, 36.515178], [128.686904, 36.515195], [128.686827, 36.515189], [128.686792, 36.515213], [128.686738, 36.515196], [128.686681, 36.51521], [128.686641, 36.515214], [128.686519, 36.515212], [128.686471, 36.515223], [128.686428, 36.515242], [128.685874, 36.515369], [128.685804, 36.515364], [128.685746, 36.515351], [128.685666, 36.515372], [128.685616, 36.515379], [128.685585, 36.515397], [128.685497, 36.515405], [128.685391, 36.515483], [128.68532, 36.515529], [128.685256, 36.515553], [128.685246, 36.515595], [128.685213, 36.515617], [128.685172, 36.51562], [128.685026, 36.515594], [128.684951, 36.51557], [128.684885, 36.515534], [128.684774, 36.515506], [128.684722, 36.515528], [128.684513, 36.515533], [128.684489, 36.515511], [128.68437, 36.515502], [128.684282, 36.515562], [128.68415, 36.51558], [128.684017, 36.515627], [128.683962, 36.515688], [128.683921, 36.51571], [128.683865, 36.515725], [128.683749, 36.515734], [128.683653, 36.515772], [128.683582, 36.515804], [128.68352, 36.515812], [128.683465, 36.515825], [128.683428, 36.515854], [128.683367, 36.515858], [128.683295, 36.515878], [128.683234, 36.515936], [128.683221, 36.51596], [128.683116, 36.5161], [128.683064, 36.516188], [128.683058, 36.516227], [128.683026, 36.516324], [128.68298, 36.516363], [128.682909, 36.516509], [128.682862, 36.51656], [128.682839, 36.516612], [128.682811, 36.516704], [128.682761, 36.516777], [128.682724, 36.516822], [128.6827, 36.516865], [128.682698, 36.516935], [128.682712, 36.517013], [128.682697, 36.517096], [128.682661, 36.517207], [128.682657, 36.517211], [128.682639, 36.517308], [128.682469, 36.517664], [128.682445, 36.517747], [128.682365, 36.517826], [128.682295, 36.517912], [128.682246, 36.518008], [128.68223, 36.518069], [128.682235, 36.51812], [128.682255, 36.518207], [128.682264, 36.518265], [128.682292, 36.518304], [128.682319, 36.51833], [128.682323, 36.518362], [128.682317, 36.518412], [128.682253, 36.518509], [128.682204, 36.518538], [128.682174, 36.518576], [128.68213, 36.518661], [128.682085, 36.518693], [128.682066, 36.518696], [128.682022, 36.518706]]}}, {"type": "Feature", "properties": {"name": "", "osm_id": 1214937332, "origin": "OBSERVED", "highway": "path"}, "geometry": {"type": "LineString", "coordinates": [[128.685311, 36.505943], [128.685352, 36.505929], [128.685419, 36.505897], [128.68556, 36.505809], [128.68597, 36.505601], [128.686204, 36.505501], [128.686238, 36.505469], [128.686285, 36.505443], [128.686366, 36.505437], [128.686423, 36.505417], [128.686546, 36.505365], [128.686689, 36.505284], [128.6869, 36.50519], [128.686987, 36.50516], [128.68709, 36.505129], [128.687156, 36.505131], [128.687232, 36.505119], [128.687323, 36.505109], [128.687497, 36.50508], [128.68771, 36.505025], [128.687817, 36.505029], [128.687925, 36.505011], [128.687997, 36.504983], [128.688183, 36.504997], [128.688251, 36.504998], [128.688319, 36.50498], [128.688357, 36.504885], [128.688434, 36.504348], [128.688406, 36.50427], [128.688419, 36.504171], [128.688497, 36.50407], [128.688547, 36.503884], [128.688538, 36.503833], [128.68852, 36.503801], [128.68847, 36.503748], [128.688471, 36.503701], [128.688579, 36.503359], [128.688639, 36.503304], [128.688712, 36.503156], [128.6887, 36.503109], [128.688695, 36.503056], [128.688716, 36.502992], [128.688738, 36.502948], [128.688743, 36.502845], [128.688794, 36.502783], [128.688886, 36.502697], [128.688951, 36.502618], [128.689167, 36.50243], [128.689365, 36.50223], [128.689436, 36.502127], [128.689489, 36.502025], [128.689499, 36.502003], [128.689502, 36.501959], [128.68951, 36.501924], [128.689533, 36.501869], [128.689511, 36.5018], [128.689477, 36.501765], [128.689472, 36.501705], [128.689449, 36.501656], [128.689436, 36.50159], [128.689314, 36.501376], [128.689306, 36.501268], [128.689294, 36.501188], [128.68927, 36.501103], [128.689223, 36.501031], [128.689212, 36.500907], [128.689154, 36.500776], [128.689143, 36.500662], [128.689135, 36.500616], [128.689109, 36.50059], [128.689087, 36.500541], [128.689078, 36.500506], [128.689083, 36.500472], [128.689112, 36.500431], [128.689088, 36.500376], [128.689062, 36.500331], [128.689103, 36.50015], [128.689026, 36.49994], [128.688962, 36.499868], [128.688908, 36.499747], [128.688814, 36.499568], [128.68879, 36.499547], [128.688769, 36.499495], [128.688732, 36.499454], [128.688686, 36.499326], [128.688638, 36.499267], [128.68862, 36.499223], [128.688627, 36.499147], [128.688612, 36.499099]]}}, {"type": "Feature", "properties": {"name": "", "osm_id": 1214937333, "origin": "OBSERVED", "highway": "path"}, "geometry": {"type": "LineString", "coordinates": [[128.688612, 36.499099], [128.688574, 36.499065], [128.688534, 36.499041], [128.688482, 36.499021], [128.688457, 36.498995], [128.688423, 36.498972], [128.688404, 36.498938], [128.688408, 36.498911], [128.688387, 36.498871], [128.68831, 36.498816], [128.688204, 36.498713], [128.68815, 36.49864], [128.688103, 36.498636], [128.688005, 36.498588], [128.687995, 36.498509], [128.687974, 36.498441], [128.68797, 36.498364], [128.687985, 36.498343], [128.688004, 36.498297], [128.688003, 36.498285]]}}, {"type": "Feature", "properties": {"name": "", "osm_id": 1214937334, "origin": "OBSERVED", "highway": "path"}, "geometry": {"type": "LineString", "coordinates": [[128.681492, 36.51535], [128.681514, 36.515341], [128.681524, 36.515334], [128.681533, 36.515325], [128.681541, 36.515308], [128.681577, 36.515293], [128.681625, 36.515255], [128.681827, 36.514656], [128.681858, 36.514475], [128.682089, 36.514087], [128.682114, 36.514035], [128.682128, 36.513996], [128.682123, 36.513952], [128.682137, 36.513919], [128.682165, 36.513881], [128.682196, 36.513822], [128.682203, 36.513778], [128.68222, 36.513727], [128.68227, 36.513667], [128.682274, 36.513636], [128.682331, 36.513593], [128.682378, 36.513534], [128.682457, 36.513461], [128.68309, 36.512478], [128.683156, 36.512413], [128.683233, 36.51237], [128.683986, 36.511698], [128.684032, 36.511651], [128.684062, 36.511582], [128.684094, 36.511459], [128.684139, 36.511436], [128.684431, 36.510965], [128.68443, 36.510851], [128.684465, 36.510772], [128.684565, 36.510707], [128.684667, 36.510619], [128.68514, 36.509901], [128.68513, 36.50986], [128.68514, 36.509641], [128.685195, 36.509572], [128.68524, 36.509475], [128.685312, 36.509386], [128.685355, 36.509098], [128.685397, 36.509073], [128.68543, 36.509046], [128.685457, 36.509006], [128.685532, 36.507989], [128.685465, 36.507598], [128.685443, 36.507523], [128.685416, 36.507367], [128.685408, 36.507259], [128.685335, 36.507167], [128.685243, 36.506906], [128.685209, 36.506774], [128.685172, 36.506536], [128.685194, 36.506062], [128.685211, 36.505994], [128.685272, 36.505953], [128.685311, 36.505943]]}}, {"type": "Feature", "properties": {"name": "", "osm_id": 1214937335, "origin": "OBSERVED", "highway": "path"}, "geometry": {"type": "LineString", "coordinates": [[128.671411, 36.503982], [128.671504, 36.503855], [128.671555, 36.503535], [128.67154, 36.503367], [128.671504, 36.503208], [128.671486, 36.503084], [128.671497, 36.503028], [128.671567, 36.502991], [128.671594, 36.502967], [128.671618, 36.502923], [128.672253, 36.502368], [128.672735, 36.501382], [128.672787, 36.501325], [128.672807, 36.501288], [128.674431, 36.49984], [128.675111, 36.498798], [128.675129, 36.498753], [128.67523, 36.498716], [128.676347, 36.498433], [128.67641, 36.498404], [128.67645, 36.498374], [128.676468, 36.49835], [128.676512, 36.498328], [128.676552, 36.498314], [128.676585, 36.498294], [128.676623, 36.498316], [128.676644, 36.498338], [128.676695, 36.498342], [128.676728, 36.498357], [128.67676, 36.498403], [128.67678, 36.498414], [128.676835, 36.498409], [128.676966, 36.498379], [128.677042, 36.498367], [128.677164, 36.498356], [128.677211, 36.498338], [128.677343, 36.498328], [128.677551, 36.498292], [128.677637, 36.498255], [128.677732, 36.498235], [128.67776, 36.498211], [128.677783, 36.498224], [128.677833, 36.498222], [128.677842, 36.498189], [128.677945, 36.498163], [128.677996, 36.498132], [128.678047, 36.498138], [128.678074, 36.498119], [128.678117, 36.498128], [128.678153, 36.498143], [128.678209, 36.498129], [128.678231, 36.498113], [128.678288, 36.498089], [128.678408, 36.498089], [128.678466, 36.498077], [128.678525, 36.498029], [128.678584, 36.498003], [128.678629, 36.497971], [128.678662, 36.49794], [128.678742, 36.497905], [128.67893, 36.497679], [128.678998, 36.49759], [128.679085, 36.497452], [128.679116, 36.497333], [128.67911, 36.497273], [128.679168, 36.497215], [128.679199, 36.497127], [128.679256, 36.497079], [128.679322, 36.497003], [128.679497, 36.496662], [128.679645, 36.496344], [128.679642, 36.49631], [128.679645, 36.496281], [128.679627, 36.496241], [128.679639, 36.496116], [128.679656, 36.49609], [128.679708, 36.496071], [128.679745, 36.496051], [128.679801, 36.49603], [128.679896, 36.496046], [128.679945, 36.496051], [128.680046, 36.496041], [128.680239, 36.496008], [128.680388, 36.495997], [128.68053, 36.495961], [128.68084, 36.495915], [128.681088, 36.495864], [128.681419, 36.495847], [128.6818, 36.495808], [128.681926, 36.49581], [128.682003, 36.49577], [128.682114, 36.495737], [128.682205, 36.495739], [128.682298, 36.495749], [128.682423, 36.495721], [128.682494, 36.495741], [128.683455, 36.496086], [128.683518, 36.496102], [128.683588, 36.496135], [128.683746, 36.496193], [128.684006, 36.496371], [128.684053, 36.49645], [128.68406, 36.496519], [128.684079, 36.496537], [128.684161, 36.496632], [128.684314, 36.496771], [128.684342, 36.496816], [128.684387, 36.496846], [128.684497, 36.496944], [128.684954, 36.49727], [128.685122, 36.497324], [128.685214, 36.497341], [128.685271, 36.497367], [128.68569, 36.497504], [128.68608, 36.497713], [128.686579, 36.497901], [128.686801, 36.497992], [128.686955, 36.498067], [128.687033, 36.498087], [128.687141, 36.4981], [128.687209, 36.498139], [128.687289, 36.498161], [128.687362, 36.498159], [128.687526, 36.498185], [128.687806, 36.498204], [128.688003, 36.498285]]}}, {"type": "Feature", "properties": {"name": "", "osm_id": 1214937758, "origin": "OBSERVED", "highway": "path"}, "geometry": {"type": "LineString", "coordinates": [[128.790574, 36.483437], [128.790608, 36.483438], [128.790681, 36.483452], [128.790719, 36.483464], [128.790759, 36.483479], [128.790841, 36.48352], [128.790922, 36.483572], [128.790962, 36.483601], [128.791034, 36.483665], [128.791095, 36.483732], [128.791141, 36.483798], [128.791159, 36.483852], [128.791181, 36.483995], [128.791191, 36.48402], [128.791208, 36.484045], [128.791238, 36.484064], [128.791282, 36.484076], [128.791351, 36.48408], [128.791519, 36.484076], [128.791567, 36.48408], [128.791605, 36.484089], [128.791652, 36.484107], [128.791748, 36.48416], [128.791796, 36.484195], [128.791893, 36.484281], [128.792003, 36.484398], [128.792044, 36.48445], [128.792085, 36.484511], [128.792248, 36.484806], [128.792319, 36.484973], [128.792355, 36.485044], [128.792402, 36.485114], [128.792456, 36.485167], [128.79254, 36.485219], [128.792633, 36.48526], [128.792784, 36.485315], [128.792959, 36.485385], [128.793236, 36.485482], [128.793358, 36.48553], [128.793478, 36.48559], [128.793578, 36.485659], [128.793638, 36.485713], [128.793701, 36.485778], [128.79376, 36.485848], [128.793814, 36.485923], [128.793838, 36.485965], [128.793858, 36.486015], [128.793903, 36.486191], [128.793924, 36.486253], [128.793954, 36.486309], [128.793994, 36.486355], [128.794022, 36.486378], [128.794056, 36.486402], [128.794138, 36.486449], [128.794235, 36.486492], [128.794342, 36.486528], [128.794416, 36.486546], [128.794502, 36.486559], [128.794734, 36.486576], [128.794808, 36.486577], [128.794987, 36.486571], [128.795202, 36.486571], [128.795265, 36.486575], [128.79531, 36.486584], [128.795344, 36.486598], [128.795368, 36.486621], [128.795383, 36.486644], [128.795398, 36.486682], [128.795431, 36.486799], [128.795447, 36.48683], [128.795466, 36.486854], [128.795492, 36.486874], [128.795524, 36.486891], [128.795561, 36.486906], [128.795645, 36.486925], [128.795857, 36.486949], [128.795978, 36.486967], [128.796028, 36.486981], [128.796113, 36.48701], [128.796298, 36.487086], [128.796713, 36.487273], [128.796941, 36.487382], [128.79719, 36.487514], [128.797303, 36.487566], [128.797384, 36.487594], [128.797629, 36.487669], [128.797889, 36.487773], [128.798031, 36.487814], [128.798294, 36.487876], [128.79852, 36.487954], [128.798598, 36.487974], [128.798641, 36.48798], [128.798692, 36.487976], [128.798725, 36.487963], [128.798751, 36.487938], [128.798777, 36.487899], [128.798804, 36.487837], [128.798816, 36.487775], [128.798813, 36.487739], [128.798778, 36.487632], [128.798777, 36.487599], [128.798792, 36.48754], [128.798812, 36.487497], [128.798827, 36.487474], [128.798861, 36.487453], [128.79891, 36.487466], [128.798967, 36.487507], [128.799072, 36.487601], [128.799121, 36.487667], [128.799207, 36.4878], [128.799269, 36.48786], [128.799367, 36.48793], [128.799548, 36.488046], [128.799621, 36.488107], [128.799716, 36.488203], [128.799776, 36.48825], [128.799833, 36.488279], [128.799902, 36.488305], [128.800188, 36.488375], [128.800391, 36.48845], [128.800598, 36.488535], [128.800812, 36.488632], [128.800902, 36.488664], [128.801034, 36.488736]]}}, {"type": "Feature", "properties": {"name": "", "osm_id": 1214937759, "origin": "OBSERVED", "highway": "path"}, "geometry": {"type": "LineString", "coordinates": [[128.790574, 36.483437], [128.790602, 36.483279], [128.790638, 36.482977], [128.790643, 36.482825], [128.790629, 36.482725], [128.790616, 36.482686], [128.790562, 36.482565], [128.790534, 36.482482], [128.790529, 36.482446], [128.790529, 36.482384], [128.790539, 36.482316], [128.790557, 36.48224], [128.790605, 36.482093], [128.790774, 36.481743], [128.790787, 36.481705], [128.790794, 36.481665], [128.790789, 36.481606], [128.790759, 36.481516], [128.790659, 36.481288], [128.790594, 36.481169], [128.79056, 36.481087], [128.790551, 36.481023], [128.790555, 36.480986], [128.790574, 36.480931], [128.790624, 36.480841], [128.790773, 36.480632], [128.790908, 36.48048], [128.791083, 36.480318], [128.791198, 36.480223], [128.791317, 36.480133], [128.791441, 36.480051], [128.7916, 36.479959], [128.791829, 36.479862], [128.791879, 36.479836], [128.79192, 36.479809], [128.79198, 36.479757], [128.792038, 36.47969], [128.792082, 36.479627], [128.792172, 36.479486], [128.792373, 36.479204], [128.792497, 36.479014], [128.792563, 36.478921], [128.792605, 36.478849], [128.792621, 36.478791], [128.79262, 36.478755], [128.792612, 36.478729], [128.792582, 36.478674], [128.792541, 36.478623], [128.792409, 36.478476], [128.792303, 36.478305], [128.792235, 36.478184], [128.792179, 36.478071], [128.792134, 36.477966], [128.792091, 36.477844], [128.792056, 36.477723], [128.792029, 36.477605], [128.792012, 36.47749], [128.791998, 36.477308], [128.791998, 36.477225], [128.792004, 36.477148], [128.792012, 36.477098], [128.792026, 36.477044], [128.792111, 36.476807], [128.792124, 36.476748], [128.792127, 36.476695], [128.792124, 36.476653], [128.792117, 36.47661], [128.79209, 36.476517], [128.792057, 36.476433], [128.791978, 36.476264], [128.79177, 36.475786], [128.791704, 36.475597], [128.791671, 36.475485], [128.791626, 36.475286], [128.791594, 36.475079], [128.791591, 36.475007], [128.791595, 36.474944], [128.791605, 36.474895], [128.79164, 36.474792], [128.791666, 36.474736], [128.791697, 36.474681], [128.791778, 36.474553], [128.791898, 36.474383], [128.791993, 36.474261], [128.792084, 36.474164], [128.79213, 36.474122], [128.792223, 36.474051], [128.792249, 36.474035], [128.792313, 36.474007], [128.79243, 36.473974], [128.79262, 36.473932], [128.792679, 36.473916], [128.792748, 36.473888], [128.79278, 36.473869], [128.792804, 36.473848], [128.792825, 36.473814], [128.792861, 36.473761], [128.79288, 36.473698]]}}, {"type": "Feature", "properties": {"name": "", "osm_id": 1214937760, "origin": "OBSERVED", "highway": "path"}, "geometry": {"type": "LineString", "coordinates": [[128.780858, 36.481815], [128.780874, 36.48181], [128.780895, 36.481791], [128.780932, 36.481771], [128.780976, 36.481756], [128.781073, 36.481739], [128.781409, 36.481721], [128.781688, 36.481681], [128.781833, 36.481665], [128.782059, 36.481654], [128.782514, 36.481654], [128.782963, 36.481613], [128.783015, 36.481612], [128.783085, 36.481618], [128.783134, 36.481637], [128.78315, 36.481673], [128.783134, 36.481711], [128.783024, 36.481851], [128.783002, 36.481887], [128.782989, 36.481918], [128.782981, 36.481957], [128.782978, 36.482], [128.782984, 36.482189], [128.782974, 36.482281], [128.782929, 36.482529], [128.782924, 36.482602], [128.782928, 36.482668], [128.782949, 36.482774], [128.782982, 36.482882], [128.783027, 36.482988], [128.783083, 36.483089], [128.783151, 36.48318], [128.783288, 36.483329], [128.78351, 36.483587], [128.783551, 36.483648], [128.783577, 36.483704], [128.783587, 36.483764], [128.783578, 36.483835], [128.783555, 36.483907], [128.783487, 36.484074], [128.783466, 36.484152], [128.783463, 36.484187], [128.783466, 36.484219], [128.783475, 36.484248], [128.78349, 36.484274], [128.783539, 36.484329], [128.783571, 36.484356], [128.783644, 36.484409], [128.783684, 36.484432], [128.783762, 36.484468], [128.78383, 36.484486], [128.783913, 36.484493], [128.783994, 36.484491], [128.784234, 36.484477], [128.784486, 36.484493], [128.78467, 36.48451], [128.784838, 36.484532], [128.785085, 36.484572], [128.785342, 36.484604], [128.785475, 36.484631], [128.785537, 36.484651], [128.785576, 36.484669], [128.785618, 36.484697], [128.78565, 36.484729], [128.785669, 36.484762], [128.785677, 36.484793], [128.78569, 36.484937], [128.785697, 36.48497], [128.785729, 36.485044], [128.785775, 36.485121], [128.785824, 36.485181], [128.785876, 36.485224], [128.785902, 36.485239], [128.785965, 36.485258], [128.786045, 36.485267], [128.786143, 36.485264], [128.786271, 36.485251], [128.786334, 36.485239], [128.786402, 36.485219], [128.786621, 36.485129], [128.786703, 36.4851], [128.786892, 36.485046], [128.787034, 36.485009], [128.787222, 36.484973], [128.787339, 36.484961], [128.787406, 36.484962], [128.787631, 36.484979], [128.787755, 36.484982], [128.787828, 36.484973], [128.787861, 36.484966], [128.787926, 36.484943], [128.787995, 36.48491], [128.788209, 36.484771], [128.788292, 36.484725], [128.78845, 36.484654], [128.789101, 36.484394], [128.789178, 36.484358], [128.789243, 36.484323], [128.789307, 36.484279], [128.789373, 36.484226], [128.789636, 36.483974], [128.789796, 36.483851], [128.789898, 36.483779], [128.789995, 36.483716], [128.790345, 36.483509], [128.790443, 36.483464], [128.79049, 36.483449], [128.790574, 36.483437]]}}, {"type": "Feature", "properties": {"name": "", "osm_id": 1214938103, "origin": "OBSERVED", "highway": "path"}, "geometry": {"type": "LineString", "coordinates": [[128.786239, 36.466547], [128.786207, 36.466608], [128.786154, 36.466683], [128.786111, 36.466696], [128.785908, 36.46668], [128.785805, 36.466702], [128.785672, 36.466757], [128.785578, 36.466834], [128.785467, 36.467113], [128.7853, 36.467406], [128.785227, 36.467593], [128.785195, 36.467905], [128.785219, 36.468327], [128.785166, 36.468377], [128.784962, 36.468464], [128.784844, 36.468548], [128.784807, 36.468564], [128.784773, 36.468559], [128.784744, 36.468531], [128.784576, 36.468157], [128.784542, 36.468135], [128.784451, 36.468123], [128.784338, 36.46814], [128.784215, 36.468181], [128.784153, 36.468212], [128.784032, 36.468334], [128.783992, 36.468354], [128.783949, 36.468353], [128.783759, 36.468282], [128.783692, 36.468275], [128.783649, 36.468292], [128.783508, 36.468401], [128.783376, 36.468415], [128.783294, 36.468387], [128.78324, 36.468305], [128.783198, 36.468281], [128.783078, 36.468294], [128.782715, 36.46839], [128.782589, 36.46846], [128.782476, 36.468569], [128.782342, 36.468792], [128.782313, 36.468874], [128.782295, 36.469051], [128.782269, 36.469139], [128.782118, 36.469362], [128.781989, 36.469614], [128.781967, 36.469763], [128.782023, 36.469895], [128.782015, 36.469958], [128.781813, 36.470072], [128.781771, 36.47014], [128.781802, 36.470398], [128.781795, 36.470477], [128.781748, 36.470557], [128.781594, 36.470713], [128.781538, 36.470799], [128.781518, 36.470888], [128.781522, 36.471198], [128.781489, 36.471291], [128.781325, 36.47154], [128.78125, 36.4717], [128.78118, 36.471744], [128.781017, 36.471783], [128.780903, 36.471881], [128.780806, 36.472098], [128.780779, 36.472201], [128.780763, 36.472404], [128.780688, 36.472541], [128.780567, 36.472659], [128.780406, 36.472739], [128.780338, 36.472795], [128.780209, 36.473036], [128.779926, 36.473171], [128.77985, 36.473255], [128.779833, 36.473295], [128.779854, 36.473371], [128.779997, 36.473535]]}}, {"type": "Feature", "properties": {"name": "", "osm_id": 1260268839, "origin": "OBSERVED", "highway": "track"}, "geometry": {"type": "LineString", "coordinates": [[128.719094, 36.483165], [128.719207, 36.483109], [128.719292, 36.483029], [128.719382, 36.482922], [128.719417, 36.482825], [128.719444, 36.482646], [128.719443, 36.482559], [128.719397, 36.482472], [128.719326, 36.482391], [128.719288, 36.48234], [128.71927, 36.482295], [128.719267, 36.482215], [128.719351, 36.482107], [128.719408, 36.481995], [128.719449, 36.481855], [128.719436, 36.481678], [128.71944, 36.481471], [128.719453, 36.481277], [128.719484, 36.48116], [128.719543, 36.481018], [128.719624, 36.480891], [128.719709, 36.480783], [128.719899, 36.48056], [128.720002, 36.480464], [128.720086, 36.480405], [128.720281, 36.48033], [128.720452, 36.480296], [128.720693, 36.480277], [128.720832, 36.480294], [128.720978, 36.48036], [128.721061, 36.48047], [128.721067, 36.480573], [128.721081, 36.480693], [128.721091, 36.48076], [128.721147, 36.48078], [128.721206, 36.480781], [128.721295, 36.480758], [128.721418, 36.480755], [128.721521, 36.480776], [128.721598, 36.480817], [128.721694, 36.480855], [128.721744, 36.480859], [128.721824, 36.480848], [128.721874, 36.480803], [128.72207, 36.480569], [128.722248, 36.480396], [128.722377, 36.480271], [128.72244, 36.480213], [128.722559, 36.480151], [128.722651, 36.480128], [128.722775, 36.48012]]}}, {"type": "Feature", "properties": {"name": "", "osm_id": 1260268840, "origin": "OBSERVED", "highway": "path"}, "geometry": {"type": "LineString", "coordinates": [[128.742204, 36.484742], [128.741784, 36.485133], [128.741484, 36.485418], [128.740979, 36.485729], [128.740615, 36.485979], [128.739574, 36.486427], [128.738501, 36.486876], [128.738169, 36.486979], [128.737106, 36.487186], [128.736935, 36.487238], [128.736302, 36.487549], [128.735615, 36.487902], [128.73496, 36.488126], [128.734346, 36.488196]]}}, {"type": "Feature", "properties": {"name": "", "osm_id": 1260268841, "origin": "OBSERVED", "highway": "track"}, "geometry": {"type": "LineString", "coordinates": [[128.734346, 36.488196], [128.734261, 36.488198], [128.734171, 36.488217], [128.734043, 36.488281], [128.733952, 36.488346], [128.733862, 36.488387], [128.733751, 36.488404], [128.733597, 36.488374], [128.733379, 36.488359], [128.733296, 36.488353], [128.73315, 36.488341], [128.733066, 36.488345], [128.732984, 36.488375], [128.732769, 36.488521], [128.732671, 36.488571], [128.732615, 36.488578], [128.732485, 36.48862], [128.732239, 36.488689], [128.732068, 36.488707], [128.731916, 36.488701], [128.731852, 36.488709], [128.731778, 36.488739], [128.73161, 36.488796], [128.731454, 36.488828], [128.731324, 36.488835], [128.731163, 36.488854], [128.73107, 36.488863], [128.730951, 36.48893], [128.730863, 36.488973], [128.73066, 36.489047], [128.730429, 36.489106], [128.730224, 36.489146], [128.730163, 36.489172], [128.73008, 36.489211], [128.729986, 36.489251], [128.729922, 36.489297], [128.729915, 36.489318], [128.729907, 36.489451], [128.729891, 36.489499], [128.729799, 36.489582], [128.729774, 36.4896], [128.729594, 36.489638], [128.729518, 36.489662], [128.729292, 36.489744], [128.729217, 36.489775], [128.729129, 36.489824], [128.728993, 36.489929], [128.728914, 36.489974], [128.728848, 36.490006], [128.728686, 36.490093], [128.728571, 36.490129], [128.72845, 36.490181], [128.7284, 36.490209], [128.728212, 36.490319], [128.72813, 36.490351], [128.72807, 36.490372], [128.727986, 36.4904], [128.727928, 36.490427], [128.727898, 36.490448], [128.727794, 36.490542], [128.727699, 36.490607], [128.727656, 36.490639], [128.72755, 36.490735], [128.727479, 36.490824], [128.72746, 36.490866], [128.727435, 36.490943], [128.727434, 36.491081], [128.727428, 36.49115], [128.727418, 36.491174], [128.727305, 36.491352], [128.727253, 36.491395]]}}, {"type": "Feature", "properties": {"name": "", "osm_id": 1260268842, "origin": "OBSERVED", "highway": "path"}, "geometry": {"type": "LineString", "coordinates": [[128.747658, 36.488993], [128.747671, 36.489041], [128.747607, 36.489149], [128.747414, 36.489293], [128.747331, 36.489442], [128.747277, 36.489649], [128.747253, 36.489811]]}}, {"type": "Feature", "properties": {"name": "", "osm_id": 1260268843, "origin": "OBSERVED", "highway": "path"}, "geometry": {"type": "LineString", "coordinates": [[128.755917, 36.492586], [128.755982, 36.49251], [128.756032, 36.492467], [128.756064, 36.492326], [128.75609, 36.492133], [128.75614, 36.491954], [128.75615, 36.49178], [128.756159, 36.49171], [128.756189, 36.491649], [128.756276, 36.491494], [128.756336, 36.491282], [128.756457, 36.490911], [128.756515, 36.490763], [128.756556, 36.490585], [128.756579, 36.490518], [128.756587, 36.490393], [128.756612, 36.490321], [128.756754, 36.490262], [128.756857, 36.490193], [128.75691, 36.49012], [128.75697, 36.48999], [128.75691, 36.48969], [128.7568, 36.48935], [128.756594, 36.489206]]}}, {"type": "Feature", "properties": {"name": "", "osm_id": 1260268844, "origin": "OBSERVED", "highway": "path"}, "geometry": {"type": "LineString", "coordinates": [[128.758825, 36.484557], [128.758693, 36.484607], [128.758532, 36.484777], [128.758255, 36.484982], [128.758071, 36.485148], [128.758019, 36.485226], [128.757791, 36.485739], [128.757617, 36.486108], [128.75755, 36.486263], [128.757478, 36.48636], [128.75739, 36.486465], [128.757231, 36.4866], [128.757019, 36.486779], [128.756668, 36.486949], [128.756461, 36.487063], [128.75633, 36.487137], [128.756257, 36.487217], [128.75633, 36.487879], [128.756327, 36.48818], [128.756359, 36.488702], [128.756477, 36.488978], [128.756594, 36.489206]]}}, {"type": "Feature", "properties": {"name": "", "osm_id": 1260268845, "origin": "OBSERVED", "highway": "path"}, "geometry": {"type": "LineString", "coordinates": [[128.752893, 36.499821], [128.752972, 36.499787], [128.753018, 36.499747], [128.753048, 36.499643], [128.753054, 36.499565], [128.753074, 36.499455], [128.753157, 36.499396], [128.753215, 36.499337], [128.753309, 36.499305], [128.753374, 36.499249], [128.75341, 36.499182], [128.753455, 36.499103], [128.753522, 36.499038], [128.753611, 36.499024], [128.753721, 36.498996], [128.753755, 36.498908], [128.753822, 36.498834], [128.753892, 36.498745], [128.753958, 36.498693], [128.754004, 36.498615], [128.754088, 36.498494], [128.754144, 36.498437], [128.754179, 36.498369], [128.754268, 36.498259], [128.754364, 36.498128], [128.754426, 36.497993], [128.754464, 36.497876], [128.754545, 36.497771], [128.754635, 36.497687], [128.754707, 36.497621], [128.754749, 36.497529], [128.754864, 36.497409], [128.754979, 36.497335], [128.755094, 36.497259], [128.755199, 36.497205], [128.755298, 36.497167], [128.75536, 36.497071], [128.755416, 36.496984], [128.755484, 36.496906], [128.755564, 36.496847], [128.755641, 36.496745], [128.755678, 36.496657], [128.755741, 36.496555], [128.75579, 36.496487], [128.755824, 36.496395], [128.755897, 36.496317], [128.755996, 36.496276], [128.756037, 36.496181], [128.75611, 36.496102], [128.756043, 36.496006], [128.756096, 36.495944], [128.756175, 36.495891], [128.756257, 36.49585], [128.756321, 36.495787], [128.756388, 36.495734], [128.756456, 36.495664], [128.756484, 36.495592], [128.756538, 36.495516], [128.7566, 36.495424], [128.75667, 36.495372], [128.75672, 36.4953], [128.75678, 36.495228], [128.756826, 36.495147], [128.756852, 36.495076], [128.756862, 36.49499], [128.75686, 36.49489], [128.756909, 36.494775], [128.756966, 36.494685], [128.757023, 36.49455], [128.757141, 36.49448], [128.757239, 36.494441], [128.757343, 36.494411], [128.757449, 36.49435], [128.757509, 36.494278], [128.757566, 36.494215], [128.757619, 36.494141], [128.757729, 36.494053], [128.757815, 36.494035], [128.757931, 36.494023], [128.758041, 36.494021], [128.758161, 36.49404], [128.758229, 36.493953], [128.758271, 36.493867], [128.758295, 36.493768], [128.758273, 36.493677], [128.758216, 36.493609], [128.758198, 36.493504], [128.75822, 36.493387], [128.758205, 36.493263], [128.758225, 36.493165], [128.758238, 36.493073], [128.758263, 36.492942], [128.758301, 36.492831], [128.758323, 36.492724], [128.758298, 36.492641], [128.75827, 36.492554], [128.758205, 36.492467], [128.758146, 36.492374], [128.758144, 36.492283], [128.758199, 36.492206], [128.758216, 36.492136], [128.758253, 36.492051], [128.75826, 36.491971], [128.75825, 36.491885], [128.758275, 36.491787], [128.758307, 36.491705], [128.758303, 36.491605], [128.758298, 36.491503], [128.758269, 36.491405], [128.758254, 36.491308], [128.758191, 36.491198], [128.758113, 36.4911], [128.758038, 36.49104], [128.757926, 36.49102], [128.757828, 36.490989], [128.757847, 36.49091], [128.757904, 36.490849], [128.757953, 36.490779], [128.757964, 36.490676], [128.758068, 36.49061], [128.758163, 36.490528], [128.758239, 36.490439], [128.75828, 36.490359], [128.75834, 36.49029], [128.758429, 36.490251], [128.758473, 36.490177], [128.758529, 36.490098], [128.758494, 36.490033], [128.758446, 36.489931], [128.758401, 36.489862], [128.758386, 36.489789], [128.758407, 36.489704], [128.758477, 36.489648], [128.758485, 36.489558], [128.758482, 36.489475], [128.758479, 36.489373], [128.758521, 36.489282], [128.758514, 36.489189], [128.758598, 36.489102], [128.758631, 36.489024], [128.758669, 36.488957], [128.758603, 36.488864], [128.758606, 36.488789], [128.758573, 36.488716], [128.758539, 36.488614], [128.75849, 36.488535], [128.758447, 36.488444], [128.758432, 36.488361], [128.758393, 36.488298], [128.758374, 36.48822], [128.758341, 36.488145], [128.758339, 36.488039], [128.758308, 36.487948], [128.758237, 36.487878], [128.758193, 36.487807], [128.758269, 36.487768], [128.758167, 36.487727], [128.758214, 36.487654], [128.758124, 36.487586], [128.758039, 36.48754], [128.757996, 36.487474], [128.758034, 36.487395], [128.757987, 36.487333], [128.757938, 36.487227], [128.757868, 36.48715], [128.757806, 36.487084], [128.757759, 36.487006], [128.757729, 36.486937], [128.757634, 36.486855], [128.757588, 36.486785], [128.757558, 36.486703], [128.75751, 36.48664], [128.757472, 36.486548], [128.757426, 36.486485], [128.75739, 36.486465], [128.757346, 36.48644], [128.757261, 36.486363], [128.757173, 36.486315], [128.757037, 36.486257], [128.756956, 36.486203], [128.756879, 36.486155], [128.756817, 36.4861], [128.756745, 36.48604], [128.756693, 36.485975], [128.756642, 36.485889], [128.756557, 36.485912], [128.756486, 36.485873], [128.756486, 36.485803], [128.756399, 36.485796], [128.756426, 36.48573], [128.756344, 36.485754], [128.756408, 36.485681], [128.756293, 36.48565], [128.756211, 36.485638], [128.756286, 36.485607], [128.756234, 36.485558], [128.756189, 36.485505], [128.756118, 36.485461], [128.756054, 36.4854]]}}, {"type": "Feature", "properties": {"name": "", "osm_id": 1260268846, "origin": "OBSERVED", "highway": "path"}, "geometry": {"type": "LineString", "coordinates": [[128.745772, 36.504959], [128.7458, 36.504979], [128.745855, 36.505025], [128.745923, 36.504941], [128.745954, 36.504844], [128.746025, 36.504727], [128.746057, 36.504581], [128.746062, 36.50445], [128.746064, 36.504376], [128.746114, 36.50428], [128.746206, 36.504234], [128.746316, 36.504198], [128.746408, 36.504179], [128.746566, 36.504064], [128.74666, 36.503924], [128.746714, 36.503786], [128.746709, 36.50369], [128.746729, 36.5036], [128.746853, 36.503475], [128.746908, 36.503339], [128.746964, 36.503222], [128.74713, 36.503228], [128.747292, 36.50329], [128.747381, 36.503304], [128.747464, 36.503351], [128.747481, 36.503433], [128.747565, 36.503502], [128.74765, 36.503598], [128.747719, 36.503657], [128.74785, 36.503734], [128.748007, 36.503756], [128.74808, 36.503813], [128.748134, 36.503871], [128.748238, 36.504], [128.748262, 36.504086], [128.748322, 36.50415], [128.74839, 36.504228], [128.748445, 36.504295], [128.748538, 36.504297], [128.748622, 36.504196], [128.748732, 36.504097], [128.748786, 36.504023], [128.748847, 36.503967], [128.748905, 36.503893], [128.749034, 36.503837], [128.74914, 36.503713], [128.749185, 36.503612], [128.749278, 36.503535], [128.749417, 36.503441], [128.749508, 36.503404], [128.749602, 36.503376], [128.749698, 36.503373], [128.749791, 36.503383], [128.749904, 36.503286], [128.749993, 36.50333], [128.75007, 36.503376], [128.750168, 36.503352], [128.750218, 36.503265], [128.750297, 36.503303], [128.750219, 36.503183], [128.750321, 36.503135], [128.750432, 36.503134], [128.750526, 36.50314], [128.750631, 36.503172], [128.750604, 36.503086], [128.75059, 36.503018], [128.750756, 36.503008], [128.750846, 36.503042], [128.750934, 36.503148], [128.750989, 36.503088], [128.750957, 36.503022], [128.750907, 36.502963], [128.750786, 36.502858], [128.750707, 36.5028], [128.750645, 36.50272], [128.750732, 36.502704], [128.750846, 36.502686], [128.750918, 36.502642], [128.751009, 36.502674], [128.75116, 36.502712], [128.751239, 36.502792], [128.751334, 36.502837], [128.751455, 36.502889], [128.75153, 36.502844], [128.751574, 36.502726], [128.751603, 36.502636], [128.751719, 36.502543], [128.751805, 36.502486], [128.751885, 36.502439], [128.751963, 36.502386], [128.75211, 36.502308], [128.752172, 36.502271], [128.752227, 36.502237]]}}, {"type": "Feature", "properties": {"name": "", "osm_id": 1260268847, "origin": "OBSERVED", "highway": "service"}, "geometry": {"type": "LineString", "coordinates": [[128.752227, 36.502237], [128.752246, 36.502188], [128.75227, 36.50216], [128.752302, 36.502104], [128.752445, 36.501699], [128.752484, 36.501699], [128.752507, 36.501715], [128.752585, 36.50176], [128.752665, 36.501787]]}}, {"type": "Feature", "properties": {"name": "", "osm_id": 1260268848, "origin": "OBSERVED", "highway": "service"}, "geometry": {"type": "LineString", "coordinates": [[128.752408, 36.502335], [128.752258, 36.502249], [128.752227, 36.502237], [128.752177, 36.502227], [128.752105, 36.502192], [128.752013, 36.502129], [128.751885, 36.502007]]}}, {"type": "Feature", "properties": {"name": "", "osm_id": 1260268849, "origin": "OBSERVED", "highway": "service"}, "geometry": {"type": "LineString", "coordinates": [[128.75242, 36.50593], [128.752152, 36.505872], [128.752119, 36.505694], [128.752033, 36.505586], [128.752038, 36.505527], [128.752041, 36.505405], [128.752061, 36.50538], [128.752211, 36.505299]]}}, {"type": "Feature", "properties": {"name": "", "osm_id": 1266013721, "origin": "OBSERVED", "highway": "service"}, "geometry": {"type": "LineString", "coordinates": [[128.76984, 36.533031], [128.770017, 36.532872], [128.770148, 36.532533], [128.770194, 36.532441], [128.770457, 36.532471], [128.770827, 36.53254], [128.770961, 36.532527], [128.771106, 36.532484], [128.771149, 36.532488], [128.771235, 36.532544], [128.771272, 36.532626], [128.771369, 36.532738], [128.771422, 36.532768], [128.771653, 36.532833], [128.77175, 36.532893], [128.771814, 36.532979], [128.771862, 36.533135], [128.771964, 36.533225], [128.772066, 36.533259], [128.772318, 36.533259], [128.77242, 36.533277], [128.773177, 36.533738]]}}, {"type": "Feature", "properties": {"name": "", "osm_id": 1266013723, "origin": "OBSERVED", "highway": "service"}, "geometry": {"type": "LineString", "coordinates": [[128.770554, 36.533746], [128.770779, 36.533815], [128.771106, 36.533983], [128.771433, 36.534104], [128.772463, 36.534572]]}}, {"type": "Feature", "properties": {"name": "", "osm_id": 1266013725, "origin": "OBSERVED", "highway": "service"}, "geometry": {"type": "LineString", "coordinates": [[128.770554, 36.533746], [128.770199, 36.533794], [128.769824, 36.53391], [128.769497, 36.534246], [128.769368, 36.53432], [128.768982, 36.534384], [128.768826, 36.534466], [128.768713, 36.534561], [128.768263, 36.534708], [128.767963, 36.534863], [128.767694, 36.53497], [128.767244, 36.535095], [128.766949, 36.535143], [128.766831, 36.535216], [128.766702, 36.535367], [128.766632, 36.535397], [128.766471, 36.535401], [128.766316, 36.535388], [128.765903, 36.535289], [128.76564, 36.535367]]}}, {"type": "Feature", "properties": {"name": "", "osm_id": 1266013726, "origin": "OBSERVED", "highway": "service"}, "geometry": {"type": "LineString", "coordinates": [[128.76748, 36.532316], [128.767721, 36.532385], [128.768013, 36.532413], [128.768429, 36.532507]]}}, {"type": "Feature", "properties": {"name": "", "osm_id": 1266013727, "origin": "OBSERVED", "highway": "service"}, "geometry": {"type": "LineString", "coordinates": [[128.770554, 36.533746], [128.770103, 36.533449], [128.76998, 36.533147], [128.76984, 36.533031]]}}, {"type": "Feature", "properties": {"name": "", "osm_id": 1266013729, "origin": "OBSERVED", "highway": "service"}, "geometry": {"type": "LineString", "coordinates": [[128.76984, 36.533031], [128.769534, 36.533061]]}}, {"type": "Feature", "properties": {"name": "", "osm_id": 1266013730, "origin": "OBSERVED", "highway": "service"}, "geometry": {"type": "LineString", "coordinates": [[128.767453, 36.527043], [128.767557, 36.527202], [128.767506, 36.527282], [128.76745, 36.527422], [128.767453, 36.527579], [128.767474, 36.527687], [128.76756, 36.527894], [128.767614, 36.528217], [128.767603, 36.528799], [128.767533, 36.52893], [128.767469, 36.528971], [128.767287, 36.529049], [128.767244, 36.529105], [128.767212, 36.529243], [128.767163, 36.529299], [128.767088, 36.529333], [128.766965, 36.529342], [128.766696, 36.529325], [128.766568, 36.529338], [128.766122, 36.529458], [128.765801, 36.529583], [128.765704, 36.529652], [128.765543, 36.529831], [128.765409, 36.529939], [128.765283, 36.530055], [128.765173, 36.530141], [128.764985, 36.530195], [128.764824, 36.530288], [128.764738, 36.530389], [128.764594, 36.530643], [128.764596, 36.5307], [128.764701, 36.530786], [128.764776, 36.530954], [128.764814, 36.531126], [128.764808, 36.531217], [128.76484, 36.531273], [128.764916, 36.531316], [128.765109, 36.531307], [128.765312, 36.531307], [128.765506, 36.531281], [128.765827, 36.531277], [128.766021, 36.53123], [128.76623, 36.531212], [128.766417, 36.531238], [128.766605, 36.531225], [128.767061, 36.531234], [128.767276, 36.531268], [128.767501, 36.53141], [128.76763, 36.531471], [128.767764, 36.531514], [128.767946, 36.531531], [128.768142, 36.531501], [128.768217, 36.531501], [128.768314, 36.531531], [128.768416, 36.531592], [128.768448, 36.53163], [128.768529, 36.531842], [128.768512, 36.531919], [128.76829, 36.532191], [128.768429, 36.532507], [128.768499, 36.532592], [128.768601, 36.532656], [128.768821, 36.532738], [128.769105, 36.532825], [128.769261, 36.532882], [128.769534, 36.533061]]}}, {"type": "Feature", "properties": {"name": "", "osm_id": 1266013732, "origin": "OBSERVED", "highway": "service"}, "geometry": {"type": "LineString", "coordinates": [[128.769534, 36.533061], [128.769454, 36.533255], [128.769379, 36.533333], [128.769245, 36.53338], [128.768955, 36.533428], [128.768799, 36.533708]]}}, {"type": "Feature", "properties": {"name": "", "osm_id": 1306480143, "origin": "OBSERVED", "highway": "track"}, "geometry": {"type": "LineString", "coordinates": [[128.681982, 36.446958], [128.681904, 36.446852], [128.681885, 36.446793], [128.681888, 36.446552], [128.68189, 36.446353], [128.681882, 36.446208], [128.681853, 36.445875], [128.68185, 36.445713], [128.681786, 36.445447], [128.681689, 36.445088], [128.681562, 36.444735], [128.681437, 36.444402], [128.68137, 36.444269], [128.681332, 36.444175], [128.68129, 36.444064], [128.681282, 36.444001], [128.681262, 36.443927], [128.681169, 36.443807], [128.681098, 36.443721], [128.681063, 36.443659], [128.680823, 36.443176], [128.680789, 36.443127], [128.680545, 36.44262], [128.680327, 36.442182], [128.680142, 36.441786], [128.679931, 36.441338], [128.679667, 36.440795], [128.679417, 36.440295], [128.679251, 36.439946], [128.679062, 36.439569], [128.678925, 36.439316], [128.67885, 36.439165], [128.678626, 36.438784], [128.678551, 36.43866], [128.67832, 36.438322], [128.678253, 36.438238], [128.678243, 36.438149]]}}, {"type": "Feature", "properties": {"name": "", "osm_id": 1306480144, "origin": "OBSERVED", "highway": "track"}, "geometry": {"type": "LineString", "coordinates": [[128.677698, 36.44566], [128.677623, 36.44556], [128.677526, 36.445532], [128.677329, 36.445549], [128.677226, 36.445529], [128.677103, 36.445471], [128.676981, 36.445384], [128.676922, 36.445334], [128.676892, 36.445281], [128.676777, 36.444992], [128.676737, 36.444925], [128.676617, 36.44476], [128.676475, 36.444637], [128.67624, 36.444451], [128.676146, 36.444362], [128.676061, 36.444302], [128.675912, 36.444162], [128.675868, 36.444113], [128.675839, 36.444045], [128.675833, 36.443978], [128.675882, 36.443933], [128.675905, 36.443892], [128.6759, 36.443852], [128.67583, 36.44381], [128.675572, 36.44372], [128.67535, 36.443664], [128.675104, 36.443585], [128.675004, 36.443536], [128.674699, 36.443356], [128.674556, 36.443293], [128.674497, 36.443238], [128.674477, 36.44317], [128.674474, 36.443018], [128.674467, 36.442976], [128.674449, 36.442935], [128.67416, 36.442652], [128.674108, 36.442608], [128.674029, 36.442588], [128.673891, 36.442565]]}}, {"type": "Feature", "properties": {"name": "", "osm_id": 1306480148, "origin": "OBSERVED", "highway": "track"}, "geometry": {"type": "LineString", "coordinates": [[128.666554, 36.440781], [128.666162, 36.440892], [128.665955, 36.440888], [128.665805, 36.441003], [128.665631, 36.441054], [128.665306, 36.441384], [128.665156, 36.441445], [128.664783, 36.441557], [128.66452, 36.441706], [128.664453, 36.44173]]}}, {"type": "Feature", "properties": {"name": "", "osm_id": 1306480149, "origin": "OBSERVED", "highway": "track"}, "geometry": {"type": "LineString", "coordinates": [[128.6665, 36.440368], [128.666492, 36.440618], [128.666554, 36.440781], [128.666572, 36.44083]]}}, {"type": "Feature", "properties": {"name": "", "osm_id": 1306480150, "origin": "OBSERVED", "highway": "track"}, "geometry": {"type": "LineString", "coordinates": [[128.665233, 36.438767], [128.665204, 36.43886], [128.665227, 36.438949], [128.665314, 36.439079], [128.665561, 36.439331], [128.665805, 36.439476], [128.665935, 36.439601], [128.666232, 36.440044], [128.6665, 36.440368]]}}, {"type": "Feature", "properties": {"name": "", "osm_id": 1306480151, "origin": "OBSERVED", "highway": "service"}, "geometry": {"type": "LineString", "coordinates": [[128.67826, 36.444684], [128.678293, 36.444906], [128.678245, 36.445184], [128.678275, 36.445296], [128.678322, 36.445405]]}}, {"type": "Feature", "properties": {"name": "", "osm_id": 1306480152, "origin": "OBSERVED", "highway": "service"}, "geometry": {"type": "LineString", "coordinates": [[128.678036, 36.444715], [128.678141, 36.445439]]}}, {"type": "Feature", "properties": {"name": "", "osm_id": 1306480153, "origin": "OBSERVED", "highway": "service"}, "geometry": {"type": "LineString", "coordinates": [[128.679161, 36.44452], [128.678996, 36.444578], [128.67826, 36.444684], [128.678068, 36.444712], [128.678036, 36.444715], [128.677843, 36.444735], [128.677945, 36.445475]]}}, {"type": "Feature", "properties": {"name": "", "osm_id": 1306480154, "origin": "OBSERVED", "highway": "service"}, "geometry": {"type": "LineString", "coordinates": [[128.678578, 36.446247], [128.67875, 36.446105], [128.678905, 36.446047], [128.679042, 36.445995], [128.679077, 36.445926], [128.679112, 36.445769], [128.679085, 36.44562], [128.679104, 36.445396], [128.679079, 36.445294], [128.679061, 36.445165]]}}, {"type": "Feature", "properties": {"name": "", "osm_id": 1306480155, "origin": "OBSERVED", "highway": "service"}, "geometry": {"type": "LineString", "coordinates": [[128.677123, 36.445885], [128.677202, 36.445782], [128.677301, 36.445747], [128.677467, 36.445726], [128.677612, 36.445691], [128.677698, 36.44566], [128.677757, 36.445639], [128.67787, 36.445534], [128.677945, 36.445475], [128.678141, 36.445439], [128.678322, 36.445405], [128.678387, 36.445393], [128.678521, 36.445322], [128.678613, 36.445137], [128.678884, 36.445163], [128.679061, 36.445165], [128.67913, 36.444955], [128.679187, 36.444869], [128.67932, 36.4448]]}}, {"type": "Feature", "properties": {"name": "", "osm_id": 1306480156, "origin": "OBSERVED", "highway": "residential"}, "geometry": {"type": "LineString", "coordinates": [[128.679352, 36.446169], [128.678932, 36.446284], [128.678731, 36.446276], [128.678578, 36.446247], [128.678548, 36.446241], [128.67843, 36.4462], [128.678111, 36.446162], [128.677942, 36.446084], [128.677215, 36.445931], [128.677123, 36.445885], [128.677009, 36.445829], [128.676824, 36.445715], [128.676733, 36.445642]]}}, {"type": "Feature", "properties": {"name": "", "osm_id": 1306480157, "origin": "OBSERVED", "highway": "residential"}, "geometry": {"type": "LineString", "coordinates": [[128.67704, 36.44313], [128.67715, 36.44319], [128.67738, 36.44332], [128.67758, 36.44343], [128.67784, 36.4436], [128.678139, 36.443766], [128.67842, 36.44395], [128.67869, 36.44412], [128.678923, 36.444276], [128.679048, 36.444364], [128.67906, 36.44437], [128.67912, 36.44446], [128.679161, 36.44452], [128.67921, 36.44459], [128.67932, 36.4448], [128.67938, 36.44498], [128.67942, 36.44504], [128.67942, 36.44515], [128.67942, 36.44525], [128.67938, 36.44538], [128.67933, 36.44551], [128.67932, 36.44564], [128.67933, 36.44577], [128.67933, 36.44596], [128.679352, 36.446169]]}}, {"type": "Feature", "properties": {"name": "", "osm_id": 1306480158, "origin": "OBSERVED", "highway": "track"}, "geometry": {"type": "LineString", "coordinates": [[128.672381, 36.440192], [128.672115, 36.440021], [128.671974, 36.439922]]}}, {"type": "Feature", "properties": {"name": "", "osm_id": 1306480162, "origin": "OBSERVED", "highway": "track"}, "geometry": {"type": "LineString", "coordinates": [[128.67715, 36.44319], [128.677494, 36.442903], [128.677978, 36.442488], [128.678044, 36.442434], [128.678087, 36.442382], [128.678067, 36.442313], [128.677984, 36.442033], [128.677938, 36.44194], [128.677855, 36.441808], [128.677774, 36.441707], [128.677663, 36.441579], [128.677614, 36.441496], [128.677545, 36.441382], [128.677457, 36.441276], [128.677254, 36.441146], [128.677217, 36.441096], [128.677007, 36.440753], [128.676944, 36.440625], [128.676928, 36.440575], [128.67697, 36.440519], [128.67695, 36.440467], [128.676883, 36.440365], [128.676871, 36.440302], [128.676867, 36.440234], [128.676877, 36.440134], [128.676883, 36.440001], [128.676891, 36.439897], [128.676892, 36.439768], [128.676883, 36.439688], [128.67686, 36.439557], [128.676829, 36.4395], [128.676804, 36.439479], [128.676743, 36.439449], [128.676578, 36.439394], [128.676499, 36.439359], [128.676335, 36.43924], [128.676235, 36.439153], [128.676128, 36.438994], [128.676032, 36.438865], [128.675941, 36.438799], [128.675865, 36.438752], [128.675811, 36.438717], [128.675676, 36.438633], [128.675621, 36.438566], [128.675497, 36.438465], [128.675416, 36.438411], [128.67521, 36.438277], [128.675064, 36.438195], [128.674946, 36.438178], [128.674886, 36.438164], [128.674864, 36.438127], [128.674855, 36.438039], [128.674844, 36.437847], [128.674847, 36.437682], [128.674869, 36.437579]]}}, {"type": "Feature", "properties": {"name": "", "osm_id": 1306480163, "origin": "OBSERVED", "highway": "track"}, "geometry": {"type": "LineString", "coordinates": [[128.679657, 36.443847], [128.6791, 36.444321], [128.679048, 36.444364]]}}, {"type": "Feature", "properties": {"name": "", "osm_id": 1306480164, "origin": "OBSERVED", "highway": "track"}, "geometry": {"type": "LineString", "coordinates": [[128.673677, 36.440651], [128.673447, 36.440594], [128.673276, 36.440534], [128.673117, 36.440469], [128.67298, 36.440401], [128.672772, 36.440342], [128.672628, 36.440288], [128.672535, 36.440264], [128.672381, 36.440192]]}}, {"type": "Feature", "properties": {"name": "", "osm_id": 1306480174, "origin": "OBSERVED", "highway": "residential"}, "geometry": {"type": "LineString", "coordinates": [[128.67704, 36.44313], [128.676933, 36.443075], [128.676402, 36.442783], [128.676195, 36.442679], [128.676015, 36.442622], [128.675764, 36.442502], [128.675535, 36.442368], [128.675148, 36.442153]]}}, {"type": "Feature", "properties": {"name": "", "osm_id": 1306480176, "origin": "OBSERVED", "highway": "residential"}, "geometry": {"type": "LineString", "coordinates": [[128.675148, 36.442153], [128.674813, 36.441977], [128.674503, 36.441859], [128.674401, 36.441756], [128.674321, 36.441531], [128.674219, 36.44132], [128.674011, 36.440996], [128.673842, 36.440769], [128.673677, 36.440651]]}}, {"type": "Feature", "properties": {"name": "", "osm_id": 1306480179, "origin": "OBSERVED", "highway": "track"}, "geometry": {"type": "LineString", "coordinates": [[128.67631, 36.44115], [128.676174, 36.441263], [128.675148, 36.442153]]}}, {"type": "Feature", "properties": {"name": "", "osm_id": 1306480180, "origin": "OBSERVED", "highway": "track"}, "geometry": {"type": "LineString", "coordinates": [[128.67631, 36.44115], [128.676944, 36.440625]]}}, {"type": "Feature", "properties": {"name": "", "osm_id": 1306480181, "origin": "OBSERVED", "highway": "track"}, "geometry": {"type": "LineString", "coordinates": [[128.675865, 36.438752], [128.675784, 36.438818], [128.674621, 36.439853], [128.673677, 36.440651]]}}, {"type": "Feature", "properties": {"name": "", "osm_id": 1306480182, "origin": "OBSERVED", "highway": "track"}, "geometry": {"type": "LineString", "coordinates": [[128.6665, 36.440368], [128.666646, 36.440322], [128.666769, 36.440262], [128.666889, 36.440221], [128.666941, 36.44015], [128.666937, 36.440018], [128.666903, 36.439523], [128.666937, 36.439459], [128.667036, 36.439437], [128.667121, 36.439447], [128.66731, 36.439487], [128.667415, 36.439517], [128.667567, 36.439546], [128.668121, 36.439567], [128.66824, 36.439556], [128.668392, 36.439423], [128.66857, 36.439343], [128.66873, 36.439197], [128.668868, 36.439079], [128.668908, 36.43901], [128.66898, 36.438931], [128.669053, 36.438913], [128.669187, 36.438896], [128.66949, 36.438858], [128.669602, 36.438863], [128.669778, 36.438893], [128.669821, 36.438901], [128.670098, 36.438987], [128.670263, 36.439029], [128.670474, 36.439054], [128.670598, 36.439094], [128.670678, 36.439132], [128.670964, 36.439269], [128.671371, 36.439522], [128.67174, 36.439778], [128.671894, 36.439876], [128.671974, 36.439922]]}}, {"type": "Feature", "properties": {"name": "", "osm_id": 1306480183, "origin": "OBSERVED", "highway": "track"}, "geometry": {"type": "LineString", "coordinates": [[128.666572, 36.44083], [128.666685, 36.441108], [128.66673, 36.441251], [128.666843, 36.441533], [128.666929, 36.441684], [128.667004, 36.442025], [128.667063, 36.442215], [128.667077, 36.442266], [128.667099, 36.442745], [128.66706, 36.443067], [128.667086, 36.443415], [128.667081, 36.443679], [128.66707, 36.444016], [128.667047, 36.444267], [128.667011, 36.44442], [128.666934, 36.444497], [128.666737, 36.44478], [128.66656, 36.445005], [128.666461, 36.4451], [128.666359, 36.445208], [128.66599, 36.445829], [128.665844, 36.445954], [128.665754, 36.445975], [128.66571, 36.445949], [128.665474, 36.445546]]}}, {"type": "Feature", "properties": {"name": "", "osm_id": 1306480192, "origin": "OBSERVED", "highway": "track"}, "geometry": {"type": "LineString", "coordinates": [[128.679353, 36.443163], [128.679138, 36.443068], [128.679015, 36.442964], [128.678865, 36.442895], [128.678613, 36.442735], [128.6781, 36.442448], [128.678044, 36.442434], [128.678008, 36.442425], [128.677379, 36.441937], [128.676724, 36.441445], [128.67631, 36.44115], [128.676038, 36.440919], [128.675785, 36.440742], [128.674621, 36.439853], [128.674262, 36.439594], [128.673774, 36.439417], [128.673312, 36.439145], [128.673098, 36.439063], [128.672613, 36.439037]]}}, {"type": "Feature", "properties": {"name": "", "osm_id": 1306480193, "origin": "OBSERVED", "highway": "track"}, "geometry": {"type": "LineString", "coordinates": [[128.679353, 36.443163], [128.679417, 36.443305], [128.679657, 36.443847], [128.679822, 36.444212], [128.679877, 36.444408], [128.679923, 36.444535], [128.680029, 36.444824], [128.680303, 36.446058], [128.680297, 36.446102], [128.680351, 36.446335], [128.680372, 36.447021], [128.680351, 36.447237], [128.680265, 36.4475], [128.680265, 36.447539], [128.680201, 36.447733], [128.679981, 36.448251], [128.67997, 36.448359], [128.679846, 36.44854], [128.678918, 36.449481], [128.678827, 36.449589], [128.67821, 36.450128], [128.677711, 36.450452], [128.677497, 36.450551], [128.676842, 36.450775], [128.676539, 36.450848], [128.676314, 36.450914], [128.675794, 36.451115], [128.675345, 36.451293], [128.675111, 36.451382], [128.674918, 36.451492], [128.674292, 36.451866], [128.673837, 36.452169], [128.673715, 36.452259], [128.673568, 36.452356], [128.673179, 36.452613], [128.672928, 36.452773], [128.672674, 36.452935], [128.672298, 36.453082], [128.672035, 36.453162], [128.671875, 36.453175], [128.671609, 36.453173], [128.671504, 36.453182]]}}, {"type": "Feature", "properties": {"name": "", "osm_id": 1306480194, "origin": "OBSERVED", "highway": "track"}, "geometry": {"type": "LineString", "coordinates": [[128.679353, 36.443163], [128.679047, 36.442507], [128.678999, 36.442438], [128.678999, 36.442399], [128.678473, 36.441328], [128.678071, 36.440444], [128.677717, 36.439783], [128.677218, 36.439231], [128.676665, 36.438713], [128.67607, 36.438234], [128.675431, 36.437824], [128.675163, 36.437677], [128.675029, 36.43763], [128.674869, 36.437579], [128.67456, 36.437519], [128.67427, 36.437471], [128.673988, 36.437479], [128.673688, 36.437518], [128.673576, 36.437523], [128.673142, 36.437652], [128.67295, 36.437726], [128.672603, 36.43787], [128.672302, 36.437975], [128.671915, 36.438143], [128.670762, 36.43856], [128.670392, 36.438701], [128.670038, 36.438833], [128.669953, 36.438856], [128.669778, 36.438893]]}}, {"type": "Feature", "properties": {"name": "", "osm_id": 1306490775, "origin": "OBSERVED", "highway": "service"}, "geometry": {"type": "LineString", "coordinates": [[128.668646, 36.464022], [128.668578, 36.464983]]}}, {"type": "Feature", "properties": {"name": "", "osm_id": 1306490776, "origin": "OBSERVED", "highway": "service"}, "geometry": {"type": "LineString", "coordinates": [[128.669315, 36.463763], [128.669374, 36.463791], [128.669425, 36.463819], [128.669719, 36.464056], [128.670068, 36.464259], [128.670363, 36.464363], [128.670867, 36.464613], [128.67106, 36.464587]]}}, {"type": "Feature", "properties": {"name": "", "osm_id": 1306490777, "origin": "OBSERVED", "highway": "track"}, "geometry": {"type": "LineString", "coordinates": [[128.666632, 36.45673], [128.666184, 36.456018], [128.665594, 36.455097], [128.665181, 36.45461]]}}, {"type": "Feature", "properties": {"name": "", "osm_id": 1306490778, "origin": "OBSERVED", "highway": "track"}, "geometry": {"type": "LineString", "coordinates": [[128.662577, 36.458626], [128.66246, 36.458498], [128.662364, 36.458339], [128.662351, 36.458128], [128.662277, 36.458056]]}}, {"type": "Feature", "properties": {"name": "", "osm_id": 1306490779, "origin": "OBSERVED", "highway": "track"}, "geometry": {"type": "LineString", "coordinates": [[128.661616, 36.457961], [128.661797, 36.458031], [128.661932, 36.458107], [128.662196, 36.458319], [128.662294, 36.458415], [128.662431, 36.458564], [128.662505, 36.458666]]}}, {"type": "Feature", "properties": {"name": "", "osm_id": 1306490780, "origin": "OBSERVED", "highway": "track"}, "geometry": {"type": "LineString", "coordinates": [[128.658912, 36.47127], [128.658628, 36.471688], [128.658607, 36.471744], [128.658603, 36.471837], [128.658598, 36.471909], [128.658713, 36.472062], [128.658724, 36.472108], [128.658784, 36.472349], [128.658795, 36.472525], [128.658811, 36.472746], [128.65879, 36.472792], [128.658388, 36.472887], [128.658305, 36.472908]]}}, {"type": "Feature", "properties": {"name": "", "osm_id": 1306490781, "origin": "OBSERVED", "highway": "track"}, "geometry": {"type": "LineString", "coordinates": [[128.661422, 36.455803], [128.661079, 36.456349], [128.660889, 36.456612], [128.6608, 36.456725], [128.660413, 36.457078], [128.659765, 36.45767], [128.658968, 36.458405], [128.658351, 36.458997], [128.658353, 36.459024], [128.658843, 36.459359], [128.6589, 36.459398], [128.658815, 36.4596], [128.658693, 36.459869], [128.658594, 36.460136], [128.658534, 36.460475], [128.658471, 36.460632], [128.658434, 36.460723], [128.658377, 36.460809], [128.658269, 36.460884]]}}, {"type": "Feature", "properties": {"name": "", "osm_id": 1306490782, "origin": "OBSERVED", "highway": "track"}, "geometry": {"type": "LineString", "coordinates": [[128.65811, 36.46363], [128.65689, 36.463686]]}}, {"type": "Feature", "properties": {"name": "", "osm_id": 1306490783, "origin": "OBSERVED", "highway": "track"}, "geometry": {"type": "LineString", "coordinates": [[128.659593, 36.46402], [128.659384, 36.46421], [128.65922, 36.464378], [128.659017, 36.464521], [128.658805, 36.464665], [128.658614, 36.46476], [128.658194, 36.464984], [128.657933, 36.46512], [128.657753, 36.465269], [128.657407, 36.465573], [128.657276, 36.465726], [128.657085, 36.46599], [128.65704, 36.466052], [128.656898, 36.466369], [128.65679, 36.466665], [128.656729, 36.466911], [128.65675, 36.467249], [128.656774, 36.467469], [128.656734, 36.467793]]}}, {"type": "Feature", "properties": {"name": "", "osm_id": 1306490784, "origin": "OBSERVED", "highway": "track"}, "geometry": {"type": "LineString", "coordinates": [[128.658408, 36.466756], [128.658476, 36.466698], [128.658516, 36.466636], [128.658618, 36.466356], [128.658764, 36.4661], [128.658854, 36.465922], [128.65894, 36.465779], [128.659133, 36.465465], [128.659334, 36.465155], [128.659596, 36.464699], [128.659932, 36.464186], [128.66028, 36.463629], [128.660474, 36.463296], [128.660579, 36.463009], [128.660665, 36.462729], [128.660684, 36.462572], [128.660677, 36.462329], [128.660665, 36.46223], [128.660587, 36.461838], [128.660536, 36.46165], [128.660494, 36.461551], [128.660295, 36.461145], [128.66023, 36.46105], [128.660155, 36.460972], [128.660041, 36.460856], [128.659975, 36.460789], [128.65993, 36.460724], [128.65981, 36.460467], [128.659676, 36.460163], [128.659619, 36.460122], [128.659532, 36.46006], [128.659384, 36.46001], [128.659142, 36.459933], [128.65886, 36.459895], [128.658708, 36.459873], [128.658693, 36.459869], [128.658397, 36.459801], [128.658238, 36.459765]]}}, {"type": "Feature", "properties": {"name": "", "osm_id": 1306490785, "origin": "OBSERVED", "highway": "track"}, "geometry": {"type": "LineString", "coordinates": [[128.654633, 36.469267], [128.656187, 36.469288]]}}, {"type": "Feature", "properties": {"name": "", "osm_id": 1306490786, "origin": "OBSERVED", "highway": "track"}, "geometry": {"type": "LineString", "coordinates": [[128.654316, 36.471115], [128.656144, 36.471143]]}}, {"type": "Feature", "properties": {"name": "", "osm_id": 1306490787, "origin": "OBSERVED", "highway": "track"}, "geometry": {"type": "LineString", "coordinates": [[128.666831, 36.468744], [128.667173, 36.468761], [128.667377, 36.468722], [128.667715, 36.468706], [128.6682, 36.468705], [128.66825, 36.4687], [128.66834, 36.468665], [128.668372, 36.468597], [128.668396, 36.468537], [128.668416, 36.468309], [128.66843, 36.468197], [128.668508, 36.46813], [128.668655, 36.468026], [128.668735, 36.467964], [128.668883, 36.467874], [128.668982, 36.46783], [128.669059, 36.467829], [128.669115, 36.467857], [128.669147, 36.46791], [128.669264, 36.468049], [128.669312, 36.468094], [128.669511, 36.468171], [128.669622, 36.468203], [128.669748, 36.468205], [128.66989, 36.468184], [128.670064, 36.468145], [128.670175, 36.468101], [128.670242, 36.468102], [128.670384, 36.468093], [128.670482, 36.468067], [128.670522, 36.468051]]}}, {"type": "Feature", "properties": {"name": "", "osm_id": 1306490788, "origin": "OBSERVED", "highway": "track"}, "geometry": {"type": "LineString", "coordinates": [[128.680676, 36.467031], [128.680697, 36.467095], [128.680675, 36.467163], [128.6806, 36.467232], [128.680517, 36.467292], [128.680501, 36.467342], [128.680495, 36.467367]]}}, {"type": "Feature", "properties": {"name": "", "osm_id": 1306490790, "origin": "OBSERVED", "highway": "track"}, "geometry": {"type": "LineString", "coordinates": [[128.663413, 36.463249], [128.663346, 36.463572], [128.663316, 36.463899], [128.663283, 36.46416], [128.663278, 36.464197], [128.66323, 36.464825], [128.663238, 36.464967], [128.66334, 36.465069], [128.663444, 36.465233]]}}, {"type": "Feature", "properties": {"name": "", "osm_id": 1306490791, "origin": "OBSERVED", "highway": "service"}, "geometry": {"type": "LineString", "coordinates": [[128.664368, 36.464578], [128.664668, 36.464518], [128.664465, 36.46403], [128.664465, 36.463681], [128.664057, 36.463413], [128.663413, 36.463249]]}}, {"type": "Feature", "properties": {"name": "", "osm_id": 1306490792, "origin": "OBSERVED", "highway": "track"}, "geometry": {"type": "LineString", "coordinates": [[128.663917, 36.459541], [128.664314, 36.459604]]}}, {"type": "Feature", "properties": {"name": "", "osm_id": 1306490793, "origin": "OBSERVED", "highway": "unclassified"}, "geometry": {"type": "LineString", "coordinates": [[128.664314, 36.459604], [128.664293, 36.459764], [128.664247, 36.460109], [128.664158, 36.460368], [128.664113, 36.460551], [128.664099, 36.460726], [128.664217, 36.46097], [128.664247, 36.461039], [128.664035, 36.461044], [128.663819, 36.46102], [128.663707, 36.461005]]}}, {"type": "Feature", "properties": {"name": "", "osm_id": 1306490794, "origin": "OBSERVED", "highway": "track"}, "geometry": {"type": "LineString", "coordinates": [[128.663073, 36.463397], [128.66316, 36.462985], [128.66331, 36.462331], [128.663417, 36.461834], [128.663553, 36.46128], [128.663682, 36.460642], [128.663894, 36.459637]]}}, {"type": "Feature", "properties": {"name": "", "osm_id": 1306490795, "origin": "OBSERVED", "highway": "track"}, "geometry": {"type": "LineString", "coordinates": [[128.663126, 36.466011], [128.663068, 36.466011], [128.663017, 36.466007], [128.662775, 36.465998], [128.662673, 36.465998], [128.662588, 36.466148], [128.662584, 36.466295], [128.662599, 36.466445], [128.662583, 36.466512], [128.662548, 36.466801], [128.662537, 36.467083], [128.662544, 36.467472], [128.662592, 36.467698], [128.6626, 36.467772], [128.662584, 36.468227], [128.662534, 36.468863], [128.662483, 36.469529], [128.662424, 36.470127], [128.662342, 36.470483], [128.662308, 36.470621], [128.662293, 36.470771], [128.662312, 36.470913], [128.662255, 36.471188], [128.662077, 36.471605], [128.662031, 36.471671], [128.66196, 36.471717]]}}, {"type": "Feature", "properties": {"name": "", "osm_id": 1306490796, "origin": "OBSERVED", "highway": "track"}, "geometry": {"type": "LineString", "coordinates": [[128.662607, 36.470394], [128.662678, 36.470256], [128.662702, 36.470116], [128.662745, 36.469471], [128.662781, 36.469103], [128.662848, 36.468505], [128.662938, 36.467734], [128.663033, 36.46687], [128.663108, 36.466329], [128.663123, 36.466036], [128.663126, 36.466011], [128.663155, 36.465735], [128.663201, 36.465491], [128.663326, 36.465376], [128.663553, 36.46525], [128.663625, 36.465206]]}}, {"type": "Feature", "properties": {"name": "", "osm_id": 1306490797, "origin": "OBSERVED", "highway": "track"}, "geometry": {"type": "LineString", "coordinates": [[128.670319, 36.47251], [128.670303, 36.473287]]}}, {"type": "Feature", "properties": {"name": "", "osm_id": 1306490798, "origin": "OBSERVED", "highway": "track"}, "geometry": {"type": "LineString", "coordinates": [[128.66681, 36.470078], [128.666999, 36.470055], [128.667166, 36.470071], [128.667331, 36.470056], [128.667495, 36.47003], [128.667706, 36.469985], [128.667827, 36.469969], [128.66795, 36.469983]]}}, {"type": "Feature", "properties": {"name": "", "osm_id": 1306490799, "origin": "OBSERVED", "highway": "unclassified"}, "geometry": {"type": "LineString", "coordinates": [[128.665108, 36.470864], [128.665195, 36.470854], [128.665297, 36.470799], [128.665442, 36.470587], [128.665635, 36.470256], [128.665745, 36.470102], [128.666031, 36.469831], [128.666136, 36.469783], [128.666217, 36.469779], [128.666256, 36.469811], [128.666442, 36.47014], [128.6665, 36.470168], [128.666732, 36.47018], [128.66681, 36.470146], [128.66681, 36.470078], [128.666814, 36.469392], [128.666782, 36.469193], [128.666772, 36.469119], [128.66685, 36.468864], [128.666831, 36.468744], [128.66661, 36.468718], [128.666442, 36.468675], [128.666351, 36.468638], [128.665992, 36.468477], [128.665855, 36.468406], [128.665738, 36.468329], [128.665674, 36.468312], [128.665621, 36.468309], [128.665564, 36.468326], [128.665497, 36.468393], [128.665224, 36.468826]]}}, {"type": "Feature", "properties": {"name": "", "osm_id": 1306490801, "origin": "OBSERVED", "highway": "track"}, "geometry": {"type": "LineString", "coordinates": [[128.663702, 36.470577], [128.66369, 36.470484], [128.663664, 36.470386], [128.663543, 36.470261], [128.663445, 36.47018], [128.66338, 36.470095], [128.663383, 36.469966], [128.663497, 36.46949], [128.663603, 36.46909], [128.663638, 36.468985], [128.663674, 36.468936], [128.66383, 36.468784], [128.664571, 36.468241], [128.664652, 36.46816], [128.664907, 36.468248]]}}, {"type": "Feature", "properties": {"name": "", "osm_id": 1306490804, "origin": "OBSERVED", "highway": "track"}, "geometry": {"type": "LineString", "coordinates": [[128.667047, 36.473338], [128.667044, 36.472512], [128.66704, 36.470835], [128.667038, 36.470795]]}}, {"type": "Feature", "properties": {"name": "", "osm_id": 1306490805, "origin": "OBSERVED", "highway": "tertiary"}, "geometry": {"type": "LineString", "coordinates": [[128.662475, 36.470784], [128.662554, 36.470841], [128.662603, 36.470946], [128.662788, 36.471737], [128.662938, 36.472377], [128.662973, 36.472566], [128.662943, 36.472724], [128.662838, 36.472811], [128.662789, 36.472892]]}}, {"type": "Feature", "properties": {"name": "", "osm_id": 1306490806, "origin": "OBSERVED", "highway": "service"}, "geometry": {"type": "LineString", "coordinates": [[128.671994, 36.461002], [128.671854, 36.460896], [128.671752, 36.460835], [128.671601, 36.460758], [128.671366, 36.460682], [128.67121, 36.460579], [128.671119, 36.460497], [128.67106, 36.460415], [128.670894, 36.460242], [128.670502, 36.459992], [128.670357, 36.459871], [128.670239, 36.459742], [128.670218, 36.459599], [128.66981, 36.458883], [128.669757, 36.458784]]}}, {"type": "Feature", "properties": {"name": "", "osm_id": 1306490807, "origin": "OBSERVED", "highway": "track"}, "geometry": {"type": "LineString", "coordinates": [[128.652636, 36.462863], [128.653575, 36.46285], [128.653843, 36.462798], [128.653939, 36.462824], [128.653998, 36.462863], [128.654047, 36.462876], [128.654191, 36.463006], [128.654304, 36.463006], [128.654529, 36.462863], [128.654631, 36.462811], [128.655007, 36.462738], [128.655098, 36.462643], [128.655157, 36.46263], [128.655291, 36.462665], [128.655881, 36.46268], [128.65601, 36.46265], [128.656153, 36.4626]]}}, {"type": "Feature", "properties": {"name": "", "osm_id": 1306490808, "origin": "OBSERVED", "highway": "track"}, "geometry": {"type": "LineString", "coordinates": [[128.672446, 36.469776], [128.672401, 36.469788], [128.672246, 36.469771], [128.672116, 36.46972], [128.672038, 36.469683], [128.671967, 36.469677], [128.671687, 36.469741], [128.671491, 36.469746], [128.671312, 36.469832], [128.671267, 36.469839], [128.671163, 36.469773], [128.671065, 36.469646], [128.671033, 36.469571], [128.671073, 36.469513], [128.671133, 36.469494], [128.671245, 36.46946], [128.671293, 36.469423], [128.6713, 36.469307], [128.671274, 36.469227], [128.671203, 36.469136], [128.671128, 36.46907], [128.671015, 36.469], [128.67095, 36.468868], [128.670905, 36.468782], [128.670876, 36.468736], [128.670837, 36.468715], [128.670673, 36.46864], [128.670537, 36.468574], [128.670488, 36.468539], [128.670475, 36.468471], [128.670527, 36.468369], [128.670538, 36.468226], [128.670582, 36.468165], [128.670555, 36.468096], [128.670522, 36.468051], [128.670482, 36.467997], [128.670448, 36.467914], [128.670478, 36.467824], [128.670471, 36.467745], [128.670427, 36.467652], [128.670437, 36.467544], [128.670428, 36.467488], [128.670349, 36.467387], [128.670317, 36.46722], [128.67027, 36.466991], [128.67022, 36.466864], [128.670173, 36.466775]]}}, {"type": "Feature", "properties": {"name": "", "osm_id": 1306490809, "origin": "OBSERVED", "highway": "residential"}, "geometry": {"type": "LineString", "coordinates": [[128.681953, 36.467818], [128.682071, 36.467931], [128.682141, 36.467913], [128.682575, 36.467628], [128.682586, 36.467577], [128.68257, 36.467486], [128.682602, 36.467383], [128.682661, 36.467322], [128.68275, 36.46725]]}}, {"type": "Feature", "properties": {"name": "", "osm_id": 1306490810, "origin": "OBSERVED", "highway": "residential"}, "geometry": {"type": "LineString", "coordinates": [[128.681953, 36.467818], [128.681765, 36.467467]]}}, {"type": "Feature", "properties": {"name": "", "osm_id": 1306490811, "origin": "OBSERVED", "highway": "residential"}, "geometry": {"type": "LineString", "coordinates": [[128.681642, 36.467961], [128.681953, 36.467818]]}}, {"type": "Feature", "properties": {"name": "", "osm_id": 1306490812, "origin": "OBSERVED", "highway": "track"}, "geometry": {"type": "LineString", "coordinates": [[128.675568, 36.46968], [128.675556, 36.469598], [128.675588, 36.468938], [128.67555, 36.468787], [128.675448, 36.468537], [128.675486, 36.468347]]}}, {"type": "Feature", "properties": {"name": "", "osm_id": 1306490813, "origin": "OBSERVED", "highway": "track"}, "geometry": {"type": "LineString", "coordinates": [[128.674224, 36.470512], [128.674049, 36.470463], [128.673978, 36.470426], [128.673646, 36.470284], [128.673495, 36.470201], [128.67327, 36.470062], [128.672924, 36.469892], [128.672795, 36.469841], [128.672649, 36.469827], [128.672507, 36.469797], [128.672446, 36.469776]]}}, {"type": "Feature", "properties": {"name": "", "osm_id": 1306490814, "origin": "OBSERVED", "highway": "service"}, "geometry": {"type": "LineString", "coordinates": [[128.67728, 36.462258], [128.676995, 36.462197], [128.676827, 36.46221], [128.676612, 36.462292], [128.676548, 36.462438], [128.676553, 36.462568], [128.676516, 36.462719], [128.676441, 36.462848], [128.676435, 36.462891], [128.676317, 36.463077], [128.676274, 36.463116], [128.676097, 36.463154], [128.675915, 36.463146], [128.675266, 36.462917]]}}, {"type": "Feature", "properties": {"name": "", "osm_id": 1306490815, "origin": "OBSERVED", "highway": "service"}, "geometry": {"type": "LineString", "coordinates": [[128.676012, 36.464311], [128.676076, 36.46438], [128.676248, 36.464427], [128.676312, 36.464479], [128.676494, 36.46491], [128.6765, 36.465005], [128.676376, 36.465061], [128.676366, 36.465135], [128.676521, 36.465704], [128.676511, 36.465743], [128.676473, 36.465773], [128.676409, 36.465791], [128.67628, 36.465864], [128.67599, 36.466119], [128.675911, 36.466941]]}}, {"type": "Feature", "properties": {"name": "", "osm_id": 1306490816, "origin": "OBSERVED", "highway": "track"}, "geometry": {"type": "LineString", "coordinates": [[128.658059, 36.472066], [128.657724, 36.470923], [128.657418, 36.470122], [128.657364, 36.469989], [128.657201, 36.469954]]}}, {"type": "Feature", "properties": {"name": "", "osm_id": 1306490817, "origin": "OBSERVED", "highway": "track"}, "geometry": {"type": "LineString", "coordinates": [[128.658059, 36.472066], [128.658258, 36.472763], [128.658305, 36.472908], [128.658316, 36.472943], [128.658328, 36.473044]]}}, {"type": "Feature", "properties": {"name": "", "osm_id": 1306490818, "origin": "OBSERVED", "highway": "track"}, "geometry": {"type": "LineString", "coordinates": [[128.674641, 36.470321], [128.674523, 36.469954], [128.674377, 36.469681], [128.674308, 36.469587], [128.674212, 36.469505], [128.674035, 36.469402], [128.673935, 36.469251], [128.673649, 36.469048], [128.673606, 36.468793], [128.673466, 36.46866], [128.673498, 36.468453], [128.67337, 36.468276]]}}, {"type": "Feature", "properties": {"name": "", "osm_id": 1306490819, "origin": "OBSERVED", "highway": "service"}, "geometry": {"type": "LineString", "coordinates": [[128.67136, 36.462593], [128.671505, 36.462732], [128.671795, 36.462896]]}}, {"type": "Feature", "properties": {"name": "", "osm_id": 1306490820, "origin": "OBSERVED", "highway": "service"}, "geometry": {"type": "LineString", "coordinates": [[128.67136, 36.462593], [128.671092, 36.46277], [128.67098, 36.462874], [128.670765, 36.462984]]}}, {"type": "Feature", "properties": {"name": "", "osm_id": 1306490821, "origin": "OBSERVED", "highway": "service"}, "geometry": {"type": "LineString", "coordinates": [[128.67136, 36.462593], [128.671554, 36.462378], [128.671752, 36.462123], [128.671956, 36.461903]]}}, {"type": "Feature", "properties": {"name": "", "osm_id": 1306490822, "origin": "OBSERVED", "highway": "service"}, "geometry": {"type": "LineString", "coordinates": [[128.67106, 36.464587], [128.671082, 36.464617], [128.671119, 36.464841], [128.671127, 36.464995], [128.671135, 36.465062]]}}, {"type": "Feature", "properties": {"name": "", "osm_id": 1306490823, "origin": "OBSERVED", "highway": "service"}, "geometry": {"type": "LineString", "coordinates": [[128.67106, 36.464587], [128.671082, 36.464242], [128.671264, 36.463927], [128.671508, 36.463547], [128.671637, 36.463305]]}}, {"type": "Feature", "properties": {"name": "", "osm_id": 1306490824, "origin": "OBSERVED", "highway": "unclassified"}, "geometry": {"type": "LineString", "coordinates": [[128.663413, 36.463249], [128.663552, 36.462654], [128.663649, 36.462263], [128.663702, 36.462118], [128.663849, 36.461742], [128.663953, 36.461348], [128.663999, 36.461247], [128.664193, 36.461079], [128.664247, 36.461039], [128.664641, 36.460751], [128.664807, 36.460666], [128.665027, 36.460624], [128.665238, 36.460603], [128.665404, 36.460587], [128.665668, 36.460523], [128.666221, 36.460344], [128.666635, 36.460097], [128.666953, 36.459903]]}}, {"type": "Feature", "properties": {"name": "", "osm_id": 1306490825, "origin": "OBSERVED", "highway": "service"}, "geometry": {"type": "LineString", "coordinates": [[128.664368, 36.464578], [128.664057, 36.464449], [128.663633, 36.464186], [128.663595, 36.464177], [128.663468, 36.464176], [128.663324, 36.464162], [128.663283, 36.46416]]}}, {"type": "Feature", "properties": {"name": "", "osm_id": 1306490826, "origin": "OBSERVED", "highway": "residential"}, "geometry": {"type": "LineString", "coordinates": [[128.680047, 36.469127], [128.679716, 36.468992], [128.679439, 36.468847], [128.679102, 36.468735], [128.678867, 36.468636], [128.678404, 36.468429]]}}, {"type": "Feature", "properties": {"name": "", "osm_id": 1306490827, "origin": "OBSERVED", "highway": "track"}, "geometry": {"type": "LineString", "coordinates": [[128.670441, 36.47251], [128.670449, 36.471464], [128.670438, 36.471361], [128.670446, 36.471065], [128.670446, 36.470376]]}}, {"type": "Feature", "properties": {"name": "", "osm_id": 1306490828, "origin": "OBSERVED", "highway": "track"}, "geometry": {"type": "LineString", "coordinates": [[128.671873, 36.472521], [128.670441, 36.47251], [128.670319, 36.47251], [128.667044, 36.472512], [128.664604, 36.472495], [128.664325, 36.472541], [128.663166, 36.472793], [128.663032, 36.472793], [128.662943, 36.472724]]}}, {"type": "Feature", "properties": {"name": "", "osm_id": 1306490829, "origin": "OBSERVED", "highway": "service"}, "geometry": {"type": "LineString", "coordinates": [[128.66447, 36.465145], [128.664387, 36.464792], [128.66436, 36.464617], [128.664368, 36.464578]]}}, {"type": "Feature", "properties": {"name": "", "osm_id": 1306490830, "origin": "OBSERVED", "highway": "track"}, "geometry": {"type": "LineString", "coordinates": [[128.672285, 36.467226], [128.672182, 36.467225], [128.672071, 36.467197], [128.672028, 36.467216], [128.671847, 36.467465], [128.671722, 36.467622], [128.671655, 36.467642], [128.671487, 36.467664], [128.671502, 36.46772], [128.67169, 36.467847], [128.67171, 36.467896], [128.671701, 36.467944], [128.671674, 36.468004], [128.671595, 36.468096], [128.671446, 36.468286], [128.67144, 36.468354], [128.671483, 36.468418], [128.671656, 36.468492], [128.671789, 36.468509], [128.672079, 36.46853], [128.672139, 36.468547], [128.672255, 36.468677], [128.67235, 36.46883], [128.672444, 36.46902], [128.673007, 36.469378], [128.673056, 36.469464], [128.673056, 36.469563], [128.673034, 36.469597], [128.672965, 36.46965], [128.672836, 36.469684], [128.672551, 36.469689], [128.672473, 36.469714], [128.672446, 36.469776]]}}, {"type": "Feature", "properties": {"name": "", "osm_id": 1306490831, "origin": "OBSERVED", "highway": "service"}, "geometry": {"type": "LineString", "coordinates": [[128.673013, 36.461692], [128.672911, 36.461787], [128.672707, 36.462028], [128.672256, 36.462606], [128.672187, 36.462658], [128.672038, 36.462658], [128.672007, 36.462652]]}}, {"type": "Feature", "properties": {"name": "", "osm_id": 1306490832, "origin": "OBSERVED", "highway": "residential"}, "geometry": {"type": "LineString", "coordinates": [[128.684152, 36.471783], [128.684211, 36.471732], [128.68427, 36.47168], [128.684318, 36.471663], [128.684361, 36.471663], [128.684463, 36.471732], [128.684614, 36.47187], [128.684742, 36.471986], [128.684801, 36.471999], [128.684866, 36.472016]]}}, {"type": "Feature", "properties": {"name": "", "osm_id": 1306490833, "origin": "OBSERVED", "highway": "residential"}, "geometry": {"type": "LineString", "coordinates": [[128.684152, 36.471783], [128.684415, 36.472008], [128.68464, 36.47218], [128.684791, 36.472331], [128.684898, 36.472478], [128.685048, 36.47275], [128.685112, 36.472823]]}}, {"type": "Feature", "properties": {"name": "", "osm_id": 1306490834, "origin": "OBSERVED", "highway": "residential"}, "geometry": {"type": "LineString", "coordinates": [[128.684152, 36.471783], [128.683643, 36.471572], [128.683176, 36.471507], [128.682495, 36.471033], [128.682355, 36.470942], [128.682253, 36.470908], [128.682119, 36.47086], [128.681931, 36.470774], [128.681717, 36.470584], [128.681642, 36.47048], [128.68155, 36.470303], [128.681486, 36.470239], [128.681422, 36.470196], [128.681395, 36.470152], [128.681094, 36.469915]]}}, {"type": "Feature", "properties": {"name": "", "osm_id": 1306490835, "origin": "OBSERVED", "highway": "track"}, "geometry": {"type": "LineString", "coordinates": [[128.6648, 36.457679], [128.664276, 36.456823], [128.664258, 36.456793], [128.664138, 36.456624], [128.664087, 36.456543], [128.66399, 36.456409], [128.663834, 36.456305], [128.663657, 36.456227], [128.663142, 36.455997]]}}, {"type": "Feature", "properties": {"name": "", "osm_id": 1306490836, "origin": "OBSERVED", "highway": "residential"}, "geometry": {"type": "LineString", "coordinates": [[128.682554, 36.46982], [128.682763, 36.470269], [128.682988, 36.47064], [128.683074, 36.470873]]}}, {"type": "Feature", "properties": {"name": "", "osm_id": 1306490837, "origin": "OBSERVED", "highway": "residential"}, "geometry": {"type": "LineString", "coordinates": [[128.682554, 36.46982], [128.683026, 36.469708], [128.68338, 36.469441], [128.683423, 36.469423], [128.683471, 36.469372], [128.683466, 36.469272], [128.683771, 36.468681]]}}, {"type": "Feature", "properties": {"name": "", "osm_id": 1306490838, "origin": "OBSERVED", "highway": "residential"}, "geometry": {"type": "LineString", "coordinates": [[128.682554, 36.46982], [128.682355, 36.469514], [128.682344, 36.469367], [128.682258, 36.469251]]}}, {"type": "Feature", "properties": {"name": "", "osm_id": 1306490839, "origin": "OBSERVED", "highway": "service"}, "geometry": {"type": "LineString", "coordinates": [[128.674027, 36.463715], [128.673849, 36.463988], [128.673737, 36.464129], [128.673565, 36.464272], [128.673442, 36.464414], [128.673281, 36.464608], [128.672702, 36.465561]]}}, {"type": "Feature", "properties": {"name": "", "osm_id": 1306490840, "origin": "OBSERVED", "highway": "service"}, "geometry": {"type": "LineString", "coordinates": [[128.671956, 36.463418], [128.671666, 36.463327], [128.671637, 36.463305]]}}, {"type": "Feature", "properties": {"name": "", "osm_id": 1306490841, "origin": "OBSERVED", "highway": "service"}, "geometry": {"type": "LineString", "coordinates": [[128.671495, 36.463245], [128.671637, 36.463305]]}}, {"type": "Feature", "properties": {"name": "", "osm_id": 1306490842, "origin": "OBSERVED", "highway": "service"}, "geometry": {"type": "LineString", "coordinates": [[128.671495, 36.463245], [128.671548, 36.463159], [128.671698, 36.463025], [128.671795, 36.462896], [128.671854, 36.462822], [128.671941, 36.462692], [128.672007, 36.462652], [128.671973, 36.462624], [128.67192, 36.462559], [128.671753, 36.46246], [128.671554, 36.462378]]}}, {"type": "Feature", "properties": {"name": "", "osm_id": 1306490843, "origin": "OBSERVED", "highway": "service"}, "geometry": {"type": "LineString", "coordinates": [[128.671495, 36.463245], [128.671425, 36.463236], [128.671076, 36.463133], [128.670765, 36.462984], [128.670537, 36.462716], [128.670414, 36.462643], [128.670119, 36.462535], [128.669663, 36.462048], [128.669635, 36.461986], [128.669689, 36.461816], [128.67, 36.461274]]}}, {"type": "Feature", "properties": {"name": "", "osm_id": 1306490844, "origin": "OBSERVED", "highway": "track"}, "geometry": {"type": "LineString", "coordinates": [[128.677661, 36.469941], [128.677186, 36.470101], [128.676881, 36.470282], [128.675649, 36.471089], [128.672511, 36.473142], [128.672227, 36.473319], [128.671913, 36.473483], [128.67165, 36.473619], [128.67136, 36.473753], [128.671023, 36.473902], [128.670585, 36.474035], [128.669511, 36.474321], [128.669152, 36.474402], [128.668694, 36.474471], [128.668279, 36.474493], [128.667817, 36.47451], [128.66758, 36.47451], [128.667476, 36.474506], [128.667045, 36.474497], [128.665328, 36.474376], [128.665012, 36.474316], [128.66455, 36.474109], [128.664223, 36.473915], [128.664035, 36.473785], [128.663896, 36.47369], [128.663697, 36.473539], [128.663596, 36.473475], [128.663209, 36.473164], [128.662838, 36.472811]]}}, {"type": "Feature", "properties": {"name": "", "osm_id": 1306490847, "origin": "OBSERVED", "highway": "service"}, "geometry": {"type": "LineString", "coordinates": [[128.671956, 36.463418], [128.672519, 36.463487], [128.672777, 36.463495], [128.67342, 36.463551], [128.674027, 36.463715], [128.674236, 36.463763], [128.674633, 36.464026], [128.675384, 36.46419], [128.675733, 36.464229], [128.676012, 36.464311], [128.67628, 36.464315], [128.67709, 36.464099], [128.677245, 36.464119], [128.677283, 36.463866], [128.677567, 36.463694], [128.677685, 36.463668], [128.677927, 36.463638], [128.677954, 36.463608], [128.67797, 36.463569], [128.67797, 36.463517], [128.677937, 36.46337], [128.677954, 36.463254], [128.67805, 36.463163], [128.678163, 36.463137]]}}, {"type": "Feature", "properties": {"name": "", "osm_id": 1306490848, "origin": "OBSERVED", "highway": "track"}, "geometry": {"type": "LineString", "coordinates": [[128.656963, 36.472056], [128.657151, 36.47206], [128.658059, 36.472066]]}}, {"type": "Feature", "properties": {"name": "", "osm_id": 1306490849, "origin": "OBSERVED", "highway": "track"}, "geometry": {"type": "LineString", "coordinates": [[128.664081, 36.458692], [128.664247, 36.458381], [128.664448, 36.458068], [128.664579, 36.457915], [128.6648, 36.457679], [128.66513, 36.457423], [128.665358, 36.457267], [128.665714, 36.457091], [128.666325, 36.456856], [128.666632, 36.45673], [128.667106, 36.456535], [128.668013, 36.456144], [128.66915, 36.455654], [128.66974, 36.455398], [128.67, 36.45529], [128.670451, 36.455077], [128.671003, 36.454835], [128.671414, 36.454633], [128.671656, 36.454535], [128.671709, 36.454521], [128.671726, 36.454516], [128.671879, 36.454475], [128.672134, 36.454379], [128.672249, 36.454326]]}}, {"type": "Feature", "properties": {"name": "", "osm_id": 1306490850, "origin": "OBSERVED", "highway": "track"}, "geometry": {"type": "LineString", "coordinates": [[128.664081, 36.458692], [128.662882, 36.458553], [128.662702, 36.45859], [128.662577, 36.458626], [128.662505, 36.458666], [128.662317, 36.458734], [128.66216, 36.4588], [128.661878, 36.45891], [128.66167, 36.458969], [128.661259, 36.458967]]}}, {"type": "Feature", "properties": {"name": "", "osm_id": 1306490851, "origin": "OBSERVED", "highway": "track"}, "geometry": {"type": "LineString", "coordinates": [[128.664081, 36.458692], [128.663953, 36.459037], [128.663936, 36.459389], [128.663917, 36.459541], [128.663894, 36.459637]]}}, {"type": "Feature", "properties": {"name": "", "osm_id": 1306490852, "origin": "OBSERVED", "highway": "service"}, "geometry": {"type": "LineString", "coordinates": [[128.666076, 36.465114], [128.66606, 36.46501], [128.666028, 36.464773], [128.666039, 36.464581], [128.665996, 36.464401], [128.666023, 36.464375], [128.666111, 36.464345], [128.666184, 36.464337], [128.666822, 36.464246], [128.667219, 36.464229], [128.667552, 36.464233], [128.667666, 36.464234], [128.667895, 36.464158], [128.667959, 36.464134], [128.668075, 36.464114], [128.668389, 36.464086], [128.668571, 36.464056], [128.668646, 36.464022], [128.668793, 36.463499], [128.668884, 36.463235], [128.668916, 36.463116], [128.669002, 36.462785], [128.669045, 36.462425], [128.669077, 36.461989], [128.669476, 36.462026], [128.669445, 36.462456], [128.669383, 36.463], [128.669338, 36.463456], [128.669315, 36.463763], [128.669303, 36.463927], [128.669246, 36.46426], [128.669185, 36.464753], [128.669151, 36.465042]]}}, {"type": "Feature", "properties": {"name": "", "osm_id": 1306490854, "origin": "OBSERVED", "highway": "track"}, "geometry": {"type": "LineString", "coordinates": [[128.663142, 36.455997], [128.664639, 36.454912], [128.665181, 36.45461], [128.665782, 36.454398], [128.66625, 36.454278], [128.666608, 36.45423], [128.666924, 36.454213], [128.667713, 36.454243], [128.669649, 36.454288], [128.670325, 36.454359], [128.670862, 36.45442], [128.671463, 36.454493], [128.671607, 36.454508], [128.671709, 36.454521]]}}, {"type": "Feature", "properties": {"name": "", "osm_id": 1306490855, "origin": "OBSERVED", "highway": "track"}, "geometry": {"type": "LineString", "coordinates": [[128.663142, 36.455997], [128.662842, 36.45624], [128.662582, 36.456527], [128.662482, 36.456633], [128.662208, 36.457015], [128.66197, 36.457393], [128.661616, 36.457961], [128.661485, 36.458169], [128.661318, 36.458635], [128.661259, 36.458967], [128.661216, 36.459092], [128.661222, 36.459718], [128.661291, 36.460085], [128.661431, 36.460464], [128.66164, 36.460866], [128.662069, 36.46153], [128.662203, 36.461854], [128.662262, 36.462126], [128.662273, 36.462389], [128.662195, 36.462978], [128.662149, 36.463274], [128.662075, 36.463562], [128.661828, 36.464054], [128.661206, 36.464865], [128.660256, 36.466423], [128.660143, 36.46666], [128.660081, 36.466878], [128.660052, 36.467096], [128.660063, 36.467622], [128.660052, 36.467931], [128.659947, 36.468349], [128.659883, 36.468619], [128.659891, 36.468783], [128.659904, 36.46894], [128.659947, 36.469178], [128.660108, 36.469961], [128.660237, 36.470552], [128.660296, 36.47081], [128.660325, 36.470912], [128.660387, 36.471084], [128.660553, 36.471332], [128.660722, 36.471511], [128.66098, 36.471721], [128.66143, 36.472051], [128.661594, 36.472152]]}}, {"type": "Feature", "properties": {"name": "", "osm_id": 1306490856, "origin": "OBSERVED", "highway": "service"}, "geometry": {"type": "LineString", "coordinates": [[128.672101, 36.461748], [128.672144, 36.461649], [128.672176, 36.461355], [128.672208, 36.461273], [128.672267, 36.461209], [128.672525, 36.461049], [128.67267, 36.460829], [128.67305, 36.460605], [128.673072, 36.460566], [128.672991, 36.460449], [128.673008, 36.460397], [128.673184, 36.46022], [128.673254, 36.460052], [128.673437, 36.459932], [128.673614, 36.459923], [128.673737, 36.459867], [128.673925, 36.45972], [128.674247, 36.459504], [128.674483, 36.459319], [128.674606, 36.45925], [128.674703, 36.459263], [128.674778, 36.459306], [128.674896, 36.459427], [128.674992, 36.459491], [128.675062, 36.45947], [128.675164, 36.459405], [128.675303, 36.459241], [128.675518, 36.45906], [128.675663, 36.458935], [128.675942, 36.458547], [128.67614, 36.458309], [128.67636, 36.458094], [128.676526, 36.457878], [128.676602, 36.457839], [128.676704, 36.457813], [128.676806, 36.457753], [128.676988, 36.457554], [128.677229, 36.457498], [128.67739, 36.457438], [128.677642, 36.457252], [128.678151, 36.457046], [128.678602, 36.456955], [128.678945, 36.456817], [128.679101, 36.456714], [128.679235, 36.456567], [128.679364, 36.456308]]}}, {"type": "Feature", "properties": {"name": "", "osm_id": 1306490857, "origin": "OBSERVED", "highway": "service"}, "geometry": {"type": "LineString", "coordinates": [[128.672101, 36.461748], [128.672001, 36.461856], [128.671956, 36.461903]]}}, {"type": "Feature", "properties": {"name": "", "osm_id": 1306490858, "origin": "OBSERVED", "highway": "service"}, "geometry": {"type": "LineString", "coordinates": [[128.672101, 36.461748], [128.672562, 36.461908], [128.672707, 36.462028]]}}, {"type": "Feature", "properties": {"name": "", "osm_id": 1306490859, "origin": "OBSERVED", "highway": "track"}, "geometry": {"type": "LineString", "coordinates": [[128.655647, 36.464012], [128.655586, 36.464039], [128.655468, 36.464075], [128.655066, 36.464063], [128.65491, 36.464037], [128.654851, 36.464045], [128.654717, 36.464071], [128.65446, 36.464119], [128.654288, 36.464205], [128.653918, 36.464334], [128.65344, 36.464403], [128.65336, 36.464429], [128.653199, 36.464438], [128.653017, 36.464352], [128.652974, 36.464309], [128.65277, 36.464291], [128.652657, 36.46433]]}}, {"type": "Feature", "properties": {"name": "", "osm_id": 1306490860, "origin": "OBSERVED", "highway": "residential"}, "geometry": {"type": "LineString", "coordinates": [[128.682312, 36.469134], [128.682258, 36.469251]]}}, {"type": "Feature", "properties": {"name": "", "osm_id": 1306490861, "origin": "OBSERVED", "highway": "residential"}, "geometry": {"type": "LineString", "coordinates": [[128.682312, 36.469134], [128.682548, 36.469039], [128.68279, 36.468944], [128.682929, 36.468811], [128.683036, 36.468664], [128.683063, 36.468539], [128.683015, 36.468444], [128.682988, 36.468345], [128.683053, 36.468241], [128.683117, 36.468133]]}}, {"type": "Feature", "properties": {"name": "", "osm_id": 1306490862, "origin": "OBSERVED", "highway": "service"}, "geometry": {"type": "LineString", "coordinates": [[128.67362, 36.462336], [128.673766, 36.462285], [128.67422, 36.462253], [128.674375, 36.462158], [128.674451, 36.462063], [128.674526, 36.462011], [128.67488, 36.461847], [128.674976, 36.461765], [128.675041, 36.461679], [128.675062, 36.461605], [128.674601, 36.461036], [128.674729, 36.460842], [128.67474, 36.46063], [128.674815, 36.460453]]}}, {"type": "Feature", "properties": {"name": "", "osm_id": 1306490863, "origin": "OBSERVED", "highway": "service"}, "geometry": {"type": "LineString", "coordinates": [[128.674783, 36.463124], [128.674729, 36.463189], [128.674676, 36.463249], [128.674617, 36.463293], [128.674527, 36.463357], [128.674236, 36.463763]]}}, {"type": "Feature", "properties": {"name": "", "osm_id": 1306490864, "origin": "OBSERVED", "highway": "service"}, "geometry": {"type": "LineString", "coordinates": [[128.674783, 36.463124], [128.675116, 36.463085], [128.67518, 36.463042], [128.675266, 36.462917], [128.675419, 36.46271], [128.675569, 36.462516], [128.675623, 36.462404], [128.675687, 36.462317]]}}, {"type": "Feature", "properties": {"name": "", "osm_id": 1306490865, "origin": "OBSERVED", "highway": "service"}, "geometry": {"type": "LineString", "coordinates": [[128.674783, 36.463124], [128.674241, 36.462704], [128.67362, 36.462336], [128.673597, 36.462322], [128.673501, 36.462227], [128.673276, 36.461946], [128.673013, 36.461692], [128.672841, 36.461571], [128.672771, 36.461472], [128.672686, 36.461385], [128.67253, 36.461291], [128.672267, 36.461209], [128.672176, 36.461165], [128.671994, 36.461002]]}}, {"type": "Feature", "properties": {"name": "", "osm_id": 1306490866, "origin": "OBSERVED", "highway": "residential"}, "geometry": {"type": "LineString", "coordinates": [[128.680853, 36.46935], [128.68096, 36.469652], [128.681094, 36.469915], [128.681196, 36.470234], [128.681572, 36.47077], [128.681867, 36.471046], [128.682173, 36.471274], [128.68236, 36.471391], [128.683809, 36.472193], [128.684292, 36.472482], [128.684597, 36.472715], [128.685874, 36.47391], [128.686094, 36.474277], [128.686169, 36.474467], [128.686223, 36.4747], [128.686266, 36.475183]]}}, {"type": "Feature", "properties": {"name": "", "osm_id": 1306490867, "origin": "OBSERVED", "highway": "residential"}, "geometry": {"type": "LineString", "coordinates": [[128.680853, 36.46935], [128.680724, 36.468832], [128.680735, 36.468651], [128.68081, 36.468427], [128.68081, 36.468388], [128.680992, 36.467824]]}}, {"type": "Feature", "properties": {"name": "", "osm_id": 1306490868, "origin": "OBSERVED", "highway": "residential"}, "geometry": {"type": "LineString", "coordinates": [[128.680853, 36.46935], [128.681545, 36.46919], [128.681996, 36.469242], [128.682103, 36.469294], [128.682258, 36.469251]]}}, {"type": "Feature", "properties": {"name": "", "osm_id": 1306490869, "origin": "OBSERVED", "highway": "track"}, "geometry": {"type": "LineString", "coordinates": [[128.681883, 36.463985], [128.681829, 36.464434], [128.681872, 36.464844], [128.681835, 36.464925], [128.681663, 36.465107], [128.681599, 36.46521], [128.681567, 36.465314], [128.681583, 36.465469], [128.681556, 36.465551], [128.681395, 36.465711], [128.681336, 36.465797], [128.681357, 36.46587], [128.681438, 36.465991], [128.6814, 36.466159], [128.681309, 36.466306], [128.681078, 36.466552], [128.680783, 36.466958], [128.680676, 36.467031], [128.680494, 36.46691], [128.680435, 36.466811], [128.680397, 36.46666], [128.680392, 36.466556], [128.680424, 36.466436], [128.680439, 36.466361], [128.680435, 36.466289], [128.680381, 36.466099], [128.680295, 36.465926], [128.680177, 36.465758], [128.680086, 36.465659], [128.679324, 36.465133], [128.677983, 36.464529], [128.677688, 36.464356], [128.677447, 36.464183], [128.677245, 36.464119]]}}, {"type": "Feature", "properties": {"name": "", "osm_id": 1306490870, "origin": "OBSERVED", "highway": "track"}, "geometry": {"type": "LineString", "coordinates": [[128.677661, 36.469941], [128.677431, 36.469622], [128.677393, 36.469592], [128.677023, 36.469113]]}}, {"type": "Feature", "properties": {"name": "", "osm_id": 1306490872, "origin": "OBSERVED", "highway": "track"}, "geometry": {"type": "LineString", "coordinates": [[128.677661, 36.469941], [128.678096, 36.469863], [128.678417, 36.469827], [128.678654, 36.469855], [128.678997, 36.469898], [128.679726, 36.470079], [128.680025, 36.470089]]}}, {"type": "Feature", "properties": {"name": "", "osm_id": 1306490873, "origin": "OBSERVED", "highway": "residential"}, "geometry": {"type": "LineString", "coordinates": [[128.681846, 36.468168], [128.681786, 36.468129], [128.681642, 36.467961], [128.68148, 36.46785]]}}, {"type": "Feature", "properties": {"name": "", "osm_id": 1306490874, "origin": "OBSERVED", "highway": "residential"}, "geometry": {"type": "LineString", "coordinates": [[128.681846, 36.468168], [128.682001, 36.468306], [128.682028, 36.468396], [128.682167, 36.468625], [128.682312, 36.469134]]}}, {"type": "Feature", "properties": {"name": "", "osm_id": 1306490875, "origin": "OBSERVED", "highway": "residential"}, "geometry": {"type": "LineString", "coordinates": [[128.681846, 36.468168], [128.681427, 36.468371], [128.681196, 36.468522], [128.681041, 36.468461], [128.680864, 36.468444], [128.68081, 36.468427]]}}, {"type": "Feature", "properties": {"name": "", "osm_id": 1306490876, "origin": "OBSERVED", "highway": "residential"}, "geometry": {"type": "LineString", "coordinates": [[128.677288, 36.468179], [128.676966, 36.468308], [128.677063, 36.468541], [128.677015, 36.468666], [128.677025, 36.468731], [128.677272, 36.468968]]}}, {"type": "Feature", "properties": {"name": "", "osm_id": 1306490877, "origin": "OBSERVED", "highway": "residential"}, "geometry": {"type": "LineString", "coordinates": [[128.677288, 36.468179], [128.677943, 36.468429], [128.678093, 36.468502]]}}, {"type": "Feature", "properties": {"name": "", "osm_id": 1306490878, "origin": "OBSERVED", "highway": "residential"}, "geometry": {"type": "LineString", "coordinates": [[128.677288, 36.468179], [128.677122, 36.468041], [128.676918, 36.467868], [128.676752, 36.467695], [128.676645, 36.467596], [128.67651, 36.467501], [128.676382, 36.467398], [128.676166, 36.467067]]}}, {"type": "Feature", "properties": {"name": "", "osm_id": 1306490880, "origin": "OBSERVED", "highway": "track"}, "geometry": {"type": "LineString", "coordinates": [[128.662075, 36.463562], [128.66215, 36.463562], [128.662579, 36.463364], [128.662853, 36.463338], [128.663073, 36.463397], [128.66292, 36.464153], [128.662833, 36.464596], [128.662776, 36.464985], [128.662769, 36.46523], [128.662774, 36.465452]]}}, {"type": "Feature", "properties": {"name": "", "osm_id": 1306490882, "origin": "OBSERVED", "highway": "track"}, "geometry": {"type": "LineString", "coordinates": [[128.664276, 36.456823], [128.664749, 36.456619], [128.666184, 36.456018], [128.668145, 36.455231], [128.668606, 36.45514], [128.669343, 36.454994], [128.669765, 36.454869], [128.670059, 36.454645], [128.670282, 36.454666], [128.670685, 36.45456], [128.670862, 36.45442]]}}, {"type": "Feature", "properties": {"name": "", "osm_id": 1306490885, "origin": "OBSERVED", "highway": "track"}, "geometry": {"type": "LineString", "coordinates": [[128.673834, 36.470843], [128.673847, 36.471106], [128.673842, 36.471576], [128.673783, 36.47165], [128.673579, 36.471809], [128.673026, 36.472167], [128.672774, 36.472353], [128.67256, 36.472482], [128.672436, 36.472526], [128.671873, 36.472521]]}}, {"type": "Feature", "properties": {"name": "", "osm_id": 1306490886, "origin": "OBSERVED", "highway": "residential"}, "geometry": {"type": "LineString", "coordinates": [[128.673834, 36.470843], [128.673851, 36.470738], [128.673885, 36.470683], [128.673983, 36.470598], [128.674224, 36.470512], [128.674292, 36.47049], [128.674491, 36.470416], [128.674641, 36.470321], [128.674742, 36.470271], [128.674896, 36.470187], [128.675418, 36.469804], [128.675568, 36.46968], [128.676018, 36.469411], [128.676384, 36.469234], [128.676572, 36.469177], [128.677023, 36.469113], [128.677272, 36.468968], [128.677629, 36.468716], [128.677787, 36.468604], [128.678093, 36.468502], [128.678404, 36.468429], [128.679077, 36.467909], [128.679565, 36.467745], [128.679782, 36.467659], [128.67991, 36.46757]]}}, {"type": "Feature", "properties": {"name": "", "osm_id": 1306490887, "origin": "OBSERVED", "highway": "residential"}, "geometry": {"type": "LineString", "coordinates": [[128.681923, 36.467288], [128.682237, 36.467469], [128.682275, 36.467478], [128.682576, 36.4672]]}}, {"type": "Feature", "properties": {"name": "", "osm_id": 1337992489, "origin": "OBSERVED", "highway": "track"}, "geometry": {"type": "LineString", "coordinates": [[128.643637, 36.452814], [128.643696, 36.452716], [128.643799, 36.452654], [128.64382, 36.4526], [128.643763, 36.452509], [128.643619, 36.45231], [128.643665, 36.452199], [128.643696, 36.451979], [128.643789, 36.451834], [128.64383, 36.451532], [128.643994, 36.45128], [128.644056, 36.45106], [128.644257, 36.450758], [128.644381, 36.450597], [128.644555, 36.450398], [128.644643, 36.450257], [128.644694, 36.450112], [128.644741, 36.449798], [128.644792, 36.449694], [128.64488, 36.44962], [128.645003, 36.449566], [128.645065, 36.449508], [128.645091, 36.449396], [128.645039, 36.4488]]}}, {"type": "Feature", "properties": {"name": "", "osm_id": 1337992490, "origin": "OBSERVED", "highway": "track"}, "geometry": {"type": "LineString", "coordinates": [[128.645362, 36.448342], [128.645518, 36.448022], [128.64576, 36.447753], [128.645898, 36.447641], [128.646125, 36.447575], [128.646182, 36.447525], [128.646212, 36.447438], [128.646249, 36.447144], [128.646382, 36.446602], [128.646392, 36.446433], [128.646351, 36.446366], [128.646238, 36.446325], [128.646089, 36.446321], [128.645791, 36.446271], [128.645631, 36.44623], [128.645549, 36.446106], [128.645518, 36.445903], [128.645492, 36.445551], [128.645391, 36.445398], [128.645129, 36.445236], [128.644995, 36.445145], [128.644939, 36.444984], [128.64481, 36.444665], [128.644661, 36.444392], [128.64464, 36.444342], [128.644759, 36.443999], [128.644815, 36.443816], [128.64482, 36.443738], [128.644985, 36.443498], [128.645134, 36.443336], [128.645139, 36.443253], [128.645108, 36.443018], [128.645175, 36.442703], [128.645289, 36.442504], [128.645355, 36.442322], [128.645371, 36.442225], [128.645444, 36.442121], [128.645669, 36.441979], [128.645816, 36.441774], [128.645928, 36.441682], [128.645961, 36.441621], [128.645957, 36.441343], [128.645992, 36.440964], [128.64605, 36.440629], [128.64627, 36.440225], [128.646305, 36.440112], [128.646347, 36.439934], [128.646647, 36.439445], [128.646702, 36.439312], [128.646695, 36.439087], [128.646722, 36.438828], [128.646684, 36.438516], [128.646715, 36.438376], [128.646763, 36.438052], [128.646823, 36.437806], [128.646891, 36.43774], [128.647074, 36.437584], [128.6472, 36.43745], [128.647246, 36.43732], [128.647222, 36.437205], [128.647186, 36.437092], [128.647277, 36.436808], [128.64729, 36.436519], [128.647277, 36.43631], [128.647233, 36.436108], [128.647195, 36.435968], [128.647202, 36.435853], [128.647277, 36.435716], [128.647398, 36.435606], [128.647448, 36.435507]]}}, {"type": "Feature", "properties": {"name": "", "osm_id": 1337992491, "origin": "OBSERVED", "highway": "track"}, "geometry": {"type": "LineString", "coordinates": [[128.645039, 36.4488], [128.64507, 36.448672], [128.645142, 36.448564], [128.645281, 36.448523], [128.645362, 36.448342]]}}, {"type": "Feature", "properties": {"name": "", "osm_id": 1420398278, "origin": "OBSERVED", "highway": "unclassified"}, "geometry": {"type": "LineString", "coordinates": [[128.638814, 36.43818], [128.638903, 36.438347], [128.638953, 36.43846], [128.639007, 36.438604], [128.639056, 36.438718], [128.639115, 36.438862], [128.639162, 36.438944], [128.639251, 36.439043], [128.639343, 36.439116], [128.639413, 36.439206], [128.639455, 36.43929], [128.639523, 36.439446], [128.639578, 36.43955], [128.639606, 36.439609], [128.639604, 36.439643], [128.639566, 36.439684], [128.639497, 36.439749], [128.639434, 36.439808], [128.639398, 36.439866], [128.639381, 36.43995], [128.639393, 36.440104], [128.639428, 36.440312], [128.639488, 36.440538], [128.639506, 36.440637], [128.639501, 36.440699]]}}, {"type": "Feature", "properties": {"name": "", "osm_id": 1420402875, "origin": "OBSERVED", "highway": "unclassified"}, "geometry": {"type": "LineString", "coordinates": [[128.632883, 36.439436], [128.632831, 36.439595], [128.632725, 36.439757], [128.632509, 36.439902], [128.632306, 36.440076], [128.632222, 36.44028], [128.632108, 36.440405], [128.631998, 36.440515], [128.631935, 36.440596], [128.63188, 36.440687], [128.631831, 36.440841], [128.631766, 36.44116], [128.631639, 36.441502], [128.631566, 36.441621], [128.631564, 36.441767], [128.631599, 36.441951], [128.631604, 36.442156], [128.631649, 36.44234], [128.631651, 36.442476], [128.631557, 36.442601], [128.631293, 36.442883], [128.631201, 36.442953], [128.630999, 36.44308]]}}, {"type": "Feature", "properties": {"name": "", "osm_id": 1421459289, "origin": "OBSERVED", "highway": "residential"}, "geometry": {"type": "LineString", "coordinates": [[128.69242, 36.53939], [128.69238, 36.539263], [128.692336, 36.539101], [128.692304, 36.538918], [128.692274, 36.538788], [128.692262, 36.538712], [128.692283, 36.538628], [128.692341, 36.538522], [128.692399, 36.538341], [128.692459, 36.538153], [128.692545, 36.537933], [128.692635, 36.537775], [128.692733, 36.537619], [128.692797, 36.537494], [128.692827, 36.537363], [128.692827, 36.537276], [128.692795, 36.537172], [128.692735, 36.537082], [128.692675, 36.537015], [128.692617, 36.536913], [128.692626, 36.536831], [128.692677, 36.53673], [128.692686, 36.536641], [128.692672, 36.536481], [128.692719, 36.536213], [128.692763, 36.535905], [128.692797, 36.535706], [128.692802, 36.535486], [128.692777, 36.535294], [128.692767, 36.535041], [128.692739, 36.534933], [128.692665, 36.534728], [128.692596, 36.534611], [128.69258, 36.534045], [128.692556, 36.533965], [128.692549, 36.5339], [128.692568, 36.533855], [128.692596, 36.533786], [128.692615, 36.533731], [128.692607, 36.533705], [128.692549, 36.53367], [128.692463, 36.533604], [128.692355, 36.533531], [128.692291, 36.533508], [128.692223, 36.5335], [128.692158, 36.53349], [128.692079, 36.533462], [128.692016, 36.533426], [128.69194, 36.533296], [128.691872, 36.533178], [128.691786, 36.533037], [128.691699, 36.532915]]}}, {"type": "Feature", "properties": {"name": "", "osm_id": 1421459290, "origin": "OBSERVED", "highway": "residential"}, "geometry": {"type": "LineString", "coordinates": [[128.691699, 36.532915], [128.691722, 36.53284], [128.69174, 36.532722], [128.69173, 36.532611], [128.691706, 36.532493], [128.691666, 36.53223], [128.691655, 36.532193], [128.691602, 36.532136], [128.691542, 36.532094], [128.691532, 36.53205], [128.691601, 36.531933], [128.691616, 36.531796], [128.691606, 36.531681], [128.691569, 36.531559], [128.691569, 36.531484], [128.69159, 36.531379], [128.691616, 36.531282], [128.691606, 36.531151], [128.691593, 36.531069], [128.691577, 36.53102], [128.691583, 36.530974], [128.691624, 36.530943], [128.691708, 36.530994], [128.691787, 36.531085], [128.691829, 36.531112], [128.69189, 36.531112], [128.691929, 36.531086], [128.691929, 36.531013], [128.69183, 36.530796], [128.691862, 36.530775], [128.691959, 36.530827], [128.692106, 36.53107], [128.692157, 36.5311], [128.692222, 36.531099], [128.692288, 36.531048], [128.692419, 36.530924], [128.692506, 36.530879], [128.692653, 36.530838], [128.692763, 36.530839], [128.692869, 36.530868], [128.692934, 36.530922], [128.693124, 36.531076], [128.693255, 36.531202], [128.693352, 36.53123], [128.693443, 36.531237], [128.69356, 36.531215], [128.69373, 36.531161], [128.69387, 36.531131], [128.694027, 36.531121], [128.694223, 36.5311], [128.694405, 36.531029], [128.694512, 36.530951], [128.694565, 36.530793], [128.694657, 36.530672], [128.694736, 36.530593], [128.694879, 36.530393], [128.694971, 36.530296], [128.695047, 36.530204], [128.695166, 36.530117], [128.695293, 36.530024], [128.695492, 36.52982], [128.695557, 36.529716], [128.695579, 36.529592], [128.695631, 36.529454], [128.695695, 36.529365], [128.695766, 36.529257], [128.69579, 36.529171], [128.695812, 36.529064], [128.695812, 36.528893], [128.695827, 36.528678], [128.695827, 36.528551], [128.695846, 36.528495], [128.695891, 36.52848], [128.696, 36.528522], [128.696144, 36.528556], [128.696278, 36.52857], [128.6964, 36.528563], [128.696527, 36.528583], [128.696616, 36.528678], [128.696808, 36.528856], [128.696957, 36.529008], [128.697264, 36.529205]]}}, {"type": "Feature", "properties": {"name": "", "osm_id": 1421525541, "origin": "OBSERVED", "highway": "residential"}, "geometry": {"type": "LineString", "coordinates": [[128.780239, 36.530573], [128.780266, 36.530321], [128.7803, 36.530108], [128.780327, 36.529948], [128.780338, 36.529871], [128.780343, 36.529816], [128.780345, 36.529804], [128.780353, 36.529748], [128.780358, 36.529705], [128.780359, 36.529674], [128.780351, 36.529646], [128.780336, 36.529605], [128.780303, 36.529533], [128.780287, 36.529499], [128.78024, 36.529401], [128.780192, 36.529318], [128.78016, 36.529259], [128.780141, 36.529222], [128.78013, 36.529178], [128.78013, 36.529099], [128.780135, 36.52896], [128.780149, 36.528833], [128.780158, 36.528733], [128.780167, 36.528665], [128.780182, 36.528603], [128.780215, 36.528542], [128.78026, 36.528463], [128.780306, 36.528406], [128.780329, 36.528378], [128.780353, 36.528321], [128.780374, 36.528276], [128.780379, 36.528249], [128.780374, 36.528214], [128.780341, 36.528154], [128.780304, 36.528024], [128.780283, 36.527963], [128.780285, 36.527926], [128.780289, 36.527883], [128.780312, 36.527816], [128.780361, 36.527694], [128.78041, 36.52759], [128.780437, 36.527545], [128.780469, 36.527487], [128.78048, 36.52745], [128.780484, 36.527439], [128.780491, 36.527393], [128.780485, 36.527366], [128.78047, 36.527313], [128.78046, 36.527232], [128.78046, 36.527209], [128.78046, 36.527186], [128.780464, 36.527155], [128.780466, 36.527129], [128.780464, 36.527105], [128.78046, 36.527077], [128.780448, 36.527048], [128.780413, 36.526992], [128.780376, 36.52694], [128.780348, 36.526889], [128.78033, 36.526858], [128.78028, 36.526814], [128.78024, 36.526774], [128.780221, 36.526751], [128.780209, 36.526737], [128.780205, 36.526719], [128.780205, 36.526699], [128.780201, 36.526679], [128.780194, 36.526664], [128.780182, 36.526643], [128.780169, 36.526632], [128.780154, 36.526628], [128.780125, 36.526612], [128.780073, 36.526596], [128.77996, 36.52655], [128.779925, 36.526506], [128.779893, 36.52646], [128.779834, 36.526416], [128.779795, 36.526394], [128.779728, 36.526365], [128.779691, 36.526343], [128.779665, 36.526321], [128.779655, 36.526298], [128.779645, 36.526209], [128.779643, 36.526153], [128.779641, 36.526059]]}}, {"type": "Feature", "properties": {"name": "", "osm_id": 1421656588, "origin": "OBSERVED", "highway": "residential"}, "geometry": {"type": "LineString", "coordinates": [[128.637264, 36.486668], [128.637153, 36.486406], [128.637098, 36.486249], [128.637038, 36.486077], [128.637027, 36.485987], [128.636994, 36.485735], [128.636997, 36.485603], [128.63691, 36.485362], [128.636775, 36.48501], [128.636706, 36.484878], [128.636627, 36.48475], [128.636442, 36.484505], [128.636266, 36.484294], [128.636247, 36.484261], [128.636191, 36.484167], [128.636174, 36.484075], [128.636163, 36.483948], [128.636217, 36.483827], [128.636284, 36.483768], [128.636445, 36.483668], [128.636683, 36.483516], [128.636865, 36.483359], [128.636921, 36.483258], [128.636949, 36.483036]]}}, {"type": "Feature", "properties": {"name": "", "osm_id": 1421656589, "origin": "OBSERVED", "highway": "residential"}, "geometry": {"type": "LineString", "coordinates": [[128.637054, 36.48348], [128.637045, 36.483516], [128.636992, 36.483575], [128.636736, 36.483746], [128.636573, 36.483827], [128.636464, 36.483913], [128.636434, 36.483963], [128.636419, 36.484027], [128.636421, 36.484089], [128.63644, 36.484146], [128.636487, 36.484218], [128.636642, 36.484398], [128.636719, 36.484496], [128.636895, 36.484755]]}}, {"type": "Feature", "properties": {"name": "", "osm_id": 1421656590, "origin": "OBSERVED", "highway": "residential"}, "geometry": {"type": "LineString", "coordinates": [[128.633236, 36.482333], [128.633211, 36.482742], [128.633193, 36.482876], [128.633161, 36.482953], [128.633072, 36.483044], [128.633068, 36.483089], [128.633102, 36.48314], [128.633119, 36.483188], [128.633119, 36.483225], [128.633106, 36.483295], [128.633082, 36.483346], [128.633055, 36.483381], [128.633004, 36.483443], [128.632895, 36.483556], [128.632849, 36.483591], [128.632759, 36.48361], [128.632643, 36.483617], [128.632564, 36.483617], [128.632458, 36.4836], [128.632406, 36.483571], [128.632133, 36.483364], [128.632004, 36.483251]]}}, {"type": "Feature", "properties": {"name": "", "osm_id": 1421656591, "origin": "OBSERVED", "highway": "residential"}, "geometry": {"type": "LineString", "coordinates": [[128.631932, 36.483996], [128.632078, 36.483879], [128.632177, 36.483837], [128.632223, 36.483798], [128.632264, 36.483758], [128.632406, 36.483571]]}}, {"type": "Feature", "properties": {"name": "", "osm_id": 1421656592, "origin": "OBSERVED", "highway": "residential"}, "geometry": {"type": "LineString", "coordinates": [[128.633055, 36.483381], [128.633343, 36.483556], [128.633419, 36.483611], [128.633505, 36.483641], [128.633758, 36.483684], [128.633829, 36.483697], [128.633911, 36.483728], [128.634122, 36.483812], [128.634256, 36.483847], [128.634436, 36.483888], [128.634653, 36.483927], [128.634753, 36.483943], [128.634796, 36.483947], [128.63491, 36.483932], [128.635068, 36.48388], [128.635275, 36.483794], [128.635494, 36.483719], [128.635554, 36.483703]]}}, {"type": "Feature", "properties": {"name": "", "osm_id": 1421656593, "origin": "OBSERVED", "highway": "residential"}, "geometry": {"type": "LineString", "coordinates": [[128.635554, 36.483703], [128.635645, 36.483862], [128.635685, 36.483949], [128.635714, 36.484006], [128.635736, 36.484045], [128.635773, 36.484074], [128.635987, 36.484169]]}}, {"type": "Feature", "properties": {"name": "", "osm_id": 1421656594, "origin": "OBSERVED", "highway": "residential"}, "geometry": {"type": "LineString", "coordinates": [[128.635718, 36.48473], [128.635735, 36.484527], [128.635745, 36.484408], [128.635761, 36.484372], [128.635793, 36.48435], [128.635833, 36.484328], [128.635886, 36.484308], [128.63592, 36.484279], [128.635987, 36.484169], [128.636075, 36.484211], [128.636174, 36.484253], [128.636247, 36.484261]]}}, {"type": "Feature", "properties": {"name": "", "osm_id": 1421656595, "origin": "OBSERVED", "highway": "residential"}, "geometry": {"type": "LineString", "coordinates": [[128.635554, 36.483703], [128.63546, 36.483482], [128.635441, 36.483428], [128.635415, 36.483283], [128.635418, 36.483197], [128.635425, 36.483118], [128.635444, 36.483008], [128.635513, 36.482788], [128.63554, 36.48274]]}}, {"type": "Feature", "properties": {"name": "", "osm_id": 1421656596, "origin": "OBSERVED", "highway": "residential"}, "geometry": {"type": "LineString", "coordinates": [[128.63448, 36.483447], [128.634522, 36.483286], [128.634562, 36.483112], [128.634563, 36.483022], [128.634583, 36.482922], [128.634612, 36.482835], [128.634643, 36.482748], [128.634685, 36.482632]]}}, {"type": "Feature", "properties": {"name": "", "osm_id": 1421656597, "origin": "OBSERVED", "highway": "residential"}, "geometry": {"type": "LineString", "coordinates": [[128.634325, 36.482573], [128.63429, 36.482749], [128.634267, 36.482874], [128.634243, 36.482938], [128.634187, 36.483024], [128.634019, 36.483329], [128.633945, 36.483478], [128.633878, 36.483621], [128.633829, 36.483697]]}}, {"type": "Feature", "properties": {"name": "", "osm_id": 1421656598, "origin": "OBSERVED", "highway": "residential"}, "geometry": {"type": "LineString", "coordinates": [[128.633475, 36.483212], [128.633554, 36.483055], [128.633615, 36.482945], [128.633627, 36.482905], [128.633645, 36.48284], [128.633666, 36.482783], [128.633695, 36.482719], [128.633721, 36.482658], [128.633716, 36.482615], [128.633713, 36.482464]]}}, {"type": "Feature", "properties": {"name": "", "osm_id": 1421656599, "origin": "OBSERVED", "highway": "residential"}, "geometry": {"type": "LineString", "coordinates": [[128.636116, 36.483629], [128.636198, 36.483517], [128.636222, 36.483467], [128.636227, 36.483435], [128.636228, 36.483392], [128.636229, 36.483317], [128.636227, 36.483243], [128.636206, 36.483138], [128.636208, 36.483056], [128.636218, 36.482987], [128.636246, 36.482904]]}}, {"type": "Feature", "properties": {"name": "", "osm_id": 1421656600, "origin": "OBSERVED", "highway": "service"}, "geometry": {"type": "LineString", "coordinates": [[128.630986, 36.462115], [128.63113, 36.462155], [128.631196, 36.462194], [128.631251, 36.462236], [128.631293, 36.462283], [128.631332, 36.462329], [128.631333, 36.46235], [128.631332, 36.462381], [128.631315, 36.462424], [128.631283, 36.462453], [128.630842, 36.462724], [128.63075, 36.462766], [128.63068, 36.462789], [128.630586, 36.462811], [128.630424, 36.462827], [128.63029, 36.46282], [128.629891, 36.462784], [128.629595, 36.462744], [128.629441, 36.462705], [128.62938, 36.462673], [128.629346, 36.462646], [128.629301, 36.462598], [128.629281, 36.462552], [128.629278, 36.462492], [128.629292, 36.462447], [128.629327, 36.462399], [128.629386, 36.46234], [128.629461, 36.46228], [128.629534, 36.462229], [128.629725, 36.462091], [128.629857, 36.462003], [128.62991, 36.461955], [128.629952, 36.461902], [128.630042, 36.461802], [128.630093, 36.461748], [128.630138, 36.461697], [128.630166, 36.461665], [128.630183, 36.461634], [128.630192, 36.461609], [128.63019, 36.461579], [128.630181, 36.461556], [128.630148, 36.461518], [128.630095, 36.461501], [128.630055, 36.461505], [128.62994, 36.461546], [128.62967, 36.461636], [128.629451, 36.461716], [128.629364, 36.461753], [128.629198, 36.461809], [128.629087, 36.46183], [128.629006, 36.461849], [128.628898, 36.461898], [128.628833, 36.461932], [128.628757, 36.461976], [128.628666, 36.46202], [128.62856, 36.462088], [128.628483, 36.46216], [128.628446, 36.462223], [128.628407, 36.462351], [128.628378, 36.462434], [128.628382, 36.462466], [128.628421, 36.462493], [128.628486, 36.462533], [128.628505, 36.462559], [128.628525, 36.46262], [128.62853, 36.462685], [128.628546, 36.462811], [128.628595, 36.463013], [128.628626, 36.463216], [128.628653, 36.463454], [128.628647, 36.46356], [128.628565, 36.463803], [128.628493, 36.463924], [128.628458, 36.464014], [128.628364, 36.464257], [128.628283, 36.4644], [128.628206, 36.464579], [128.628115, 36.464785], [128.62802, 36.46496], [128.628002, 36.465034], [128.628012, 36.465084], [128.628049, 36.465132], [128.628087, 36.465164], [128.628234, 36.465235], [128.628304, 36.465252], [128.62838, 36.465259], [128.628431, 36.465287], [128.628447, 36.465316], [128.628447, 36.465361], [128.628419, 36.465409], [128.628355, 36.46546], [128.62826, 36.465501], [128.628124, 36.465565], [128.627911, 36.465696], [128.6277, 36.465796], [128.627462, 36.465899], [128.627377, 36.465953], [128.627298, 36.466038], [128.627233, 36.466116], [128.627143, 36.466196], [128.626972, 36.466339], [128.626829, 36.46643], [128.626679, 36.466503], [128.626426, 36.466632], [128.626248, 36.466742], [128.626064, 36.466857], [128.625694, 36.467075], [128.625416, 36.467226], [128.625357, 36.46727], [128.625323, 36.467327], [128.6253, 36.467398], [128.62525, 36.467491], [128.625196, 36.46755], [128.625119, 36.467595], [128.62505, 36.467604], [128.625011, 36.467592], [128.624988, 36.467562], [128.624978, 36.467508], [128.624971, 36.46744], [128.624946, 36.467385], [128.624918, 36.467358], [128.624871, 36.467329], [128.624828, 36.467328], [128.624772, 36.467332], [128.624737, 36.467353], [128.624701, 36.467396], [128.624678, 36.467458], [128.624545, 36.467745], [128.624494, 36.467847], [128.62439, 36.467978], [128.624301, 36.468048], [128.624185, 36.468149], [128.62405, 36.468266], [128.623914, 36.468452], [128.623789, 36.468635], [128.623667, 36.468802], [128.623579, 36.468887], [128.623495, 36.468955], [128.62339, 36.469062], [128.623356, 36.469112], [128.623251, 36.46927], [128.623179, 36.469383], [128.623138, 36.469423], [128.623037, 36.469492], [128.622916, 36.469548], [128.622811, 36.469607], [128.622694, 36.469694], [128.62258, 36.469773], [128.622531, 36.469808], [128.622287, 36.46995], [128.62219, 36.470017], [128.622101, 36.470083], [128.62204, 36.470165], [128.621996, 36.470233], [128.621946, 36.470345], [128.621933, 36.470417], [128.621936, 36.470553], [128.62193, 36.470659], [128.621939, 36.470774], [128.622008, 36.470925], [128.62203, 36.471018], [128.622024, 36.471145], [128.62201, 36.471224], [128.62198, 36.471308], [128.621975, 36.471367], [128.622006, 36.471412], [128.622134, 36.471506], [128.622354, 36.471692], [128.622498, 36.471767], [128.622824, 36.471979], [128.623067, 36.472127], [128.623339, 36.472322], [128.623456, 36.472406], [128.623546, 36.472454], [128.623632, 36.472475], [128.623721, 36.4725], [128.623774, 36.472531], [128.623736, 36.472565]]}}, {"type": "Feature", "properties": {"name": "", "osm_id": 1421656602, "origin": "OBSERVED", "highway": "track"}, "geometry": {"type": "LineString", "coordinates": [[128.626703, 36.475575], [128.62686, 36.47581], [128.626928, 36.475897], [128.627072, 36.476089], [128.627157, 36.476191], [128.627171, 36.476236], [128.627202, 36.476338], [128.62726, 36.476486], [128.627293, 36.476565], [128.627378, 36.476849], [128.627419, 36.477056], [128.627446, 36.477206], [128.627496, 36.477398], [128.627537, 36.477478], [128.627563, 36.477518], [128.627577, 36.477539], [128.627675, 36.47766], [128.627798, 36.477788], [128.627948, 36.477903], [128.628168, 36.47808], [128.628352, 36.478226], [128.628574, 36.478429], [128.628687, 36.478552], [128.628909, 36.478763], [128.629072, 36.478909], [128.629178, 36.478987], [128.62921, 36.479012], [128.629316, 36.479094], [128.629411, 36.479164], [128.629811, 36.479448], [128.630006, 36.479584], [128.630291, 36.479794], [128.630501, 36.479942], [128.630829, 36.480214], [128.630967, 36.480334], [128.631048, 36.480423], [128.631101, 36.480482], [128.631397, 36.480848], [128.631502, 36.480964], [128.631593, 36.481037], [128.631819, 36.481201], [128.631985, 36.481292], [128.632105, 36.481346], [128.632216, 36.481386], [128.632355, 36.481422], [128.632528, 36.481443], [128.632911, 36.481493], [128.633212, 36.481524], [128.633426, 36.481544], [128.633516, 36.481537], [128.633803, 36.481487], [128.63409, 36.481442], [128.634244, 36.481416], [128.634735, 36.481328], [128.634863, 36.481309], [128.63501, 36.481299], [128.635095, 36.481308], [128.635418, 36.481343], [128.635703, 36.4814], [128.635934, 36.481461], [128.636344, 36.481572], [128.636603, 36.481625], [128.636828, 36.481668], [128.637294, 36.481738], [128.637574, 36.481772], [128.63781, 36.481805], [128.638051, 36.481825], [128.638376, 36.481837], [128.638605, 36.481836], [128.638848, 36.48184], [128.638916, 36.481828], [128.638982, 36.481798], [128.639327, 36.48166], [128.639595, 36.481553], [128.639712, 36.481488], [128.639881, 36.481375], [128.640054, 36.48124], [128.640207, 36.481128], [128.640406, 36.481021], [128.640507, 36.48098], [128.640783, 36.480896], [128.640953, 36.480864], [128.641232, 36.480842], [128.641617, 36.480826], [128.64188, 36.48082], [128.642302, 36.480848], [128.642487, 36.480871], [128.642883, 36.480939], [128.643237, 36.480982], [128.64349, 36.481008], [128.643562, 36.480987], [128.64359, 36.480959], [128.643604, 36.480917], [128.643595, 36.480853], [128.643568, 36.48073], [128.643557, 36.480638], [128.64357, 36.480501], [128.64355, 36.480241]]}}, {"type": "Feature", "properties": {"name": "", "osm_id": 1421656603, "origin": "OBSERVED", "highway": "service"}, "geometry": {"type": "LineString", "coordinates": [[128.630826, 36.481822], [128.63104, 36.481699], [128.63115, 36.481637], [128.631304, 36.481603], [128.63141, 36.481592], [128.631529, 36.481605], [128.631611, 36.48162], [128.631728, 36.481655], [128.631873, 36.481711], [128.632006, 36.481761], [128.632108, 36.481792], [128.632234, 36.481818], [128.632364, 36.48184], [128.632493, 36.481862], [128.632758, 36.48189], [128.633029, 36.481904], [128.633208, 36.481915], [128.633329, 36.481936], [128.633348, 36.481882]]}}, {"type": "Feature", "properties": {"name": "", "osm_id": 1421656604, "origin": "OBSERVED", "highway": "track"}, "geometry": {"type": "LineString", "coordinates": [[128.633329, 36.481936], [128.633458, 36.481917], [128.633677, 36.481895], [128.633903, 36.481875], [128.634131, 36.481855], [128.634287, 36.481837], [128.634515, 36.481779], [128.634705, 36.481733], [128.634798, 36.48171], [128.634875, 36.481698], [128.634954, 36.481699], [128.635112, 36.481706], [128.635326, 36.481721], [128.635456, 36.481746], [128.635695, 36.481802], [128.635945, 36.481866], [128.636337, 36.481972], [128.636753, 36.482074], [128.636905, 36.482122], [128.637016, 36.482178], [128.637066, 36.482227], [128.637081, 36.482265], [128.637044, 36.482463], [128.636984, 36.482745], [128.636949, 36.483036]]}}, {"type": "Feature", "properties": {"name": "", "osm_id": 1421656605, "origin": "OBSERVED", "highway": "track"}, "geometry": {"type": "LineString", "coordinates": [[128.637222, 36.483075], [128.637247, 36.482791], [128.637282, 36.482625], [128.637307, 36.482489], [128.637348, 36.482434], [128.637423, 36.482357], [128.63749, 36.482303], [128.63757, 36.48226], [128.637645, 36.482252], [128.637811, 36.482246], [128.638068, 36.482247], [128.638265, 36.482252]]}}, {"type": "Feature", "properties": {"name": "", "osm_id": 1421656606, "origin": "OBSERVED", "highway": "tertiary"}, "geometry": {"type": "LineString", "coordinates": [[128.647958, 36.479737], [128.647807, 36.479919], [128.647446, 36.480142], [128.647397, 36.480161], [128.647116, 36.48027], [128.64667, 36.480404], [128.646256, 36.48066], [128.645943, 36.480876], [128.64573, 36.481026], [128.645504, 36.48114], [128.645283, 36.481228], [128.64506, 36.481297], [128.644876, 36.481376], [128.64473, 36.481435], [128.644704, 36.481445], [128.644457, 36.481557]]}}, {"type": "Feature", "properties": {"name": "", "osm_id": 1421656607, "origin": "OBSERVED", "highway": "tertiary"}, "geometry": {"type": "LineString", "coordinates": [[128.644457, 36.481557], [128.64382, 36.481799]]}}, {"type": "Feature", "properties": {"name": "", "osm_id": 1421656608, "origin": "OBSERVED", "highway": "service"}, "geometry": {"type": "LineString", "coordinates": [[128.643712, 36.481838], [128.643748, 36.481923]]}}, {"type": "Feature", "properties": {"name": "", "osm_id": 1421656609, "origin": "OBSERVED", "highway": "track"}, "geometry": {"type": "LineString", "coordinates": [[128.642728, 36.482573], [128.642886, 36.482608], [128.642919, 36.482605], [128.64295, 36.48259], [128.642994, 36.482528], [128.64306, 36.482418], [128.643147, 36.482296], [128.643216, 36.482221], [128.643281, 36.482159], [128.643404, 36.482047], [128.643473, 36.481996], [128.643568, 36.481941], [128.643658, 36.481919], [128.643748, 36.481923], [128.643813, 36.481932], [128.643925, 36.481969], [128.644017, 36.482008], [128.644082, 36.48206], [128.64412, 36.482115], [128.644189, 36.482221], [128.644246, 36.482349], [128.644262, 36.482415], [128.644303, 36.482574], [128.644326, 36.48271], [128.644333, 36.48284], [128.644333, 36.483124], [128.644332, 36.483295], [128.644329, 36.483556], [128.644337, 36.483689], [128.644362, 36.483777], [128.644417, 36.483925], [128.644523, 36.484081], [128.644651, 36.484241], [128.644806, 36.484378], [128.644983, 36.484502], [128.645181, 36.484629], [128.64532, 36.484717], [128.6456, 36.484899], [128.645747, 36.484987], [128.645863, 36.485063], [128.645904, 36.485108], [128.645929, 36.485147], [128.645971, 36.485292]]}}, {"type": "Feature", "properties": {"name": "", "osm_id": 1421656610, "origin": "OBSERVED", "highway": "residential"}, "geometry": {"type": "LineString", "coordinates": [[128.64605, 36.48525], [128.646681, 36.484915]]}}, {"type": "Feature", "properties": {"name": "", "osm_id": 1421656611, "origin": "OBSERVED", "highway": "residential"}, "geometry": {"type": "LineString", "coordinates": [[128.646681, 36.484915], [128.646819, 36.484841], [128.646984, 36.484838]]}}, {"type": "Feature", "properties": {"name": "", "osm_id": 1421656612, "origin": "OBSERVED", "highway": "residential"}, "geometry": {"type": "LineString", "coordinates": [[128.646984, 36.484838], [128.648415, 36.484796]]}}, {"type": "Feature", "properties": {"name": "", "osm_id": 1421656613, "origin": "OBSERVED", "highway": "residential"}, "geometry": {"type": "LineString", "coordinates": [[128.648415, 36.484796], [128.648559, 36.484782], [128.648715, 36.484804], [128.648962, 36.4848], [128.64918, 36.484835], [128.649338, 36.484896], [128.649524, 36.484991], [128.64968, 36.485111], [128.649767, 36.485179], [128.649801, 36.48519], [128.649848, 36.485195], [128.649932, 36.485192], [128.650029, 36.485169], [128.650218, 36.48508], [128.650347, 36.484988], [128.650423, 36.484957], [128.650577, 36.484916], [128.650743, 36.484899], [128.650857, 36.484892], [128.650992, 36.484902], [128.651113, 36.484933], [128.651219, 36.484972], [128.651399, 36.485016], [128.651502, 36.485023], [128.651793, 36.48502], [128.651851, 36.485017], [128.652166, 36.485002], [128.652474, 36.484989], [128.652871, 36.484975], [128.65316, 36.484966], [128.653746, 36.484942]]}}, {"type": "Feature", "properties": {"name": "", "osm_id": 1421656614, "origin": "OBSERVED", "highway": "residential"}, "geometry": {"type": "LineString", "coordinates": [[128.653746, 36.484942], [128.654221, 36.484915], [128.654692, 36.484895]]}}, {"type": "Feature", "properties": {"name": "", "osm_id": 1421656615, "origin": "OBSERVED", "highway": "service"}, "geometry": {"type": "LineString", "coordinates": [[128.654692, 36.484895], [128.654689, 36.484714], [128.654669, 36.484394], [128.654657, 36.484208], [128.654642, 36.484024], [128.654629, 36.483975]]}}, {"type": "Feature", "properties": {"name": "", "osm_id": 1421656616, "origin": "OBSERVED", "highway": "track"}, "geometry": {"type": "LineString", "coordinates": [[128.651955, 36.486836], [128.652737, 36.486804], [128.65332, 36.486782], [128.65385, 36.486767], [128.654361, 36.486754], [128.654807, 36.48674], [128.654787, 36.486359], [128.654756, 36.485818], [128.654746, 36.485505], [128.654692, 36.484895]]}}, {"type": "Feature", "properties": {"name": "", "osm_id": 1421656617, "origin": "OBSERVED", "highway": "track"}, "geometry": {"type": "LineString", "coordinates": [[128.653746, 36.484942], [128.653785, 36.485523], [128.653805, 36.485972], [128.653821, 36.48617], [128.65384, 36.48659], [128.65385, 36.486767], [128.6539, 36.487534], [128.653935, 36.488039], [128.653957, 36.48859], [128.653984, 36.489005], [128.654017, 36.489562], [128.654036, 36.489975], [128.654066, 36.490421], [128.654094, 36.490807], [128.654125, 36.491346], [128.654142, 36.491867], [128.654155, 36.492113], [128.654189, 36.492621], [128.654202, 36.492793], [128.654219, 36.492861], [128.654292, 36.493062], [128.654361, 36.493146], [128.654712, 36.493134], [128.655485, 36.493113], [128.656102, 36.493089], [128.65695, 36.493041], [128.657645, 36.493025], [128.658476, 36.492998]]}}, {"type": "Feature", "properties": {"name": "", "osm_id": 1421656622, "origin": "OBSERVED", "highway": "service"}, "geometry": {"type": "LineString", "coordinates": [[128.654496, 36.493703], [128.654864, 36.493919], [128.654995, 36.494027], [128.654903, 36.49426], [128.654903, 36.494341], [128.654959, 36.49447], [128.655069, 36.494659], [128.655094, 36.494749], [128.655127, 36.494909], [128.655161, 36.49508], [128.655144, 36.495176]]}}, {"type": "Feature", "properties": {"name": "", "osm_id": 1421656623, "origin": "OBSERVED", "highway": "service"}, "geometry": {"type": "LineString", "coordinates": [[128.655069, 36.494659], [128.655213, 36.494664], [128.655548, 36.494665], [128.655944, 36.494675], [128.656218, 36.494702], [128.656709, 36.494741], [128.65704, 36.494774], [128.657319, 36.494814], [128.657562, 36.494868], [128.657818, 36.494953], [128.657995, 36.495038], [128.65815, 36.495151], [128.658288, 36.495255], [128.658366, 36.495305], [128.658473, 36.495373], [128.658715, 36.495622], [128.658816, 36.495761], [128.658855, 36.495873], [128.65895, 36.496102], [128.659078, 36.496304], [128.659182, 36.49647], [128.65927, 36.496626], [128.659328, 36.496731], [128.659433, 36.496977], [128.659541, 36.497196], [128.659628, 36.497271], [128.659764, 36.497318], [128.659969, 36.497347], [128.660189, 36.4974]]}}, {"type": "Feature", "properties": {"name": "", "osm_id": 1421656624, "origin": "OBSERVED", "highway": "service"}, "geometry": {"type": "LineString", "coordinates": [[128.657873, 36.496239], [128.658267, 36.496323], [128.658468, 36.496345], [128.658547, 36.496347], [128.65861, 36.496348], [128.658696, 36.49636], [128.658799, 36.496392], [128.658877, 36.496427], [128.658945, 36.496484], [128.659002, 36.496542], [128.659071, 36.496581], [128.659149, 36.496608], [128.65927, 36.496626], [128.659421, 36.496606], [128.659663, 36.496537]]}}, {"type": "Feature", "properties": {"name": "", "osm_id": 1421656625, "origin": "OBSERVED", "highway": "service"}, "geometry": {"type": "LineString", "coordinates": [[128.658366, 36.495305], [128.658539, 36.495158], [128.65859, 36.495082], [128.6586, 36.495022], [128.658583, 36.494859], [128.658567, 36.494664], [128.658543, 36.494217], [128.65853, 36.493924], [128.657757, 36.493968], [128.657017, 36.493997], [128.656489, 36.494011], [128.656173, 36.494028], [128.655664, 36.49404], [128.655219, 36.494044], [128.654995, 36.494027]]}}, {"type": "Feature", "properties": {"name": "", "osm_id": 1421656626, "origin": "OBSERVED", "highway": "unclassified"}, "geometry": {"type": "LineString", "coordinates": [[128.663333, 36.495232], [128.663242, 36.49533], [128.662976, 36.495618], [128.662704, 36.495925], [128.662477, 36.496146], [128.662264, 36.496387], [128.662092, 36.496577], [128.661689, 36.496997], [128.661429, 36.497261]]}}, {"type": "Feature", "properties": {"name": "", "osm_id": 1421656627, "origin": "OBSERVED", "highway": "service"}, "geometry": {"type": "LineString", "coordinates": [[128.661294, 36.497382], [128.661795, 36.497403], [128.661924, 36.497422], [128.662136, 36.497484], [128.662307, 36.497529], [128.662495, 36.497557], [128.662866, 36.49761], [128.66329, 36.497641], [128.663593, 36.497665], [128.663884, 36.497688], [128.663972, 36.497695], [128.664471, 36.497729], [128.665123, 36.497775], [128.665538, 36.497833]]}}, {"type": "Feature", "properties": {"name": "", "osm_id": 1421656628, "origin": "OBSERVED", "highway": "service"}, "geometry": {"type": "LineString", "coordinates": [[128.662967, 36.49693], [128.663445, 36.497213], [128.663756, 36.497409], [128.664004, 36.497567], [128.663884, 36.497688]]}}, {"type": "Feature", "properties": {"name": "", "osm_id": 1421656629, "origin": "OBSERVED", "highway": "service"}, "geometry": {"type": "LineString", "coordinates": [[128.664004, 36.497567], [128.664203, 36.497353], [128.66437, 36.497184], [128.664659, 36.496867], [128.664832, 36.496689], [128.665086, 36.496418], [128.665151, 36.496348]]}}, {"type": "Feature", "properties": {"name": "", "osm_id": 1421656630, "origin": "OBSERVED", "highway": "unclassified"}, "geometry": {"type": "LineString", "coordinates": [[128.661294, 36.497382], [128.661192, 36.497394], [128.660973, 36.497413], [128.660832, 36.497431], [128.660621, 36.497431], [128.660189, 36.4974], [128.65998, 36.497402], [128.659494, 36.497399], [128.659168, 36.497387], [128.659, 36.497373], [128.658854, 36.497355], [128.658583, 36.497314], [128.658334, 36.497252], [128.658062, 36.497174], [128.657832, 36.497097], [128.657573, 36.497007], [128.657019, 36.49681], [128.656623, 36.49667], [128.656376, 36.496571], [128.656091, 36.496435], [128.65595, 36.496345], [128.655879, 36.496288], [128.655687, 36.496115], [128.655608, 36.496054], [128.655564, 36.495959], [128.655417, 36.495757], [128.655248, 36.495414], [128.655144, 36.495176], [128.655047, 36.494965], [128.654943, 36.494701], [128.654877, 36.494556], [128.654786, 36.494332], [128.654689, 36.494093], [128.654496, 36.493703], [128.654422, 36.493521], [128.654255, 36.493176], [128.65414, 36.492971], [128.654021, 36.49272], [128.653939, 36.492572], [128.653815, 36.492366], [128.653655, 36.492093], [128.653425, 36.491723], [128.653279, 36.491474], [128.65312, 36.491235], [128.653005, 36.491034], [128.652825, 36.490783], [128.652704, 36.490624], [128.652697, 36.490559], [128.652685, 36.490479], [128.652591, 36.490304], [128.65254, 36.49021]]}}, {"type": "Feature", "properties": {"name": "", "osm_id": 1421656631, "origin": "OBSERVED", "highway": "service"}, "geometry": {"type": "LineString", "coordinates": [[128.653698, 36.49812], [128.653542, 36.497987], [128.653515, 36.497948], [128.653517, 36.497908], [128.653542, 36.497875], [128.653603, 36.497839], [128.653695, 36.49781], [128.653777, 36.497776], [128.654052, 36.497624], [128.65422, 36.497545], [128.654351, 36.497501], [128.654429, 36.497466], [128.65453, 36.497383]]}}, {"type": "Feature", "properties": {"name": "", "osm_id": 1421656632, "origin": "OBSERVED", "highway": "residential"}, "geometry": {"type": "LineString", "coordinates": [[128.65408, 36.49705], [128.654224, 36.497153], [128.654404, 36.497271], [128.65453, 36.497383], [128.654763, 36.497513], [128.654867, 36.497571], [128.655119, 36.497712], [128.655317, 36.497819], [128.655379, 36.497842], [128.655472, 36.497891], [128.655584, 36.497968], [128.655642, 36.498014], [128.655687, 36.498075], [128.655753, 36.498186], [128.655789, 36.498247], [128.655858, 36.498327], [128.655944, 36.498405], [128.656029, 36.498479], [128.656228, 36.498593], [128.656387, 36.498696], [128.656543, 36.498775], [128.656708, 36.49884], [128.656902, 36.498908], [128.657017, 36.498928], [128.657161, 36.498934], [128.657309, 36.498948], [128.6574, 36.498959], [128.657636, 36.499001], [128.65776, 36.499024], [128.657891, 36.499035], [128.658101, 36.499048], [128.658273, 36.499069], [128.658443, 36.499108], [128.658497, 36.499117], [128.658575, 36.499113], [128.65866, 36.499096], [128.658866, 36.499024], [128.659075, 36.49894], [128.659162, 36.498914], [128.659206, 36.498887], [128.659235, 36.498848], [128.659286, 36.498793], [128.659338, 36.498756], [128.659494, 36.498658], [128.659565, 36.498603], [128.65962, 36.49853]]}}, {"type": "Feature", "properties": {"name": "", "osm_id": 1421656633, "origin": "OBSERVED", "highway": "track"}, "geometry": {"type": "LineString", "coordinates": [[128.654409, 36.496775], [128.654265, 36.49651], [128.654121, 36.496202], [128.654028, 36.496001], [128.653967, 36.495859], [128.653852, 36.495592], [128.653792, 36.495448], [128.653692, 36.495231], [128.653592, 36.494998], [128.653475, 36.494741], [128.653295, 36.4943], [128.653182, 36.494044], [128.653058, 36.493833], [128.652791, 36.49389], [128.652484, 36.493998], [128.652014, 36.494115]]}}, {"type": "Feature", "properties": {"name": "", "osm_id": 1421656634, "origin": "OBSERVED", "highway": "track"}, "geometry": {"type": "LineString", "coordinates": [[128.653058, 36.493833], [128.653008, 36.493686], [128.652881, 36.49346], [128.65271, 36.493128], [128.652439, 36.492669], [128.652263, 36.492378], [128.65217, 36.492205], [128.652003, 36.491954], [128.651912, 36.491772], [128.65174, 36.491507], [128.651634, 36.491335], [128.651452, 36.491055], [128.651212, 36.490822], [128.651135, 36.490635], [128.651042, 36.490528], [128.650875, 36.490376], [128.650634, 36.490198], [128.650437, 36.490049], [128.65024, 36.489901], [128.649945, 36.489629], [128.649804, 36.489511], [128.649761, 36.48947]]}}, {"type": "Feature", "properties": {"name": "", "osm_id": 1421656635, "origin": "OBSERVED", "highway": "track"}, "geometry": {"type": "LineString", "coordinates": [[128.652058, 36.488664], [128.652864, 36.48863], [128.653643, 36.488596], [128.653957, 36.48859], [128.654912, 36.488568]]}}, {"type": "Feature", "properties": {"name": "", "osm_id": 1421656637, "origin": "OBSERVED", "highway": "track"}, "geometry": {"type": "LineString", "coordinates": [[128.651998, 36.489639], [128.6521, 36.489326], [128.652058, 36.488664], [128.652025, 36.488237], [128.651976, 36.487425], [128.651955, 36.487028], [128.651955, 36.486836], [128.651932, 36.486394], [128.651905, 36.485923], [128.651892, 36.485582], [128.651866, 36.485259], [128.651851, 36.485017]]}}, {"type": "Feature", "properties": {"name": "", "osm_id": 1421656638, "origin": "OBSERVED", "highway": "track"}, "geometry": {"type": "LineString", "coordinates": [[128.653746, 36.484942], [128.653713, 36.484382], [128.653666, 36.48353], [128.653631, 36.483045], [128.653646, 36.482783], [128.653614, 36.482161], [128.653597, 36.481721]]}}, {"type": "Feature", "properties": {"name": "", "osm_id": 1421656640, "origin": "OBSERVED", "highway": "track"}, "geometry": {"type": "LineString", "coordinates": [[128.655563, 36.483837], [128.655465, 36.483808], [128.655221, 36.483685], [128.65478, 36.483342], [128.654664, 36.483255], [128.654449, 36.483187], [128.653631, 36.483045], [128.653079, 36.482957], [128.652676, 36.48289], [128.652491, 36.482878], [128.652085, 36.482882], [128.651494, 36.482879], [128.651353, 36.482907], [128.65131, 36.482971], [128.651246, 36.483133], [128.651207, 36.483305], [128.651098, 36.483555]]}}, {"type": "Feature", "properties": {"name": "", "osm_id": 1422813369, "origin": "OBSERVED", "highway": "track"}, "geometry": {"type": "LineString", "coordinates": [[128.784272, 36.533314], [128.78407, 36.533215]]}}, {"type": "Feature", "properties": {"name": "", "osm_id": 1422813370, "origin": "OBSERVED", "highway": "track"}, "geometry": {"type": "LineString", "coordinates": [[128.787053, 36.532283], [128.786901, 36.532405], [128.786908, 36.532674], [128.78673, 36.532744], [128.785851, 36.532998], [128.785087, 36.533194], [128.784769, 36.533249], [128.784272, 36.533314], [128.784121, 36.533334], [128.783956, 36.533369]]}}, {"type": "Feature", "properties": {"name": "남순환로", "osm_id": 1422813371, "origin": "OBSERVED", "highway": "trunk"}, "geometry": {"type": "LineString", "coordinates": [[128.784471, 36.53375], [128.782282, 36.534361]]}}, {"type": "Feature", "properties": {"name": "남순환로", "osm_id": 1422813372, "origin": "OBSERVED", "highway": "trunk"}, "geometry": {"type": "LineString", "coordinates": [[128.786433, 36.533198], [128.784471, 36.53375]]}}, {"type": "Feature", "properties": {"name": "남순환로", "osm_id": 1422813373, "origin": "OBSERVED", "highway": "trunk"}, "geometry": {"type": "LineString", "coordinates": [[128.784367, 36.533672], [128.786463, 36.53309]]}}, {"type": "Feature", "properties": {"name": "남순환로", "osm_id": 1422813374, "origin": "OBSERVED", "highway": "trunk"}, "geometry": {"type": "LineString", "coordinates": [[128.782243, 36.53426], [128.784367, 36.533672]]}}, {"type": "Feature", "properties": {"name": "", "osm_id": 1422813375, "origin": "OBSERVED", "highway": "track"}, "geometry": {"type": "LineString", "coordinates": [[128.784068, 36.534062], [128.78408, 36.534234], [128.784072, 36.534466], [128.784116, 36.534583], [128.784569, 36.535112], [128.784902, 36.535447]]}}, {"type": "Feature", "properties": {"name": "", "osm_id": 1422813376, "origin": "OBSERVED", "highway": "track"}, "geometry": {"type": "LineString", "coordinates": [[128.784159, 36.531785], [128.784148, 36.531902], [128.784089, 36.533189], [128.78407, 36.533215], [128.783956, 36.533369], [128.783826, 36.533546], [128.7838, 36.53374], [128.783813, 36.533771], [128.784068, 36.534062], [128.784313, 36.53414], [128.784447, 36.534141], [128.785216, 36.533867], [128.785772, 36.533676], [128.786541, 36.533437], [128.786828, 36.533359], [128.78688, 36.533434], [128.787376, 36.533317], [128.787564, 36.533261], [128.787874, 36.533226], [128.78815, 36.533174], [128.788277, 36.533128], [128.788409, 36.533047], [128.788542, 36.532956], [128.788578, 36.532937], [128.788746, 36.532853], [128.789066, 36.532757], [128.789699, 36.532654], [128.78992, 36.532676], [128.790583, 36.532733], [128.790767, 36.532762], [128.790945, 36.53285], [128.791115, 36.532965], [128.791196, 36.533056], [128.791373, 36.533323], [128.791401, 36.533488], [128.791436, 36.533881], [128.791435, 36.534387], [128.791402, 36.535804], [128.791225, 36.535929], [128.791149, 36.536059], [128.791039, 36.536235], [128.790976, 36.536289], [128.790107, 36.536594], [128.78907, 36.536925], [128.786922, 36.537646], [128.784732, 36.538363], [128.784489, 36.538376], [128.784285, 36.538301], [128.784072, 36.538157], [128.783956, 36.538043], [128.783924, 36.537861], [128.784068, 36.537061], [128.784351, 36.535729], [128.784374, 36.535426], [128.784343, 36.535159], [128.784233, 36.534942], [128.784069, 36.534714], [128.783975, 36.534591], [128.783749, 36.534428], [128.783291, 36.53422], [128.782442, 36.53387], [128.781598, 36.5335], [128.781406, 36.533352], [128.781308, 36.533182], [128.781253, 36.532945], [128.781274, 36.532734], [128.781486, 36.532426], [128.781624, 36.532219], [128.781781, 36.531898], [128.782056, 36.531224], [128.782101, 36.531142]]}}, {"type": "Feature", "properties": {"name": "", "osm_id": 1422813377, "origin": "OBSERVED", "highway": "residential"}, "geometry": {"type": "LineString", "coordinates": [[128.7848, 36.52441], [128.784818, 36.524772], [128.784753, 36.525106], [128.784718, 36.525312], [128.784715, 36.52537]]}}, {"type": "Feature", "properties": {"name": "", "osm_id": 1422813384, "origin": "OBSERVED", "highway": "unclassified"}, "geometry": {"type": "LineString", "coordinates": [[128.771925, 36.525934], [128.772293, 36.52553], [128.772469, 36.525288], [128.772593, 36.525149], [128.772719, 36.524796], [128.772835, 36.524412], [128.772812, 36.52431], [128.772454, 36.524069], [128.772344, 36.52396], [128.772253, 36.523816], [128.772131, 36.5237], [128.771908, 36.523595], [128.771726, 36.5235], [128.771672, 36.523442], [128.771716, 36.523312], [128.771714, 36.523269], [128.77152, 36.52318], [128.771054, 36.523022], [128.770924, 36.52301], [128.770787, 36.523042], [128.770659, 36.523024]]}}, {"type": "Feature", "properties": {"name": "", "osm_id": 1422813385, "origin": "OBSERVED", "highway": "track"}, "geometry": {"type": "LineString", "coordinates": [[128.748354, 36.523977], [128.748398, 36.524141], [128.748412, 36.524254], [128.748503, 36.524385], [128.748707, 36.524534], [128.748865, 36.524716], [128.748868, 36.524826]]}}, {"type": "Feature", "properties": {"name": "", "osm_id": 1422813386, "origin": "OBSERVED", "highway": "path"}, "geometry": {"type": "LineString", "coordinates": [[128.748868, 36.524826], [128.748669, 36.524801], [128.748457, 36.524851], [128.748401, 36.524922], [128.748227, 36.52531], [128.74802, 36.525648], [128.748036, 36.525989], [128.747749, 36.526446], [128.747629, 36.526607], [128.747604, 36.526801], [128.747655, 36.526922], [128.747867, 36.527122], [128.748026, 36.527239], [128.748189, 36.527584], [128.748195, 36.527763], [128.748245, 36.527812], [128.748034, 36.528235], [128.747916, 36.528342], [128.747886, 36.528526], [128.747945, 36.528557], [128.747937, 36.528631], [128.747849, 36.528739], [128.747798, 36.528875], [128.747658, 36.529207], [128.747663, 36.52942], [128.747733, 36.52956], [128.747653, 36.529761], [128.747524, 36.529922], [128.747494, 36.530258], [128.747524, 36.530482], [128.74747, 36.530737], [128.747409, 36.530918], [128.747355, 36.531312], [128.747441, 36.531537], [128.747419, 36.531607], [128.747289, 36.531673], [128.747124, 36.531654], [128.747037, 36.531666], [128.746965, 36.531727], [128.746831, 36.531777], [128.746739, 36.53173], [128.746667, 36.531674], [128.746655, 36.531627], [128.746565, 36.531575], [128.746489, 36.531556], [128.746381, 36.531533], [128.746286, 36.531451], [128.74623, 36.531347], [128.74621, 36.531276], [128.746208, 36.531212], [128.746136, 36.531147], [128.746182, 36.531084], [128.74633, 36.531029], [128.746373, 36.531001], [128.746345, 36.530893], [128.746271, 36.530877], [128.746178, 36.530835], [128.746006, 36.530732], [128.745936, 36.530642], [128.745837, 36.53059], [128.745742, 36.530521], [128.74568, 36.530534], [128.745648, 36.530636], [128.74553, 36.530686], [128.745237, 36.530609], [128.74502, 36.530574], [128.744912, 36.530587], [128.744777, 36.530608], [128.744666, 36.530687], [128.74454, 36.53072], [128.744256, 36.530908], [128.743966, 36.531028], [128.743753, 36.531208], [128.743542, 36.53134], [128.743258, 36.531471], [128.743168, 36.531517], [128.74298, 36.531619], [128.742831, 36.531577], [128.742648, 36.531554], [128.742586, 36.531622], [128.742464, 36.531665]]}}, {"type": "Feature", "properties": {"name": "", "osm_id": 1422813388, "origin": "OBSERVED", "highway": "track"}, "geometry": {"type": "LineString", "coordinates": [[128.7062, 36.52514], [128.7062, 36.52501], [128.70631, 36.52482], [128.70652, 36.52471], [128.70663, 36.52463], [128.70689, 36.5245], [128.70706, 36.52441], [128.707157, 36.524319]]}}, {"type": "Feature", "properties": {"name": "", "osm_id": 1422813394, "origin": "OBSERVED", "highway": "unclassified"}, "geometry": {"type": "LineString", "coordinates": [[128.679344, 36.519262], [128.679274, 36.519325], [128.678873, 36.519544]]}}, {"type": "Feature", "properties": {"name": "", "osm_id": 1422813395, "origin": "OBSERVED", "highway": "unclassified"}, "geometry": {"type": "LineString", "coordinates": [[128.679612, 36.519239], [128.679585, 36.519315], [128.679487, 36.5194], [128.678919, 36.519738]]}}, {"type": "Feature", "properties": {"name": "", "osm_id": 1422813396, "origin": "OBSERVED", "highway": "unclassified"}, "geometry": {"type": "LineString", "coordinates": [[128.679993, 36.519053], [128.679966, 36.519227], [128.679786, 36.519458], [128.679699, 36.519515], [128.678929, 36.519878], [128.678787, 36.519958]]}}, {"type": "Feature", "properties": {"name": "", "osm_id": 1422813397, "origin": "OBSERVED", "highway": "residential"}, "geometry": {"type": "LineString", "coordinates": [[128.678483, 36.519816], [128.678306, 36.51969], [128.678188, 36.51966], [128.677799, 36.51966]]}}, {"type": "Feature", "properties": {"name": "", "osm_id": 1422813398, "origin": "OBSERVED", "highway": "unclassified"}, "geometry": {"type": "LineString", "coordinates": [[128.678787, 36.519958], [128.678646, 36.520007], [128.67843, 36.520063], [128.678177, 36.520119], [128.677848, 36.520118]]}}, {"type": "Feature", "properties": {"name": "", "osm_id": 1422813399, "origin": "OBSERVED", "highway": "residential"}, "geometry": {"type": "LineString", "coordinates": [[128.678527, 36.518987], [128.678488, 36.519491], [128.678483, 36.519816], [128.678626, 36.519914], [128.678787, 36.519958], [128.678818, 36.519966], [128.678917, 36.51996], [128.6791, 36.519959], [128.679277, 36.519977]]}}, {"type": "Feature", "properties": {"name": "", "osm_id": 1422813400, "origin": "OBSERVED", "highway": "residential"}, "geometry": {"type": "LineString", "coordinates": [[128.680205, 36.519275], [128.680242, 36.519114], [128.68025, 36.519015], [128.680245, 36.518899], [128.68016, 36.518978], [128.679993, 36.519053], [128.679883, 36.519102], [128.679682, 36.519219], [128.679612, 36.519239], [128.679546, 36.519258], [128.679344, 36.519262], [128.679329, 36.519263], [128.679228, 36.51924], [128.678885, 36.519151], [128.678727, 36.519088], [128.678527, 36.518987], [128.678497, 36.518912], [128.678336, 36.518814], [128.678319, 36.518679]]}}, {"type": "Feature", "properties": {"name": "", "osm_id": 1422813402, "origin": "OBSERVED", "highway": "residential"}, "geometry": {"type": "LineString", "coordinates": [[128.690592, 36.52053], [128.690342, 36.520717], [128.68993, 36.521015]]}}, {"type": "Feature", "properties": {"name": "", "osm_id": 1422813403, "origin": "OBSERVED", "highway": "residential"}, "geometry": {"type": "LineString", "coordinates": [[128.690747, 36.520345], [128.690592, 36.52053]]}}, {"type": "Feature", "properties": {"name": "", "osm_id": 1422813406, "origin": "OBSERVED", "highway": "track"}, "geometry": {"type": "LineString", "coordinates": [[128.698659, 36.488104], [128.698686, 36.488323], [128.698707, 36.488635], [128.699034, 36.488753], [128.69919, 36.488932], [128.699252, 36.488962], [128.699555, 36.489161], [128.69986, 36.489264], [128.700177, 36.489394], [128.700375, 36.489562], [128.700552, 36.489661], [128.700713, 36.489705], [128.701057, 36.489765], [128.70147, 36.489925], [128.701765, 36.490015], [128.702007, 36.490082], [128.702243, 36.490151], [128.702452, 36.490195], [128.702833, 36.490248], [128.703069, 36.490335], [128.703219, 36.490419], [128.703363, 36.490494]]}}, {"type": "Feature", "properties": {"name": "", "osm_id": 1422813407, "origin": "OBSERVED", "highway": "track"}, "geometry": {"type": "LineString", "coordinates": [[128.708857, 36.487263], [128.708798, 36.487207], [128.708535, 36.487168], [128.708283, 36.487073], [128.707859, 36.486987], [128.707778, 36.486983], [128.707403, 36.48703], [128.707264, 36.487034], [128.706926, 36.48697], [128.706673, 36.487009], [128.706513, 36.487017], [128.706437, 36.486974], [128.706427, 36.486939], [128.706496, 36.486789], [128.706577, 36.486672], [128.70669, 36.486411], [128.706781, 36.486144], [128.706757, 36.485872], [128.706837, 36.485635], [128.706934, 36.485453], [128.706995, 36.485063], [128.70706, 36.484869], [128.707253, 36.484558], [128.707328, 36.484386], [128.707333, 36.48433], [128.707381, 36.484274], [128.707462, 36.484226], [128.70751, 36.484088], [128.707553, 36.484045], [128.707682, 36.483963], [128.707714, 36.483924], [128.70787, 36.483579], [128.70795, 36.483488], [128.708116, 36.483277], [128.708122, 36.483217], [128.707757, 36.48301]]}}, {"type": "Feature", "properties": {"name": "", "osm_id": 1422813408, "origin": "OBSERVED", "highway": "unclassified"}, "geometry": {"type": "LineString", "coordinates": [[128.71074, 36.487233], [128.710702, 36.48747], [128.710622, 36.487526], [128.71045, 36.487612], [128.71038, 36.48763]]}}, {"type": "Feature", "properties": {"name": "", "osm_id": 1422813409, "origin": "OBSERVED", "highway": "unclassified"}, "geometry": {"type": "LineString", "coordinates": [[128.710944, 36.48816], [128.71081, 36.488014], [128.71038, 36.48763], [128.709967, 36.487509], [128.709549, 36.487345], [128.709336, 36.487215]]}}, {"type": "Feature", "properties": {"name": "", "osm_id": 1422813410, "origin": "OBSERVED", "highway": "unclassified"}, "geometry": {"type": "LineString", "coordinates": [[128.709539, 36.487158], [128.709336, 36.487215], [128.708857, 36.487263], [128.708404, 36.487313], [128.707437, 36.487337], [128.706732, 36.487423], [128.706545, 36.487457], [128.706209, 36.487539], [128.705992, 36.487625], [128.705837, 36.487707], [128.705107, 36.488247], [128.704791, 36.488527], [128.704592, 36.488743], [128.70456, 36.488807], [128.704554, 36.488868], [128.704662, 36.489165], [128.704651, 36.48929], [128.704619, 36.489364], [128.70456, 36.489446], [128.704485, 36.489515], [128.704141, 36.489735], [128.704023, 36.489851], [128.703948, 36.489976], [128.703632, 36.490764]]}}, {"type": "Feature", "properties": {"name": "", "osm_id": 1422813411, "origin": "OBSERVED", "highway": "residential"}, "geometry": {"type": "LineString", "coordinates": [[128.691623, 36.519863], [128.692211, 36.519576], [128.692397, 36.519416], [128.692536, 36.519243], [128.692763, 36.519065], [128.692983, 36.518809], [128.694051, 36.517856]]}}, {"type": "Feature", "properties": {"name": "", "osm_id": 1422813412, "origin": "OBSERVED", "highway": "track"}, "geometry": {"type": "LineString", "coordinates": [[128.698746, 36.521638], [128.697952, 36.521431], [128.697673, 36.521397]]}}, {"type": "Feature", "properties": {"name": "", "osm_id": 1422813413, "origin": "OBSERVED", "highway": "track"}, "geometry": {"type": "LineString", "coordinates": [[128.691129, 36.519473], [128.691614, 36.519417]]}}, {"type": "Feature", "properties": {"name": "", "osm_id": 1422813414, "origin": "OBSERVED", "highway": "track"}, "geometry": {"type": "LineString", "coordinates": [[128.711932, 36.512908], [128.711556, 36.512766], [128.71146, 36.512783], [128.711352, 36.512882], [128.711224, 36.512912], [128.711122, 36.512908], [128.710939, 36.512852], [128.710714, 36.512826], [128.710489, 36.512779], [128.710365, 36.5128], [128.710301, 36.512839], [128.710119, 36.513055], [128.710473, 36.514457]]}}, {"type": "Feature", "properties": {"name": "", "osm_id": 1422813415, "origin": "OBSERVED", "highway": "unclassified"}, "geometry": {"type": "LineString", "coordinates": [[128.703977, 36.518888], [128.703773, 36.518517]]}}, {"type": "Feature", "properties": {"name": "", "osm_id": 1422813416, "origin": "OBSERVED", "highway": "unclassified"}, "geometry": {"type": "LineString", "coordinates": [[128.702823, 36.519651], [128.702668, 36.51944], [128.702619, 36.519216], [128.702208, 36.519149], [128.70177, 36.51902], [128.701452, 36.518917]]}}, {"type": "Feature", "properties": {"name": "", "osm_id": 1422813417, "origin": "OBSERVED", "highway": "unclassified"}, "geometry": {"type": "LineString", "coordinates": [[128.702823, 36.519651], [128.702179, 36.520336], [128.702127, 36.5204], [128.702061, 36.520639], [128.702057, 36.520736]]}}, {"type": "Feature", "properties": {"name": "", "osm_id": 1422813418, "origin": "OBSERVED", "highway": "unclassified"}, "geometry": {"type": "LineString", "coordinates": [[128.702823, 36.519651], [128.70337, 36.519276], [128.703977, 36.518888]]}}, {"type": "Feature", "properties": {"name": "", "osm_id": 1422813419, "origin": "OBSERVED", "highway": "unclassified"}, "geometry": {"type": "LineString", "coordinates": [[128.702823, 36.519651], [128.703113, 36.519862], [128.703247, 36.520026], [128.703296, 36.520088]]}}, {"type": "Feature", "properties": {"name": "", "osm_id": 1422813420, "origin": "OBSERVED", "highway": "track"}, "geometry": {"type": "LineString", "coordinates": [[128.716384, 36.512623], [128.716202, 36.512511], [128.716148, 36.512498], [128.715821, 36.512507]]}}, {"type": "Feature", "properties": {"name": "", "osm_id": 1422813421, "origin": "OBSERVED", "highway": "track"}, "geometry": {"type": "LineString", "coordinates": [[128.716384, 36.512623], [128.716695, 36.512227], [128.716937, 36.51195]]}}, {"type": "Feature", "properties": {"name": "", "osm_id": 1422813422, "origin": "OBSERVED", "highway": "track"}, "geometry": {"type": "LineString", "coordinates": [[128.716384, 36.512623], [128.716186, 36.512813], [128.71587, 36.513066], [128.715815, 36.513106]]}}, {"type": "Feature", "properties": {"name": "", "osm_id": 1422813423, "origin": "OBSERVED", "highway": "track"}, "geometry": {"type": "LineString", "coordinates": [[128.699529, 36.519828], [128.699342, 36.519552], [128.699266, 36.519276], [128.699299, 36.519121]]}}, {"type": "Feature", "properties": {"name": "", "osm_id": 1422813424, "origin": "OBSERVED", "highway": "track"}, "geometry": {"type": "LineString", "coordinates": [[128.699433, 36.520004], [128.699256, 36.519948], [128.699127, 36.519888]]}}, {"type": "Feature", "properties": {"name": "", "osm_id": 1422813425, "origin": "OBSERVED", "highway": "track"}, "geometry": {"type": "LineString", "coordinates": [[128.699041, 36.521151], [128.698955, 36.521397], [128.698843, 36.521543], [128.698746, 36.521638], [128.69851, 36.521962], [128.698274, 36.522233], [128.698138, 36.522432], [128.698032, 36.522612], [128.697947, 36.523008], [128.697927, 36.52308], [128.69767, 36.523231]]}}, {"type": "Feature", "properties": {"name": "", "osm_id": 1422813426, "origin": "OBSERVED", "highway": "unclassified"}, "geometry": {"type": "LineString", "coordinates": [[128.699177, 36.521164], [128.699363, 36.521181], [128.699674, 36.521117], [128.699722, 36.52111], [128.699828, 36.52112]]}}, {"type": "Feature", "properties": {"name": "", "osm_id": 1422813427, "origin": "OBSERVED", "highway": "track"}, "geometry": {"type": "LineString", "coordinates": [[128.699041, 36.521151], [128.699095, 36.520884], [128.699433, 36.520004], [128.699529, 36.519828], [128.69984, 36.519418], [128.699942, 36.519228], [128.700157, 36.518284], [128.7002, 36.518026]]}}, {"type": "Feature", "properties": {"name": "", "osm_id": 1422813428, "origin": "OBSERVED", "highway": "track"}, "geometry": {"type": "LineString", "coordinates": [[128.68645, 36.517788], [128.68661, 36.517826], [128.686787, 36.517809], [128.687721, 36.518149], [128.691113, 36.519415]]}}, {"type": "Feature", "properties": {"name": "", "osm_id": 1422813429, "origin": "OBSERVED", "highway": "track"}, "geometry": {"type": "LineString", "coordinates": [[128.688743, 36.517816], [128.688989, 36.51774], [128.689177, 36.517725], [128.689347, 36.5178], [128.689523, 36.517921], [128.689646, 36.51798], [128.689992, 36.518029], [128.690099, 36.518068], [128.690295, 36.518237], [128.690527, 36.518456], [128.690741, 36.518503], [128.690809, 36.518525], [128.690832, 36.518615], [128.690816, 36.518856], [128.690832, 36.518917], [128.690956, 36.519046], [128.69103, 36.519185], [128.691113, 36.519415], [128.691129, 36.519473], [128.691138, 36.519788], [128.691096, 36.520115], [128.691123, 36.520188], [128.691171, 36.520236], [128.691434, 36.520327], [128.691638, 36.520364], [128.691849, 36.520422], [128.692279, 36.520583], [128.69245, 36.520623], [128.692536, 36.520652], [128.692638, 36.5207]]}}, {"type": "Feature", "properties": {"name": "", "osm_id": 1422813430, "origin": "OBSERVED", "highway": "track"}, "geometry": {"type": "LineString", "coordinates": [[128.68622, 36.520552], [128.686269, 36.520379], [128.686489, 36.519903]]}}, {"type": "Feature", "properties": {"name": "", "osm_id": 1422813431, "origin": "OBSERVED", "highway": "unclassified"}, "geometry": {"type": "LineString", "coordinates": [[128.704443, 36.518896], [128.704288, 36.518543], [128.704196, 36.518288]]}}, {"type": "Feature", "properties": {"name": "", "osm_id": 1422813432, "origin": "OBSERVED", "highway": "unclassified"}, "geometry": {"type": "LineString", "coordinates": [[128.704443, 36.518896], [128.704395, 36.518905], [128.704153, 36.518884], [128.703977, 36.518888]]}}, {"type": "Feature", "properties": {"name": "", "osm_id": 1422813433, "origin": "OBSERVED", "highway": "unclassified"}, "geometry": {"type": "LineString", "coordinates": [[128.704443, 36.518896], [128.704749, 36.518952], [128.704878, 36.519004], [128.705118, 36.519137]]}}, {"type": "Feature", "properties": {"name": "", "osm_id": 1422813434, "origin": "OBSERVED", "highway": "track"}, "geometry": {"type": "LineString", "coordinates": [[128.68099, 36.519545], [128.68108, 36.51964], [128.68121, 36.519728], [128.681554, 36.519776], [128.682026, 36.519823], [128.685738, 36.520487], [128.68622, 36.520552], [128.687084, 36.520811], [128.687728, 36.521117], [128.688007, 36.521341], [128.688356, 36.521699], [128.688425, 36.521694], [128.689096, 36.521375], [128.689273, 36.521281], [128.689867, 36.520958]]}}, {"type": "Feature", "properties": {"name": "", "osm_id": 1422813435, "origin": "OBSERVED", "highway": "track"}, "geometry": {"type": "LineString", "coordinates": [[128.708918, 36.515297], [128.709432, 36.515956], [128.709722, 36.516275], [128.709942, 36.516663], [128.710081, 36.516913], [128.710167, 36.516965], [128.710242, 36.517047], [128.710253, 36.51709], [128.710226, 36.517193], [128.710073, 36.517399], [128.71015, 36.517508]]}}, {"type": "Feature", "properties": {"name": "", "osm_id": 1422813436, "origin": "OBSERVED", "highway": "track"}, "geometry": {"type": "LineString", "coordinates": [[128.711701, 36.516111], [128.711653, 36.51662], [128.711755, 36.51679]]}}, {"type": "Feature", "properties": {"name": "", "osm_id": 1422813437, "origin": "OBSERVED", "highway": "track"}, "geometry": {"type": "LineString", "coordinates": [[128.711701, 36.516111], [128.711551, 36.516103], [128.710752, 36.516197], [128.710494, 36.516301], [128.709942, 36.516663], [128.709115, 36.517344], [128.708686, 36.517543], [128.707989, 36.517939], [128.707507, 36.518245], [128.707123, 36.518446]]}}, {"type": "Feature", "properties": {"name": "", "osm_id": 1422813438, "origin": "OBSERVED", "highway": "track"}, "geometry": {"type": "LineString", "coordinates": [[128.711701, 36.516111], [128.711792, 36.516029], [128.711776, 36.515861], [128.711615, 36.515516], [128.711604, 36.515391], [128.711626, 36.515357], [128.711712, 36.515318], [128.711948, 36.515292], [128.712018, 36.515266], [128.712152, 36.51518], [128.712393, 36.515072], [128.712575, 36.514947], [128.712838, 36.514826], [128.713187, 36.514714], [128.713525, 36.514628], [128.713659, 36.514576], [128.713943, 36.51424], [128.714002, 36.514137], [128.714072, 36.514055], [128.714308, 36.513938], [128.714578, 36.513888], [128.715081, 36.513723], [128.715815, 36.513106]]}}, {"type": "Feature", "properties": {"name": "", "osm_id": 1422813439, "origin": "OBSERVED", "highway": "unclassified"}, "geometry": {"type": "LineString", "coordinates": [[128.703102, 36.518763], [128.703226, 36.518944], [128.70337, 36.519276]]}}, {"type": "Feature", "properties": {"name": "", "osm_id": 1422813440, "origin": "OBSERVED", "highway": "track"}, "geometry": {"type": "LineString", "coordinates": [[128.62921, 36.479012], [128.629327, 36.478854], [128.629467, 36.478763], [128.629815, 36.478567], [128.629873, 36.478527], [128.630299, 36.478209], [128.630466, 36.478082], [128.630737, 36.477964], [128.631009, 36.477882], [128.631277, 36.477861], [128.631387, 36.477827], [128.631567, 36.477711], [128.631634, 36.477594], [128.631753, 36.47736], [128.631898, 36.477168], [128.631961, 36.476897], [128.632017, 36.476785], [128.632153, 36.476668], [128.632593, 36.476462], [128.63279, 36.476267], [128.632866, 36.476249], [128.633026, 36.476247], [128.63325, 36.476194], [128.633747, 36.476099]]}}, {"type": "Feature", "properties": {"name": "", "osm_id": 1422813442, "origin": "OBSERVED", "highway": "track"}, "geometry": {"type": "LineString", "coordinates": [[128.631048, 36.480423], [128.631266, 36.480204], [128.631429, 36.480045], [128.631468, 36.479974], [128.631219, 36.479641], [128.631093, 36.479492], [128.630935, 36.479379], [128.630841, 36.479328], [128.630718, 36.479258], [128.629912, 36.478561], [128.629873, 36.478527], [128.629099, 36.477851], [128.628228, 36.477087], [128.627688, 36.476613], [128.627325, 36.476305], [128.627171, 36.476236]]}}, {"type": "Feature", "properties": {"name": "", "osm_id": 1422813444, "origin": "OBSERVED", "highway": "track"}, "geometry": {"type": "LineString", "coordinates": [[128.66066, 36.476342], [128.66078, 36.476373], [128.661263, 36.476447], [128.661637, 36.476557], [128.661876, 36.476633], [128.662159, 36.476784], [128.662352, 36.47687], [128.662427, 36.476941], [128.662494, 36.477021], [128.662525, 36.477087], [128.662577, 36.477363], [128.662658, 36.477506], [128.662773, 36.477614], [128.662835, 36.477722], [128.662856, 36.4778], [128.662869, 36.477849]]}}, {"type": "Feature", "properties": {"name": "", "osm_id": 1422813445, "origin": "OBSERVED", "highway": "track"}, "geometry": {"type": "LineString", "coordinates": [[128.667435, 36.477548], [128.66733, 36.47754], [128.66702, 36.477553], [128.666784, 36.477564], [128.666511, 36.477562], [128.665536, 36.477627], [128.665246, 36.477635], [128.66506, 36.477665], [128.664824, 36.477698], [128.663397, 36.477827], [128.663034, 36.47788], [128.662884, 36.477838], [128.662869, 36.477849], [128.662852, 36.477861], [128.662777, 36.477973], [128.66227, 36.478094], [128.661834, 36.478223], [128.661581, 36.478333], [128.660964, 36.478689], [128.660274, 36.479109], [128.659314, 36.479681], [128.659106, 36.479798], [128.659066, 36.479797], [128.658996, 36.479733], [128.658991, 36.479679], [128.659152, 36.479415], [128.659289, 36.479166], [128.659338, 36.478948], [128.659404, 36.478746], [128.659439, 36.478679], [128.659523, 36.478573], [128.659581, 36.478551], [128.659647, 36.478544], [128.660092, 36.478539], [128.660273, 36.478518], [128.660515, 36.478407], [128.660651, 36.478328], [128.660765, 36.47819], [128.660862, 36.478001], [128.660882, 36.477832], [128.660875, 36.477721], [128.660733, 36.477377], [128.660684, 36.477153], [128.660674, 36.476832], [128.660742, 36.476434], [128.66078, 36.476373], [128.660861, 36.476242], [128.660987, 36.476141], [128.661151, 36.476144], [128.661255, 36.476139], [128.661408, 36.476108], [128.661544, 36.476106], [128.661802, 36.4761]]}}, {"type": "Feature", "properties": {"name": "", "osm_id": 1422813446, "origin": "OBSERVED", "highway": "unclassified"}, "geometry": {"type": "LineString", "coordinates": [[128.656407, 36.48555], [128.656308, 36.485088]]}}, {"type": "Feature", "properties": {"name": "", "osm_id": 1422813448, "origin": "OBSERVED", "highway": "track"}, "geometry": {"type": "LineString", "coordinates": [[128.651353, 36.482907], [128.651262, 36.48275], [128.651108, 36.482301], [128.651017, 36.482125]]}}, {"type": "Feature", "properties": {"name": "", "osm_id": 1422813449, "origin": "OBSERVED", "highway": "track"}, "geometry": {"type": "LineString", "coordinates": [[128.679627, 36.47704], [128.679145, 36.476232], [128.678924, 36.475912], [128.678872, 36.475781], [128.678906, 36.475696], [128.67898, 36.475642], [128.679097, 36.475603]]}}, {"type": "Feature", "properties": {"name": "", "osm_id": 1422813450, "origin": "OBSERVED", "highway": "track"}, "geometry": {"type": "LineString", "coordinates": [[128.682518, 36.477011], [128.681386, 36.476362], [128.680539, 36.475836], [128.680453, 36.475766], [128.680412, 36.475681], [128.68034, 36.475443], [128.680284, 36.475356]]}}, {"type": "Feature", "properties": {"name": "", "osm_id": 1422813451, "origin": "OBSERVED", "highway": "track"}, "geometry": {"type": "LineString", "coordinates": [[128.67144, 36.478372], [128.67097, 36.478321], [128.670932, 36.478309]]}}, {"type": "Feature", "properties": {"name": "", "osm_id": 1422813452, "origin": "OBSERVED", "highway": "track"}, "geometry": {"type": "LineString", "coordinates": [[128.677612, 36.477787], [128.677354, 36.477868], [128.677301, 36.47792]]}}, {"type": "Feature", "properties": {"name": "", "osm_id": 1422813453, "origin": "OBSERVED", "highway": "track"}, "geometry": {"type": "LineString", "coordinates": [[128.671851, 36.478405], [128.67144, 36.478372], [128.670641, 36.47842], [128.669564, 36.478509], [128.668195, 36.478636], [128.66798, 36.478644], [128.667468, 36.478716], [128.666859, 36.47878], [128.666303, 36.478832], [128.665478, 36.478913], [128.664814, 36.478971], [128.66345, 36.479107], [128.662898, 36.479225], [128.662573, 36.479309], [128.662363, 36.479389], [128.661656, 36.479774], [128.661504, 36.479835], [128.661424, 36.479862], [128.661322, 36.479873], [128.660865, 36.480126], [128.660198, 36.480509], [128.659607, 36.480836], [128.658636, 36.48134], [128.658719, 36.481608]]}}, {"type": "Feature", "properties": {"name": "", "osm_id": 1422813454, "origin": "OBSERVED", "highway": "track"}, "geometry": {"type": "LineString", "coordinates": [[128.67187, 36.478226], [128.670932, 36.478309], [128.670598, 36.478338], [128.670389, 36.478368], [128.669677, 36.478424], [128.668737, 36.478515], [128.667633, 36.478618], [128.665546, 36.478825], [128.663981, 36.478976], [128.663338, 36.479051], [128.662851, 36.479138], [128.662647, 36.479203], [128.662038, 36.479458], [128.661322, 36.479873]]}}, {"type": "Feature", "properties": {"name": "", "osm_id": 1422813455, "origin": "OBSERVED", "highway": "unclassified"}, "geometry": {"type": "LineString", "coordinates": [[128.6805, 36.488103], [128.680473, 36.487967], [128.680454, 36.487897], [128.680364, 36.487817], [128.680269, 36.487893], [128.679907, 36.488097], [128.679624, 36.488153], [128.679522, 36.488146], [128.67931, 36.488067], [128.679036, 36.488044], [128.678936, 36.488024], [128.678725, 36.487911], [128.678138, 36.487691], [128.677833, 36.48757], [128.677616, 36.487537], [128.677388, 36.487514], [128.677284, 36.487475], [128.676986, 36.487366], [128.676808, 36.487319], [128.676529, 36.487301], [128.6762, 36.487302], [128.6759, 36.48732], [128.674922, 36.487363], [128.673889, 36.487524], [128.673195, 36.487665], [128.673152, 36.487713], [128.673154, 36.487753], [128.673226, 36.487863], [128.673267, 36.488081], [128.67338, 36.488588], [128.673382, 36.488687], [128.673219, 36.488887], [128.673172, 36.488978], [128.673141, 36.489213], [128.673106, 36.489321], [128.673062, 36.489343], [128.673007, 36.489326], [128.672991, 36.489283], [128.67294, 36.489068], [128.672765, 36.488763], [128.672615, 36.488439], [128.672579, 36.488395], [128.672497, 36.488364], [128.672405, 36.488373], [128.672238, 36.488398], [128.671687, 36.488532], [128.671581, 36.488583], [128.671439, 36.488692], [128.671316, 36.488791], [128.67116, 36.488912], [128.670816, 36.489128], [128.670197, 36.48947], [128.669875, 36.489642], [128.66954, 36.489783], [128.669397, 36.489807], [128.668895, 36.489865], [128.668424, 36.489903], [128.668216, 36.489881], [128.668044, 36.489819], [128.667629, 36.489665], [128.667404, 36.489615], [128.667185, 36.489598], [128.666945, 36.489536], [128.666674, 36.489313], [128.66658, 36.489252], [128.666004, 36.489168], [128.665558, 36.489012], [128.665325, 36.488876], [128.665196, 36.488768], [128.66495, 36.488492], [128.664778, 36.488385], [128.664697, 36.488359], [128.664569, 36.488341], [128.664397, 36.488346], [128.66415, 36.48838], [128.664086, 36.488363], [128.664005, 36.488268], [128.663952, 36.488121], [128.663893, 36.488039], [128.663571, 36.487712], [128.663201, 36.487259], [128.662922, 36.486987], [128.662686, 36.486827], [128.662503, 36.486728], [128.662267, 36.486676], [128.661999, 36.486659], [128.661924, 36.486642], [128.661119, 36.486297], [128.661039, 36.486249], [128.660988, 36.48621], [128.661007, 36.485822], [128.660932, 36.485762], [128.660342, 36.485481], [128.660154, 36.485425], [128.659867, 36.485317], [128.659349, 36.485024]]}}, {"type": "Feature", "properties": {"name": "", "osm_id": 1422813456, "origin": "OBSERVED", "highway": "track"}, "geometry": {"type": "LineString", "coordinates": [[128.677354, 36.477868], [128.67729, 36.477834], [128.677068, 36.477812], [128.674348, 36.477281], [128.673012, 36.47707], [128.672618, 36.477035], [128.671945, 36.476988], [128.671762, 36.476955]]}}, {"type": "Feature", "properties": {"name": "", "osm_id": 1422813457, "origin": "OBSERVED", "highway": "track"}, "geometry": {"type": "LineString", "coordinates": [[128.67247, 36.482063], [128.672175, 36.482147], [128.672031, 36.482164], [128.67187, 36.482108]]}}, {"type": "Feature", "properties": {"name": "", "osm_id": 1422813458, "origin": "OBSERVED", "highway": "track"}, "geometry": {"type": "LineString", "coordinates": [[128.67247, 36.482063], [128.6725, 36.481986], [128.67246, 36.481802], [128.672317, 36.480745], [128.672047, 36.479101]]}}, {"type": "Feature", "properties": {"name": "", "osm_id": 1422813459, "origin": "OBSERVED", "highway": "unclassified"}, "geometry": {"type": "LineString", "coordinates": [[128.657675, 36.485149], [128.657659, 36.485102], [128.657665, 36.484938], [128.657633, 36.48486], [128.657388, 36.484658], [128.657284, 36.48457]]}}, {"type": "Feature", "properties": {"name": "", "osm_id": 1422813460, "origin": "OBSERVED", "highway": "unclassified"}, "geometry": {"type": "LineString", "coordinates": [[128.657675, 36.485149], [128.657595, 36.4853], [128.657182, 36.485361], [128.656407, 36.48555], [128.656411, 36.485621], [128.656495, 36.485928], [128.656592, 36.486223]]}}, {"type": "Feature", "properties": {"name": "", "osm_id": 1422813461, "origin": "OBSERVED", "highway": "track"}, "geometry": {"type": "LineString", "coordinates": [[128.670207, 36.482095], [128.670641, 36.482164], [128.670779, 36.482171], [128.670883, 36.482065], [128.671607, 36.482031], [128.67187, 36.482108]]}}, {"type": "Feature", "properties": {"name": "", "osm_id": 1422813462, "origin": "OBSERVED", "highway": "track"}, "geometry": {"type": "LineString", "coordinates": [[128.677612, 36.477787], [128.676902, 36.476846], [128.676971, 36.476582], [128.676961, 36.476548], [128.676896, 36.476505], [128.676767, 36.476505], [128.676628, 36.476565], [128.676521, 36.476582], [128.676172, 36.4766], [128.676016, 36.476591], [128.675941, 36.476552], [128.675898, 36.476492], [128.675877, 36.476384], [128.675898, 36.476203], [128.67585, 36.47616], [128.675641, 36.476142], [128.674831, 36.47619]]}}, {"type": "Feature", "properties": {"name": "", "osm_id": 1422813463, "origin": "OBSERVED", "highway": "track"}, "geometry": {"type": "LineString", "coordinates": [[128.672916, 36.478588], [128.672293, 36.478472], [128.671851, 36.478405]]}}, {"type": "Feature", "properties": {"name": "", "osm_id": 1422813464, "origin": "OBSERVED", "highway": "unclassified"}, "geometry": {"type": "LineString", "coordinates": [[128.672794, 36.482507], [128.672658, 36.482397], [128.67254, 36.482294], [128.672497, 36.482216], [128.67247, 36.482063]]}}, {"type": "Feature", "properties": {"name": "", "osm_id": 1422813465, "origin": "OBSERVED", "highway": "unclassified"}, "geometry": {"type": "LineString", "coordinates": [[128.672794, 36.482507], [128.672862, 36.482612], [128.672824, 36.482911], [128.672841, 36.482971], [128.673066, 36.483303]]}}, {"type": "Feature", "properties": {"name": "", "osm_id": 1422813466, "origin": "OBSERVED", "highway": "track"}, "geometry": {"type": "LineString", "coordinates": [[128.67187, 36.478226], [128.6721, 36.478204], [128.672959, 36.478217], [128.673152, 36.478239], [128.673386, 36.478266], [128.673919, 36.478342], [128.675534, 36.47864], [128.676049, 36.47873], [128.676493, 36.478875], [128.676934, 36.478903], [128.678817, 36.479408], [128.678855, 36.479418], [128.679466, 36.479585], [128.679991, 36.479559], [128.680276, 36.479468], [128.680581, 36.479429], [128.68086, 36.479369], [128.681091, 36.479347], [128.681563, 36.479192], [128.682159, 36.478851]]}}, {"type": "Feature", "properties": {"name": "", "osm_id": 1422813467, "origin": "OBSERVED", "highway": "unclassified"}, "geometry": {"type": "LineString", "coordinates": [[128.65855, 36.485022], [128.658373, 36.484653], [128.658082, 36.484301], [128.658044, 36.484232]]}}, {"type": "Feature", "properties": {"name": "", "osm_id": 1422813468, "origin": "OBSERVED", "highway": "unclassified"}, "geometry": {"type": "LineString", "coordinates": [[128.65855, 36.485022], [128.658469, 36.48511], [128.658196, 36.484998], [128.658094, 36.48499], [128.657971, 36.48508], [128.657675, 36.485149]]}}, {"type": "Feature", "properties": {"name": "", "osm_id": 1422813469, "origin": "OBSERVED", "highway": "unclassified"}, "geometry": {"type": "LineString", "coordinates": [[128.65855, 36.485022], [128.658692, 36.48509], [128.659081, 36.485166], [128.659124, 36.485162], [128.659349, 36.485024], [128.659607, 36.484683], [128.659601, 36.484645], [128.659333, 36.484446], [128.658963, 36.484261], [128.658813, 36.484163], [128.658646, 36.483972], [128.658512, 36.483808], [128.65833, 36.483687], [128.658169, 36.4837], [128.657874, 36.483933], [128.657849, 36.483949]]}}, {"type": "Feature", "properties": {"name": "", "osm_id": 1422813470, "origin": "OBSERVED", "highway": "unclassified"}, "geometry": {"type": "LineString", "coordinates": [[128.673619, 36.481724], [128.673844, 36.481668], [128.674053, 36.481513], [128.674096, 36.481491], [128.674364, 36.481263], [128.674509, 36.481159], [128.67497, 36.480823], [128.675024, 36.480698], [128.675048, 36.480465]]}}, {"type": "Feature", "properties": {"name": "", "osm_id": 1422813471, "origin": "OBSERVED", "highway": "track"}, "geometry": {"type": "LineString", "coordinates": [[128.673619, 36.481724], [128.673597, 36.481673], [128.673436, 36.480633], [128.673173, 36.478955], [128.673138, 36.478807], [128.672916, 36.478588]]}}, {"type": "Feature", "properties": {"name": "", "osm_id": 1422813472, "origin": "OBSERVED", "highway": "unclassified"}, "geometry": {"type": "LineString", "coordinates": [[128.673619, 36.481724], [128.673028, 36.482151], [128.672658, 36.482397]]}}, {"type": "Feature", "properties": {"name": "", "osm_id": 1422813473, "origin": "OBSERVED", "highway": "track"}, "geometry": {"type": "LineString", "coordinates": [[128.684247, 36.474936], [128.68364, 36.474933], [128.68348, 36.474936], [128.683378, 36.474988], [128.683308, 36.475067], [128.683238, 36.475094], [128.682785, 36.474829], [128.681386, 36.476362], [128.679627, 36.47704], [128.677612, 36.477787]]}}, {"type": "Feature", "properties": {"name": "", "osm_id": 1422813474, "origin": "OBSERVED", "highway": "tertiary"}, "geometry": {"type": "LineString", "coordinates": [[128.723736, 36.459632], [128.724088, 36.459576]]}}, {"type": "Feature", "properties": {"name": "", "osm_id": 1422813475, "origin": "OBSERVED", "highway": "tertiary"}, "geometry": {"type": "LineString", "coordinates": [[128.722001, 36.459187], [128.722049, 36.459211], [128.722108, 36.459243], [128.72242, 36.45942], [128.722617, 36.459547], [128.7231, 36.459648], [128.723576, 36.459659], [128.723736, 36.459632]]}}, {"type": "Feature", "properties": {"name": "", "osm_id": 1422813476, "origin": "OBSERVED", "highway": "unclassified"}, "geometry": {"type": "LineString", "coordinates": [[128.724088, 36.459576], [128.724292, 36.459538], [128.72448, 36.45948], [128.72474, 36.45942], [128.72511, 36.45929], [128.725351, 36.459216], [128.72547, 36.45918], [128.72586, 36.45909], [128.72622, 36.45903], [128.72659, 36.45895], [128.726892, 36.45889], [128.727058, 36.458868], [128.72775, 36.45873], [128.72865, 36.45854], [128.729192, 36.458458], [128.72976, 36.45837], [128.73004, 36.45834], [128.73036, 36.45824], [128.73071, 36.45809], [128.73129, 36.45785], [128.73193, 36.45759], [128.73277, 36.45727], [128.73356, 36.45695], [128.73384, 36.45684], [128.73399, 36.4568], [128.7342, 36.45676], [128.73446, 36.45673], [128.73468, 36.45673], [128.73527, 36.45676], [128.73568, 36.45678], [128.7362, 36.45673], [128.73667, 36.45671], [128.7371, 36.45669], [128.73747, 36.45673], [128.73802, 36.45676], [128.73843, 36.4568], [128.73873, 36.45682], [128.73912, 36.45686], [128.73942, 36.45693], [128.73974, 36.45703], [128.74025, 36.457214], [128.740679, 36.457357], [128.741044, 36.457439], [128.741344, 36.457473], [128.741763, 36.457533], [128.742208, 36.457568], [128.742583, 36.457654], [128.742943, 36.457723], [128.743367, 36.457715], [128.74378, 36.457715], [128.744101, 36.457736], [128.744649, 36.457926], [128.745244, 36.458043], [128.745512, 36.458038], [128.745802, 36.457995], [128.746086, 36.458077], [128.746607, 36.458116], [128.7471, 36.45809], [128.747513, 36.458025], [128.748093, 36.458047], [128.748441, 36.457939], [128.74871, 36.457926], [128.749047, 36.457969], [128.749809, 36.458099]]}}, {"type": "Feature", "properties": {"name": "", "osm_id": 1422813477, "origin": "OBSERVED", "highway": "tertiary"}, "geometry": {"type": "LineString", "coordinates": [[128.721769, 36.459136], [128.721847, 36.459151], [128.722001, 36.459187]]}}, {"type": "Feature", "properties": {"name": "일직점곡로", "osm_id": 1422813478, "origin": "OBSERVED", "highway": "secondary"}, "geometry": {"type": "LineString", "coordinates": [[128.705128, 36.459658], [128.705328, 36.459302]]}}, {"type": "Feature", "properties": {"name": "일직점곡로", "osm_id": 1422813479, "origin": "OBSERVED", "highway": "secondary"}, "geometry": {"type": "LineString", "coordinates": [[128.681151, 36.467009], [128.681807, 36.46661], [128.682096, 36.466532], [128.682438, 36.466493], [128.682553, 36.466457], [128.683029, 36.466303], [128.683511, 36.466116], [128.683992, 36.46593], [128.684141, 36.46588], [128.684245, 36.465856], [128.684339, 36.465857], [128.684517, 36.46586], [128.684715, 36.465888], [128.68487, 36.46594], [128.6853, 36.46607], [128.685525, 36.466103], [128.68569, 36.46609], [128.685765, 36.46607], [128.68592, 36.46603], [128.686619, 36.465748], [128.687005, 36.465575], [128.687031, 36.465564], [128.687232, 36.465473], [128.687422, 36.465411], [128.687745, 36.46536], [128.688271, 36.465276], [128.688667, 36.465213], [128.689521, 36.465017], [128.690356, 36.464833], [128.691149, 36.464581], [128.691928, 36.464294], [128.69343, 36.46375], [128.693907, 36.463369], [128.694153, 36.46317], [128.69432, 36.46308], [128.6949, 36.46281], [128.69569, 36.46249], [128.696342, 36.462335], [128.696602, 36.462249], [128.696776, 36.462173], [128.69818, 36.46109], [128.69844, 36.460929], [128.698693, 36.460783], [128.700039, 36.460238], [128.701971, 36.459386], [128.702234, 36.459286], [128.7024, 36.459234], [128.70266, 36.45918], [128.70314, 36.4592], [128.703874, 36.459337], [128.70451, 36.4595], [128.705103, 36.459708], [128.705128, 36.459658]]}}, {"type": "Feature", "properties": {"name": "", "osm_id": 1422813480, "origin": "OBSERVED", "highway": "unclassified"}, "geometry": {"type": "LineString", "coordinates": [[128.687649, 36.463725], [128.687644, 36.463699], [128.686281, 36.463979]]}}, {"type": "Feature", "properties": {"name": "", "osm_id": 1422813481, "origin": "OBSERVED", "highway": "unclassified"}, "geometry": {"type": "LineString", "coordinates": [[128.687708, 36.464064], [128.687649, 36.463725]]}}, {"type": "Feature", "properties": {"name": "", "osm_id": 1422813482, "origin": "OBSERVED", "highway": "residential"}, "geometry": {"type": "LineString", "coordinates": [[128.680626, 36.467446], [128.680556, 36.467465], [128.680405, 36.46745], [128.680342, 36.467419]]}}, {"type": "Feature", "properties": {"name": "", "osm_id": 1422813483, "origin": "OBSERVED", "highway": "residential"}, "geometry": {"type": "LineString", "coordinates": [[128.68102, 36.46738], [128.680626, 36.467446]]}}, {"type": "Feature", "properties": {"name": "일직점곡로", "osm_id": 1422813484, "origin": "OBSERVED", "highway": "secondary"}, "geometry": {"type": "LineString", "coordinates": [[128.680639, 36.4673], [128.681151, 36.467009]]}}, {"type": "Feature", "properties": {"name": "일직점곡로", "osm_id": 1422813485, "origin": "OBSERVED", "highway": "secondary"}, "geometry": {"type": "LineString", "coordinates": [[128.663, 36.4653], [128.663444, 36.465233], [128.663609, 36.465208], [128.663625, 36.465206], [128.66421, 36.46512], [128.66447, 36.465145], [128.664619, 36.465172], [128.664801, 36.465185], [128.666076, 36.465114], [128.668446, 36.464981], [128.668578, 36.464983], [128.668777, 36.464987], [128.668994, 36.465008], [128.669151, 36.465042], [128.66944, 36.465105], [128.66979, 36.46512], [128.670081, 36.465116], [128.67066, 36.46508], [128.671135, 36.465062], [128.671349, 36.465054], [128.671489, 36.465079], [128.671709, 36.465179], [128.672049, 36.465306], [128.672702, 36.465561], [128.67372, 36.4659], [128.675911, 36.466941], [128.676166, 36.467067], [128.67655, 36.46725], [128.676805, 36.467366], [128.677, 36.46742], [128.677234, 36.467452], [128.67759, 36.46748], [128.67991, 36.46757], [128.680189, 36.467475], [128.680342, 36.467419], [128.680495, 36.467367], [128.680507, 36.467363], [128.680639, 36.4673]]}}, {"type": "Feature", "properties": {"name": "", "osm_id": 1422813486, "origin": "OBSERVED", "highway": "residential"}, "geometry": {"type": "LineString", "coordinates": [[128.713548, 36.459545], [128.713589, 36.459625]]}}, {"type": "Feature", "properties": {"name": "", "osm_id": 1422813487, "origin": "OBSERVED", "highway": "residential"}, "geometry": {"type": "LineString", "coordinates": [[128.713327, 36.459262], [128.713548, 36.459545]]}}, {"type": "Feature", "properties": {"name": "", "osm_id": 1422813488, "origin": "OBSERVED", "highway": "track"}, "geometry": {"type": "LineString", "coordinates": [[128.711876, 36.461245], [128.712096, 36.461108], [128.712203, 36.461081]]}}, {"type": "Feature", "properties": {"name": "", "osm_id": 1422813489, "origin": "OBSERVED", "highway": "track"}, "geometry": {"type": "LineString", "coordinates": [[128.711669, 36.461203], [128.711876, 36.461245]]}}, {"type": "Feature", "properties": {"name": "", "osm_id": 1422813491, "origin": "OBSERVED", "highway": "track"}, "geometry": {"type": "LineString", "coordinates": [[128.687644, 36.463699], [128.688511, 36.463493], [128.689185, 36.463196], [128.689431, 36.463046], [128.689614, 36.462983], [128.689898, 36.462945], [128.690189, 36.462962], [128.690633, 36.462993], [128.690884, 36.462992], [128.691109, 36.462928], [128.691298, 36.462836], [128.691448, 36.462654], [128.691624, 36.462498], [128.691796, 36.462313], [128.691978, 36.462149], [128.692128, 36.462035], [128.692199, 36.461923], [128.692323, 36.461761], [128.692798, 36.461424]]}}, {"type": "Feature", "properties": {"name": "", "osm_id": 1422813492, "origin": "OBSERVED", "highway": "unclassified"}, "geometry": {"type": "LineString", "coordinates": [[128.687492, 36.465082], [128.687456, 36.46482], [128.68748, 36.464662], [128.687528, 36.464524], [128.687615, 36.464337], [128.687709, 36.464183], [128.687709, 36.464118], [128.687708, 36.464064]]}}, {"type": "Feature", "properties": {"name": "", "osm_id": 1422813493, "origin": "OBSERVED", "highway": "unclassified"}, "geometry": {"type": "LineString", "coordinates": [[128.687005, 36.465575], [128.687064, 36.465376], [128.687205, 36.465174], [128.687373, 36.4651], [128.687492, 36.465082], [128.687506, 36.46508], [128.687641, 36.465093], [128.687802, 36.465126], [128.688067, 36.465199], [128.688271, 36.465276]]}}, {"type": "Feature", "properties": {"name": "", "osm_id": 1422813494, "origin": "OBSERVED", "highway": "path"}, "geometry": {"type": "LineString", "coordinates": [[128.709068, 36.477993], [128.709015, 36.477995], [128.708905, 36.478017], [128.708846, 36.47804], [128.708649, 36.478164], [128.708598, 36.478182], [128.708546, 36.478212], [128.70851, 36.478311], [128.708508, 36.478358], [128.708422, 36.478548], [128.708359, 36.47863], [128.70832, 36.47867], [128.708116, 36.478789], [128.708093, 36.478831], [128.708056, 36.478873], [128.707966, 36.47895], [128.707929, 36.478994], [128.707866, 36.479009], [128.707806, 36.479034], [128.707764, 36.479077], [128.707733, 36.479123], [128.707685, 36.479151], [128.707657, 36.479192], [128.707611, 36.479219], [128.707593, 36.47927], [128.707598, 36.479373], [128.707592, 36.479437], [128.707558, 36.479492], [128.707551, 36.4796], [128.707533, 36.479655], [128.707459, 36.479733], [128.7072, 36.479886], [128.707019, 36.479967], [128.706767, 36.480128], [128.706596, 36.480188], [128.706471, 36.480243], [128.706259, 36.480308], [128.706072, 36.480353], [128.706023, 36.480379], [128.705917, 36.480448], [128.705805, 36.480576], [128.705707, 36.480632], [128.705617, 36.480709], [128.705567, 36.48074], [128.705532, 36.480776], [128.70548, 36.480798], [128.70542, 36.480812], [128.705374, 36.480839], [128.705267, 36.480877], [128.705207, 36.480879], [128.705155, 36.480897], [128.705093, 36.480899], [128.705009, 36.480982], [128.704939, 36.481119], [128.704903, 36.481161], [128.704851, 36.481188], [128.704741, 36.481224], [128.704698, 36.481258], [128.70467, 36.4813], [128.70463, 36.481336], [128.704579, 36.481367], [128.704395, 36.481397], [128.704343, 36.481432], [128.704186, 36.481498], [128.704028, 36.481654], [128.704022, 36.481703], [128.703998, 36.481748], [128.703958, 36.481785], [128.703853, 36.481831], [128.703743, 36.481944], [128.703688, 36.481968], [128.703623, 36.48196], [128.703566, 36.481965], [128.70352, 36.482002], [128.703495, 36.482051], [128.703445, 36.482075], [128.70335, 36.48214], [128.703279, 36.482221], [128.703196, 36.482294], [128.703178, 36.482342], [128.703109, 36.48243], [128.703104, 36.482479], [128.703072, 36.482522], [128.702978, 36.482575], [128.70292, 36.482659], [128.702876, 36.482692], [128.702812, 36.482703], [128.702773, 36.48274], [128.702727, 36.482768], [128.702697, 36.48281], [128.702645, 36.482837], [128.702562, 36.482909], [128.702444, 36.483078], [128.702442, 36.483129], [128.702408, 36.48317], [128.702385, 36.483221], [128.702344, 36.483265], [128.702294, 36.483289], [128.702217, 36.483361], [128.70215, 36.48344], [128.702068, 36.483515], [128.702036, 36.483561], [128.701982, 36.483577], [128.701866, 36.483575], [128.701737, 36.483555], [128.701677, 36.483567], [128.701618, 36.483567], [128.701557, 36.483596], [128.701497, 36.483614], [128.701371, 36.483621], [128.701307, 36.483631], [128.701248, 36.483651], [128.701153, 36.483711], [128.700995, 36.483762], [128.700886, 36.48382], [128.700852, 36.483865], [128.700795, 36.483879], [128.700713, 36.483949], [128.700666, 36.483974], [128.700587, 36.48406], [128.700419, 36.48421], [128.700359, 36.484236], [128.700269, 36.484316], [128.700207, 36.484323], [128.700163, 36.484356], [128.70011, 36.484378], [128.700084, 36.484421], [128.700028, 36.484438], [128.699968, 36.484423], [128.699778, 36.484352], [128.699717, 36.484336], [128.699662, 36.48431], [128.69961, 36.484272], [128.699546, 36.484262], [128.699501, 36.484233], [128.699436, 36.484219], [128.699385, 36.484196], [128.69925, 36.48409], [128.699073, 36.484055], [128.698955, 36.484078], [128.698897, 36.4841], [128.698774, 36.484123], [128.698725, 36.484149], [128.698485, 36.48418], [128.698372, 36.484218], [128.69831, 36.484221], [128.698254, 36.484239], [128.698179, 36.484311], [128.698132, 36.484338], [128.698018, 36.484346], [128.697902, 36.484381], [128.697688, 36.484276], [128.697591, 36.484209], [128.697538, 36.484192], [128.69748, 36.484184], [128.697303, 36.484226], [128.697243, 36.484247], [128.697104, 36.484325], [128.696975, 36.484368], [128.696853, 36.484394], [128.696801, 36.484415], [128.696741, 36.484424], [128.696687, 36.484449], [128.696627, 36.48446], [128.696458, 36.484514], [128.69641, 36.484544], [128.696317, 36.484625], [128.696203, 36.484776], [128.696107, 36.484853], [128.696046, 36.484934], [128.695952, 36.485029], [128.695928, 36.485077], [128.695842, 36.48517], [128.695823, 36.485216], [128.695833, 36.485322], [128.695751, 36.485459], [128.695705, 36.485492], [128.695671, 36.485531], [128.695655, 36.485576], [128.695629, 36.485616], [128.695593, 36.485655], [128.69548, 36.485685], [128.695435, 36.485715], [128.695395, 36.485756], [128.695342, 36.485772], [128.695281, 36.485767], [128.69522, 36.485776], [128.695099, 36.485751], [128.695035, 36.485749], [128.694851, 36.485723], [128.694802, 36.485695], [128.694522, 36.485586], [128.694468, 36.485555], [128.694347, 36.485505], [128.694289, 36.485471], [128.694258, 36.485432], [128.694115, 36.485306], [128.694039, 36.485225], [128.694006, 36.485179], [128.693964, 36.485144], [128.693852, 36.485129], [128.693798, 36.485143], [128.693751, 36.48517], [128.693637, 36.485167], [128.693556, 36.485183], [128.693375, 36.485256], [128.69327, 36.485312], [128.692999, 36.485424], [128.692819, 36.485469], [128.69277, 36.485502], [128.692471, 36.485536], [128.692409, 36.485525], [128.692242, 36.485448], [128.692072, 36.485295], [128.692018, 36.485203], [128.691974, 36.485166], [128.691907, 36.485074], [128.691862, 36.485037], [128.691819, 36.484886], [128.691788, 36.484836], [128.691742, 36.484807], [128.691706, 36.484761], [128.691681, 36.484706], [128.69155, 36.484599], [128.691488, 36.484506], [128.691302, 36.48438], [128.691169, 36.484257], [128.691142, 36.484165], [128.69114, 36.484063], [128.691088, 36.483907], [128.69107, 36.483806], [128.691016, 36.483721], [128.690983, 36.483625], [128.690974, 36.48357], [128.690952, 36.483527], [128.690879, 36.483447], [128.690852, 36.483399], [128.690804, 36.483203], [128.69078, 36.483157], [128.6907, 36.483083], [128.690672, 36.483038], [128.690631, 36.482998], [128.690531, 36.482946], [128.690489, 36.482905], [128.690395, 36.482842], [128.690273, 36.482805], [128.690166, 36.482759], [128.690022, 36.482669], [128.689905, 36.482541], [128.689875, 36.482495], [128.689828, 36.482461], [128.689584, 36.482371], [128.689402, 36.482345], [128.689373, 36.482299], [128.689326, 36.482273], [128.689264, 36.482261], [128.689155, 36.482209], [128.68913, 36.482169], [128.689124, 36.482119], [128.689092, 36.482082], [128.689031, 36.482091], [128.688965, 36.482089], [128.688853, 36.482071], [128.688809, 36.482042], [128.688748, 36.482053], [128.688691, 36.482031], [128.688574, 36.482012], [128.688345, 36.481946], [128.688285, 36.481948], [128.688171, 36.481967], [128.68812, 36.481949], [128.688028, 36.481868], [128.68798, 36.481839], [128.687919, 36.481819], [128.687925, 36.481767], [128.687909, 36.481712], [128.687875, 36.481664], [128.687856, 36.481617], [128.687741, 36.481509], [128.687682, 36.481502], [128.68765, 36.481464], [128.687603, 36.481435], [128.687497, 36.481383], [128.687441, 36.481373], [128.687346, 36.481313], [128.687261, 36.481238], [128.687146, 36.481195], [128.687139, 36.481175], [128.687146, 36.481139]]}}, {"type": "Feature", "properties": {"name": "", "osm_id": 1422813495, "origin": "OBSERVED", "highway": "path"}, "geometry": {"type": "LineString", "coordinates": [[128.683511, 36.466116], [128.683516, 36.46612], [128.683568, 36.466155], [128.683621, 36.466132], [128.683677, 36.466124], [128.683797, 36.466128], [128.683858, 36.466119], [128.683898, 36.466151], [128.683951, 36.466173], [128.683966, 36.466222], [128.68395, 36.466266], [128.683974, 36.466308], [128.684018, 36.46634], [128.68399, 36.466385], [128.683947, 36.466417], [128.683919, 36.466456], [128.684146, 36.466477], [128.684202, 36.466464], [128.684375, 36.466493], [128.684434, 36.46649], [128.68449, 36.466472], [128.684695, 36.466441], [128.684856, 36.466434], [128.685076, 36.466408], [128.685205, 36.466417], [128.685388, 36.466403], [128.685443, 36.46642], [128.685498, 36.466398], [128.685683, 36.466396], [128.685876, 36.466434], [128.685927, 36.466454], [128.685984, 36.466452], [128.686101, 36.466419], [128.686157, 36.466392], [128.686203, 36.466356], [128.686373, 36.466301], [128.686802, 36.46623], [128.686988, 36.46621], [128.68718, 36.466216], [128.687397, 36.466307], [128.687513, 36.466339], [128.687634, 36.466348], [128.687696, 36.466339], [128.687754, 36.466318], [128.687883, 36.466308], [128.688008, 36.466276], [128.688079, 36.466268], [128.688222, 36.466271], [128.688277, 36.466282], [128.688342, 36.466271], [128.688403, 36.466274], [128.688524, 36.46629], [128.688594, 36.466289], [128.688661, 36.46627], [128.688803, 36.466255], [128.68911, 36.466287], [128.689312, 36.466288], [128.689451, 36.466323], [128.68972, 36.466342], [128.689779, 36.466343], [128.689843, 36.466333], [128.689948, 36.466368], [128.690005, 36.466366], [128.690064, 36.466381], [128.690288, 36.46645], [128.690349, 36.46646], [128.690447, 36.466513], [128.690528, 36.466584], [128.690585, 36.466606], [128.690678, 36.466671], [128.690735, 36.466682], [128.690787, 36.466713], [128.690827, 36.466749], [128.690993, 36.466827], [128.691051, 36.466833], [128.691223, 36.466872], [128.691282, 36.466869], [128.691399, 36.466901], [128.691462, 36.46693], [128.691518, 36.466947], [128.691577, 36.466981], [128.691647, 36.466996], [128.69184, 36.467008], [128.691901, 36.467005], [128.691957, 36.466992], [128.692022, 36.467008], [128.692063, 36.467044], [128.69212, 36.46706], [128.692239, 36.467061], [128.692285, 36.467087], [128.692312, 36.467126], [128.692356, 36.467238], [128.692407, 36.46732], [128.692494, 36.467393], [128.692542, 36.46742], [128.692667, 36.467536], [128.692716, 36.467561], [128.692774, 36.467567], [128.693083, 36.467754], [128.693291, 36.467868], [128.69338, 36.467928], [128.693491, 36.467962], [128.693621, 36.467968], [128.693814, 36.467958], [128.693938, 36.467938], [128.694281, 36.467841], [128.694393, 36.467797], [128.694544, 36.467709], [128.694893, 36.467614], [128.695011, 36.467574], [128.695124, 36.467548], [128.695242, 36.467547], [128.695417, 36.467565], [128.695618, 36.467552], [128.695679, 36.467557], [128.695911, 36.467536], [128.696019, 36.467493], [128.696053, 36.467456], [128.696108, 36.467444], [128.696158, 36.46742], [128.696239, 36.467352], [128.696399, 36.467304], [128.696461, 36.467304], [128.696516, 36.467294], [128.696703, 36.467309], [128.696773, 36.467308], [128.696839, 36.467317], [128.696907, 36.467308], [128.696963, 36.467329], [128.697089, 36.467308], [128.697214, 36.467319], [128.697272, 36.467302], [128.697519, 36.467336], [128.697696, 36.467386], [128.697745, 36.467413], [128.697799, 36.46746], [128.697903, 36.467527], [128.698021, 36.467563], [128.698183, 36.46765], [128.698401, 36.467827], [128.698511, 36.467951], [128.698646, 36.468053], [128.698721, 36.468136], [128.698812, 36.468212], [128.698883, 36.46829], [128.698977, 36.468356], [128.699, 36.468408], [128.699156, 36.468481], [128.699201, 36.468508], [128.699259, 36.468501], [128.699354, 36.468567], [128.699418, 36.468653], [128.699463, 36.468739], [128.699471, 36.468784], [128.699567, 36.468999], [128.69968, 36.469233], [128.699764, 36.46937], [128.699762, 36.469416], [128.699827, 36.469499], [128.699867, 36.469534], [128.699916, 36.469556], [128.70006, 36.469644], [128.700119, 36.469662], [128.700301, 36.469662], [128.700546, 36.469716], [128.700604, 36.469706], [128.700718, 36.469708], [128.700984, 36.469645], [128.701085, 36.469596], [128.701156, 36.469569], [128.701202, 36.469538], [128.701271, 36.46953], [128.701316, 36.469503], [128.701429, 36.469465], [128.701485, 36.469454], [128.701552, 36.469453], [128.701721, 36.469415], [128.701779, 36.469421], [128.702012, 36.469392], [128.702076, 36.469395], [128.702261, 36.46943], [128.702373, 36.469461], [128.702426, 36.469483], [128.702516, 36.469548], [128.702567, 36.469573], [128.70273, 36.469629], [128.702785, 36.469636], [128.702847, 36.469632], [128.70291, 36.46964], [128.702967, 36.469628], [128.703058, 36.469576], [128.703115, 36.469557], [128.70327, 36.469461], [128.703556, 36.469301], [128.703622, 36.469295], [128.703668, 36.469268], [128.70391, 36.469203], [128.703967, 36.469201], [128.704024, 36.469222], [128.704103, 36.469315], [128.70412, 36.469362], [128.704148, 36.469403], [128.704236, 36.469484], [128.704254, 36.469534], [128.704305, 36.469566], [128.704414, 36.469617], [128.70451, 36.469743], [128.704561, 36.469779], [128.704616, 36.469797], [128.704667, 36.469833], [128.704877, 36.469928], [128.704933, 36.469935], [128.705037, 36.469973], [128.705106, 36.47006], [128.705148, 36.470093], [128.705254, 36.470129], [128.70529, 36.470167], [128.705336, 36.470197], [128.705366, 36.470245], [128.705382, 36.470292], [128.70544, 36.470384], [128.705438, 36.470434], [128.705452, 36.47053], [128.705486, 36.47067], [128.705567, 36.470746], [128.705654, 36.470805], [128.705751, 36.470853], [128.70577, 36.470902], [128.705819, 36.470923], [128.70587, 36.470959], [128.705972, 36.471111], [128.706055, 36.471195], [128.706095, 36.471284], [128.706145, 36.471318], [128.706196, 36.471346], [128.706249, 36.471363], [128.706302, 36.471396], [128.706366, 36.471398], [128.706479, 36.471442], [128.706524, 36.471471], [128.706744, 36.471578], [128.706788, 36.471608], [128.706843, 36.471629], [128.706893, 36.471662], [128.707014, 36.471825], [128.707035, 36.47187], [128.707074, 36.471904], [128.707251, 36.471931], [128.707298, 36.471962], [128.70735, 36.471983], [128.707433, 36.472049], [128.7075, 36.472054], [128.707629, 36.472078], [128.70776, 36.472081], [128.707937, 36.472128], [128.707996, 36.47215], [128.70812, 36.472157], [128.708231, 36.472174], [128.708342, 36.472232], [128.708408, 36.472249], [128.708467, 36.472253], [128.708637, 36.472323], [128.708731, 36.472381], [128.708769, 36.472416], [128.70887, 36.472543], [128.708924, 36.472568], [128.709036, 36.472598], [128.709088, 36.472619], [128.709233, 36.4727], [128.709287, 36.472715], [128.709402, 36.472723], [128.70951, 36.472761], [128.709554, 36.472796], [128.709631, 36.472928], [128.709655, 36.473074], [128.709643, 36.473126], [128.709653, 36.473223], [128.709674, 36.473269], [128.709656, 36.473365], [128.709666, 36.473456], [128.709612, 36.473592], [128.709577, 36.473631], [128.709555, 36.473681], [128.709544, 36.473731], [128.709552, 36.473776], [128.709574, 36.473818], [128.709553, 36.473863], [128.709499, 36.474057], [128.709504, 36.474115], [128.709465, 36.474229], [128.70947, 36.47428], [128.709463, 36.474397], [128.709481, 36.474451], [128.709477, 36.474499], [128.709487, 36.474544], [128.709489, 36.474652], [128.70951, 36.474698], [128.70952, 36.474859], [128.70949, 36.474948], [128.709401, 36.475084], [128.709308, 36.475292], [128.709289, 36.47549], [128.709293, 36.475542], [128.709256, 36.475589], [128.709214, 36.475682], [128.709207, 36.475727], [128.709218, 36.475824], [128.709254, 36.475918], [128.709256, 36.47597], [128.709269, 36.476025], [128.709257, 36.476074], [128.709263, 36.476173], [128.709279, 36.47622], [128.709291, 36.476315], [128.709357, 36.476453], [128.709372, 36.476503], [128.709371, 36.47655], [128.709415, 36.476597], [128.709477, 36.476701], [128.709564, 36.476771], [128.709612, 36.476794], [128.709685, 36.476934], [128.709742, 36.477016], [128.709771, 36.477112], [128.709753, 36.477274], [128.709683, 36.477366], [128.709646, 36.4774], [128.709619, 36.477452], [128.709525, 36.477525], [128.709501, 36.477623], [128.709465, 36.477663], [128.709442, 36.477715], [128.709419, 36.477747]]}}, {"type": "Feature", "properties": {"name": "", "osm_id": 1422813497, "origin": "OBSERVED", "highway": "path"}, "geometry": {"type": "LineString", "coordinates": [[128.680149, 36.483119], [128.680127, 36.483162], [128.680171, 36.483198], [128.680292, 36.483259], [128.68046, 36.483313], [128.680647, 36.483331], [128.680707, 36.483316], [128.680773, 36.483321], [128.680837, 36.483306], [128.681081, 36.483274], [128.681189, 36.483223], [128.681318, 36.483214], [128.681375, 36.483217], [128.681635, 36.483191], [128.681749, 36.48315], [128.681814, 36.483144], [128.681944, 36.483113], [128.682076, 36.483107], [128.682241, 36.483039], [128.68231, 36.48305], [128.682434, 36.48303], [128.682501, 36.483013], [128.682616, 36.482965], [128.68274, 36.482929], [128.682863, 36.48288], [128.682975, 36.482853], [128.683095, 36.48284], [128.68333, 36.482676], [128.683503, 36.482609], [128.683675, 36.482571], [128.68386, 36.482565], [128.684172, 36.482503], [128.684237, 36.48248], [128.684361, 36.482452], [128.684415, 36.482469], [128.684472, 36.482451], [128.684596, 36.482454], [128.68466, 36.48244], [128.68472, 36.482445], [128.684838, 36.482396], [128.684895, 36.482362], [128.685034, 36.482361], [128.685171, 36.482348], [128.685351, 36.482298], [128.685566, 36.48219], [128.685747, 36.482037], [128.685787, 36.481992], [128.685885, 36.481932], [128.685947, 36.481906], [128.686056, 36.48184], [128.686099, 36.481805], [128.686315, 36.481696], [128.686456, 36.481604], [128.686769, 36.481474], [128.686857, 36.481349], [128.686881, 36.481211], [128.686905, 36.481166], [128.686915, 36.48112], [128.686967, 36.48109], [128.687029, 36.481081], [128.687082, 36.481097], [128.68712, 36.48113], [128.687146, 36.481139], [128.687172, 36.481148], [128.687218, 36.481183], [128.687267, 36.481209], [128.687382, 36.481193], [128.687509, 36.481222], [128.687613, 36.481274], [128.68767, 36.481281], [128.687906, 36.481221], [128.688024, 36.481227], [128.688139, 36.481206], [128.688174, 36.481161], [128.688193, 36.481063], [128.688222, 36.481015], [128.688368, 36.480929], [128.688453, 36.480852], [128.688493, 36.48081], [128.688563, 36.480664], [128.6886, 36.480627], [128.688653, 36.480597], [128.688749, 36.480521], [128.688765, 36.480477], [128.688765, 36.48043], [128.688804, 36.480385], [128.688814, 36.480331], [128.688879, 36.480195], [128.688934, 36.480049], [128.688925, 36.479801], [128.688906, 36.479747], [128.688854, 36.479655], [128.688885, 36.479601], [128.688811, 36.479511], [128.68879, 36.479467], [128.688748, 36.479358], [128.688732, 36.479251], [128.688687, 36.47915], [128.688666, 36.47905], [128.688663, 36.47895], [128.688639, 36.478844], [128.688649, 36.478798], [128.688641, 36.478753], [128.688665, 36.47865], [128.688657, 36.478597], [128.688623, 36.478554], [128.688617, 36.478507], [128.688629, 36.478363], [128.688592, 36.478272], [128.688563, 36.478229], [128.688482, 36.47816], [128.688449, 36.478121], [128.688436, 36.478071], [128.688438, 36.478025], [128.688457, 36.47798], [128.688453, 36.477928], [128.68843, 36.477828], [128.688369, 36.477679], [128.688328, 36.477646], [128.688269, 36.477555], [128.688155, 36.477434], [128.688132, 36.477389], [128.688121, 36.477296], [128.688072, 36.47721], [128.68804, 36.477092], [128.68804, 36.477043], [128.688027, 36.476985], [128.688036, 36.476933], [128.688034, 36.476882], [128.688017, 36.476838], [128.688128, 36.4765], [128.688172, 36.476409], [128.688172, 36.476357], [128.688213, 36.476203], [128.688194, 36.476159], [128.688225, 36.476059], [128.688228, 36.47601], [128.688212, 36.475961], [128.688207, 36.475912], [128.68821, 36.47585], [128.688222, 36.475802], [128.688269, 36.475719], [128.688368, 36.475658], [128.688503, 36.475665], [128.688609, 36.475617], [128.688673, 36.475604], [128.688732, 36.475615], [128.688796, 36.475604], [128.688967, 36.475474], [128.689033, 36.475462], [128.68903, 36.475416], [128.688982, 36.475332], [128.688977, 36.475284], [128.688988, 36.47523], [128.688952, 36.47519], [128.688855, 36.475127], [128.688845, 36.475079], [128.688691, 36.474928], [128.68867, 36.474876], [128.688606, 36.474845], [128.688582, 36.474738], [128.688552, 36.474689], [128.688536, 36.474634], [128.688531, 36.474586], [128.68854, 36.474536], [128.688573, 36.474482], [128.688614, 36.474446], [128.68864, 36.474394], [128.688718, 36.47432], [128.688774, 36.474221], [128.688889, 36.474118], [128.688864, 36.474068], [128.688864, 36.474017], [128.688821, 36.473932], [128.688693, 36.473835], [128.688599, 36.47372], [128.68869, 36.47365], [128.688767, 36.473576], [128.688818, 36.473554], [128.688868, 36.473521], [128.688903, 36.473485], [128.688929, 36.473438], [128.688968, 36.473402], [128.68902, 36.473314], [128.689098, 36.473241], [128.689141, 36.473146], [128.689194, 36.47311], [128.68923, 36.473069], [128.689281, 36.472977], [128.689346, 36.472893], [128.689403, 36.47286], [128.689437, 36.472821], [128.689465, 36.472666], [128.68944, 36.472623], [128.68944, 36.472481], [128.689425, 36.472433], [128.689422, 36.472385], [128.689375, 36.472241], [128.689332, 36.472207], [128.689279, 36.472183], [128.689223, 36.472173], [128.689167, 36.472144], [128.689101, 36.47206], [128.689071, 36.472003], [128.689052, 36.471938], [128.689005, 36.47189], [128.688937, 36.47185], [128.688875, 36.471839], [128.688811, 36.471861], [128.688755, 36.471868], [128.688694, 36.471853], [128.688594, 36.471811], [128.688478, 36.471779], [128.68842, 36.471749], [128.68827, 36.471639], [128.688269, 36.471545], [128.688221, 36.471442], [128.688187, 36.471399], [128.688183, 36.47134], [128.688098, 36.471279], [128.688072, 36.47123], [128.687983, 36.471162], [128.68793, 36.471078], [128.687856, 36.470985], [128.687807, 36.470942], [128.687691, 36.470872], [128.687563, 36.470805], [128.687387, 36.470735], [128.687297, 36.470605], [128.687231, 36.470469], [128.687219, 36.470323], [128.687165, 36.470165], [128.68708, 36.470041], [128.687053, 36.469952], [128.68698, 36.46981], [128.686979, 36.469764], [128.68694, 36.469726], [128.686786, 36.469624], [128.686627, 36.46956], [128.686429, 36.469357], [128.686356, 36.469223], [128.686356, 36.469174], [128.686283, 36.468935], [128.686288, 36.468836], [128.686273, 36.468789], [128.686131, 36.468702], [128.686074, 36.468687], [128.686025, 36.468655], [128.68597, 36.468634], [128.685909, 36.468624], [128.685848, 36.468593], [128.685776, 36.468574], [128.68565, 36.468556], [128.685588, 36.468536], [128.685546, 36.468503], [128.685423, 36.468467], [128.685316, 36.468417], [128.685251, 36.468406], [128.685194, 36.468411], [128.684987, 36.468303], [128.684936, 36.468283], [128.684887, 36.468253], [128.684857, 36.468207], [128.68481, 36.46818], [128.684753, 36.468166], [128.684701, 36.46814], [128.684652, 36.468098], [128.684491, 36.468027], [128.684256, 36.467975], [128.684129, 36.467972], [128.684072, 36.467985], [128.684016, 36.467987], [128.683946, 36.467974], [128.683908, 36.467939], [128.683859, 36.467909], [128.683754, 36.467859], [128.683711, 36.467816], [128.683658, 36.467781], [128.683483, 36.467734], [128.683433, 36.467711], [128.683375, 36.467719], [128.683215, 36.467624], [128.683154, 36.467597], [128.683109, 36.467563], [128.682992, 36.46753], [128.682943, 36.467504], [128.683034, 36.467443], [128.683146, 36.467411], [128.683273, 36.467404], [128.683332, 36.467433], [128.683466, 36.467436], [128.68359, 36.467422], [128.683657, 36.4674], [128.683777, 36.467392], [128.683864, 36.467371], [128.683891, 36.467358]]}}, {"type": "Feature", "properties": {"name": "", "osm_id": 1422934190, "origin": "OBSERVED", "highway": "service"}, "geometry": {"type": "LineString", "coordinates": [[128.716974, 36.51395], [128.716738, 36.514219], [128.716408, 36.51462], [128.716281, 36.51483], [128.71674, 36.515325], [128.716834, 36.515364], [128.716936, 36.515295], [128.717041, 36.515179]]}}, {"type": "Feature", "properties": {"name": "", "osm_id": 1422934191, "origin": "OBSERVED", "highway": "service"}, "geometry": {"type": "LineString", "coordinates": [[128.717001, 36.521057], [128.716966, 36.521103], [128.716817, 36.521124], [128.716815, 36.521178], [128.71687, 36.521471], [128.716762, 36.521579]]}}, {"type": "Feature", "properties": {"name": "", "osm_id": 1422934192, "origin": "OBSERVED", "highway": "residential"}, "geometry": {"type": "LineString", "coordinates": [[128.717942, 36.521265], [128.717904, 36.52114], [128.717786, 36.521102], [128.717715, 36.521087], [128.717672, 36.521049], [128.717621, 36.520939]]}}, {"type": "Feature", "properties": {"name": "", "osm_id": 1422934193, "origin": "OBSERVED", "highway": "residential"}, "geometry": {"type": "LineString", "coordinates": [[128.719011, 36.521313], [128.718725, 36.520919], [128.71869, 36.52083], [128.718694, 36.520731], [128.718705, 36.520701]]}}, {"type": "Feature", "properties": {"name": "", "osm_id": 1422934194, "origin": "OBSERVED", "highway": "unclassified"}, "geometry": {"type": "LineString", "coordinates": [[128.715488, 36.521111], [128.715521, 36.521237], [128.715528, 36.52132], [128.715481, 36.521364], [128.715355, 36.521446], [128.715403, 36.521544], [128.715634, 36.521841], [128.715836, 36.521767], [128.716058, 36.521672]]}}, {"type": "Feature", "properties": {"name": "", "osm_id": 1422934196, "origin": "OBSERVED", "highway": "track"}, "geometry": {"type": "LineString", "coordinates": [[128.733543, 36.513333], [128.73343, 36.51348], [128.73335, 36.513752], [128.733232, 36.513868], [128.732915, 36.514127], [128.732599, 36.514334], [128.732465, 36.514403], [128.732009, 36.514549], [128.731901, 36.514567], [128.731799, 36.514549], [128.73144, 36.514394], [128.731268, 36.514347], [128.73093, 36.514364], [128.730753, 36.514398], [128.730405, 36.514532], [128.729659, 36.51464], [128.729064, 36.514778], [128.728495, 36.514868], [128.728184, 36.514937], [128.728141, 36.514933], [128.727975, 36.515011], [128.727814, 36.515127], [128.727701, 36.515239], [128.727664, 36.515308], [128.727617, 36.515758], [128.727535, 36.516198], [128.727374, 36.516541], [128.727279, 36.516701]]}}, {"type": "Feature", "properties": {"name": "", "osm_id": 1422934197, "origin": "OBSERVED", "highway": "unclassified"}, "geometry": {"type": "LineString", "coordinates": [[128.722502, 36.521564], [128.722463, 36.521572], [128.722361, 36.521594], [128.722201, 36.521577]]}}, {"type": "Feature", "properties": {"name": "", "osm_id": 1422934198, "origin": "OBSERVED", "highway": "unclassified"}, "geometry": {"type": "LineString", "coordinates": [[128.722502, 36.521564], [128.722234, 36.520824], [128.72221, 36.520697], [128.722069, 36.520281], [128.721922, 36.520006]]}}, {"type": "Feature", "properties": {"name": "", "osm_id": 1422934199, "origin": "OBSERVED", "highway": "track"}, "geometry": {"type": "LineString", "coordinates": [[128.73416, 36.512122], [128.733591, 36.511975], [128.733532, 36.51198]]}}, {"type": "Feature", "properties": {"name": "", "osm_id": 1422934200, "origin": "OBSERVED", "highway": "track"}, "geometry": {"type": "LineString", "coordinates": [[128.73416, 36.512122], [128.734364, 36.512006], [128.734701, 36.511947], [128.734905, 36.512066], [128.735404, 36.512057]]}}, {"type": "Feature", "properties": {"name": "", "osm_id": 1422934201, "origin": "OBSERVED", "highway": "track"}, "geometry": {"type": "LineString", "coordinates": [[128.73416, 36.512122], [128.734085, 36.512402], [128.734026, 36.51248], [128.733688, 36.512566]]}}, {"type": "Feature", "properties": {"name": "", "osm_id": 1422934202, "origin": "OBSERVED", "highway": "unclassified"}, "geometry": {"type": "LineString", "coordinates": [[128.723635, 36.521663], [128.723625, 36.521986], [128.723601, 36.522051], [128.723485, 36.522132], [128.723445, 36.522197], [128.723413, 36.522305], [128.723407, 36.522409], [128.723466, 36.522883], [128.723595, 36.523021], [128.723633, 36.52312], [128.723638, 36.523323], [128.723617, 36.5234], [128.723713, 36.52381], [128.723783, 36.523905], [128.724046, 36.524069], [128.724131, 36.524151], [128.724158, 36.524207], [128.724137, 36.52447], [128.724421, 36.524577]]}}, {"type": "Feature", "properties": {"name": "", "osm_id": 1422934203, "origin": "OBSERVED", "highway": "unclassified"}, "geometry": {"type": "LineString", "coordinates": [[128.723635, 36.521663], [128.723381, 36.521663], [128.722828, 36.521551], [128.722502, 36.521564]]}}, {"type": "Feature", "properties": {"name": "", "osm_id": 1422934204, "origin": "OBSERVED", "highway": "unclassified"}, "geometry": {"type": "LineString", "coordinates": [[128.723635, 36.521663], [128.723941, 36.52143], [128.723962, 36.521353], [128.723957, 36.521184], [128.723965, 36.521102], [128.724031, 36.520914], [128.724065, 36.52084]]}}, {"type": "Feature", "properties": {"name": "", "osm_id": 1422934205, "origin": "OBSERVED", "highway": "track"}, "geometry": {"type": "LineString", "coordinates": [[128.733543, 36.513333], [128.733672, 36.513131], [128.73372, 36.512963], [128.733688, 36.512566], [128.733554, 36.512174], [128.733532, 36.51198], [128.733478, 36.511781], [128.733736, 36.511579], [128.733854, 36.511549], [128.734052, 36.511549], [128.734369, 36.511475], [128.734573, 36.511493], [128.734862, 36.511484], [128.734932, 36.511462], [128.735174, 36.511355], [128.735345, 36.511359]]}}, {"type": "Feature", "properties": {"name": "", "osm_id": 1422934206, "origin": "OBSERVED", "highway": "track"}, "geometry": {"type": "LineString", "coordinates": [[128.733049, 36.513264], [128.733253, 36.513282], [128.733543, 36.513333]]}}, {"type": "Feature", "properties": {"name": "", "osm_id": 1422970937, "origin": "OBSERVED", "highway": "service"}, "geometry": {"type": "LineString", "coordinates": [[128.780303, 36.529533], [128.780109, 36.52955]]}}, {"type": "Feature", "properties": {"name": "", "osm_id": 1422970975, "origin": "OBSERVED", "highway": "service"}, "geometry": {"type": "LineString", "coordinates": [[128.77837, 36.530087], [128.77842, 36.530049], [128.778456, 36.530022], [128.778481, 36.530008], [128.778509, 36.529998], [128.778547, 36.529989], [128.778694, 36.529957], [128.778856, 36.529918], [128.778947, 36.529901], [128.779048, 36.529885], [128.779115, 36.529876], [128.779264, 36.529859], [128.779435, 36.52985], [128.779631, 36.529839], [128.779924, 36.529829], [128.780184, 36.529817], [128.780343, 36.529816]]}}, {"type": "Feature", "properties": {"name": "", "osm_id": 1424624464, "origin": "OBSERVED", "highway": "residential"}, "geometry": {"type": "LineString", "coordinates": [[128.632004, 36.483251], [128.632065, 36.483182], [128.632099, 36.483111], [128.632109, 36.483044], [128.632087, 36.482985], [128.632043, 36.48294], [128.631994, 36.482914]]}}, {"type": "Feature", "properties": {"name": "", "osm_id": 1424624503, "origin": "OBSERVED", "highway": "residential"}, "geometry": {"type": "LineString", "coordinates": [[128.632087, 36.482985], [128.632182, 36.482897], [128.632235, 36.48287], [128.632296, 36.482856], [128.632393, 36.482863], [128.632567, 36.482923], [128.632637, 36.482963], [128.632707, 36.482986], [128.632846, 36.48301], [128.633072, 36.483044]]}}, {"type": "Feature", "properties": {"name": "", "osm_id": 1426559336, "origin": "OBSERVED", "highway": "residential"}, "geometry": {"type": "LineString", "coordinates": [[128.65496, 36.46789], [128.654957, 36.467794], [128.654974, 36.467696], [128.654967, 36.467625], [128.65496, 36.467527], [128.654931, 36.467429], [128.654908, 36.467394], [128.654845, 36.467373], [128.654726, 36.467372], [128.654505, 36.467358], [128.654336, 36.467352], [128.654175, 36.467355], [128.653976, 36.467359], [128.653764, 36.46738], [128.653503, 36.46739], [128.653024, 36.467418], [128.652951, 36.46741], [128.652913, 36.467384], [128.652888, 36.467354], [128.65288, 36.467291], [128.652855, 36.467185], [128.652824, 36.467094], [128.652791, 36.467032], [128.652751, 36.466978], [128.652704, 36.46694], [128.652631, 36.466905], [128.652572, 36.46689], [128.652499, 36.46688], [128.652421, 36.466894], [128.652311, 36.466926], [128.652189, 36.466951], [128.652078, 36.466959], [128.651887, 36.466969], [128.651689, 36.466972], [128.651506, 36.466968], [128.651338, 36.466947]]}}, {"type": "Feature", "properties": {"name": "", "osm_id": 1426559337, "origin": "OBSERVED", "highway": "unclassified"}, "geometry": {"type": "LineString", "coordinates": [[128.655528, 36.466255], [128.655387, 36.46626], [128.655155, 36.466279], [128.655083, 36.466298], [128.655028, 36.466322], [128.654992, 36.466385], [128.654951, 36.466495], [128.65491, 36.466562], [128.654867, 36.466584], [128.654791, 36.466581], [128.654671, 36.46655], [128.654547, 36.466503], [128.654486, 36.466458], [128.654429, 36.466399], [128.654379, 36.466356], [128.654316, 36.466314], [128.654237, 36.466278], [128.654137, 36.466231], [128.654063, 36.46617], [128.65403, 36.466086], [128.653984, 36.466032], [128.653936, 36.465992], [128.653867, 36.46596], [128.653754, 36.465928], [128.653622, 36.465885], [128.653525, 36.465869], [128.653414, 36.465857], [128.653303, 36.465855], [128.653177, 36.465849]]}}, {"type": "Feature", "properties": {"name": "", "osm_id": 1427046569, "origin": "OBSERVED", "highway": "residential"}, "geometry": {"type": "LineString", "coordinates": [[128.630061, 36.527108], [128.629969, 36.527152], [128.629909, 36.527167], [128.629797, 36.527163], [128.62959, 36.527093], [128.629506, 36.527051], [128.629477, 36.527013], [128.629385, 36.526934], [128.629334, 36.526857], [128.629262, 36.526708], [128.629226, 36.526592], [128.62921, 36.52652], [128.629198, 36.526458], [128.629214, 36.526388]]}}, {"type": "Feature", "properties": {"name": "", "osm_id": 1427048804, "origin": "OBSERVED", "highway": "residential"}, "geometry": {"type": "LineString", "coordinates": [[128.629143, 36.527187], [128.629184, 36.527292], [128.629211, 36.527361], [128.629248, 36.527466], [128.629297, 36.527511], [128.629361, 36.527531], [128.629533, 36.527459], [128.62969, 36.527404], [128.629948, 36.527396], [128.630239, 36.527404]]}}, {"type": "Feature", "properties": {"name": "", "osm_id": 1427065202, "origin": "OBSERVED", "highway": "residential"}, "geometry": {"type": "LineString", "coordinates": [[128.654867, 36.497571], [128.654807, 36.49766], [128.654783, 36.497732], [128.65477, 36.497821]]}}, {"type": "Feature", "properties": {"name": "", "osm_id": 1427065203, "origin": "OBSERVED", "highway": "residential"}, "geometry": {"type": "LineString", "coordinates": [[128.654429, 36.497466], [128.654447, 36.497489], [128.654447, 36.497515], [128.654416, 36.497565], [128.654376, 36.497614], [128.654369, 36.497648], [128.654385, 36.497681], [128.654475, 36.497698]]}}, {"type": "Feature", "properties": {"name": "", "osm_id": 1427065204, "origin": "OBSERVED", "highway": "residential"}, "geometry": {"type": "LineString", "coordinates": [[128.655753, 36.498186], [128.655601, 36.498284]]}}, {"type": "Feature", "properties": {"name": "", "osm_id": 1427065205, "origin": "OBSERVED", "highway": "residential"}, "geometry": {"type": "LineString", "coordinates": [[128.655317, 36.497819], [128.655313, 36.49788], [128.655337, 36.497956], [128.655362, 36.49803], [128.655386, 36.498068]]}}, {"type": "Feature", "properties": {"name": "", "osm_id": 1427074706, "origin": "OBSERVED", "highway": "residential"}, "geometry": {"type": "LineString", "coordinates": [[128.664293, 36.459764], [128.664507, 36.459742], [128.664672, 36.459725], [128.664826, 36.459705], [128.664997, 36.459687], [128.665119, 36.459664], [128.665312, 36.45961], [128.665537, 36.459526], [128.665673, 36.459474], [128.665734, 36.459437], [128.665773, 36.459403], [128.665806, 36.459336], [128.66587, 36.459233], [128.666088, 36.459]]}}, {"type": "Feature", "properties": {"name": "", "osm_id": 1427074707, "origin": "OBSERVED", "highway": "residential"}, "geometry": {"type": "LineString", "coordinates": [[128.664314, 36.459604], [128.664389, 36.459119], [128.664454, 36.458821], [128.664535, 36.458618], [128.664618, 36.458494], [128.664711, 36.458367], [128.664795, 36.45826], [128.664854, 36.45816], [128.664906, 36.458078], [128.665012, 36.457949], [128.665112, 36.45786], [128.665227, 36.457769], [128.665378, 36.457655], [128.665654, 36.457507], [128.665782, 36.457439], [128.665827, 36.457431], [128.665869, 36.457452], [128.665926, 36.457532], [128.665968, 36.457585], [128.666006, 36.457609], [128.666084, 36.457608], [128.666329, 36.457592], [128.666487, 36.457568], [128.666551, 36.457558], [128.666612, 36.457571], [128.666697, 36.457581], [128.666789, 36.457581], [128.666917, 36.457564]]}}, {"type": "Feature", "properties": {"name": "", "osm_id": 1427074708, "origin": "OBSERVED", "highway": "residential"}, "geometry": {"type": "LineString", "coordinates": [[128.664795, 36.45826], [128.665067, 36.458272], [128.66524, 36.458295], [128.665321, 36.458317], [128.665408, 36.458359], [128.665517, 36.458427], [128.665589, 36.458472], [128.6657, 36.458542], [128.665798, 36.458611], [128.665833, 36.458653], [128.665887, 36.45877], [128.665966, 36.458877], [128.666088, 36.459]]}}, {"type": "Feature", "properties": {"name": "", "osm_id": 1427074709, "origin": "OBSERVED", "highway": "residential"}, "geometry": {"type": "LineString", "coordinates": [[128.666088, 36.459], [128.666283, 36.459174], [128.666362, 36.459259], [128.666486, 36.459424], [128.66657, 36.459557], [128.666809, 36.459782], [128.666953, 36.459903]]}}, {"type": "Feature", "properties": {"name": "", "osm_id": 1427074710, "origin": "OBSERVED", "highway": "residential"}, "geometry": {"type": "LineString", "coordinates": [[128.666953, 36.459903], [128.66734, 36.460296], [128.667384, 36.460359], [128.667427, 36.460421], [128.667486, 36.460493], [128.667565, 36.460556], [128.667744, 36.460643], [128.667882, 36.460724], [128.66798, 36.460817], [128.668031, 36.460876], [128.668131, 36.460909], [128.66847, 36.46104], [128.668635, 36.461112], [128.66873, 36.46114], [128.668814, 36.46116], [128.668866, 36.461184], [128.668974, 36.461247], [128.669075, 36.461312], [128.669129, 36.461382], [128.669113, 36.461532], [128.669077, 36.461989]]}}, {"type": "Feature", "properties": {"name": "", "osm_id": 1427074711, "origin": "OBSERVED", "highway": "residential"}, "geometry": {"type": "LineString", "coordinates": [[128.668031, 36.460876], [128.667711, 36.46092], [128.667581, 36.460937], [128.667448, 36.460935], [128.667332, 36.460922], [128.667248, 36.460922], [128.667145, 36.460922], [128.667045, 36.460939], [128.666849, 36.460957], [128.666494, 36.461044]]}}, {"type": "Feature", "properties": {"name": "", "osm_id": 1427075067, "origin": "OBSERVED", "highway": "residential"}, "geometry": {"type": "LineString", "coordinates": [[128.667384, 36.460359], [128.668005, 36.460044], [128.668323, 36.459881], [128.668622, 36.459671], [128.668781, 36.459535]]}}, {"type": "Feature", "properties": {"name": "", "osm_id": 1427075068, "origin": "OBSERVED", "highway": "residential"}, "geometry": {"type": "LineString", "coordinates": [[128.666221, 36.460344], [128.666469, 36.460665], [128.666556, 36.460755], [128.666615, 36.460785], [128.666671, 36.46081], [128.666743, 36.460813], [128.666845, 36.460795], [128.66706, 36.460718], [128.667325, 36.460565], [128.667486, 36.460493]]}}, {"type": "Feature", "properties": {"name": "", "osm_id": 1427075069, "origin": "OBSERVED", "highway": "residential"}, "geometry": {"type": "LineString", "coordinates": [[128.665517, 36.458427], [128.665391, 36.458717]]}}, {"type": "Feature", "properties": {"name": "", "osm_id": 1427075070, "origin": "OBSERVED", "highway": "residential"}, "geometry": {"type": "LineString", "coordinates": [[128.665517, 36.458427], [128.665696, 36.458231]]}}, {"type": "Feature", "properties": {"name": "", "osm_id": 1427075834, "origin": "OBSERVED", "highway": "residential"}, "geometry": {"type": "LineString", "coordinates": [[128.665321, 36.458317], [128.66537, 36.458222], [128.665396, 36.458179], [128.665406, 36.458145], [128.665396, 36.458091], [128.665382, 36.458034], [128.665389, 36.457997], [128.665429, 36.457957], [128.665488, 36.457907], [128.665545, 36.457896], [128.66562, 36.457894], [128.665823, 36.457888], [128.665934, 36.457883], [128.665984, 36.457862], [128.666047, 36.457812]]}}, {"type": "Feature", "properties": {"name": "", "osm_id": 1427075835, "origin": "OBSERVED", "highway": "residential"}, "geometry": {"type": "LineString", "coordinates": [[128.66562, 36.457894], [128.665587, 36.457839], [128.66558, 36.457776], [128.665608, 36.457735], [128.665677, 36.457704], [128.665873, 36.457681]]}}, {"type": "Feature", "properties": {"name": "", "osm_id": 1427075836, "origin": "OBSERVED", "highway": "residential"}, "geometry": {"type": "LineString", "coordinates": [[128.66524, 36.458295], [128.665186, 36.458393], [128.665125, 36.458535]]}}, {"type": "Feature", "properties": {"name": "", "osm_id": 1427075837, "origin": "OBSERVED", "highway": "residential"}, "geometry": {"type": "LineString", "coordinates": [[128.66562, 36.457894], [128.665717, 36.458033], [128.665807, 36.458135], [128.665854, 36.458167], [128.665887, 36.45818], [128.665936, 36.458177]]}}, {"type": "Feature", "properties": {"name": "", "osm_id": 1427075838, "origin": "OBSERVED", "highway": "residential"}, "geometry": {"type": "LineString", "coordinates": [[128.665238, 36.460603], [128.665361, 36.460735], [128.665467, 36.460897], [128.665529, 36.461], [128.665611, 36.461076], [128.665734, 36.461092], [128.665925, 36.461062], [128.666034, 36.461039]]}}, {"type": "Feature", "properties": {"name": "", "osm_id": 1427076547, "origin": "OBSERVED", "highway": "residential"}, "geometry": {"type": "LineString", "coordinates": [[128.718646, 36.512282], [128.718826, 36.512308], [128.718875, 36.512325], [128.718928, 36.512346], [128.718982, 36.512364], [128.719018, 36.512361], [128.719109, 36.512341], [128.71915, 36.512318], [128.719182, 36.512285], [128.719243, 36.512172], [128.719309, 36.512019], [128.719407, 36.511815], [128.719533, 36.511604], [128.719558, 36.511538], [128.719547, 36.511503], [128.7195, 36.511462], [128.719477, 36.511437], [128.719481, 36.511417]]}}, {"type": "Feature", "properties": {"name": "", "osm_id": 1427076548, "origin": "OBSERVED", "highway": "residential"}, "geometry": {"type": "LineString", "coordinates": [[128.719209, 36.511337], [128.719481, 36.511417], [128.719713, 36.511492], [128.719879, 36.511555], [128.719974, 36.511604], [128.720037, 36.511634], [128.720099, 36.51166], [128.720164, 36.511671], [128.720221, 36.511671], [128.720274, 36.511681], [128.720333, 36.511678], [128.720361, 36.511655], [128.720394, 36.511526]]}}, {"type": "Feature", "properties": {"name": "", "osm_id": 1427089455, "origin": "OBSERVED", "highway": "service"}, "geometry": {"type": "LineString", "coordinates": [[128.633257, 36.483898], [128.633252, 36.483838], [128.633259, 36.483795], [128.633311, 36.483721], [128.633419, 36.483611]]}}, {"type": "Feature", "properties": {"name": "", "osm_id": 1429676033, "origin": "OBSERVED", "highway": "residential"}, "geometry": {"type": "LineString", "coordinates": [[128.737961, 36.517878], [128.738173, 36.517923], [128.738389, 36.517926], [128.738558, 36.517857], [128.738737, 36.517773]]}}, {"type": "Feature", "properties": {"name": "", "osm_id": 1429676034, "origin": "OBSERVED", "highway": "residential"}, "geometry": {"type": "LineString", "coordinates": [[128.737842, 36.517912], [128.737671, 36.517936], [128.737572, 36.518003], [128.737519, 36.518095], [128.737445, 36.518284], [128.737455, 36.518505], [128.737459, 36.51866], [128.73742, 36.51892]]}}, {"type": "Feature", "properties": {"name": "", "osm_id": 1429676035, "origin": "OBSERVED", "highway": "residential"}, "geometry": {"type": "LineString", "coordinates": [[128.737445, 36.518284], [128.73728, 36.518469], [128.737064, 36.51871], [128.736743, 36.518921], [128.736412, 36.51912], [128.736282, 36.519271], [128.736124, 36.519518], [128.735953, 36.519764], [128.735878, 36.519874]]}}, {"type": "Feature", "properties": {"name": "", "osm_id": 1429676036, "origin": "OBSERVED", "highway": "service"}, "geometry": {"type": "LineString", "coordinates": [[128.737572, 36.518003], [128.737381, 36.518092], [128.737099, 36.518197], [128.73693, 36.518272], [128.736803, 36.518408], [128.736601, 36.5185], [128.736253, 36.518589], [128.735949, 36.518633], [128.735606, 36.518833], [128.735334, 36.51898], [128.735192, 36.519021], [128.734832, 36.519165], [128.734595, 36.519252], [128.734546, 36.519321], [128.734523, 36.519393], [128.734351, 36.519498], [128.734021, 36.519646], [128.733809, 36.519706], [128.733616, 36.519751], [128.733188, 36.519942], [128.732904, 36.520075], [128.732719, 36.520227], [128.732635, 36.52034], [128.732507, 36.520446], [128.732363, 36.5205], [128.732062, 36.520536], [128.731905, 36.520615], [128.731732, 36.520646], [128.731527, 36.520605], [128.731405, 36.520641], [128.731264, 36.520737], [128.731245, 36.520873], [128.731292, 36.520966], [128.731254, 36.521061], [128.731376, 36.521164], [128.731613, 36.52138], [128.73165, 36.52156]]}}, {"type": "Feature", "properties": {"name": "", "osm_id": 1429676037, "origin": "OBSERVED", "highway": "service"}, "geometry": {"type": "LineString", "coordinates": [[128.732904, 36.520075], [128.732848, 36.520032], [128.732777, 36.520045], [128.732577, 36.520108], [128.732437, 36.520132], [128.732308, 36.520114], [128.732097, 36.520114], [128.732005, 36.52014], [128.731968, 36.520079], [128.731975, 36.51994], [128.731943, 36.51979], [128.73189, 36.519676], [128.731764, 36.519489], [128.731739, 36.519305], [128.731777, 36.519159], [128.731888, 36.518983], [128.731971, 36.51891], [128.73215, 36.518819], [128.732136, 36.518603], [128.732283, 36.518411], [128.732393, 36.518298], [128.732407, 36.51821], [128.732474, 36.518116], [128.732511, 36.518016], [128.732513, 36.517866], [128.73249, 36.517711], [128.732432, 36.517609], [128.732239, 36.517537], [128.732161, 36.517434], [128.732099, 36.517218], [128.732088, 36.516836], [128.732219, 36.516677], [128.732331, 36.516481], [128.732416, 36.516263], [128.732566, 36.516021], [128.732685, 36.515879], [128.73283, 36.515761], [128.733048, 36.515739], [128.733276, 36.515775], [128.733508, 36.515896], [128.733666, 36.516008]]}}, {"type": "Feature", "properties": {"name": "", "osm_id": 1429676038, "origin": "OBSERVED", "highway": "residential"}, "geometry": {"type": "LineString", "coordinates": [[128.73847, 36.51838], [128.738772, 36.518469], [128.738893, 36.518531], [128.738959, 36.518638], [128.738959, 36.518738], [128.738922, 36.518816], [128.738848, 36.518935], [128.73878, 36.51901], [128.738693, 36.51901], [128.738562, 36.519], [128.738449, 36.518991], [128.738333, 36.518974], [128.738222, 36.518979], [128.738142, 36.519049], [128.738081, 36.519066], [128.737941, 36.519041], [128.737803, 36.518986], [128.737651, 36.518971], [128.73748, 36.518943], [128.73742, 36.51892]]}}, {"type": "Feature", "properties": {"name": "", "osm_id": 1429676039, "origin": "OBSERVED", "highway": "residential"}, "geometry": {"type": "LineString", "coordinates": [[128.73847, 36.51838], [128.738474, 36.518433], [128.738469, 36.518525], [128.73843, 36.518602], [128.738426, 36.518698], [128.738445, 36.518772]]}}, {"type": "Feature", "properties": {"name": "", "osm_id": 1429676040, "origin": "OBSERVED", "highway": "residential"}, "geometry": {"type": "LineString", "coordinates": [[128.738893, 36.518531], [128.739038, 36.518522], [128.739274, 36.518537], [128.739507, 36.518551], [128.73961, 36.518603], [128.739716, 36.518657], [128.739851, 36.518646], [128.739893, 36.518594], [128.739946, 36.518483], [128.740012, 36.518446], [128.74009, 36.518424], [128.740196, 36.518439], [128.740412, 36.518585], [128.740522, 36.518653], [128.740715, 36.518797], [128.740872, 36.518928], [128.741219, 36.519067], [128.741414, 36.519155], [128.741458, 36.519238], [128.741536, 36.51936], [128.741685, 36.519451], [128.741802, 36.519532], [128.741878, 36.51963]]}}, {"type": "Feature", "properties": {"name": "", "osm_id": 1429676041, "origin": "OBSERVED", "highway": "residential"}, "geometry": {"type": "LineString", "coordinates": [[128.741414, 36.519155], [128.741671, 36.51917], [128.741947, 36.519198], [128.742381, 36.519192], [128.742639, 36.519209], [128.742887, 36.519246], [128.743018, 36.519296], [128.74316, 36.519406], [128.743324, 36.519499], [128.743448, 36.519587], [128.743544, 36.519634], [128.743691, 36.519694], [128.743818, 36.519822], [128.74385, 36.519914], [128.743829, 36.520016], [128.743841, 36.520075], [128.743836, 36.520175], [128.743903, 36.52026], [128.743958, 36.520326], [128.744082, 36.520465], [128.744252, 36.520546]]}}, {"type": "Feature", "properties": {"name": "", "osm_id": 1429676042, "origin": "OBSERVED", "highway": "service"}, "geometry": {"type": "LineString", "coordinates": [[128.743448, 36.519587], [128.743615, 36.519587], [128.743806, 36.519532], [128.743992, 36.519514], [128.744178, 36.519495], [128.744413, 36.519536], [128.744583, 36.519534], [128.744776, 36.519532], [128.745017, 36.519547], [128.745183, 36.519569], [128.745314, 36.51953], [128.745412, 36.519475]]}}, {"type": "Feature", "properties": {"name": "", "osm_id": 1429676043, "origin": "OBSERVED", "highway": "service"}, "geometry": {"type": "LineString", "coordinates": [[128.740196, 36.518439], [128.740247, 36.518269], [128.740339, 36.518184], [128.740461, 36.518088], [128.740505, 36.518038], [128.740554, 36.517811], [128.740676, 36.517621], [128.740841, 36.517499]]}}, {"type": "Feature", "properties": {"name": "", "osm_id": 1429676044, "origin": "OBSERVED", "highway": "residential"}, "geometry": {"type": "LineString", "coordinates": [[128.737101, 36.519158], [128.737256, 36.519183], [128.737392, 36.519188], [128.737573, 36.519192], [128.737739, 36.519228], [128.737863, 36.51922], [128.737982, 36.519294], [128.738081, 36.519427], [128.738104, 36.519483], [128.738075, 36.519597], [128.738015, 36.519664]]}}, {"type": "Feature", "properties": {"name": "", "osm_id": 1432555027, "origin": "OBSERVED", "highway": "track"}, "geometry": {"type": "LineString", "coordinates": [[128.633511, 36.535502], [128.633434, 36.53544], [128.63331, 36.535422], [128.633222, 36.53547], [128.633013, 36.5357], [128.632841, 36.535798], [128.632687, 36.535831], [128.632555, 36.535803], [128.6325, 36.535697], [128.632458, 36.535522], [128.632392, 36.535389], [128.632297, 36.535323], [128.632187, 36.535297], [128.63211, 36.535299], [128.631945, 36.535364], [128.631722, 36.535419], [128.631588, 36.535452], [128.631488, 36.535497], [128.631348, 36.535513], [128.631202, 36.535511], [128.631103, 36.5355], [128.631096, 36.535444], [128.631127, 36.535366], [128.631209, 36.535288], [128.631381, 36.535001], [128.631463, 36.534959], [128.63152, 36.534911], [128.63154, 36.534827], [128.631542, 36.534643], [128.631595, 36.534553], [128.631893, 36.534343], [128.63197, 36.5343], [128.632031, 36.534146], [128.632071, 36.53413], [128.632164, 36.534104], [128.632219, 36.534024], [128.632276, 36.533935], [128.632366, 36.533902], [128.632584, 36.533842], [128.632758, 36.533758], [128.632917, 36.533652], [128.633045, 36.533544], [128.633184, 36.533532], [128.633377, 36.533539], [128.633829, 36.533567], [128.633914, 36.533562]]}}, {"type": "Feature", "properties": {"name": "", "osm_id": 1432555028, "origin": "OBSERVED", "highway": "track"}, "geometry": {"type": "LineString", "coordinates": [[128.629685, 36.536766], [128.629758, 36.536661], [128.629892, 36.536277], [128.629996, 36.535941], [128.630077, 36.535709], [128.630104, 36.53561], [128.630073, 36.535488], [128.630075, 36.535424], [128.630124, 36.53538], [128.630313, 36.535321], [128.630384, 36.535261], [128.630483, 36.535136], [128.630591, 36.534937], [128.630659, 36.534868], [128.630754, 36.534872], [128.630886, 36.534946], [128.630998, 36.535006], [128.631126, 36.534989], [128.631245, 36.534969], [128.631313, 36.534982], [128.631381, 36.535001]]}}, {"type": "Feature", "properties": {"name": "가현길", "osm_id": 1434286207, "origin": "OBSERVED", "highway": "track"}, "geometry": {"type": "LineString", "coordinates": [[128.737961, 36.517878], [128.738045, 36.517853], [128.738419, 36.517708], [128.73869, 36.517579], [128.738849, 36.517304], [128.738954, 36.517136], [128.739127, 36.516944], [128.739455, 36.516756], [128.739636, 36.516587], [128.739788, 36.516413], [128.739829, 36.516075], [128.740021, 36.515738], [128.740262, 36.515427]]}}, {"type": "Feature", "properties": {"name": "", "osm_id": 1442746997, "origin": "OBSERVED", "highway": "track"}, "geometry": {"type": "LineString", "coordinates": [[128.72833, 36.437345], [128.728484, 36.437485], [128.728869, 36.437892], [128.729288, 36.438354], [128.729447, 36.438505], [128.729771, 36.438812], [128.729899, 36.438956], [128.730145, 36.439298], [128.730558, 36.439783], [128.731054, 36.440235], [128.731476, 36.440654], [128.732045, 36.441172], [128.732539, 36.441594], [128.732728, 36.441719], [128.732781, 36.441807], [128.732801, 36.441867], [128.732813, 36.442114], [128.732836, 36.442347], [128.73297, 36.442503], [128.732985, 36.442568], [128.732907, 36.442797], [128.732859, 36.442866], [128.732889, 36.442906], [128.732997, 36.442962]]}}, {"type": "Feature", "properties": {"name": "", "osm_id": 1442747034, "origin": "OBSERVED", "highway": "track"}, "geometry": {"type": "LineString", "coordinates": [[128.702225, 36.439547], [128.702181, 36.43961], [128.702133, 36.439692], [128.702132, 36.439841], [128.702153, 36.440193], [128.702181, 36.440459], [128.702239, 36.440575], [128.70233, 36.440782], [128.702373, 36.440842], [128.702459, 36.440916], [128.702486, 36.440972], [128.702492, 36.441443], [128.702584, 36.441905], [128.702573, 36.442095], [128.702487, 36.442272], [128.702318, 36.442965]]}}, {"type": "Feature", "properties": {"name": "", "osm_id": 1442747040, "origin": "OBSERVED", "highway": "track"}, "geometry": {"type": "LineString", "coordinates": [[128.722168, 36.444297], [128.722158, 36.443961], [128.72203, 36.443668], [128.721874, 36.443504], [128.721839, 36.443427], [128.721869, 36.443242], [128.721811, 36.443025], [128.721659, 36.442749], [128.721507, 36.44245], [128.72149, 36.442353], [128.721321, 36.441988], [128.721303, 36.441808], [128.721265, 36.441592], [128.721233, 36.441463], [128.720965, 36.440988], [128.720831, 36.44082], [128.720584, 36.440608], [128.720305, 36.440444], [128.720149, 36.440272], [128.720021, 36.440159], [128.719967, 36.440134], [128.719634, 36.43987], [128.719586, 36.439831], [128.719559, 36.439788], [128.71894, 36.439285], [128.718733, 36.439085], [128.718537, 36.439055], [128.718302, 36.43905]]}}, {"type": "Feature", "properties": {"name": "", "osm_id": 1442747045, "origin": "OBSERVED", "highway": "track"}, "geometry": {"type": "LineString", "coordinates": [[128.723819, 36.436675], [128.723663, 36.436968], [128.723701, 36.437037], [128.723856, 36.437128], [128.724537, 36.437447], [128.724629, 36.437512], [128.724698, 36.437939], [128.724956, 36.438112], [128.724988, 36.438172], [128.724961, 36.438267], [128.724999, 36.438323], [128.72516, 36.43844], [128.725691, 36.438673], [128.725959, 36.438832], [128.726157, 36.438996], [128.726249, 36.439121], [128.726281, 36.439208], [128.726313, 36.439423], [128.726276, 36.439652], [128.72612, 36.439842], [128.725583, 36.440278], [128.725337, 36.440446], [128.725176, 36.440606], [128.725015, 36.440951], [128.724865, 36.441184], [128.724832, 36.441288], [128.724875, 36.441806], [128.72509, 36.442078]]}}, {"type": "Feature", "properties": {"name": "", "osm_id": 1442747064, "origin": "OBSERVED", "highway": "track"}, "geometry": {"type": "LineString", "coordinates": [[128.708337, 36.43867], [128.709168, 36.439464], [128.709683, 36.440038], [128.709737, 36.440077], [128.709855, 36.440038], [128.712768, 36.438183], [128.713889, 36.437479], [128.713921, 36.437445], [128.715249, 36.436595]]}}, {"type": "Feature", "properties": {"name": "", "osm_id": 1446737173, "origin": "OBSERVED", "highway": "trunk_link"}, "geometry": {"type": "LineString", "coordinates": [[128.791741, 36.531824], [128.791693, 36.532296], [128.79164, 36.532929], [128.791659, 36.533747]]}}, {"type": "Feature", "properties": {"name": "남순환로", "osm_id": 1446737174, "origin": "OBSERVED", "highway": "trunk"}, "geometry": {"type": "LineString", "coordinates": [[128.791761, 36.532017], [128.792444, 36.53196]]}}, {"type": "Feature", "properties": {"name": "남순환로", "osm_id": 1446737175, "origin": "OBSERVED", "highway": "trunk"}, "geometry": {"type": "LineString", "coordinates": [[128.791549, 36.53204], [128.791761, 36.532017]]}}, {"type": "Feature", "properties": {"name": "남순환로", "osm_id": 1446737176, "origin": "OBSERVED", "highway": "trunk"}, "geometry": {"type": "LineString", "coordinates": [[128.791545, 36.532141], [128.790758, 36.532241], [128.790054, 36.532348], [128.789599, 36.532434]]}}, {"type": "Feature", "properties": {"name": "남순환로", "osm_id": 1446737177, "origin": "OBSERVED", "highway": "trunk"}, "geometry": {"type": "LineString", "coordinates": [[128.79178, 36.532114], [128.791545, 36.532141]]}}, {"type": "Feature", "properties": {"name": "", "osm_id": 1446737178, "origin": "OBSERVED", "highway": "trunk_link"}, "geometry": {"type": "LineString", "coordinates": [[128.789195, 36.532119], [128.788922, 36.532206], [128.788808, 36.532272], [128.788695, 36.532384]]}}, {"type": "Feature", "properties": {"name": "", "osm_id": 1446737179, "origin": "OBSERVED", "highway": "track"}, "geometry": {"type": "LineString", "coordinates": [[128.788578, 36.532937], [128.788617, 36.53274], [128.788732, 36.532447], [128.788803, 36.532362], [128.788892, 36.5323], [128.788997, 36.532242], [128.7891, 36.532217], [128.789268, 36.532208], [128.789378, 36.532185], [128.789633, 36.532091]]}}, {"type": "Feature", "properties": {"name": "남순환로", "osm_id": 1446737181, "origin": "OBSERVED", "highway": "trunk"}, "geometry": {"type": "LineString", "coordinates": [[128.789599, 36.532434], [128.788748, 36.532608]]}}, {"type": "Feature", "properties": {"name": "남순환로", "osm_id": 1446737182, "origin": "OBSERVED", "highway": "trunk"}, "geometry": {"type": "LineString", "coordinates": [[128.788748, 36.532608], [128.788464, 36.532672]]}}, {"type": "Feature", "properties": {"name": "남순환로", "osm_id": 1446737183, "origin": "OBSERVED", "highway": "trunk"}, "geometry": {"type": "LineString", "coordinates": [[128.786463, 36.53309], [128.787165, 36.532896], [128.788503, 36.532568]]}}, {"type": "Feature", "properties": {"name": "남순환로", "osm_id": 1446737184, "origin": "OBSERVED", "highway": "trunk"}, "geometry": {"type": "LineString", "coordinates": [[128.788503, 36.532568], [128.788794, 36.532503]]}}, {"type": "Feature", "properties": {"name": "", "osm_id": 1446737185, "origin": "OBSERVED", "highway": "tertiary"}, "geometry": {"type": "LineString", "coordinates": [[128.794621, 36.532451], [128.794828, 36.531582]]}}, {"type": "Feature", "properties": {"name": "", "osm_id": 1446737186, "origin": "OBSERVED", "highway": "residential"}, "geometry": {"type": "LineString", "coordinates": [[128.794506, 36.53258], [128.79307, 36.532725], [128.792123, 36.532815]]}}, {"type": "Feature", "properties": {"name": "", "osm_id": 1446737187, "origin": "OBSERVED", "highway": "tertiary"}, "geometry": {"type": "LineString", "coordinates": [[128.794515, 36.53251], [128.794541, 36.532481], [128.794578, 36.53246], [128.794621, 36.532451], [128.794662, 36.532454], [128.7947, 36.532466], [128.794731, 36.532487], [128.794752, 36.532516], [128.794761, 36.532548], [128.794758, 36.53258], [128.794742, 36.532611], [128.794715, 36.532635], [128.79468, 36.532652], [128.794639, 36.532659], [128.794595, 36.532655], [128.794555, 36.532639], [128.794524, 36.532613], [128.794506, 36.53258], [128.794503, 36.532545], [128.794515, 36.53251]]}}, {"type": "Feature", "properties": {"name": "남순환로", "osm_id": 1446737189, "origin": "OBSERVED", "highway": "trunk"}, "geometry": {"type": "LineString", "coordinates": [[128.7949, 36.531934], [128.794658, 36.531944]]}}, {"type": "Feature", "properties": {"name": "35", "osm_id": 1446737190, "origin": "OBSERVED", "highway": "trunk_link"}, "geometry": {"type": "LineString", "coordinates": [[128.794666, 36.531781], [128.794901, 36.531846]]}}, {"type": "Feature", "properties": {"name": "남순환로", "osm_id": 1446737191, "origin": "OBSERVED", "highway": "trunk"}, "geometry": {"type": "LineString", "coordinates": [[128.792444, 36.53196], [128.792722, 36.531939], [128.794161, 36.531867], [128.794662, 36.531855]]}}, {"type": "Feature", "properties": {"name": "남순환로", "osm_id": 1446737192, "origin": "OBSERVED", "highway": "trunk"}, "geometry": {"type": "LineString", "coordinates": [[128.794662, 36.531855], [128.794901, 36.531846]]}}, {"type": "Feature", "properties": {"name": "", "osm_id": 1454293016, "origin": "OBSERVED", "highway": "service"}, "geometry": {"type": "LineString", "coordinates": [[128.67522, 36.527579], [128.675939, 36.527124], [128.676395, 36.526832], [128.677036, 36.526398], [128.677082, 36.526343]]}}, {"type": "Feature", "properties": {"name": "", "osm_id": 1454293019, "origin": "OBSERVED", "highway": "track"}, "geometry": {"type": "LineString", "coordinates": [[128.677666, 36.524517], [128.677743, 36.524198], [128.677754, 36.524152], [128.677797, 36.523947], [128.677902, 36.523676], [128.677947, 36.523639], [128.678124, 36.523577], [128.678192, 36.523519], [128.678272, 36.523404], [128.678387, 36.523331], [128.678731, 36.523197], [128.67876, 36.523139], [128.678709, 36.522827], [128.678731, 36.522749], [128.678926, 36.522516]]}}, {"type": "Feature", "properties": {"name": "", "osm_id": 1454293020, "origin": "OBSERVED", "highway": "track"}, "geometry": {"type": "LineString", "coordinates": [[128.686195, 36.523273], [128.68549, 36.522954]]}}, {"type": "Feature", "properties": {"name": "", "osm_id": 1454293021, "origin": "OBSERVED", "highway": "track"}, "geometry": {"type": "LineString", "coordinates": [[128.675712, 36.524353], [128.676099, 36.5244], [128.676958, 36.524443], [128.677666, 36.524517], [128.677891, 36.52454], [128.678961, 36.52465], [128.679648, 36.524719], [128.68016, 36.524756], [128.680563, 36.524723], [128.681316, 36.524629], [128.681995, 36.524534], [128.682939, 36.524381], [128.68409, 36.524189], [128.685238, 36.524008], [128.685562, 36.523935], [128.685739, 36.523833], [128.685823, 36.523751], [128.686123, 36.523374], [128.686195, 36.523273], [128.686407, 36.523286], [128.686458, 36.523262], [128.686665, 36.523051], [128.686641, 36.522911], [128.686571, 36.522788]]}}, {"type": "Feature", "properties": {"name": "", "osm_id": 1454293022, "origin": "OBSERVED", "highway": "track"}, "geometry": {"type": "LineString", "coordinates": [[128.645074, 36.53289], [128.645237, 36.53303], [128.645642, 36.533261], [128.645831, 36.533483], [128.645945, 36.533821], [128.646141, 36.533994], [128.646179, 36.534037], [128.64627, 36.534136], [128.646367, 36.534209], [128.646581, 36.534412], [128.646667, 36.53464], [128.64679, 36.53483], [128.646873, 36.534981], [128.646943, 36.535067], [128.647303, 36.535321], [128.647558, 36.535466], [128.647957, 36.535684], [128.648075, 36.535787], [128.648182, 36.535977], [128.648236, 36.536033], [128.648306, 36.536076], [128.648386, 36.536184], [128.648676, 36.536813], [128.648767, 36.53696], [128.648842, 36.537042], [128.649057, 36.537145], [128.649164, 36.537231], [128.649346, 36.537611], [128.649432, 36.537736], [128.650065, 36.538301], [128.650291, 36.538559], [128.650516, 36.538938]]}}, {"type": "Feature", "properties": {"name": "", "osm_id": 1454293023, "origin": "OBSERVED", "highway": "track"}, "geometry": {"type": "LineString", "coordinates": [[128.650491, 36.535696], [128.650557, 36.535603], [128.650574, 36.53554], [128.650455, 36.535269], [128.650401, 36.535002], [128.650333, 36.534873], [128.650218, 36.534673], [128.650081, 36.534541], [128.650022, 36.534515], [128.649942, 36.534524], [128.649872, 36.534571], [128.64966, 36.534707], [128.649408, 36.53478], [128.649245, 36.534817], [128.649108, 36.534808], [128.649, 36.534785], [128.648888, 36.534718], [128.648821, 36.534634], [128.648788, 36.534446], [128.648727, 36.53433], [128.648472, 36.53417], [128.648402, 36.534041], [128.648472, 36.5338], [128.648518, 36.533599], [128.648577, 36.533496], [128.648684, 36.53331], [128.648684, 36.533245], [128.648641, 36.533077], [128.648593, 36.532974], [128.648416, 36.532758], [128.648279, 36.532739], [128.64814, 36.532711], [128.647978, 36.532644], [128.647686, 36.532532], [128.647547, 36.532523], [128.647456, 36.532553], [128.647257, 36.532717], [128.647166, 36.53276], [128.647085, 36.532782], [128.646841, 36.532765], [128.646702, 36.53273], [128.646562, 36.532661], [128.646439, 36.53251], [128.646412, 36.532394], [128.646471, 36.532282], [128.646552, 36.53217], [128.64701, 36.531812], [128.647091, 36.531661], [128.647085, 36.531405], [128.647144, 36.531314], [128.647236, 36.531254], [128.647555, 36.531213], [128.647625, 36.531165], [128.647732, 36.531014], [128.648107, 36.530738], [128.648139, 36.530678], [128.648177, 36.530609], [128.648139, 36.530531], [128.648097, 36.530497], [128.648005, 36.530462], [128.64792, 36.530441], [128.647646, 36.530437], [128.647539, 36.530424], [128.64748, 36.530389], [128.647399, 36.530195], [128.647185, 36.530012], [128.647147, 36.529921], [128.647236, 36.529628], [128.647332, 36.529501], [128.64748, 36.529361], [128.647552, 36.52927], [128.647525, 36.529197], [128.647399, 36.529145], [128.647217, 36.529089], [128.647077, 36.529007], [128.646997, 36.528962], [128.646938, 36.529027], [128.646758, 36.529165], [128.646699, 36.529216], [128.646592, 36.529272], [128.64638, 36.529238], [128.646334, 36.529184], [128.646289, 36.529115], [128.646262, 36.529012], [128.64609, 36.528736], [128.646031, 36.528654], [128.645972, 36.528628], [128.645892, 36.528645], [128.645833, 36.528693], [128.645779, 36.528757], [128.645634, 36.529167], [128.645543, 36.52949], [128.645522, 36.529561], [128.645554, 36.529686], [128.645632, 36.529824], [128.645658, 36.529906], [128.645658, 36.529992], [128.64561, 36.530092], [128.64553, 36.530165], [128.645192, 36.530385], [128.645058, 36.530437], [128.64502, 36.530437], [128.644929, 36.530406], [128.644725, 36.530182], [128.644597, 36.530086], [128.644438, 36.529986], [128.644398, 36.52985], [128.644393, 36.529739], [128.64428, 36.529544], [128.644229, 36.529447], [128.644186, 36.529354], [128.644079, 36.529281], [128.643928, 36.529212], [128.643816, 36.529199], [128.643698, 36.529225], [128.643446, 36.529324], [128.643376, 36.52938], [128.643068, 36.529691], [128.643019, 36.529747], [128.642982, 36.529768], [128.642869, 36.52979], [128.64273, 36.52979], [128.642228, 36.529786], [128.642115, 36.529798], [128.641965, 36.529846], [128.641938, 36.529885], [128.64181, 36.53004], [128.641716, 36.530144], [128.641662, 36.530256], [128.641718, 36.530518], [128.641708, 36.530579], [128.641499, 36.5307], [128.641321, 36.530889], [128.641262, 36.530937], [128.641155, 36.530958], [128.64079, 36.530963], [128.640624, 36.531045], [128.640533, 36.531144], [128.640367, 36.531357], [128.640185, 36.531562], [128.640118, 36.531715], [128.640139, 36.531804], [128.640225, 36.532092], [128.640225, 36.5322]]}}, {"type": "Feature", "properties": {"name": "", "osm_id": 1454293026, "origin": "OBSERVED", "highway": "track"}, "geometry": {"type": "LineString", "coordinates": [[128.658339, 36.53921], [128.658544, 36.53912], [128.659089, 36.538799], [128.662306, 36.536728], [128.665723, 36.534547], [128.665772, 36.534545], [128.665856, 36.534616], [128.665959, 36.534717], [128.666083, 36.534829], [128.666173, 36.534872]]}}, {"type": "Feature", "properties": {"name": "", "osm_id": 1454293027, "origin": "OBSERVED", "highway": "track"}, "geometry": {"type": "LineString", "coordinates": [[128.66678, 36.535088], [128.666494, 36.534952], [128.666272, 36.534782], [128.666151, 36.534625], [128.66588, 36.534224], [128.665827, 36.534149], [128.665569, 36.534171], [128.665452, 36.534164], [128.664939, 36.534061], [128.66251, 36.535628], [128.661721, 36.53613], [128.659961, 36.537237], [128.659549, 36.537537]]}}, {"type": "Feature", "properties": {"name": "", "osm_id": 1454293028, "origin": "OBSERVED", "highway": "residential"}, "geometry": {"type": "LineString", "coordinates": [[128.667426, 36.53506], [128.667519, 36.534916], [128.667556, 36.534737]]}}, {"type": "Feature", "properties": {"name": "", "osm_id": 1454293029, "origin": "OBSERVED", "highway": "track"}, "geometry": {"type": "LineString", "coordinates": [[128.661284, 36.535684], [128.664504, 36.533624]]}}, {"type": "Feature", "properties": {"name": "", "osm_id": 1454296605, "origin": "OBSERVED", "highway": "unclassified"}, "geometry": {"type": "LineString", "coordinates": [[128.663059, 36.524596], [128.662974, 36.524524], [128.662879, 36.524441], [128.662589, 36.524038], [128.662496, 36.523973], [128.662285, 36.523823], [128.661966, 36.523609], [128.661793, 36.523456], [128.661745, 36.523395], [128.661691, 36.523327], [128.661331, 36.522784], [128.661197, 36.522674], [128.661012, 36.522566], [128.660634, 36.522492], [128.66028, 36.522436], [128.659996, 36.522335], [128.659821, 36.522324], [128.659636, 36.522352], [128.659473, 36.52241], [128.659464, 36.522413], [128.65944, 36.522398]]}}, {"type": "Feature", "properties": {"name": "", "osm_id": 1454296610, "origin": "OBSERVED", "highway": "track"}, "geometry": {"type": "LineString", "coordinates": [[128.669577, 36.531697], [128.669316, 36.531929], [128.669096, 36.532271], [128.668686, 36.53308], [128.668415, 36.533377], [128.66827, 36.533487], [128.667908, 36.533698], [128.667433, 36.533907], [128.667068, 36.534039], [128.666629, 36.534133], [128.666183, 36.534142], [128.665827, 36.534149]]}}, {"type": "Feature", "properties": {"name": "", "osm_id": 1454296611, "origin": "OBSERVED", "highway": "track"}, "geometry": {"type": "LineString", "coordinates": [[128.66985, 36.529564], [128.669818, 36.529454], [128.669976, 36.52922], [128.670397, 36.52861], [128.670866, 36.527909], [128.671151, 36.527474], [128.671349, 36.527213], [128.671604, 36.526961], [128.671811, 36.526769], [128.672304, 36.526409], [128.672792, 36.52603], [128.673112, 36.525829], [128.673415, 36.525687], [128.673774, 36.525558], [128.673986, 36.525514], [128.674345, 36.525448], [128.674651, 36.525452], [128.675656, 36.52551], [128.676445, 36.52553], [128.677046, 36.525577], [128.67761, 36.525631], [128.678492, 36.525749], [128.67945, 36.525853], [128.679707, 36.525889], [128.679924, 36.525948], [128.680027, 36.526019]]}}, {"type": "Feature", "properties": {"name": "", "osm_id": 1454296612, "origin": "OBSERVED", "highway": "track"}, "geometry": {"type": "LineString", "coordinates": [[128.671572, 36.52364], [128.672086, 36.523542]]}}, {"type": "Feature", "properties": {"name": "", "osm_id": 1454296613, "origin": "OBSERVED", "highway": "track"}, "geometry": {"type": "LineString", "coordinates": [[128.67021, 36.526501], [128.670181, 36.526241], [128.670137, 36.52603], [128.669992, 36.525536], [128.669549, 36.524049], [128.671572, 36.52364]]}}, {"type": "Feature", "properties": {"name": "", "osm_id": 1454296614, "origin": "OBSERVED", "highway": "track"}, "geometry": {"type": "LineString", "coordinates": [[128.669549, 36.524049], [128.668758, 36.524193], [128.668506, 36.524374], [128.668029, 36.524788], [128.667739, 36.52504], [128.667473, 36.525193], [128.66694, 36.525443], [128.66662, 36.525616], [128.66657, 36.525726], [128.666567, 36.525816], [128.666734, 36.526181]]}}, {"type": "Feature", "properties": {"name": "", "osm_id": 1454296615, "origin": "OBSERVED", "highway": "track"}, "geometry": {"type": "LineString", "coordinates": [[128.672086, 36.523542], [128.67338, 36.523286], [128.674222, 36.52312], [128.674376, 36.523089], [128.674745, 36.523107], [128.675003, 36.523156], [128.675394, 36.523249], [128.675825, 36.523362], [128.67598, 36.523405], [128.676221, 36.523422], [128.676545, 36.523515], [128.676628, 36.523557], [128.676777, 36.523687], [128.67693, 36.523728], [128.677056, 36.523727], [128.677269, 36.523646], [128.677412, 36.523569], [128.67756, 36.523535], [128.677646, 36.52353], [128.677765, 36.523548], [128.677871, 36.523591], [128.677947, 36.523639]]}}, {"type": "Feature", "properties": {"name": "", "osm_id": 1454296616, "origin": "OBSERVED", "highway": "track"}, "geometry": {"type": "LineString", "coordinates": [[128.663857, 36.533404], [128.664354, 36.532336]]}}, {"type": "Feature", "properties": {"name": "", "osm_id": 1454296617, "origin": "OBSERVED", "highway": "track"}, "geometry": {"type": "LineString", "coordinates": [[128.663825, 36.533455], [128.663857, 36.533404]]}}, {"type": "Feature", "properties": {"name": "", "osm_id": 1454296618, "origin": "OBSERVED", "highway": "track"}, "geometry": {"type": "LineString", "coordinates": [[128.677743, 36.524198], [128.67758, 36.524217], [128.677392, 36.524241], [128.677194, 36.524275], [128.676915, 36.524292], [128.676609, 36.524325], [128.676099, 36.524342], [128.675712, 36.524353], [128.675397, 36.524359], [128.674785, 36.524329], [128.674123, 36.524312], [128.673758, 36.524325], [128.673517, 36.524363], [128.673093, 36.524482], [128.672736, 36.524614], [128.672508, 36.52471], [128.67231, 36.524836], [128.672084, 36.525014], [128.671706, 36.525292], [128.671341, 36.525577], [128.670553, 36.526217], [128.670231, 36.52648], [128.67021, 36.526501], [128.669944, 36.526775], [128.669796, 36.527047], [128.669552, 36.527448], [128.669177, 36.528079], [128.668367, 36.529231], [128.668216, 36.529511], [128.668093, 36.529891], [128.668035, 36.530027]]}}, {"type": "Feature", "properties": {"name": "", "osm_id": 1454296619, "origin": "OBSERVED", "highway": "track"}, "geometry": {"type": "LineString", "coordinates": [[128.66274, 36.531962], [128.662842, 36.531714], [128.663046, 36.531184], [128.663311, 36.530529], [128.663547, 36.530078], [128.663636, 36.529873]]}}, {"type": "Feature", "properties": {"name": "", "osm_id": 1454296620, "origin": "OBSERVED", "highway": "track"}, "geometry": {"type": "LineString", "coordinates": [[128.664405, 36.529716], [128.665792, 36.529442]]}}, {"type": "Feature", "properties": {"name": "", "osm_id": 1454296621, "origin": "OBSERVED", "highway": "track"}, "geometry": {"type": "LineString", "coordinates": [[128.664405, 36.529716], [128.663738, 36.52983], [128.663652, 36.529865], [128.663636, 36.529873], [128.663354, 36.530153], [128.663236, 36.530259]]}}, {"type": "Feature", "properties": {"name": "", "osm_id": 1454296622, "origin": "OBSERVED", "highway": "track"}, "geometry": {"type": "LineString", "coordinates": [[128.664354, 36.532336], [128.664403, 36.532264], [128.664676, 36.531951], [128.664955, 36.531641], [128.66514, 36.531579], [128.665279, 36.53125], [128.665333, 36.531095], [128.665811, 36.530604], [128.666127, 36.530418], [128.666406, 36.530289], [128.6675, 36.529875], [128.667685, 36.529807]]}}, {"type": "Feature", "properties": {"name": "", "osm_id": 1454296623, "origin": "OBSERVED", "highway": "track"}, "geometry": {"type": "LineString", "coordinates": [[128.663833, 36.527894], [128.663756, 36.527618], [128.663754, 36.527475], [128.663771, 36.527313], [128.663836, 36.527129], [128.663857, 36.527101], [128.664062, 36.526821], [128.664246, 36.526692], [128.664327, 36.526635], [128.66452, 36.52653]]}}, {"type": "Feature", "properties": {"name": "", "osm_id": 1454296624, "origin": "OBSERVED", "highway": "track"}, "geometry": {"type": "LineString", "coordinates": [[128.663833, 36.527894], [128.663885, 36.528254], [128.663909, 36.528506], [128.663877, 36.5287], [128.663544, 36.529532], [128.663292, 36.530116], [128.663236, 36.530259], [128.663024, 36.530695], [128.662783, 36.531309], [128.662748, 36.531538], [128.66274, 36.531962], [128.662724, 36.532059], [128.662815, 36.532137], [128.663464, 36.53215], [128.663872, 36.532189], [128.664403, 36.532264], [128.665862, 36.532758], [128.666146, 36.532805], [128.666436, 36.532809], [128.666795, 36.532736], [128.666967, 36.532663], [128.667374, 36.532339], [128.667562, 36.532072], [128.667777, 36.531628], [128.667916, 36.531046], [128.667973, 36.530419], [128.66798, 36.530139], [128.668035, 36.530027]]}}, {"type": "Feature", "properties": {"name": "", "osm_id": 1454296625, "origin": "OBSERVED", "highway": "track"}, "geometry": {"type": "LineString", "coordinates": [[128.664101, 36.528243], [128.664194, 36.528222], [128.664827, 36.528101], [128.665709, 36.527931], [128.666513, 36.527778], [128.666756, 36.527732]]}}, {"type": "Feature", "properties": {"name": "", "osm_id": 1454296626, "origin": "OBSERVED", "highway": "track"}, "geometry": {"type": "LineString", "coordinates": [[128.664101, 36.528243], [128.664066, 36.528252], [128.663974, 36.528131], [128.663897, 36.527963], [128.663833, 36.527894]]}}, {"type": "Feature", "properties": {"name": "", "osm_id": 1454296627, "origin": "OBSERVED", "highway": "track"}, "geometry": {"type": "LineString", "coordinates": [[128.664246, 36.526692], [128.664225, 36.526754], [128.663968, 36.527118], [128.663881, 36.527336], [128.663893, 36.527577], [128.663988, 36.527894], [128.664108, 36.528193], [128.664101, 36.528243], [128.664102, 36.528309], [128.664189, 36.528438], [128.664244, 36.528621], [128.664255, 36.528772], [128.664212, 36.529259], [128.664405, 36.529716], [128.664733, 36.530337], [128.664872, 36.530677], [128.664824, 36.53085], [128.664537, 36.531404], [128.664955, 36.531641]]}}, {"type": "Feature", "properties": {"name": "", "osm_id": 1454338584, "origin": "OBSERVED", "highway": "residential"}, "geometry": {"type": "LineString", "coordinates": [[128.636923, 36.48339], [128.637054, 36.48348]]}}, {"type": "Feature", "properties": {"name": "", "osm_id": 1454338585, "origin": "OBSERVED", "highway": "residential"}, "geometry": {"type": "LineString", "coordinates": [[128.636865, 36.483359], [128.636923, 36.48339]]}}, {"type": "Feature", "properties": {"name": "", "osm_id": 1454338586, "origin": "OBSERVED", "highway": "track"}, "geometry": {"type": "LineString", "coordinates": [[128.663816, 36.527078], [128.6637, 36.527032]]}}, {"type": "Feature", "properties": {"name": "", "osm_id": 1454338587, "origin": "OBSERVED", "highway": "track"}, "geometry": {"type": "LineString", "coordinates": [[128.663857, 36.527101], [128.663816, 36.527078]]}}, {"type": "Feature", "properties": {"name": "", "osm_id": 1454338589, "origin": "OBSERVED", "highway": "path"}, "geometry": {"type": "LineString", "coordinates": [[128.747097, 36.489211], [128.747009, 36.489252], [128.746985, 36.489302], [128.746918, 36.489294], [128.746835, 36.489291], [128.746772, 36.48929], [128.74673, 36.489295], [128.746671, 36.489298], [128.746655, 36.489292], [128.746542, 36.489305], [128.746487, 36.489289], [128.746438, 36.4893], [128.746376, 36.489296], [128.74632, 36.489342], [128.746259, 36.489336], [128.746199, 36.48935], [128.746149, 36.489368], [128.746073, 36.489345], [128.746038, 36.489378], [128.745995, 36.489409], [128.745947, 36.489398], [128.745924, 36.489431], [128.745811, 36.489477], [128.74576, 36.489494], [128.745707, 36.489535], [128.745587, 36.489568], [128.74553, 36.489586], [128.745461, 36.489608], [128.745389, 36.489655], [128.745303, 36.489701], [128.745255, 36.489725], [128.745223, 36.489787], [128.7452, 36.489825], [128.745166, 36.48989], [128.74509, 36.489963], [128.745019, 36.490023], [128.744987, 36.490052], [128.744908, 36.490105], [128.744836, 36.490191], [128.744739, 36.490273], [128.744685, 36.490347], [128.744602, 36.490391], [128.744544, 36.490446], [128.744511, 36.490494], [128.744476, 36.490494], [128.744425, 36.490545], [128.744297, 36.490626], [128.744205, 36.490693], [128.74406, 36.490768], [128.744025, 36.490827], [128.743941, 36.490853], [128.743894, 36.490859], [128.743867, 36.490894], [128.743824, 36.490912], [128.743731, 36.490876], [128.743646, 36.490868], [128.743589, 36.490899], [128.743498, 36.490917], [128.74342, 36.490907], [128.743384, 36.490913], [128.743269, 36.491026], [128.743206, 36.49107], [128.743104, 36.491145], [128.742975, 36.491236], [128.742895, 36.491301], [128.742791, 36.491356], [128.742751, 36.491413], [128.742679, 36.491441], [128.742657, 36.491489], [128.74251, 36.491593], [128.742475, 36.491633], [128.742282, 36.491738], [128.742212, 36.491785], [128.742192, 36.491811], [128.742115, 36.491836], [128.742079, 36.491887], [128.741949, 36.49199], [128.741831, 36.492121], [128.741773, 36.492188], [128.741752, 36.492244], [128.741712, 36.492235], [128.741665, 36.49224], [128.74158, 36.492218], [128.741566, 36.492203], [128.741496, 36.492228], [128.741438, 36.492201], [128.741379, 36.49222], [128.741317, 36.49221], [128.741287, 36.492191], [128.74121, 36.492198], [128.741044, 36.492162], [128.740992, 36.492156], [128.740844, 36.492118], [128.740737, 36.492079], [128.740676, 36.492054], [128.74058, 36.492027], [128.740507, 36.492019], [128.74047, 36.491996], [128.740448, 36.491952], [128.740424, 36.491927], [128.740385, 36.491841], [128.740365, 36.491779], [128.740317, 36.491698], [128.740277, 36.491646], [128.740247, 36.491579], [128.740199, 36.49152], [128.740159, 36.491484], [128.740144, 36.491439], [128.740096, 36.491379], [128.74005, 36.491316], [128.73998, 36.491237], [128.739917, 36.491149], [128.739823, 36.491034], [128.739723, 36.490913], [128.739646, 36.49085], [128.739605, 36.490803], [128.739535, 36.490771], [128.739459, 36.490699], [128.739365, 36.490634], [128.739318, 36.490598], [128.739253, 36.490586], [128.739196, 36.490559], [128.739126, 36.490577], [128.738969, 36.490601], [128.738899, 36.49062], [128.738831, 36.490639], [128.738775, 36.49066], [128.738702, 36.490645], [128.73861, 36.490663], [128.738575, 36.490675], [128.738493, 36.490663], [128.738434, 36.490663], [128.738269, 36.490642], [128.738177, 36.490631], [128.738053, 36.490604], [128.737969, 36.490561], [128.737891, 36.490541], [128.737792, 36.490521], [128.737723, 36.490516], [128.737552, 36.490506], [128.737477, 36.49052], [128.737357, 36.490569], [128.737302, 36.490588], [128.73724, 36.490624], [128.737171, 36.490654], [128.73714, 36.490659], [128.737014, 36.490683], [128.736959, 36.49069], [128.736909, 36.490698], [128.736755, 36.490711], [128.736689, 36.490772], [128.736644, 36.490793], [128.736578, 36.490797], [128.736536, 36.490797], [128.736514, 36.490826], [128.736382, 36.490835], [128.736206, 36.49088], [128.736087, 36.490894], [128.735901, 36.490923], [128.735752, 36.49094], [128.7357, 36.490919], [128.735663, 36.490865], [128.735622, 36.490855], [128.735575, 36.490848], [128.735519, 36.490804], [128.735462, 36.490777], [128.735453, 36.490744], [128.735359, 36.490652], [128.73529, 36.490603], [128.735156, 36.490524], [128.735062, 36.490506], [128.73501, 36.490487], [128.734951, 36.490447], [128.734887, 36.490467], [128.734826, 36.490462], [128.734734, 36.490441], [128.734655, 36.490454], [128.734566, 36.490451], [128.734497, 36.490424], [128.734436, 36.490409], [128.734399, 36.49038], [128.734338, 36.490349], [128.734171, 36.490383], [128.734083, 36.490386], [128.733924, 36.490408], [128.733854, 36.490425], [128.733784, 36.490436], [128.733729, 36.490468], [128.733634, 36.490524], [128.733552, 36.490597], [128.733448, 36.49066], [128.73334, 36.490729], [128.733247, 36.490754], [128.733186, 36.490766], [128.733106, 36.490766], [128.732989, 36.490748], [128.732907, 36.490748], [128.732823, 36.490764], [128.73278, 36.490766], [128.732663, 36.490751], [128.73261, 36.490756], [128.732535, 36.490788], [128.73248, 36.490799], [128.732427, 36.490778], [128.732371, 36.490781], [128.732272, 36.490786], [128.732179, 36.490812], [128.732151, 36.490894], [128.732089, 36.490941], [128.732046, 36.490955], [128.732006, 36.490965], [128.731919, 36.491042], [128.731785, 36.491101], [128.731737, 36.491117], [128.731664, 36.491162], [128.731628, 36.491164], [128.73157, 36.491143], [128.731427, 36.491071], [128.73135, 36.491043], [128.731246, 36.491013], [128.731175, 36.491013], [128.73114, 36.490993], [128.731074, 36.491015], [128.730971, 36.490976], [128.730874, 36.490942], [128.730843, 36.490956], [128.730755, 36.490908], [128.730609, 36.490882], [128.730512, 36.490859], [128.730336, 36.490826], [128.730214, 36.490821], [128.730159, 36.490803], [128.730108, 36.490784], [128.730029, 36.490762], [128.729982, 36.490729], [128.729888, 36.490705], [128.72982, 36.490676], [128.729769, 36.490643], [128.729726, 36.490641], [128.729638, 36.490631], [128.729611, 36.490603], [128.729575, 36.490552], [128.729509, 36.490528], [128.729392, 36.490562], [128.729316, 36.490561], [128.729186, 36.490598], [128.72903, 36.490611], [128.728915, 36.490654], [128.728751, 36.490693], [128.728614, 36.490677], [128.728546, 36.490661], [128.728447, 36.490676], [128.728378, 36.490677], [128.728294, 36.490684], [128.728145, 36.490703], [128.728055, 36.49077], [128.727948, 36.490789], [128.727874, 36.490827], [128.727853, 36.490962], [128.727827, 36.491027], [128.727782, 36.491124], [128.727854, 36.491219], [128.727932, 36.491283], [128.727931, 36.491333], [128.727893, 36.49141], [128.727924, 36.491489], [128.727969, 36.49156], [128.727968, 36.491585], [128.727905, 36.491605], [128.727798, 36.491609], [128.72764, 36.491579], [128.727563, 36.491546], [128.727469, 36.491543], [128.727377, 36.491525], [128.727317, 36.491491]]}}, {"type": "Feature", "properties": {"name": "", "osm_id": 1454338590, "origin": "OBSERVED", "highway": "path"}, "geometry": {"type": "LineString", "coordinates": [[128.750009, 36.487279], [128.750021, 36.487357], [128.750008, 36.487479], [128.749978, 36.48757], [128.74982, 36.487654], [128.749695, 36.487708]]}}, {"type": "Feature", "properties": {"name": "", "osm_id": 1454338592, "origin": "OBSERVED", "highway": "track"}, "geometry": {"type": "LineString", "coordinates": [[128.726663, 36.490256], [128.726921, 36.490217], [128.727115, 36.49019], [128.727182, 36.490209], [128.727249, 36.49028], [128.727307, 36.490282], [128.727386, 36.490259], [128.727588, 36.490146], [128.727725, 36.490109], [128.728122, 36.490034], [128.728512, 36.489942]]}}, {"type": "Feature", "properties": {"name": "", "osm_id": 1454338594, "origin": "OBSERVED", "highway": "path"}, "geometry": {"type": "LineString", "coordinates": [[128.738528, 36.48262], [128.738488, 36.482634], [128.738458, 36.482674], [128.738455, 36.482714], [128.73839, 36.482768], [128.738368, 36.482802], [128.738341, 36.482868], [128.738321, 36.482899], [128.738252, 36.482969], [128.738225, 36.482999], [128.738163, 36.483051], [128.738113, 36.483104], [128.738067, 36.483158], [128.738042, 36.483178], [128.737977, 36.483214], [128.73795, 36.483227], [128.737907, 36.483228], [128.737859, 36.483266], [128.737781, 36.483289], [128.737731, 36.483286], [128.737682, 36.48332], [128.737632, 36.483343], [128.737546, 36.483349], [128.73753, 36.483383], [128.737475, 36.483382], [128.737388, 36.483418], [128.737325, 36.483443], [128.737216, 36.483466], [128.737173, 36.483467], [128.737138, 36.483493], [128.737027, 36.483516], [128.736978, 36.483545], [128.736933, 36.483563], [128.73688, 36.483591], [128.736778, 36.483636], [128.736725, 36.483654], [128.736614, 36.483726], [128.736551, 36.483761], [128.736433, 36.483827], [128.736383, 36.483846], [128.7363, 36.483926], [128.736264, 36.483958], [128.736212, 36.483983], [128.736181, 36.484004], [128.736106, 36.484017], [128.736051, 36.484037], [128.735985, 36.484062], [128.735918, 36.484087], [128.735817, 36.48411], [128.735724, 36.484137], [128.735657, 36.48417], [128.735533, 36.484209], [128.735488, 36.48426], [128.735422, 36.484303], [128.735402, 36.484332], [128.735357, 36.484328], [128.735356, 36.484366], [128.735352, 36.48444], [128.735298, 36.484505], [128.735293, 36.484537], [128.735257, 36.484562], [128.735246, 36.484598], [128.735191, 36.484649], [128.735143, 36.484686], [128.735112, 36.484747], [128.735073, 36.484785], [128.735042, 36.484824], [128.734986, 36.484891], [128.734945, 36.484936], [128.734892, 36.485038], [128.73488, 36.48508], [128.734829, 36.485105], [128.734765, 36.485105], [128.734735, 36.485133], [128.734723, 36.485169], [128.734691, 36.485172], [128.734641, 36.485166], [128.734627, 36.485196], [128.734568, 36.485202], [128.734545, 36.485266], [128.734474, 36.485318], [128.734409, 36.485323], [128.734357, 36.485381], [128.734293, 36.485433], [128.734271, 36.485467], [128.734261, 36.485496], [128.734192, 36.485581], [128.734176, 36.48563], [128.734149, 36.485664], [128.734145, 36.485722], [128.734116, 36.485775], [128.734105, 36.485817], [128.734116, 36.485879], [128.734104, 36.485909], [128.734047, 36.485955], [128.734027, 36.485983], [128.734063, 36.486046], [128.734069, 36.486094], [128.734022, 36.486159], [128.734035, 36.486232], [128.734012, 36.486284], [128.733941, 36.486331], [128.733893, 36.486354], [128.733837, 36.486358], [128.733798, 36.486382], [128.733711, 36.486381], [128.733634, 36.486392], [128.733571, 36.486383], [128.733518, 36.486413], [128.733444, 36.486411], [128.733396, 36.486443], [128.733306, 36.48645], [128.733253, 36.4865], [128.733159, 36.486586], [128.733084, 36.486648], [128.733037, 36.486675], [128.732986, 36.486681], [128.732923, 36.486732], [128.73287, 36.48681], [128.732842, 36.486838], [128.732801, 36.486864], [128.732663, 36.486868], [128.732524, 36.486899], [128.732428, 36.486886], [128.732371, 36.486877], [128.732296, 36.486851], [128.732221, 36.486863], [128.732159, 36.486856], [128.732084, 36.486905], [128.732021, 36.486928], [128.731916, 36.486924], [128.731844, 36.48689], [128.731769, 36.486896], [128.731636, 36.486868], [128.731572, 36.486847], [128.73151, 36.486864], [128.731425, 36.486864], [128.731327, 36.486904], [128.731301, 36.486948], [128.731228, 36.486995], [128.731164, 36.487051], [128.731133, 36.487097], [128.731074, 36.487135], [128.730956, 36.487262], [128.730886, 36.487341], [128.730822, 36.487445], [128.73078, 36.487519], [128.730743, 36.487583], [128.730719, 36.487651], [128.730636, 36.487713], [128.73054, 36.487767], [128.730389, 36.487819], [128.730335, 36.487848], [128.730228, 36.487884], [128.730181, 36.487945], [128.730095, 36.487975], [128.730035, 36.488036], [128.730008, 36.488081], [128.729903, 36.488125], [128.729789, 36.488156], [128.729726, 36.488202], [128.729689, 36.488225], [128.729569, 36.488215], [128.729513, 36.488234], [128.729369, 36.488274], [128.729314, 36.488317], [128.729272, 36.488344], [128.729154, 36.488362], [128.729112, 36.488387], [128.729046, 36.488398], [128.728909, 36.488495], [128.728822, 36.488538], [128.728727, 36.488622], [128.728648, 36.488668], [128.728538, 36.488788], [128.728506, 36.48882], [128.728411, 36.488882], [128.728373, 36.488917], [128.728356, 36.488975], [128.728303, 36.488983], [128.728279, 36.489025], [128.728214, 36.48904], [128.728122, 36.489058], [128.72811, 36.489101], [128.728132, 36.489181], [128.728078, 36.489204], [128.728006, 36.489226], [128.727794, 36.489373], [128.727732, 36.489418], [128.727637, 36.489541], [128.727587, 36.489671], [128.727571, 36.489728], [128.727505, 36.489827], [128.727501, 36.489861], [128.727468, 36.489895], [128.727481, 36.489944], [128.727487, 36.48999], [128.727507, 36.490037], [128.727588, 36.490146]]}}, {"type": "Feature", "properties": {"name": "", "osm_id": 1454338597, "origin": "OBSERVED", "highway": "track"}, "geometry": {"type": "LineString", "coordinates": [[128.798775, 36.45129], [128.798877, 36.451213], [128.799188, 36.451157], [128.799386, 36.451075], [128.799536, 36.451045], [128.799651, 36.451026], [128.799835, 36.451034], [128.800234, 36.451049], [128.800389, 36.451035], [128.800454, 36.451014], [128.800459, 36.450972], [128.800443, 36.450943], [128.80053, 36.450861], [128.800589, 36.450802], [128.800716, 36.450746], [128.800915, 36.45067], [128.801253, 36.450609], [128.801408, 36.450584], [128.801655, 36.450583], [128.80186, 36.450572], [128.802014, 36.450576], [128.802162, 36.450591], [128.802296, 36.450591], [128.802397, 36.450555], [128.802537, 36.45047], [128.802602, 36.450467], [128.802774, 36.450485], [128.802905, 36.450473], [128.802979, 36.450457], [128.803071, 36.450403], [128.803122, 36.450364], [128.803179, 36.450355], [128.803242, 36.450379], [128.803287, 36.450427], [128.80336, 36.450455], [128.803449, 36.450437], [128.803622, 36.450387], [128.803811, 36.450322], [128.803993, 36.45029], [128.804136, 36.450273], [128.804437, 36.450261], [128.804638, 36.45025], [128.804845, 36.45022], [128.805104, 36.450192], [128.805344, 36.450182], [128.805505, 36.450185], [128.805646, 36.450195], [128.805802, 36.450195], [128.805936, 36.450149], [128.805991, 36.450148], [128.806058, 36.450161], [128.806132, 36.450164], [128.806236, 36.450133], [128.806437, 36.45006], [128.806641, 36.450032], [128.806956, 36.449954], [128.807252, 36.449881], [128.807446, 36.449843], [128.80755, 36.449818], [128.807813, 36.449731], [128.808151, 36.449624], [128.808257, 36.449566], [128.808312, 36.449507]]}}, {"type": "Feature", "properties": {"name": "", "osm_id": 1454338598, "origin": "OBSERVED", "highway": "unclassified"}, "geometry": {"type": "LineString", "coordinates": [[128.79453, 36.450707], [128.794643, 36.450711], [128.795015, 36.450699], [128.795234, 36.450617], [128.795417, 36.450566], [128.795497, 36.450566], [128.796114, 36.450674], [128.796516, 36.450656], [128.796712, 36.450663], [128.797166, 36.450837], [128.797246, 36.450859], [128.797326, 36.450928], [128.797477, 36.451079], [128.798257, 36.451331], [128.798485, 36.451346], [128.798775, 36.45129]]}}, {"type": "Feature", "properties": {"name": "", "osm_id": 1454338603, "origin": "OBSERVED", "highway": "track"}, "geometry": {"type": "LineString", "coordinates": [[128.766791, 36.44586], [128.766816, 36.446223], [128.766848, 36.446399], [128.766943, 36.446555], [128.767302, 36.446796], [128.767517, 36.446988], [128.767646, 36.447114], [128.767883, 36.447254], [128.768102, 36.447397], [128.768365, 36.447507], [128.768581, 36.447615], [128.768725, 36.447727], [128.768763, 36.447781], [128.768881, 36.447944], [128.768943, 36.448002], [128.769141, 36.448124], [128.769279, 36.448197], [128.769379, 36.448231], [128.769531, 36.448254], [128.769664, 36.448282], [128.769961, 36.448388], [128.770252, 36.448499], [128.770429, 36.448538], [128.770666, 36.448588], [128.77078, 36.448611], [128.770985, 36.448674], [128.77117, 36.448747], [128.7713, 36.448796], [128.771469, 36.448893], [128.771613, 36.448958], [128.771786, 36.449022], [128.771912, 36.44904], [128.772031, 36.44906], [128.772192, 36.449067], [128.772282, 36.449082], [128.772359, 36.449101], [128.772632, 36.449203], [128.772886, 36.449272], [128.773433, 36.449401], [128.773717, 36.449493], [128.774137, 36.449636], [128.774392, 36.449708], [128.77452, 36.449738], [128.774656, 36.449733], [128.774832, 36.449741], [128.774917, 36.449732], [128.775034, 36.449711], [128.775127, 36.449712], [128.775225, 36.449742], [128.775363, 36.449769], [128.775575, 36.449806], [128.775706, 36.449815], [128.775919, 36.449886], [128.776037, 36.449965], [128.776116, 36.450001], [128.776656, 36.450142]]}}, {"type": "Feature", "properties": {"name": "", "osm_id": 1454338604, "origin": "OBSERVED", "highway": "track"}, "geometry": {"type": "LineString", "coordinates": [[128.788372, 36.439287], [128.788259, 36.439322], [128.788013, 36.439478], [128.787877, 36.439577], [128.78758, 36.439701], [128.787404, 36.439783], [128.78714, 36.439981], [128.78696, 36.440091], [128.786817, 36.440125], [128.786771, 36.440119], [128.786517, 36.439981], [128.786179, 36.439777], [128.785904, 36.439631], [128.785641, 36.439507], [128.785521, 36.439462], [128.785263, 36.439407], [128.784949, 36.439375], [128.784815, 36.439335], [128.784642, 36.439332], [128.784406, 36.439386], [128.784343, 36.439392], [128.784108, 36.439375], [128.784034, 36.439371], [128.783875, 36.439475], [128.783817, 36.439503], [128.783484, 36.4396], [128.783278, 36.439706], [128.782961, 36.439833], [128.782559, 36.439986], [128.782272, 36.440111], [128.782063, 36.440215], [128.782012, 36.440318], [128.78202, 36.440407], [128.782074, 36.440472], [128.782205, 36.440465], [128.782323, 36.440463], [128.782468, 36.440476], [128.782647, 36.440474], [128.782747, 36.440441], [128.782921, 36.440359], [128.783109, 36.440321], [128.783337, 36.440297], [128.783605, 36.440308], [128.783726, 36.440344], [128.783849, 36.440396], [128.783997, 36.44042], [128.784227, 36.440416], [128.784313, 36.440448], [128.784359, 36.440558], [128.784319, 36.440662], [128.784276, 36.440735], [128.784125, 36.440845], [128.78386, 36.440957], [128.783664, 36.441067], [128.783407, 36.441214], [128.783163, 36.441324], [128.782916, 36.441432], [128.782656, 36.441525], [128.782505, 36.441585], [128.782436, 36.441633], [128.782425, 36.441693], [128.78247, 36.441809], [128.782615, 36.441943], [128.782763, 36.442051], [128.782816, 36.442131], [128.782811, 36.442183], [128.782731, 36.442261], [128.782398, 36.442336], [128.78221, 36.442392], [128.781964, 36.442528], [128.781878, 36.442612], [128.78184, 36.442666], [128.781851, 36.442755], [128.782033, 36.442908], [128.782245, 36.443083], [128.78232, 36.443184], [128.782377, 36.443322], [128.782422, 36.443482], [128.782417, 36.443678], [128.782307, 36.444002], [128.782205, 36.444131], [128.782047, 36.444235], [128.781824, 36.444269], [128.781508, 36.44428], [128.781277, 36.444239], [128.780851, 36.444235], [128.780561, 36.444267], [128.780459, 36.444306], [128.780413, 36.444403], [128.780424, 36.444459], [128.780563, 36.444625], [128.780676, 36.444757], [128.780706, 36.444824], [128.780668, 36.444962], [128.780606, 36.445104], [128.780649, 36.445171], [128.780719, 36.445221], [128.780818, 36.445255], [128.780966, 36.445251], [128.781156, 36.445279], [128.781306, 36.445344], [128.781521, 36.445501], [128.781569, 36.44557], [128.781575, 36.445633], [128.781534, 36.445721], [128.781296, 36.445862], [128.781097, 36.446006], [128.78099, 36.446166], [128.780987, 36.446235], [128.781036, 36.446289], [128.781124, 36.446326], [128.781242, 36.446364], [128.781363, 36.446431], [128.781419, 36.4465], [128.78143, 36.446606], [128.781379, 36.446768], [128.781317, 36.446856], [128.781172, 36.446984], [128.781001, 36.447061], [128.780896, 36.447165], [128.780856, 36.447223], [128.780899, 36.447277], [128.780998, 36.4474], [128.781049, 36.447482], [128.781073, 36.447553], [128.78106, 36.447782], [128.781006, 36.448129], [128.780944, 36.448418], [128.780963, 36.448725], [128.78091, 36.44891], [128.780851, 36.449191], [128.780826, 36.449283]]}}, {"type": "Feature", "properties": {"name": "", "osm_id": 1454338611, "origin": "OBSERVED", "highway": "path"}, "geometry": {"type": "LineString", "coordinates": [[128.7617, 36.428755], [128.761809, 36.428745], [128.761866, 36.428726], [128.762035, 36.428616], [128.762118, 36.428536], [128.762236, 36.428543], [128.762424, 36.428566], [128.762606, 36.428614], [128.76273, 36.428651], [128.762853, 36.428674], [128.763051, 36.428724], [128.763145, 36.428733], [128.763306, 36.428778], [128.763464, 36.428776], [128.76354, 36.428802], [128.763692, 36.428756], [128.7638, 36.428717], [128.763891, 36.428644], [128.763974, 36.428588], [128.764092, 36.428551], [128.76421, 36.428515], [128.764299, 36.428409], [128.764451, 36.428305], [128.764532, 36.428256], [128.764709, 36.428195], [128.764847, 36.42818], [128.764878, 36.42818], [128.765004, 36.428193], [128.765076, 36.428223], [128.76513, 36.428271], [128.765202, 36.428379], [128.765256, 36.428502], [128.765307, 36.428648], [128.76535, 36.428761], [128.765385, 36.428808], [128.765473, 36.428901], [128.765578, 36.429032], [128.765658, 36.42913], [128.765739, 36.429253], [128.76579, 36.429348], [128.765798, 36.429492], [128.765825, 36.429583], [128.765913, 36.42974], [128.765972, 36.429837], [128.76601, 36.42996], [128.76602, 36.430077], [128.766002, 36.430209], [128.766018, 36.430317], [128.766066, 36.430461], [128.766114, 36.430623], [128.766171, 36.430804], [128.766195, 36.430919], [128.766187, 36.431044], [128.766179, 36.431132], [128.766144, 36.43126], [128.766104, 36.431329], [128.766079, 36.431428], [128.766063, 36.431495], [128.766077, 36.431635], [128.766082, 36.431708], [128.766088, 36.431816], [128.766088, 36.431905], [128.766133, 36.432019], [128.766155, 36.432149], [128.766163, 36.432219], [128.766145, 36.43229], [128.766144, 36.432362], [128.766143, 36.43242], [128.766159, 36.432468], [128.766183, 36.432539], [128.766207, 36.43259], [128.766248, 36.432671], [128.766265, 36.432727], [128.766322, 36.432805], [128.76636, 36.432839], [128.766436, 36.432882], [128.766481, 36.432913], [128.766538, 36.432981], [128.766585, 36.433054], [128.766639, 36.433119], [128.766696, 36.433182], [128.766738, 36.433271], [128.766774, 36.433337], [128.766822, 36.433447], [128.76684, 36.433505], [128.766863, 36.433599], [128.766861, 36.433658], [128.766898, 36.433759], [128.76691, 36.433808], [128.766931, 36.433904], [128.766962, 36.433948], [128.767045, 36.434026], [128.767077, 36.434069], [128.767118, 36.434134], [128.767168, 36.434165], [128.76727, 36.434239], [128.767308, 36.434284], [128.767403, 36.434348], [128.767508, 36.434397], [128.767565, 36.43443], [128.767659, 36.434461], [128.767804, 36.434487], [128.767899, 36.434453], [128.767997, 36.434427], [128.768149, 36.434427], [128.768349, 36.434423], [128.768524, 36.434411], [128.768583, 36.434405], [128.768818, 36.434383], [128.768924, 36.434371], [128.769033, 36.434359], [128.769165, 36.43437], [128.769336, 36.434403], [128.769466, 36.434432], [128.769613, 36.434445], [128.769749, 36.434457], [128.769833, 36.434459], [128.769918, 36.434459], [128.76995, 36.434507], [128.770116, 36.434607], [128.770224, 36.434676], [128.770452, 36.434827], [128.770634, 36.434926], [128.770698, 36.43503], [128.770763, 36.435241], [128.770784, 36.435379], [128.770811, 36.435509], [128.770881, 36.435651], [128.770918, 36.435845], [128.770913, 36.435996], [128.770977, 36.436242], [128.770977, 36.436346], [128.771031, 36.436467], [128.771047, 36.436553], [128.771117, 36.436646], [128.77128, 36.436782], [128.771264, 36.436881], [128.771286, 36.436957], [128.771337, 36.437082], [128.771422, 36.437175], [128.77161, 36.437388], [128.771702, 36.437509], [128.771771, 36.437589], [128.771822, 36.437671], [128.771841, 36.437742], [128.771868, 36.437941], [128.771908, 36.43813], [128.771895, 36.438266], [128.771884, 36.438329], [128.771927, 36.438422], [128.771964, 36.438623], [128.771999, 36.438713], [128.772045, 36.438912], [128.772093, 36.439101], [128.772155, 36.439205], [128.772198, 36.439296], [128.772203, 36.439335], [128.772281, 36.439399], [128.772345, 36.439466], [128.772415, 36.439602], [128.772477, 36.439699], [128.772589, 36.439822], [128.772656, 36.439911], [128.772766, 36.440042], [128.772804, 36.440111], [128.772876, 36.440264], [128.772906, 36.440362], [128.772941, 36.440409], [128.773102, 36.440508], [128.773206, 36.440586], [128.773289, 36.440748], [128.773348, 36.440847], [128.77345, 36.441063], [128.773512, 36.441175], [128.77355, 36.441244], [128.773627, 36.441311], [128.773667, 36.441363], [128.773812, 36.4416], [128.773869, 36.441695], [128.774011, 36.441859], [128.774067, 36.441937], [128.774115, 36.442002], [128.774252, 36.442265], [128.774314, 36.442355], [128.774405, 36.442465], [128.774451, 36.442517], [128.774499, 36.442569], [128.774614, 36.442599], [128.774716, 36.442629], [128.774872, 36.442681], [128.774998, 36.442746], [128.775086, 36.442791], [128.775226, 36.442845], [128.775301, 36.442893], [128.775376, 36.442903], [128.775454, 36.442908], [128.775566, 36.442942], [128.775618, 36.442934], [128.775725, 36.442942], [128.775819, 36.442942], [128.775926, 36.442908], [128.776052, 36.442845], [128.776138, 36.442804], [128.776208, 36.442854], [128.776277, 36.442845], [128.776342, 36.442735], [128.776406, 36.442632], [128.776489, 36.442521], [128.776564, 36.442409], [128.776647, 36.442325], [128.776768, 36.442245], [128.776862, 36.442178], [128.776897, 36.442103], [128.776913, 36.442025], [128.776921, 36.441898], [128.776964, 36.441814], [128.77705, 36.441687], [128.777087, 36.441564], [128.777138, 36.441473], [128.777165, 36.441346], [128.777216, 36.44124], [128.777224, 36.441125], [128.777243, 36.441076], [128.77731, 36.440949], [128.777393, 36.440813], [128.777444, 36.440737], [128.777554, 36.440586], [128.777637, 36.440472], [128.777763, 36.440409], [128.777862, 36.44029], [128.777964, 36.440217], [128.778045, 36.440114], [128.778163, 36.44006], [128.778251, 36.43998], [128.778321, 36.439939], [128.77834, 36.439891], [128.778345, 36.439701], [128.778332, 36.439611], [128.778262, 36.439492], [128.778217, 36.439309], [128.778227, 36.439218], [128.778292, 36.439089], [128.778447, 36.438968], [128.778681, 36.438786], [128.778758, 36.438713], [128.778839, 36.438651], [128.778917, 36.438569], [128.77897, 36.438517], [128.779053, 36.438433], [128.779214, 36.438344], [128.779332, 36.438225], [128.779523, 36.438092], [128.77956, 36.437982], [128.779555, 36.437908], [128.779501, 36.437802], [128.779501, 36.437727], [128.779539, 36.437563], [128.779576, 36.437503], [128.77966, 36.437421], [128.779686, 36.437351], [128.779686, 36.437291], [128.779753, 36.437211], [128.779794, 36.437157], [128.779778, 36.437084], [128.779855, 36.436952], [128.779882, 36.43689], [128.779872, 36.436752], [128.779882, 36.436652], [128.779896, 36.436493], [128.779885, 36.43643], [128.779968, 36.436227], [128.780016, 36.436096], [128.78011, 36.435925], [128.780043, 36.435828], [128.780038, 36.435735], [128.780016, 36.435692], [128.779987, 36.435655], [128.779965, 36.43553], [128.779963, 36.435435], [128.779863, 36.435327], [128.779845, 36.435215], [128.779769, 36.435043], [128.779719, 36.434952], [128.779662, 36.43479], [128.779611, 36.434717], [128.779504, 36.434604], [128.779407, 36.43451], [128.779389, 36.434423], [128.779456, 36.43432], [128.779477, 36.434248], [128.779501, 36.434162], [128.779483, 36.43399], [128.77948, 36.433882], [128.779501, 36.433789], [128.779466, 36.433627], [128.779464, 36.433564], [128.779477, 36.433314], [128.779456, 36.433208], [128.77944, 36.433154], [128.779359, 36.433029], [128.779263, 36.432915], [128.779236, 36.432828], [128.779198, 36.432621], [128.779174, 36.432498], [128.779145, 36.432406], [128.77915, 36.432358], [128.779029, 36.432151], [128.779002, 36.432095], [128.779064, 36.431993], [128.779059, 36.431955], [128.778935, 36.431842], [128.778807, 36.431741], [128.77871, 36.431644], [128.778595, 36.431497], [128.778512, 36.431415], [128.778503, 36.431339], [128.778549, 36.431126], [128.77856, 36.431005], [128.778568, 36.430891], [128.778485, 36.430824], [128.778447, 36.43077], [128.77834, 36.43066], [128.778434, 36.430599], [128.778461, 36.430517], [128.778455, 36.43034], [128.778442, 36.430133], [128.778388, 36.42998], [128.778386, 36.429879], [128.778348, 36.429786], [128.778335, 36.429682], [128.778262, 36.429604], [128.778187, 36.429635], [128.778082, 36.429736], [128.778021, 36.429799], [128.777849, 36.429857], [128.777704, 36.429827], [128.777508, 36.429879], [128.777326, 36.42987], [128.777211, 36.4299], [128.777111, 36.429879], [128.776894, 36.429809], [128.776749, 36.429753], [128.776559, 36.429717], [128.77642, 36.429712], [128.776229, 36.429637], [128.776092, 36.429604], [128.775558, 36.429436], [128.775403, 36.429397], [128.775194, 36.429335], [128.775129, 36.429289], [128.775068, 36.429188], [128.775046, 36.429114], [128.774915, 36.428938], [128.774818, 36.428834], [128.774644, 36.428679], [128.774545, 36.428623], [128.774378, 36.42853], [128.774306, 36.428495], [128.774193, 36.428359], [128.773971, 36.428141], [128.773855, 36.428014], [128.773719, 36.42783], [128.77363, 36.427649], [128.77359, 36.427571], [128.773464, 36.427416], [128.773354, 36.427231], [128.773295, 36.427123], [128.773203, 36.426954], [128.773077, 36.42681], [128.77308, 36.426738], [128.77304, 36.426609], [128.772994, 36.426527], [128.772938, 36.426475], [128.772876, 36.426374], [128.772793, 36.426201], [128.772651, 36.426], [128.772613, 36.425923], [128.772608, 36.425769], [128.772635, 36.425698], [128.772729, 36.42564], [128.772906, 36.425629], [128.773096, 36.425644], [128.773233, 36.425659], [128.773448, 36.425634], [128.773525, 36.425523], [128.773587, 36.425277], [128.773619, 36.4252], [128.773619, 36.425134]]}}, {"type": "Feature", "properties": {"name": "", "osm_id": 1454338615, "origin": "OBSERVED", "highway": "unclassified"}, "geometry": {"type": "LineString", "coordinates": [[128.761284, 36.444092], [128.76119, 36.44399], [128.760999, 36.443869], [128.76081, 36.44369], [128.76066, 36.44356], [128.76051, 36.44343], [128.76034, 36.44332], [128.76019, 36.44317], [128.76013, 36.44305], [128.76008, 36.44289], [128.75997, 36.44281], [128.75978, 36.44276], [128.75955, 36.44276], [128.75929, 36.44281], [128.75907, 36.44283], [128.75886, 36.44283], [128.75856, 36.44276], [128.75819, 36.44274], [128.75781, 36.44274], [128.75759, 36.44272], [128.75723, 36.44268], [128.75691, 36.44268], [128.75669, 36.44264], [128.75645, 36.44261], [128.75628, 36.44261], [128.75605, 36.44266], [128.75585, 36.44272], [128.75564, 36.44274], [128.75549, 36.44276], [128.75538, 36.44276], [128.75521, 36.44276], [128.75506, 36.44261], [128.75448, 36.44251], [128.75427, 36.44244], [128.75386, 36.44238], [128.75341, 36.44229], [128.75296, 36.44216], [128.75268, 36.44203], [128.7521, 36.44161], [128.75199, 36.441536], [128.75181, 36.44131], [128.751746, 36.441122], [128.751761, 36.440892], [128.75169, 36.440573], [128.75163, 36.44041], [128.75152, 36.4401], [128.75141, 36.44], [128.75105, 36.43985], [128.750684, 36.439702], [128.75032, 36.43952], [128.74984, 36.43931], [128.749464, 36.439168], [128.749238, 36.439083], [128.748883, 36.438964], [128.748579, 36.438808], [128.74835, 36.43867], [128.74809, 36.43848], [128.74781, 36.43828], [128.74755, 36.43817], [128.74736, 36.43811], [128.747227, 36.438102], [128.74714, 36.43809], [128.74703, 36.43807], [128.746973, 36.438054]]}}, {"type": "Feature", "properties": {"name": "", "osm_id": 1454338619, "origin": "OBSERVED", "highway": "unclassified"}, "geometry": {"type": "LineString", "coordinates": [[128.635953, 36.487462], [128.635935, 36.487536], [128.635903, 36.487641], [128.635889, 36.487855], [128.6356, 36.487717], [128.635438, 36.487632], [128.635322, 36.48754], [128.635094, 36.487257], [128.634993, 36.48715], [128.634802, 36.486998], [128.634658, 36.486936]]}}, {"type": "Feature", "properties": {"name": "", "osm_id": 1454338620, "origin": "OBSERVED", "highway": "unclassified"}, "geometry": {"type": "LineString", "coordinates": [[128.63681, 36.488026], [128.636383, 36.487894], [128.636204, 36.487859], [128.636065, 36.487842], [128.635889, 36.487855], [128.635626, 36.488302], [128.635476, 36.48856], [128.635341, 36.488746], [128.635283, 36.48883]]}}, {"type": "Feature", "properties": {"name": "", "osm_id": 1454338621, "origin": "OBSERVED", "highway": "track"}, "geometry": {"type": "LineString", "coordinates": [[128.635377, 36.493121], [128.63531, 36.493159]]}}, {"type": "Feature", "properties": {"name": "", "osm_id": 1454338622, "origin": "OBSERVED", "highway": "track"}, "geometry": {"type": "LineString", "coordinates": [[128.635406, 36.493097], [128.635377, 36.493121]]}}, {"type": "Feature", "properties": {"name": "", "osm_id": 1454338623, "origin": "OBSERVED", "highway": "track"}, "geometry": {"type": "LineString", "coordinates": [[128.636487, 36.495129], [128.63653, 36.49529], [128.636507, 36.495696], [128.636539, 36.495901], [128.63659, 36.49607], [128.6367, 36.49637], [128.63681, 36.49658], [128.63685, 36.49675], [128.63687, 36.49703], [128.63691, 36.49727]]}}, {"type": "Feature", "properties": {"name": "", "osm_id": 1454338624, "origin": "OBSERVED", "highway": "track"}, "geometry": {"type": "LineString", "coordinates": [[128.636485, 36.494997], [128.636487, 36.495129]]}}, {"type": "Feature", "properties": {"name": "", "osm_id": 1454338626, "origin": "OBSERVED", "highway": "residential"}, "geometry": {"type": "LineString", "coordinates": [[128.636595, 36.48824], [128.63681, 36.488026], [128.636964, 36.487873], [128.63706, 36.48776], [128.637124, 36.487678], [128.637182, 36.487508], [128.637263, 36.487237], [128.637296, 36.487046], [128.637309, 36.486897], [128.637303, 36.486835], [128.637264, 36.486668], [128.637308, 36.486644], [128.637328, 36.486609]]}}, {"type": "Feature", "properties": {"name": "", "osm_id": 1454338627, "origin": "OBSERVED", "highway": "residential"}, "geometry": {"type": "LineString", "coordinates": [[128.636735, 36.488348], [128.636595, 36.48824]]}}, {"type": "Feature", "properties": {"name": "", "osm_id": 1454338628, "origin": "OBSERVED", "highway": "residential"}, "geometry": {"type": "LineString", "coordinates": [[128.636034, 36.488682], [128.6356, 36.488782], [128.635283, 36.48883]]}}, {"type": "Feature", "properties": {"name": "", "osm_id": 1454338629, "origin": "OBSERVED", "highway": "residential"}, "geometry": {"type": "LineString", "coordinates": [[128.636223, 36.488635], [128.636034, 36.488682]]}}, {"type": "Feature", "properties": {"name": "", "osm_id": 1454338630, "origin": "OBSERVED", "highway": "residential"}, "geometry": {"type": "LineString", "coordinates": [[128.637445, 36.486425], [128.63758, 36.486198], [128.637662, 36.486013], [128.637754, 36.48574], [128.637804, 36.48557], [128.637904, 36.48514], [128.638093, 36.484542], [128.63818, 36.48424], [128.63822, 36.48394], [128.63829, 36.48375], [128.63833, 36.48358], [128.638361, 36.483388], [128.63838, 36.483252]]}}, {"type": "Feature", "properties": {"name": "", "osm_id": 1454338631, "origin": "OBSERVED", "highway": "residential"}, "geometry": {"type": "LineString", "coordinates": [[128.637328, 36.486609], [128.637445, 36.486425]]}}, {"type": "Feature", "properties": {"name": "", "osm_id": 1454338632, "origin": "OBSERVED", "highway": "residential"}, "geometry": {"type": "LineString", "coordinates": [[128.637158, 36.483065], [128.637017, 36.483048]]}}, {"type": "Feature", "properties": {"name": "", "osm_id": 1454338633, "origin": "OBSERVED", "highway": "residential"}, "geometry": {"type": "LineString", "coordinates": [[128.63977, 36.48349], [128.63945, 36.48343], [128.63887, 36.48334], [128.63838, 36.483252], [128.637222, 36.483075], [128.637158, 36.483065]]}}, {"type": "Feature", "properties": {"name": "", "osm_id": 1454338666, "origin": "OBSERVED", "highway": "service"}, "geometry": {"type": "LineString", "coordinates": [[128.633415, 36.48159], [128.633426, 36.481544]]}}, {"type": "Feature", "properties": {"name": "", "osm_id": 1454338667, "origin": "OBSERVED", "highway": "service"}, "geometry": {"type": "LineString", "coordinates": [[128.633348, 36.481882], [128.633415, 36.48159]]}}, {"type": "Feature", "properties": {"name": "", "osm_id": 1454338669, "origin": "OBSERVED", "highway": "track"}, "geometry": {"type": "LineString", "coordinates": [[128.64473, 36.481435], [128.644688, 36.481648], [128.644691, 36.481829], [128.644731, 36.481946], [128.644822, 36.482118], [128.644897, 36.482302], [128.644924, 36.482433], [128.644948, 36.482884], [128.644959, 36.483285], [128.644991, 36.483533], [128.64508, 36.483745], [128.645198, 36.483919], [128.645337, 36.484055], [128.64552, 36.484193], [128.646252, 36.484657], [128.646476, 36.484792], [128.646589, 36.484824], [128.646759, 36.484829], [128.646819, 36.484841], [128.646949, 36.484734], [128.647011, 36.484663], [128.647075, 36.484223], [128.647177, 36.48333], [128.647239, 36.483084], [128.647354, 36.482776], [128.647494, 36.482526], [128.647655, 36.4823], [128.647885, 36.482054], [128.648087, 36.481862], [128.648465, 36.481607], [128.648695, 36.481476], [128.649369, 36.481221], [128.649741, 36.481141], [128.650586, 36.48096], [128.651262, 36.480812], [128.652129, 36.480609], [128.652598, 36.480522], [128.652952, 36.480462], [128.653148, 36.480324]]}}, {"type": "Feature", "properties": {"name": "", "osm_id": 1454338677, "origin": "OBSERVED", "highway": "track"}, "geometry": {"type": "LineString", "coordinates": [[128.673672, 36.524236], [128.67338, 36.523286], [128.673275, 36.522978], [128.673184, 36.522837], [128.673168, 36.522639], [128.673248, 36.52259], [128.67364, 36.522557], [128.673938, 36.522525], [128.674391, 36.522506]]}}, {"type": "Feature", "properties": {"name": "", "osm_id": 1454338678, "origin": "OBSERVED", "highway": "unclassified"}, "geometry": {"type": "LineString", "coordinates": [[128.662185, 36.525079], [128.662415, 36.524936], [128.662505, 36.524854], [128.662559, 36.524822], [128.662974, 36.524524]]}}, {"type": "Feature", "properties": {"name": "", "osm_id": 1454338679, "origin": "OBSERVED", "highway": "unclassified"}, "geometry": {"type": "LineString", "coordinates": [[128.662742, 36.525508], [128.662715, 36.525388], [128.662713, 36.525345], [128.662729, 36.525325], [128.662957, 36.52524]]}}, {"type": "Feature", "properties": {"name": "", "osm_id": 1454338680, "origin": "OBSERVED", "highway": "unclassified"}, "geometry": {"type": "LineString", "coordinates": [[128.662054, 36.5244], [128.662204, 36.524478], [128.662334, 36.524565], [128.662389, 36.524623], [128.662483, 36.524761], [128.662559, 36.524822], [128.662662, 36.524906], [128.662914, 36.52515], [128.662954, 36.525204], [128.662957, 36.52524], [128.662959, 36.525276], [128.663229, 36.525816], [128.663402, 36.526087]]}}, {"type": "Feature", "properties": {"name": "", "osm_id": 1454338681, "origin": "OBSERVED", "highway": "service"}, "geometry": {"type": "LineString", "coordinates": [[128.660206, 36.523107], [128.66032, 36.52308], [128.660352, 36.523052], [128.660457, 36.522942]]}}, {"type": "Feature", "properties": {"name": "", "osm_id": 1454338682, "origin": "OBSERVED", "highway": "unclassified"}, "geometry": {"type": "LineString", "coordinates": [[128.660721, 36.523155], [128.660648, 36.523068], [128.660477, 36.522954], [128.660457, 36.522942], [128.660244, 36.522814], [128.660113, 36.52275], [128.659505, 36.522579], [128.659462, 36.522552], [128.65945, 36.522508], [128.659473, 36.52241]]}}, {"type": "Feature", "properties": {"name": "", "osm_id": 1454338683, "origin": "OBSERVED", "highway": "unclassified"}, "geometry": {"type": "LineString", "coordinates": [[128.661513, 36.523604], [128.661205, 36.523385], [128.661113, 36.52331], [128.661098, 36.523279], [128.661126, 36.523204], [128.661086, 36.523149], [128.660848, 36.522975], [128.660819, 36.522959], [128.660653, 36.523055], [128.660648, 36.523068], [128.660594, 36.523233], [128.660442, 36.523391]]}}, {"type": "Feature", "properties": {"name": "", "osm_id": 1454338684, "origin": "OBSERVED", "highway": "unclassified"}, "geometry": {"type": "LineString", "coordinates": [[128.661745, 36.523395], [128.661513, 36.523604], [128.661463, 36.52365], [128.66139, 36.523714], [128.661241, 36.523829], [128.661278, 36.523875], [128.661566, 36.524088], [128.661857, 36.524372], [128.661951, 36.524448], [128.662002, 36.524469], [128.662054, 36.5244], [128.662114, 36.524319], [128.66231, 36.52414], [128.662428, 36.524027], [128.662496, 36.523973]]}}, {"type": "Feature", "properties": {"name": "", "osm_id": 1454338685, "origin": "OBSERVED", "highway": "track"}, "geometry": {"type": "LineString", "coordinates": [[128.652184, 36.535872], [128.652335, 36.535914], [128.652501, 36.535924], [128.652633, 36.535901], [128.652882, 36.535883], [128.653037, 36.535874], [128.653173, 36.535837], [128.653327, 36.535794], [128.653446, 36.535739], [128.653534, 36.535695], [128.653661, 36.535613], [128.653796, 36.535494], [128.653911, 36.53538], [128.653978, 36.535271], [128.65404, 36.53516], [128.654044, 36.535099], [128.654014, 36.534985], [128.653963, 36.534829], [128.65391, 36.534721], [128.653849, 36.534627], [128.653822, 36.534553], [128.653848, 36.534429], [128.653845, 36.534294], [128.653901, 36.534179], [128.653969, 36.534098], [128.654089, 36.534039], [128.654148, 36.53401], [128.654223, 36.533997], [128.654443, 36.534002], [128.654737, 36.53402], [128.655027, 36.534026], [128.655171, 36.534007], [128.655264, 36.533966], [128.655324, 36.533903], [128.655365, 36.533743], [128.655347, 36.533601], [128.655332, 36.533496], [128.655295, 36.533422], [128.655221, 36.533353], [128.655129, 36.533268], [128.655016, 36.533119], [128.654889, 36.532932], [128.65475, 36.532728], [128.654695, 36.532618], [128.654654, 36.53253], [128.654567, 36.532435], [128.654518, 36.532327], [128.654441, 36.53219], [128.654272, 36.532031], [128.654217, 36.531943], [128.654164, 36.531847], [128.654057, 36.531783], [128.653987, 36.531697], [128.653946, 36.531665], [128.65378, 36.531545], [128.653707, 36.531493], [128.653639, 36.531377], [128.653561, 36.531289], [128.653466, 36.531239], [128.653382, 36.531199], [128.653337, 36.531164], [128.65332, 36.53111]]}}, {"type": "Feature", "properties": {"name": "", "osm_id": 1454338687, "origin": "OBSERVED", "highway": "track"}, "geometry": {"type": "LineString", "coordinates": [[128.651802, 36.534223], [128.651772, 36.534172], [128.651734, 36.5341], [128.651697, 36.534029], [128.651648, 36.533966], [128.651592, 36.533907], [128.651481, 36.533847], [128.651329, 36.533762], [128.651255, 36.533708], [128.651133, 36.533651], [128.65106, 36.533582], [128.651013, 36.533496], [128.650958, 36.53338], [128.650915, 36.533344], [128.650858, 36.533338], [128.650751, 36.533424], [128.650612, 36.533538], [128.650566, 36.533566], [128.650492, 36.533595], [128.650319, 36.533631], [128.650168, 36.533669], [128.649991, 36.533702], [128.64981, 36.533744], [128.649708, 36.533761], [128.649613, 36.533791], [128.649533, 36.533847], [128.649484, 36.53384], [128.649434, 36.533809], [128.649444, 36.533757], [128.649468, 36.533698], [128.649487, 36.53361], [128.649453, 36.53349], [128.649318, 36.533229], [128.649171, 36.533008], [128.649115, 36.532865], [128.649116, 36.532748], [128.649099, 36.532679], [128.649031, 36.53255], [128.648992, 36.532426], [128.648953, 36.532358], [128.64889, 36.532283], [128.648792, 36.532099], [128.64874, 36.532053], [128.648623, 36.53195], [128.648494, 36.531802], [128.648466, 36.531742], [128.648509, 36.531664], [128.648599, 36.53157], [128.648687, 36.531517], [128.648768, 36.531506], [128.648858, 36.531511], [128.648935, 36.531531], [128.649025, 36.531551], [128.649116, 36.531571], [128.649189, 36.531617], [128.649378, 36.531841], [128.649515, 36.531964], [128.649633, 36.532054], [128.649764, 36.532104], [128.649839, 36.532141], [128.649963, 36.532212], [128.650093, 36.532267], [128.650137, 36.532324], [128.650191, 36.532356], [128.65027, 36.532373], [128.650413, 36.532327], [128.650534, 36.532266], [128.650606, 36.532206], [128.650672, 36.53213], [128.650735, 36.532067], [128.650809, 36.532018], [128.651074, 36.531922], [128.651182, 36.531897], [128.651262, 36.531896], [128.651341, 36.531908], [128.651402, 36.531942]]}}, {"type": "Feature", "properties": {"name": "", "osm_id": 1454338688, "origin": "OBSERVED", "highway": "track"}, "geometry": {"type": "LineString", "coordinates": [[128.657807, 36.534402], [128.657773, 36.534513], [128.657714, 36.534714], [128.657682, 36.534769], [128.657646, 36.534801], [128.657516, 36.53482], [128.657421, 36.534826], [128.657319, 36.53486], [128.657268, 36.534897], [128.657191, 36.534966], [128.65712, 36.535041], [128.657018, 36.535184], [128.656959, 36.535304], [128.65693, 36.535356], [128.656879, 36.535383], [128.656813, 36.535391], [128.656759, 36.535383], [128.656721, 36.535338], [128.656674, 36.535276], [128.656584, 36.535165], [128.656521, 36.535069], [128.656464, 36.534962], [128.656452, 36.534843], [128.656447, 36.534751], [128.656476, 36.534539], [128.656515, 36.534316], [128.656549, 36.534099], [128.656568, 36.533979], [128.656568, 36.533909], [128.65655, 36.533756], [128.656495, 36.533609], [128.656426, 36.533397], [128.656392, 36.533276], [128.656356, 36.533194], [128.656293, 36.533143], [128.656238, 36.533083], [128.656204, 36.533037], [128.656167, 36.53295], [128.65611, 36.532886], [128.656047, 36.532834], [128.65596, 36.532766], [128.655896, 36.532782], [128.655839, 36.532812], [128.655766, 36.532838], [128.655711, 36.532813]]}}, {"type": "Feature", "properties": {"name": "", "osm_id": 1454338689, "origin": "OBSERVED", "highway": "track"}, "geometry": {"type": "LineString", "coordinates": [[128.658828, 36.528695], [128.6587, 36.52864], [128.658508, 36.52854], [128.658393, 36.528509], [128.658314, 36.52851], [128.658168, 36.528565], [128.657919, 36.528628], [128.657737, 36.528685], [128.657651, 36.528692], [128.6575, 36.528699], [128.657392, 36.5287], [128.657288, 36.528668], [128.656991, 36.528602], [128.656817, 36.528571], [128.65673, 36.528562], [128.656688, 36.528565]]}}, {"type": "Feature", "properties": {"name": "", "osm_id": 1454338690, "origin": "OBSERVED", "highway": "track"}, "geometry": {"type": "LineString", "coordinates": [[128.659933, 36.53083], [128.659848, 36.530832], [128.659754, 36.530808], [128.659723, 36.530767], [128.659686, 36.530702], [128.659629, 36.530589], [128.659564, 36.530465], [128.659532, 36.530378], [128.659479, 36.530213], [128.659407, 36.530036], [128.659294, 36.529743], [128.659216, 36.529519], [128.659145, 36.529315], [128.659125, 36.529247], [128.659059, 36.529018], [128.658999, 36.528874], [128.658898, 36.528779], [128.658828, 36.528695], [128.658817, 36.528682], [128.658696, 36.528568], [128.658558, 36.528399], [128.658515, 36.528323], [128.658484, 36.528176], [128.658445, 36.528051], [128.658384, 36.52787], [128.65835, 36.527784], [128.658265, 36.527619], [128.658204, 36.52749], [128.658176, 36.527415], [128.658194, 36.527266], [128.658233, 36.527201], [128.658243, 36.527141], [128.658172, 36.526998], [128.658149, 36.526885], [128.658137, 36.526737]]}}, {"type": "Feature", "properties": {"name": "", "osm_id": 1454338691, "origin": "OBSERVED", "highway": "track"}, "geometry": {"type": "LineString", "coordinates": [[128.658821, 36.53162], [128.658708, 36.531674], [128.658504, 36.531757], [128.658327, 36.531818], [128.658146, 36.531853], [128.65805, 36.531897], [128.658039, 36.531978], [128.65806, 36.532006], [128.658149, 36.532062], [128.658267, 36.532133], [128.658359, 36.532236], [128.658432, 36.532326], [128.658542, 36.532407], [128.658607, 36.532473], [128.658669, 36.53255], [128.658688, 36.532631], [128.658697, 36.532738], [128.658691, 36.532819], [128.658677, 36.53286], [128.658638, 36.532909], [128.658602, 36.532941], [128.658477, 36.532983], [128.658312, 36.53304], [128.658217, 36.533066], [128.658152, 36.5331], [128.658114, 36.533137]]}}, {"type": "Feature", "properties": {"name": "", "osm_id": 1454338692, "origin": "OBSERVED", "highway": "track"}, "geometry": {"type": "LineString", "coordinates": [[128.661746, 36.531221], [128.66153, 36.531248], [128.661192, 36.531266], [128.661054, 36.531261], [128.660934, 36.531235], [128.660856, 36.531179], [128.660658, 36.530979], [128.660572, 36.530897], [128.66047, 36.530774], [128.660442, 36.530698], [128.660437, 36.530592], [128.660478, 36.530487], [128.66049, 36.530422], [128.660496, 36.530341], [128.660458, 36.530274], [128.660422, 36.53025], [128.660358, 36.530246], [128.660269, 36.53028], [128.660218, 36.530336], [128.660132, 36.530436], [128.660053, 36.530573], [128.659994, 36.530658], [128.659959, 36.530739], [128.659933, 36.53083], [128.659926, 36.530855], [128.659977, 36.53091], [128.660083, 36.53097], [128.660123, 36.531032], [128.660139, 36.531093], [128.660116, 36.531138], [128.660084, 36.531172], [128.66003, 36.531184], [128.659899, 36.53117], [128.659774, 36.531133], [128.659463, 36.53107], [128.659232, 36.531028], [128.659148, 36.531012], [128.658965, 36.531016], [128.658869, 36.531018], [128.65876, 36.530989], [128.658683, 36.530951], [128.658519, 36.530895], [128.658453, 36.530873], [128.658303, 36.530789], [128.658237, 36.530752], [128.658176, 36.530768], [128.658141, 36.530853], [128.657989, 36.530974], [128.657981, 36.531031], [128.657999, 36.531068], [128.658052, 36.531101], [128.658182, 36.531138], [128.658268, 36.531177], [128.658398, 36.531265], [128.658551, 36.531374], [128.658716, 36.531493], [128.658801, 36.531568], [128.658821, 36.53162], [128.658839, 36.531668], [128.658907, 36.531768], [128.659004, 36.53192], [128.659063, 36.532003], [128.6591, 36.532117], [128.659133, 36.532187], [128.659191, 36.53223], [128.659321, 36.532311], [128.65938, 36.532376], [128.659475, 36.53248], [128.659572, 36.532561], [128.659636, 36.532602], [128.659739, 36.532645], [128.659821, 36.532709], [128.65988, 36.53277], [128.659916, 36.532875], [128.659916, 36.53297], [128.659963, 36.533056], [128.660006, 36.533188], [128.659982, 36.533298], [128.659896, 36.533406], [128.659851, 36.533429], [128.659755, 36.53343], [128.659456, 36.533383], [128.659034, 36.533303], [128.658676, 36.533233], [128.658531, 36.533189], [128.658365, 36.53313], [128.658267, 36.533116], [128.658114, 36.533137], [128.658031, 36.533168], [128.657986, 36.533221], [128.657972, 36.533323], [128.65796, 36.533433], [128.657977, 36.533608], [128.658007, 36.533765], [128.65805, 36.533961], [128.658099, 36.53413], [128.658103, 36.534196], [128.658075, 36.534239], [128.658012, 36.534265], [128.657882, 36.534349], [128.657807, 36.534402], [128.657741, 36.534449], [128.657639, 36.534499], [128.657531, 36.534537], [128.657451, 36.534537], [128.657427, 36.534509], [128.657422, 36.534353], [128.657411, 36.534145], [128.657425, 36.533982], [128.657425, 36.533835], [128.657391, 36.533727], [128.657305, 36.53355], [128.657256, 36.533397], [128.657189, 36.5332], [128.657151, 36.533031], [128.657084, 36.532847], [128.657022, 36.532574], [128.656993, 36.532342], [128.65694, 36.532206], [128.656903, 36.532138], [128.656792, 36.532059], [128.656643, 36.531972], [128.656517, 36.53192], [128.656353, 36.531849], [128.656252, 36.531791], [128.656141, 36.531711], [128.656039, 36.531682], [128.655888, 36.531646], [128.655742, 36.531637], [128.655554, 36.531655], [128.655394, 36.531661], [128.655157, 36.531651], [128.655017, 36.531626], [128.654886, 36.531555], [128.654705, 36.531479], [128.654583, 36.531441], [128.654382, 36.531382], [128.654198, 36.531326], [128.653995, 36.531293], [128.653836, 36.531256], [128.653735, 36.531215], [128.653401, 36.53113], [128.65332, 36.53111], [128.653259, 36.531096], [128.653096, 36.530987], [128.653026, 36.530898], [128.652936, 36.53083], [128.652843, 36.53082], [128.652685, 36.530818], [128.652543, 36.530834], [128.652391, 36.530874], [128.652332, 36.53095], [128.652308, 36.531045], [128.652296, 36.531158], [128.652316, 36.531249], [128.652307, 36.531421], [128.652281, 36.531579], [128.652299, 36.531764], [128.652294, 36.531874], [128.652261, 36.5319], [128.652181, 36.531908], [128.652059, 36.531903], [128.651796, 36.531843], [128.651655, 36.531802], [128.651588, 36.531806], [128.651463, 36.531867], [128.651408, 36.531926], [128.651402, 36.531942], [128.651356, 36.532053], [128.651328, 36.532116], [128.65129, 36.532188], [128.651312, 36.532247], [128.651365, 36.532342], [128.651407, 36.532485], [128.651453, 36.532599], [128.651512, 36.532751], [128.651581, 36.532964], [128.651651, 36.533143], [128.651768, 36.533384], [128.651805, 36.533513], [128.651847, 36.533684], [128.651852, 36.533855], [128.651824, 36.534032], [128.651801, 36.534125], [128.651796, 36.5342], [128.651802, 36.534223], [128.651827, 36.53433], [128.651881, 36.534439], [128.651948, 36.534666], [128.652035, 36.534872], [128.652062, 36.534952], [128.652117, 36.535223], [128.652138, 36.535364], [128.652186, 36.535576], [128.652237, 36.535761], [128.652225, 36.535823], [128.652184, 36.535872], [128.652129, 36.535874], [128.652027, 36.53584], [128.651878, 36.535768], [128.651709, 36.535694], [128.6515, 36.535626], [128.651431, 36.535618], [128.651233, 36.535632], [128.651101, 36.535694], [128.650907, 36.535803], [128.650753, 36.53586], [128.650541, 36.535925], [128.650381, 36.535972], [128.650286, 36.535993], [128.65011, 36.536007], [128.650071, 36.536002]]}}, {"type": "Feature", "properties": {"name": "", "osm_id": 1454338693, "origin": "OBSERVED", "highway": "track"}, "geometry": {"type": "LineString", "coordinates": [[128.6637, 36.527032], [128.663603, 36.526939], [128.663576, 36.526854], [128.663539, 36.526696], [128.66346, 36.526562], [128.663394, 36.526501], [128.663291, 36.526453], [128.663197, 36.526461], [128.663034, 36.526528], [128.662903, 36.526613], [128.662823, 36.526641], [128.662663, 36.526669], [128.662517, 36.526704], [128.66236, 36.526772], [128.662278, 36.526825], [128.662161, 36.526953], [128.66199, 36.527117], [128.661844, 36.527262], [128.661699, 36.527382], [128.661567, 36.52749], [128.661464, 36.527589], [128.661366, 36.527685], [128.661304, 36.527773], [128.661264, 36.527863], [128.661243, 36.527976], [128.661197, 36.528081], [128.661121, 36.528267], [128.661079, 36.528411], [128.661075, 36.528474], [128.661092, 36.528496], [128.661123, 36.528505], [128.661213, 36.528515], [128.661313, 36.52846], [128.661481, 36.528368], [128.661585, 36.528313], [128.661691, 36.528296], [128.661768, 36.5283], [128.661825, 36.528346], [128.661902, 36.528411], [128.661956, 36.528506], [128.661995, 36.528599], [128.661983, 36.528695], [128.661933, 36.528822], [128.661793, 36.528999], [128.661763, 36.52907], [128.661768, 36.529134], [128.661819, 36.529195], [128.661923, 36.529288], [128.661971, 36.529368], [128.661982, 36.529418], [128.661966, 36.529447], [128.661845, 36.529584], [128.661795, 36.529688], [128.661773, 36.529754], [128.661748, 36.529819], [128.661676, 36.529867], [128.661605, 36.529963], [128.661595, 36.530016], [128.66163, 36.530066], [128.661744, 36.530175], [128.661758, 36.530252], [128.661748, 36.530362], [128.661712, 36.530425], [128.661632, 36.530591], [128.661605, 36.530672], [128.661597, 36.530852], [128.661624, 36.531026], [128.661685, 36.53115], [128.661746, 36.531221], [128.661805, 36.531237], [128.661924, 36.531273], [128.662026, 36.531303], [128.662133, 36.531341], [128.662206, 36.531366], [128.662285, 36.531371], [128.662388, 36.53138], [128.662443, 36.531386], [128.662509, 36.531403], [128.662552, 36.531437], [128.662549, 36.531547], [128.662552, 36.531691], [128.66254, 36.531873], [128.66249, 36.532025], [128.662435, 36.532153], [128.6624, 36.532269], [128.662424, 36.532384], [128.662494, 36.532444], [128.662585, 36.532476], [128.662662, 36.532489], [128.662766, 36.532498], [128.66303, 36.532462], [128.663218, 36.532456], [128.663564, 36.532469], [128.663984, 36.53252], [128.66413, 36.532543], [128.664172, 36.532516], [128.664178, 36.532483], [128.664099, 36.532384], [128.663966, 36.532268], [128.663872, 36.532189]]}}, {"type": "Feature", "properties": {"name": "", "osm_id": 1454338694, "origin": "OBSERVED", "highway": "unclassified"}, "geometry": {"type": "LineString", "coordinates": [[128.663278, 36.524601], [128.663059, 36.524596]]}}, {"type": "Feature", "properties": {"name": "", "osm_id": 1454338695, "origin": "OBSERVED", "highway": "unclassified"}, "geometry": {"type": "LineString", "coordinates": [[128.666369, 36.526252], [128.66498, 36.526532], [128.664673, 36.526575], [128.66452, 36.52653], [128.664392, 36.526284], [128.664322, 36.52615], [128.664129, 36.525883], [128.664056, 36.525639], [128.663866, 36.525338], [128.663278, 36.524601]]}}, {"type": "Feature", "properties": {"name": "", "osm_id": 1454338696, "origin": "OBSERVED", "highway": "unclassified"}, "geometry": {"type": "LineString", "coordinates": [[128.65944, 36.522398], [128.659295, 36.52229]]}}, {"type": "Feature", "properties": {"name": "", "osm_id": 1454338697, "origin": "OBSERVED", "highway": "track"}, "geometry": {"type": "LineString", "coordinates": [[128.656261, 36.520646], [128.6561, 36.520665]]}}, {"type": "Feature", "properties": {"name": "", "osm_id": 1454338698, "origin": "OBSERVED", "highway": "track"}, "geometry": {"type": "LineString", "coordinates": [[128.656299, 36.520638], [128.656261, 36.520646]]}}, {"type": "Feature", "properties": {"name": "", "osm_id": 1454338699, "origin": "OBSERVED", "highway": "track"}, "geometry": {"type": "LineString", "coordinates": [[128.655798, 36.520403], [128.655705, 36.520375]]}}, {"type": "Feature", "properties": {"name": "", "osm_id": 1454338700, "origin": "OBSERVED", "highway": "track"}, "geometry": {"type": "LineString", "coordinates": [[128.659295, 36.52229], [128.658241, 36.52204], [128.65811, 36.521977], [128.657957, 36.521831], [128.657595, 36.5216], [128.657249, 36.521331], [128.657126, 36.521176], [128.656914, 36.521046], [128.656581, 36.520867], [128.656415, 36.520742], [128.656299, 36.520638], [128.656275, 36.520617], [128.655889, 36.520471], [128.655822, 36.520408], [128.655798, 36.520403]]}}, {"type": "Feature", "properties": {"name": "", "osm_id": 1454338702, "origin": "OBSERVED", "highway": "track"}, "geometry": {"type": "LineString", "coordinates": [[128.655822, 36.520408], [128.655894, 36.520225], [128.656018, 36.520022], [128.656055, 36.519914], [128.656047, 36.519712], [128.655996, 36.519654], [128.655809, 36.519518], [128.655623, 36.519294], [128.655334, 36.519076], [128.655076, 36.518912], [128.654843, 36.518787], [128.654561, 36.518723], [128.654497, 36.518585], [128.654323, 36.518393], [128.6541, 36.518171], [128.654022, 36.51808], [128.654014, 36.517877], [128.653953, 36.517791], [128.653859, 36.517671], [128.653816, 36.517589]]}}, {"type": "Feature", "properties": {"name": "", "osm_id": 1454338704, "origin": "OBSERVED", "highway": "track"}, "geometry": {"type": "LineString", "coordinates": [[128.657916, 36.519953], [128.658038, 36.519738], [128.65811, 36.519644], [128.658233, 36.519489], [128.658233, 36.519325], [128.65826, 36.51926], [128.658341, 36.519187], [128.658544, 36.519096], [128.65855, 36.519066], [128.65855, 36.51892], [128.658598, 36.518877], [128.658796, 36.518799], [128.658898, 36.518704], [128.658989, 36.51854], [128.659094, 36.518206], [128.659148, 36.518133], [128.659209, 36.518075], [128.659435, 36.51798], [128.659475, 36.517894], [128.659502, 36.517831], [128.659523, 36.517728], [128.659531, 36.517586], [128.659531, 36.517357], [128.659499, 36.517228], [128.659419, 36.517133], [128.659349, 36.517068], [128.659054, 36.516924], [128.658936, 36.516829], [128.659006, 36.516708], [128.659244, 36.516491], [128.659392, 36.516417], [128.659494, 36.516405], [128.659762, 36.516435], [128.659939, 36.516517], [128.660432, 36.516784], [128.660572, 36.51687], [128.660894, 36.517193], [128.66113, 36.517387], [128.661301, 36.51756], [128.661484, 36.517792], [128.661709, 36.518142], [128.661773, 36.518185], [128.661832, 36.518185], [128.661859, 36.518159], [128.661891, 36.518112], [128.661915, 36.51784], [128.661947, 36.517659], [128.661996, 36.51756], [128.662076, 36.517478], [128.662339, 36.517292], [128.662749, 36.516961], [128.663296, 36.516573], [128.663431, 36.516491], [128.663656, 36.516379], [128.663892, 36.51628], [128.66394, 36.516219], [128.66394, 36.516073], [128.663881, 36.515771], [128.663892, 36.515564], [128.663951, 36.515422], [128.664139, 36.515189], [128.664192, 36.515129], [128.664192, 36.51509], [128.664122, 36.515008], [128.663994, 36.514861], [128.663774, 36.514792], [128.663629, 36.514715], [128.663559, 36.514667], [128.663511, 36.514581], [128.66342, 36.514284], [128.663339, 36.513788], [128.663393, 36.513547], [128.663401, 36.513428], [128.663492, 36.513368], [128.663836, 36.513216]]}}, {"type": "Feature", "properties": {"name": "", "osm_id": 1454338705, "origin": "OBSERVED", "highway": "track"}, "geometry": {"type": "LineString", "coordinates": [[128.648423, 36.521253], [128.647994, 36.521432], [128.647857, 36.521529], [128.647734, 36.52166], [128.647734, 36.521734], [128.647921, 36.522009], [128.647932, 36.522057], [128.647889, 36.522117], [128.647793, 36.522173], [128.647423, 36.522296], [128.647369, 36.522317], [128.647358, 36.522348], [128.647369, 36.52243], [128.647439, 36.522652], [128.64746, 36.522746], [128.647412, 36.522815], [128.647321, 36.522876], [128.647122, 36.522927], [128.646972, 36.52294], [128.646578, 36.522902], [128.64642, 36.522949], [128.646237, 36.523052], [128.64609, 36.523143], [128.645856, 36.523294], [128.645754, 36.523432], [128.645765, 36.523531], [128.645843, 36.523666], [128.645886, 36.523757], [128.645875, 36.523856], [128.645736, 36.52405], [128.645687, 36.524136], [128.645795, 36.524412], [128.645714, 36.524543], [128.64566, 36.524763], [128.64567, 36.524894], [128.645768, 36.525117], [128.64576, 36.525289], [128.645749, 36.525388], [128.645679, 36.525509], [128.645585, 36.52563], [128.645494, 36.525754], [128.645435, 36.525923], [128.645387, 36.526116], [128.645339, 36.526457], [128.645296, 36.526543], [128.645223, 36.526735], [128.645111, 36.526881], [128.645036, 36.526924], [128.644977, 36.526946], [128.644776, 36.526953], [128.644657, 36.526927], [128.644438, 36.526853], [128.643847, 36.526556], [128.643756, 36.526491], [128.643644, 36.526379], [128.643538, 36.526323], [128.64341, 36.526323], [128.643339, 36.526335], [128.643229, 36.52639], [128.643156, 36.526483], [128.643129, 36.526547], [128.643129, 36.526616], [128.643158, 36.526671], [128.64323, 36.526734], [128.643365, 36.5269], [128.643496, 36.527071], [128.643529, 36.527139], [128.643531, 36.527192], [128.643515, 36.527247], [128.643429, 36.527299], [128.643257, 36.527323], [128.643039, 36.527353], [128.642959, 36.527404], [128.642911, 36.527475], [128.642892, 36.527559], [128.642906, 36.527677], [128.64289, 36.527744], [128.642823, 36.52781], [128.642758, 36.527822], [128.642643, 36.527834], [128.64255, 36.527861], [128.642505, 36.527898], [128.642466, 36.527973], [128.642424, 36.528151], [128.642384, 36.528245], [128.642353, 36.528283], [128.64228, 36.528312], [128.64219, 36.528299], [128.642117, 36.528269], [128.641982, 36.528159], [128.64185, 36.528065], [128.641647, 36.527976], [128.641455, 36.527884], [128.641374, 36.527865], [128.641304, 36.527866], [128.641268, 36.527907], [128.641164, 36.52819], [128.641106, 36.528366]]}}, {"type": "Feature", "properties": {"name": "남순환로", "osm_id": 1456802355, "origin": "OBSERVED", "highway": "trunk"}, "geometry": {"type": "LineString", "coordinates": [[128.794658, 36.531944], [128.793712, 36.531966]]}}, {"type": "Feature", "properties": {"name": "경북대로", "osm_id": 1456802356, "origin": "OBSERVED", "highway": "primary"}, "geometry": {"type": "LineString", "coordinates": [[128.697405, 36.528776], [128.697882, 36.529383], [128.698087, 36.529802], [128.69839, 36.53046], [128.698646, 36.531], [128.699106, 36.531958], [128.700077, 36.534008], [128.700369, 36.534622]]}}, {"type": "Feature", "properties": {"name": "경북대로", "osm_id": 1456802357, "origin": "OBSERVED", "highway": "primary"}, "geometry": {"type": "LineString", "coordinates": [[128.698959, 36.53196], [128.698524, 36.531045], [128.69828, 36.530512], [128.698213, 36.530372], [128.697958, 36.529844], [128.697744, 36.529419], [128.69733, 36.528863]]}}, {"type": "Feature", "properties": {"name": "남순환로", "osm_id": 1456802358, "origin": "OBSERVED", "highway": "trunk"}, "geometry": {"type": "LineString", "coordinates": [[128.694469, 36.534256], [128.695952, 36.534305]]}}, {"type": "Feature", "properties": {"name": "", "osm_id": 1457123565, "origin": "OBSERVED", "highway": "residential"}, "geometry": {"type": "LineString", "coordinates": [[128.768595, 36.523395], [128.768882, 36.52366], [128.769464, 36.524166], [128.769718, 36.524384], [128.769883, 36.524493], [128.770321, 36.524733], [128.770567, 36.524864], [128.770696, 36.524952], [128.771364, 36.525458], [128.771821, 36.525796], [128.771925, 36.525934], [128.771948, 36.526047], [128.771896, 36.526156], [128.771829, 36.526218]]}}, {"type": "Feature", "properties": {"name": "충효로", "osm_id": 1457123566, "origin": "OBSERVED", "highway": "tertiary"}, "geometry": {"type": "LineString", "coordinates": [[128.77443, 36.529089], [128.77397, 36.52885], [128.77366, 36.52862], [128.773436, 36.528317], [128.773052, 36.52773], [128.772475, 36.527302], [128.771452, 36.526501]]}}, {"type": "Feature", "properties": {"name": "", "osm_id": 1457123567, "origin": "OBSERVED", "highway": "residential"}, "geometry": {"type": "LineString", "coordinates": [[128.771829, 36.526218], [128.771452, 36.526501]]}}, {"type": "Feature", "properties": {"name": "", "osm_id": 1457123568, "origin": "OBSERVED", "highway": "residential"}, "geometry": {"type": "LineString", "coordinates": [[128.767036, 36.522938], [128.76698, 36.523174]]}}, {"type": "Feature", "properties": {"name": "신흥길", "osm_id": 1457123569, "origin": "OBSERVED", "highway": "residential"}, "geometry": {"type": "LineString", "coordinates": [[128.768513, 36.523521], [128.768595, 36.523395]]}}, {"type": "Feature", "properties": {"name": "지리골길", "osm_id": 1457123570, "origin": "OBSERVED", "highway": "residential"}, "geometry": {"type": "LineString", "coordinates": [[128.765286, 36.521272], [128.765203, 36.520927], [128.765138, 36.520811], [128.765038, 36.5207], [128.764959, 36.520652], [128.764883, 36.520639], [128.764834, 36.520648]]}}, {"type": "Feature", "properties": {"name": "지리골길", "osm_id": 1457123571, "origin": "OBSERVED", "highway": "residential"}, "geometry": {"type": "LineString", "coordinates": [[128.764834, 36.520648], [128.764762, 36.520678], [128.76469, 36.520726], [128.764623, 36.520786]]}}, {"type": "Feature", "properties": {"name": "신흥길", "osm_id": 1457123576, "origin": "OBSERVED", "highway": "residential"}, "geometry": {"type": "LineString", "coordinates": [[128.768038, 36.515586], [128.768058, 36.515704], [128.768036, 36.515898], [128.767956, 36.516206], [128.76766, 36.51705], [128.76748, 36.51748], [128.76731, 36.5177], [128.76708, 36.51784], [128.76679, 36.51795], [128.76658, 36.51806], [128.7662, 36.518483], [128.76574, 36.519151], [128.765672, 36.519309], [128.76562, 36.51952], [128.76553, 36.51997], [128.76547, 36.52023], [128.76542, 36.5207], [128.76531, 36.52106], [128.765286, 36.521272], [128.765292, 36.521364], [128.765353, 36.521521], [128.765431, 36.521639], [128.765612, 36.521807], [128.76585, 36.52194], [128.766196, 36.522043], [128.76654, 36.52218], [128.766715, 36.522316], [128.76681, 36.522413], [128.76695, 36.52252], [128.767108, 36.522683]]}}, {"type": "Feature", "properties": {"name": "신흥길", "osm_id": 1457123577, "origin": "OBSERVED", "highway": "residential"}, "geometry": {"type": "LineString", "coordinates": [[128.767906, 36.515382], [128.768038, 36.515586]]}}, {"type": "Feature", "properties": {"name": "", "osm_id": 1457123579, "origin": "OBSERVED", "highway": "living_street"}, "geometry": {"type": "LineString", "coordinates": [[128.768362, 36.523767], [128.767127, 36.523566], [128.767287, 36.523241]]}}, {"type": "Feature", "properties": {"name": "", "osm_id": 1457123580, "origin": "OBSERVED", "highway": "living_street"}, "geometry": {"type": "LineString", "coordinates": [[128.767127, 36.523566], [128.76708, 36.523659], [128.767014, 36.523802]]}}, {"type": "Feature", "properties": {"name": "", "osm_id": 1457123581, "origin": "OBSERVED", "highway": "living_street"}, "geometry": {"type": "LineString", "coordinates": [[128.76708, 36.523659], [128.766986, 36.523639], [128.766845, 36.523608], [128.766777, 36.523683]]}}, {"type": "Feature", "properties": {"name": "", "osm_id": 1457123582, "origin": "OBSERVED", "highway": "living_street"}, "geometry": {"type": "LineString", "coordinates": [[128.766986, 36.523639], [128.766816, 36.523952]]}}, {"type": "Feature", "properties": {"name": "", "osm_id": 1457123583, "origin": "OBSERVED", "highway": "living_street"}, "geometry": {"type": "LineString", "coordinates": [[128.766309, 36.52387], [128.766397, 36.523694], [128.76654, 36.523414], [128.766652, 36.52321], [128.766661, 36.523118]]}}, {"type": "Feature", "properties": {"name": "", "osm_id": 1457123584, "origin": "OBSERVED", "highway": "living_street"}, "geometry": {"type": "LineString", "coordinates": [[128.765657, 36.523251], [128.765816, 36.523086], [128.765891, 36.523039], [128.765963, 36.523033], [128.766106, 36.523041], [128.766383, 36.523091], [128.766411, 36.523096], [128.766661, 36.523118], [128.766695, 36.52312], [128.76698, 36.523174]]}}, {"type": "Feature", "properties": {"name": "", "osm_id": 1457123585, "origin": "OBSERVED", "highway": "living_street"}, "geometry": {"type": "LineString", "coordinates": [[128.766383, 36.523091], [128.766295, 36.523303], [128.76619, 36.523456]]}}, {"type": "Feature", "properties": {"name": "", "osm_id": 1458465356, "origin": "OBSERVED", "highway": "track"}, "geometry": {"type": "LineString", "coordinates": [[128.643355, 36.452725], [128.643256, 36.452914], [128.643136, 36.453163], [128.642985, 36.453322], [128.642773, 36.453514], [128.642604, 36.453721], [128.642419, 36.453869], [128.642382, 36.453871], [128.642311, 36.454002], [128.642181, 36.454128], [128.641782, 36.454415], [128.641588, 36.454555], [128.641488, 36.454671], [128.641308, 36.454785], [128.641218, 36.454825], [128.640869, 36.45495], [128.640809, 36.45502], [128.640769, 36.45506], [128.64063, 36.455247], [128.640237, 36.455397], [128.640135, 36.455467], [128.640088, 36.455581], [128.640154, 36.455721], [128.640154, 36.455781], [128.640054, 36.455971], [128.640047, 36.456163], [128.640121, 36.456375], [128.640108, 36.456501], [128.640093, 36.456586], [128.639942, 36.456736], [128.639823, 36.456816], [128.639682, 36.456836], [128.639536, 36.456837]]}}, {"type": "Feature", "properties": {"name": "", "osm_id": 1458465357, "origin": "OBSERVED", "highway": "track"}, "geometry": {"type": "LineString", "coordinates": [[128.639536, 36.456837], [128.639386, 36.456777], [128.639223, 36.456703], [128.639077, 36.456713], [128.638972, 36.456796], [128.638916, 36.456935], [128.638891, 36.457036], [128.6388, 36.457116], [128.638724, 36.457169], [128.638587, 36.45731], [128.638597, 36.4574], [128.638609, 36.457499], [128.638633, 36.457595], [128.638612, 36.457616], [128.638553, 36.457676], [128.638351, 36.457796], [128.638252, 36.457906], [128.638182, 36.457996], [128.638018, 36.458146], [128.637863, 36.458236], [128.637608, 36.458444], [128.637503, 36.458536], [128.637503, 36.458576], [128.637503, 36.458646], [128.637543, 36.458708], [128.637699, 36.458762], [128.637789, 36.458762], [128.637909, 36.458782], [128.638109, 36.458852], [128.638169, 36.458892], [128.638196, 36.458976], [128.638169, 36.459062], [128.638104, 36.459131], [128.637897, 36.459218], [128.637797, 36.459232], [128.637653, 36.459242], [128.637606, 36.459282], [128.637565, 36.459375], [128.637581, 36.459434]]}}, {"type": "Feature", "properties": {"name": "", "osm_id": 1458465358, "origin": "OBSERVED", "highway": "track"}, "geometry": {"type": "LineString", "coordinates": [[128.637581, 36.459434], [128.63763, 36.459562], [128.637707, 36.459709], [128.637802, 36.459853], [128.637851, 36.459963], [128.637859, 36.460052], [128.637831, 36.460181], [128.637728, 36.46049]]}}, {"type": "Feature", "properties": {"name": "", "osm_id": 1458465359, "origin": "OBSERVED", "highway": "track"}, "geometry": {"type": "LineString", "coordinates": [[128.637728, 36.46049], [128.637712, 36.460636], [128.637732, 36.460786], [128.637802, 36.460896], [128.637923, 36.461001], [128.637994, 36.461044]]}}, {"type": "Feature", "properties": {"name": "", "osm_id": 1458465360, "origin": "OBSERVED", "highway": "track"}, "geometry": {"type": "LineString", "coordinates": [[128.637994, 36.461044], [128.638123, 36.461126], [128.638203, 36.461216], [128.638247, 36.461287], [128.638318, 36.461357], [128.638458, 36.461381], [128.638607, 36.461452], [128.638773, 36.461593], [128.639103, 36.461732], [128.639159, 36.461783], [128.63918, 36.461852]]}}, {"type": "Feature", "properties": {"name": "", "osm_id": 1458465361, "origin": "OBSERVED", "highway": "track"}, "geometry": {"type": "LineString", "coordinates": [[128.63918, 36.461852], [128.639193, 36.461926], [128.639175, 36.461989], [128.639121, 36.462063], [128.639007, 36.462203], [128.638994, 36.462321], [128.639083, 36.462436], [128.639132, 36.462526], [128.639132, 36.462546], [128.639093, 36.462613], [128.63897, 36.462688], [128.638804, 36.462761]]}}, {"type": "Feature", "properties": {"name": "", "osm_id": 1458465362, "origin": "OBSERVED", "highway": "track"}, "geometry": {"type": "LineString", "coordinates": [[128.638804, 36.462761], [128.638663, 36.462826], [128.638612, 36.462866], [128.638573, 36.462916], [128.638573, 36.462956], [128.638612, 36.462976], [128.638663, 36.462996], [128.638763, 36.463016], [128.638833, 36.463086], [128.638839, 36.463173]]}}, {"type": "Feature", "properties": {"name": "", "osm_id": 1458465363, "origin": "OBSERVED", "highway": "track"}, "geometry": {"type": "LineString", "coordinates": [[128.638839, 36.463173], [128.638834, 36.46332], [128.638859, 36.463482], [128.638921, 36.463563], [128.639034, 36.463623], [128.639213, 36.463666], [128.639412, 36.463766], [128.639453, 36.463796], [128.639512, 36.463836], [128.639542, 36.463867]]}}, {"type": "Feature", "properties": {"name": "", "osm_id": 1458465364, "origin": "OBSERVED", "highway": "track"}, "geometry": {"type": "LineString", "coordinates": [[128.639542, 36.463867], [128.639543, 36.463916], [128.639451, 36.464011], [128.639306, 36.464173], [128.639204, 36.464334], [128.639186, 36.464467], [128.639233, 36.464547], [128.639303, 36.464626], [128.639353, 36.464734], [128.639328, 36.464808]]}}, {"type": "Feature", "properties": {"name": "", "osm_id": 1458465365, "origin": "OBSERVED", "highway": "track"}, "geometry": {"type": "LineString", "coordinates": [[128.641062, 36.470509], [128.641049, 36.470322], [128.641163, 36.470201], [128.641302, 36.470186], [128.641472, 36.470206], [128.641572, 36.470226], [128.641662, 36.470266], [128.641793, 36.470336], [128.641942, 36.470426], [128.642092, 36.470486], [128.642202, 36.470576], [128.642323, 36.470676], [128.642413, 36.470806], [128.642523, 36.470896], [128.642622, 36.471026], [128.642732, 36.471106], [128.642883, 36.471126], [128.642992, 36.471066], [128.643102, 36.470956], [128.643203, 36.470956], [128.643462, 36.471026], [128.643683, 36.471086], [128.643892, 36.471106], [128.644103, 36.471196], [128.644152, 36.471236], [128.644262, 36.471256], [128.644383, 36.471276], [128.644473, 36.471276], [128.644622, 36.471276], [128.644733, 36.471296], [128.644792, 36.471296], [128.644903, 36.471296], [128.645013, 36.471296], [128.645113, 36.471276], [128.645222, 36.471256], [128.645422, 36.471216], [128.645522, 36.471196], [128.645743, 36.471146], [128.645842, 36.471126], [128.645899, 36.471128], [128.646036, 36.4711], [128.646249, 36.471038]]}}, {"type": "Feature", "properties": {"name": "", "osm_id": 1458465366, "origin": "OBSERVED", "highway": "track"}, "geometry": {"type": "LineString", "coordinates": [[128.646249, 36.471038], [128.64642, 36.47113], [128.64663, 36.4713], [128.646716, 36.471415], [128.646772, 36.471396]]}}, {"type": "Feature", "properties": {"name": "", "osm_id": 1458465367, "origin": "OBSERVED", "highway": "track"}, "geometry": {"type": "LineString", "coordinates": [[128.646716, 36.471415], [128.646507, 36.471589], [128.646387, 36.471608], [128.6461, 36.471614], [128.645879, 36.471686], [128.645747, 36.471676], [128.645553, 36.471617], [128.645351, 36.471645], [128.645173, 36.471552]]}}, {"type": "Feature", "properties": {"name": "", "osm_id": 1458465368, "origin": "OBSERVED", "highway": "track"}, "geometry": {"type": "LineString", "coordinates": [[128.65355, 36.478408], [128.65338, 36.478313], [128.65288, 36.478296], [128.652392, 36.47824], [128.651679, 36.478319], [128.651103, 36.478417], [128.650665, 36.478525], [128.649919, 36.478829], [128.649552, 36.479012], [128.649231, 36.47918], [128.649038, 36.479323], [128.648697, 36.479566], [128.648166, 36.479868], [128.647427, 36.480207]]}}, {"type": "Feature", "properties": {"name": "", "osm_id": 1458465369, "origin": "OBSERVED", "highway": "track"}, "geometry": {"type": "LineString", "coordinates": [[128.649894, 36.478432], [128.649905, 36.478345], [128.650113, 36.478181], [128.650414, 36.477967], [128.651089, 36.47764], [128.651487, 36.47752], [128.652013, 36.477455], [128.652396, 36.477469], [128.652416, 36.477391]]}}, {"type": "Feature", "properties": {"name": "", "osm_id": 1458465370, "origin": "OBSERVED", "highway": "track"}, "geometry": {"type": "LineString", "coordinates": [[128.649919, 36.478829], [128.649891, 36.478792]]}}, {"type": "Feature", "properties": {"name": "", "osm_id": 1458465371, "origin": "OBSERVED", "highway": "track"}, "geometry": {"type": "LineString", "coordinates": [[128.649891, 36.478792], [128.649894, 36.478432]]}}, {"type": "Feature", "properties": {"name": "", "osm_id": 1458465372, "origin": "OBSERVED", "highway": "track"}, "geometry": {"type": "LineString", "coordinates": [[128.647397, 36.480161], [128.647427, 36.480207], [128.647537, 36.480394], [128.647619, 36.480503]]}}, {"type": "Feature", "properties": {"name": "", "osm_id": 1458465373, "origin": "OBSERVED", "highway": "track"}, "geometry": {"type": "LineString", "coordinates": [[128.652522, 36.489945], [128.652674, 36.490118], [128.652665, 36.490232], [128.652803, 36.490462], [128.653032, 36.490448], [128.654066, 36.490421], [128.655517, 36.490365]]}}, {"type": "Feature", "properties": {"name": "", "osm_id": 1458465374, "origin": "OBSERVED", "highway": "track"}, "geometry": {"type": "LineString", "coordinates": [[128.654189, 36.492621], [128.654021, 36.49272]]}}, {"type": "Feature", "properties": {"name": "", "osm_id": 1458465375, "origin": "OBSERVED", "highway": "track"}, "geometry": {"type": "LineString", "coordinates": [[128.65695, 36.493041], [128.656957, 36.492902], [128.656957, 36.492738], [128.656957, 36.49266], [128.656957, 36.492609], [128.656913, 36.492543], [128.656653, 36.492112], [128.656466, 36.491843], [128.656244, 36.491475], [128.656063, 36.491199], [128.655975, 36.491061], [128.655739, 36.490677], [128.655517, 36.490365], [128.655323, 36.490036], [128.655153, 36.489757], [128.655039, 36.489586], [128.654981, 36.4895], [128.654964, 36.48941], [128.654955, 36.489225], [128.65494, 36.488949], [128.654912, 36.488568], [128.654873, 36.488033], [128.654839, 36.487429], [128.654835, 36.487192], [128.654807, 36.48674]]}}, {"type": "Feature", "properties": {"name": "", "osm_id": 1458465376, "origin": "OBSERVED", "highway": "unclassified"}, "geometry": {"type": "LineString", "coordinates": [[128.656086, 36.485782], [128.656194, 36.486057], [128.656194, 36.486251], [128.656297, 36.486585], [128.656414, 36.486771], [128.656475, 36.48693]]}}, {"type": "Feature", "properties": {"name": "", "osm_id": 1458465377, "origin": "OBSERVED", "highway": "unclassified"}, "geometry": {"type": "LineString", "coordinates": [[128.661429, 36.497261], [128.661294, 36.497382]]}}, {"type": "Feature", "properties": {"name": "", "osm_id": 1458465378, "origin": "OBSERVED", "highway": "track"}, "geometry": {"type": "LineString", "coordinates": [[128.662801, 36.498822], [128.665027, 36.498981], [128.666764, 36.499085], [128.666943, 36.499132], [128.666907, 36.499251], [128.666769, 36.499505], [128.666751, 36.499667], [128.666912, 36.50013], [128.667439, 36.501739], [128.667515, 36.501804]]}}, {"type": "Feature", "properties": {"name": "", "osm_id": 1458465379, "origin": "OBSERVED", "highway": "track"}, "geometry": {"type": "LineString", "coordinates": [[128.667586, 36.501764], [128.667515, 36.501804], [128.666675, 36.502447], [128.666595, 36.502546]]}}, {"type": "Feature", "properties": {"name": "", "osm_id": 1458465380, "origin": "OBSERVED", "highway": "track"}, "geometry": {"type": "LineString", "coordinates": [[128.663836, 36.513216], [128.663932, 36.513195], [128.664072, 36.513096], [128.66412, 36.513031], [128.664243, 36.512782], [128.66427, 36.512553], [128.664372, 36.512372], [128.664399, 36.512144], [128.664425, 36.5121], [128.664613, 36.512023], [128.664783, 36.511956], [128.66485, 36.511838]]}}, {"type": "Feature", "properties": {"name": "", "osm_id": 1458465381, "origin": "OBSERVED", "highway": "track"}, "geometry": {"type": "LineString", "coordinates": [[128.657126, 36.521176], [128.657393, 36.520801], [128.657489, 36.520479], [128.657554, 36.520399], [128.657787, 36.520126], [128.657916, 36.519953]]}}, {"type": "Feature", "properties": {"name": "", "osm_id": 1458465382, "origin": "OBSERVED", "highway": "track"}, "geometry": {"type": "LineString", "coordinates": [[128.6561, 36.520665], [128.655909, 36.520632], [128.655771, 36.52064], [128.655716, 36.520682], [128.655654, 36.520764], [128.655559, 36.520806], [128.655413, 36.520823], [128.655296, 36.520866], [128.655176, 36.520911], [128.655016, 36.520922], [128.654949, 36.520945], [128.654834, 36.520989], [128.654746, 36.521035], [128.654667, 36.521097], [128.654502, 36.521248], [128.654337, 36.521365], [128.654055, 36.521561], [128.653706, 36.521682], [128.653342, 36.521816], [128.652655, 36.52202], [128.652375, 36.522113], [128.652162, 36.52216], [128.651896, 36.522188], [128.651558, 36.522171], [128.651354, 36.522145], [128.651117, 36.522156], [128.650939, 36.522171], [128.650805, 36.522196], [128.65064, 36.52221], [128.650531, 36.522212], [128.650488, 36.522207], [128.650472, 36.522182], [128.650564, 36.522133], [128.650755, 36.52209], [128.650907, 36.522046], [128.651065, 36.522008], [128.651239, 36.521932], [128.65154, 36.521757], [128.651655, 36.521632], [128.65169, 36.521559], [128.651749, 36.521395], [128.651674, 36.521242], [128.651657, 36.521182], [128.651556, 36.521027], [128.651556, 36.520971], [128.651647, 36.520833], [128.651657, 36.520751], [128.651588, 36.520682], [128.651486, 36.520648], [128.651078, 36.520656], [128.650418, 36.520751], [128.650258, 36.520742], [128.650121, 36.520697], [128.649933, 36.520697], [128.649614, 36.520859], [128.649332, 36.52087], [128.649209, 36.520895], [128.648917, 36.52107], [128.648534, 36.521189], [128.648423, 36.521253]]}}, {"type": "Feature", "properties": {"name": "", "osm_id": 1458465383, "origin": "OBSERVED", "highway": "track"}, "geometry": {"type": "LineString", "coordinates": [[128.668154, 36.501362], [128.66802, 36.501463]]}}, {"type": "Feature", "properties": {"name": "", "osm_id": 1458465384, "origin": "OBSERVED", "highway": "track"}, "geometry": {"type": "LineString", "coordinates": [[128.66802, 36.501463], [128.667586, 36.501764]]}}, {"type": "Feature", "properties": {"name": "", "osm_id": 1459040838, "origin": "OBSERVED", "highway": "track"}, "geometry": {"type": "LineString", "coordinates": [[128.803672, 36.461084], [128.803539, 36.460819], [128.803403, 36.460644], [128.803302, 36.460577], [128.803178, 36.460597], [128.803114, 36.46064], [128.803066, 36.460704], [128.80291, 36.460976], [128.802744, 36.461386], [128.802695, 36.461787], [128.802631, 36.461856], [128.802545, 36.46186], [128.802502, 36.461839], [128.802427, 36.461761], [128.801891, 36.461097], [128.801542, 36.460752], [128.800914, 36.460209], [128.800828, 36.460178], [128.800737, 36.460187], [128.800662, 36.46023], [128.800625, 36.460321], [128.800678, 36.46051], [128.800678, 36.460605], [128.80063, 36.460756], [128.800625, 36.460838], [128.800748, 36.461114], [128.800743, 36.461188], [128.800689, 36.461364], [128.800684, 36.461455], [128.800727, 36.461541], [128.800753, 36.461697], [128.80077, 36.461796], [128.800727, 36.461882], [128.800582, 36.462037], [128.80055, 36.462098], [128.800539, 36.462162], [128.80063, 36.4623], [128.800764, 36.462412], [128.800861, 36.462542], [128.800866, 36.462632], [128.800823, 36.46277], [128.800727, 36.46296], [128.800619, 36.46312], [128.800501, 36.463167], [128.800437, 36.463167], [128.800378, 36.46315], [128.800254, 36.463021], [128.800088, 36.462723], [128.799986, 36.462594], [128.79989, 36.462451], [128.799705, 36.462443], [128.799265, 36.462361], [128.798983, 36.462408], [128.798833, 36.462456], [128.798769, 36.462499], [128.798694, 36.462581], [128.79864, 36.462615], [128.798586, 36.462624], [128.798307, 36.462531], [128.797782, 36.46255], [128.797389, 36.462465]]}}, {"type": "Feature", "properties": {"name": "", "osm_id": 1459040839, "origin": "OBSERVED", "highway": "track"}, "geometry": {"type": "LineString", "coordinates": [[128.797389, 36.462465], [128.797172, 36.462392], [128.796896, 36.462387], [128.796317, 36.462473], [128.796196, 36.46244], [128.796137, 36.462415], [128.7961, 36.462337], [128.796129, 36.462029], [128.796124, 36.461955], [128.796097, 36.461903], [128.795963, 36.461847], [128.79562, 36.461878], [128.795528, 36.461873], [128.79541, 36.461822], [128.795357, 36.46177], [128.795217, 36.46155], [128.795131, 36.461528], [128.795019, 36.46155], [128.794863, 36.461619]]}}, {"type": "Feature", "properties": {"name": "", "osm_id": 1459040840, "origin": "OBSERVED", "highway": "track"}, "geometry": {"type": "LineString", "coordinates": [[128.794863, 36.461619], [128.79474, 36.461697], [128.794659, 36.461778], [128.794536, 36.46196], [128.794455, 36.462029], [128.794219, 36.462128], [128.794064, 36.462223], [128.794021, 36.462279], [128.793855, 36.462706], [128.793806, 36.462762], [128.793769, 36.462779], [128.793683, 36.462762], [128.793468, 36.46268], [128.793275, 36.46265], [128.79319, 36.462697], [128.792996, 36.462934], [128.792894, 36.462986], [128.792809, 36.463003], [128.79276, 36.462986], [128.792728, 36.462956], [128.792691, 36.462792], [128.792637, 36.462693], [128.792573, 36.462628], [128.792487, 36.462572], [128.792385, 36.462546], [128.792326, 36.462555], [128.792224, 36.462594], [128.792127, 36.462658], [128.792063, 36.462736], [128.792025, 36.462822], [128.791999, 36.463003], [128.792052, 36.463141], [128.792251, 36.463305], [128.792333, 36.463391], [128.792349, 36.463456], [128.792315, 36.463528], [128.792153, 36.463573]]}}, {"type": "Feature", "properties": {"name": "", "osm_id": 1459040841, "origin": "OBSERVED", "highway": "track"}, "geometry": {"type": "LineString", "coordinates": [[128.792153, 36.463573], [128.791897, 36.463685], [128.791489, 36.464112], [128.791371, 36.464284], [128.79128, 36.464513], [128.791258, 36.46472], [128.791215, 36.464776], [128.79114, 36.464815], [128.79099, 36.464862], [128.790856, 36.464866], [128.790491, 36.464698], [128.790357, 36.46466], [128.790175, 36.464629], [128.790073, 36.46459], [128.790019, 36.464539], [128.789987, 36.464478], [128.78996, 36.464353], [128.78996, 36.464263], [128.789928, 36.464189], [128.789729, 36.464034], [128.78967, 36.463969], [128.789563, 36.463784], [128.789483, 36.463711], [128.789375, 36.46368], [128.789053, 36.463698], [128.788869, 36.463724]]}}, {"type": "Feature", "properties": {"name": "", "osm_id": 1459040842, "origin": "OBSERVED", "highway": "track"}, "geometry": {"type": "LineString", "coordinates": [[128.788869, 36.463724], [128.788732, 36.463758], [128.788646, 36.463823], [128.788528, 36.463961], [128.78812, 36.464237], [128.787997, 36.464271], [128.787852, 36.464276], [128.787702, 36.464301], [128.787042, 36.464582], [128.786919, 36.464651], [128.786666, 36.464905], [128.786489, 36.465043], [128.786173, 36.465194], [128.786102, 36.465198], [128.786071, 36.46518], [128.786049, 36.465138]]}}, {"type": "Feature", "properties": {"name": "", "osm_id": 1459040843, "origin": "OBSERVED", "highway": "track"}, "geometry": {"type": "LineString", "coordinates": [[128.762302, 36.471981], [128.762019, 36.471792], [128.761608, 36.471151], [128.761302, 36.47083], [128.761116, 36.470619], [128.761118, 36.470474], [128.761257, 36.470329], [128.761572, 36.4702], [128.761796, 36.470133], [128.761981, 36.470176], [128.762097, 36.470317], [128.762641, 36.470467], [128.763376, 36.470644], [128.763569, 36.470683], [128.763758, 36.470634], [128.763835, 36.470321], [128.763919, 36.470127], [128.763955, 36.470034], [128.764073, 36.469943], [128.764516, 36.469706], [128.764995, 36.469495], [128.764997, 36.469425], [128.764961, 36.469376], [128.764792, 36.469288], [128.764657, 36.469165], [128.76458, 36.469093], [128.764414, 36.469076], [128.76394, 36.46909]]}}, {"type": "Feature", "properties": {"name": "", "osm_id": 1459040844, "origin": "OBSERVED", "highway": "track"}, "geometry": {"type": "LineString", "coordinates": [[128.764092, 36.473175], [128.764094, 36.473011], [128.763215, 36.47259], [128.762523, 36.472166], [128.762302, 36.471981]]}}, {"type": "Feature", "properties": {"name": "", "osm_id": 1459040845, "origin": "OBSERVED", "highway": "track"}, "geometry": {"type": "LineString", "coordinates": [[128.763227, 36.451538], [128.76321, 36.45161], [128.76321, 36.45169], [128.76325, 36.4518], [128.76332, 36.45191], [128.76336, 36.45203], [128.76341, 36.45216], [128.76351, 36.45227], [128.76358, 36.4524], [128.76362, 36.45251], [128.76362, 36.45261], [128.76362, 36.45274], [128.76367, 36.45287], [128.76371, 36.453], [128.76383, 36.45313], [128.76399, 36.45326], [128.76409, 36.45335], [128.7642, 36.45341], [128.76425, 36.45354], [128.76431, 36.45367], [128.76435, 36.45384], [128.76437, 36.45399], [128.76435, 36.45416], [128.76435, 36.45429], [128.76431, 36.45442], [128.76431, 36.45455], [128.76435, 36.45465], [128.76446, 36.45478], [128.76448, 36.45493], [128.76452, 36.45506], [128.76457, 36.45517], [128.76457, 36.45528], [128.76457, 36.45538], [128.76448, 36.45547], [128.76435, 36.4556], [128.76431, 36.45566], [128.76426, 36.45577], [128.76435, 36.45596], [128.76446, 36.45624], [128.76458, 36.45643], [128.76474, 36.45661], [128.76489, 36.45671], [128.76499, 36.45682], [128.76516, 36.45721], [128.76525, 36.45746], [128.76536, 36.4577]]}}, {"type": "Feature", "properties": {"name": "", "osm_id": 1459040846, "origin": "OBSERVED", "highway": "track"}, "geometry": {"type": "LineString", "coordinates": [[128.76971, 36.46427], [128.769603, 36.464337], [128.76954, 36.46442], [128.76948, 36.46452], [128.76943, 36.46461], [128.76943, 36.46472], [128.76943, 36.46482], [128.76943, 36.46495], [128.76948, 36.46512], [128.76954, 36.46527], [128.76959, 36.46538], [128.76963, 36.46551], [128.7696, 36.46564], [128.76954, 36.46575], [128.76937, 36.46585], [128.76922, 36.46598], [128.76911, 36.46613], [128.76905, 36.46626], [128.76901, 36.46635], [128.76895, 36.46641], [128.76885, 36.46648], [128.76873, 36.46656], [128.76864, 36.46665], [128.76864, 36.46669]]}}, {"type": "Feature", "properties": {"name": "", "osm_id": 1459040847, "origin": "OBSERVED", "highway": "unclassified"}, "geometry": {"type": "LineString", "coordinates": [[128.76304, 36.45094], [128.763169, 36.4511], [128.763221, 36.451235], [128.763253, 36.451413], [128.763227, 36.451538]]}}, {"type": "Feature", "properties": {"name": "", "osm_id": 1459040849, "origin": "OBSERVED", "highway": "residential"}, "geometry": {"type": "LineString", "coordinates": [[128.734948, 36.47182], [128.735125, 36.471968], [128.735395, 36.472216], [128.735609, 36.472331]]}}, {"type": "Feature", "properties": {"name": "", "osm_id": 1459040850, "origin": "OBSERVED", "highway": "track"}, "geometry": {"type": "LineString", "coordinates": [[128.661828, 36.464054], [128.661865, 36.464185], [128.661507, 36.467166]]}}, {"type": "Feature", "properties": {"name": "", "osm_id": 1459040851, "origin": "OBSERVED", "highway": "unclassified"}, "geometry": {"type": "LineString", "coordinates": [[128.665108, 36.470864], [128.664825, 36.470839], [128.66444, 36.47075], [128.66395, 36.47064], [128.663702, 36.470577], [128.663537, 36.470535], [128.662876, 36.470449], [128.662607, 36.470394], [128.662522, 36.470377]]}}, {"type": "Feature", "properties": {"name": "", "osm_id": 1459040852, "origin": "OBSERVED", "highway": "track"}, "geometry": {"type": "LineString", "coordinates": [[128.687709, 36.464118], [128.687268, 36.464171], [128.686623, 36.464271], [128.686436, 36.464348], [128.686245, 36.464593], [128.68615, 36.464803], [128.685862, 36.465741], [128.685821, 36.465971], [128.685765, 36.46607]]}}, {"type": "Feature", "properties": {"name": "", "osm_id": 1459040853, "origin": "OBSERVED", "highway": "track"}, "geometry": {"type": "LineString", "coordinates": [[128.705349, 36.459272], [128.70463, 36.459015], [128.703512, 36.45879], [128.702933, 36.458709], [128.702653, 36.458716], [128.702389, 36.458762], [128.702255, 36.458768]]}}, {"type": "Feature", "properties": {"name": "", "osm_id": 1459040854, "origin": "OBSERVED", "highway": "residential"}, "geometry": {"type": "LineString", "coordinates": [[128.735569, 36.472341], [128.735609, 36.472331]]}}, {"type": "Feature", "properties": {"name": "", "osm_id": 1459040855, "origin": "OBSERVED", "highway": "residential"}, "geometry": {"type": "LineString", "coordinates": [[128.735472, 36.472364], [128.735569, 36.472341]]}}, {"type": "Feature", "properties": {"name": "", "osm_id": 1459040856, "origin": "OBSERVED", "highway": "track"}, "geometry": {"type": "LineString", "coordinates": [[128.701927, 36.459317], [128.702044, 36.459214], [128.702098, 36.459086]]}}, {"type": "Feature", "properties": {"name": "", "osm_id": 1459040857, "origin": "OBSERVED", "highway": "track"}, "geometry": {"type": "LineString", "coordinates": [[128.702098, 36.459086], [128.702167, 36.458872]]}}, {"type": "Feature", "properties": {"name": "", "osm_id": 1459040858, "origin": "OBSERVED", "highway": "track"}, "geometry": {"type": "LineString", "coordinates": [[128.701904, 36.459305], [128.701639, 36.459169]]}}, {"type": "Feature", "properties": {"name": "", "osm_id": 1459040859, "origin": "OBSERVED", "highway": "track"}, "geometry": {"type": "LineString", "coordinates": [[128.701971, 36.459386], [128.701927, 36.459317], [128.701904, 36.459305]]}}, {"type": "Feature", "properties": {"name": "", "osm_id": 1459049291, "origin": "OBSERVED", "highway": "track"}, "geometry": {"type": "LineString", "coordinates": [[128.727869, 36.497985], [128.72772, 36.49793], [128.727556, 36.497895], [128.72738, 36.49785], [128.727029, 36.4978], [128.726897, 36.497753], [128.72669, 36.497647], [128.726531, 36.497593], [128.726419, 36.497544], [128.726262, 36.497483], [128.726148, 36.497421], [128.726106, 36.497393], [128.726089, 36.497351], [128.726128, 36.497312], [128.726266, 36.497302], [128.726477, 36.497259], [128.72683, 36.497184], [128.72697, 36.49714]]}}, {"type": "Feature", "properties": {"name": "", "osm_id": 1459049292, "origin": "OBSERVED", "highway": "track"}, "geometry": {"type": "LineString", "coordinates": [[128.696406, 36.484718], [128.696471, 36.484726], [128.696661, 36.484643], [128.696826, 36.48457], [128.69709, 36.48454], [128.697348, 36.484555], [128.697461, 36.484607], [128.697619, 36.484741], [128.697825, 36.484967], [128.697949, 36.485047], [128.69815, 36.485086], [128.698254, 36.485069], [128.698383, 36.484987], [128.698743, 36.484665], [128.698893, 36.484601], [128.698963, 36.484601], [128.69905, 36.484624], [128.699211, 36.484743], [128.699638, 36.485053], [128.699683, 36.485173], [128.699668, 36.485255], [128.699586, 36.485334], [128.699534, 36.485417], [128.699498, 36.485707], [128.699409, 36.48587], [128.69939, 36.485996], [128.699531, 36.486194], [128.69954, 36.486263], [128.699395, 36.486431], [128.699282, 36.486511], [128.69933, 36.486671], [128.69963, 36.486944], [128.699671, 36.487094], [128.699564, 36.487202]]}}, {"type": "Feature", "properties": {"name": "", "osm_id": 1459049293, "origin": "OBSERVED", "highway": "unclassified"}, "geometry": {"type": "LineString", "coordinates": [[128.711158, 36.487319], [128.711029, 36.487267], [128.71074, 36.487233], [128.710511, 36.487145], [128.710414, 36.487104], [128.710311, 36.487112], [128.709914, 36.487168], [128.709539, 36.487158]]}}, {"type": "Feature", "properties": {"name": "", "osm_id": 1459049294, "origin": "OBSERVED", "highway": "track"}, "geometry": {"type": "LineString", "coordinates": [[128.704133, 36.521158], [128.70307, 36.521457], [128.702067, 36.521719], [128.701548, 36.521978], [128.701238, 36.522203], [128.700903, 36.522604], [128.700801, 36.522825], [128.700793, 36.523072], [128.700931, 36.523246], [128.701108, 36.523476]]}}, {"type": "Feature", "properties": {"name": "", "osm_id": 1459049295, "origin": "OBSERVED", "highway": "track"}, "geometry": {"type": "LineString", "coordinates": [[128.701356, 36.522689], [128.701037, 36.522626], [128.700903, 36.522604], [128.700857, 36.522575]]}}, {"type": "Feature", "properties": {"name": "", "osm_id": 1459049296, "origin": "OBSERVED", "highway": "track"}, "geometry": {"type": "LineString", "coordinates": [[128.71074, 36.522284], [128.710397, 36.522379], [128.709212, 36.522879], [128.709104, 36.522892], [128.709034, 36.522883], [128.708831, 36.522806], [128.708643, 36.522776], [128.708514, 36.522784], [128.708385, 36.522823], [128.708289, 36.52287], [128.708069, 36.523116], [128.707945, 36.52322], [128.70787, 36.523263], [128.706991, 36.523651], [128.706701, 36.523745], [128.706352, 36.523819], [128.706123, 36.523887], [128.705768, 36.523906], [128.704918, 36.524108], [128.704561, 36.524307]]}}, {"type": "Feature", "properties": {"name": "", "osm_id": 1459049297, "origin": "OBSERVED", "highway": "track"}, "geometry": {"type": "LineString", "coordinates": [[128.70462, 36.52454], [128.704561, 36.524307], [128.704513, 36.524257]]}}, {"type": "Feature", "properties": {"name": "놉실로", "osm_id": 1459049300, "origin": "OBSERVED", "highway": "tertiary"}, "geometry": {"type": "LineString", "coordinates": [[128.742636, 36.524356], [128.74302, 36.52447], [128.7433, 36.5246], [128.743478, 36.524713], [128.743698, 36.524837], [128.743904, 36.524943], [128.74411, 36.525017], [128.744332, 36.525032], [128.744564, 36.525014], [128.744925, 36.525003], [128.745264, 36.524925], [128.745541, 36.524854], [128.74577, 36.5248], [128.74609, 36.52469], [128.7463, 36.52463], [128.74675, 36.524525], [128.747073, 36.524424], [128.747576, 36.524351], [128.74803, 36.52438], [128.748382, 36.524529], [128.74867, 36.52469], [128.748868, 36.524826], [128.74899, 36.52493], [128.74942, 36.52529], [128.74967, 36.52561], [128.74984, 36.52587], [128.75, 36.52639], [128.75015, 36.52662], [128.75021, 36.52684], [128.750212, 36.526999]]}}, {"type": "Feature", "properties": {"name": "", "osm_id": 1459049302, "origin": "OBSERVED", "highway": "unclassified"}, "geometry": {"type": "LineString", "coordinates": [[128.699076, 36.521155], [128.699177, 36.521164]]}}, {"type": "Feature", "properties": {"name": "", "osm_id": 1459049303, "origin": "OBSERVED", "highway": "unclassified"}, "geometry": {"type": "LineString", "coordinates": [[128.699041, 36.521151], [128.699076, 36.521155]]}}, {"type": "Feature", "properties": {"name": "", "osm_id": 1459049304, "origin": "OBSERVED", "highway": "track"}, "geometry": {"type": "LineString", "coordinates": [[128.700712, 36.522496], [128.70064, 36.522455], [128.700538, 36.522361], [128.700502, 36.522275], [128.700493, 36.522083]]}}, {"type": "Feature", "properties": {"name": "", "osm_id": 1459049305, "origin": "OBSERVED", "highway": "track"}, "geometry": {"type": "LineString", "coordinates": [[128.700857, 36.522575], [128.700712, 36.522496]]}}, {"type": "Feature", "properties": {"name": "놉실로", "osm_id": 1459049306, "origin": "OBSERVED", "highway": "tertiary"}, "geometry": {"type": "LineString", "coordinates": [[128.707892, 36.519148], [128.707943, 36.519182], [128.708065, 36.519295], [128.708287, 36.519489], [128.708526, 36.519615], [128.708708, 36.519676], [128.708895, 36.519696], [128.709393, 36.51971], [128.709642, 36.51976], [128.70989, 36.519912], [128.710108, 36.520017], [128.710438, 36.520088], [128.710679, 36.520233], [128.710943, 36.520384], [128.711204, 36.520504], [128.71142, 36.520596], [128.711721, 36.520669], [128.711955, 36.520743], [128.71212, 36.520803], [128.71225, 36.520856]]}}, {"type": "Feature", "properties": {"name": "놉실로", "osm_id": 1459049307, "origin": "OBSERVED", "highway": "tertiary"}, "geometry": {"type": "LineString", "coordinates": [[128.707814, 36.519096], [128.707892, 36.519148]]}}, {"type": "Feature", "properties": {"name": "", "osm_id": 1459049308, "origin": "OBSERVED", "highway": "track"}, "geometry": {"type": "LineString", "coordinates": [[128.7102, 36.517579], [128.710219, 36.517606]]}}, {"type": "Feature", "properties": {"name": "", "osm_id": 1459049309, "origin": "OBSERVED", "highway": "track"}, "geometry": {"type": "LineString", "coordinates": [[128.71015, 36.517508], [128.7102, 36.517579]]}}, {"type": "Feature", "properties": {"name": "", "osm_id": 1459049310, "origin": "OBSERVED", "highway": "track"}, "geometry": {"type": "LineString", "coordinates": [[128.711799, 36.516863], [128.711832, 36.516918]]}}, {"type": "Feature", "properties": {"name": "", "osm_id": 1459049311, "origin": "OBSERVED", "highway": "track"}, "geometry": {"type": "LineString", "coordinates": [[128.711755, 36.51679], [128.711799, 36.516863]]}}, {"type": "Feature", "properties": {"name": "", "osm_id": 1459049312, "origin": "OBSERVED", "highway": "track"}, "geometry": {"type": "LineString", "coordinates": [[128.715728, 36.514421], [128.715637, 36.514382]]}}, {"type": "Feature", "properties": {"name": "", "osm_id": 1459049313, "origin": "OBSERVED", "highway": "track"}, "geometry": {"type": "LineString", "coordinates": [[128.71577, 36.51444], [128.715728, 36.514421]]}}, {"type": "Feature", "properties": {"name": "", "osm_id": 1459049314, "origin": "OBSERVED", "highway": "residential"}, "geometry": {"type": "LineString", "coordinates": [[128.717749, 36.512364], [128.717664, 36.512339], [128.717025, 36.512023], [128.716937, 36.51195], [128.71725, 36.51169], [128.718023, 36.511148], [128.718089, 36.511066], [128.718159, 36.510871]]}}, {"type": "Feature", "properties": {"name": "", "osm_id": 1459049315, "origin": "OBSERVED", "highway": "residential"}, "geometry": {"type": "LineString", "coordinates": [[128.718502, 36.512856], [128.718387, 36.51284], [128.718191, 36.512719], [128.718003, 36.512577], [128.717872, 36.512402], [128.717845, 36.512394]]}}, {"type": "Feature", "properties": {"name": "", "osm_id": 1459049316, "origin": "OBSERVED", "highway": "residential"}, "geometry": {"type": "LineString", "coordinates": [[128.717845, 36.512394], [128.717749, 36.512364]]}}, {"type": "Feature", "properties": {"name": "", "osm_id": 1459049317, "origin": "OBSERVED", "highway": "track"}, "geometry": {"type": "LineString", "coordinates": [[128.718258, 36.520525], [128.718263, 36.520444]]}}, {"type": "Feature", "properties": {"name": "", "osm_id": 1459049318, "origin": "OBSERVED", "highway": "track"}, "geometry": {"type": "LineString", "coordinates": [[128.718256, 36.520575], [128.718258, 36.520525]]}}, {"type": "Feature", "properties": {"name": "", "osm_id": 1459049319, "origin": "OBSERVED", "highway": "track"}, "geometry": {"type": "LineString", "coordinates": [[128.72178, 36.519954], [128.72178, 36.519873]]}}, {"type": "Feature", "properties": {"name": "", "osm_id": 1459049320, "origin": "OBSERVED", "highway": "track"}, "geometry": {"type": "LineString", "coordinates": [[128.7218, 36.52002], [128.72178, 36.51999], [128.72178, 36.519954]]}}, {"type": "Feature", "properties": {"name": "", "osm_id": 1459049321, "origin": "OBSERVED", "highway": "unclassified"}, "geometry": {"type": "LineString", "coordinates": [[128.723557, 36.52027], [128.723602, 36.520201]]}}, {"type": "Feature", "properties": {"name": "", "osm_id": 1459049322, "origin": "OBSERVED", "highway": "unclassified"}, "geometry": {"type": "LineString", "coordinates": [[128.723528, 36.520325], [128.723557, 36.52027]]}}, {"type": "Feature", "properties": {"name": "운동장길", "osm_id": 1459049325, "origin": "OBSERVED", "highway": "tertiary"}, "geometry": {"type": "LineString", "coordinates": [[128.71225, 36.520856], [128.712299, 36.520986], [128.712344, 36.521044]]}}, {"type": "Feature", "properties": {"name": "운동장길", "osm_id": 1459049326, "origin": "OBSERVED", "highway": "tertiary"}, "geometry": {"type": "LineString", "coordinates": [[128.712344, 36.521044], [128.712403, 36.52112]]}}, {"type": "Feature", "properties": {"name": "", "osm_id": 1459049327, "origin": "OBSERVED", "highway": "track"}, "geometry": {"type": "LineString", "coordinates": [[128.706123, 36.523887], [128.706113, 36.523826]]}}, {"type": "Feature", "properties": {"name": "", "osm_id": 1459049328, "origin": "OBSERVED", "highway": "unclassified"}, "geometry": {"type": "LineString", "coordinates": [[128.706113, 36.523826], [128.706098, 36.523719]]}}, {"type": "Feature", "properties": {"name": "", "osm_id": 1459049329, "origin": "OBSERVED", "highway": "track"}, "geometry": {"type": "LineString", "coordinates": [[128.704451, 36.524171], [128.704407, 36.524105]]}}, {"type": "Feature", "properties": {"name": "", "osm_id": 1459049330, "origin": "OBSERVED", "highway": "unclassified"}, "geometry": {"type": "LineString", "coordinates": [[128.704513, 36.524257], [128.704451, 36.524171]]}}, {"type": "Feature", "properties": {"name": "", "osm_id": 1459049331, "origin": "OBSERVED", "highway": "track"}, "geometry": {"type": "LineString", "coordinates": [[128.702557, 36.524605], [128.702487, 36.524695], [128.702312, 36.524693], [128.701976, 36.524667], [128.701798, 36.524715], [128.701621, 36.524797], [128.70146, 36.52503]]}}, {"type": "Feature", "properties": {"name": "", "osm_id": 1459049332, "origin": "OBSERVED", "highway": "unclassified"}, "geometry": {"type": "LineString", "coordinates": [[128.702611, 36.524536], [128.702557, 36.524605]]}}, {"type": "Feature", "properties": {"name": "", "osm_id": 1459049333, "origin": "OBSERVED", "highway": "residential"}, "geometry": {"type": "LineString", "coordinates": [[128.703296, 36.520088], [128.703666, 36.520595], [128.703926, 36.520876], [128.70404, 36.521031]]}}, {"type": "Feature", "properties": {"name": "", "osm_id": 1459049334, "origin": "OBSERVED", "highway": "residential"}, "geometry": {"type": "LineString", "coordinates": [[128.70404, 36.521031], [128.704092, 36.521102]]}}, {"type": "Feature", "properties": {"name": "놉실로", "osm_id": 1459049335, "origin": "OBSERVED", "highway": "tertiary"}, "geometry": {"type": "LineString", "coordinates": [[128.69535, 36.526958], [128.695272, 36.526918], [128.695203, 36.526867], [128.695128, 36.526773], [128.695048, 36.526661], [128.694888, 36.526417], [128.69451, 36.52574], [128.694314, 36.525268], [128.694228, 36.524965], [128.69421, 36.524877], [128.694205, 36.524787], [128.69421, 36.524671], [128.694234, 36.52455], [128.694312, 36.524422], [128.694428, 36.5243], [128.694755, 36.523992], [128.694953, 36.52383], [128.695114, 36.523745], [128.695284, 36.523696], [128.695426, 36.52368], [128.69558, 36.5237], [128.695783, 36.523768], [128.695866, 36.52379], [128.695951, 36.523792], [128.696069, 36.523806], [128.696325, 36.523816], [128.696747, 36.523786], [128.697119, 36.523708], [128.697482, 36.523605], [128.6978, 36.523481], [128.698038, 36.523348], [128.698239, 36.523185], [128.698324, 36.523122]]}}, {"type": "Feature", "properties": {"name": "놉실로", "osm_id": 1459049336, "origin": "OBSERVED", "highway": "tertiary"}, "geometry": {"type": "LineString", "coordinates": [[128.698324, 36.523122], [128.69841, 36.523058]]}}, {"type": "Feature", "properties": {"name": "경북대로", "osm_id": 1459049337, "origin": "OBSERVED", "highway": "primary"}, "geometry": {"type": "LineString", "coordinates": [[128.692977, 36.526263], [128.694867, 36.527181]]}}, {"type": "Feature", "properties": {"name": "경북대로", "osm_id": 1459049338, "origin": "OBSERVED", "highway": "primary"}, "geometry": {"type": "LineString", "coordinates": [[128.692703, 36.526134], [128.692977, 36.526263]]}}, {"type": "Feature", "properties": {"name": "경북대로", "osm_id": 1459049339, "origin": "OBSERVED", "highway": "primary"}, "geometry": {"type": "LineString", "coordinates": [[128.692638, 36.526209], [128.692429, 36.526128], [128.691633, 36.52574], [128.690947, 36.525406]]}}, {"type": "Feature", "properties": {"name": "경북대로", "osm_id": 1459049340, "origin": "OBSERVED", "highway": "primary"}, "geometry": {"type": "LineString", "coordinates": [[128.692923, 36.526357], [128.692638, 36.526209]]}}, {"type": "Feature", "properties": {"name": "무릉길", "osm_id": 1459049341, "origin": "OBSERVED", "highway": "residential"}, "geometry": {"type": "LineString", "coordinates": [[128.69026, 36.522973], [128.690317, 36.522948]]}}, {"type": "Feature", "properties": {"name": "무릉길", "osm_id": 1459049342, "origin": "OBSERVED", "highway": "residential"}, "geometry": {"type": "LineString", "coordinates": [[128.690317, 36.522948], [128.690653, 36.522771]]}}, {"type": "Feature", "properties": {"name": "남일로", "osm_id": 1459049343, "origin": "OBSERVED", "highway": "residential"}, "geometry": {"type": "LineString", "coordinates": [[128.689649, 36.522141], [128.69052, 36.52154]]}}, {"type": "Feature", "properties": {"name": "남일로", "osm_id": 1459049344, "origin": "OBSERVED", "highway": "residential"}, "geometry": {"type": "LineString", "coordinates": [[128.689252, 36.522441], [128.689649, 36.522141]]}}, {"type": "Feature", "properties": {"name": "", "osm_id": 1459049345, "origin": "OBSERVED", "highway": "unclassified"}, "geometry": {"type": "LineString", "coordinates": [[128.702966, 36.513776], [128.702952, 36.513793], [128.702897, 36.513977], [128.702889, 36.514164], [128.702926, 36.514386], [128.702816, 36.514706], [128.702666, 36.514906], [128.702406, 36.515066], [128.702063, 36.515574], [128.701824, 36.515938], [128.701721, 36.516217], [128.70159, 36.516728], [128.70139, 36.517628], [128.701355, 36.518043], [128.70143, 36.518358], [128.701474, 36.518789], [128.701452, 36.518917], [128.701434, 36.519019], [128.701264, 36.519329], [128.701027, 36.519489], [128.70093, 36.519618], [128.700815, 36.519848], [128.700727, 36.520221], [128.700597, 36.520491], [128.700336, 36.52074], [128.700159, 36.520863], [128.699844, 36.521079]]}}, {"type": "Feature", "properties": {"name": "", "osm_id": 1459049346, "origin": "OBSERVED", "highway": "unclassified"}, "geometry": {"type": "LineString", "coordinates": [[128.703018, 36.513706], [128.702966, 36.513776]]}}, {"type": "Feature", "properties": {"name": "", "osm_id": 1473527771, "origin": "OBSERVED", "highway": "trunk_link"}, "geometry": {"type": "LineString", "coordinates": [[128.791695, 36.531771], [128.791214, 36.531454]]}}]}