{"type":"FeatureCollection","name":"pohang_hand_flood_envelope_timeline","crs":{"type":"name","properties":{"name":"urn:ogc:def:crs:OGC:1.3:CRS84"}},"metadata":{"event_id":"pohang-2022","status":"TEMPORARY","source_type":"DERIVED_APPROXIMATION","role":"HAND-based stage envelope; visual replay only","stage_driver":"REPORTED_ORDER_ONLY","stage_driver_basis":"관측 수위·강우 계열이 없어 보도된 사건 순서(범람 06:00 → 유입 06:37 → 완전 침수 06:45)로만 범위를 넓힌다. 보도된 범람 지점(냉천교)에서 낮은 지형을 따라 퍼지며, 도달 거리 상한은 보도된 침수 지점(인덕동 일대)에 닿는 최소 거리로 맞춘다.","peak_threshold_m":0.25,"primary_river":"냉천","cell_size_m":76.9,"limitations":["관측 수위가 아니라 보도된 사건 순서로 임계를 올린 지형 근사다. 침수심·유속·유량을 계산하지 않는다.","임계 상한 0.25 m는 관측값이 아니라 보도된 침수 지점에 닿도록 맞춘 값이다.","77 m 격자라 제방·도로 성토·배수로처럼 격자보다 좁은 구조물은 반영되지 않는다.","공식 침수범위가 아니며 노출 집계에 쓰지 않는다."]},"features":[{"type":"Feature","properties":{"grid_id":"dem-003-038","layer_role":"hand_flood_envelope","status":"TEMPORARY","source_type":"DERIVED_APPROXIMATION","stage_index":2,"time":"2022-09-06T06:00:00+09:00","state":"river_overflow","label":"Naengcheon overflow","hand_m":0.0,"hand_threshold_m":0.09,"stage_fraction":0.35,"mean_elevation_m":5.95,"distance_to_primary_river_m":104.3,"stage_driver":"REPORTED_ORDER_ONLY","not_official_flood_extent":true,"not_hydraulic_simulation":true},"geometry":{"type":"Polygon","coordinates":[[[129.4025,35.99666666666667],[129.4025,35.9975],[129.40166666666667,35.9975],[129.40166666666667,35.99666666666667],[129.4025,35.99666666666667]]]}},{"type":"Feature","properties":{"grid_id":"dem-003-039","layer_role":"hand_flood_envelope","status":"TEMPORARY","source_type":"DERIVED_APPROXIMATION","stage_index":2,"time":"2022-09-06T06:00:00+09:00","state":"river_overflow","label":"Naengcheon overflow","hand_m":0.0,"hand_threshold_m":0.09,"stage_fraction":0.35,"mean_elevation_m":5.45,"distance_to_primary_river_m":47.9,"stage_driver":"REPORTED_ORDER_ONLY","not_official_flood_extent":true,"not_hydraulic_simulation":true},"geometry":{"type":"Polygon","coordinates":[[[129.40333333333334,35.99666666666667],[129.40333333333334,35.9975],[129.4025,35.9975],[129.4025,35.99666666666667],[129.40333333333334,35.99666666666667]]]}},{"type":"Feature","properties":{"grid_id":"dem-003-040","layer_role":"hand_flood_envelope","status":"TEMPORARY","source_type":"DERIVED_APPROXIMATION","stage_index":2,"time":"2022-09-06T06:00:00+09:00","state":"river_overflow","label":"Naengcheon overflow","hand_m":0.0,"hand_threshold_m":0.09,"stage_fraction":0.35,"mean_elevation_m":2.96,"distance_to_primary_river_m":8.4,"stage_driver":"REPORTED_ORDER_ONLY","not_official_flood_extent":true,"not_hydraulic_simulation":true},"geometry":{"type":"Polygon","coordinates":[[[129.40416666666667,35.99666666666667],[129.40416666666667,35.9975],[129.40333333333334,35.9975],[129.40333333333334,35.99666666666667],[129.40416666666667,35.99666666666667]]]}},{"type":"Feature","properties":{"grid_id":"dem-003-041","layer_role":"hand_flood_envelope","status":"TEMPORARY","source_type":"DERIVED_APPROXIMATION","stage_index":2,"time":"2022-09-06T06:00:00+09:00","state":"river_overflow","label":"Naengcheon overflow","hand_m":0.0,"hand_threshold_m":0.09,"stage_fraction":0.35,"mean_elevation_m":4.72,"distance_to_primary_river_m":58.3,"stage_driver":"REPORTED_ORDER_ONLY","not_official_flood_extent":true,"not_hydraulic_simulation":true},"geometry":{"type":"Polygon","coordinates":[[[129.405,35.99666666666667],[129.405,35.9975],[129.40416666666667,35.9975],[129.40416666666667,35.99666666666667],[129.405,35.99666666666667]]]}},{"type":"Feature","properties":{"grid_id":"dem-004-032","layer_role":"hand_flood_envelope","status":"TEMPORARY","source_type":"DERIVED_APPROXIMATION","stage_index":2,"time":"2022-09-06T06:00:00+09:00","state":"river_overflow","label":"Naengcheon overflow","hand_m":0.0,"hand_threshold_m":0.09,"stage_fraction":0.35,"mean_elevation_m":5.51,"distance_to_primary_river_m":463.5,"stage_driver":"REPORTED_ORDER_ONLY","not_official_flood_extent":true,"not_hydraulic_simulation":true},"geometry":{"type":"Polygon","coordinates":[[[129.3975,35.99583333333334],[129.3975,35.99666666666667],[129.39666666666668,35.99666666666667],[129.39666666666668,35.99583333333334],[129.3975,35.99583333333334]]]}},{"type":"Feature","properties":{"grid_id":"dem-004-033","layer_role":"hand_flood_envelope","status":"TEMPORARY","source_type":"DERIVED_APPROXIMATION","stage_index":2,"time":"2022-09-06T06:00:00+09:00","state":"river_overflow","label":"Naengcheon overflow","hand_m":0.0,"hand_threshold_m":0.09,"stage_fraction":0.35,"mean_elevation_m":4.62,"distance_to_primary_river_m":393.7,"stage_driver":"REPORTED_ORDER_ONLY","not_official_flood_extent":true,"not_hydraulic_simulation":true},"geometry":{"type":"Polygon","coordinates":[[[129.39833333333334,35.99583333333334],[129.39833333333334,35.99666666666667],[129.3975,35.99666666666667],[129.3975,35.99583333333334],[129.39833333333334,35.99583333333334]]]}},{"type":"Feature","properties":{"grid_id":"dem-004-034","layer_role":"hand_flood_envelope","status":"TEMPORARY","source_type":"DERIVED_APPROXIMATION","stage_index":2,"time":"2022-09-06T06:00:00+09:00","state":"river_overflow","label":"Naengcheon overflow","hand_m":0.0,"hand_threshold_m":0.09,"stage_fraction":0.35,"mean_elevation_m":5.73,"distance_to_primary_river_m":324.3,"stage_driver":"REPORTED_ORDER_ONLY","not_official_flood_extent":true,"not_hydraulic_simulation":true},"geometry":{"type":"Polygon","coordinates":[[[129.39916666666667,35.99583333333334],[129.39916666666667,35.99666666666667],[129.39833333333334,35.99666666666667],[129.39833333333334,35.99583333333334],[129.39916666666667,35.99583333333334]]]}},{"type":"Feature","properties":{"grid_id":"dem-004-035","layer_role":"hand_flood_envelope","status":"TEMPORARY","source_type":"DERIVED_APPROXIMATION","stage_index":2,"time":"2022-09-06T06:00:00+09:00","state":"river_overflow","label":"Naengcheon overflow","hand_m":0.0,"hand_threshold_m":0.09,"stage_fraction":0.35,"mean_elevation_m":7.68,"distance_to_primary_river_m":255.0,"stage_driver":"REPORTED_ORDER_ONLY","not_official_flood_extent":true,"not_hydraulic_simulation":true},"geometry":{"type":"Polygon","coordinates":[[[129.4,35.99583333333334],[129.4,35.99666666666667],[129.39916666666667,35.99666666666667],[129.39916666666667,35.99583333333334],[129.4,35.99583333333334]]]}},{"type":"Feature","properties":{"grid_id":"dem-004-036","layer_role":"hand_flood_envelope","status":"TEMPORARY","source_type":"DERIVED_APPROXIMATION","stage_index":2,"time":"2022-09-06T06:00:00+09:00","state":"river_overflow","label":"Naengcheon overflow","hand_m":0.0,"hand_threshold_m":0.09,"stage_fraction":0.35,"mean_elevation_m":6.17,"distance_to_primary_river_m":186.0,"stage_driver":"REPORTED_ORDER_ONLY","not_official_flood_extent":true,"not_hydraulic_simulation":true},"geometry":{"type":"Polygon","coordinates":[[[129.40083333333334,35.99583333333334],[129.40083333333334,35.99666666666667],[129.4,35.99666666666667],[129.4,35.99583333333334],[129.40083333333334,35.99583333333334]]]}},{"type":"Feature","properties":{"grid_id":"dem-004-037","layer_role":"hand_flood_envelope","status":"TEMPORARY","source_type":"DERIVED_APPROXIMATION","stage_index":2,"time":"2022-09-06T06:00:00+09:00","state":"river_overflow","label":"Naengcheon overflow","hand_m":0.0,"hand_threshold_m":0.09,"stage_fraction":0.35,"mean_elevation_m":7.95,"distance_to_primary_river_m":120.6,"stage_driver":"REPORTED_ORDER_ONLY","not_official_flood_extent":true,"not_hydraulic_simulation":true},"geometry":{"type":"Polygon","coordinates":[[[129.40166666666667,35.99583333333334],[129.40166666666667,35.99666666666667],[129.40083333333334,35.99666666666667],[129.40083333333334,35.99583333333334],[129.40166666666667,35.99583333333334]]]}},{"type":"Feature","properties":{"grid_id":"dem-004-038","layer_role":"hand_flood_envelope","status":"TEMPORARY","source_type":"DERIVED_APPROXIMATION","stage_index":2,"time":"2022-09-06T06:00:00+09:00","state":"river_overflow","label":"Naengcheon overflow","hand_m":0.0,"hand_threshold_m":0.09,"stage_fraction":0.35,"mean_elevation_m":6.33,"distance_to_primary_river_m":55.7,"stage_driver":"REPORTED_ORDER_ONLY","not_official_flood_extent":true,"not_hydraulic_simulation":true},"geometry":{"type":"Polygon","coordinates":[[[129.4025,35.99583333333334],[129.4025,35.99666666666667],[129.40166666666667,35.99666666666667],[129.40166666666667,35.99583333333334],[129.4025,35.99583333333334]]]}},{"type":"Feature","properties":{"grid_id":"dem-004-039","layer_role":"hand_flood_envelope","status":"TEMPORARY","source_type":"DERIVED_APPROXIMATION","stage_index":2,"time":"2022-09-06T06:00:00+09:00","state":"river_overflow","label":"Naengcheon overflow","hand_m":0.0,"hand_threshold_m":0.09,"stage_fraction":0.35,"mean_elevation_m":3.13,"distance_to_primary_river_m":9.3,"stage_driver":"REPORTED_ORDER_ONLY","not_official_flood_extent":true,"not_hydraulic_simulation":true},"geometry":{"type":"Polygon","coordinates":[[[129.40333333333334,35.99583333333334],[129.40333333333334,35.99666666666667],[129.4025,35.99666666666667],[129.4025,35.99583333333334],[129.40333333333334,35.99583333333334]]]}},{"type":"Feature","properties":{"grid_id":"dem-004-040","layer_role":"hand_flood_envelope","status":"TEMPORARY","source_type":"DERIVED_APPROXIMATION","stage_index":2,"time":"2022-09-06T06:00:00+09:00","state":"river_overflow","label":"Naengcheon overflow","hand_m":0.0,"hand_threshold_m":0.09,"stage_fraction":0.35,"mean_elevation_m":6.21,"distance_to_primary_river_m":69.6,"stage_driver":"REPORTED_ORDER_ONLY","not_official_flood_extent":true,"not_hydraulic_simulation":true},"geometry":{"type":"Polygon","coordinates":[[[129.40416666666667,35.99583333333334],[129.40416666666667,35.99666666666667],[129.40333333333334,35.99666666666667],[129.40333333333334,35.99583333333334],[129.40416666666667,35.99583333333334]]]}},{"type":"Feature","properties":{"grid_id":"dem-004-041","layer_role":"hand_flood_envelope","status":"TEMPORARY","source_type":"DERIVED_APPROXIMATION","stage_index":2,"time":"2022-09-06T06:00:00+09:00","state":"river_overflow","label":"Naengcheon overflow","hand_m":0.0,"hand_threshold_m":0.09,"stage_fraction":0.35,"mean_elevation_m":6.41,"distance_to_primary_river_m":125.9,"stage_driver":"REPORTED_ORDER_ONLY","not_official_flood_extent":true,"not_hydraulic_simulation":true},"geometry":{"type":"Polygon","coordinates":[[[129.405,35.99583333333334],[129.405,35.99666666666667],[129.40416666666667,35.99666666666667],[129.40416666666667,35.99583333333334],[129.405,35.99583333333334]]]}},{"type":"Feature","properties":{"grid_id":"dem-005-032","layer_role":"hand_flood_envelope","status":"TEMPORARY","source_type":"DERIVED_APPROXIMATION","stage_index":2,"time":"2022-09-06T06:00:00+09:00","state":"river_overflow","label":"Naengcheon overflow","hand_m":0.0,"hand_threshold_m":0.09,"stage_fraction":0.35,"mean_elevation_m":6.87,"distance_to_primary_river_m":438.0,"stage_driver":"REPORTED_ORDER_ONLY","not_official_flood_extent":true,"not_hydraulic_simulation":true},"geometry":{"type":"Polygon","coordinates":[[[129.3975,35.995],[129.3975,35.99583333333334],[129.39666666666668,35.99583333333334],[129.39666666666668,35.995],[129.3975,35.995]]]}},{"type":"Feature","properties":{"grid_id":"dem-005-033","layer_role":"hand_flood_envelope","status":"TEMPORARY","source_type":"DERIVED_APPROXIMATION","stage_index":2,"time":"2022-09-06T06:00:00+09:00","state":"river_overflow","label":"Naengcheon overflow","hand_m":0.0,"hand_threshold_m":0.09,"stage_fraction":0.35,"mean_elevation_m":6.32,"distance_to_primary_river_m":365.2,"stage_driver":"REPORTED_ORDER_ONLY","not_official_flood_extent":true,"not_hydraulic_simulation":true},"geometry":{"type":"Polygon","coordinates":[[[129.39833333333334,35.995],[129.39833333333334,35.99583333333334],[129.3975,35.99583333333334],[129.3975,35.995],[129.39833333333334,35.995]]]}},{"type":"Feature","properties":{"grid_id":"dem-005-034","layer_role":"hand_flood_envelope","status":"TEMPORARY","source_type":"DERIVED_APPROXIMATION","stage_index":2,"time":"2022-09-06T06:00:00+09:00","state":"river_overflow","label":"Naengcheon overflow","hand_m":0.0,"hand_threshold_m":0.09,"stage_fraction":0.35,"mean_elevation_m":11.98,"distance_to_primary_river_m":292.5,"stage_driver":"REPORTED_ORDER_ONLY","not_official_flood_extent":true,"not_hydraulic_simulation":true},"geometry":{"type":"Polygon","coordinates":[[[129.39916666666667,35.995],[129.39916666666667,35.99583333333334],[129.39833333333334,35.99583333333334],[129.39833333333334,35.995],[129.39916666666667,35.995]]]}},{"type":"Feature","properties":{"grid_id":"dem-005-035","layer_role":"hand_flood_envelope","status":"TEMPORARY","source_type":"DERIVED_APPROXIMATION","stage_index":2,"time":"2022-09-06T06:00:00+09:00","state":"river_overflow","label":"Naengcheon overflow","hand_m":0.0,"hand_threshold_m":0.09,"stage_fraction":0.35,"mean_elevation_m":11.91,"distance_to_primary_river_m":220.2,"stage_driver":"REPORTED_ORDER_ONLY","not_official_flood_extent":true,"not_hydraulic_simulation":true},"geometry":{"type":"Polygon","coordinates":[[[129.4,35.995],[129.4,35.99583333333334],[129.39916666666667,35.99583333333334],[129.39916666666667,35.995],[129.4,35.995]]]}},{"type":"Feature","properties":{"grid_id":"dem-005-037","layer_role":"hand_flood_envelope","status":"TEMPORARY","source_type":"DERIVED_APPROXIMATION","stage_index":2,"time":"2022-09-06T06:00:00+09:00","state":"river_overflow","label":"Naengcheon overflow","hand_m":0.0,"hand_threshold_m":0.09,"stage_fraction":0.35,"mean_elevation_m":5.33,"distance_to_primary_river_m":80.7,"stage_driver":"REPORTED_ORDER_ONLY","not_official_flood_extent":true,"not_hydraulic_simulation":true},"geometry":{"type":"Polygon","coordinates":[[[129.40166666666667,35.995],[129.40166666666667,35.99583333333334],[129.40083333333334,35.99583333333334],[129.40083333333334,35.995],[129.40166666666667,35.995]]]}},{"type":"Feature","properties":{"grid_id":"dem-005-038","layer_role":"hand_flood_envelope","status":"TEMPORARY","source_type":"DERIVED_APPROXIMATION","stage_index":2,"time":"2022-09-06T06:00:00+09:00","state":"river_overflow","label":"Naengcheon overflow","hand_m":0.0,"hand_threshold_m":0.09,"stage_fraction":0.35,"mean_elevation_m":3.63,"distance_to_primary_river_m":11.3,"stage_driver":"REPORTED_ORDER_ONLY","not_official_flood_extent":true,"not_hydraulic_simulation":true},"geometry":{"type":"Polygon","coordinates":[[[129.4025,35.995],[129.4025,35.99583333333334],[129.40166666666667,35.99583333333334],[129.40166666666667,35.995],[129.4025,35.995]]]}},{"type":"Feature","properties":{"grid_id":"dem-005-039","layer_role":"hand_flood_envelope","status":"TEMPORARY","source_type":"DERIVED_APPROXIMATION","stage_index":2,"time":"2022-09-06T06:00:00+09:00","state":"river_overflow","label":"Naengcheon overflow","hand_m":0.0,"hand_threshold_m":0.09,"stage_fraction":0.35,"mean_elevation_m":5.01,"distance_to_primary_river_m":55.7,"stage_driver":"REPORTED_ORDER_ONLY","not_official_flood_extent":true,"not_hydraulic_simulation":true},"geometry":{"type":"Polygon","coordinates":[[[129.40333333333334,35.995],[129.40333333333334,35.99583333333334],[129.4025,35.99583333333334],[129.4025,35.995],[129.40333333333334,35.995]]]}},{"type":"Feature","properties":{"grid_id":"dem-005-040","layer_role":"hand_flood_envelope","status":"TEMPORARY","source_type":"DERIVED_APPROXIMATION","stage_index":2,"time":"2022-09-06T06:00:00+09:00","state":"river_overflow","label":"Naengcheon overflow","hand_m":0.0,"hand_threshold_m":0.09,"stage_fraction":0.35,"mean_elevation_m":9.03,"distance_to_primary_river_m":120.7,"stage_driver":"REPORTED_ORDER_ONLY","not_official_flood_extent":true,"not_hydraulic_simulation":true},"geometry":{"type":"Polygon","coordinates":[[[129.40416666666667,35.995],[129.40416666666667,35.99583333333334],[129.40333333333334,35.99583333333334],[129.40333333333334,35.995],[129.40416666666667,35.995]]]}},{"type":"Feature","properties":{"grid_id":"dem-006-036","layer_role":"hand_flood_envelope","status":"TEMPORARY","source_type":"DERIVED_APPROXIMATION","stage_index":2,"time":"2022-09-06T06:00:00+09:00","state":"river_overflow","label":"Naengcheon overflow","hand_m":0.0,"hand_threshold_m":0.09,"stage_fraction":0.35,"mean_elevation_m":16.04,"distance_to_primary_river_m":123.8,"stage_driver":"REPORTED_ORDER_ONLY","not_official_flood_extent":true,"not_hydraulic_simulation":true},"geometry":{"type":"Polygon","coordinates":[[[129.40083333333334,35.994166666666665],[129.40083333333334,35.995],[129.4,35.995],[129.4,35.994166666666665],[129.40083333333334,35.994166666666665]]]}},{"type":"Feature","properties":{"grid_id":"dem-006-037","layer_role":"hand_flood_envelope","status":"TEMPORARY","source_type":"DERIVED_APPROXIMATION","stage_index":2,"time":"2022-09-06T06:00:00+09:00","state":"river_overflow","label":"Naengcheon overflow","hand_m":0.0,"hand_threshold_m":0.09,"stage_fraction":0.35,"mean_elevation_m":5.93,"distance_to_primary_river_m":51.1,"stage_driver":"REPORTED_ORDER_ONLY","not_official_flood_extent":true,"not_hydraulic_simulation":true},"geometry":{"type":"Polygon","coordinates":[[[129.40166666666667,35.994166666666665],[129.40166666666667,35.995],[129.40083333333334,35.995],[129.40083333333334,35.994166666666665],[129.40166666666667,35.994166666666665]]]}},{"type":"Feature","properties":{"grid_id":"dem-006-038","layer_role":"hand_flood_envelope","status":"TEMPORARY","source_type":"DERIVED_APPROXIMATION","stage_index":2,"time":"2022-09-06T06:00:00+09:00","state":"river_overflow","label":"Naengcheon overflow","hand_m":0.0,"hand_threshold_m":0.09,"stage_fraction":0.35,"mean_elevation_m":3.14,"distance_to_primary_river_m":21.6,"stage_driver":"REPORTED_ORDER_ONLY","not_official_flood_extent":true,"not_hydraulic_simulation":true},"geometry":{"type":"Polygon","coordinates":[[[129.4025,35.994166666666665],[129.4025,35.995],[129.40166666666667,35.995],[129.40166666666667,35.994166666666665],[129.4025,35.994166666666665]]]}},{"type":"Feature","properties":{"grid_id":"dem-006-039","layer_role":"hand_flood_envelope","status":"TEMPORARY","source_type":"DERIVED_APPROXIMATION","stage_index":2,"time":"2022-09-06T06:00:00+09:00","state":"river_overflow","label":"Naengcheon overflow","hand_m":0.0,"hand_threshold_m":0.09,"stage_fraction":0.35,"mean_elevation_m":7.74,"distance_to_primary_river_m":93.6,"stage_driver":"REPORTED_ORDER_ONLY","not_official_flood_extent":true,"not_hydraulic_simulation":true},"geometry":{"type":"Polygon","coordinates":[[[129.40333333333334,35.994166666666665],[129.40333333333334,35.995],[129.4025,35.995],[129.4025,35.994166666666665],[129.40333333333334,35.994166666666665]]]}},{"type":"Feature","properties":{"grid_id":"dem-006-040","layer_role":"hand_flood_envelope","status":"TEMPORARY","source_type":"DERIVED_APPROXIMATION","stage_index":2,"time":"2022-09-06T06:00:00+09:00","state":"river_overflow","label":"Naengcheon overflow","hand_m":0.03,"hand_threshold_m":0.09,"stage_fraction":0.35,"mean_elevation_m":7.77,"distance_to_primary_river_m":162.9,"stage_driver":"REPORTED_ORDER_ONLY","not_official_flood_extent":true,"not_hydraulic_simulation":true},"geometry":{"type":"Polygon","coordinates":[[[129.40416666666667,35.994166666666665],[129.40416666666667,35.995],[129.40333333333334,35.995],[129.40333333333334,35.994166666666665],[129.40416666666667,35.994166666666665]]]}},{"type":"Feature","properties":{"grid_id":"dem-006-041","layer_role":"hand_flood_envelope","status":"TEMPORARY","source_type":"DERIVED_APPROXIMATION","stage_index":2,"time":"2022-09-06T06:00:00+09:00","state":"river_overflow","label":"Naengcheon overflow","hand_m":0.0,"hand_threshold_m":0.09,"stage_fraction":0.35,"mean_elevation_m":6.25,"distance_to_primary_river_m":232.1,"stage_driver":"REPORTED_ORDER_ONLY","not_official_flood_extent":true,"not_hydraulic_simulation":true},"geometry":{"type":"Polygon","coordinates":[[[129.405,35.994166666666665],[129.405,35.995],[129.40416666666667,35.995],[129.40416666666667,35.994166666666665],[129.405,35.994166666666665]]]}},{"type":"Feature","properties":{"grid_id":"dem-006-042","layer_role":"hand_flood_envelope","status":"TEMPORARY","source_type":"DERIVED_APPROXIMATION","stage_index":2,"time":"2022-09-06T06:00:00+09:00","state":"river_overflow","label":"Naengcheon overflow","hand_m":0.0,"hand_threshold_m":0.09,"stage_fraction":0.35,"mean_elevation_m":7.63,"distance_to_primary_river_m":297.1,"stage_driver":"REPORTED_ORDER_ONLY","not_official_flood_extent":true,"not_hydraulic_simulation":true},"geometry":{"type":"Polygon","coordinates":[[[129.40583333333333,35.994166666666665],[129.40583333333333,35.995],[129.405,35.995],[129.405,35.994166666666665],[129.40583333333333,35.994166666666665]]]}},{"type":"Feature","properties":{"grid_id":"dem-007-036","layer_role":"hand_flood_envelope","status":"TEMPORARY","source_type":"DERIVED_APPROXIMATION","stage_index":2,"time":"2022-09-06T06:00:00+09:00","state":"river_overflow","label":"Naengcheon overflow","hand_m":0.0,"hand_threshold_m":0.09,"stage_fraction":0.35,"mean_elevation_m":13.54,"distance_to_primary_river_m":97.4,"stage_driver":"REPORTED_ORDER_ONLY","not_official_flood_extent":true,"not_hydraulic_simulation":true},"geometry":{"type":"Polygon","coordinates":[[[129.40083333333334,35.99333333333333],[129.40083333333334,35.994166666666665],[129.4,35.994166666666665],[129.4,35.99333333333333],[129.40083333333334,35.99333333333333]]]}},{"type":"Feature","properties":{"grid_id":"dem-007-037","layer_role":"hand_flood_envelope","status":"TEMPORARY","source_type":"DERIVED_APPROXIMATION","stage_index":2,"time":"2022-09-06T06:00:00+09:00","state":"river_overflow","label":"Naengcheon overflow","hand_m":0.0,"hand_threshold_m":0.09,"stage_fraction":0.35,"mean_elevation_m":6.37,"distance_to_primary_river_m":25.6,"stage_driver":"REPORTED_ORDER_ONLY","not_official_flood_extent":true,"not_hydraulic_simulation":true},"geometry":{"type":"Polygon","coordinates":[[[129.40166666666667,35.99333333333333],[129.40166666666667,35.994166666666665],[129.40083333333334,35.994166666666665],[129.40083333333334,35.99333333333333],[129.40166666666667,35.99333333333333]]]}},{"type":"Feature","properties":{"grid_id":"dem-007-038","layer_role":"hand_flood_envelope","status":"TEMPORARY","source_type":"DERIVED_APPROXIMATION","stage_index":2,"time":"2022-09-06T06:00:00+09:00","state":"river_overflow","label":"Naengcheon overflow","hand_m":0.0,"hand_threshold_m":0.09,"stage_fraction":0.35,"mean_elevation_m":6.79,"distance_to_primary_river_m":46.2,"stage_driver":"REPORTED_ORDER_ONLY","not_official_flood_extent":true,"not_hydraulic_simulation":true},"geometry":{"type":"Polygon","coordinates":[[[129.4025,35.99333333333333],[129.4025,35.994166666666665],[129.40166666666667,35.994166666666665],[129.40166666666667,35.99333333333333],[129.4025,35.99333333333333]]]}},{"type":"Feature","properties":{"grid_id":"dem-007-039","layer_role":"hand_flood_envelope","status":"TEMPORARY","source_type":"DERIVED_APPROXIMATION","stage_index":2,"time":"2022-09-06T06:00:00+09:00","state":"river_overflow","label":"Naengcheon overflow","hand_m":0.0,"hand_threshold_m":0.09,"stage_fraction":0.35,"mean_elevation_m":9.85,"distance_to_primary_river_m":118.0,"stage_driver":"REPORTED_ORDER_ONLY","not_official_flood_extent":true,"not_hydraulic_simulation":true},"geometry":{"type":"Polygon","coordinates":[[[129.40333333333334,35.99333333333333],[129.40333333333334,35.994166666666665],[129.4025,35.994166666666665],[129.4025,35.99333333333333],[129.40333333333334,35.99333333333333]]]}},{"type":"Feature","properties":{"grid_id":"dem-007-040","layer_role":"hand_flood_envelope","status":"TEMPORARY","source_type":"DERIVED_APPROXIMATION","stage_index":2,"time":"2022-09-06T06:00:00+09:00","state":"river_overflow","label":"Naengcheon overflow","hand_m":0.0,"hand_threshold_m":0.09,"stage_fraction":0.35,"mean_elevation_m":9.25,"distance_to_primary_river_m":190.3,"stage_driver":"REPORTED_ORDER_ONLY","not_official_flood_extent":true,"not_hydraulic_simulation":true},"geometry":{"type":"Polygon","coordinates":[[[129.40416666666667,35.99333333333333],[129.40416666666667,35.994166666666665],[129.40333333333334,35.994166666666665],[129.40333333333334,35.99333333333333],[129.40416666666667,35.99333333333333]]]}},{"type":"Feature","properties":{"grid_id":"dem-007-041","layer_role":"hand_flood_envelope","status":"TEMPORARY","source_type":"DERIVED_APPROXIMATION","stage_index":2,"time":"2022-09-06T06:00:00+09:00","state":"river_overflow","label":"Naengcheon overflow","hand_m":0.0,"hand_threshold_m":0.09,"stage_fraction":0.35,"mean_elevation_m":9.21,"distance_to_primary_river_m":263.0,"stage_driver":"REPORTED_ORDER_ONLY","not_official_flood_extent":true,"not_hydraulic_simulation":true},"geometry":{"type":"Polygon","coordinates":[[[129.405,35.99333333333333],[129.405,35.994166666666665],[129.40416666666667,35.994166666666665],[129.40416666666667,35.99333333333333],[129.405,35.99333333333333]]]}},{"type":"Feature","properties":{"grid_id":"dem-007-042","layer_role":"hand_flood_envelope","status":"TEMPORARY","source_type":"DERIVED_APPROXIMATION","stage_index":2,"time":"2022-09-06T06:00:00+09:00","state":"river_overflow","label":"Naengcheon overflow","hand_m":0.0,"hand_threshold_m":0.09,"stage_fraction":0.35,"mean_elevation_m":8.29,"distance_to_primary_river_m":335.8,"stage_driver":"REPORTED_ORDER_ONLY","not_official_flood_extent":true,"not_hydraulic_simulation":true},"geometry":{"type":"Polygon","coordinates":[[[129.40583333333333,35.99333333333333],[129.40583333333333,35.994166666666665],[129.405,35.994166666666665],[129.405,35.99333333333333],[129.40583333333333,35.99333333333333]]]}},{"type":"Feature","properties":{"grid_id":"dem-007-043","layer_role":"hand_flood_envelope","status":"TEMPORARY","source_type":"DERIVED_APPROXIMATION","stage_index":2,"time":"2022-09-06T06:00:00+09:00","state":"river_overflow","label":"Naengcheon overflow","hand_m":0.0,"hand_threshold_m":0.09,"stage_fraction":0.35,"mean_elevation_m":8.0,"distance_to_primary_river_m":406.6,"stage_driver":"REPORTED_ORDER_ONLY","not_official_flood_extent":true,"not_hydraulic_simulation":true},"geometry":{"type":"Polygon","coordinates":[[[129.40666666666667,35.99333333333333],[129.40666666666667,35.994166666666665],[129.40583333333333,35.994166666666665],[129.40583333333333,35.99333333333333],[129.40666666666667,35.99333333333333]]]}},{"type":"Feature","properties":{"grid_id":"dem-008-031","layer_role":"hand_flood_envelope","status":"TEMPORARY","source_type":"DERIVED_APPROXIMATION","stage_index":2,"time":"2022-09-06T06:00:00+09:00","state":"river_overflow","label":"Naengcheon overflow","hand_m":0.0,"hand_threshold_m":0.09,"stage_fraction":0.35,"mean_elevation_m":7.04,"distance_to_primary_river_m":433.4,"stage_driver":"REPORTED_ORDER_ONLY","not_official_flood_extent":true,"not_hydraulic_simulation":true},"geometry":{"type":"Polygon","coordinates":[[[129.39666666666668,35.9925],[129.39666666666668,35.99333333333333],[129.39583333333334,35.99333333333333],[129.39583333333334,35.9925],[129.39666666666668,35.9925]]]}},{"type":"Feature","properties":{"grid_id":"dem-008-032","layer_role":"hand_flood_envelope","status":"TEMPORARY","source_type":"DERIVED_APPROXIMATION","stage_index":2,"time":"2022-09-06T06:00:00+09:00","state":"river_overflow","label":"Naengcheon overflow","hand_m":0.0,"hand_threshold_m":0.09,"stage_fraction":0.35,"mean_elevation_m":6.69,"distance_to_primary_river_m":360.9,"stage_driver":"REPORTED_ORDER_ONLY","not_official_flood_extent":true,"not_hydraulic_simulation":true},"geometry":{"type":"Polygon","coordinates":[[[129.3975,35.9925],[129.3975,35.99333333333333],[129.39666666666668,35.99333333333333],[129.39666666666668,35.9925],[129.3975,35.9925]]]}},{"type":"Feature","properties":{"grid_id":"dem-008-033","layer_role":"hand_flood_envelope","status":"TEMPORARY","source_type":"DERIVED_APPROXIMATION","stage_index":2,"time":"2022-09-06T06:00:00+09:00","state":"river_overflow","label":"Naengcheon overflow","hand_m":0.0,"hand_threshold_m":0.09,"stage_fraction":0.35,"mean_elevation_m":6.78,"distance_to_primary_river_m":288.4,"stage_driver":"REPORTED_ORDER_ONLY","not_official_flood_extent":true,"not_hydraulic_simulation":true},"geometry":{"type":"Polygon","coordinates":[[[129.39833333333334,35.9925],[129.39833333333334,35.99333333333333],[129.3975,35.99333333333333],[129.3975,35.9925],[129.39833333333334,35.9925]]]}},{"type":"Feature","properties":{"grid_id":"dem-008-034","layer_role":"hand_flood_envelope","status":"TEMPORARY","source_type":"DERIVED_APPROXIMATION","stage_index":2,"time":"2022-09-06T06:00:00+09:00","state":"river_overflow","label":"Naengcheon overflow","hand_m":0.0,"hand_threshold_m":0.09,"stage_fraction":0.35,"mean_elevation_m":6.01,"distance_to_primary_river_m":216.0,"stage_driver":"REPORTED_ORDER_ONLY","not_official_flood_extent":true,"not_hydraulic_simulation":true},"geometry":{"type":"Polygon","coordinates":[[[129.39916666666667,35.9925],[129.39916666666667,35.99333333333333],[129.39833333333334,35.99333333333333],[129.39833333333334,35.9925],[129.39916666666667,35.9925]]]}},{"type":"Feature","properties":{"grid_id":"dem-008-035","layer_role":"hand_flood_envelope","status":"TEMPORARY","source_type":"DERIVED_APPROXIMATION","stage_index":2,"time":"2022-09-06T06:00:00+09:00","state":"river_overflow","label":"Naengcheon overflow","hand_m":0.0,"hand_threshold_m":0.09,"stage_fraction":0.35,"mean_elevation_m":7.39,"distance_to_primary_river_m":143.5,"stage_driver":"REPORTED_ORDER_ONLY","not_official_flood_extent":true,"not_hydraulic_simulation":true},"geometry":{"type":"Polygon","coordinates":[[[129.4,35.9925],[129.4,35.99333333333333],[129.39916666666667,35.99333333333333],[129.39916666666667,35.9925],[129.4,35.9925]]]}},{"type":"Feature","properties":{"grid_id":"dem-008-036","layer_role":"hand_flood_envelope","status":"TEMPORARY","source_type":"DERIVED_APPROXIMATION","stage_index":2,"time":"2022-09-06T06:00:00+09:00","state":"river_overflow","label":"Naengcheon overflow","hand_m":0.0,"hand_threshold_m":0.09,"stage_fraction":0.35,"mean_elevation_m":8.56,"distance_to_primary_river_m":71.0,"stage_driver":"REPORTED_ORDER_ONLY","not_official_flood_extent":true,"not_hydraulic_simulation":true},"geometry":{"type":"Polygon","coordinates":[[[129.40083333333334,35.9925],[129.40083333333334,35.99333333333333],[129.4,35.99333333333333],[129.4,35.9925],[129.40083333333334,35.9925]]]}},{"type":"Feature","properties":{"grid_id":"dem-008-037","layer_role":"hand_flood_envelope","status":"TEMPORARY","source_type":"DERIVED_APPROXIMATION","stage_index":2,"time":"2022-09-06T06:00:00+09:00","state":"river_overflow","label":"Naengcheon overflow","hand_m":0.0,"hand_threshold_m":0.09,"stage_fraction":0.35,"mean_elevation_m":4.45,"distance_to_primary_river_m":1.4,"stage_driver":"REPORTED_ORDER_ONLY","not_official_flood_extent":true,"not_hydraulic_simulation":true},"geometry":{"type":"Polygon","coordinates":[[[129.40166666666667,35.9925],[129.40166666666667,35.99333333333333],[129.40083333333334,35.99333333333333],[129.40083333333334,35.9925],[129.40166666666667,35.9925]]]}},{"type":"Feature","properties":{"grid_id":"dem-008-038","layer_role":"hand_flood_envelope","status":"TEMPORARY","source_type":"DERIVED_APPROXIMATION","stage_index":2,"time":"2022-09-06T06:00:00+09:00","state":"river_overflow","label":"Naengcheon overflow","hand_m":0.0,"hand_threshold_m":0.09,"stage_fraction":0.35,"mean_elevation_m":8.4,"distance_to_primary_river_m":73.5,"stage_driver":"REPORTED_ORDER_ONLY","not_official_flood_extent":true,"not_hydraulic_simulation":true},"geometry":{"type":"Polygon","coordinates":[[[129.4025,35.9925],[129.4025,35.99333333333333],[129.40166666666667,35.99333333333333],[129.40166666666667,35.9925],[129.4025,35.9925]]]}},{"type":"Feature","properties":{"grid_id":"dem-008-039","layer_role":"hand_flood_envelope","status":"TEMPORARY","source_type":"DERIVED_APPROXIMATION","stage_index":2,"time":"2022-09-06T06:00:00+09:00","state":"river_overflow","label":"Naengcheon overflow","hand_m":0.0,"hand_threshold_m":0.09,"stage_fraction":0.35,"mean_elevation_m":10.28,"distance_to_primary_river_m":145.3,"stage_driver":"REPORTED_ORDER_ONLY","not_official_flood_extent":true,"not_hydraulic_simulation":true},"geometry":{"type":"Polygon","coordinates":[[[129.40333333333334,35.9925],[129.40333333333334,35.99333333333333],[129.4025,35.99333333333333],[129.4025,35.9925],[129.40333333333334,35.9925]]]}},{"type":"Feature","properties":{"grid_id":"dem-008-040","layer_role":"hand_flood_envelope","status":"TEMPORARY","source_type":"DERIVED_APPROXIMATION","stage_index":2,"time":"2022-09-06T06:00:00+09:00","state":"river_overflow","label":"Naengcheon overflow","hand_m":0.0,"hand_threshold_m":0.09,"stage_fraction":0.35,"mean_elevation_m":9.91,"distance_to_primary_river_m":217.1,"stage_driver":"REPORTED_ORDER_ONLY","not_official_flood_extent":true,"not_hydraulic_simulation":true},"geometry":{"type":"Polygon","coordinates":[[[129.40416666666667,35.9925],[129.40416666666667,35.99333333333333],[129.40333333333334,35.99333333333333],[129.40333333333334,35.9925],[129.40416666666667,35.9925]]]}},{"type":"Feature","properties":{"grid_id":"dem-008-042","layer_role":"hand_flood_envelope","status":"TEMPORARY","source_type":"DERIVED_APPROXIMATION","stage_index":2,"time":"2022-09-06T06:00:00+09:00","state":"river_overflow","label":"Naengcheon overflow","hand_m":0.0,"hand_threshold_m":0.09,"stage_fraction":0.35,"mean_elevation_m":9.06,"distance_to_primary_river_m":360.7,"stage_driver":"REPORTED_ORDER_ONLY","not_official_flood_extent":true,"not_hydraulic_simulation":true},"geometry":{"type":"Polygon","coordinates":[[[129.40583333333333,35.9925],[129.40583333333333,35.99333333333333],[129.405,35.99333333333333],[129.405,35.9925],[129.40583333333333,35.9925]]]}},{"type":"Feature","properties":{"grid_id":"dem-008-043","layer_role":"hand_flood_envelope","status":"TEMPORARY","source_type":"DERIVED_APPROXIMATION","stage_index":2,"time":"2022-09-06T06:00:00+09:00","state":"river_overflow","label":"Naengcheon overflow","hand_m":0.0,"hand_threshold_m":0.09,"stage_fraction":0.35,"mean_elevation_m":8.32,"distance_to_primary_river_m":432.5,"stage_driver":"REPORTED_ORDER_ONLY","not_official_flood_extent":true,"not_hydraulic_simulation":true},"geometry":{"type":"Polygon","coordinates":[[[129.40666666666667,35.9925],[129.40666666666667,35.99333333333333],[129.40583333333333,35.99333333333333],[129.40583333333333,35.9925],[129.40666666666667,35.9925]]]}},{"type":"Feature","properties":{"grid_id":"dem-009-032","layer_role":"hand_flood_envelope","status":"TEMPORARY","source_type":"DERIVED_APPROXIMATION","stage_index":2,"time":"2022-09-06T06:00:00+09:00","state":"river_overflow","label":"Naengcheon overflow","hand_m":0.0,"hand_threshold_m":0.09,"stage_fraction":0.35,"mean_elevation_m":8.8,"distance_to_primary_river_m":337.6,"stage_driver":"REPORTED_ORDER_ONLY","not_official_flood_extent":true,"not_hydraulic_simulation":true},"geometry":{"type":"Polygon","coordinates":[[[129.3975,35.99166666666667],[129.3975,35.9925],[129.39666666666668,35.9925],[129.39666666666668,35.99166666666667],[129.3975,35.99166666666667]]]}},{"type":"Feature","properties":{"grid_id":"dem-009-033","layer_role":"hand_flood_envelope","status":"TEMPORARY","source_type":"DERIVED_APPROXIMATION","stage_index":2,"time":"2022-09-06T06:00:00+09:00","state":"river_overflow","label":"Naengcheon overflow","hand_m":0.0,"hand_threshold_m":0.09,"stage_fraction":0.35,"mean_elevation_m":7.32,"distance_to_primary_river_m":264.1,"stage_driver":"REPORTED_ORDER_ONLY","not_official_flood_extent":true,"not_hydraulic_simulation":true},"geometry":{"type":"Polygon","coordinates":[[[129.39833333333334,35.99166666666667],[129.39833333333334,35.9925],[129.3975,35.9925],[129.3975,35.99166666666667],[129.39833333333334,35.99166666666667]]]}},{"type":"Feature","properties":{"grid_id":"dem-009-034","layer_role":"hand_flood_envelope","status":"TEMPORARY","source_type":"DERIVED_APPROXIMATION","stage_index":2,"time":"2022-09-06T06:00:00+09:00","state":"river_overflow","label":"Naengcheon overflow","hand_m":0.0,"hand_threshold_m":0.09,"stage_fraction":0.35,"mean_elevation_m":9.1,"distance_to_primary_river_m":191.5,"stage_driver":"REPORTED_ORDER_ONLY","not_official_flood_extent":true,"not_hydraulic_simulation":true},"geometry":{"type":"Polygon","coordinates":[[[129.39916666666667,35.99166666666667],[129.39916666666667,35.9925],[129.39833333333334,35.9925],[129.39833333333334,35.99166666666667],[129.39916666666667,35.99166666666667]]]}},{"type":"Feature","properties":{"grid_id":"dem-009-035","layer_role":"hand_flood_envelope","status":"TEMPORARY","source_type":"DERIVED_APPROXIMATION","stage_index":2,"time":"2022-09-06T06:00:00+09:00","state":"river_overflow","label":"Naengcheon overflow","hand_m":0.0,"hand_threshold_m":0.09,"stage_fraction":0.35,"mean_elevation_m":9.37,"distance_to_primary_river_m":119.1,"stage_driver":"REPORTED_ORDER_ONLY","not_official_flood_extent":true,"not_hydraulic_simulation":true},"geometry":{"type":"Polygon","coordinates":[[[129.4,35.99166666666667],[129.4,35.9925],[129.39916666666667,35.9925],[129.39916666666667,35.99166666666667],[129.4,35.99166666666667]]]}},{"type":"Feature","properties":{"grid_id":"dem-009-036","layer_role":"hand_flood_envelope","status":"TEMPORARY","source_type":"DERIVED_APPROXIMATION","stage_index":2,"time":"2022-09-06T06:00:00+09:00","state":"river_overflow","label":"Naengcheon overflow","hand_m":0.0,"hand_threshold_m":0.09,"stage_fraction":0.35,"mean_elevation_m":7.74,"distance_to_primary_river_m":46.6,"stage_driver":"REPORTED_ORDER_ONLY","not_official_flood_extent":true,"not_hydraulic_simulation":true},"geometry":{"type":"Polygon","coordinates":[[[129.40083333333334,35.99166666666667],[129.40083333333334,35.9925],[129.4,35.9925],[129.4,35.99166666666667],[129.40083333333334,35.99166666666667]]]}},{"type":"Feature","properties":{"grid_id":"dem-009-037","layer_role":"hand_flood_envelope","status":"TEMPORARY","source_type":"DERIVED_APPROXIMATION","stage_index":2,"time":"2022-09-06T06:00:00+09:00","state":"river_overflow","label":"Naengcheon overflow","hand_m":0.0,"hand_threshold_m":0.09,"stage_fraction":0.35,"mean_elevation_m":4.44,"distance_to_primary_river_m":25.9,"stage_driver":"REPORTED_ORDER_ONLY","not_official_flood_extent":true,"not_hydraulic_simulation":true},"geometry":{"type":"Polygon","coordinates":[[[129.40166666666667,35.99166666666667],[129.40166666666667,35.9925],[129.40083333333334,35.9925],[129.40083333333334,35.99166666666667],[129.40166666666667,35.99166666666667]]]}},{"type":"Feature","properties":{"grid_id":"dem-009-038","layer_role":"hand_flood_envelope","status":"TEMPORARY","source_type":"DERIVED_APPROXIMATION","stage_index":2,"time":"2022-09-06T06:00:00+09:00","state":"river_overflow","label":"Naengcheon overflow","hand_m":0.0,"hand_threshold_m":0.09,"stage_fraction":0.35,"mean_elevation_m":10.27,"distance_to_primary_river_m":98.3,"stage_driver":"REPORTED_ORDER_ONLY","not_official_flood_extent":true,"not_hydraulic_simulation":true},"geometry":{"type":"Polygon","coordinates":[[[129.4025,35.99166666666667],[129.4025,35.9925],[129.40166666666667,35.9925],[129.40166666666667,35.99166666666667],[129.4025,35.99166666666667]]]}},{"type":"Feature","properties":{"grid_id":"dem-009-039","layer_role":"hand_flood_envelope","status":"TEMPORARY","source_type":"DERIVED_APPROXIMATION","stage_index":2,"time":"2022-09-06T06:00:00+09:00","state":"river_overflow","label":"Naengcheon overflow","hand_m":0.01,"hand_threshold_m":0.09,"stage_fraction":0.35,"mean_elevation_m":10.28,"distance_to_primary_river_m":170.8,"stage_driver":"REPORTED_ORDER_ONLY","not_official_flood_extent":true,"not_hydraulic_simulation":true},"geometry":{"type":"Polygon","coordinates":[[[129.40333333333334,35.99166666666667],[129.40333333333334,35.9925],[129.4025,35.9925],[129.4025,35.99166666666667],[129.40333333333334,35.99166666666667]]]}},{"type":"Feature","properties":{"grid_id":"dem-009-040","layer_role":"hand_flood_envelope","status":"TEMPORARY","source_type":"DERIVED_APPROXIMATION","stage_index":2,"time":"2022-09-06T06:00:00+09:00","state":"river_overflow","label":"Naengcheon overflow","hand_m":0.0,"hand_threshold_m":0.09,"stage_fraction":0.35,"mean_elevation_m":9.9,"distance_to_primary_river_m":243.3,"stage_driver":"REPORTED_ORDER_ONLY","not_official_flood_extent":true,"not_hydraulic_simulation":true},"geometry":{"type":"Polygon","coordinates":[[[129.40416666666667,35.99166666666667],[129.40416666666667,35.9925],[129.40333333333334,35.9925],[129.40333333333334,35.99166666666667],[129.40416666666667,35.99166666666667]]]}},{"type":"Feature","properties":{"grid_id":"dem-009-043","layer_role":"hand_flood_envelope","status":"TEMPORARY","source_type":"DERIVED_APPROXIMATION","stage_index":2,"time":"2022-09-06T06:00:00+09:00","state":"river_overflow","label":"Naengcheon overflow","hand_m":0.0,"hand_threshold_m":0.09,"stage_fraction":0.35,"mean_elevation_m":9.4,"distance_to_primary_river_m":459.7,"stage_driver":"REPORTED_ORDER_ONLY","not_official_flood_extent":true,"not_hydraulic_simulation":true},"geometry":{"type":"Polygon","coordinates":[[[129.40666666666667,35.99166666666667],[129.40666666666667,35.9925],[129.40583333333333,35.9925],[129.40583333333333,35.99166666666667],[129.40666666666667,35.99166666666667]]]}},{"type":"Feature","properties":{"grid_id":"dem-010-032","layer_role":"hand_flood_envelope","status":"TEMPORARY","source_type":"DERIVED_APPROXIMATION","stage_index":2,"time":"2022-09-06T06:00:00+09:00","state":"river_overflow","label":"Naengcheon overflow","hand_m":0.0,"hand_threshold_m":0.09,"stage_fraction":0.35,"mean_elevation_m":8.24,"distance_to_primary_river_m":326.5,"stage_driver":"REPORTED_ORDER_ONLY","not_official_flood_extent":true,"not_hydraulic_simulation":true},"geometry":{"type":"Polygon","coordinates":[[[129.3975,35.990833333333335],[129.3975,35.99166666666667],[129.39666666666668,35.99166666666667],[129.39666666666668,35.990833333333335],[129.3975,35.990833333333335]]]}},{"type":"Feature","properties":{"grid_id":"dem-010-033","layer_role":"hand_flood_envelope","status":"TEMPORARY","source_type":"DERIVED_APPROXIMATION","stage_index":2,"time":"2022-09-06T06:00:00+09:00","state":"river_overflow","label":"Naengcheon overflow","hand_m":0.0,"hand_threshold_m":0.09,"stage_fraction":0.35,"mean_elevation_m":6.67,"distance_to_primary_river_m":251.8,"stage_driver":"REPORTED_ORDER_ONLY","not_official_flood_extent":true,"not_hydraulic_simulation":true},"geometry":{"type":"Polygon","coordinates":[[[129.39833333333334,35.990833333333335],[129.39833333333334,35.99166666666667],[129.3975,35.99166666666667],[129.3975,35.990833333333335],[129.39833333333334,35.990833333333335]]]}},{"type":"Feature","properties":{"grid_id":"dem-010-035","layer_role":"hand_flood_envelope","status":"TEMPORARY","source_type":"DERIVED_APPROXIMATION","stage_index":2,"time":"2022-09-06T06:00:00+09:00","state":"river_overflow","label":"Naengcheon overflow","hand_m":0.0,"hand_threshold_m":0.09,"stage_fraction":0.35,"mean_elevation_m":14.91,"distance_to_primary_river_m":102.4,"stage_driver":"REPORTED_ORDER_ONLY","not_official_flood_extent":true,"not_hydraulic_simulation":true},"geometry":{"type":"Polygon","coordinates":[[[129.4,35.990833333333335],[129.4,35.99166666666667],[129.39916666666667,35.99166666666667],[129.39916666666667,35.990833333333335],[129.4,35.990833333333335]]]}},{"type":"Feature","properties":{"grid_id":"dem-010-036","layer_role":"hand_flood_envelope","status":"TEMPORARY","source_type":"DERIVED_APPROXIMATION","stage_index":2,"time":"2022-09-06T06:00:00+09:00","state":"river_overflow","label":"Naengcheon overflow","hand_m":0.0,"hand_threshold_m":0.09,"stage_fraction":0.35,"mean_elevation_m":4.68,"distance_to_primary_river_m":27.8,"stage_driver":"REPORTED_ORDER_ONLY","not_official_flood_extent":true,"not_hydraulic_simulation":true},"geometry":{"type":"Polygon","coordinates":[[[129.40083333333334,35.990833333333335],[129.40083333333334,35.99166666666667],[129.4,35.99166666666667],[129.4,35.990833333333335],[129.40083333333334,35.990833333333335]]]}},{"type":"Feature","properties":{"grid_id":"dem-010-037","layer_role":"hand_flood_envelope","status":"TEMPORARY","source_type":"DERIVED_APPROXIMATION","stage_index":2,"time":"2022-09-06T06:00:00+09:00","state":"river_overflow","label":"Naengcheon overflow","hand_m":0.0,"hand_threshold_m":0.09,"stage_fraction":0.35,"mean_elevation_m":5.74,"distance_to_primary_river_m":46.9,"stage_driver":"REPORTED_ORDER_ONLY","not_official_flood_extent":true,"not_hydraulic_simulation":true},"geometry":{"type":"Polygon","coordinates":[[[129.40166666666667,35.990833333333335],[129.40166666666667,35.99166666666667],[129.40083333333334,35.99166666666667],[129.40083333333334,35.990833333333335],[129.40166666666667,35.990833333333335]]]}},{"type":"Feature","properties":{"grid_id":"dem-010-038","layer_role":"hand_flood_envelope","status":"TEMPORARY","source_type":"DERIVED_APPROXIMATION","stage_index":2,"time":"2022-09-06T06:00:00+09:00","state":"river_overflow","label":"Naengcheon overflow","hand_m":0.0,"hand_threshold_m":0.09,"stage_fraction":0.35,"mean_elevation_m":8.18,"distance_to_primary_river_m":121.6,"stage_driver":"REPORTED_ORDER_ONLY","not_official_flood_extent":true,"not_hydraulic_simulation":true},"geometry":{"type":"Polygon","coordinates":[[[129.4025,35.990833333333335],[129.4025,35.99166666666667],[129.40166666666667,35.99166666666667],[129.40166666666667,35.990833333333335],[129.4025,35.990833333333335]]]}},{"type":"Feature","properties":{"grid_id":"dem-011-033","layer_role":"hand_flood_envelope","status":"TEMPORARY","source_type":"DERIVED_APPROXIMATION","stage_index":2,"time":"2022-09-06T06:00:00+09:00","state":"river_overflow","label":"Naengcheon overflow","hand_m":0.0,"hand_threshold_m":0.09,"stage_fraction":0.35,"mean_elevation_m":7.41,"distance_to_primary_river_m":247.8,"stage_driver":"REPORTED_ORDER_ONLY","not_official_flood_extent":true,"not_hydraulic_simulation":true},"geometry":{"type":"Polygon","coordinates":[[[129.39833333333334,35.99],[129.39833333333334,35.990833333333335],[129.3975,35.990833333333335],[129.3975,35.99],[129.39833333333334,35.99]]]}},{"type":"Feature","properties":{"grid_id":"dem-011-034","layer_role":"hand_flood_envelope","status":"TEMPORARY","source_type":"DERIVED_APPROXIMATION","stage_index":2,"time":"2022-09-06T06:00:00+09:00","state":"river_overflow","label":"Naengcheon overflow","hand_m":0.0,"hand_threshold_m":0.09,"stage_fraction":0.35,"mean_elevation_m":8.54,"distance_to_primary_river_m":173.3,"stage_driver":"REPORTED_ORDER_ONLY","not_official_flood_extent":true,"not_hydraulic_simulation":true},"geometry":{"type":"Polygon","coordinates":[[[129.39916666666667,35.99],[129.39916666666667,35.990833333333335],[129.39833333333334,35.990833333333335],[129.39833333333334,35.99],[129.39916666666667,35.99]]]}},{"type":"Feature","properties":{"grid_id":"dem-011-035","layer_role":"hand_flood_envelope","status":"TEMPORARY","source_type":"DERIVED_APPROXIMATION","stage_index":2,"time":"2022-09-06T06:00:00+09:00","state":"river_overflow","label":"Naengcheon overflow","hand_m":0.0,"hand_threshold_m":0.09,"stage_fraction":0.35,"mean_elevation_m":9.23,"distance_to_primary_river_m":98.9,"stage_driver":"REPORTED_ORDER_ONLY","not_official_flood_extent":true,"not_hydraulic_simulation":true},"geometry":{"type":"Polygon","coordinates":[[[129.4,35.99],[129.4,35.990833333333335],[129.39916666666667,35.990833333333335],[129.39916666666667,35.99],[129.4,35.99]]]}},{"type":"Feature","properties":{"grid_id":"dem-011-036","layer_role":"hand_flood_envelope","status":"TEMPORARY","source_type":"DERIVED_APPROXIMATION","stage_index":2,"time":"2022-09-06T06:00:00+09:00","state":"river_overflow","label":"Naengcheon overflow","hand_m":0.0,"hand_threshold_m":0.09,"stage_fraction":0.35,"mean_elevation_m":4.81,"distance_to_primary_river_m":24.6,"stage_driver":"REPORTED_ORDER_ONLY","not_official_flood_extent":true,"not_hydraulic_simulation":true},"geometry":{"type":"Polygon","coordinates":[[[129.40083333333334,35.99],[129.40083333333334,35.990833333333335],[129.4,35.990833333333335],[129.4,35.99],[129.40083333333334,35.99]]]}},{"type":"Feature","properties":{"grid_id":"dem-011-037","layer_role":"hand_flood_envelope","status":"TEMPORARY","source_type":"DERIVED_APPROXIMATION","stage_index":2,"time":"2022-09-06T06:00:00+09:00","state":"river_overflow","label":"Naengcheon overflow","hand_m":0.0,"hand_threshold_m":0.09,"stage_fraction":0.35,"mean_elevation_m":6.23,"distance_to_primary_river_m":49.8,"stage_driver":"REPORTED_ORDER_ONLY","not_official_flood_extent":true,"not_hydraulic_simulation":true},"geometry":{"type":"Polygon","coordinates":[[[129.40166666666667,35.99],[129.40166666666667,35.990833333333335],[129.40083333333334,35.990833333333335],[129.40083333333334,35.99],[129.40166666666667,35.99]]]}},{"type":"Feature","properties":{"grid_id":"dem-011-038","layer_role":"hand_flood_envelope","status":"TEMPORARY","source_type":"DERIVED_APPROXIMATION","stage_index":2,"time":"2022-09-06T06:00:00+09:00","state":"river_overflow","label":"Naengcheon overflow","hand_m":0.0,"hand_threshold_m":0.09,"stage_fraction":0.35,"mean_elevation_m":10.04,"distance_to_primary_river_m":123.1,"stage_driver":"REPORTED_ORDER_ONLY","not_official_flood_extent":true,"not_hydraulic_simulation":true},"geometry":{"type":"Polygon","coordinates":[[[129.4025,35.99],[129.4025,35.990833333333335],[129.40166666666667,35.990833333333335],[129.40166666666667,35.99],[129.4025,35.99]]]}},{"type":"Feature","properties":{"grid_id":"dem-011-039","layer_role":"hand_flood_envelope","status":"TEMPORARY","source_type":"DERIVED_APPROXIMATION","stage_index":2,"time":"2022-09-06T06:00:00+09:00","state":"river_overflow","label":"Naengcheon overflow","hand_m":0.0,"hand_threshold_m":0.09,"stage_fraction":0.35,"mean_elevation_m":8.7,"distance_to_primary_river_m":189.8,"stage_driver":"REPORTED_ORDER_ONLY","not_official_flood_extent":true,"not_hydraulic_simulation":true},"geometry":{"type":"Polygon","coordinates":[[[129.40333333333334,35.99],[129.40333333333334,35.990833333333335],[129.4025,35.990833333333335],[129.4025,35.99],[129.40333333333334,35.99]]]}},{"type":"Feature","properties":{"grid_id":"dem-012-035","layer_role":"hand_flood_envelope","status":"TEMPORARY","source_type":"DERIVED_APPROXIMATION","stage_index":2,"time":"2022-09-06T06:00:00+09:00","state":"river_overflow","label":"Naengcheon overflow","hand_m":0.0,"hand_threshold_m":0.09,"stage_fraction":0.35,"mean_elevation_m":10.81,"distance_to_primary_river_m":119.6,"stage_driver":"REPORTED_ORDER_ONLY","not_official_flood_extent":true,"not_hydraulic_simulation":true},"geometry":{"type":"Polygon","coordinates":[[[129.4,35.98916666666667],[129.4,35.99],[129.39916666666667,35.99],[129.39916666666667,35.98916666666667],[129.4,35.98916666666667]]]}},{"type":"Feature","properties":{"grid_id":"dem-012-036","layer_role":"hand_flood_envelope","status":"TEMPORARY","source_type":"DERIVED_APPROXIMATION","stage_index":2,"time":"2022-09-06T06:00:00+09:00","state":"river_overflow","label":"Naengcheon overflow","hand_m":0.0,"hand_threshold_m":0.09,"stage_fraction":0.35,"mean_elevation_m":6.47,"distance_to_primary_river_m":52.9,"stage_driver":"REPORTED_ORDER_ONLY","not_official_flood_extent":true,"not_hydraulic_simulation":true},"geometry":{"type":"Polygon","coordinates":[[[129.40083333333334,35.98916666666667],[129.40083333333334,35.99],[129.4,35.99],[129.4,35.98916666666667],[129.40083333333334,35.98916666666667]]]}},{"type":"Feature","properties":{"grid_id":"dem-012-037","layer_role":"hand_flood_envelope","status":"TEMPORARY","source_type":"DERIVED_APPROXIMATION","stage_index":2,"time":"2022-09-06T06:00:00+09:00","state":"river_overflow","label":"Naengcheon overflow","hand_m":0.0,"hand_threshold_m":0.09,"stage_fraction":0.35,"mean_elevation_m":4.42,"distance_to_primary_river_m":13.8,"stage_driver":"REPORTED_ORDER_ONLY","not_official_flood_extent":true,"not_hydraulic_simulation":true},"geometry":{"type":"Polygon","coordinates":[[[129.40166666666667,35.98916666666667],[129.40166666666667,35.99],[129.40083333333334,35.99],[129.40083333333334,35.98916666666667],[129.40166666666667,35.98916666666667]]]}},{"type":"Feature","properties":{"grid_id":"dem-012-038","layer_role":"hand_flood_envelope","status":"TEMPORARY","source_type":"DERIVED_APPROXIMATION","stage_index":2,"time":"2022-09-06T06:00:00+09:00","state":"river_overflow","label":"Naengcheon overflow","hand_m":0.0,"hand_threshold_m":0.09,"stage_fraction":0.35,"mean_elevation_m":10.62,"distance_to_primary_river_m":80.5,"stage_driver":"REPORTED_ORDER_ONLY","not_official_flood_extent":true,"not_hydraulic_simulation":true},"geometry":{"type":"Polygon","coordinates":[[[129.4025,35.98916666666667],[129.4025,35.99],[129.40166666666667,35.99],[129.40166666666667,35.98916666666667],[129.4025,35.98916666666667]]]}},{"type":"Feature","properties":{"grid_id":"dem-012-039","layer_role":"hand_flood_envelope","status":"TEMPORARY","source_type":"DERIVED_APPROXIMATION","stage_index":2,"time":"2022-09-06T06:00:00+09:00","state":"river_overflow","label":"Naengcheon overflow","hand_m":0.0,"hand_threshold_m":0.09,"stage_fraction":0.35,"mean_elevation_m":8.39,"distance_to_primary_river_m":147.6,"stage_driver":"REPORTED_ORDER_ONLY","not_official_flood_extent":true,"not_hydraulic_simulation":true},"geometry":{"type":"Polygon","coordinates":[[[129.40333333333334,35.98916666666667],[129.40333333333334,35.99],[129.4025,35.99],[129.4025,35.98916666666667],[129.40333333333334,35.98916666666667]]]}},{"type":"Feature","properties":{"grid_id":"dem-012-040","layer_role":"hand_flood_envelope","status":"TEMPORARY","source_type":"DERIVED_APPROXIMATION","stage_index":2,"time":"2022-09-06T06:00:00+09:00","state":"river_overflow","label":"Naengcheon overflow","hand_m":0.0,"hand_threshold_m":0.09,"stage_fraction":0.35,"mean_elevation_m":8.07,"distance_to_primary_river_m":214.8,"stage_driver":"REPORTED_ORDER_ONLY","not_official_flood_extent":true,"not_hydraulic_simulation":true},"geometry":{"type":"Polygon","coordinates":[[[129.40416666666667,35.98916666666667],[129.40416666666667,35.99],[129.40333333333334,35.99],[129.40333333333334,35.98916666666667],[129.40416666666667,35.98916666666667]]]}},{"type":"Feature","properties":{"grid_id":"dem-001-040","layer_role":"hand_flood_envelope","status":"TEMPORARY","source_type":"DERIVED_APPROXIMATION","stage_index":3,"time":"2022-09-06T06:30:00+09:00","state":"move_car_broadcast","label":"Move-car broadcast","hand_m":0.0,"hand_threshold_m":0.15,"stage_fraction":0.6,"mean_elevation_m":7.52,"distance_to_primary_river_m":133.5,"stage_driver":"REPORTED_ORDER_ONLY","not_official_flood_extent":true,"not_hydraulic_simulation":true},"geometry":{"type":"Polygon","coordinates":[[[129.40416666666667,35.998333333333335],[129.40416666666667,35.99916666666667],[129.40333333333334,35.99916666666667],[129.40333333333334,35.998333333333335],[129.40416666666667,35.998333333333335]]]}},{"type":"Feature","properties":{"grid_id":"dem-001-041","layer_role":"hand_flood_envelope","status":"TEMPORARY","source_type":"DERIVED_APPROXIMATION","stage_index":3,"time":"2022-09-06T06:30:00+09:00","state":"move_car_broadcast","label":"Move-car broadcast","hand_m":0.0,"hand_threshold_m":0.15,"stage_fraction":0.6,"mean_elevation_m":6.11,"distance_to_primary_river_m":86.9,"stage_driver":"REPORTED_ORDER_ONLY","not_official_flood_extent":true,"not_hydraulic_simulation":true},"geometry":{"type":"Polygon","coordinates":[[[129.405,35.998333333333335],[129.405,35.99916666666667],[129.40416666666667,35.99916666666667],[129.40416666666667,35.998333333333335],[129.405,35.998333333333335]]]}},{"type":"Feature","properties":{"grid_id":"dem-002-039","layer_role":"hand_flood_envelope","status":"TEMPORARY","source_type":"DERIVED_APPROXIMATION","stage_index":3,"time":"2022-09-06T06:30:00+09:00","state":"move_car_broadcast","label":"Move-car broadcast","hand_m":0.0,"hand_threshold_m":0.15,"stage_fraction":0.6,"mean_elevation_m":7.42,"distance_to_primary_river_m":109.1,"stage_driver":"REPORTED_ORDER_ONLY","not_official_flood_extent":true,"not_hydraulic_simulation":true},"geometry":{"type":"Polygon","coordinates":[[[129.40333333333334,35.9975],[129.40333333333334,35.998333333333335],[129.4025,35.998333333333335],[129.4025,35.9975],[129.40333333333334,35.9975]]]}},{"type":"Feature","properties":{"grid_id":"dem-002-040","layer_role":"hand_flood_envelope","status":"TEMPORARY","source_type":"DERIVED_APPROXIMATION","stage_index":3,"time":"2022-09-06T06:30:00+09:00","state":"move_car_broadcast","label":"Move-car broadcast","hand_m":0.0,"hand_threshold_m":0.15,"stage_fraction":0.6,"mean_elevation_m":5.6,"distance_to_primary_river_m":60.8,"stage_driver":"REPORTED_ORDER_ONLY","not_official_flood_extent":true,"not_hydraulic_simulation":true},"geometry":{"type":"Polygon","coordinates":[[[129.40416666666667,35.9975],[129.40416666666667,35.998333333333335],[129.40333333333334,35.998333333333335],[129.40333333333334,35.9975],[129.40416666666667,35.9975]]]}},{"type":"Feature","properties":{"grid_id":"dem-002-041","layer_role":"hand_flood_envelope","status":"TEMPORARY","source_type":"DERIVED_APPROXIMATION","stage_index":3,"time":"2022-09-06T06:30:00+09:00","state":"move_car_broadcast","label":"Move-car broadcast","hand_m":0.0,"hand_threshold_m":0.15,"stage_fraction":0.6,"mean_elevation_m":3.43,"distance_to_primary_river_m":14.3,"stage_driver":"REPORTED_ORDER_ONLY","not_official_flood_extent":true,"not_hydraulic_simulation":true},"geometry":{"type":"Polygon","coordinates":[[[129.405,35.9975],[129.405,35.998333333333335],[129.40416666666667,35.998333333333335],[129.40416666666667,35.9975],[129.405,35.9975]]]}},{"type":"Feature","properties":{"grid_id":"dem-002-042","layer_role":"hand_flood_envelope","status":"TEMPORARY","source_type":"DERIVED_APPROXIMATION","stage_index":3,"time":"2022-09-06T06:30:00+09:00","state":"move_car_broadcast","label":"Move-car broadcast","hand_m":0.0,"hand_threshold_m":0.15,"stage_fraction":0.6,"mean_elevation_m":3.65,"distance_to_primary_river_m":32.2,"stage_driver":"REPORTED_ORDER_ONLY","not_official_flood_extent":true,"not_hydraulic_simulation":true},"geometry":{"type":"Polygon","coordinates":[[[129.40583333333333,35.9975],[129.40583333333333,35.998333333333335],[129.405,35.998333333333335],[129.405,35.9975],[129.40583333333333,35.9975]]]}},{"type":"Feature","properties":{"grid_id":"dem-003-032","layer_role":"hand_flood_envelope","status":"TEMPORARY","source_type":"DERIVED_APPROXIMATION","stage_index":3,"time":"2022-09-06T06:30:00+09:00","state":"move_car_broadcast","label":"Move-car broadcast","hand_m":0.0,"hand_threshold_m":0.15,"stage_fraction":0.6,"mean_elevation_m":6.49,"distance_to_primary_river_m":498.6,"stage_driver":"REPORTED_ORDER_ONLY","not_official_flood_extent":true,"not_hydraulic_simulation":true},"geometry":{"type":"Polygon","coordinates":[[[129.3975,35.99666666666667],[129.3975,35.9975],[129.39666666666668,35.9975],[129.39666666666668,35.99666666666667],[129.3975,35.99666666666667]]]}},{"type":"Feature","properties":{"grid_id":"dem-003-038","layer_role":"hand_flood_envelope","status":"TEMPORARY","source_type":"DERIVED_APPROXIMATION","stage_index":3,"time":"2022-09-06T06:30:00+09:00","state":"move_car_broadcast","label":"Move-car broadcast","hand_m":0.0,"hand_threshold_m":0.15,"stage_fraction":0.6,"mean_elevation_m":5.95,"distance_to_primary_river_m":104.3,"stage_driver":"REPORTED_ORDER_ONLY","not_official_flood_extent":true,"not_hydraulic_simulation":true},"geometry":{"type":"Polygon","coordinates":[[[129.4025,35.99666666666667],[129.4025,35.9975],[129.40166666666667,35.9975],[129.40166666666667,35.99666666666667],[129.4025,35.99666666666667]]]}},{"type":"Feature","properties":{"grid_id":"dem-003-039","layer_role":"hand_flood_envelope","status":"TEMPORARY","source_type":"DERIVED_APPROXIMATION","stage_index":3,"time":"2022-09-06T06:30:00+09:00","state":"move_car_broadcast","label":"Move-car broadcast","hand_m":0.0,"hand_threshold_m":0.15,"stage_fraction":0.6,"mean_elevation_m":5.45,"distance_to_primary_river_m":47.9,"stage_driver":"REPORTED_ORDER_ONLY","not_official_flood_extent":true,"not_hydraulic_simulation":true},"geometry":{"type":"Polygon","coordinates":[[[129.40333333333334,35.99666666666667],[129.40333333333334,35.9975],[129.4025,35.9975],[129.4025,35.99666666666667],[129.40333333333334,35.99666666666667]]]}},{"type":"Feature","properties":{"grid_id":"dem-003-040","layer_role":"hand_flood_envelope","status":"TEMPORARY","source_type":"DERIVED_APPROXIMATION","stage_index":3,"time":"2022-09-06T06:30:00+09:00","state":"move_car_broadcast","label":"Move-car broadcast","hand_m":0.0,"hand_threshold_m":0.15,"stage_fraction":0.6,"mean_elevation_m":2.96,"distance_to_primary_river_m":8.4,"stage_driver":"REPORTED_ORDER_ONLY","not_official_flood_extent":true,"not_hydraulic_simulation":true},"geometry":{"type":"Polygon","coordinates":[[[129.40416666666667,35.99666666666667],[129.40416666666667,35.9975],[129.40333333333334,35.9975],[129.40333333333334,35.99666666666667],[129.40416666666667,35.99666666666667]]]}},{"type":"Feature","properties":{"grid_id":"dem-003-041","layer_role":"hand_flood_envelope","status":"TEMPORARY","source_type":"DERIVED_APPROXIMATION","stage_index":3,"time":"2022-09-06T06:30:00+09:00","state":"move_car_broadcast","label":"Move-car broadcast","hand_m":0.0,"hand_threshold_m":0.15,"stage_fraction":0.6,"mean_elevation_m":4.72,"distance_to_primary_river_m":58.3,"stage_driver":"REPORTED_ORDER_ONLY","not_official_flood_extent":true,"not_hydraulic_simulation":true},"geometry":{"type":"Polygon","coordinates":[[[129.405,35.99666666666667],[129.405,35.9975],[129.40416666666667,35.9975],[129.40416666666667,35.99666666666667],[129.405,35.99666666666667]]]}},{"type":"Feature","properties":{"grid_id":"dem-003-042","layer_role":"hand_flood_envelope","status":"TEMPORARY","source_type":"DERIVED_APPROXIMATION","stage_index":3,"time":"2022-09-06T06:30:00+09:00","state":"move_car_broadcast","label":"Move-car broadcast","hand_m":0.0,"hand_threshold_m":0.15,"stage_fraction":0.6,"mean_elevation_m":7.83,"distance_to_primary_river_m":104.8,"stage_driver":"REPORTED_ORDER_ONLY","not_official_flood_extent":true,"not_hydraulic_simulation":true},"geometry":{"type":"Polygon","coordinates":[[[129.40583333333333,35.99666666666667],[129.40583333333333,35.9975],[129.405,35.9975],[129.405,35.99666666666667],[129.40583333333333,35.99666666666667]]]}},{"type":"Feature","properties":{"grid_id":"dem-003-043","layer_role":"hand_flood_envelope","status":"TEMPORARY","source_type":"DERIVED_APPROXIMATION","stage_index":3,"time":"2022-09-06T06:30:00+09:00","state":"move_car_broadcast","label":"Move-car broadcast","hand_m":0.0,"hand_threshold_m":0.15,"stage_fraction":0.6,"mean_elevation_m":7.82,"distance_to_primary_river_m":151.3,"stage_driver":"REPORTED_ORDER_ONLY","not_official_flood_extent":true,"not_hydraulic_simulation":true},"geometry":{"type":"Polygon","coordinates":[[[129.40666666666667,35.99666666666667],[129.40666666666667,35.9975],[129.40583333333333,35.9975],[129.40583333333333,35.99666666666667],[129.40666666666667,35.99666666666667]]]}},{"type":"Feature","properties":{"grid_id":"dem-004-030","layer_role":"hand_flood_envelope","status":"TEMPORARY","source_type":"DERIVED_APPROXIMATION","stage_index":3,"time":"2022-09-06T06:30:00+09:00","state":"move_car_broadcast","label":"Move-car broadcast","hand_m":0.0,"hand_threshold_m":0.15,"stage_fraction":0.6,"mean_elevation_m":8.61,"distance_to_primary_river_m":606.7,"stage_driver":"REPORTED_ORDER_ONLY","not_official_flood_extent":true,"not_hydraulic_simulation":true},"geometry":{"type":"Polygon","coordinates":[[[129.39583333333334,35.99583333333334],[129.39583333333334,35.99666666666667],[129.395,35.99666666666667],[129.395,35.99583333333334],[129.39583333333334,35.99583333333334]]]}},{"type":"Feature","properties":{"grid_id":"dem-004-031","layer_role":"hand_flood_envelope","status":"TEMPORARY","source_type":"DERIVED_APPROXIMATION","stage_index":3,"time":"2022-09-06T06:30:00+09:00","state":"move_car_broadcast","label":"Move-car broadcast","hand_m":0.0,"hand_threshold_m":0.15,"stage_fraction":0.6,"mean_elevation_m":7.98,"distance_to_primary_river_m":534.6,"stage_driver":"REPORTED_ORDER_ONLY","not_official_flood_extent":true,"not_hydraulic_simulation":true},"geometry":{"type":"Polygon","coordinates":[[[129.39666666666668,35.99583333333334],[129.39666666666668,35.99666666666667],[129.39583333333334,35.99666666666667],[129.39583333333334,35.99583333333334],[129.39666666666668,35.99583333333334]]]}},{"type":"Feature","properties":{"grid_id":"dem-004-032","layer_role":"hand_flood_envelope","status":"TEMPORARY","source_type":"DERIVED_APPROXIMATION","stage_index":3,"time":"2022-09-06T06:30:00+09:00","state":"move_car_broadcast","label":"Move-car broadcast","hand_m":0.0,"hand_threshold_m":0.15,"stage_fraction":0.6,"mean_elevation_m":5.51,"distance_to_primary_river_m":463.5,"stage_driver":"REPORTED_ORDER_ONLY","not_official_flood_extent":true,"not_hydraulic_simulation":true},"geometry":{"type":"Polygon","coordinates":[[[129.3975,35.99583333333334],[129.3975,35.99666666666667],[129.39666666666668,35.99666666666667],[129.39666666666668,35.99583333333334],[129.3975,35.99583333333334]]]}},{"type":"Feature","properties":{"grid_id":"dem-004-033","layer_role":"hand_flood_envelope","status":"TEMPORARY","source_type":"DERIVED_APPROXIMATION","stage_index":3,"time":"2022-09-06T06:30:00+09:00","state":"move_car_broadcast","label":"Move-car broadcast","hand_m":0.0,"hand_threshold_m":0.15,"stage_fraction":0.6,"mean_elevation_m":4.62,"distance_to_primary_river_m":393.7,"stage_driver":"REPORTED_ORDER_ONLY","not_official_flood_extent":true,"not_hydraulic_simulation":true},"geometry":{"type":"Polygon","coordinates":[[[129.39833333333334,35.99583333333334],[129.39833333333334,35.99666666666667],[129.3975,35.99666666666667],[129.3975,35.99583333333334],[129.39833333333334,35.99583333333334]]]}},{"type":"Feature","properties":{"grid_id":"dem-004-034","layer_role":"hand_flood_envelope","status":"TEMPORARY","source_type":"DERIVED_APPROXIMATION","stage_index":3,"time":"2022-09-06T06:30:00+09:00","state":"move_car_broadcast","label":"Move-car broadcast","hand_m":0.0,"hand_threshold_m":0.15,"stage_fraction":0.6,"mean_elevation_m":5.73,"distance_to_primary_river_m":324.3,"stage_driver":"REPORTED_ORDER_ONLY","not_official_flood_extent":true,"not_hydraulic_simulation":true},"geometry":{"type":"Polygon","coordinates":[[[129.39916666666667,35.99583333333334],[129.39916666666667,35.99666666666667],[129.39833333333334,35.99666666666667],[129.39833333333334,35.99583333333334],[129.39916666666667,35.99583333333334]]]}},{"type":"Feature","properties":{"grid_id":"dem-004-035","layer_role":"hand_flood_envelope","status":"TEMPORARY","source_type":"DERIVED_APPROXIMATION","stage_index":3,"time":"2022-09-06T06:30:00+09:00","state":"move_car_broadcast","label":"Move-car broadcast","hand_m":0.0,"hand_threshold_m":0.15,"stage_fraction":0.6,"mean_elevation_m":7.68,"distance_to_primary_river_m":255.0,"stage_driver":"REPORTED_ORDER_ONLY","not_official_flood_extent":true,"not_hydraulic_simulation":true},"geometry":{"type":"Polygon","coordinates":[[[129.4,35.99583333333334],[129.4,35.99666666666667],[129.39916666666667,35.99666666666667],[129.39916666666667,35.99583333333334],[129.4,35.99583333333334]]]}},{"type":"Feature","properties":{"grid_id":"dem-004-036","layer_role":"hand_flood_envelope","status":"TEMPORARY","source_type":"DERIVED_APPROXIMATION","stage_index":3,"time":"2022-09-06T06:30:00+09:00","state":"move_car_broadcast","label":"Move-car broadcast","hand_m":0.0,"hand_threshold_m":0.15,"stage_fraction":0.6,"mean_elevation_m":6.17,"distance_to_primary_river_m":186.0,"stage_driver":"REPORTED_ORDER_ONLY","not_official_flood_extent":true,"not_hydraulic_simulation":true},"geometry":{"type":"Polygon","coordinates":[[[129.40083333333334,35.99583333333334],[129.40083333333334,35.99666666666667],[129.4,35.99666666666667],[129.4,35.99583333333334],[129.40083333333334,35.99583333333334]]]}},{"type":"Feature","properties":{"grid_id":"dem-004-037","layer_role":"hand_flood_envelope","status":"TEMPORARY","source_type":"DERIVED_APPROXIMATION","stage_index":3,"time":"2022-09-06T06:30:00+09:00","state":"move_car_broadcast","label":"Move-car broadcast","hand_m":0.0,"hand_threshold_m":0.15,"stage_fraction":0.6,"mean_elevation_m":7.95,"distance_to_primary_river_m":120.6,"stage_driver":"REPORTED_ORDER_ONLY","not_official_flood_extent":true,"not_hydraulic_simulation":true},"geometry":{"type":"Polygon","coordinates":[[[129.40166666666667,35.99583333333334],[129.40166666666667,35.99666666666667],[129.40083333333334,35.99666666666667],[129.40083333333334,35.99583333333334],[129.40166666666667,35.99583333333334]]]}},{"type":"Feature","properties":{"grid_id":"dem-004-038","layer_role":"hand_flood_envelope","status":"TEMPORARY","source_type":"DERIVED_APPROXIMATION","stage_index":3,"time":"2022-09-06T06:30:00+09:00","state":"move_car_broadcast","label":"Move-car broadcast","hand_m":0.0,"hand_threshold_m":0.15,"stage_fraction":0.6,"mean_elevation_m":6.33,"distance_to_primary_river_m":55.7,"stage_driver":"REPORTED_ORDER_ONLY","not_official_flood_extent":true,"not_hydraulic_simulation":true},"geometry":{"type":"Polygon","coordinates":[[[129.4025,35.99583333333334],[129.4025,35.99666666666667],[129.40166666666667,35.99666666666667],[129.40166666666667,35.99583333333334],[129.4025,35.99583333333334]]]}},{"type":"Feature","properties":{"grid_id":"dem-004-039","layer_role":"hand_flood_envelope","status":"TEMPORARY","source_type":"DERIVED_APPROXIMATION","stage_index":3,"time":"2022-09-06T06:30:00+09:00","state":"move_car_broadcast","label":"Move-car broadcast","hand_m":0.0,"hand_threshold_m":0.15,"stage_fraction":0.6,"mean_elevation_m":3.13,"distance_to_primary_river_m":9.3,"stage_driver":"REPORTED_ORDER_ONLY","not_official_flood_extent":true,"not_hydraulic_simulation":true},"geometry":{"type":"Polygon","coordinates":[[[129.40333333333334,35.99583333333334],[129.40333333333334,35.99666666666667],[129.4025,35.99666666666667],[129.4025,35.99583333333334],[129.40333333333334,35.99583333333334]]]}},{"type":"Feature","properties":{"grid_id":"dem-004-040","layer_role":"hand_flood_envelope","status":"TEMPORARY","source_type":"DERIVED_APPROXIMATION","stage_index":3,"time":"2022-09-06T06:30:00+09:00","state":"move_car_broadcast","label":"Move-car broadcast","hand_m":0.0,"hand_threshold_m":0.15,"stage_fraction":0.6,"mean_elevation_m":6.21,"distance_to_primary_river_m":69.6,"stage_driver":"REPORTED_ORDER_ONLY","not_official_flood_extent":true,"not_hydraulic_simulation":true},"geometry":{"type":"Polygon","coordinates":[[[129.40416666666667,35.99583333333334],[129.40416666666667,35.99666666666667],[129.40333333333334,35.99666666666667],[129.40333333333334,35.99583333333334],[129.40416666666667,35.99583333333334]]]}},{"type":"Feature","properties":{"grid_id":"dem-004-041","layer_role":"hand_flood_envelope","status":"TEMPORARY","source_type":"DERIVED_APPROXIMATION","stage_index":3,"time":"2022-09-06T06:30:00+09:00","state":"move_car_broadcast","label":"Move-car broadcast","hand_m":0.0,"hand_threshold_m":0.15,"stage_fraction":0.6,"mean_elevation_m":6.41,"distance_to_primary_river_m":125.9,"stage_driver":"REPORTED_ORDER_ONLY","not_official_flood_extent":true,"not_hydraulic_simulation":true},"geometry":{"type":"Polygon","coordinates":[[[129.405,35.99583333333334],[129.405,35.99666666666667],[129.40416666666667,35.99666666666667],[129.40416666666667,35.99583333333334],[129.405,35.99583333333334]]]}},{"type":"Feature","properties":{"grid_id":"dem-005-029","layer_role":"hand_flood_envelope","status":"TEMPORARY","source_type":"DERIVED_APPROXIMATION","stage_index":3,"time":"2022-09-06T06:30:00+09:00","state":"move_car_broadcast","label":"Move-car broadcast","hand_m":0.0,"hand_threshold_m":0.15,"stage_fraction":0.6,"mean_elevation_m":5.56,"distance_to_primary_river_m":654.5,"stage_driver":"REPORTED_ORDER_ONLY","not_official_flood_extent":true,"not_hydraulic_simulation":true},"geometry":{"type":"Polygon","coordinates":[[[129.395,35.995],[129.395,35.99583333333334],[129.39416666666668,35.99583333333334],[129.39416666666668,35.995],[129.395,35.995]]]}},{"type":"Feature","properties":{"grid_id":"dem-005-030","layer_role":"hand_flood_envelope","status":"TEMPORARY","source_type":"DERIVED_APPROXIMATION","stage_index":3,"time":"2022-09-06T06:30:00+09:00","state":"move_car_broadcast","label":"Move-car broadcast","hand_m":0.0,"hand_threshold_m":0.15,"stage_fraction":0.6,"mean_elevation_m":4.92,"distance_to_primary_river_m":582.7,"stage_driver":"REPORTED_ORDER_ONLY","not_official_flood_extent":true,"not_hydraulic_simulation":true},"geometry":{"type":"Polygon","coordinates":[[[129.39583333333334,35.995],[129.39583333333334,35.99583333333334],[129.395,35.99583333333334],[129.395,35.995],[129.39583333333334,35.995]]]}},{"type":"Feature","properties":{"grid_id":"dem-005-031","layer_role":"hand_flood_envelope","status":"TEMPORARY","source_type":"DERIVED_APPROXIMATION","stage_index":3,"time":"2022-09-06T06:30:00+09:00","state":"move_car_broadcast","label":"Move-car broadcast","hand_m":0.0,"hand_threshold_m":0.15,"stage_fraction":0.6,"mean_elevation_m":6.91,"distance_to_primary_river_m":510.7,"stage_driver":"REPORTED_ORDER_ONLY","not_official_flood_extent":true,"not_hydraulic_simulation":true},"geometry":{"type":"Polygon","coordinates":[[[129.39666666666668,35.995],[129.39666666666668,35.99583333333334],[129.39583333333334,35.99583333333334],[129.39583333333334,35.995],[129.39666666666668,35.995]]]}},{"type":"Feature","properties":{"grid_id":"dem-005-032","layer_role":"hand_flood_envelope","status":"TEMPORARY","source_type":"DERIVED_APPROXIMATION","stage_index":3,"time":"2022-09-06T06:30:00+09:00","state":"move_car_broadcast","label":"Move-car broadcast","hand_m":0.0,"hand_threshold_m":0.15,"stage_fraction":0.6,"mean_elevation_m":6.87,"distance_to_primary_river_m":438.0,"stage_driver":"REPORTED_ORDER_ONLY","not_official_flood_extent":true,"not_hydraulic_simulation":true},"geometry":{"type":"Polygon","coordinates":[[[129.3975,35.995],[129.3975,35.99583333333334],[129.39666666666668,35.99583333333334],[129.39666666666668,35.995],[129.3975,35.995]]]}},{"type":"Feature","properties":{"grid_id":"dem-005-033","layer_role":"hand_flood_envelope","status":"TEMPORARY","source_type":"DERIVED_APPROXIMATION","stage_index":3,"time":"2022-09-06T06:30:00+09:00","state":"move_car_broadcast","label":"Move-car broadcast","hand_m":0.0,"hand_threshold_m":0.15,"stage_fraction":0.6,"mean_elevation_m":6.32,"distance_to_primary_river_m":365.2,"stage_driver":"REPORTED_ORDER_ONLY","not_official_flood_extent":true,"not_hydraulic_simulation":true},"geometry":{"type":"Polygon","coordinates":[[[129.39833333333334,35.995],[129.39833333333334,35.99583333333334],[129.3975,35.99583333333334],[129.3975,35.995],[129.39833333333334,35.995]]]}},{"type":"Feature","properties":{"grid_id":"dem-005-034","layer_role":"hand_flood_envelope","status":"TEMPORARY","source_type":"DERIVED_APPROXIMATION","stage_index":3,"time":"2022-09-06T06:30:00+09:00","state":"move_car_broadcast","label":"Move-car broadcast","hand_m":0.0,"hand_threshold_m":0.15,"stage_fraction":0.6,"mean_elevation_m":11.98,"distance_to_primary_river_m":292.5,"stage_driver":"REPORTED_ORDER_ONLY","not_official_flood_extent":true,"not_hydraulic_simulation":true},"geometry":{"type":"Polygon","coordinates":[[[129.39916666666667,35.995],[129.39916666666667,35.99583333333334],[129.39833333333334,35.99583333333334],[129.39833333333334,35.995],[129.39916666666667,35.995]]]}},{"type":"Feature","properties":{"grid_id":"dem-005-035","layer_role":"hand_flood_envelope","status":"TEMPORARY","source_type":"DERIVED_APPROXIMATION","stage_index":3,"time":"2022-09-06T06:30:00+09:00","state":"move_car_broadcast","label":"Move-car broadcast","hand_m":0.0,"hand_threshold_m":0.15,"stage_fraction":0.6,"mean_elevation_m":11.91,"distance_to_primary_river_m":220.2,"stage_driver":"REPORTED_ORDER_ONLY","not_official_flood_extent":true,"not_hydraulic_simulation":true},"geometry":{"type":"Polygon","coordinates":[[[129.4,35.995],[129.4,35.99583333333334],[129.39916666666667,35.99583333333334],[129.39916666666667,35.995],[129.4,35.995]]]}},{"type":"Feature","properties":{"grid_id":"dem-005-037","layer_role":"hand_flood_envelope","status":"TEMPORARY","source_type":"DERIVED_APPROXIMATION","stage_index":3,"time":"2022-09-06T06:30:00+09:00","state":"move_car_broadcast","label":"Move-car broadcast","hand_m":0.0,"hand_threshold_m":0.15,"stage_fraction":0.6,"mean_elevation_m":5.33,"distance_to_primary_river_m":80.7,"stage_driver":"REPORTED_ORDER_ONLY","not_official_flood_extent":true,"not_hydraulic_simulation":true},"geometry":{"type":"Polygon","coordinates":[[[129.40166666666667,35.995],[129.40166666666667,35.99583333333334],[129.40083333333334,35.99583333333334],[129.40083333333334,35.995],[129.40166666666667,35.995]]]}},{"type":"Feature","properties":{"grid_id":"dem-005-038","layer_role":"hand_flood_envelope","status":"TEMPORARY","source_type":"DERIVED_APPROXIMATION","stage_index":3,"time":"2022-09-06T06:30:00+09:00","state":"move_car_broadcast","label":"Move-car broadcast","hand_m":0.0,"hand_threshold_m":0.15,"stage_fraction":0.6,"mean_elevation_m":3.63,"distance_to_primary_river_m":11.3,"stage_driver":"REPORTED_ORDER_ONLY","not_official_flood_extent":true,"not_hydraulic_simulation":true},"geometry":{"type":"Polygon","coordinates":[[[129.4025,35.995],[129.4025,35.99583333333334],[129.40166666666667,35.99583333333334],[129.40166666666667,35.995],[129.4025,35.995]]]}},{"type":"Feature","properties":{"grid_id":"dem-005-039","layer_role":"hand_flood_envelope","status":"TEMPORARY","source_type":"DERIVED_APPROXIMATION","stage_index":3,"time":"2022-09-06T06:30:00+09:00","state":"move_car_broadcast","label":"Move-car broadcast","hand_m":0.0,"hand_threshold_m":0.15,"stage_fraction":0.6,"mean_elevation_m":5.01,"distance_to_primary_river_m":55.7,"stage_driver":"REPORTED_ORDER_ONLY","not_official_flood_extent":true,"not_hydraulic_simulation":true},"geometry":{"type":"Polygon","coordinates":[[[129.40333333333334,35.995],[129.40333333333334,35.99583333333334],[129.4025,35.99583333333334],[129.4025,35.995],[129.40333333333334,35.995]]]}},{"type":"Feature","properties":{"grid_id":"dem-005-040","layer_role":"hand_flood_envelope","status":"TEMPORARY","source_type":"DERIVED_APPROXIMATION","stage_index":3,"time":"2022-09-06T06:30:00+09:00","state":"move_car_broadcast","label":"Move-car broadcast","hand_m":0.0,"hand_threshold_m":0.15,"stage_fraction":0.6,"mean_elevation_m":9.03,"distance_to_primary_river_m":120.7,"stage_driver":"REPORTED_ORDER_ONLY","not_official_flood_extent":true,"not_hydraulic_simulation":true},"geometry":{"type":"Polygon","coordinates":[[[129.40416666666667,35.995],[129.40416666666667,35.99583333333334],[129.40333333333334,35.99583333333334],[129.40333333333334,35.995],[129.40416666666667,35.995]]]}},{"type":"Feature","properties":{"grid_id":"dem-006-029","layer_role":"hand_flood_envelope","status":"TEMPORARY","source_type":"DERIVED_APPROXIMATION","stage_index":3,"time":"2022-09-06T06:30:00+09:00","state":"move_car_broadcast","label":"Move-car broadcast","hand_m":0.0,"hand_threshold_m":0.15,"stage_fraction":0.6,"mean_elevation_m":5.97,"distance_to_primary_river_m":627.3,"stage_driver":"REPORTED_ORDER_ONLY","not_official_flood_extent":true,"not_hydraulic_simulation":true},"geometry":{"type":"Polygon","coordinates":[[[129.395,35.994166666666665],[129.395,35.995],[129.39416666666668,35.995],[129.39416666666668,35.994166666666665],[129.395,35.994166666666665]]]}},{"type":"Feature","properties":{"grid_id":"dem-006-030","layer_role":"hand_flood_envelope","status":"TEMPORARY","source_type":"DERIVED_APPROXIMATION","stage_index":3,"time":"2022-09-06T06:30:00+09:00","state":"move_car_broadcast","label":"Move-car broadcast","hand_m":0.0,"hand_threshold_m":0.15,"stage_fraction":0.6,"mean_elevation_m":6.76,"distance_to_primary_river_m":555.5,"stage_driver":"REPORTED_ORDER_ONLY","not_official_flood_extent":true,"not_hydraulic_simulation":true},"geometry":{"type":"Polygon","coordinates":[[[129.39583333333334,35.994166666666665],[129.39583333333334,35.995],[129.395,35.995],[129.395,35.994166666666665],[129.39583333333334,35.994166666666665]]]}},{"type":"Feature","properties":{"grid_id":"dem-006-031","layer_role":"hand_flood_envelope","status":"TEMPORARY","source_type":"DERIVED_APPROXIMATION","stage_index":3,"time":"2022-09-06T06:30:00+09:00","state":"move_car_broadcast","label":"Move-car broadcast","hand_m":0.0,"hand_threshold_m":0.15,"stage_fraction":0.6,"mean_elevation_m":6.92,"distance_to_primary_river_m":483.7,"stage_driver":"REPORTED_ORDER_ONLY","not_official_flood_extent":true,"not_hydraulic_simulation":true},"geometry":{"type":"Polygon","coordinates":[[[129.39666666666668,35.994166666666665],[129.39666666666668,35.995],[129.39583333333334,35.995],[129.39583333333334,35.994166666666665],[129.39666666666668,35.994166666666665]]]}},{"type":"Feature","properties":{"grid_id":"dem-006-036","layer_role":"hand_flood_envelope","status":"TEMPORARY","source_type":"DERIVED_APPROXIMATION","stage_index":3,"time":"2022-09-06T06:30:00+09:00","state":"move_car_broadcast","label":"Move-car broadcast","hand_m":0.0,"hand_threshold_m":0.15,"stage_fraction":0.6,"mean_elevation_m":16.04,"distance_to_primary_river_m":123.8,"stage_driver":"REPORTED_ORDER_ONLY","not_official_flood_extent":true,"not_hydraulic_simulation":true},"geometry":{"type":"Polygon","coordinates":[[[129.40083333333334,35.994166666666665],[129.40083333333334,35.995],[129.4,35.995],[129.4,35.994166666666665],[129.40083333333334,35.994166666666665]]]}},{"type":"Feature","properties":{"grid_id":"dem-006-037","layer_role":"hand_flood_envelope","status":"TEMPORARY","source_type":"DERIVED_APPROXIMATION","stage_index":3,"time":"2022-09-06T06:30:00+09:00","state":"move_car_broadcast","label":"Move-car broadcast","hand_m":0.0,"hand_threshold_m":0.15,"stage_fraction":0.6,"mean_elevation_m":5.93,"distance_to_primary_river_m":51.1,"stage_driver":"REPORTED_ORDER_ONLY","not_official_flood_extent":true,"not_hydraulic_simulation":true},"geometry":{"type":"Polygon","coordinates":[[[129.40166666666667,35.994166666666665],[129.40166666666667,35.995],[129.40083333333334,35.995],[129.40083333333334,35.994166666666665],[129.40166666666667,35.994166666666665]]]}},{"type":"Feature","properties":{"grid_id":"dem-006-038","layer_role":"hand_flood_envelope","status":"TEMPORARY","source_type":"DERIVED_APPROXIMATION","stage_index":3,"time":"2022-09-06T06:30:00+09:00","state":"move_car_broadcast","label":"Move-car broadcast","hand_m":0.0,"hand_threshold_m":0.15,"stage_fraction":0.6,"mean_elevation_m":3.14,"distance_to_primary_river_m":21.6,"stage_driver":"REPORTED_ORDER_ONLY","not_official_flood_extent":true,"not_hydraulic_simulation":true},"geometry":{"type":"Polygon","coordinates":[[[129.4025,35.994166666666665],[129.4025,35.995],[129.40166666666667,35.995],[129.40166666666667,35.994166666666665],[129.4025,35.994166666666665]]]}},{"type":"Feature","properties":{"grid_id":"dem-006-039","layer_role":"hand_flood_envelope","status":"TEMPORARY","source_type":"DERIVED_APPROXIMATION","stage_index":3,"time":"2022-09-06T06:30:00+09:00","state":"move_car_broadcast","label":"Move-car broadcast","hand_m":0.0,"hand_threshold_m":0.15,"stage_fraction":0.6,"mean_elevation_m":7.74,"distance_to_primary_river_m":93.6,"stage_driver":"REPORTED_ORDER_ONLY","not_official_flood_extent":true,"not_hydraulic_simulation":true},"geometry":{"type":"Polygon","coordinates":[[[129.40333333333334,35.994166666666665],[129.40333333333334,35.995],[129.4025,35.995],[129.4025,35.994166666666665],[129.40333333333334,35.994166666666665]]]}},{"type":"Feature","properties":{"grid_id":"dem-006-040","layer_role":"hand_flood_envelope","status":"TEMPORARY","source_type":"DERIVED_APPROXIMATION","stage_index":3,"time":"2022-09-06T06:30:00+09:00","state":"move_car_broadcast","label":"Move-car broadcast","hand_m":0.03,"hand_threshold_m":0.15,"stage_fraction":0.6,"mean_elevation_m":7.77,"distance_to_primary_river_m":162.9,"stage_driver":"REPORTED_ORDER_ONLY","not_official_flood_extent":true,"not_hydraulic_simulation":true},"geometry":{"type":"Polygon","coordinates":[[[129.40416666666667,35.994166666666665],[129.40416666666667,35.995],[129.40333333333334,35.995],[129.40333333333334,35.994166666666665],[129.40416666666667,35.994166666666665]]]}},{"type":"Feature","properties":{"grid_id":"dem-006-041","layer_role":"hand_flood_envelope","status":"TEMPORARY","source_type":"DERIVED_APPROXIMATION","stage_index":3,"time":"2022-09-06T06:30:00+09:00","state":"move_car_broadcast","label":"Move-car broadcast","hand_m":0.0,"hand_threshold_m":0.15,"stage_fraction":0.6,"mean_elevation_m":6.25,"distance_to_primary_river_m":232.1,"stage_driver":"REPORTED_ORDER_ONLY","not_official_flood_extent":true,"not_hydraulic_simulation":true},"geometry":{"type":"Polygon","coordinates":[[[129.405,35.994166666666665],[129.405,35.995],[129.40416666666667,35.995],[129.40416666666667,35.994166666666665],[129.405,35.994166666666665]]]}},{"type":"Feature","properties":{"grid_id":"dem-006-042","layer_role":"hand_flood_envelope","status":"TEMPORARY","source_type":"DERIVED_APPROXIMATION","stage_index":3,"time":"2022-09-06T06:30:00+09:00","state":"move_car_broadcast","label":"Move-car broadcast","hand_m":0.0,"hand_threshold_m":0.15,"stage_fraction":0.6,"mean_elevation_m":7.63,"distance_to_primary_river_m":297.1,"stage_driver":"REPORTED_ORDER_ONLY","not_official_flood_extent":true,"not_hydraulic_simulation":true},"geometry":{"type":"Polygon","coordinates":[[[129.40583333333333,35.994166666666665],[129.40583333333333,35.995],[129.405,35.995],[129.405,35.994166666666665],[129.40583333333333,35.994166666666665]]]}},{"type":"Feature","properties":{"grid_id":"dem-007-029","layer_role":"hand_flood_envelope","status":"TEMPORARY","source_type":"DERIVED_APPROXIMATION","stage_index":3,"time":"2022-09-06T06:30:00+09:00","state":"move_car_broadcast","label":"Move-car broadcast","hand_m":0.0,"hand_threshold_m":0.15,"stage_fraction":0.6,"mean_elevation_m":6.53,"distance_to_primary_river_m":602.7,"stage_driver":"REPORTED_ORDER_ONLY","not_official_flood_extent":true,"not_hydraulic_simulation":true},"geometry":{"type":"Polygon","coordinates":[[[129.395,35.99333333333333],[129.395,35.994166666666665],[129.39416666666668,35.994166666666665],[129.39416666666668,35.99333333333333],[129.395,35.99333333333333]]]}},{"type":"Feature","properties":{"grid_id":"dem-007-030","layer_role":"hand_flood_envelope","status":"TEMPORARY","source_type":"DERIVED_APPROXIMATION","stage_index":3,"time":"2022-09-06T06:30:00+09:00","state":"move_car_broadcast","label":"Move-car broadcast","hand_m":0.0,"hand_threshold_m":0.15,"stage_fraction":0.6,"mean_elevation_m":6.96,"distance_to_primary_river_m":530.3,"stage_driver":"REPORTED_ORDER_ONLY","not_official_flood_extent":true,"not_hydraulic_simulation":true},"geometry":{"type":"Polygon","coordinates":[[[129.39583333333334,35.99333333333333],[129.39583333333334,35.994166666666665],[129.395,35.994166666666665],[129.395,35.99333333333333],[129.39583333333334,35.99333333333333]]]}},{"type":"Feature","properties":{"grid_id":"dem-007-036","layer_role":"hand_flood_envelope","status":"TEMPORARY","source_type":"DERIVED_APPROXIMATION","stage_index":3,"time":"2022-09-06T06:30:00+09:00","state":"move_car_broadcast","label":"Move-car broadcast","hand_m":0.0,"hand_threshold_m":0.15,"stage_fraction":0.6,"mean_elevation_m":13.54,"distance_to_primary_river_m":97.4,"stage_driver":"REPORTED_ORDER_ONLY","not_official_flood_extent":true,"not_hydraulic_simulation":true},"geometry":{"type":"Polygon","coordinates":[[[129.40083333333334,35.99333333333333],[129.40083333333334,35.994166666666665],[129.4,35.994166666666665],[129.4,35.99333333333333],[129.40083333333334,35.99333333333333]]]}},{"type":"Feature","properties":{"grid_id":"dem-007-037","layer_role":"hand_flood_envelope","status":"TEMPORARY","source_type":"DERIVED_APPROXIMATION","stage_index":3,"time":"2022-09-06T06:30:00+09:00","state":"move_car_broadcast","label":"Move-car broadcast","hand_m":0.0,"hand_threshold_m":0.15,"stage_fraction":0.6,"mean_elevation_m":6.37,"distance_to_primary_river_m":25.6,"stage_driver":"REPORTED_ORDER_ONLY","not_official_flood_extent":true,"not_hydraulic_simulation":true},"geometry":{"type":"Polygon","coordinates":[[[129.40166666666667,35.99333333333333],[129.40166666666667,35.994166666666665],[129.40083333333334,35.994166666666665],[129.40083333333334,35.99333333333333],[129.40166666666667,35.99333333333333]]]}},{"type":"Feature","properties":{"grid_id":"dem-007-038","layer_role":"hand_flood_envelope","status":"TEMPORARY","source_type":"DERIVED_APPROXIMATION","stage_index":3,"time":"2022-09-06T06:30:00+09:00","state":"move_car_broadcast","label":"Move-car broadcast","hand_m":0.0,"hand_threshold_m":0.15,"stage_fraction":0.6,"mean_elevation_m":6.79,"distance_to_primary_river_m":46.2,"stage_driver":"REPORTED_ORDER_ONLY","not_official_flood_extent":true,"not_hydraulic_simulation":true},"geometry":{"type":"Polygon","coordinates":[[[129.4025,35.99333333333333],[129.4025,35.994166666666665],[129.40166666666667,35.994166666666665],[129.40166666666667,35.99333333333333],[129.4025,35.99333333333333]]]}},{"type":"Feature","properties":{"grid_id":"dem-007-039","layer_role":"hand_flood_envelope","status":"TEMPORARY","source_type":"DERIVED_APPROXIMATION","stage_index":3,"time":"2022-09-06T06:30:00+09:00","state":"move_car_broadcast","label":"Move-car broadcast","hand_m":0.0,"hand_threshold_m":0.15,"stage_fraction":0.6,"mean_elevation_m":9.85,"distance_to_primary_river_m":118.0,"stage_driver":"REPORTED_ORDER_ONLY","not_official_flood_extent":true,"not_hydraulic_simulation":true},"geometry":{"type":"Polygon","coordinates":[[[129.40333333333334,35.99333333333333],[129.40333333333334,35.994166666666665],[129.4025,35.994166666666665],[129.4025,35.99333333333333],[129.40333333333334,35.99333333333333]]]}},{"type":"Feature","properties":{"grid_id":"dem-007-040","layer_role":"hand_flood_envelope","status":"TEMPORARY","source_type":"DERIVED_APPROXIMATION","stage_index":3,"time":"2022-09-06T06:30:00+09:00","state":"move_car_broadcast","label":"Move-car broadcast","hand_m":0.0,"hand_threshold_m":0.15,"stage_fraction":0.6,"mean_elevation_m":9.25,"distance_to_primary_river_m":190.3,"stage_driver":"REPORTED_ORDER_ONLY","not_official_flood_extent":true,"not_hydraulic_simulation":true},"geometry":{"type":"Polygon","coordinates":[[[129.40416666666667,35.99333333333333],[129.40416666666667,35.994166666666665],[129.40333333333334,35.994166666666665],[129.40333333333334,35.99333333333333],[129.40416666666667,35.99333333333333]]]}},{"type":"Feature","properties":{"grid_id":"dem-007-041","layer_role":"hand_flood_envelope","status":"TEMPORARY","source_type":"DERIVED_APPROXIMATION","stage_index":3,"time":"2022-09-06T06:30:00+09:00","state":"move_car_broadcast","label":"Move-car broadcast","hand_m":0.0,"hand_threshold_m":0.15,"stage_fraction":0.6,"mean_elevation_m":9.21,"distance_to_primary_river_m":263.0,"stage_driver":"REPORTED_ORDER_ONLY","not_official_flood_extent":true,"not_hydraulic_simulation":true},"geometry":{"type":"Polygon","coordinates":[[[129.405,35.99333333333333],[129.405,35.994166666666665],[129.40416666666667,35.994166666666665],[129.40416666666667,35.99333333333333],[129.405,35.99333333333333]]]}},{"type":"Feature","properties":{"grid_id":"dem-007-042","layer_role":"hand_flood_envelope","status":"TEMPORARY","source_type":"DERIVED_APPROXIMATION","stage_index":3,"time":"2022-09-06T06:30:00+09:00","state":"move_car_broadcast","label":"Move-car broadcast","hand_m":0.0,"hand_threshold_m":0.15,"stage_fraction":0.6,"mean_elevation_m":8.29,"distance_to_primary_river_m":335.8,"stage_driver":"REPORTED_ORDER_ONLY","not_official_flood_extent":true,"not_hydraulic_simulation":true},"geometry":{"type":"Polygon","coordinates":[[[129.40583333333333,35.99333333333333],[129.40583333333333,35.994166666666665],[129.405,35.994166666666665],[129.405,35.99333333333333],[129.40583333333333,35.99333333333333]]]}},{"type":"Feature","properties":{"grid_id":"dem-007-043","layer_role":"hand_flood_envelope","status":"TEMPORARY","source_type":"DERIVED_APPROXIMATION","stage_index":3,"time":"2022-09-06T06:30:00+09:00","state":"move_car_broadcast","label":"Move-car broadcast","hand_m":0.0,"hand_threshold_m":0.15,"stage_fraction":0.6,"mean_elevation_m":8.0,"distance_to_primary_river_m":406.6,"stage_driver":"REPORTED_ORDER_ONLY","not_official_flood_extent":true,"not_hydraulic_simulation":true},"geometry":{"type":"Polygon","coordinates":[[[129.40666666666667,35.99333333333333],[129.40666666666667,35.994166666666665],[129.40583333333333,35.994166666666665],[129.40583333333333,35.99333333333333],[129.40666666666667,35.99333333333333]]]}},{"type":"Feature","properties":{"grid_id":"dem-008-031","layer_role":"hand_flood_envelope","status":"TEMPORARY","source_type":"DERIVED_APPROXIMATION","stage_index":3,"time":"2022-09-06T06:30:00+09:00","state":"move_car_broadcast","label":"Move-car broadcast","hand_m":0.0,"hand_threshold_m":0.15,"stage_fraction":0.6,"mean_elevation_m":7.04,"distance_to_primary_river_m":433.4,"stage_driver":"REPORTED_ORDER_ONLY","not_official_flood_extent":true,"not_hydraulic_simulation":true},"geometry":{"type":"Polygon","coordinates":[[[129.39666666666668,35.9925],[129.39666666666668,35.99333333333333],[129.39583333333334,35.99333333333333],[129.39583333333334,35.9925],[129.39666666666668,35.9925]]]}},{"type":"Feature","properties":{"grid_id":"dem-008-032","layer_role":"hand_flood_envelope","status":"TEMPORARY","source_type":"DERIVED_APPROXIMATION","stage_index":3,"time":"2022-09-06T06:30:00+09:00","state":"move_car_broadcast","label":"Move-car broadcast","hand_m":0.0,"hand_threshold_m":0.15,"stage_fraction":0.6,"mean_elevation_m":6.69,"distance_to_primary_river_m":360.9,"stage_driver":"REPORTED_ORDER_ONLY","not_official_flood_extent":true,"not_hydraulic_simulation":true},"geometry":{"type":"Polygon","coordinates":[[[129.3975,35.9925],[129.3975,35.99333333333333],[129.39666666666668,35.99333333333333],[129.39666666666668,35.9925],[129.3975,35.9925]]]}},{"type":"Feature","properties":{"grid_id":"dem-008-033","layer_role":"hand_flood_envelope","status":"TEMPORARY","source_type":"DERIVED_APPROXIMATION","stage_index":3,"time":"2022-09-06T06:30:00+09:00","state":"move_car_broadcast","label":"Move-car broadcast","hand_m":0.0,"hand_threshold_m":0.15,"stage_fraction":0.6,"mean_elevation_m":6.78,"distance_to_primary_river_m":288.4,"stage_driver":"REPORTED_ORDER_ONLY","not_official_flood_extent":true,"not_hydraulic_simulation":true},"geometry":{"type":"Polygon","coordinates":[[[129.39833333333334,35.9925],[129.39833333333334,35.99333333333333],[129.3975,35.99333333333333],[129.3975,35.9925],[129.39833333333334,35.9925]]]}},{"type":"Feature","properties":{"grid_id":"dem-008-034","layer_role":"hand_flood_envelope","status":"TEMPORARY","source_type":"DERIVED_APPROXIMATION","stage_index":3,"time":"2022-09-06T06:30:00+09:00","state":"move_car_broadcast","label":"Move-car broadcast","hand_m":0.0,"hand_threshold_m":0.15,"stage_fraction":0.6,"mean_elevation_m":6.01,"distance_to_primary_river_m":216.0,"stage_driver":"REPORTED_ORDER_ONLY","not_official_flood_extent":true,"not_hydraulic_simulation":true},"geometry":{"type":"Polygon","coordinates":[[[129.39916666666667,35.9925],[129.39916666666667,35.99333333333333],[129.39833333333334,35.99333333333333],[129.39833333333334,35.9925],[129.39916666666667,35.9925]]]}},{"type":"Feature","properties":{"grid_id":"dem-008-035","layer_role":"hand_flood_envelope","status":"TEMPORARY","source_type":"DERIVED_APPROXIMATION","stage_index":3,"time":"2022-09-06T06:30:00+09:00","state":"move_car_broadcast","label":"Move-car broadcast","hand_m":0.0,"hand_threshold_m":0.15,"stage_fraction":0.6,"mean_elevation_m":7.39,"distance_to_primary_river_m":143.5,"stage_driver":"REPORTED_ORDER_ONLY","not_official_flood_extent":true,"not_hydraulic_simulation":true},"geometry":{"type":"Polygon","coordinates":[[[129.4,35.9925],[129.4,35.99333333333333],[129.39916666666667,35.99333333333333],[129.39916666666667,35.9925],[129.4,35.9925]]]}},{"type":"Feature","properties":{"grid_id":"dem-008-036","layer_role":"hand_flood_envelope","status":"TEMPORARY","source_type":"DERIVED_APPROXIMATION","stage_index":3,"time":"2022-09-06T06:30:00+09:00","state":"move_car_broadcast","label":"Move-car broadcast","hand_m":0.0,"hand_threshold_m":0.15,"stage_fraction":0.6,"mean_elevation_m":8.56,"distance_to_primary_river_m":71.0,"stage_driver":"REPORTED_ORDER_ONLY","not_official_flood_extent":true,"not_hydraulic_simulation":true},"geometry":{"type":"Polygon","coordinates":[[[129.40083333333334,35.9925],[129.40083333333334,35.99333333333333],[129.4,35.99333333333333],[129.4,35.9925],[129.40083333333334,35.9925]]]}},{"type":"Feature","properties":{"grid_id":"dem-008-037","layer_role":"hand_flood_envelope","status":"TEMPORARY","source_type":"DERIVED_APPROXIMATION","stage_index":3,"time":"2022-09-06T06:30:00+09:00","state":"move_car_broadcast","label":"Move-car broadcast","hand_m":0.0,"hand_threshold_m":0.15,"stage_fraction":0.6,"mean_elevation_m":4.45,"distance_to_primary_river_m":1.4,"stage_driver":"REPORTED_ORDER_ONLY","not_official_flood_extent":true,"not_hydraulic_simulation":true},"geometry":{"type":"Polygon","coordinates":[[[129.40166666666667,35.9925],[129.40166666666667,35.99333333333333],[129.40083333333334,35.99333333333333],[129.40083333333334,35.9925],[129.40166666666667,35.9925]]]}},{"type":"Feature","properties":{"grid_id":"dem-008-038","layer_role":"hand_flood_envelope","status":"TEMPORARY","source_type":"DERIVED_APPROXIMATION","stage_index":3,"time":"2022-09-06T06:30:00+09:00","state":"move_car_broadcast","label":"Move-car broadcast","hand_m":0.0,"hand_threshold_m":0.15,"stage_fraction":0.6,"mean_elevation_m":8.4,"distance_to_primary_river_m":73.5,"stage_driver":"REPORTED_ORDER_ONLY","not_official_flood_extent":true,"not_hydraulic_simulation":true},"geometry":{"type":"Polygon","coordinates":[[[129.4025,35.9925],[129.4025,35.99333333333333],[129.40166666666667,35.99333333333333],[129.40166666666667,35.9925],[129.4025,35.9925]]]}},{"type":"Feature","properties":{"grid_id":"dem-008-039","layer_role":"hand_flood_envelope","status":"TEMPORARY","source_type":"DERIVED_APPROXIMATION","stage_index":3,"time":"2022-09-06T06:30:00+09:00","state":"move_car_broadcast","label":"Move-car broadcast","hand_m":0.0,"hand_threshold_m":0.15,"stage_fraction":0.6,"mean_elevation_m":10.28,"distance_to_primary_river_m":145.3,"stage_driver":"REPORTED_ORDER_ONLY","not_official_flood_extent":true,"not_hydraulic_simulation":true},"geometry":{"type":"Polygon","coordinates":[[[129.40333333333334,35.9925],[129.40333333333334,35.99333333333333],[129.4025,35.99333333333333],[129.4025,35.9925],[129.40333333333334,35.9925]]]}},{"type":"Feature","properties":{"grid_id":"dem-008-040","layer_role":"hand_flood_envelope","status":"TEMPORARY","source_type":"DERIVED_APPROXIMATION","stage_index":3,"time":"2022-09-06T06:30:00+09:00","state":"move_car_broadcast","label":"Move-car broadcast","hand_m":0.0,"hand_threshold_m":0.15,"stage_fraction":0.6,"mean_elevation_m":9.91,"distance_to_primary_river_m":217.1,"stage_driver":"REPORTED_ORDER_ONLY","not_official_flood_extent":true,"not_hydraulic_simulation":true},"geometry":{"type":"Polygon","coordinates":[[[129.40416666666667,35.9925],[129.40416666666667,35.99333333333333],[129.40333333333334,35.99333333333333],[129.40333333333334,35.9925],[129.40416666666667,35.9925]]]}},{"type":"Feature","properties":{"grid_id":"dem-008-042","layer_role":"hand_flood_envelope","status":"TEMPORARY","source_type":"DERIVED_APPROXIMATION","stage_index":3,"time":"2022-09-06T06:30:00+09:00","state":"move_car_broadcast","label":"Move-car broadcast","hand_m":0.0,"hand_threshold_m":0.15,"stage_fraction":0.6,"mean_elevation_m":9.06,"distance_to_primary_river_m":360.7,"stage_driver":"REPORTED_ORDER_ONLY","not_official_flood_extent":true,"not_hydraulic_simulation":true},"geometry":{"type":"Polygon","coordinates":[[[129.40583333333333,35.9925],[129.40583333333333,35.99333333333333],[129.405,35.99333333333333],[129.405,35.9925],[129.40583333333333,35.9925]]]}},{"type":"Feature","properties":{"grid_id":"dem-008-043","layer_role":"hand_flood_envelope","status":"TEMPORARY","source_type":"DERIVED_APPROXIMATION","stage_index":3,"time":"2022-09-06T06:30:00+09:00","state":"move_car_broadcast","label":"Move-car broadcast","hand_m":0.0,"hand_threshold_m":0.15,"stage_fraction":0.6,"mean_elevation_m":8.32,"distance_to_primary_river_m":432.5,"stage_driver":"REPORTED_ORDER_ONLY","not_official_flood_extent":true,"not_hydraulic_simulation":true},"geometry":{"type":"Polygon","coordinates":[[[129.40666666666667,35.9925],[129.40666666666667,35.99333333333333],[129.40583333333333,35.99333333333333],[129.40583333333333,35.9925],[129.40666666666667,35.9925]]]}},{"type":"Feature","properties":{"grid_id":"dem-008-044","layer_role":"hand_flood_envelope","status":"TEMPORARY","source_type":"DERIVED_APPROXIMATION","stage_index":3,"time":"2022-09-06T06:30:00+09:00","state":"move_car_broadcast","label":"Move-car broadcast","hand_m":0.0,"hand_threshold_m":0.15,"stage_fraction":0.6,"mean_elevation_m":8.95,"distance_to_primary_river_m":504.5,"stage_driver":"REPORTED_ORDER_ONLY","not_official_flood_extent":true,"not_hydraulic_simulation":true},"geometry":{"type":"Polygon","coordinates":[[[129.4075,35.9925],[129.4075,35.99333333333333],[129.40666666666667,35.99333333333333],[129.40666666666667,35.9925],[129.4075,35.9925]]]}},{"type":"Feature","properties":{"grid_id":"dem-009-030","layer_role":"hand_flood_envelope","status":"TEMPORARY","source_type":"DERIVED_APPROXIMATION","stage_index":3,"time":"2022-09-06T06:30:00+09:00","state":"move_car_broadcast","label":"Move-car broadcast","hand_m":0.07,"hand_threshold_m":0.15,"stage_fraction":0.6,"mean_elevation_m":9.45,"distance_to_primary_river_m":486.1,"stage_driver":"REPORTED_ORDER_ONLY","not_official_flood_extent":true,"not_hydraulic_simulation":true},"geometry":{"type":"Polygon","coordinates":[[[129.39583333333334,35.99166666666667],[129.39583333333334,35.9925],[129.395,35.9925],[129.395,35.99166666666667],[129.39583333333334,35.99166666666667]]]}},{"type":"Feature","properties":{"grid_id":"dem-009-032","layer_role":"hand_flood_envelope","status":"TEMPORARY","source_type":"DERIVED_APPROXIMATION","stage_index":3,"time":"2022-09-06T06:30:00+09:00","state":"move_car_broadcast","label":"Move-car broadcast","hand_m":0.0,"hand_threshold_m":0.15,"stage_fraction":0.6,"mean_elevation_m":8.8,"distance_to_primary_river_m":337.6,"stage_driver":"REPORTED_ORDER_ONLY","not_official_flood_extent":true,"not_hydraulic_simulation":true},"geometry":{"type":"Polygon","coordinates":[[[129.3975,35.99166666666667],[129.3975,35.9925],[129.39666666666668,35.9925],[129.39666666666668,35.99166666666667],[129.3975,35.99166666666667]]]}},{"type":"Feature","properties":{"grid_id":"dem-009-033","layer_role":"hand_flood_envelope","status":"TEMPORARY","source_type":"DERIVED_APPROXIMATION","stage_index":3,"time":"2022-09-06T06:30:00+09:00","state":"move_car_broadcast","label":"Move-car broadcast","hand_m":0.0,"hand_threshold_m":0.15,"stage_fraction":0.6,"mean_elevation_m":7.32,"distance_to_primary_river_m":264.1,"stage_driver":"REPORTED_ORDER_ONLY","not_official_flood_extent":true,"not_hydraulic_simulation":true},"geometry":{"type":"Polygon","coordinates":[[[129.39833333333334,35.99166666666667],[129.39833333333334,35.9925],[129.3975,35.9925],[129.3975,35.99166666666667],[129.39833333333334,35.99166666666667]]]}},{"type":"Feature","properties":{"grid_id":"dem-009-034","layer_role":"hand_flood_envelope","status":"TEMPORARY","source_type":"DERIVED_APPROXIMATION","stage_index":3,"time":"2022-09-06T06:30:00+09:00","state":"move_car_broadcast","label":"Move-car broadcast","hand_m":0.0,"hand_threshold_m":0.15,"stage_fraction":0.6,"mean_elevation_m":9.1,"distance_to_primary_river_m":191.5,"stage_driver":"REPORTED_ORDER_ONLY","not_official_flood_extent":true,"not_hydraulic_simulation":true},"geometry":{"type":"Polygon","coordinates":[[[129.39916666666667,35.99166666666667],[129.39916666666667,35.9925],[129.39833333333334,35.9925],[129.39833333333334,35.99166666666667],[129.39916666666667,35.99166666666667]]]}},{"type":"Feature","properties":{"grid_id":"dem-009-035","layer_role":"hand_flood_envelope","status":"TEMPORARY","source_type":"DERIVED_APPROXIMATION","stage_index":3,"time":"2022-09-06T06:30:00+09:00","state":"move_car_broadcast","label":"Move-car broadcast","hand_m":0.0,"hand_threshold_m":0.15,"stage_fraction":0.6,"mean_elevation_m":9.37,"distance_to_primary_river_m":119.1,"stage_driver":"REPORTED_ORDER_ONLY","not_official_flood_extent":true,"not_hydraulic_simulation":true},"geometry":{"type":"Polygon","coordinates":[[[129.4,35.99166666666667],[129.4,35.9925],[129.39916666666667,35.9925],[129.39916666666667,35.99166666666667],[129.4,35.99166666666667]]]}},{"type":"Feature","properties":{"grid_id":"dem-009-036","layer_role":"hand_flood_envelope","status":"TEMPORARY","source_type":"DERIVED_APPROXIMATION","stage_index":3,"time":"2022-09-06T06:30:00+09:00","state":"move_car_broadcast","label":"Move-car broadcast","hand_m":0.0,"hand_threshold_m":0.15,"stage_fraction":0.6,"mean_elevation_m":7.74,"distance_to_primary_river_m":46.6,"stage_driver":"REPORTED_ORDER_ONLY","not_official_flood_extent":true,"not_hydraulic_simulation":true},"geometry":{"type":"Polygon","coordinates":[[[129.40083333333334,35.99166666666667],[129.40083333333334,35.9925],[129.4,35.9925],[129.4,35.99166666666667],[129.40083333333334,35.99166666666667]]]}},{"type":"Feature","properties":{"grid_id":"dem-009-037","layer_role":"hand_flood_envelope","status":"TEMPORARY","source_type":"DERIVED_APPROXIMATION","stage_index":3,"time":"2022-09-06T06:30:00+09:00","state":"move_car_broadcast","label":"Move-car broadcast","hand_m":0.0,"hand_threshold_m":0.15,"stage_fraction":0.6,"mean_elevation_m":4.44,"distance_to_primary_river_m":25.9,"stage_driver":"REPORTED_ORDER_ONLY","not_official_flood_extent":true,"not_hydraulic_simulation":true},"geometry":{"type":"Polygon","coordinates":[[[129.40166666666667,35.99166666666667],[129.40166666666667,35.9925],[129.40083333333334,35.9925],[129.40083333333334,35.99166666666667],[129.40166666666667,35.99166666666667]]]}},{"type":"Feature","properties":{"grid_id":"dem-009-038","layer_role":"hand_flood_envelope","status":"TEMPORARY","source_type":"DERIVED_APPROXIMATION","stage_index":3,"time":"2022-09-06T06:30:00+09:00","state":"move_car_broadcast","label":"Move-car broadcast","hand_m":0.0,"hand_threshold_m":0.15,"stage_fraction":0.6,"mean_elevation_m":10.27,"distance_to_primary_river_m":98.3,"stage_driver":"REPORTED_ORDER_ONLY","not_official_flood_extent":true,"not_hydraulic_simulation":true},"geometry":{"type":"Polygon","coordinates":[[[129.4025,35.99166666666667],[129.4025,35.9925],[129.40166666666667,35.9925],[129.40166666666667,35.99166666666667],[129.4025,35.99166666666667]]]}},{"type":"Feature","properties":{"grid_id":"dem-009-039","layer_role":"hand_flood_envelope","status":"TEMPORARY","source_type":"DERIVED_APPROXIMATION","stage_index":3,"time":"2022-09-06T06:30:00+09:00","state":"move_car_broadcast","label":"Move-car broadcast","hand_m":0.01,"hand_threshold_m":0.15,"stage_fraction":0.6,"mean_elevation_m":10.28,"distance_to_primary_river_m":170.8,"stage_driver":"REPORTED_ORDER_ONLY","not_official_flood_extent":true,"not_hydraulic_simulation":true},"geometry":{"type":"Polygon","coordinates":[[[129.40333333333334,35.99166666666667],[129.40333333333334,35.9925],[129.4025,35.9925],[129.4025,35.99166666666667],[129.40333333333334,35.99166666666667]]]}},{"type":"Feature","properties":{"grid_id":"dem-009-040","layer_role":"hand_flood_envelope","status":"TEMPORARY","source_type":"DERIVED_APPROXIMATION","stage_index":3,"time":"2022-09-06T06:30:00+09:00","state":"move_car_broadcast","label":"Move-car broadcast","hand_m":0.0,"hand_threshold_m":0.15,"stage_fraction":0.6,"mean_elevation_m":9.9,"distance_to_primary_river_m":243.3,"stage_driver":"REPORTED_ORDER_ONLY","not_official_flood_extent":true,"not_hydraulic_simulation":true},"geometry":{"type":"Polygon","coordinates":[[[129.40416666666667,35.99166666666667],[129.40416666666667,35.9925],[129.40333333333334,35.9925],[129.40333333333334,35.99166666666667],[129.40416666666667,35.99166666666667]]]}},{"type":"Feature","properties":{"grid_id":"dem-009-043","layer_role":"hand_flood_envelope","status":"TEMPORARY","source_type":"DERIVED_APPROXIMATION","stage_index":3,"time":"2022-09-06T06:30:00+09:00","state":"move_car_broadcast","label":"Move-car broadcast","hand_m":0.0,"hand_threshold_m":0.15,"stage_fraction":0.6,"mean_elevation_m":9.4,"distance_to_primary_river_m":459.7,"stage_driver":"REPORTED_ORDER_ONLY","not_official_flood_extent":true,"not_hydraulic_simulation":true},"geometry":{"type":"Polygon","coordinates":[[[129.40666666666667,35.99166666666667],[129.40666666666667,35.9925],[129.40583333333333,35.9925],[129.40583333333333,35.99166666666667],[129.40666666666667,35.99166666666667]]]}},{"type":"Feature","properties":{"grid_id":"dem-009-044","layer_role":"hand_flood_envelope","status":"TEMPORARY","source_type":"DERIVED_APPROXIMATION","stage_index":3,"time":"2022-09-06T06:30:00+09:00","state":"move_car_broadcast","label":"Move-car broadcast","hand_m":0.0,"hand_threshold_m":0.15,"stage_fraction":0.6,"mean_elevation_m":9.15,"distance_to_primary_river_m":531.5,"stage_driver":"REPORTED_ORDER_ONLY","not_official_flood_extent":true,"not_hydraulic_simulation":true},"geometry":{"type":"Polygon","coordinates":[[[129.4075,35.99166666666667],[129.4075,35.9925],[129.40666666666667,35.9925],[129.40666666666667,35.99166666666667],[129.4075,35.99166666666667]]]}},{"type":"Feature","properties":{"grid_id":"dem-010-030","layer_role":"hand_flood_envelope","status":"TEMPORARY","source_type":"DERIVED_APPROXIMATION","stage_index":3,"time":"2022-09-06T06:30:00+09:00","state":"move_car_broadcast","label":"Move-car broadcast","hand_m":0.0,"hand_threshold_m":0.15,"stage_fraction":0.6,"mean_elevation_m":14.63,"distance_to_primary_river_m":475.9,"stage_driver":"REPORTED_ORDER_ONLY","not_official_flood_extent":true,"not_hydraulic_simulation":true},"geometry":{"type":"Polygon","coordinates":[[[129.39583333333334,35.990833333333335],[129.39583333333334,35.99166666666667],[129.395,35.99166666666667],[129.395,35.990833333333335],[129.39583333333334,35.990833333333335]]]}},{"type":"Feature","properties":{"grid_id":"dem-010-031","layer_role":"hand_flood_envelope","status":"TEMPORARY","source_type":"DERIVED_APPROXIMATION","stage_index":3,"time":"2022-09-06T06:30:00+09:00","state":"move_car_broadcast","label":"Move-car broadcast","hand_m":0.0,"hand_threshold_m":0.15,"stage_fraction":0.6,"mean_elevation_m":9.27,"distance_to_primary_river_m":401.2,"stage_driver":"REPORTED_ORDER_ONLY","not_official_flood_extent":true,"not_hydraulic_simulation":true},"geometry":{"type":"Polygon","coordinates":[[[129.39666666666668,35.990833333333335],[129.39666666666668,35.99166666666667],[129.39583333333334,35.99166666666667],[129.39583333333334,35.990833333333335],[129.39666666666668,35.990833333333335]]]}},{"type":"Feature","properties":{"grid_id":"dem-010-032","layer_role":"hand_flood_envelope","status":"TEMPORARY","source_type":"DERIVED_APPROXIMATION","stage_index":3,"time":"2022-09-06T06:30:00+09:00","state":"move_car_broadcast","label":"Move-car broadcast","hand_m":0.0,"hand_threshold_m":0.15,"stage_fraction":0.6,"mean_elevation_m":8.24,"distance_to_primary_river_m":326.5,"stage_driver":"REPORTED_ORDER_ONLY","not_official_flood_extent":true,"not_hydraulic_simulation":true},"geometry":{"type":"Polygon","coordinates":[[[129.3975,35.990833333333335],[129.3975,35.99166666666667],[129.39666666666668,35.99166666666667],[129.39666666666668,35.990833333333335],[129.3975,35.990833333333335]]]}},{"type":"Feature","properties":{"grid_id":"dem-010-033","layer_role":"hand_flood_envelope","status":"TEMPORARY","source_type":"DERIVED_APPROXIMATION","stage_index":3,"time":"2022-09-06T06:30:00+09:00","state":"move_car_broadcast","label":"Move-car broadcast","hand_m":0.0,"hand_threshold_m":0.15,"stage_fraction":0.6,"mean_elevation_m":6.67,"distance_to_primary_river_m":251.8,"stage_driver":"REPORTED_ORDER_ONLY","not_official_flood_extent":true,"not_hydraulic_simulation":true},"geometry":{"type":"Polygon","coordinates":[[[129.39833333333334,35.990833333333335],[129.39833333333334,35.99166666666667],[129.3975,35.99166666666667],[129.3975,35.990833333333335],[129.39833333333334,35.990833333333335]]]}},{"type":"Feature","properties":{"grid_id":"dem-010-034","layer_role":"hand_flood_envelope","status":"TEMPORARY","source_type":"DERIVED_APPROXIMATION","stage_index":3,"time":"2022-09-06T06:30:00+09:00","state":"move_car_broadcast","label":"Move-car broadcast","hand_m":0.12,"hand_threshold_m":0.15,"stage_fraction":0.6,"mean_elevation_m":15.03,"distance_to_primary_river_m":177.1,"stage_driver":"REPORTED_ORDER_ONLY","not_official_flood_extent":true,"not_hydraulic_simulation":true},"geometry":{"type":"Polygon","coordinates":[[[129.39916666666667,35.990833333333335],[129.39916666666667,35.99166666666667],[129.39833333333334,35.99166666666667],[129.39833333333334,35.990833333333335],[129.39916666666667,35.990833333333335]]]}},{"type":"Feature","properties":{"grid_id":"dem-010-035","layer_role":"hand_flood_envelope","status":"TEMPORARY","source_type":"DERIVED_APPROXIMATION","stage_index":3,"time":"2022-09-06T06:30:00+09:00","state":"move_car_broadcast","label":"Move-car broadcast","hand_m":0.0,"hand_threshold_m":0.15,"stage_fraction":0.6,"mean_elevation_m":14.91,"distance_to_primary_river_m":102.4,"stage_driver":"REPORTED_ORDER_ONLY","not_official_flood_extent":true,"not_hydraulic_simulation":true},"geometry":{"type":"Polygon","coordinates":[[[129.4,35.990833333333335],[129.4,35.99166666666667],[129.39916666666667,35.99166666666667],[129.39916666666667,35.990833333333335],[129.4,35.990833333333335]]]}},{"type":"Feature","properties":{"grid_id":"dem-010-036","layer_role":"hand_flood_envelope","status":"TEMPORARY","source_type":"DERIVED_APPROXIMATION","stage_index":3,"time":"2022-09-06T06:30:00+09:00","state":"move_car_broadcast","label":"Move-car broadcast","hand_m":0.0,"hand_threshold_m":0.15,"stage_fraction":0.6,"mean_elevation_m":4.68,"distance_to_primary_river_m":27.8,"stage_driver":"REPORTED_ORDER_ONLY","not_official_flood_extent":true,"not_hydraulic_simulation":true},"geometry":{"type":"Polygon","coordinates":[[[129.40083333333334,35.990833333333335],[129.40083333333334,35.99166666666667],[129.4,35.99166666666667],[129.4,35.990833333333335],[129.40083333333334,35.990833333333335]]]}},{"type":"Feature","properties":{"grid_id":"dem-010-037","layer_role":"hand_flood_envelope","status":"TEMPORARY","source_type":"DERIVED_APPROXIMATION","stage_index":3,"time":"2022-09-06T06:30:00+09:00","state":"move_car_broadcast","label":"Move-car broadcast","hand_m":0.0,"hand_threshold_m":0.15,"stage_fraction":0.6,"mean_elevation_m":5.74,"distance_to_primary_river_m":46.9,"stage_driver":"REPORTED_ORDER_ONLY","not_official_flood_extent":true,"not_hydraulic_simulation":true},"geometry":{"type":"Polygon","coordinates":[[[129.40166666666667,35.990833333333335],[129.40166666666667,35.99166666666667],[129.40083333333334,35.99166666666667],[129.40083333333334,35.990833333333335],[129.40166666666667,35.990833333333335]]]}},{"type":"Feature","properties":{"grid_id":"dem-010-038","layer_role":"hand_flood_envelope","status":"TEMPORARY","source_type":"DERIVED_APPROXIMATION","stage_index":3,"time":"2022-09-06T06:30:00+09:00","state":"move_car_broadcast","label":"Move-car broadcast","hand_m":0.0,"hand_threshold_m":0.15,"stage_fraction":0.6,"mean_elevation_m":8.18,"distance_to_primary_river_m":121.6,"stage_driver":"REPORTED_ORDER_ONLY","not_official_flood_extent":true,"not_hydraulic_simulation":true},"geometry":{"type":"Polygon","coordinates":[[[129.4025,35.990833333333335],[129.4025,35.99166666666667],[129.40166666666667,35.99166666666667],[129.40166666666667,35.990833333333335],[129.4025,35.990833333333335]]]}},{"type":"Feature","properties":{"grid_id":"dem-010-044","layer_role":"hand_flood_envelope","status":"TEMPORARY","source_type":"DERIVED_APPROXIMATION","stage_index":3,"time":"2022-09-06T06:30:00+09:00","state":"move_car_broadcast","label":"Move-car broadcast","hand_m":0.0,"hand_threshold_m":0.15,"stage_fraction":0.6,"mean_elevation_m":10.06,"distance_to_primary_river_m":557.6,"stage_driver":"REPORTED_ORDER_ONLY","not_official_flood_extent":true,"not_hydraulic_simulation":true},"geometry":{"type":"Polygon","coordinates":[[[129.4075,35.990833333333335],[129.4075,35.99166666666667],[129.40666666666667,35.99166666666667],[129.40666666666667,35.990833333333335],[129.4075,35.990833333333335]]]}},{"type":"Feature","properties":{"grid_id":"dem-011-032","layer_role":"hand_flood_envelope","status":"TEMPORARY","source_type":"DERIVED_APPROXIMATION","stage_index":3,"time":"2022-09-06T06:30:00+09:00","state":"move_car_broadcast","label":"Move-car broadcast","hand_m":0.0,"hand_threshold_m":0.15,"stage_fraction":0.6,"mean_elevation_m":8.27,"distance_to_primary_river_m":322.6,"stage_driver":"REPORTED_ORDER_ONLY","not_official_flood_extent":true,"not_hydraulic_simulation":true},"geometry":{"type":"Polygon","coordinates":[[[129.3975,35.99],[129.3975,35.990833333333335],[129.39666666666668,35.990833333333335],[129.39666666666668,35.99],[129.3975,35.99]]]}},{"type":"Feature","properties":{"grid_id":"dem-011-033","layer_role":"hand_flood_envelope","status":"TEMPORARY","source_type":"DERIVED_APPROXIMATION","stage_index":3,"time":"2022-09-06T06:30:00+09:00","state":"move_car_broadcast","label":"Move-car broadcast","hand_m":0.0,"hand_threshold_m":0.15,"stage_fraction":0.6,"mean_elevation_m":7.41,"distance_to_primary_river_m":247.8,"stage_driver":"REPORTED_ORDER_ONLY","not_official_flood_extent":true,"not_hydraulic_simulation":true},"geometry":{"type":"Polygon","coordinates":[[[129.39833333333334,35.99],[129.39833333333334,35.990833333333335],[129.3975,35.990833333333335],[129.3975,35.99],[129.39833333333334,35.99]]]}},{"type":"Feature","properties":{"grid_id":"dem-011-034","layer_role":"hand_flood_envelope","status":"TEMPORARY","source_type":"DERIVED_APPROXIMATION","stage_index":3,"time":"2022-09-06T06:30:00+09:00","state":"move_car_broadcast","label":"Move-car broadcast","hand_m":0.0,"hand_threshold_m":0.15,"stage_fraction":0.6,"mean_elevation_m":8.54,"distance_to_primary_river_m":173.3,"stage_driver":"REPORTED_ORDER_ONLY","not_official_flood_extent":true,"not_hydraulic_simulation":true},"geometry":{"type":"Polygon","coordinates":[[[129.39916666666667,35.99],[129.39916666666667,35.990833333333335],[129.39833333333334,35.990833333333335],[129.39833333333334,35.99],[129.39916666666667,35.99]]]}},{"type":"Feature","properties":{"grid_id":"dem-011-035","layer_role":"hand_flood_envelope","status":"TEMPORARY","source_type":"DERIVED_APPROXIMATION","stage_index":3,"time":"2022-09-06T06:30:00+09:00","state":"move_car_broadcast","label":"Move-car broadcast","hand_m":0.0,"hand_threshold_m":0.15,"stage_fraction":0.6,"mean_elevation_m":9.23,"distance_to_primary_river_m":98.9,"stage_driver":"REPORTED_ORDER_ONLY","not_official_flood_extent":true,"not_hydraulic_simulation":true},"geometry":{"type":"Polygon","coordinates":[[[129.4,35.99],[129.4,35.990833333333335],[129.39916666666667,35.990833333333335],[129.39916666666667,35.99],[129.4,35.99]]]}},{"type":"Feature","properties":{"grid_id":"dem-011-036","layer_role":"hand_flood_envelope","status":"TEMPORARY","source_type":"DERIVED_APPROXIMATION","stage_index":3,"time":"2022-09-06T06:30:00+09:00","state":"move_car_broadcast","label":"Move-car broadcast","hand_m":0.0,"hand_threshold_m":0.15,"stage_fraction":0.6,"mean_elevation_m":4.81,"distance_to_primary_river_m":24.6,"stage_driver":"REPORTED_ORDER_ONLY","not_official_flood_extent":true,"not_hydraulic_simulation":true},"geometry":{"type":"Polygon","coordinates":[[[129.40083333333334,35.99],[129.40083333333334,35.990833333333335],[129.4,35.990833333333335],[129.4,35.99],[129.40083333333334,35.99]]]}},{"type":"Feature","properties":{"grid_id":"dem-011-037","layer_role":"hand_flood_envelope","status":"TEMPORARY","source_type":"DERIVED_APPROXIMATION","stage_index":3,"time":"2022-09-06T06:30:00+09:00","state":"move_car_broadcast","label":"Move-car broadcast","hand_m":0.0,"hand_threshold_m":0.15,"stage_fraction":0.6,"mean_elevation_m":6.23,"distance_to_primary_river_m":49.8,"stage_driver":"REPORTED_ORDER_ONLY","not_official_flood_extent":true,"not_hydraulic_simulation":true},"geometry":{"type":"Polygon","coordinates":[[[129.40166666666667,35.99],[129.40166666666667,35.990833333333335],[129.40083333333334,35.990833333333335],[129.40083333333334,35.99],[129.40166666666667,35.99]]]}},{"type":"Feature","properties":{"grid_id":"dem-011-038","layer_role":"hand_flood_envelope","status":"TEMPORARY","source_type":"DERIVED_APPROXIMATION","stage_index":3,"time":"2022-09-06T06:30:00+09:00","state":"move_car_broadcast","label":"Move-car broadcast","hand_m":0.0,"hand_threshold_m":0.15,"stage_fraction":0.6,"mean_elevation_m":10.04,"distance_to_primary_river_m":123.1,"stage_driver":"REPORTED_ORDER_ONLY","not_official_flood_extent":true,"not_hydraulic_simulation":true},"geometry":{"type":"Polygon","coordinates":[[[129.4025,35.99],[129.4025,35.990833333333335],[129.40166666666667,35.990833333333335],[129.40166666666667,35.99],[129.4025,35.99]]]}},{"type":"Feature","properties":{"grid_id":"dem-011-039","layer_role":"hand_flood_envelope","status":"TEMPORARY","source_type":"DERIVED_APPROXIMATION","stage_index":3,"time":"2022-09-06T06:30:00+09:00","state":"move_car_broadcast","label":"Move-car broadcast","hand_m":0.0,"hand_threshold_m":0.15,"stage_fraction":0.6,"mean_elevation_m":8.7,"distance_to_primary_river_m":189.8,"stage_driver":"REPORTED_ORDER_ONLY","not_official_flood_extent":true,"not_hydraulic_simulation":true},"geometry":{"type":"Polygon","coordinates":[[[129.40333333333334,35.99],[129.40333333333334,35.990833333333335],[129.4025,35.990833333333335],[129.4025,35.99],[129.40333333333334,35.99]]]}},{"type":"Feature","properties":{"grid_id":"dem-012-032","layer_role":"hand_flood_envelope","status":"TEMPORARY","source_type":"DERIVED_APPROXIMATION","stage_index":3,"time":"2022-09-06T06:30:00+09:00","state":"move_car_broadcast","label":"Move-car broadcast","hand_m":0.05,"hand_threshold_m":0.15,"stage_fraction":0.6,"mean_elevation_m":10.86,"distance_to_primary_river_m":335.5,"stage_driver":"REPORTED_ORDER_ONLY","not_official_flood_extent":true,"not_hydraulic_simulation":true},"geometry":{"type":"Polygon","coordinates":[[[129.3975,35.98916666666667],[129.3975,35.99],[129.39666666666668,35.99],[129.39666666666668,35.98916666666667],[129.3975,35.98916666666667]]]}},{"type":"Feature","properties":{"grid_id":"dem-012-033","layer_role":"hand_flood_envelope","status":"TEMPORARY","source_type":"DERIVED_APPROXIMATION","stage_index":3,"time":"2022-09-06T06:30:00+09:00","state":"move_car_broadcast","label":"Move-car broadcast","hand_m":0.0,"hand_threshold_m":0.15,"stage_fraction":0.6,"mean_elevation_m":10.38,"distance_to_primary_river_m":261.7,"stage_driver":"REPORTED_ORDER_ONLY","not_official_flood_extent":true,"not_hydraulic_simulation":true},"geometry":{"type":"Polygon","coordinates":[[[129.39833333333334,35.98916666666667],[129.39833333333334,35.99],[129.3975,35.99],[129.3975,35.98916666666667],[129.39833333333334,35.98916666666667]]]}},{"type":"Feature","properties":{"grid_id":"dem-012-035","layer_role":"hand_flood_envelope","status":"TEMPORARY","source_type":"DERIVED_APPROXIMATION","stage_index":3,"time":"2022-09-06T06:30:00+09:00","state":"move_car_broadcast","label":"Move-car broadcast","hand_m":0.0,"hand_threshold_m":0.15,"stage_fraction":0.6,"mean_elevation_m":10.81,"distance_to_primary_river_m":119.6,"stage_driver":"REPORTED_ORDER_ONLY","not_official_flood_extent":true,"not_hydraulic_simulation":true},"geometry":{"type":"Polygon","coordinates":[[[129.4,35.98916666666667],[129.4,35.99],[129.39916666666667,35.99],[129.39916666666667,35.98916666666667],[129.4,35.98916666666667]]]}},{"type":"Feature","properties":{"grid_id":"dem-012-036","layer_role":"hand_flood_envelope","status":"TEMPORARY","source_type":"DERIVED_APPROXIMATION","stage_index":3,"time":"2022-09-06T06:30:00+09:00","state":"move_car_broadcast","label":"Move-car broadcast","hand_m":0.0,"hand_threshold_m":0.15,"stage_fraction":0.6,"mean_elevation_m":6.47,"distance_to_primary_river_m":52.9,"stage_driver":"REPORTED_ORDER_ONLY","not_official_flood_extent":true,"not_hydraulic_simulation":true},"geometry":{"type":"Polygon","coordinates":[[[129.40083333333334,35.98916666666667],[129.40083333333334,35.99],[129.4,35.99],[129.4,35.98916666666667],[129.40083333333334,35.98916666666667]]]}},{"type":"Feature","properties":{"grid_id":"dem-012-037","layer_role":"hand_flood_envelope","status":"TEMPORARY","source_type":"DERIVED_APPROXIMATION","stage_index":3,"time":"2022-09-06T06:30:00+09:00","state":"move_car_broadcast","label":"Move-car broadcast","hand_m":0.0,"hand_threshold_m":0.15,"stage_fraction":0.6,"mean_elevation_m":4.42,"distance_to_primary_river_m":13.8,"stage_driver":"REPORTED_ORDER_ONLY","not_official_flood_extent":true,"not_hydraulic_simulation":true},"geometry":{"type":"Polygon","coordinates":[[[129.40166666666667,35.98916666666667],[129.40166666666667,35.99],[129.40083333333334,35.99],[129.40083333333334,35.98916666666667],[129.40166666666667,35.98916666666667]]]}},{"type":"Feature","properties":{"grid_id":"dem-012-038","layer_role":"hand_flood_envelope","status":"TEMPORARY","source_type":"DERIVED_APPROXIMATION","stage_index":3,"time":"2022-09-06T06:30:00+09:00","state":"move_car_broadcast","label":"Move-car broadcast","hand_m":0.0,"hand_threshold_m":0.15,"stage_fraction":0.6,"mean_elevation_m":10.62,"distance_to_primary_river_m":80.5,"stage_driver":"REPORTED_ORDER_ONLY","not_official_flood_extent":true,"not_hydraulic_simulation":true},"geometry":{"type":"Polygon","coordinates":[[[129.4025,35.98916666666667],[129.4025,35.99],[129.40166666666667,35.99],[129.40166666666667,35.98916666666667],[129.4025,35.98916666666667]]]}},{"type":"Feature","properties":{"grid_id":"dem-012-039","layer_role":"hand_flood_envelope","status":"TEMPORARY","source_type":"DERIVED_APPROXIMATION","stage_index":3,"time":"2022-09-06T06:30:00+09:00","state":"move_car_broadcast","label":"Move-car broadcast","hand_m":0.0,"hand_threshold_m":0.15,"stage_fraction":0.6,"mean_elevation_m":8.39,"distance_to_primary_river_m":147.6,"stage_driver":"REPORTED_ORDER_ONLY","not_official_flood_extent":true,"not_hydraulic_simulation":true},"geometry":{"type":"Polygon","coordinates":[[[129.40333333333334,35.98916666666667],[129.40333333333334,35.99],[129.4025,35.99],[129.4025,35.98916666666667],[129.40333333333334,35.98916666666667]]]}},{"type":"Feature","properties":{"grid_id":"dem-012-040","layer_role":"hand_flood_envelope","status":"TEMPORARY","source_type":"DERIVED_APPROXIMATION","stage_index":3,"time":"2022-09-06T06:30:00+09:00","state":"move_car_broadcast","label":"Move-car broadcast","hand_m":0.0,"hand_threshold_m":0.15,"stage_fraction":0.6,"mean_elevation_m":8.07,"distance_to_primary_river_m":214.8,"stage_driver":"REPORTED_ORDER_ONLY","not_official_flood_extent":true,"not_hydraulic_simulation":true},"geometry":{"type":"Polygon","coordinates":[[[129.40416666666667,35.98916666666667],[129.40416666666667,35.99],[129.40333333333334,35.99],[129.40333333333334,35.98916666666667],[129.40416666666667,35.98916666666667]]]}},{"type":"Feature","properties":{"grid_id":"dem-013-032","layer_role":"hand_flood_envelope","status":"TEMPORARY","source_type":"DERIVED_APPROXIMATION","stage_index":3,"time":"2022-09-06T06:30:00+09:00","state":"move_car_broadcast","label":"Move-car broadcast","hand_m":0.0,"hand_threshold_m":0.15,"stage_fraction":0.6,"mean_elevation_m":10.55,"distance_to_primary_river_m":362.9,"stage_driver":"REPORTED_ORDER_ONLY","not_official_flood_extent":true,"not_hydraulic_simulation":true},"geometry":{"type":"Polygon","coordinates":[[[129.3975,35.98833333333334],[129.3975,35.98916666666667],[129.39666666666668,35.98916666666667],[129.39666666666668,35.98833333333334],[129.3975,35.98833333333334]]]}},{"type":"Feature","properties":{"grid_id":"dem-013-036","layer_role":"hand_flood_envelope","status":"TEMPORARY","source_type":"DERIVED_APPROXIMATION","stage_index":3,"time":"2022-09-06T06:30:00+09:00","state":"move_car_broadcast","label":"Move-car broadcast","hand_m":0.0,"hand_threshold_m":0.15,"stage_fraction":0.6,"mean_elevation_m":8.2,"distance_to_primary_river_m":95.4,"stage_driver":"REPORTED_ORDER_ONLY","not_official_flood_extent":true,"not_hydraulic_simulation":true},"geometry":{"type":"Polygon","coordinates":[[[129.40083333333334,35.98833333333334],[129.40083333333334,35.98916666666667],[129.4,35.98916666666667],[129.4,35.98833333333334],[129.40083333333334,35.98833333333334]]]}},{"type":"Feature","properties":{"grid_id":"dem-013-037","layer_role":"hand_flood_envelope","status":"TEMPORARY","source_type":"DERIVED_APPROXIMATION","stage_index":3,"time":"2022-09-06T06:30:00+09:00","state":"move_car_broadcast","label":"Move-car broadcast","hand_m":0.0,"hand_threshold_m":0.15,"stage_fraction":0.6,"mean_elevation_m":4.88,"distance_to_primary_river_m":28.2,"stage_driver":"REPORTED_ORDER_ONLY","not_official_flood_extent":true,"not_hydraulic_simulation":true},"geometry":{"type":"Polygon","coordinates":[[[129.40166666666667,35.98833333333334],[129.40166666666667,35.98916666666667],[129.40083333333334,35.98916666666667],[129.40083333333334,35.98833333333334],[129.40166666666667,35.98833333333334]]]}},{"type":"Feature","properties":{"grid_id":"dem-013-038","layer_role":"hand_flood_envelope","status":"TEMPORARY","source_type":"DERIVED_APPROXIMATION","stage_index":3,"time":"2022-09-06T06:30:00+09:00","state":"move_car_broadcast","label":"Move-car broadcast","hand_m":0.0,"hand_threshold_m":0.15,"stage_fraction":0.6,"mean_elevation_m":6.89,"distance_to_primary_river_m":39.0,"stage_driver":"REPORTED_ORDER_ONLY","not_official_flood_extent":true,"not_hydraulic_simulation":true},"geometry":{"type":"Polygon","coordinates":[[[129.4025,35.98833333333334],[129.4025,35.98916666666667],[129.40166666666667,35.98916666666667],[129.40166666666667,35.98833333333334],[129.4025,35.98833333333334]]]}},{"type":"Feature","properties":{"grid_id":"dem-013-039","layer_role":"hand_flood_envelope","status":"TEMPORARY","source_type":"DERIVED_APPROXIMATION","stage_index":3,"time":"2022-09-06T06:30:00+09:00","state":"move_car_broadcast","label":"Move-car broadcast","hand_m":0.0,"hand_threshold_m":0.15,"stage_fraction":0.6,"mean_elevation_m":9.21,"distance_to_primary_river_m":106.2,"stage_driver":"REPORTED_ORDER_ONLY","not_official_flood_extent":true,"not_hydraulic_simulation":true},"geometry":{"type":"Polygon","coordinates":[[[129.40333333333334,35.98833333333334],[129.40333333333334,35.98916666666667],[129.4025,35.98916666666667],[129.4025,35.98833333333334],[129.40333333333334,35.98833333333334]]]}},{"type":"Feature","properties":{"grid_id":"dem-013-040","layer_role":"hand_flood_envelope","status":"TEMPORARY","source_type":"DERIVED_APPROXIMATION","stage_index":3,"time":"2022-09-06T06:30:00+09:00","state":"move_car_broadcast","label":"Move-car broadcast","hand_m":0.0,"hand_threshold_m":0.15,"stage_fraction":0.6,"mean_elevation_m":9.15,"distance_to_primary_river_m":173.4,"stage_driver":"REPORTED_ORDER_ONLY","not_official_flood_extent":true,"not_hydraulic_simulation":true},"geometry":{"type":"Polygon","coordinates":[[[129.40416666666667,35.98833333333334],[129.40416666666667,35.98916666666667],[129.40333333333334,35.98916666666667],[129.40333333333334,35.98833333333334],[129.40416666666667,35.98833333333334]]]}},{"type":"Feature","properties":{"grid_id":"dem-013-041","layer_role":"hand_flood_envelope","status":"TEMPORARY","source_type":"DERIVED_APPROXIMATION","stage_index":3,"time":"2022-09-06T06:30:00+09:00","state":"move_car_broadcast","label":"Move-car broadcast","hand_m":0.0,"hand_threshold_m":0.15,"stage_fraction":0.6,"mean_elevation_m":9.87,"distance_to_primary_river_m":240.6,"stage_driver":"REPORTED_ORDER_ONLY","not_official_flood_extent":true,"not_hydraulic_simulation":true},"geometry":{"type":"Polygon","coordinates":[[[129.405,35.98833333333334],[129.405,35.98916666666667],[129.40416666666667,35.98916666666667],[129.40416666666667,35.98833333333334],[129.405,35.98833333333334]]]}},{"type":"Feature","properties":{"grid_id":"dem-013-042","layer_role":"hand_flood_envelope","status":"TEMPORARY","source_type":"DERIVED_APPROXIMATION","stage_index":3,"time":"2022-09-06T06:30:00+09:00","state":"move_car_broadcast","label":"Move-car broadcast","hand_m":0.0,"hand_threshold_m":0.15,"stage_fraction":0.6,"mean_elevation_m":9.81,"distance_to_primary_river_m":308.0,"stage_driver":"REPORTED_ORDER_ONLY","not_official_flood_extent":true,"not_hydraulic_simulation":true},"geometry":{"type":"Polygon","coordinates":[[[129.40583333333333,35.98833333333334],[129.40583333333333,35.98916666666667],[129.405,35.98916666666667],[129.405,35.98833333333334],[129.40583333333333,35.98833333333334]]]}},{"type":"Feature","properties":{"grid_id":"dem-014-036","layer_role":"hand_flood_envelope","status":"TEMPORARY","source_type":"DERIVED_APPROXIMATION","stage_index":3,"time":"2022-09-06T06:30:00+09:00","state":"move_car_broadcast","label":"Move-car broadcast","hand_m":0.0,"hand_threshold_m":0.15,"stage_fraction":0.6,"mean_elevation_m":9.35,"distance_to_primary_river_m":136.8,"stage_driver":"REPORTED_ORDER_ONLY","not_official_flood_extent":true,"not_hydraulic_simulation":true},"geometry":{"type":"Polygon","coordinates":[[[129.40083333333334,35.987500000000004],[129.40083333333334,35.98833333333334],[129.4,35.98833333333334],[129.4,35.987500000000004],[129.40083333333334,35.987500000000004]]]}},{"type":"Feature","properties":{"grid_id":"dem-014-037","layer_role":"hand_flood_envelope","status":"TEMPORARY","source_type":"DERIVED_APPROXIMATION","stage_index":3,"time":"2022-09-06T06:30:00+09:00","state":"move_car_broadcast","label":"Move-car broadcast","hand_m":0.0,"hand_threshold_m":0.15,"stage_fraction":0.6,"mean_elevation_m":6.34,"distance_to_primary_river_m":69.6,"stage_driver":"REPORTED_ORDER_ONLY","not_official_flood_extent":true,"not_hydraulic_simulation":true},"geometry":{"type":"Polygon","coordinates":[[[129.40166666666667,35.987500000000004],[129.40166666666667,35.98833333333334],[129.40083333333334,35.98833333333334],[129.40083333333334,35.987500000000004],[129.40166666666667,35.987500000000004]]]}},{"type":"Feature","properties":{"grid_id":"dem-014-038","layer_role":"hand_flood_envelope","status":"TEMPORARY","source_type":"DERIVED_APPROXIMATION","stage_index":3,"time":"2022-09-06T06:30:00+09:00","state":"move_car_broadcast","label":"Move-car broadcast","hand_m":0.0,"hand_threshold_m":0.15,"stage_fraction":0.6,"mean_elevation_m":4.74,"distance_to_primary_river_m":2.4,"stage_driver":"REPORTED_ORDER_ONLY","not_official_flood_extent":true,"not_hydraulic_simulation":true},"geometry":{"type":"Polygon","coordinates":[[[129.4025,35.987500000000004],[129.4025,35.98833333333334],[129.40166666666667,35.98833333333334],[129.40166666666667,35.987500000000004],[129.4025,35.987500000000004]]]}},{"type":"Feature","properties":{"grid_id":"dem-014-039","layer_role":"hand_flood_envelope","status":"TEMPORARY","source_type":"DERIVED_APPROXIMATION","stage_index":3,"time":"2022-09-06T06:30:00+09:00","state":"move_car_broadcast","label":"Move-car broadcast","hand_m":0.0,"hand_threshold_m":0.15,"stage_fraction":0.6,"mean_elevation_m":10.74,"distance_to_primary_river_m":64.8,"stage_driver":"REPORTED_ORDER_ONLY","not_official_flood_extent":true,"not_hydraulic_simulation":true},"geometry":{"type":"Polygon","coordinates":[[[129.40333333333334,35.987500000000004],[129.40333333333334,35.98833333333334],[129.4025,35.98833333333334],[129.4025,35.987500000000004],[129.40333333333334,35.987500000000004]]]}},{"type":"Feature","properties":{"grid_id":"dem-014-040","layer_role":"hand_flood_envelope","status":"TEMPORARY","source_type":"DERIVED_APPROXIMATION","stage_index":3,"time":"2022-09-06T06:30:00+09:00","state":"move_car_broadcast","label":"Move-car broadcast","hand_m":0.0,"hand_threshold_m":0.15,"stage_fraction":0.6,"mean_elevation_m":10.52,"distance_to_primary_river_m":133.2,"stage_driver":"REPORTED_ORDER_ONLY","not_official_flood_extent":true,"not_hydraulic_simulation":true},"geometry":{"type":"Polygon","coordinates":[[[129.40416666666667,35.987500000000004],[129.40416666666667,35.98833333333334],[129.40333333333334,35.98833333333334],[129.40333333333334,35.987500000000004],[129.40416666666667,35.987500000000004]]]}},{"type":"Feature","properties":{"grid_id":"dem-000-042","layer_role":"hand_flood_envelope","status":"TEMPORARY","source_type":"DERIVED_APPROXIMATION","stage_index":4,"time":"2022-09-06T06:37:00+09:00","state":"parking_inflow","label":"Parking inflow starts","hand_m":0.0,"hand_threshold_m":0.2,"stage_fraction":0.8,"mean_elevation_m":7.18,"distance_to_primary_river_m":112.8,"stage_driver":"REPORTED_ORDER_ONLY","not_official_flood_extent":true,"not_hydraulic_simulation":true},"geometry":{"type":"Polygon","coordinates":[[[129.40583333333333,35.99916666666667],[129.40583333333333,36.0],[129.405,36.0],[129.405,35.99916666666667],[129.40583333333333,35.99916666666667]]]}},{"type":"Feature","properties":{"grid_id":"dem-001-040","layer_role":"hand_flood_envelope","status":"TEMPORARY","source_type":"DERIVED_APPROXIMATION","stage_index":4,"time":"2022-09-06T06:37:00+09:00","state":"parking_inflow","label":"Parking inflow starts","hand_m":0.0,"hand_threshold_m":0.2,"stage_fraction":0.8,"mean_elevation_m":7.52,"distance_to_primary_river_m":133.5,"stage_driver":"REPORTED_ORDER_ONLY","not_official_flood_extent":true,"not_hydraulic_simulation":true},"geometry":{"type":"Polygon","coordinates":[[[129.40416666666667,35.998333333333335],[129.40416666666667,35.99916666666667],[129.40333333333334,35.99916666666667],[129.40333333333334,35.998333333333335],[129.40416666666667,35.998333333333335]]]}},{"type":"Feature","properties":{"grid_id":"dem-001-041","layer_role":"hand_flood_envelope","status":"TEMPORARY","source_type":"DERIVED_APPROXIMATION","stage_index":4,"time":"2022-09-06T06:37:00+09:00","state":"parking_inflow","label":"Parking inflow starts","hand_m":0.0,"hand_threshold_m":0.2,"stage_fraction":0.8,"mean_elevation_m":6.11,"distance_to_primary_river_m":86.9,"stage_driver":"REPORTED_ORDER_ONLY","not_official_flood_extent":true,"not_hydraulic_simulation":true},"geometry":{"type":"Polygon","coordinates":[[[129.405,35.998333333333335],[129.405,35.99916666666667],[129.40416666666667,35.99916666666667],[129.40416666666667,35.998333333333335],[129.405,35.998333333333335]]]}},{"type":"Feature","properties":{"grid_id":"dem-001-042","layer_role":"hand_flood_envelope","status":"TEMPORARY","source_type":"DERIVED_APPROXIMATION","stage_index":4,"time":"2022-09-06T06:37:00+09:00","state":"parking_inflow","label":"Parking inflow starts","hand_m":0.0,"hand_threshold_m":0.2,"stage_fraction":0.8,"mean_elevation_m":4.99,"distance_to_primary_river_m":40.4,"stage_driver":"REPORTED_ORDER_ONLY","not_official_flood_extent":true,"not_hydraulic_simulation":true},"geometry":{"type":"Polygon","coordinates":[[[129.40583333333333,35.998333333333335],[129.40583333333333,35.99916666666667],[129.405,35.99916666666667],[129.405,35.998333333333335],[129.40583333333333,35.998333333333335]]]}},{"type":"Feature","properties":{"grid_id":"dem-001-043","layer_role":"hand_flood_envelope","status":"TEMPORARY","source_type":"DERIVED_APPROXIMATION","stage_index":4,"time":"2022-09-06T06:37:00+09:00","state":"parking_inflow","label":"Parking inflow starts","hand_m":0.0,"hand_threshold_m":0.2,"stage_fraction":0.8,"mean_elevation_m":2.67,"distance_to_primary_river_m":6.3,"stage_driver":"REPORTED_ORDER_ONLY","not_official_flood_extent":true,"not_hydraulic_simulation":true},"geometry":{"type":"Polygon","coordinates":[[[129.40666666666667,35.998333333333335],[129.40666666666667,35.99916666666667],[129.40583333333333,35.99916666666667],[129.40583333333333,35.998333333333335],[129.40666666666667,35.998333333333335]]]}},{"type":"Feature","properties":{"grid_id":"dem-002-030","layer_role":"hand_flood_envelope","status":"TEMPORARY","source_type":"DERIVED_APPROXIMATION","stage_index":4,"time":"2022-09-06T06:37:00+09:00","state":"parking_inflow","label":"Parking inflow starts","hand_m":0.0,"hand_threshold_m":0.2,"stage_fraction":0.8,"mean_elevation_m":6.47,"distance_to_primary_river_m":673.0,"stage_driver":"REPORTED_ORDER_ONLY","not_official_flood_extent":true,"not_hydraulic_simulation":true},"geometry":{"type":"Polygon","coordinates":[[[129.39583333333334,35.9975],[129.39583333333334,35.998333333333335],[129.395,35.998333333333335],[129.395,35.9975],[129.39583333333334,35.9975]]]}},{"type":"Feature","properties":{"grid_id":"dem-002-039","layer_role":"hand_flood_envelope","status":"TEMPORARY","source_type":"DERIVED_APPROXIMATION","stage_index":4,"time":"2022-09-06T06:37:00+09:00","state":"parking_inflow","label":"Parking inflow starts","hand_m":0.0,"hand_threshold_m":0.2,"stage_fraction":0.8,"mean_elevation_m":7.42,"distance_to_primary_river_m":109.1,"stage_driver":"REPORTED_ORDER_ONLY","not_official_flood_extent":true,"not_hydraulic_simulation":true},"geometry":{"type":"Polygon","coordinates":[[[129.40333333333334,35.9975],[129.40333333333334,35.998333333333335],[129.4025,35.998333333333335],[129.4025,35.9975],[129.40333333333334,35.9975]]]}},{"type":"Feature","properties":{"grid_id":"dem-002-040","layer_role":"hand_flood_envelope","status":"TEMPORARY","source_type":"DERIVED_APPROXIMATION","stage_index":4,"time":"2022-09-06T06:37:00+09:00","state":"parking_inflow","label":"Parking inflow starts","hand_m":0.0,"hand_threshold_m":0.2,"stage_fraction":0.8,"mean_elevation_m":5.6,"distance_to_primary_river_m":60.8,"stage_driver":"REPORTED_ORDER_ONLY","not_official_flood_extent":true,"not_hydraulic_simulation":true},"geometry":{"type":"Polygon","coordinates":[[[129.40416666666667,35.9975],[129.40416666666667,35.998333333333335],[129.40333333333334,35.998333333333335],[129.40333333333334,35.9975],[129.40416666666667,35.9975]]]}},{"type":"Feature","properties":{"grid_id":"dem-002-041","layer_role":"hand_flood_envelope","status":"TEMPORARY","source_type":"DERIVED_APPROXIMATION","stage_index":4,"time":"2022-09-06T06:37:00+09:00","state":"parking_inflow","label":"Parking inflow starts","hand_m":0.0,"hand_threshold_m":0.2,"stage_fraction":0.8,"mean_elevation_m":3.43,"distance_to_primary_river_m":14.3,"stage_driver":"REPORTED_ORDER_ONLY","not_official_flood_extent":true,"not_hydraulic_simulation":true},"geometry":{"type":"Polygon","coordinates":[[[129.405,35.9975],[129.405,35.998333333333335],[129.40416666666667,35.998333333333335],[129.40416666666667,35.9975],[129.405,35.9975]]]}},{"type":"Feature","properties":{"grid_id":"dem-002-042","layer_role":"hand_flood_envelope","status":"TEMPORARY","source_type":"DERIVED_APPROXIMATION","stage_index":4,"time":"2022-09-06T06:37:00+09:00","state":"parking_inflow","label":"Parking inflow starts","hand_m":0.0,"hand_threshold_m":0.2,"stage_fraction":0.8,"mean_elevation_m":3.65,"distance_to_primary_river_m":32.2,"stage_driver":"REPORTED_ORDER_ONLY","not_official_flood_extent":true,"not_hydraulic_simulation":true},"geometry":{"type":"Polygon","coordinates":[[[129.40583333333333,35.9975],[129.40583333333333,35.998333333333335],[129.405,35.998333333333335],[129.405,35.9975],[129.40583333333333,35.9975]]]}},{"type":"Feature","properties":{"grid_id":"dem-002-043","layer_role":"hand_flood_envelope","status":"TEMPORARY","source_type":"DERIVED_APPROXIMATION","stage_index":4,"time":"2022-09-06T06:37:00+09:00","state":"parking_inflow","label":"Parking inflow starts","hand_m":0.0,"hand_threshold_m":0.2,"stage_fraction":0.8,"mean_elevation_m":6.14,"distance_to_primary_river_m":78.8,"stage_driver":"REPORTED_ORDER_ONLY","not_official_flood_extent":true,"not_hydraulic_simulation":true},"geometry":{"type":"Polygon","coordinates":[[[129.40666666666667,35.9975],[129.40666666666667,35.998333333333335],[129.40583333333333,35.998333333333335],[129.40583333333333,35.9975],[129.40666666666667,35.9975]]]}},{"type":"Feature","properties":{"grid_id":"dem-002-044","layer_role":"hand_flood_envelope","status":"TEMPORARY","source_type":"DERIVED_APPROXIMATION","stage_index":4,"time":"2022-09-06T06:37:00+09:00","state":"parking_inflow","label":"Parking inflow starts","hand_m":0.0,"hand_threshold_m":0.2,"stage_fraction":0.8,"mean_elevation_m":4.93,"distance_to_primary_river_m":125.4,"stage_driver":"REPORTED_ORDER_ONLY","not_official_flood_extent":true,"not_hydraulic_simulation":true},"geometry":{"type":"Polygon","coordinates":[[[129.4075,35.9975],[129.4075,35.998333333333335],[129.40666666666667,35.998333333333335],[129.40666666666667,35.9975],[129.4075,35.9975]]]}},{"type":"Feature","properties":{"grid_id":"dem-003-029","layer_role":"hand_flood_envelope","status":"TEMPORARY","source_type":"DERIVED_APPROXIMATION","stage_index":4,"time":"2022-09-06T06:37:00+09:00","state":"parking_inflow","label":"Parking inflow starts","hand_m":0.0,"hand_threshold_m":0.2,"stage_fraction":0.8,"mean_elevation_m":6.18,"distance_to_primary_river_m":707.0,"stage_driver":"REPORTED_ORDER_ONLY","not_official_flood_extent":true,"not_hydraulic_simulation":true},"geometry":{"type":"Polygon","coordinates":[[[129.395,35.99666666666667],[129.395,35.9975],[129.39416666666668,35.9975],[129.39416666666668,35.99666666666667],[129.395,35.99666666666667]]]}},{"type":"Feature","properties":{"grid_id":"dem-003-030","layer_role":"hand_flood_envelope","status":"TEMPORARY","source_type":"DERIVED_APPROXIMATION","stage_index":4,"time":"2022-09-06T06:37:00+09:00","state":"parking_inflow","label":"Parking inflow starts","hand_m":0.0,"hand_threshold_m":0.2,"stage_fraction":0.8,"mean_elevation_m":7.78,"distance_to_primary_river_m":637.3,"stage_driver":"REPORTED_ORDER_ONLY","not_official_flood_extent":true,"not_hydraulic_simulation":true},"geometry":{"type":"Polygon","coordinates":[[[129.39583333333334,35.99666666666667],[129.39583333333334,35.9975],[129.395,35.9975],[129.395,35.99666666666667],[129.39583333333334,35.99666666666667]]]}},{"type":"Feature","properties":{"grid_id":"dem-003-032","layer_role":"hand_flood_envelope","status":"TEMPORARY","source_type":"DERIVED_APPROXIMATION","stage_index":4,"time":"2022-09-06T06:37:00+09:00","state":"parking_inflow","label":"Parking inflow starts","hand_m":0.0,"hand_threshold_m":0.2,"stage_fraction":0.8,"mean_elevation_m":6.49,"distance_to_primary_river_m":498.6,"stage_driver":"REPORTED_ORDER_ONLY","not_official_flood_extent":true,"not_hydraulic_simulation":true},"geometry":{"type":"Polygon","coordinates":[[[129.3975,35.99666666666667],[129.3975,35.9975],[129.39666666666668,35.9975],[129.39666666666668,35.99666666666667],[129.3975,35.99666666666667]]]}},{"type":"Feature","properties":{"grid_id":"dem-003-038","layer_role":"hand_flood_envelope","status":"TEMPORARY","source_type":"DERIVED_APPROXIMATION","stage_index":4,"time":"2022-09-06T06:37:00+09:00","state":"parking_inflow","label":"Parking inflow starts","hand_m":0.0,"hand_threshold_m":0.2,"stage_fraction":0.8,"mean_elevation_m":5.95,"distance_to_primary_river_m":104.3,"stage_driver":"REPORTED_ORDER_ONLY","not_official_flood_extent":true,"not_hydraulic_simulation":true},"geometry":{"type":"Polygon","coordinates":[[[129.4025,35.99666666666667],[129.4025,35.9975],[129.40166666666667,35.9975],[129.40166666666667,35.99666666666667],[129.4025,35.99666666666667]]]}},{"type":"Feature","properties":{"grid_id":"dem-003-039","layer_role":"hand_flood_envelope","status":"TEMPORARY","source_type":"DERIVED_APPROXIMATION","stage_index":4,"time":"2022-09-06T06:37:00+09:00","state":"parking_inflow","label":"Parking inflow starts","hand_m":0.0,"hand_threshold_m":0.2,"stage_fraction":0.8,"mean_elevation_m":5.45,"distance_to_primary_river_m":47.9,"stage_driver":"REPORTED_ORDER_ONLY","not_official_flood_extent":true,"not_hydraulic_simulation":true},"geometry":{"type":"Polygon","coordinates":[[[129.40333333333334,35.99666666666667],[129.40333333333334,35.9975],[129.4025,35.9975],[129.4025,35.99666666666667],[129.40333333333334,35.99666666666667]]]}},{"type":"Feature","properties":{"grid_id":"dem-003-040","layer_role":"hand_flood_envelope","status":"TEMPORARY","source_type":"DERIVED_APPROXIMATION","stage_index":4,"time":"2022-09-06T06:37:00+09:00","state":"parking_inflow","label":"Parking inflow starts","hand_m":0.0,"hand_threshold_m":0.2,"stage_fraction":0.8,"mean_elevation_m":2.96,"distance_to_primary_river_m":8.4,"stage_driver":"REPORTED_ORDER_ONLY","not_official_flood_extent":true,"not_hydraulic_simulation":true},"geometry":{"type":"Polygon","coordinates":[[[129.40416666666667,35.99666666666667],[129.40416666666667,35.9975],[129.40333333333334,35.9975],[129.40333333333334,35.99666666666667],[129.40416666666667,35.99666666666667]]]}},{"type":"Feature","properties":{"grid_id":"dem-003-041","layer_role":"hand_flood_envelope","status":"TEMPORARY","source_type":"DERIVED_APPROXIMATION","stage_index":4,"time":"2022-09-06T06:37:00+09:00","state":"parking_inflow","label":"Parking inflow starts","hand_m":0.0,"hand_threshold_m":0.2,"stage_fraction":0.8,"mean_elevation_m":4.72,"distance_to_primary_river_m":58.3,"stage_driver":"REPORTED_ORDER_ONLY","not_official_flood_extent":true,"not_hydraulic_simulation":true},"geometry":{"type":"Polygon","coordinates":[[[129.405,35.99666666666667],[129.405,35.9975],[129.40416666666667,35.9975],[129.40416666666667,35.99666666666667],[129.405,35.99666666666667]]]}},{"type":"Feature","properties":{"grid_id":"dem-003-042","layer_role":"hand_flood_envelope","status":"TEMPORARY","source_type":"DERIVED_APPROXIMATION","stage_index":4,"time":"2022-09-06T06:37:00+09:00","state":"parking_inflow","label":"Parking inflow starts","hand_m":0.0,"hand_threshold_m":0.2,"stage_fraction":0.8,"mean_elevation_m":7.83,"distance_to_primary_river_m":104.8,"stage_driver":"REPORTED_ORDER_ONLY","not_official_flood_extent":true,"not_hydraulic_simulation":true},"geometry":{"type":"Polygon","coordinates":[[[129.40583333333333,35.99666666666667],[129.40583333333333,35.9975],[129.405,35.9975],[129.405,35.99666666666667],[129.40583333333333,35.99666666666667]]]}},{"type":"Feature","properties":{"grid_id":"dem-003-043","layer_role":"hand_flood_envelope","status":"TEMPORARY","source_type":"DERIVED_APPROXIMATION","stage_index":4,"time":"2022-09-06T06:37:00+09:00","state":"parking_inflow","label":"Parking inflow starts","hand_m":0.0,"hand_threshold_m":0.2,"stage_fraction":0.8,"mean_elevation_m":7.82,"distance_to_primary_river_m":151.3,"stage_driver":"REPORTED_ORDER_ONLY","not_official_flood_extent":true,"not_hydraulic_simulation":true},"geometry":{"type":"Polygon","coordinates":[[[129.40666666666667,35.99666666666667],[129.40666666666667,35.9975],[129.40583333333333,35.9975],[129.40583333333333,35.99666666666667],[129.40666666666667,35.99666666666667]]]}},{"type":"Feature","properties":{"grid_id":"dem-004-028","layer_role":"hand_flood_envelope","status":"TEMPORARY","source_type":"DERIVED_APPROXIMATION","stage_index":4,"time":"2022-09-06T06:37:00+09:00","state":"parking_inflow","label":"Parking inflow starts","hand_m":0.0,"hand_threshold_m":0.2,"stage_fraction":0.8,"mean_elevation_m":5.95,"distance_to_primary_river_m":752.1,"stage_driver":"REPORTED_ORDER_ONLY","not_official_flood_extent":true,"not_hydraulic_simulation":true},"geometry":{"type":"Polygon","coordinates":[[[129.39416666666668,35.99583333333334],[129.39416666666668,35.99666666666667],[129.39333333333335,35.99666666666667],[129.39333333333335,35.99583333333334],[129.39416666666668,35.99583333333334]]]}},{"type":"Feature","properties":{"grid_id":"dem-004-029","layer_role":"hand_flood_envelope","status":"TEMPORARY","source_type":"DERIVED_APPROXIMATION","stage_index":4,"time":"2022-09-06T06:37:00+09:00","state":"parking_inflow","label":"Parking inflow starts","hand_m":0.0,"hand_threshold_m":0.2,"stage_fraction":0.8,"mean_elevation_m":5.62,"distance_to_primary_river_m":679.4,"stage_driver":"REPORTED_ORDER_ONLY","not_official_flood_extent":true,"not_hydraulic_simulation":true},"geometry":{"type":"Polygon","coordinates":[[[129.395,35.99583333333334],[129.395,35.99666666666667],[129.39416666666668,35.99666666666667],[129.39416666666668,35.99583333333334],[129.395,35.99583333333334]]]}},{"type":"Feature","properties":{"grid_id":"dem-004-030","layer_role":"hand_flood_envelope","status":"TEMPORARY","source_type":"DERIVED_APPROXIMATION","stage_index":4,"time":"2022-09-06T06:37:00+09:00","state":"parking_inflow","label":"Parking inflow starts","hand_m":0.0,"hand_threshold_m":0.2,"stage_fraction":0.8,"mean_elevation_m":8.61,"distance_to_primary_river_m":606.7,"stage_driver":"REPORTED_ORDER_ONLY","not_official_flood_extent":true,"not_hydraulic_simulation":true},"geometry":{"type":"Polygon","coordinates":[[[129.39583333333334,35.99583333333334],[129.39583333333334,35.99666666666667],[129.395,35.99666666666667],[129.395,35.99583333333334],[129.39583333333334,35.99583333333334]]]}},{"type":"Feature","properties":{"grid_id":"dem-004-031","layer_role":"hand_flood_envelope","status":"TEMPORARY","source_type":"DERIVED_APPROXIMATION","stage_index":4,"time":"2022-09-06T06:37:00+09:00","state":"parking_inflow","label":"Parking inflow starts","hand_m":0.0,"hand_threshold_m":0.2,"stage_fraction":0.8,"mean_elevation_m":7.98,"distance_to_primary_river_m":534.6,"stage_driver":"REPORTED_ORDER_ONLY","not_official_flood_extent":true,"not_hydraulic_simulation":true},"geometry":{"type":"Polygon","coordinates":[[[129.39666666666668,35.99583333333334],[129.39666666666668,35.99666666666667],[129.39583333333334,35.99666666666667],[129.39583333333334,35.99583333333334],[129.39666666666668,35.99583333333334]]]}},{"type":"Feature","properties":{"grid_id":"dem-004-032","layer_role":"hand_flood_envelope","status":"TEMPORARY","source_type":"DERIVED_APPROXIMATION","stage_index":4,"time":"2022-09-06T06:37:00+09:00","state":"parking_inflow","label":"Parking inflow starts","hand_m":0.0,"hand_threshold_m":0.2,"stage_fraction":0.8,"mean_elevation_m":5.51,"distance_to_primary_river_m":463.5,"stage_driver":"REPORTED_ORDER_ONLY","not_official_flood_extent":true,"not_hydraulic_simulation":true},"geometry":{"type":"Polygon","coordinates":[[[129.3975,35.99583333333334],[129.3975,35.99666666666667],[129.39666666666668,35.99666666666667],[129.39666666666668,35.99583333333334],[129.3975,35.99583333333334]]]}},{"type":"Feature","properties":{"grid_id":"dem-004-033","layer_role":"hand_flood_envelope","status":"TEMPORARY","source_type":"DERIVED_APPROXIMATION","stage_index":4,"time":"2022-09-06T06:37:00+09:00","state":"parking_inflow","label":"Parking inflow starts","hand_m":0.0,"hand_threshold_m":0.2,"stage_fraction":0.8,"mean_elevation_m":4.62,"distance_to_primary_river_m":393.7,"stage_driver":"REPORTED_ORDER_ONLY","not_official_flood_extent":true,"not_hydraulic_simulation":true},"geometry":{"type":"Polygon","coordinates":[[[129.39833333333334,35.99583333333334],[129.39833333333334,35.99666666666667],[129.3975,35.99666666666667],[129.3975,35.99583333333334],[129.39833333333334,35.99583333333334]]]}},{"type":"Feature","properties":{"grid_id":"dem-004-034","layer_role":"hand_flood_envelope","status":"TEMPORARY","source_type":"DERIVED_APPROXIMATION","stage_index":4,"time":"2022-09-06T06:37:00+09:00","state":"parking_inflow","label":"Parking inflow starts","hand_m":0.0,"hand_threshold_m":0.2,"stage_fraction":0.8,"mean_elevation_m":5.73,"distance_to_primary_river_m":324.3,"stage_driver":"REPORTED_ORDER_ONLY","not_official_flood_extent":true,"not_hydraulic_simulation":true},"geometry":{"type":"Polygon","coordinates":[[[129.39916666666667,35.99583333333334],[129.39916666666667,35.99666666666667],[129.39833333333334,35.99666666666667],[129.39833333333334,35.99583333333334],[129.39916666666667,35.99583333333334]]]}},{"type":"Feature","properties":{"grid_id":"dem-004-035","layer_role":"hand_flood_envelope","status":"TEMPORARY","source_type":"DERIVED_APPROXIMATION","stage_index":4,"time":"2022-09-06T06:37:00+09:00","state":"parking_inflow","label":"Parking inflow starts","hand_m":0.0,"hand_threshold_m":0.2,"stage_fraction":0.8,"mean_elevation_m":7.68,"distance_to_primary_river_m":255.0,"stage_driver":"REPORTED_ORDER_ONLY","not_official_flood_extent":true,"not_hydraulic_simulation":true},"geometry":{"type":"Polygon","coordinates":[[[129.4,35.99583333333334],[129.4,35.99666666666667],[129.39916666666667,35.99666666666667],[129.39916666666667,35.99583333333334],[129.4,35.99583333333334]]]}},{"type":"Feature","properties":{"grid_id":"dem-004-036","layer_role":"hand_flood_envelope","status":"TEMPORARY","source_type":"DERIVED_APPROXIMATION","stage_index":4,"time":"2022-09-06T06:37:00+09:00","state":"parking_inflow","label":"Parking inflow starts","hand_m":0.0,"hand_threshold_m":0.2,"stage_fraction":0.8,"mean_elevation_m":6.17,"distance_to_primary_river_m":186.0,"stage_driver":"REPORTED_ORDER_ONLY","not_official_flood_extent":true,"not_hydraulic_simulation":true},"geometry":{"type":"Polygon","coordinates":[[[129.40083333333334,35.99583333333334],[129.40083333333334,35.99666666666667],[129.4,35.99666666666667],[129.4,35.99583333333334],[129.40083333333334,35.99583333333334]]]}},{"type":"Feature","properties":{"grid_id":"dem-004-037","layer_role":"hand_flood_envelope","status":"TEMPORARY","source_type":"DERIVED_APPROXIMATION","stage_index":4,"time":"2022-09-06T06:37:00+09:00","state":"parking_inflow","label":"Parking inflow starts","hand_m":0.0,"hand_threshold_m":0.2,"stage_fraction":0.8,"mean_elevation_m":7.95,"distance_to_primary_river_m":120.6,"stage_driver":"REPORTED_ORDER_ONLY","not_official_flood_extent":true,"not_hydraulic_simulation":true},"geometry":{"type":"Polygon","coordinates":[[[129.40166666666667,35.99583333333334],[129.40166666666667,35.99666666666667],[129.40083333333334,35.99666666666667],[129.40083333333334,35.99583333333334],[129.40166666666667,35.99583333333334]]]}},{"type":"Feature","properties":{"grid_id":"dem-004-038","layer_role":"hand_flood_envelope","status":"TEMPORARY","source_type":"DERIVED_APPROXIMATION","stage_index":4,"time":"2022-09-06T06:37:00+09:00","state":"parking_inflow","label":"Parking inflow starts","hand_m":0.0,"hand_threshold_m":0.2,"stage_fraction":0.8,"mean_elevation_m":6.33,"distance_to_primary_river_m":55.7,"stage_driver":"REPORTED_ORDER_ONLY","not_official_flood_extent":true,"not_hydraulic_simulation":true},"geometry":{"type":"Polygon","coordinates":[[[129.4025,35.99583333333334],[129.4025,35.99666666666667],[129.40166666666667,35.99666666666667],[129.40166666666667,35.99583333333334],[129.4025,35.99583333333334]]]}},{"type":"Feature","properties":{"grid_id":"dem-004-039","layer_role":"hand_flood_envelope","status":"TEMPORARY","source_type":"DERIVED_APPROXIMATION","stage_index":4,"time":"2022-09-06T06:37:00+09:00","state":"parking_inflow","label":"Parking inflow starts","hand_m":0.0,"hand_threshold_m":0.2,"stage_fraction":0.8,"mean_elevation_m":3.13,"distance_to_primary_river_m":9.3,"stage_driver":"REPORTED_ORDER_ONLY","not_official_flood_extent":true,"not_hydraulic_simulation":true},"geometry":{"type":"Polygon","coordinates":[[[129.40333333333334,35.99583333333334],[129.40333333333334,35.99666666666667],[129.4025,35.99666666666667],[129.4025,35.99583333333334],[129.40333333333334,35.99583333333334]]]}},{"type":"Feature","properties":{"grid_id":"dem-004-040","layer_role":"hand_flood_envelope","status":"TEMPORARY","source_type":"DERIVED_APPROXIMATION","stage_index":4,"time":"2022-09-06T06:37:00+09:00","state":"parking_inflow","label":"Parking inflow starts","hand_m":0.0,"hand_threshold_m":0.2,"stage_fraction":0.8,"mean_elevation_m":6.21,"distance_to_primary_river_m":69.6,"stage_driver":"REPORTED_ORDER_ONLY","not_official_flood_extent":true,"not_hydraulic_simulation":true},"geometry":{"type":"Polygon","coordinates":[[[129.40416666666667,35.99583333333334],[129.40416666666667,35.99666666666667],[129.40333333333334,35.99666666666667],[129.40333333333334,35.99583333333334],[129.40416666666667,35.99583333333334]]]}},{"type":"Feature","properties":{"grid_id":"dem-004-041","layer_role":"hand_flood_envelope","status":"TEMPORARY","source_type":"DERIVED_APPROXIMATION","stage_index":4,"time":"2022-09-06T06:37:00+09:00","state":"parking_inflow","label":"Parking inflow starts","hand_m":0.0,"hand_threshold_m":0.2,"stage_fraction":0.8,"mean_elevation_m":6.41,"distance_to_primary_river_m":125.9,"stage_driver":"REPORTED_ORDER_ONLY","not_official_flood_extent":true,"not_hydraulic_simulation":true},"geometry":{"type":"Polygon","coordinates":[[[129.405,35.99583333333334],[129.405,35.99666666666667],[129.40416666666667,35.99666666666667],[129.40416666666667,35.99583333333334],[129.405,35.99583333333334]]]}},{"type":"Feature","properties":{"grid_id":"dem-005-028","layer_role":"hand_flood_envelope","status":"TEMPORARY","source_type":"DERIVED_APPROXIMATION","stage_index":4,"time":"2022-09-06T06:37:00+09:00","state":"parking_inflow","label":"Parking inflow starts","hand_m":0.0,"hand_threshold_m":0.2,"stage_fraction":0.8,"mean_elevation_m":5.55,"distance_to_primary_river_m":726.3,"stage_driver":"REPORTED_ORDER_ONLY","not_official_flood_extent":true,"not_hydraulic_simulation":true},"geometry":{"type":"Polygon","coordinates":[[[129.39416666666668,35.995],[129.39416666666668,35.99583333333334],[129.39333333333335,35.99583333333334],[129.39333333333335,35.995],[129.39416666666668,35.995]]]}},{"type":"Feature","properties":{"grid_id":"dem-005-029","layer_role":"hand_flood_envelope","status":"TEMPORARY","source_type":"DERIVED_APPROXIMATION","stage_index":4,"time":"2022-09-06T06:37:00+09:00","state":"parking_inflow","label":"Parking inflow starts","hand_m":0.0,"hand_threshold_m":0.2,"stage_fraction":0.8,"mean_elevation_m":5.56,"distance_to_primary_river_m":654.5,"stage_driver":"REPORTED_ORDER_ONLY","not_official_flood_extent":true,"not_hydraulic_simulation":true},"geometry":{"type":"Polygon","coordinates":[[[129.395,35.995],[129.395,35.99583333333334],[129.39416666666668,35.99583333333334],[129.39416666666668,35.995],[129.395,35.995]]]}},{"type":"Feature","properties":{"grid_id":"dem-005-030","layer_role":"hand_flood_envelope","status":"TEMPORARY","source_type":"DERIVED_APPROXIMATION","stage_index":4,"time":"2022-09-06T06:37:00+09:00","state":"parking_inflow","label":"Parking inflow starts","hand_m":0.0,"hand_threshold_m":0.2,"stage_fraction":0.8,"mean_elevation_m":4.92,"distance_to_primary_river_m":582.7,"stage_driver":"REPORTED_ORDER_ONLY","not_official_flood_extent":true,"not_hydraulic_simulation":true},"geometry":{"type":"Polygon","coordinates":[[[129.39583333333334,35.995],[129.39583333333334,35.99583333333334],[129.395,35.99583333333334],[129.395,35.995],[129.39583333333334,35.995]]]}},{"type":"Feature","properties":{"grid_id":"dem-005-031","layer_role":"hand_flood_envelope","status":"TEMPORARY","source_type":"DERIVED_APPROXIMATION","stage_index":4,"time":"2022-09-06T06:37:00+09:00","state":"parking_inflow","label":"Parking inflow starts","hand_m":0.0,"hand_threshold_m":0.2,"stage_fraction":0.8,"mean_elevation_m":6.91,"distance_to_primary_river_m":510.7,"stage_driver":"REPORTED_ORDER_ONLY","not_official_flood_extent":true,"not_hydraulic_simulation":true},"geometry":{"type":"Polygon","coordinates":[[[129.39666666666668,35.995],[129.39666666666668,35.99583333333334],[129.39583333333334,35.99583333333334],[129.39583333333334,35.995],[129.39666666666668,35.995]]]}},{"type":"Feature","properties":{"grid_id":"dem-005-032","layer_role":"hand_flood_envelope","status":"TEMPORARY","source_type":"DERIVED_APPROXIMATION","stage_index":4,"time":"2022-09-06T06:37:00+09:00","state":"parking_inflow","label":"Parking inflow starts","hand_m":0.0,"hand_threshold_m":0.2,"stage_fraction":0.8,"mean_elevation_m":6.87,"distance_to_primary_river_m":438.0,"stage_driver":"REPORTED_ORDER_ONLY","not_official_flood_extent":true,"not_hydraulic_simulation":true},"geometry":{"type":"Polygon","coordinates":[[[129.3975,35.995],[129.3975,35.99583333333334],[129.39666666666668,35.99583333333334],[129.39666666666668,35.995],[129.3975,35.995]]]}},{"type":"Feature","properties":{"grid_id":"dem-005-033","layer_role":"hand_flood_envelope","status":"TEMPORARY","source_type":"DERIVED_APPROXIMATION","stage_index":4,"time":"2022-09-06T06:37:00+09:00","state":"parking_inflow","label":"Parking inflow starts","hand_m":0.0,"hand_threshold_m":0.2,"stage_fraction":0.8,"mean_elevation_m":6.32,"distance_to_primary_river_m":365.2,"stage_driver":"REPORTED_ORDER_ONLY","not_official_flood_extent":true,"not_hydraulic_simulation":true},"geometry":{"type":"Polygon","coordinates":[[[129.39833333333334,35.995],[129.39833333333334,35.99583333333334],[129.3975,35.99583333333334],[129.3975,35.995],[129.39833333333334,35.995]]]}},{"type":"Feature","properties":{"grid_id":"dem-005-034","layer_role":"hand_flood_envelope","status":"TEMPORARY","source_type":"DERIVED_APPROXIMATION","stage_index":4,"time":"2022-09-06T06:37:00+09:00","state":"parking_inflow","label":"Parking inflow starts","hand_m":0.0,"hand_threshold_m":0.2,"stage_fraction":0.8,"mean_elevation_m":11.98,"distance_to_primary_river_m":292.5,"stage_driver":"REPORTED_ORDER_ONLY","not_official_flood_extent":true,"not_hydraulic_simulation":true},"geometry":{"type":"Polygon","coordinates":[[[129.39916666666667,35.995],[129.39916666666667,35.99583333333334],[129.39833333333334,35.99583333333334],[129.39833333333334,35.995],[129.39916666666667,35.995]]]}},{"type":"Feature","properties":{"grid_id":"dem-005-035","layer_role":"hand_flood_envelope","status":"TEMPORARY","source_type":"DERIVED_APPROXIMATION","stage_index":4,"time":"2022-09-06T06:37:00+09:00","state":"parking_inflow","label":"Parking inflow starts","hand_m":0.0,"hand_threshold_m":0.2,"stage_fraction":0.8,"mean_elevation_m":11.91,"distance_to_primary_river_m":220.2,"stage_driver":"REPORTED_ORDER_ONLY","not_official_flood_extent":true,"not_hydraulic_simulation":true},"geometry":{"type":"Polygon","coordinates":[[[129.4,35.995],[129.4,35.99583333333334],[129.39916666666667,35.99583333333334],[129.39916666666667,35.995],[129.4,35.995]]]}},{"type":"Feature","properties":{"grid_id":"dem-005-037","layer_role":"hand_flood_envelope","status":"TEMPORARY","source_type":"DERIVED_APPROXIMATION","stage_index":4,"time":"2022-09-06T06:37:00+09:00","state":"parking_inflow","label":"Parking inflow starts","hand_m":0.0,"hand_threshold_m":0.2,"stage_fraction":0.8,"mean_elevation_m":5.33,"distance_to_primary_river_m":80.7,"stage_driver":"REPORTED_ORDER_ONLY","not_official_flood_extent":true,"not_hydraulic_simulation":true},"geometry":{"type":"Polygon","coordinates":[[[129.40166666666667,35.995],[129.40166666666667,35.99583333333334],[129.40083333333334,35.99583333333334],[129.40083333333334,35.995],[129.40166666666667,35.995]]]}},{"type":"Feature","properties":{"grid_id":"dem-005-038","layer_role":"hand_flood_envelope","status":"TEMPORARY","source_type":"DERIVED_APPROXIMATION","stage_index":4,"time":"2022-09-06T06:37:00+09:00","state":"parking_inflow","label":"Parking inflow starts","hand_m":0.0,"hand_threshold_m":0.2,"stage_fraction":0.8,"mean_elevation_m":3.63,"distance_to_primary_river_m":11.3,"stage_driver":"REPORTED_ORDER_ONLY","not_official_flood_extent":true,"not_hydraulic_simulation":true},"geometry":{"type":"Polygon","coordinates":[[[129.4025,35.995],[129.4025,35.99583333333334],[129.40166666666667,35.99583333333334],[129.40166666666667,35.995],[129.4025,35.995]]]}},{"type":"Feature","properties":{"grid_id":"dem-005-039","layer_role":"hand_flood_envelope","status":"TEMPORARY","source_type":"DERIVED_APPROXIMATION","stage_index":4,"time":"2022-09-06T06:37:00+09:00","state":"parking_inflow","label":"Parking inflow starts","hand_m":0.0,"hand_threshold_m":0.2,"stage_fraction":0.8,"mean_elevation_m":5.01,"distance_to_primary_river_m":55.7,"stage_driver":"REPORTED_ORDER_ONLY","not_official_flood_extent":true,"not_hydraulic_simulation":true},"geometry":{"type":"Polygon","coordinates":[[[129.40333333333334,35.995],[129.40333333333334,35.99583333333334],[129.4025,35.99583333333334],[129.4025,35.995],[129.40333333333334,35.995]]]}},{"type":"Feature","properties":{"grid_id":"dem-005-040","layer_role":"hand_flood_envelope","status":"TEMPORARY","source_type":"DERIVED_APPROXIMATION","stage_index":4,"time":"2022-09-06T06:37:00+09:00","state":"parking_inflow","label":"Parking inflow starts","hand_m":0.0,"hand_threshold_m":0.2,"stage_fraction":0.8,"mean_elevation_m":9.03,"distance_to_primary_river_m":120.7,"stage_driver":"REPORTED_ORDER_ONLY","not_official_flood_extent":true,"not_hydraulic_simulation":true},"geometry":{"type":"Polygon","coordinates":[[[129.40416666666667,35.995],[129.40416666666667,35.99583333333334],[129.40333333333334,35.99583333333334],[129.40333333333334,35.995],[129.40416666666667,35.995]]]}},{"type":"Feature","properties":{"grid_id":"dem-005-041","layer_role":"hand_flood_envelope","status":"TEMPORARY","source_type":"DERIVED_APPROXIMATION","stage_index":4,"time":"2022-09-06T06:37:00+09:00","state":"parking_inflow","label":"Parking inflow starts","hand_m":0.17,"hand_threshold_m":0.2,"stage_fraction":0.8,"mean_elevation_m":9.2,"distance_to_primary_river_m":185.7,"stage_driver":"REPORTED_ORDER_ONLY","not_official_flood_extent":true,"not_hydraulic_simulation":true},"geometry":{"type":"Polygon","coordinates":[[[129.405,35.995],[129.405,35.99583333333334],[129.40416666666667,35.99583333333334],[129.40416666666667,35.995],[129.405,35.995]]]}},{"type":"Feature","properties":{"grid_id":"dem-006-028","layer_role":"hand_flood_envelope","status":"TEMPORARY","source_type":"DERIVED_APPROXIMATION","stage_index":4,"time":"2022-09-06T06:37:00+09:00","state":"parking_inflow","label":"Parking inflow starts","hand_m":0.0,"hand_threshold_m":0.2,"stage_fraction":0.8,"mean_elevation_m":6.42,"distance_to_primary_river_m":699.6,"stage_driver":"REPORTED_ORDER_ONLY","not_official_flood_extent":true,"not_hydraulic_simulation":true},"geometry":{"type":"Polygon","coordinates":[[[129.39416666666668,35.994166666666665],[129.39416666666668,35.995],[129.39333333333335,35.995],[129.39333333333335,35.994166666666665],[129.39416666666668,35.994166666666665]]]}},{"type":"Feature","properties":{"grid_id":"dem-006-029","layer_role":"hand_flood_envelope","status":"TEMPORARY","source_type":"DERIVED_APPROXIMATION","stage_index":4,"time":"2022-09-06T06:37:00+09:00","state":"parking_inflow","label":"Parking inflow starts","hand_m":0.0,"hand_threshold_m":0.2,"stage_fraction":0.8,"mean_elevation_m":5.97,"distance_to_primary_river_m":627.3,"stage_driver":"REPORTED_ORDER_ONLY","not_official_flood_extent":true,"not_hydraulic_simulation":true},"geometry":{"type":"Polygon","coordinates":[[[129.395,35.994166666666665],[129.395,35.995],[129.39416666666668,35.995],[129.39416666666668,35.994166666666665],[129.395,35.994166666666665]]]}},{"type":"Feature","properties":{"grid_id":"dem-006-030","layer_role":"hand_flood_envelope","status":"TEMPORARY","source_type":"DERIVED_APPROXIMATION","stage_index":4,"time":"2022-09-06T06:37:00+09:00","state":"parking_inflow","label":"Parking inflow starts","hand_m":0.0,"hand_threshold_m":0.2,"stage_fraction":0.8,"mean_elevation_m":6.76,"distance_to_primary_river_m":555.5,"stage_driver":"REPORTED_ORDER_ONLY","not_official_flood_extent":true,"not_hydraulic_simulation":true},"geometry":{"type":"Polygon","coordinates":[[[129.39583333333334,35.994166666666665],[129.39583333333334,35.995],[129.395,35.995],[129.395,35.994166666666665],[129.39583333333334,35.994166666666665]]]}},{"type":"Feature","properties":{"grid_id":"dem-006-031","layer_role":"hand_flood_envelope","status":"TEMPORARY","source_type":"DERIVED_APPROXIMATION","stage_index":4,"time":"2022-09-06T06:37:00+09:00","state":"parking_inflow","label":"Parking inflow starts","hand_m":0.0,"hand_threshold_m":0.2,"stage_fraction":0.8,"mean_elevation_m":6.92,"distance_to_primary_river_m":483.7,"stage_driver":"REPORTED_ORDER_ONLY","not_official_flood_extent":true,"not_hydraulic_simulation":true},"geometry":{"type":"Polygon","coordinates":[[[129.39666666666668,35.994166666666665],[129.39666666666668,35.995],[129.39583333333334,35.995],[129.39583333333334,35.994166666666665],[129.39666666666668,35.994166666666665]]]}},{"type":"Feature","properties":{"grid_id":"dem-006-036","layer_role":"hand_flood_envelope","status":"TEMPORARY","source_type":"DERIVED_APPROXIMATION","stage_index":4,"time":"2022-09-06T06:37:00+09:00","state":"parking_inflow","label":"Parking inflow starts","hand_m":0.0,"hand_threshold_m":0.2,"stage_fraction":0.8,"mean_elevation_m":16.04,"distance_to_primary_river_m":123.8,"stage_driver":"REPORTED_ORDER_ONLY","not_official_flood_extent":true,"not_hydraulic_simulation":true},"geometry":{"type":"Polygon","coordinates":[[[129.40083333333334,35.994166666666665],[129.40083333333334,35.995],[129.4,35.995],[129.4,35.994166666666665],[129.40083333333334,35.994166666666665]]]}},{"type":"Feature","properties":{"grid_id":"dem-006-037","layer_role":"hand_flood_envelope","status":"TEMPORARY","source_type":"DERIVED_APPROXIMATION","stage_index":4,"time":"2022-09-06T06:37:00+09:00","state":"parking_inflow","label":"Parking inflow starts","hand_m":0.0,"hand_threshold_m":0.2,"stage_fraction":0.8,"mean_elevation_m":5.93,"distance_to_primary_river_m":51.1,"stage_driver":"REPORTED_ORDER_ONLY","not_official_flood_extent":true,"not_hydraulic_simulation":true},"geometry":{"type":"Polygon","coordinates":[[[129.40166666666667,35.994166666666665],[129.40166666666667,35.995],[129.40083333333334,35.995],[129.40083333333334,35.994166666666665],[129.40166666666667,35.994166666666665]]]}},{"type":"Feature","properties":{"grid_id":"dem-006-038","layer_role":"hand_flood_envelope","status":"TEMPORARY","source_type":"DERIVED_APPROXIMATION","stage_index":4,"time":"2022-09-06T06:37:00+09:00","state":"parking_inflow","label":"Parking inflow starts","hand_m":0.0,"hand_threshold_m":0.2,"stage_fraction":0.8,"mean_elevation_m":3.14,"distance_to_primary_river_m":21.6,"stage_driver":"REPORTED_ORDER_ONLY","not_official_flood_extent":true,"not_hydraulic_simulation":true},"geometry":{"type":"Polygon","coordinates":[[[129.4025,35.994166666666665],[129.4025,35.995],[129.40166666666667,35.995],[129.40166666666667,35.994166666666665],[129.4025,35.994166666666665]]]}},{"type":"Feature","properties":{"grid_id":"dem-006-039","layer_role":"hand_flood_envelope","status":"TEMPORARY","source_type":"DERIVED_APPROXIMATION","stage_index":4,"time":"2022-09-06T06:37:00+09:00","state":"parking_inflow","label":"Parking inflow starts","hand_m":0.0,"hand_threshold_m":0.2,"stage_fraction":0.8,"mean_elevation_m":7.74,"distance_to_primary_river_m":93.6,"stage_driver":"REPORTED_ORDER_ONLY","not_official_flood_extent":true,"not_hydraulic_simulation":true},"geometry":{"type":"Polygon","coordinates":[[[129.40333333333334,35.994166666666665],[129.40333333333334,35.995],[129.4025,35.995],[129.4025,35.994166666666665],[129.40333333333334,35.994166666666665]]]}},{"type":"Feature","properties":{"grid_id":"dem-006-040","layer_role":"hand_flood_envelope","status":"TEMPORARY","source_type":"DERIVED_APPROXIMATION","stage_index":4,"time":"2022-09-06T06:37:00+09:00","state":"parking_inflow","label":"Parking inflow starts","hand_m":0.03,"hand_threshold_m":0.2,"stage_fraction":0.8,"mean_elevation_m":7.77,"distance_to_primary_river_m":162.9,"stage_driver":"REPORTED_ORDER_ONLY","not_official_flood_extent":true,"not_hydraulic_simulation":true},"geometry":{"type":"Polygon","coordinates":[[[129.40416666666667,35.994166666666665],[129.40416666666667,35.995],[129.40333333333334,35.995],[129.40333333333334,35.994166666666665],[129.40416666666667,35.994166666666665]]]}},{"type":"Feature","properties":{"grid_id":"dem-006-041","layer_role":"hand_flood_envelope","status":"TEMPORARY","source_type":"DERIVED_APPROXIMATION","stage_index":4,"time":"2022-09-06T06:37:00+09:00","state":"parking_inflow","label":"Parking inflow starts","hand_m":0.0,"hand_threshold_m":0.2,"stage_fraction":0.8,"mean_elevation_m":6.25,"distance_to_primary_river_m":232.1,"stage_driver":"REPORTED_ORDER_ONLY","not_official_flood_extent":true,"not_hydraulic_simulation":true},"geometry":{"type":"Polygon","coordinates":[[[129.405,35.994166666666665],[129.405,35.995],[129.40416666666667,35.995],[129.40416666666667,35.994166666666665],[129.405,35.994166666666665]]]}},{"type":"Feature","properties":{"grid_id":"dem-006-042","layer_role":"hand_flood_envelope","status":"TEMPORARY","source_type":"DERIVED_APPROXIMATION","stage_index":4,"time":"2022-09-06T06:37:00+09:00","state":"parking_inflow","label":"Parking inflow starts","hand_m":0.0,"hand_threshold_m":0.2,"stage_fraction":0.8,"mean_elevation_m":7.63,"distance_to_primary_river_m":297.1,"stage_driver":"REPORTED_ORDER_ONLY","not_official_flood_extent":true,"not_hydraulic_simulation":true},"geometry":{"type":"Polygon","coordinates":[[[129.40583333333333,35.994166666666665],[129.40583333333333,35.995],[129.405,35.995],[129.405,35.994166666666665],[129.40583333333333,35.994166666666665]]]}},{"type":"Feature","properties":{"grid_id":"dem-007-029","layer_role":"hand_flood_envelope","status":"TEMPORARY","source_type":"DERIVED_APPROXIMATION","stage_index":4,"time":"2022-09-06T06:37:00+09:00","state":"parking_inflow","label":"Parking inflow starts","hand_m":0.0,"hand_threshold_m":0.2,"stage_fraction":0.8,"mean_elevation_m":6.53,"distance_to_primary_river_m":602.7,"stage_driver":"REPORTED_ORDER_ONLY","not_official_flood_extent":true,"not_hydraulic_simulation":true},"geometry":{"type":"Polygon","coordinates":[[[129.395,35.99333333333333],[129.395,35.994166666666665],[129.39416666666668,35.994166666666665],[129.39416666666668,35.99333333333333],[129.395,35.99333333333333]]]}},{"type":"Feature","properties":{"grid_id":"dem-007-030","layer_role":"hand_flood_envelope","status":"TEMPORARY","source_type":"DERIVED_APPROXIMATION","stage_index":4,"time":"2022-09-06T06:37:00+09:00","state":"parking_inflow","label":"Parking inflow starts","hand_m":0.0,"hand_threshold_m":0.2,"stage_fraction":0.8,"mean_elevation_m":6.96,"distance_to_primary_river_m":530.3,"stage_driver":"REPORTED_ORDER_ONLY","not_official_flood_extent":true,"not_hydraulic_simulation":true},"geometry":{"type":"Polygon","coordinates":[[[129.39583333333334,35.99333333333333],[129.39583333333334,35.994166666666665],[129.395,35.994166666666665],[129.395,35.99333333333333],[129.39583333333334,35.99333333333333]]]}},{"type":"Feature","properties":{"grid_id":"dem-007-036","layer_role":"hand_flood_envelope","status":"TEMPORARY","source_type":"DERIVED_APPROXIMATION","stage_index":4,"time":"2022-09-06T06:37:00+09:00","state":"parking_inflow","label":"Parking inflow starts","hand_m":0.0,"hand_threshold_m":0.2,"stage_fraction":0.8,"mean_elevation_m":13.54,"distance_to_primary_river_m":97.4,"stage_driver":"REPORTED_ORDER_ONLY","not_official_flood_extent":true,"not_hydraulic_simulation":true},"geometry":{"type":"Polygon","coordinates":[[[129.40083333333334,35.99333333333333],[129.40083333333334,35.994166666666665],[129.4,35.994166666666665],[129.4,35.99333333333333],[129.40083333333334,35.99333333333333]]]}},{"type":"Feature","properties":{"grid_id":"dem-007-037","layer_role":"hand_flood_envelope","status":"TEMPORARY","source_type":"DERIVED_APPROXIMATION","stage_index":4,"time":"2022-09-06T06:37:00+09:00","state":"parking_inflow","label":"Parking inflow starts","hand_m":0.0,"hand_threshold_m":0.2,"stage_fraction":0.8,"mean_elevation_m":6.37,"distance_to_primary_river_m":25.6,"stage_driver":"REPORTED_ORDER_ONLY","not_official_flood_extent":true,"not_hydraulic_simulation":true},"geometry":{"type":"Polygon","coordinates":[[[129.40166666666667,35.99333333333333],[129.40166666666667,35.994166666666665],[129.40083333333334,35.994166666666665],[129.40083333333334,35.99333333333333],[129.40166666666667,35.99333333333333]]]}},{"type":"Feature","properties":{"grid_id":"dem-007-038","layer_role":"hand_flood_envelope","status":"TEMPORARY","source_type":"DERIVED_APPROXIMATION","stage_index":4,"time":"2022-09-06T06:37:00+09:00","state":"parking_inflow","label":"Parking inflow starts","hand_m":0.0,"hand_threshold_m":0.2,"stage_fraction":0.8,"mean_elevation_m":6.79,"distance_to_primary_river_m":46.2,"stage_driver":"REPORTED_ORDER_ONLY","not_official_flood_extent":true,"not_hydraulic_simulation":true},"geometry":{"type":"Polygon","coordinates":[[[129.4025,35.99333333333333],[129.4025,35.994166666666665],[129.40166666666667,35.994166666666665],[129.40166666666667,35.99333333333333],[129.4025,35.99333333333333]]]}},{"type":"Feature","properties":{"grid_id":"dem-007-039","layer_role":"hand_flood_envelope","status":"TEMPORARY","source_type":"DERIVED_APPROXIMATION","stage_index":4,"time":"2022-09-06T06:37:00+09:00","state":"parking_inflow","label":"Parking inflow starts","hand_m":0.0,"hand_threshold_m":0.2,"stage_fraction":0.8,"mean_elevation_m":9.85,"distance_to_primary_river_m":118.0,"stage_driver":"REPORTED_ORDER_ONLY","not_official_flood_extent":true,"not_hydraulic_simulation":true},"geometry":{"type":"Polygon","coordinates":[[[129.40333333333334,35.99333333333333],[129.40333333333334,35.994166666666665],[129.4025,35.994166666666665],[129.4025,35.99333333333333],[129.40333333333334,35.99333333333333]]]}},{"type":"Feature","properties":{"grid_id":"dem-007-040","layer_role":"hand_flood_envelope","status":"TEMPORARY","source_type":"DERIVED_APPROXIMATION","stage_index":4,"time":"2022-09-06T06:37:00+09:00","state":"parking_inflow","label":"Parking inflow starts","hand_m":0.0,"hand_threshold_m":0.2,"stage_fraction":0.8,"mean_elevation_m":9.25,"distance_to_primary_river_m":190.3,"stage_driver":"REPORTED_ORDER_ONLY","not_official_flood_extent":true,"not_hydraulic_simulation":true},"geometry":{"type":"Polygon","coordinates":[[[129.40416666666667,35.99333333333333],[129.40416666666667,35.994166666666665],[129.40333333333334,35.994166666666665],[129.40333333333334,35.99333333333333],[129.40416666666667,35.99333333333333]]]}},{"type":"Feature","properties":{"grid_id":"dem-007-041","layer_role":"hand_flood_envelope","status":"TEMPORARY","source_type":"DERIVED_APPROXIMATION","stage_index":4,"time":"2022-09-06T06:37:00+09:00","state":"parking_inflow","label":"Parking inflow starts","hand_m":0.0,"hand_threshold_m":0.2,"stage_fraction":0.8,"mean_elevation_m":9.21,"distance_to_primary_river_m":263.0,"stage_driver":"REPORTED_ORDER_ONLY","not_official_flood_extent":true,"not_hydraulic_simulation":true},"geometry":{"type":"Polygon","coordinates":[[[129.405,35.99333333333333],[129.405,35.994166666666665],[129.40416666666667,35.994166666666665],[129.40416666666667,35.99333333333333],[129.405,35.99333333333333]]]}},{"type":"Feature","properties":{"grid_id":"dem-007-042","layer_role":"hand_flood_envelope","status":"TEMPORARY","source_type":"DERIVED_APPROXIMATION","stage_index":4,"time":"2022-09-06T06:37:00+09:00","state":"parking_inflow","label":"Parking inflow starts","hand_m":0.0,"hand_threshold_m":0.2,"stage_fraction":0.8,"mean_elevation_m":8.29,"distance_to_primary_river_m":335.8,"stage_driver":"REPORTED_ORDER_ONLY","not_official_flood_extent":true,"not_hydraulic_simulation":true},"geometry":{"type":"Polygon","coordinates":[[[129.40583333333333,35.99333333333333],[129.40583333333333,35.994166666666665],[129.405,35.994166666666665],[129.405,35.99333333333333],[129.40583333333333,35.99333333333333]]]}},{"type":"Feature","properties":{"grid_id":"dem-007-043","layer_role":"hand_flood_envelope","status":"TEMPORARY","source_type":"DERIVED_APPROXIMATION","stage_index":4,"time":"2022-09-06T06:37:00+09:00","state":"parking_inflow","label":"Parking inflow starts","hand_m":0.0,"hand_threshold_m":0.2,"stage_fraction":0.8,"mean_elevation_m":8.0,"distance_to_primary_river_m":406.6,"stage_driver":"REPORTED_ORDER_ONLY","not_official_flood_extent":true,"not_hydraulic_simulation":true},"geometry":{"type":"Polygon","coordinates":[[[129.40666666666667,35.99333333333333],[129.40666666666667,35.994166666666665],[129.40583333333333,35.994166666666665],[129.40583333333333,35.99333333333333],[129.40666666666667,35.99333333333333]]]}},{"type":"Feature","properties":{"grid_id":"dem-008-030","layer_role":"hand_flood_envelope","status":"TEMPORARY","source_type":"DERIVED_APPROXIMATION","stage_index":4,"time":"2022-09-06T06:37:00+09:00","state":"parking_inflow","label":"Parking inflow starts","hand_m":0.18,"hand_threshold_m":0.2,"stage_fraction":0.8,"mean_elevation_m":7.57,"distance_to_primary_river_m":505.9,"stage_driver":"REPORTED_ORDER_ONLY","not_official_flood_extent":true,"not_hydraulic_simulation":true},"geometry":{"type":"Polygon","coordinates":[[[129.39583333333334,35.9925],[129.39583333333334,35.99333333333333],[129.395,35.99333333333333],[129.395,35.9925],[129.39583333333334,35.9925]]]}},{"type":"Feature","properties":{"grid_id":"dem-008-031","layer_role":"hand_flood_envelope","status":"TEMPORARY","source_type":"DERIVED_APPROXIMATION","stage_index":4,"time":"2022-09-06T06:37:00+09:00","state":"parking_inflow","label":"Parking inflow starts","hand_m":0.0,"hand_threshold_m":0.2,"stage_fraction":0.8,"mean_elevation_m":7.04,"distance_to_primary_river_m":433.4,"stage_driver":"REPORTED_ORDER_ONLY","not_official_flood_extent":true,"not_hydraulic_simulation":true},"geometry":{"type":"Polygon","coordinates":[[[129.39666666666668,35.9925],[129.39666666666668,35.99333333333333],[129.39583333333334,35.99333333333333],[129.39583333333334,35.9925],[129.39666666666668,35.9925]]]}},{"type":"Feature","properties":{"grid_id":"dem-008-032","layer_role":"hand_flood_envelope","status":"TEMPORARY","source_type":"DERIVED_APPROXIMATION","stage_index":4,"time":"2022-09-06T06:37:00+09:00","state":"parking_inflow","label":"Parking inflow starts","hand_m":0.0,"hand_threshold_m":0.2,"stage_fraction":0.8,"mean_elevation_m":6.69,"distance_to_primary_river_m":360.9,"stage_driver":"REPORTED_ORDER_ONLY","not_official_flood_extent":true,"not_hydraulic_simulation":true},"geometry":{"type":"Polygon","coordinates":[[[129.3975,35.9925],[129.3975,35.99333333333333],[129.39666666666668,35.99333333333333],[129.39666666666668,35.9925],[129.3975,35.9925]]]}},{"type":"Feature","properties":{"grid_id":"dem-008-033","layer_role":"hand_flood_envelope","status":"TEMPORARY","source_type":"DERIVED_APPROXIMATION","stage_index":4,"time":"2022-09-06T06:37:00+09:00","state":"parking_inflow","label":"Parking inflow starts","hand_m":0.0,"hand_threshold_m":0.2,"stage_fraction":0.8,"mean_elevation_m":6.78,"distance_to_primary_river_m":288.4,"stage_driver":"REPORTED_ORDER_ONLY","not_official_flood_extent":true,"not_hydraulic_simulation":true},"geometry":{"type":"Polygon","coordinates":[[[129.39833333333334,35.9925],[129.39833333333334,35.99333333333333],[129.3975,35.99333333333333],[129.3975,35.9925],[129.39833333333334,35.9925]]]}},{"type":"Feature","properties":{"grid_id":"dem-008-034","layer_role":"hand_flood_envelope","status":"TEMPORARY","source_type":"DERIVED_APPROXIMATION","stage_index":4,"time":"2022-09-06T06:37:00+09:00","state":"parking_inflow","label":"Parking inflow starts","hand_m":0.0,"hand_threshold_m":0.2,"stage_fraction":0.8,"mean_elevation_m":6.01,"distance_to_primary_river_m":216.0,"stage_driver":"REPORTED_ORDER_ONLY","not_official_flood_extent":true,"not_hydraulic_simulation":true},"geometry":{"type":"Polygon","coordinates":[[[129.39916666666667,35.9925],[129.39916666666667,35.99333333333333],[129.39833333333334,35.99333333333333],[129.39833333333334,35.9925],[129.39916666666667,35.9925]]]}},{"type":"Feature","properties":{"grid_id":"dem-008-035","layer_role":"hand_flood_envelope","status":"TEMPORARY","source_type":"DERIVED_APPROXIMATION","stage_index":4,"time":"2022-09-06T06:37:00+09:00","state":"parking_inflow","label":"Parking inflow starts","hand_m":0.0,"hand_threshold_m":0.2,"stage_fraction":0.8,"mean_elevation_m":7.39,"distance_to_primary_river_m":143.5,"stage_driver":"REPORTED_ORDER_ONLY","not_official_flood_extent":true,"not_hydraulic_simulation":true},"geometry":{"type":"Polygon","coordinates":[[[129.4,35.9925],[129.4,35.99333333333333],[129.39916666666667,35.99333333333333],[129.39916666666667,35.9925],[129.4,35.9925]]]}},{"type":"Feature","properties":{"grid_id":"dem-008-036","layer_role":"hand_flood_envelope","status":"TEMPORARY","source_type":"DERIVED_APPROXIMATION","stage_index":4,"time":"2022-09-06T06:37:00+09:00","state":"parking_inflow","label":"Parking inflow starts","hand_m":0.0,"hand_threshold_m":0.2,"stage_fraction":0.8,"mean_elevation_m":8.56,"distance_to_primary_river_m":71.0,"stage_driver":"REPORTED_ORDER_ONLY","not_official_flood_extent":true,"not_hydraulic_simulation":true},"geometry":{"type":"Polygon","coordinates":[[[129.40083333333334,35.9925],[129.40083333333334,35.99333333333333],[129.4,35.99333333333333],[129.4,35.9925],[129.40083333333334,35.9925]]]}},{"type":"Feature","properties":{"grid_id":"dem-008-037","layer_role":"hand_flood_envelope","status":"TEMPORARY","source_type":"DERIVED_APPROXIMATION","stage_index":4,"time":"2022-09-06T06:37:00+09:00","state":"parking_inflow","label":"Parking inflow starts","hand_m":0.0,"hand_threshold_m":0.2,"stage_fraction":0.8,"mean_elevation_m":4.45,"distance_to_primary_river_m":1.4,"stage_driver":"REPORTED_ORDER_ONLY","not_official_flood_extent":true,"not_hydraulic_simulation":true},"geometry":{"type":"Polygon","coordinates":[[[129.40166666666667,35.9925],[129.40166666666667,35.99333333333333],[129.40083333333334,35.99333333333333],[129.40083333333334,35.9925],[129.40166666666667,35.9925]]]}},{"type":"Feature","properties":{"grid_id":"dem-008-038","layer_role":"hand_flood_envelope","status":"TEMPORARY","source_type":"DERIVED_APPROXIMATION","stage_index":4,"time":"2022-09-06T06:37:00+09:00","state":"parking_inflow","label":"Parking inflow starts","hand_m":0.0,"hand_threshold_m":0.2,"stage_fraction":0.8,"mean_elevation_m":8.4,"distance_to_primary_river_m":73.5,"stage_driver":"REPORTED_ORDER_ONLY","not_official_flood_extent":true,"not_hydraulic_simulation":true},"geometry":{"type":"Polygon","coordinates":[[[129.4025,35.9925],[129.4025,35.99333333333333],[129.40166666666667,35.99333333333333],[129.40166666666667,35.9925],[129.4025,35.9925]]]}},{"type":"Feature","properties":{"grid_id":"dem-008-039","layer_role":"hand_flood_envelope","status":"TEMPORARY","source_type":"DERIVED_APPROXIMATION","stage_index":4,"time":"2022-09-06T06:37:00+09:00","state":"parking_inflow","label":"Parking inflow starts","hand_m":0.0,"hand_threshold_m":0.2,"stage_fraction":0.8,"mean_elevation_m":10.28,"distance_to_primary_river_m":145.3,"stage_driver":"REPORTED_ORDER_ONLY","not_official_flood_extent":true,"not_hydraulic_simulation":true},"geometry":{"type":"Polygon","coordinates":[[[129.40333333333334,35.9925],[129.40333333333334,35.99333333333333],[129.4025,35.99333333333333],[129.4025,35.9925],[129.40333333333334,35.9925]]]}},{"type":"Feature","properties":{"grid_id":"dem-008-040","layer_role":"hand_flood_envelope","status":"TEMPORARY","source_type":"DERIVED_APPROXIMATION","stage_index":4,"time":"2022-09-06T06:37:00+09:00","state":"parking_inflow","label":"Parking inflow starts","hand_m":0.0,"hand_threshold_m":0.2,"stage_fraction":0.8,"mean_elevation_m":9.91,"distance_to_primary_river_m":217.1,"stage_driver":"REPORTED_ORDER_ONLY","not_official_flood_extent":true,"not_hydraulic_simulation":true},"geometry":{"type":"Polygon","coordinates":[[[129.40416666666667,35.9925],[129.40416666666667,35.99333333333333],[129.40333333333334,35.99333333333333],[129.40333333333334,35.9925],[129.40416666666667,35.9925]]]}},{"type":"Feature","properties":{"grid_id":"dem-008-042","layer_role":"hand_flood_envelope","status":"TEMPORARY","source_type":"DERIVED_APPROXIMATION","stage_index":4,"time":"2022-09-06T06:37:00+09:00","state":"parking_inflow","label":"Parking inflow starts","hand_m":0.0,"hand_threshold_m":0.2,"stage_fraction":0.8,"mean_elevation_m":9.06,"distance_to_primary_river_m":360.7,"stage_driver":"REPORTED_ORDER_ONLY","not_official_flood_extent":true,"not_hydraulic_simulation":true},"geometry":{"type":"Polygon","coordinates":[[[129.40583333333333,35.9925],[129.40583333333333,35.99333333333333],[129.405,35.99333333333333],[129.405,35.9925],[129.40583333333333,35.9925]]]}},{"type":"Feature","properties":{"grid_id":"dem-008-043","layer_role":"hand_flood_envelope","status":"TEMPORARY","source_type":"DERIVED_APPROXIMATION","stage_index":4,"time":"2022-09-06T06:37:00+09:00","state":"parking_inflow","label":"Parking inflow starts","hand_m":0.0,"hand_threshold_m":0.2,"stage_fraction":0.8,"mean_elevation_m":8.32,"distance_to_primary_river_m":432.5,"stage_driver":"REPORTED_ORDER_ONLY","not_official_flood_extent":true,"not_hydraulic_simulation":true},"geometry":{"type":"Polygon","coordinates":[[[129.40666666666667,35.9925],[129.40666666666667,35.99333333333333],[129.40583333333333,35.99333333333333],[129.40583333333333,35.9925],[129.40666666666667,35.9925]]]}},{"type":"Feature","properties":{"grid_id":"dem-008-044","layer_role":"hand_flood_envelope","status":"TEMPORARY","source_type":"DERIVED_APPROXIMATION","stage_index":4,"time":"2022-09-06T06:37:00+09:00","state":"parking_inflow","label":"Parking inflow starts","hand_m":0.0,"hand_threshold_m":0.2,"stage_fraction":0.8,"mean_elevation_m":8.95,"distance_to_primary_river_m":504.5,"stage_driver":"REPORTED_ORDER_ONLY","not_official_flood_extent":true,"not_hydraulic_simulation":true},"geometry":{"type":"Polygon","coordinates":[[[129.4075,35.9925],[129.4075,35.99333333333333],[129.40666666666667,35.99333333333333],[129.40666666666667,35.9925],[129.4075,35.9925]]]}},{"type":"Feature","properties":{"grid_id":"dem-009-030","layer_role":"hand_flood_envelope","status":"TEMPORARY","source_type":"DERIVED_APPROXIMATION","stage_index":4,"time":"2022-09-06T06:37:00+09:00","state":"parking_inflow","label":"Parking inflow starts","hand_m":0.07,"hand_threshold_m":0.2,"stage_fraction":0.8,"mean_elevation_m":9.45,"distance_to_primary_river_m":486.1,"stage_driver":"REPORTED_ORDER_ONLY","not_official_flood_extent":true,"not_hydraulic_simulation":true},"geometry":{"type":"Polygon","coordinates":[[[129.39583333333334,35.99166666666667],[129.39583333333334,35.9925],[129.395,35.9925],[129.395,35.99166666666667],[129.39583333333334,35.99166666666667]]]}},{"type":"Feature","properties":{"grid_id":"dem-009-032","layer_role":"hand_flood_envelope","status":"TEMPORARY","source_type":"DERIVED_APPROXIMATION","stage_index":4,"time":"2022-09-06T06:37:00+09:00","state":"parking_inflow","label":"Parking inflow starts","hand_m":0.0,"hand_threshold_m":0.2,"stage_fraction":0.8,"mean_elevation_m":8.8,"distance_to_primary_river_m":337.6,"stage_driver":"REPORTED_ORDER_ONLY","not_official_flood_extent":true,"not_hydraulic_simulation":true},"geometry":{"type":"Polygon","coordinates":[[[129.3975,35.99166666666667],[129.3975,35.9925],[129.39666666666668,35.9925],[129.39666666666668,35.99166666666667],[129.3975,35.99166666666667]]]}},{"type":"Feature","properties":{"grid_id":"dem-009-033","layer_role":"hand_flood_envelope","status":"TEMPORARY","source_type":"DERIVED_APPROXIMATION","stage_index":4,"time":"2022-09-06T06:37:00+09:00","state":"parking_inflow","label":"Parking inflow starts","hand_m":0.0,"hand_threshold_m":0.2,"stage_fraction":0.8,"mean_elevation_m":7.32,"distance_to_primary_river_m":264.1,"stage_driver":"REPORTED_ORDER_ONLY","not_official_flood_extent":true,"not_hydraulic_simulation":true},"geometry":{"type":"Polygon","coordinates":[[[129.39833333333334,35.99166666666667],[129.39833333333334,35.9925],[129.3975,35.9925],[129.3975,35.99166666666667],[129.39833333333334,35.99166666666667]]]}},{"type":"Feature","properties":{"grid_id":"dem-009-034","layer_role":"hand_flood_envelope","status":"TEMPORARY","source_type":"DERIVED_APPROXIMATION","stage_index":4,"time":"2022-09-06T06:37:00+09:00","state":"parking_inflow","label":"Parking inflow starts","hand_m":0.0,"hand_threshold_m":0.2,"stage_fraction":0.8,"mean_elevation_m":9.1,"distance_to_primary_river_m":191.5,"stage_driver":"REPORTED_ORDER_ONLY","not_official_flood_extent":true,"not_hydraulic_simulation":true},"geometry":{"type":"Polygon","coordinates":[[[129.39916666666667,35.99166666666667],[129.39916666666667,35.9925],[129.39833333333334,35.9925],[129.39833333333334,35.99166666666667],[129.39916666666667,35.99166666666667]]]}},{"type":"Feature","properties":{"grid_id":"dem-009-035","layer_role":"hand_flood_envelope","status":"TEMPORARY","source_type":"DERIVED_APPROXIMATION","stage_index":4,"time":"2022-09-06T06:37:00+09:00","state":"parking_inflow","label":"Parking inflow starts","hand_m":0.0,"hand_threshold_m":0.2,"stage_fraction":0.8,"mean_elevation_m":9.37,"distance_to_primary_river_m":119.1,"stage_driver":"REPORTED_ORDER_ONLY","not_official_flood_extent":true,"not_hydraulic_simulation":true},"geometry":{"type":"Polygon","coordinates":[[[129.4,35.99166666666667],[129.4,35.9925],[129.39916666666667,35.9925],[129.39916666666667,35.99166666666667],[129.4,35.99166666666667]]]}},{"type":"Feature","properties":{"grid_id":"dem-009-036","layer_role":"hand_flood_envelope","status":"TEMPORARY","source_type":"DERIVED_APPROXIMATION","stage_index":4,"time":"2022-09-06T06:37:00+09:00","state":"parking_inflow","label":"Parking inflow starts","hand_m":0.0,"hand_threshold_m":0.2,"stage_fraction":0.8,"mean_elevation_m":7.74,"distance_to_primary_river_m":46.6,"stage_driver":"REPORTED_ORDER_ONLY","not_official_flood_extent":true,"not_hydraulic_simulation":true},"geometry":{"type":"Polygon","coordinates":[[[129.40083333333334,35.99166666666667],[129.40083333333334,35.9925],[129.4,35.9925],[129.4,35.99166666666667],[129.40083333333334,35.99166666666667]]]}},{"type":"Feature","properties":{"grid_id":"dem-009-037","layer_role":"hand_flood_envelope","status":"TEMPORARY","source_type":"DERIVED_APPROXIMATION","stage_index":4,"time":"2022-09-06T06:37:00+09:00","state":"parking_inflow","label":"Parking inflow starts","hand_m":0.0,"hand_threshold_m":0.2,"stage_fraction":0.8,"mean_elevation_m":4.44,"distance_to_primary_river_m":25.9,"stage_driver":"REPORTED_ORDER_ONLY","not_official_flood_extent":true,"not_hydraulic_simulation":true},"geometry":{"type":"Polygon","coordinates":[[[129.40166666666667,35.99166666666667],[129.40166666666667,35.9925],[129.40083333333334,35.9925],[129.40083333333334,35.99166666666667],[129.40166666666667,35.99166666666667]]]}},{"type":"Feature","properties":{"grid_id":"dem-009-038","layer_role":"hand_flood_envelope","status":"TEMPORARY","source_type":"DERIVED_APPROXIMATION","stage_index":4,"time":"2022-09-06T06:37:00+09:00","state":"parking_inflow","label":"Parking inflow starts","hand_m":0.0,"hand_threshold_m":0.2,"stage_fraction":0.8,"mean_elevation_m":10.27,"distance_to_primary_river_m":98.3,"stage_driver":"REPORTED_ORDER_ONLY","not_official_flood_extent":true,"not_hydraulic_simulation":true},"geometry":{"type":"Polygon","coordinates":[[[129.4025,35.99166666666667],[129.4025,35.9925],[129.40166666666667,35.9925],[129.40166666666667,35.99166666666667],[129.4025,35.99166666666667]]]}},{"type":"Feature","properties":{"grid_id":"dem-009-039","layer_role":"hand_flood_envelope","status":"TEMPORARY","source_type":"DERIVED_APPROXIMATION","stage_index":4,"time":"2022-09-06T06:37:00+09:00","state":"parking_inflow","label":"Parking inflow starts","hand_m":0.01,"hand_threshold_m":0.2,"stage_fraction":0.8,"mean_elevation_m":10.28,"distance_to_primary_river_m":170.8,"stage_driver":"REPORTED_ORDER_ONLY","not_official_flood_extent":true,"not_hydraulic_simulation":true},"geometry":{"type":"Polygon","coordinates":[[[129.40333333333334,35.99166666666667],[129.40333333333334,35.9925],[129.4025,35.9925],[129.4025,35.99166666666667],[129.40333333333334,35.99166666666667]]]}},{"type":"Feature","properties":{"grid_id":"dem-009-040","layer_role":"hand_flood_envelope","status":"TEMPORARY","source_type":"DERIVED_APPROXIMATION","stage_index":4,"time":"2022-09-06T06:37:00+09:00","state":"parking_inflow","label":"Parking inflow starts","hand_m":0.0,"hand_threshold_m":0.2,"stage_fraction":0.8,"mean_elevation_m":9.9,"distance_to_primary_river_m":243.3,"stage_driver":"REPORTED_ORDER_ONLY","not_official_flood_extent":true,"not_hydraulic_simulation":true},"geometry":{"type":"Polygon","coordinates":[[[129.40416666666667,35.99166666666667],[129.40416666666667,35.9925],[129.40333333333334,35.9925],[129.40333333333334,35.99166666666667],[129.40416666666667,35.99166666666667]]]}},{"type":"Feature","properties":{"grid_id":"dem-009-043","layer_role":"hand_flood_envelope","status":"TEMPORARY","source_type":"DERIVED_APPROXIMATION","stage_index":4,"time":"2022-09-06T06:37:00+09:00","state":"parking_inflow","label":"Parking inflow starts","hand_m":0.0,"hand_threshold_m":0.2,"stage_fraction":0.8,"mean_elevation_m":9.4,"distance_to_primary_river_m":459.7,"stage_driver":"REPORTED_ORDER_ONLY","not_official_flood_extent":true,"not_hydraulic_simulation":true},"geometry":{"type":"Polygon","coordinates":[[[129.40666666666667,35.99166666666667],[129.40666666666667,35.9925],[129.40583333333333,35.9925],[129.40583333333333,35.99166666666667],[129.40666666666667,35.99166666666667]]]}},{"type":"Feature","properties":{"grid_id":"dem-009-044","layer_role":"hand_flood_envelope","status":"TEMPORARY","source_type":"DERIVED_APPROXIMATION","stage_index":4,"time":"2022-09-06T06:37:00+09:00","state":"parking_inflow","label":"Parking inflow starts","hand_m":0.0,"hand_threshold_m":0.2,"stage_fraction":0.8,"mean_elevation_m":9.15,"distance_to_primary_river_m":531.5,"stage_driver":"REPORTED_ORDER_ONLY","not_official_flood_extent":true,"not_hydraulic_simulation":true},"geometry":{"type":"Polygon","coordinates":[[[129.4075,35.99166666666667],[129.4075,35.9925],[129.40666666666667,35.9925],[129.40666666666667,35.99166666666667],[129.4075,35.99166666666667]]]}},{"type":"Feature","properties":{"grid_id":"dem-010-030","layer_role":"hand_flood_envelope","status":"TEMPORARY","source_type":"DERIVED_APPROXIMATION","stage_index":4,"time":"2022-09-06T06:37:00+09:00","state":"parking_inflow","label":"Parking inflow starts","hand_m":0.0,"hand_threshold_m":0.2,"stage_fraction":0.8,"mean_elevation_m":14.63,"distance_to_primary_river_m":475.9,"stage_driver":"REPORTED_ORDER_ONLY","not_official_flood_extent":true,"not_hydraulic_simulation":true},"geometry":{"type":"Polygon","coordinates":[[[129.39583333333334,35.990833333333335],[129.39583333333334,35.99166666666667],[129.395,35.99166666666667],[129.395,35.990833333333335],[129.39583333333334,35.990833333333335]]]}},{"type":"Feature","properties":{"grid_id":"dem-010-031","layer_role":"hand_flood_envelope","status":"TEMPORARY","source_type":"DERIVED_APPROXIMATION","stage_index":4,"time":"2022-09-06T06:37:00+09:00","state":"parking_inflow","label":"Parking inflow starts","hand_m":0.0,"hand_threshold_m":0.2,"stage_fraction":0.8,"mean_elevation_m":9.27,"distance_to_primary_river_m":401.2,"stage_driver":"REPORTED_ORDER_ONLY","not_official_flood_extent":true,"not_hydraulic_simulation":true},"geometry":{"type":"Polygon","coordinates":[[[129.39666666666668,35.990833333333335],[129.39666666666668,35.99166666666667],[129.39583333333334,35.99166666666667],[129.39583333333334,35.990833333333335],[129.39666666666668,35.990833333333335]]]}},{"type":"Feature","properties":{"grid_id":"dem-010-032","layer_role":"hand_flood_envelope","status":"TEMPORARY","source_type":"DERIVED_APPROXIMATION","stage_index":4,"time":"2022-09-06T06:37:00+09:00","state":"parking_inflow","label":"Parking inflow starts","hand_m":0.0,"hand_threshold_m":0.2,"stage_fraction":0.8,"mean_elevation_m":8.24,"distance_to_primary_river_m":326.5,"stage_driver":"REPORTED_ORDER_ONLY","not_official_flood_extent":true,"not_hydraulic_simulation":true},"geometry":{"type":"Polygon","coordinates":[[[129.3975,35.990833333333335],[129.3975,35.99166666666667],[129.39666666666668,35.99166666666667],[129.39666666666668,35.990833333333335],[129.3975,35.990833333333335]]]}},{"type":"Feature","properties":{"grid_id":"dem-010-033","layer_role":"hand_flood_envelope","status":"TEMPORARY","source_type":"DERIVED_APPROXIMATION","stage_index":4,"time":"2022-09-06T06:37:00+09:00","state":"parking_inflow","label":"Parking inflow starts","hand_m":0.0,"hand_threshold_m":0.2,"stage_fraction":0.8,"mean_elevation_m":6.67,"distance_to_primary_river_m":251.8,"stage_driver":"REPORTED_ORDER_ONLY","not_official_flood_extent":true,"not_hydraulic_simulation":true},"geometry":{"type":"Polygon","coordinates":[[[129.39833333333334,35.990833333333335],[129.39833333333334,35.99166666666667],[129.3975,35.99166666666667],[129.3975,35.990833333333335],[129.39833333333334,35.990833333333335]]]}},{"type":"Feature","properties":{"grid_id":"dem-010-034","layer_role":"hand_flood_envelope","status":"TEMPORARY","source_type":"DERIVED_APPROXIMATION","stage_index":4,"time":"2022-09-06T06:37:00+09:00","state":"parking_inflow","label":"Parking inflow starts","hand_m":0.12,"hand_threshold_m":0.2,"stage_fraction":0.8,"mean_elevation_m":15.03,"distance_to_primary_river_m":177.1,"stage_driver":"REPORTED_ORDER_ONLY","not_official_flood_extent":true,"not_hydraulic_simulation":true},"geometry":{"type":"Polygon","coordinates":[[[129.39916666666667,35.990833333333335],[129.39916666666667,35.99166666666667],[129.39833333333334,35.99166666666667],[129.39833333333334,35.990833333333335],[129.39916666666667,35.990833333333335]]]}},{"type":"Feature","properties":{"grid_id":"dem-010-035","layer_role":"hand_flood_envelope","status":"TEMPORARY","source_type":"DERIVED_APPROXIMATION","stage_index":4,"time":"2022-09-06T06:37:00+09:00","state":"parking_inflow","label":"Parking inflow starts","hand_m":0.0,"hand_threshold_m":0.2,"stage_fraction":0.8,"mean_elevation_m":14.91,"distance_to_primary_river_m":102.4,"stage_driver":"REPORTED_ORDER_ONLY","not_official_flood_extent":true,"not_hydraulic_simulation":true},"geometry":{"type":"Polygon","coordinates":[[[129.4,35.990833333333335],[129.4,35.99166666666667],[129.39916666666667,35.99166666666667],[129.39916666666667,35.990833333333335],[129.4,35.990833333333335]]]}},{"type":"Feature","properties":{"grid_id":"dem-010-036","layer_role":"hand_flood_envelope","status":"TEMPORARY","source_type":"DERIVED_APPROXIMATION","stage_index":4,"time":"2022-09-06T06:37:00+09:00","state":"parking_inflow","label":"Parking inflow starts","hand_m":0.0,"hand_threshold_m":0.2,"stage_fraction":0.8,"mean_elevation_m":4.68,"distance_to_primary_river_m":27.8,"stage_driver":"REPORTED_ORDER_ONLY","not_official_flood_extent":true,"not_hydraulic_simulation":true},"geometry":{"type":"Polygon","coordinates":[[[129.40083333333334,35.990833333333335],[129.40083333333334,35.99166666666667],[129.4,35.99166666666667],[129.4,35.990833333333335],[129.40083333333334,35.990833333333335]]]}},{"type":"Feature","properties":{"grid_id":"dem-010-037","layer_role":"hand_flood_envelope","status":"TEMPORARY","source_type":"DERIVED_APPROXIMATION","stage_index":4,"time":"2022-09-06T06:37:00+09:00","state":"parking_inflow","label":"Parking inflow starts","hand_m":0.0,"hand_threshold_m":0.2,"stage_fraction":0.8,"mean_elevation_m":5.74,"distance_to_primary_river_m":46.9,"stage_driver":"REPORTED_ORDER_ONLY","not_official_flood_extent":true,"not_hydraulic_simulation":true},"geometry":{"type":"Polygon","coordinates":[[[129.40166666666667,35.990833333333335],[129.40166666666667,35.99166666666667],[129.40083333333334,35.99166666666667],[129.40083333333334,35.990833333333335],[129.40166666666667,35.990833333333335]]]}},{"type":"Feature","properties":{"grid_id":"dem-010-038","layer_role":"hand_flood_envelope","status":"TEMPORARY","source_type":"DERIVED_APPROXIMATION","stage_index":4,"time":"2022-09-06T06:37:00+09:00","state":"parking_inflow","label":"Parking inflow starts","hand_m":0.0,"hand_threshold_m":0.2,"stage_fraction":0.8,"mean_elevation_m":8.18,"distance_to_primary_river_m":121.6,"stage_driver":"REPORTED_ORDER_ONLY","not_official_flood_extent":true,"not_hydraulic_simulation":true},"geometry":{"type":"Polygon","coordinates":[[[129.4025,35.990833333333335],[129.4025,35.99166666666667],[129.40166666666667,35.99166666666667],[129.40166666666667,35.990833333333335],[129.4025,35.990833333333335]]]}},{"type":"Feature","properties":{"grid_id":"dem-010-044","layer_role":"hand_flood_envelope","status":"TEMPORARY","source_type":"DERIVED_APPROXIMATION","stage_index":4,"time":"2022-09-06T06:37:00+09:00","state":"parking_inflow","label":"Parking inflow starts","hand_m":0.0,"hand_threshold_m":0.2,"stage_fraction":0.8,"mean_elevation_m":10.06,"distance_to_primary_river_m":557.6,"stage_driver":"REPORTED_ORDER_ONLY","not_official_flood_extent":true,"not_hydraulic_simulation":true},"geometry":{"type":"Polygon","coordinates":[[[129.4075,35.990833333333335],[129.4075,35.99166666666667],[129.40666666666667,35.99166666666667],[129.40666666666667,35.990833333333335],[129.4075,35.990833333333335]]]}},{"type":"Feature","properties":{"grid_id":"dem-011-031","layer_role":"hand_flood_envelope","status":"TEMPORARY","source_type":"DERIVED_APPROXIMATION","stage_index":4,"time":"2022-09-06T06:37:00+09:00","state":"parking_inflow","label":"Parking inflow starts","hand_m":0.18,"hand_threshold_m":0.2,"stage_fraction":0.8,"mean_elevation_m":9.41,"distance_to_primary_river_m":397.5,"stage_driver":"REPORTED_ORDER_ONLY","not_official_flood_extent":true,"not_hydraulic_simulation":true},"geometry":{"type":"Polygon","coordinates":[[[129.39666666666668,35.99],[129.39666666666668,35.990833333333335],[129.39583333333334,35.990833333333335],[129.39583333333334,35.99],[129.39666666666668,35.99]]]}},{"type":"Feature","properties":{"grid_id":"dem-011-032","layer_role":"hand_flood_envelope","status":"TEMPORARY","source_type":"DERIVED_APPROXIMATION","stage_index":4,"time":"2022-09-06T06:37:00+09:00","state":"parking_inflow","label":"Parking inflow starts","hand_m":0.0,"hand_threshold_m":0.2,"stage_fraction":0.8,"mean_elevation_m":8.27,"distance_to_primary_river_m":322.6,"stage_driver":"REPORTED_ORDER_ONLY","not_official_flood_extent":true,"not_hydraulic_simulation":true},"geometry":{"type":"Polygon","coordinates":[[[129.3975,35.99],[129.3975,35.990833333333335],[129.39666666666668,35.990833333333335],[129.39666666666668,35.99],[129.3975,35.99]]]}},{"type":"Feature","properties":{"grid_id":"dem-011-033","layer_role":"hand_flood_envelope","status":"TEMPORARY","source_type":"DERIVED_APPROXIMATION","stage_index":4,"time":"2022-09-06T06:37:00+09:00","state":"parking_inflow","label":"Parking inflow starts","hand_m":0.0,"hand_threshold_m":0.2,"stage_fraction":0.8,"mean_elevation_m":7.41,"distance_to_primary_river_m":247.8,"stage_driver":"REPORTED_ORDER_ONLY","not_official_flood_extent":true,"not_hydraulic_simulation":true},"geometry":{"type":"Polygon","coordinates":[[[129.39833333333334,35.99],[129.39833333333334,35.990833333333335],[129.3975,35.990833333333335],[129.3975,35.99],[129.39833333333334,35.99]]]}},{"type":"Feature","properties":{"grid_id":"dem-011-034","layer_role":"hand_flood_envelope","status":"TEMPORARY","source_type":"DERIVED_APPROXIMATION","stage_index":4,"time":"2022-09-06T06:37:00+09:00","state":"parking_inflow","label":"Parking inflow starts","hand_m":0.0,"hand_threshold_m":0.2,"stage_fraction":0.8,"mean_elevation_m":8.54,"distance_to_primary_river_m":173.3,"stage_driver":"REPORTED_ORDER_ONLY","not_official_flood_extent":true,"not_hydraulic_simulation":true},"geometry":{"type":"Polygon","coordinates":[[[129.39916666666667,35.99],[129.39916666666667,35.990833333333335],[129.39833333333334,35.990833333333335],[129.39833333333334,35.99],[129.39916666666667,35.99]]]}},{"type":"Feature","properties":{"grid_id":"dem-011-035","layer_role":"hand_flood_envelope","status":"TEMPORARY","source_type":"DERIVED_APPROXIMATION","stage_index":4,"time":"2022-09-06T06:37:00+09:00","state":"parking_inflow","label":"Parking inflow starts","hand_m":0.0,"hand_threshold_m":0.2,"stage_fraction":0.8,"mean_elevation_m":9.23,"distance_to_primary_river_m":98.9,"stage_driver":"REPORTED_ORDER_ONLY","not_official_flood_extent":true,"not_hydraulic_simulation":true},"geometry":{"type":"Polygon","coordinates":[[[129.4,35.99],[129.4,35.990833333333335],[129.39916666666667,35.990833333333335],[129.39916666666667,35.99],[129.4,35.99]]]}},{"type":"Feature","properties":{"grid_id":"dem-011-036","layer_role":"hand_flood_envelope","status":"TEMPORARY","source_type":"DERIVED_APPROXIMATION","stage_index":4,"time":"2022-09-06T06:37:00+09:00","state":"parking_inflow","label":"Parking inflow starts","hand_m":0.0,"hand_threshold_m":0.2,"stage_fraction":0.8,"mean_elevation_m":4.81,"distance_to_primary_river_m":24.6,"stage_driver":"REPORTED_ORDER_ONLY","not_official_flood_extent":true,"not_hydraulic_simulation":true},"geometry":{"type":"Polygon","coordinates":[[[129.40083333333334,35.99],[129.40083333333334,35.990833333333335],[129.4,35.990833333333335],[129.4,35.99],[129.40083333333334,35.99]]]}},{"type":"Feature","properties":{"grid_id":"dem-011-037","layer_role":"hand_flood_envelope","status":"TEMPORARY","source_type":"DERIVED_APPROXIMATION","stage_index":4,"time":"2022-09-06T06:37:00+09:00","state":"parking_inflow","label":"Parking inflow starts","hand_m":0.0,"hand_threshold_m":0.2,"stage_fraction":0.8,"mean_elevation_m":6.23,"distance_to_primary_river_m":49.8,"stage_driver":"REPORTED_ORDER_ONLY","not_official_flood_extent":true,"not_hydraulic_simulation":true},"geometry":{"type":"Polygon","coordinates":[[[129.40166666666667,35.99],[129.40166666666667,35.990833333333335],[129.40083333333334,35.990833333333335],[129.40083333333334,35.99],[129.40166666666667,35.99]]]}},{"type":"Feature","properties":{"grid_id":"dem-011-038","layer_role":"hand_flood_envelope","status":"TEMPORARY","source_type":"DERIVED_APPROXIMATION","stage_index":4,"time":"2022-09-06T06:37:00+09:00","state":"parking_inflow","label":"Parking inflow starts","hand_m":0.0,"hand_threshold_m":0.2,"stage_fraction":0.8,"mean_elevation_m":10.04,"distance_to_primary_river_m":123.1,"stage_driver":"REPORTED_ORDER_ONLY","not_official_flood_extent":true,"not_hydraulic_simulation":true},"geometry":{"type":"Polygon","coordinates":[[[129.4025,35.99],[129.4025,35.990833333333335],[129.40166666666667,35.990833333333335],[129.40166666666667,35.99],[129.4025,35.99]]]}},{"type":"Feature","properties":{"grid_id":"dem-011-039","layer_role":"hand_flood_envelope","status":"TEMPORARY","source_type":"DERIVED_APPROXIMATION","stage_index":4,"time":"2022-09-06T06:37:00+09:00","state":"parking_inflow","label":"Parking inflow starts","hand_m":0.0,"hand_threshold_m":0.2,"stage_fraction":0.8,"mean_elevation_m":8.7,"distance_to_primary_river_m":189.8,"stage_driver":"REPORTED_ORDER_ONLY","not_official_flood_extent":true,"not_hydraulic_simulation":true},"geometry":{"type":"Polygon","coordinates":[[[129.40333333333334,35.99],[129.40333333333334,35.990833333333335],[129.4025,35.990833333333335],[129.4025,35.99],[129.40333333333334,35.99]]]}},{"type":"Feature","properties":{"grid_id":"dem-012-032","layer_role":"hand_flood_envelope","status":"TEMPORARY","source_type":"DERIVED_APPROXIMATION","stage_index":4,"time":"2022-09-06T06:37:00+09:00","state":"parking_inflow","label":"Parking inflow starts","hand_m":0.05,"hand_threshold_m":0.2,"stage_fraction":0.8,"mean_elevation_m":10.86,"distance_to_primary_river_m":335.5,"stage_driver":"REPORTED_ORDER_ONLY","not_official_flood_extent":true,"not_hydraulic_simulation":true},"geometry":{"type":"Polygon","coordinates":[[[129.3975,35.98916666666667],[129.3975,35.99],[129.39666666666668,35.99],[129.39666666666668,35.98916666666667],[129.3975,35.98916666666667]]]}},{"type":"Feature","properties":{"grid_id":"dem-012-033","layer_role":"hand_flood_envelope","status":"TEMPORARY","source_type":"DERIVED_APPROXIMATION","stage_index":4,"time":"2022-09-06T06:37:00+09:00","state":"parking_inflow","label":"Parking inflow starts","hand_m":0.0,"hand_threshold_m":0.2,"stage_fraction":0.8,"mean_elevation_m":10.38,"distance_to_primary_river_m":261.7,"stage_driver":"REPORTED_ORDER_ONLY","not_official_flood_extent":true,"not_hydraulic_simulation":true},"geometry":{"type":"Polygon","coordinates":[[[129.39833333333334,35.98916666666667],[129.39833333333334,35.99],[129.3975,35.99],[129.3975,35.98916666666667],[129.39833333333334,35.98916666666667]]]}},{"type":"Feature","properties":{"grid_id":"dem-012-035","layer_role":"hand_flood_envelope","status":"TEMPORARY","source_type":"DERIVED_APPROXIMATION","stage_index":4,"time":"2022-09-06T06:37:00+09:00","state":"parking_inflow","label":"Parking inflow starts","hand_m":0.0,"hand_threshold_m":0.2,"stage_fraction":0.8,"mean_elevation_m":10.81,"distance_to_primary_river_m":119.6,"stage_driver":"REPORTED_ORDER_ONLY","not_official_flood_extent":true,"not_hydraulic_simulation":true},"geometry":{"type":"Polygon","coordinates":[[[129.4,35.98916666666667],[129.4,35.99],[129.39916666666667,35.99],[129.39916666666667,35.98916666666667],[129.4,35.98916666666667]]]}},{"type":"Feature","properties":{"grid_id":"dem-012-036","layer_role":"hand_flood_envelope","status":"TEMPORARY","source_type":"DERIVED_APPROXIMATION","stage_index":4,"time":"2022-09-06T06:37:00+09:00","state":"parking_inflow","label":"Parking inflow starts","hand_m":0.0,"hand_threshold_m":0.2,"stage_fraction":0.8,"mean_elevation_m":6.47,"distance_to_primary_river_m":52.9,"stage_driver":"REPORTED_ORDER_ONLY","not_official_flood_extent":true,"not_hydraulic_simulation":true},"geometry":{"type":"Polygon","coordinates":[[[129.40083333333334,35.98916666666667],[129.40083333333334,35.99],[129.4,35.99],[129.4,35.98916666666667],[129.40083333333334,35.98916666666667]]]}},{"type":"Feature","properties":{"grid_id":"dem-012-037","layer_role":"hand_flood_envelope","status":"TEMPORARY","source_type":"DERIVED_APPROXIMATION","stage_index":4,"time":"2022-09-06T06:37:00+09:00","state":"parking_inflow","label":"Parking inflow starts","hand_m":0.0,"hand_threshold_m":0.2,"stage_fraction":0.8,"mean_elevation_m":4.42,"distance_to_primary_river_m":13.8,"stage_driver":"REPORTED_ORDER_ONLY","not_official_flood_extent":true,"not_hydraulic_simulation":true},"geometry":{"type":"Polygon","coordinates":[[[129.40166666666667,35.98916666666667],[129.40166666666667,35.99],[129.40083333333334,35.99],[129.40083333333334,35.98916666666667],[129.40166666666667,35.98916666666667]]]}},{"type":"Feature","properties":{"grid_id":"dem-012-038","layer_role":"hand_flood_envelope","status":"TEMPORARY","source_type":"DERIVED_APPROXIMATION","stage_index":4,"time":"2022-09-06T06:37:00+09:00","state":"parking_inflow","label":"Parking inflow starts","hand_m":0.0,"hand_threshold_m":0.2,"stage_fraction":0.8,"mean_elevation_m":10.62,"distance_to_primary_river_m":80.5,"stage_driver":"REPORTED_ORDER_ONLY","not_official_flood_extent":true,"not_hydraulic_simulation":true},"geometry":{"type":"Polygon","coordinates":[[[129.4025,35.98916666666667],[129.4025,35.99],[129.40166666666667,35.99],[129.40166666666667,35.98916666666667],[129.4025,35.98916666666667]]]}},{"type":"Feature","properties":{"grid_id":"dem-012-039","layer_role":"hand_flood_envelope","status":"TEMPORARY","source_type":"DERIVED_APPROXIMATION","stage_index":4,"time":"2022-09-06T06:37:00+09:00","state":"parking_inflow","label":"Parking inflow starts","hand_m":0.0,"hand_threshold_m":0.2,"stage_fraction":0.8,"mean_elevation_m":8.39,"distance_to_primary_river_m":147.6,"stage_driver":"REPORTED_ORDER_ONLY","not_official_flood_extent":true,"not_hydraulic_simulation":true},"geometry":{"type":"Polygon","coordinates":[[[129.40333333333334,35.98916666666667],[129.40333333333334,35.99],[129.4025,35.99],[129.4025,35.98916666666667],[129.40333333333334,35.98916666666667]]]}},{"type":"Feature","properties":{"grid_id":"dem-012-040","layer_role":"hand_flood_envelope","status":"TEMPORARY","source_type":"DERIVED_APPROXIMATION","stage_index":4,"time":"2022-09-06T06:37:00+09:00","state":"parking_inflow","label":"Parking inflow starts","hand_m":0.0,"hand_threshold_m":0.2,"stage_fraction":0.8,"mean_elevation_m":8.07,"distance_to_primary_river_m":214.8,"stage_driver":"REPORTED_ORDER_ONLY","not_official_flood_extent":true,"not_hydraulic_simulation":true},"geometry":{"type":"Polygon","coordinates":[[[129.40416666666667,35.98916666666667],[129.40416666666667,35.99],[129.40333333333334,35.99],[129.40333333333334,35.98916666666667],[129.40416666666667,35.98916666666667]]]}},{"type":"Feature","properties":{"grid_id":"dem-013-031","layer_role":"hand_flood_envelope","status":"TEMPORARY","source_type":"DERIVED_APPROXIMATION","stage_index":4,"time":"2022-09-06T06:37:00+09:00","state":"parking_inflow","label":"Parking inflow starts","hand_m":0.0,"hand_threshold_m":0.2,"stage_fraction":0.8,"mean_elevation_m":10.44,"distance_to_primary_river_m":432.4,"stage_driver":"REPORTED_ORDER_ONLY","not_official_flood_extent":true,"not_hydraulic_simulation":true},"geometry":{"type":"Polygon","coordinates":[[[129.39666666666668,35.98833333333334],[129.39666666666668,35.98916666666667],[129.39583333333334,35.98916666666667],[129.39583333333334,35.98833333333334],[129.39666666666668,35.98833333333334]]]}},{"type":"Feature","properties":{"grid_id":"dem-013-032","layer_role":"hand_flood_envelope","status":"TEMPORARY","source_type":"DERIVED_APPROXIMATION","stage_index":4,"time":"2022-09-06T06:37:00+09:00","state":"parking_inflow","label":"Parking inflow starts","hand_m":0.0,"hand_threshold_m":0.2,"stage_fraction":0.8,"mean_elevation_m":10.55,"distance_to_primary_river_m":362.9,"stage_driver":"REPORTED_ORDER_ONLY","not_official_flood_extent":true,"not_hydraulic_simulation":true},"geometry":{"type":"Polygon","coordinates":[[[129.3975,35.98833333333334],[129.3975,35.98916666666667],[129.39666666666668,35.98916666666667],[129.39666666666668,35.98833333333334],[129.3975,35.98833333333334]]]}},{"type":"Feature","properties":{"grid_id":"dem-013-036","layer_role":"hand_flood_envelope","status":"TEMPORARY","source_type":"DERIVED_APPROXIMATION","stage_index":4,"time":"2022-09-06T06:37:00+09:00","state":"parking_inflow","label":"Parking inflow starts","hand_m":0.0,"hand_threshold_m":0.2,"stage_fraction":0.8,"mean_elevation_m":8.2,"distance_to_primary_river_m":95.4,"stage_driver":"REPORTED_ORDER_ONLY","not_official_flood_extent":true,"not_hydraulic_simulation":true},"geometry":{"type":"Polygon","coordinates":[[[129.40083333333334,35.98833333333334],[129.40083333333334,35.98916666666667],[129.4,35.98916666666667],[129.4,35.98833333333334],[129.40083333333334,35.98833333333334]]]}},{"type":"Feature","properties":{"grid_id":"dem-013-037","layer_role":"hand_flood_envelope","status":"TEMPORARY","source_type":"DERIVED_APPROXIMATION","stage_index":4,"time":"2022-09-06T06:37:00+09:00","state":"parking_inflow","label":"Parking inflow starts","hand_m":0.0,"hand_threshold_m":0.2,"stage_fraction":0.8,"mean_elevation_m":4.88,"distance_to_primary_river_m":28.2,"stage_driver":"REPORTED_ORDER_ONLY","not_official_flood_extent":true,"not_hydraulic_simulation":true},"geometry":{"type":"Polygon","coordinates":[[[129.40166666666667,35.98833333333334],[129.40166666666667,35.98916666666667],[129.40083333333334,35.98916666666667],[129.40083333333334,35.98833333333334],[129.40166666666667,35.98833333333334]]]}},{"type":"Feature","properties":{"grid_id":"dem-013-038","layer_role":"hand_flood_envelope","status":"TEMPORARY","source_type":"DERIVED_APPROXIMATION","stage_index":4,"time":"2022-09-06T06:37:00+09:00","state":"parking_inflow","label":"Parking inflow starts","hand_m":0.0,"hand_threshold_m":0.2,"stage_fraction":0.8,"mean_elevation_m":6.89,"distance_to_primary_river_m":39.0,"stage_driver":"REPORTED_ORDER_ONLY","not_official_flood_extent":true,"not_hydraulic_simulation":true},"geometry":{"type":"Polygon","coordinates":[[[129.4025,35.98833333333334],[129.4025,35.98916666666667],[129.40166666666667,35.98916666666667],[129.40166666666667,35.98833333333334],[129.4025,35.98833333333334]]]}},{"type":"Feature","properties":{"grid_id":"dem-013-039","layer_role":"hand_flood_envelope","status":"TEMPORARY","source_type":"DERIVED_APPROXIMATION","stage_index":4,"time":"2022-09-06T06:37:00+09:00","state":"parking_inflow","label":"Parking inflow starts","hand_m":0.0,"hand_threshold_m":0.2,"stage_fraction":0.8,"mean_elevation_m":9.21,"distance_to_primary_river_m":106.2,"stage_driver":"REPORTED_ORDER_ONLY","not_official_flood_extent":true,"not_hydraulic_simulation":true},"geometry":{"type":"Polygon","coordinates":[[[129.40333333333334,35.98833333333334],[129.40333333333334,35.98916666666667],[129.4025,35.98916666666667],[129.4025,35.98833333333334],[129.40333333333334,35.98833333333334]]]}},{"type":"Feature","properties":{"grid_id":"dem-013-040","layer_role":"hand_flood_envelope","status":"TEMPORARY","source_type":"DERIVED_APPROXIMATION","stage_index":4,"time":"2022-09-06T06:37:00+09:00","state":"parking_inflow","label":"Parking inflow starts","hand_m":0.0,"hand_threshold_m":0.2,"stage_fraction":0.8,"mean_elevation_m":9.15,"distance_to_primary_river_m":173.4,"stage_driver":"REPORTED_ORDER_ONLY","not_official_flood_extent":true,"not_hydraulic_simulation":true},"geometry":{"type":"Polygon","coordinates":[[[129.40416666666667,35.98833333333334],[129.40416666666667,35.98916666666667],[129.40333333333334,35.98916666666667],[129.40333333333334,35.98833333333334],[129.40416666666667,35.98833333333334]]]}},{"type":"Feature","properties":{"grid_id":"dem-013-041","layer_role":"hand_flood_envelope","status":"TEMPORARY","source_type":"DERIVED_APPROXIMATION","stage_index":4,"time":"2022-09-06T06:37:00+09:00","state":"parking_inflow","label":"Parking inflow starts","hand_m":0.0,"hand_threshold_m":0.2,"stage_fraction":0.8,"mean_elevation_m":9.87,"distance_to_primary_river_m":240.6,"stage_driver":"REPORTED_ORDER_ONLY","not_official_flood_extent":true,"not_hydraulic_simulation":true},"geometry":{"type":"Polygon","coordinates":[[[129.405,35.98833333333334],[129.405,35.98916666666667],[129.40416666666667,35.98916666666667],[129.40416666666667,35.98833333333334],[129.405,35.98833333333334]]]}},{"type":"Feature","properties":{"grid_id":"dem-013-042","layer_role":"hand_flood_envelope","status":"TEMPORARY","source_type":"DERIVED_APPROXIMATION","stage_index":4,"time":"2022-09-06T06:37:00+09:00","state":"parking_inflow","label":"Parking inflow starts","hand_m":0.0,"hand_threshold_m":0.2,"stage_fraction":0.8,"mean_elevation_m":9.81,"distance_to_primary_river_m":308.0,"stage_driver":"REPORTED_ORDER_ONLY","not_official_flood_extent":true,"not_hydraulic_simulation":true},"geometry":{"type":"Polygon","coordinates":[[[129.40583333333333,35.98833333333334],[129.40583333333333,35.98916666666667],[129.405,35.98916666666667],[129.405,35.98833333333334],[129.40583333333333,35.98833333333334]]]}},{"type":"Feature","properties":{"grid_id":"dem-014-032","layer_role":"hand_flood_envelope","status":"TEMPORARY","source_type":"DERIVED_APPROXIMATION","stage_index":4,"time":"2022-09-06T06:37:00+09:00","state":"parking_inflow","label":"Parking inflow starts","hand_m":0.0,"hand_threshold_m":0.2,"stage_fraction":0.8,"mean_elevation_m":10.24,"distance_to_primary_river_m":404.9,"stage_driver":"REPORTED_ORDER_ONLY","not_official_flood_extent":true,"not_hydraulic_simulation":true},"geometry":{"type":"Polygon","coordinates":[[[129.3975,35.987500000000004],[129.3975,35.98833333333334],[129.39666666666668,35.98833333333334],[129.39666666666668,35.987500000000004],[129.3975,35.987500000000004]]]}},{"type":"Feature","properties":{"grid_id":"dem-014-036","layer_role":"hand_flood_envelope","status":"TEMPORARY","source_type":"DERIVED_APPROXIMATION","stage_index":4,"time":"2022-09-06T06:37:00+09:00","state":"parking_inflow","label":"Parking inflow starts","hand_m":0.0,"hand_threshold_m":0.2,"stage_fraction":0.8,"mean_elevation_m":9.35,"distance_to_primary_river_m":136.8,"stage_driver":"REPORTED_ORDER_ONLY","not_official_flood_extent":true,"not_hydraulic_simulation":true},"geometry":{"type":"Polygon","coordinates":[[[129.40083333333334,35.987500000000004],[129.40083333333334,35.98833333333334],[129.4,35.98833333333334],[129.4,35.987500000000004],[129.40083333333334,35.987500000000004]]]}},{"type":"Feature","properties":{"grid_id":"dem-014-037","layer_role":"hand_flood_envelope","status":"TEMPORARY","source_type":"DERIVED_APPROXIMATION","stage_index":4,"time":"2022-09-06T06:37:00+09:00","state":"parking_inflow","label":"Parking inflow starts","hand_m":0.0,"hand_threshold_m":0.2,"stage_fraction":0.8,"mean_elevation_m":6.34,"distance_to_primary_river_m":69.6,"stage_driver":"REPORTED_ORDER_ONLY","not_official_flood_extent":true,"not_hydraulic_simulation":true},"geometry":{"type":"Polygon","coordinates":[[[129.40166666666667,35.987500000000004],[129.40166666666667,35.98833333333334],[129.40083333333334,35.98833333333334],[129.40083333333334,35.987500000000004],[129.40166666666667,35.987500000000004]]]}},{"type":"Feature","properties":{"grid_id":"dem-014-038","layer_role":"hand_flood_envelope","status":"TEMPORARY","source_type":"DERIVED_APPROXIMATION","stage_index":4,"time":"2022-09-06T06:37:00+09:00","state":"parking_inflow","label":"Parking inflow starts","hand_m":0.0,"hand_threshold_m":0.2,"stage_fraction":0.8,"mean_elevation_m":4.74,"distance_to_primary_river_m":2.4,"stage_driver":"REPORTED_ORDER_ONLY","not_official_flood_extent":true,"not_hydraulic_simulation":true},"geometry":{"type":"Polygon","coordinates":[[[129.4025,35.987500000000004],[129.4025,35.98833333333334],[129.40166666666667,35.98833333333334],[129.40166666666667,35.987500000000004],[129.4025,35.987500000000004]]]}},{"type":"Feature","properties":{"grid_id":"dem-014-039","layer_role":"hand_flood_envelope","status":"TEMPORARY","source_type":"DERIVED_APPROXIMATION","stage_index":4,"time":"2022-09-06T06:37:00+09:00","state":"parking_inflow","label":"Parking inflow starts","hand_m":0.0,"hand_threshold_m":0.2,"stage_fraction":0.8,"mean_elevation_m":10.74,"distance_to_primary_river_m":64.8,"stage_driver":"REPORTED_ORDER_ONLY","not_official_flood_extent":true,"not_hydraulic_simulation":true},"geometry":{"type":"Polygon","coordinates":[[[129.40333333333334,35.987500000000004],[129.40333333333334,35.98833333333334],[129.4025,35.98833333333334],[129.4025,35.987500000000004],[129.40333333333334,35.987500000000004]]]}},{"type":"Feature","properties":{"grid_id":"dem-014-040","layer_role":"hand_flood_envelope","status":"TEMPORARY","source_type":"DERIVED_APPROXIMATION","stage_index":4,"time":"2022-09-06T06:37:00+09:00","state":"parking_inflow","label":"Parking inflow starts","hand_m":0.0,"hand_threshold_m":0.2,"stage_fraction":0.8,"mean_elevation_m":10.52,"distance_to_primary_river_m":133.2,"stage_driver":"REPORTED_ORDER_ONLY","not_official_flood_extent":true,"not_hydraulic_simulation":true},"geometry":{"type":"Polygon","coordinates":[[[129.40416666666667,35.987500000000004],[129.40416666666667,35.98833333333334],[129.40333333333334,35.98833333333334],[129.40333333333334,35.987500000000004],[129.40416666666667,35.987500000000004]]]}},{"type":"Feature","properties":{"grid_id":"dem-014-041","layer_role":"hand_flood_envelope","status":"TEMPORARY","source_type":"DERIVED_APPROXIMATION","stage_index":4,"time":"2022-09-06T06:37:00+09:00","state":"parking_inflow","label":"Parking inflow starts","hand_m":0.0,"hand_threshold_m":0.2,"stage_fraction":0.8,"mean_elevation_m":9.73,"distance_to_primary_river_m":202.2,"stage_driver":"REPORTED_ORDER_ONLY","not_official_flood_extent":true,"not_hydraulic_simulation":true},"geometry":{"type":"Polygon","coordinates":[[[129.405,35.987500000000004],[129.405,35.98833333333334],[129.40416666666667,35.98833333333334],[129.40416666666667,35.987500000000004],[129.405,35.987500000000004]]]}},{"type":"Feature","properties":{"grid_id":"dem-014-042","layer_role":"hand_flood_envelope","status":"TEMPORARY","source_type":"DERIVED_APPROXIMATION","stage_index":4,"time":"2022-09-06T06:37:00+09:00","state":"parking_inflow","label":"Parking inflow starts","hand_m":0.0,"hand_threshold_m":0.2,"stage_fraction":0.8,"mean_elevation_m":9.79,"distance_to_primary_river_m":271.2,"stage_driver":"REPORTED_ORDER_ONLY","not_official_flood_extent":true,"not_hydraulic_simulation":true},"geometry":{"type":"Polygon","coordinates":[[[129.40583333333333,35.987500000000004],[129.40583333333333,35.98833333333334],[129.405,35.98833333333334],[129.405,35.987500000000004],[129.40583333333333,35.987500000000004]]]}},{"type":"Feature","properties":{"grid_id":"dem-015-037","layer_role":"hand_flood_envelope","status":"TEMPORARY","source_type":"DERIVED_APPROXIMATION","stage_index":4,"time":"2022-09-06T06:37:00+09:00","state":"parking_inflow","label":"Parking inflow starts","hand_m":0.0,"hand_threshold_m":0.2,"stage_fraction":0.8,"mean_elevation_m":7.68,"distance_to_primary_river_m":110.4,"stage_driver":"REPORTED_ORDER_ONLY","not_official_flood_extent":true,"not_hydraulic_simulation":true},"geometry":{"type":"Polygon","coordinates":[[[129.40166666666667,35.986666666666665],[129.40166666666667,35.987500000000004],[129.40083333333334,35.987500000000004],[129.40083333333334,35.986666666666665],[129.40166666666667,35.986666666666665]]]}},{"type":"Feature","properties":{"grid_id":"dem-015-038","layer_role":"hand_flood_envelope","status":"TEMPORARY","source_type":"DERIVED_APPROXIMATION","stage_index":4,"time":"2022-09-06T06:37:00+09:00","state":"parking_inflow","label":"Parking inflow starts","hand_m":0.0,"hand_threshold_m":0.2,"stage_fraction":0.8,"mean_elevation_m":5.77,"distance_to_primary_river_m":41.4,"stage_driver":"REPORTED_ORDER_ONLY","not_official_flood_extent":true,"not_hydraulic_simulation":true},"geometry":{"type":"Polygon","coordinates":[[[129.4025,35.986666666666665],[129.4025,35.987500000000004],[129.40166666666667,35.987500000000004],[129.40166666666667,35.986666666666665],[129.4025,35.986666666666665]]]}},{"type":"Feature","properties":{"grid_id":"dem-015-039","layer_role":"hand_flood_envelope","status":"TEMPORARY","source_type":"DERIVED_APPROXIMATION","stage_index":4,"time":"2022-09-06T06:37:00+09:00","state":"parking_inflow","label":"Parking inflow starts","hand_m":0.0,"hand_threshold_m":0.2,"stage_fraction":0.8,"mean_elevation_m":6.2,"distance_to_primary_river_m":27.5,"stage_driver":"REPORTED_ORDER_ONLY","not_official_flood_extent":true,"not_hydraulic_simulation":true},"geometry":{"type":"Polygon","coordinates":[[[129.40333333333334,35.986666666666665],[129.40333333333334,35.987500000000004],[129.4025,35.987500000000004],[129.4025,35.986666666666665],[129.40333333333334,35.986666666666665]]]}},{"type":"Feature","properties":{"grid_id":"dem-015-040","layer_role":"hand_flood_envelope","status":"TEMPORARY","source_type":"DERIVED_APPROXIMATION","stage_index":4,"time":"2022-09-06T06:37:00+09:00","state":"parking_inflow","label":"Parking inflow starts","hand_m":0.0,"hand_threshold_m":0.2,"stage_fraction":0.8,"mean_elevation_m":10.31,"distance_to_primary_river_m":96.5,"stage_driver":"REPORTED_ORDER_ONLY","not_official_flood_extent":true,"not_hydraulic_simulation":true},"geometry":{"type":"Polygon","coordinates":[[[129.40416666666667,35.986666666666665],[129.40416666666667,35.987500000000004],[129.40333333333334,35.987500000000004],[129.40333333333334,35.986666666666665],[129.40416666666667,35.986666666666665]]]}},{"type":"Feature","properties":{"grid_id":"dem-015-041","layer_role":"hand_flood_envelope","status":"TEMPORARY","source_type":"DERIVED_APPROXIMATION","stage_index":4,"time":"2022-09-06T06:37:00+09:00","state":"parking_inflow","label":"Parking inflow starts","hand_m":0.0,"hand_threshold_m":0.2,"stage_fraction":0.8,"mean_elevation_m":10.2,"distance_to_primary_river_m":165.4,"stage_driver":"REPORTED_ORDER_ONLY","not_official_flood_extent":true,"not_hydraulic_simulation":true},"geometry":{"type":"Polygon","coordinates":[[[129.405,35.986666666666665],[129.405,35.987500000000004],[129.40416666666667,35.987500000000004],[129.40416666666667,35.986666666666665],[129.405,35.986666666666665]]]}},{"type":"Feature","properties":{"grid_id":"dem-000-042","layer_role":"hand_flood_envelope","status":"TEMPORARY","source_type":"DERIVED_APPROXIMATION","stage_index":5,"time":"2022-09-06T06:45:00+09:00","state":"parking_full","label":"Parking fully flooded","hand_m":0.0,"hand_threshold_m":0.25,"stage_fraction":1.0,"mean_elevation_m":7.18,"distance_to_primary_river_m":112.8,"stage_driver":"REPORTED_ORDER_ONLY","not_official_flood_extent":true,"not_hydraulic_simulation":true},"geometry":{"type":"Polygon","coordinates":[[[129.40583333333333,35.99916666666667],[129.40583333333333,36.0],[129.405,36.0],[129.405,35.99916666666667],[129.40583333333333,35.99916666666667]]]}},{"type":"Feature","properties":{"grid_id":"dem-000-043","layer_role":"hand_flood_envelope","status":"TEMPORARY","source_type":"DERIVED_APPROXIMATION","stage_index":5,"time":"2022-09-06T06:45:00+09:00","state":"parking_full","label":"Parking fully flooded","hand_m":0.0,"hand_threshold_m":0.25,"stage_fraction":1.0,"mean_elevation_m":5.58,"distance_to_primary_river_m":66.1,"stage_driver":"REPORTED_ORDER_ONLY","not_official_flood_extent":true,"not_hydraulic_simulation":true},"geometry":{"type":"Polygon","coordinates":[[[129.40666666666667,35.99916666666667],[129.40666666666667,36.0],[129.40583333333333,36.0],[129.40583333333333,35.99916666666667],[129.40666666666667,35.99916666666667]]]}},{"type":"Feature","properties":{"grid_id":"dem-000-044","layer_role":"hand_flood_envelope","status":"TEMPORARY","source_type":"DERIVED_APPROXIMATION","stage_index":5,"time":"2022-09-06T06:45:00+09:00","state":"parking_full","label":"Parking fully flooded","hand_m":0.0,"hand_threshold_m":0.25,"stage_fraction":1.0,"mean_elevation_m":3.6,"distance_to_primary_river_m":19.5,"stage_driver":"REPORTED_ORDER_ONLY","not_official_flood_extent":true,"not_hydraulic_simulation":true},"geometry":{"type":"Polygon","coordinates":[[[129.4075,35.99916666666667],[129.4075,36.0],[129.40666666666667,36.0],[129.40666666666667,35.99916666666667],[129.4075,35.99916666666667]]]}},{"type":"Feature","properties":{"grid_id":"dem-000-045","layer_role":"hand_flood_envelope","status":"TEMPORARY","source_type":"DERIVED_APPROXIMATION","stage_index":5,"time":"2022-09-06T06:45:00+09:00","state":"parking_full","label":"Parking fully flooded","hand_m":0.0,"hand_threshold_m":0.25,"stage_fraction":1.0,"mean_elevation_m":2.18,"distance_to_primary_river_m":27.2,"stage_driver":"REPORTED_ORDER_ONLY","not_official_flood_extent":true,"not_hydraulic_simulation":true},"geometry":{"type":"Polygon","coordinates":[[[129.40833333333333,35.99916666666667],[129.40833333333333,36.0],[129.4075,36.0],[129.4075,35.99916666666667],[129.40833333333333,35.99916666666667]]]}},{"type":"Feature","properties":{"grid_id":"dem-001-029","layer_role":"hand_flood_envelope","status":"TEMPORARY","source_type":"DERIVED_APPROXIMATION","stage_index":5,"time":"2022-09-06T06:45:00+09:00","state":"parking_full","label":"Parking fully flooded","hand_m":0.0,"hand_threshold_m":0.25,"stage_fraction":1.0,"mean_elevation_m":7.43,"distance_to_primary_river_m":780.6,"stage_driver":"REPORTED_ORDER_ONLY","not_official_flood_extent":true,"not_hydraulic_simulation":true},"geometry":{"type":"Polygon","coordinates":[[[129.395,35.998333333333335],[129.395,35.99916666666667],[129.39416666666668,35.99916666666667],[129.39416666666668,35.998333333333335],[129.395,35.998333333333335]]]}},{"type":"Feature","properties":{"grid_id":"dem-001-030","layer_role":"hand_flood_envelope","status":"TEMPORARY","source_type":"DERIVED_APPROXIMATION","stage_index":5,"time":"2022-09-06T06:45:00+09:00","state":"parking_full","label":"Parking fully flooded","hand_m":0.0,"hand_threshold_m":0.25,"stage_fraction":1.0,"mean_elevation_m":6.6,"distance_to_primary_river_m":714.8,"stage_driver":"REPORTED_ORDER_ONLY","not_official_flood_extent":true,"not_hydraulic_simulation":true},"geometry":{"type":"Polygon","coordinates":[[[129.39583333333334,35.998333333333335],[129.39583333333334,35.99916666666667],[129.395,35.99916666666667],[129.395,35.998333333333335],[129.39583333333334,35.998333333333335]]]}},{"type":"Feature","properties":{"grid_id":"dem-001-040","layer_role":"hand_flood_envelope","status":"TEMPORARY","source_type":"DERIVED_APPROXIMATION","stage_index":5,"time":"2022-09-06T06:45:00+09:00","state":"parking_full","label":"Parking fully flooded","hand_m":0.0,"hand_threshold_m":0.25,"stage_fraction":1.0,"mean_elevation_m":7.52,"distance_to_primary_river_m":133.5,"stage_driver":"REPORTED_ORDER_ONLY","not_official_flood_extent":true,"not_hydraulic_simulation":true},"geometry":{"type":"Polygon","coordinates":[[[129.40416666666667,35.998333333333335],[129.40416666666667,35.99916666666667],[129.40333333333334,35.99916666666667],[129.40333333333334,35.998333333333335],[129.40416666666667,35.998333333333335]]]}},{"type":"Feature","properties":{"grid_id":"dem-001-041","layer_role":"hand_flood_envelope","status":"TEMPORARY","source_type":"DERIVED_APPROXIMATION","stage_index":5,"time":"2022-09-06T06:45:00+09:00","state":"parking_full","label":"Parking fully flooded","hand_m":0.0,"hand_threshold_m":0.25,"stage_fraction":1.0,"mean_elevation_m":6.11,"distance_to_primary_river_m":86.9,"stage_driver":"REPORTED_ORDER_ONLY","not_official_flood_extent":true,"not_hydraulic_simulation":true},"geometry":{"type":"Polygon","coordinates":[[[129.405,35.998333333333335],[129.405,35.99916666666667],[129.40416666666667,35.99916666666667],[129.40416666666667,35.998333333333335],[129.405,35.998333333333335]]]}},{"type":"Feature","properties":{"grid_id":"dem-001-042","layer_role":"hand_flood_envelope","status":"TEMPORARY","source_type":"DERIVED_APPROXIMATION","stage_index":5,"time":"2022-09-06T06:45:00+09:00","state":"parking_full","label":"Parking fully flooded","hand_m":0.0,"hand_threshold_m":0.25,"stage_fraction":1.0,"mean_elevation_m":4.99,"distance_to_primary_river_m":40.4,"stage_driver":"REPORTED_ORDER_ONLY","not_official_flood_extent":true,"not_hydraulic_simulation":true},"geometry":{"type":"Polygon","coordinates":[[[129.40583333333333,35.998333333333335],[129.40583333333333,35.99916666666667],[129.405,35.99916666666667],[129.405,35.998333333333335],[129.40583333333333,35.998333333333335]]]}},{"type":"Feature","properties":{"grid_id":"dem-001-043","layer_role":"hand_flood_envelope","status":"TEMPORARY","source_type":"DERIVED_APPROXIMATION","stage_index":5,"time":"2022-09-06T06:45:00+09:00","state":"parking_full","label":"Parking fully flooded","hand_m":0.0,"hand_threshold_m":0.25,"stage_fraction":1.0,"mean_elevation_m":2.67,"distance_to_primary_river_m":6.3,"stage_driver":"REPORTED_ORDER_ONLY","not_official_flood_extent":true,"not_hydraulic_simulation":true},"geometry":{"type":"Polygon","coordinates":[[[129.40666666666667,35.998333333333335],[129.40666666666667,35.99916666666667],[129.40583333333333,35.99916666666667],[129.40583333333333,35.998333333333335],[129.40666666666667,35.998333333333335]]]}},{"type":"Feature","properties":{"grid_id":"dem-001-044","layer_role":"hand_flood_envelope","status":"TEMPORARY","source_type":"DERIVED_APPROXIMATION","stage_index":5,"time":"2022-09-06T06:45:00+09:00","state":"parking_full","label":"Parking fully flooded","hand_m":0.0,"hand_threshold_m":0.25,"stage_fraction":1.0,"mean_elevation_m":4.07,"distance_to_primary_river_m":53.0,"stage_driver":"REPORTED_ORDER_ONLY","not_official_flood_extent":true,"not_hydraulic_simulation":true},"geometry":{"type":"Polygon","coordinates":[[[129.4075,35.998333333333335],[129.4075,35.99916666666667],[129.40666666666667,35.99916666666667],[129.40666666666667,35.998333333333335],[129.4075,35.998333333333335]]]}},{"type":"Feature","properties":{"grid_id":"dem-001-045","layer_role":"hand_flood_envelope","status":"TEMPORARY","source_type":"DERIVED_APPROXIMATION","stage_index":5,"time":"2022-09-06T06:45:00+09:00","state":"parking_full","label":"Parking fully flooded","hand_m":0.0,"hand_threshold_m":0.25,"stage_fraction":1.0,"mean_elevation_m":4.91,"distance_to_primary_river_m":99.7,"stage_driver":"REPORTED_ORDER_ONLY","not_official_flood_extent":true,"not_hydraulic_simulation":true},"geometry":{"type":"Polygon","coordinates":[[[129.40833333333333,35.998333333333335],[129.40833333333333,35.99916666666667],[129.4075,35.99916666666667],[129.4075,35.998333333333335],[129.40833333333333,35.998333333333335]]]}},{"type":"Feature","properties":{"grid_id":"dem-001-046","layer_role":"hand_flood_envelope","status":"TEMPORARY","source_type":"DERIVED_APPROXIMATION","stage_index":5,"time":"2022-09-06T06:45:00+09:00","state":"parking_full","label":"Parking fully flooded","hand_m":0.0,"hand_threshold_m":0.25,"stage_fraction":1.0,"mean_elevation_m":4.49,"distance_to_primary_river_m":146.3,"stage_driver":"REPORTED_ORDER_ONLY","not_official_flood_extent":true,"not_hydraulic_simulation":true},"geometry":{"type":"Polygon","coordinates":[[[129.40916666666666,35.998333333333335],[129.40916666666666,35.99916666666667],[129.40833333333333,35.99916666666667],[129.40833333333333,35.998333333333335],[129.40916666666666,35.998333333333335]]]}},{"type":"Feature","properties":{"grid_id":"dem-002-028","layer_role":"hand_flood_envelope","status":"TEMPORARY","source_type":"DERIVED_APPROXIMATION","stage_index":5,"time":"2022-09-06T06:45:00+09:00","state":"parking_full","label":"Parking fully flooded","hand_m":0.0,"hand_threshold_m":0.25,"stage_fraction":1.0,"mean_elevation_m":7.25,"distance_to_primary_river_m":811.6,"stage_driver":"REPORTED_ORDER_ONLY","not_official_flood_extent":true,"not_hydraulic_simulation":true},"geometry":{"type":"Polygon","coordinates":[[[129.39416666666668,35.9975],[129.39416666666668,35.998333333333335],[129.39333333333335,35.998333333333335],[129.39333333333335,35.9975],[129.39416666666668,35.9975]]]}},{"type":"Feature","properties":{"grid_id":"dem-002-029","layer_role":"hand_flood_envelope","status":"TEMPORARY","source_type":"DERIVED_APPROXIMATION","stage_index":5,"time":"2022-09-06T06:45:00+09:00","state":"parking_full","label":"Parking fully flooded","hand_m":0.0,"hand_threshold_m":0.25,"stage_fraction":1.0,"mean_elevation_m":6.67,"distance_to_primary_river_m":742.2,"stage_driver":"REPORTED_ORDER_ONLY","not_official_flood_extent":true,"not_hydraulic_simulation":true},"geometry":{"type":"Polygon","coordinates":[[[129.395,35.9975],[129.395,35.998333333333335],[129.39416666666668,35.998333333333335],[129.39416666666668,35.9975],[129.395,35.9975]]]}},{"type":"Feature","properties":{"grid_id":"dem-002-030","layer_role":"hand_flood_envelope","status":"TEMPORARY","source_type":"DERIVED_APPROXIMATION","stage_index":5,"time":"2022-09-06T06:45:00+09:00","state":"parking_full","label":"Parking fully flooded","hand_m":0.0,"hand_threshold_m":0.25,"stage_fraction":1.0,"mean_elevation_m":6.47,"distance_to_primary_river_m":673.0,"stage_driver":"REPORTED_ORDER_ONLY","not_official_flood_extent":true,"not_hydraulic_simulation":true},"geometry":{"type":"Polygon","coordinates":[[[129.39583333333334,35.9975],[129.39583333333334,35.998333333333335],[129.395,35.998333333333335],[129.395,35.9975],[129.39583333333334,35.9975]]]}},{"type":"Feature","properties":{"grid_id":"dem-002-039","layer_role":"hand_flood_envelope","status":"TEMPORARY","source_type":"DERIVED_APPROXIMATION","stage_index":5,"time":"2022-09-06T06:45:00+09:00","state":"parking_full","label":"Parking fully flooded","hand_m":0.0,"hand_threshold_m":0.25,"stage_fraction":1.0,"mean_elevation_m":7.42,"distance_to_primary_river_m":109.1,"stage_driver":"REPORTED_ORDER_ONLY","not_official_flood_extent":true,"not_hydraulic_simulation":true},"geometry":{"type":"Polygon","coordinates":[[[129.40333333333334,35.9975],[129.40333333333334,35.998333333333335],[129.4025,35.998333333333335],[129.4025,35.9975],[129.40333333333334,35.9975]]]}},{"type":"Feature","properties":{"grid_id":"dem-002-040","layer_role":"hand_flood_envelope","status":"TEMPORARY","source_type":"DERIVED_APPROXIMATION","stage_index":5,"time":"2022-09-06T06:45:00+09:00","state":"parking_full","label":"Parking fully flooded","hand_m":0.0,"hand_threshold_m":0.25,"stage_fraction":1.0,"mean_elevation_m":5.6,"distance_to_primary_river_m":60.8,"stage_driver":"REPORTED_ORDER_ONLY","not_official_flood_extent":true,"not_hydraulic_simulation":true},"geometry":{"type":"Polygon","coordinates":[[[129.40416666666667,35.9975],[129.40416666666667,35.998333333333335],[129.40333333333334,35.998333333333335],[129.40333333333334,35.9975],[129.40416666666667,35.9975]]]}},{"type":"Feature","properties":{"grid_id":"dem-002-041","layer_role":"hand_flood_envelope","status":"TEMPORARY","source_type":"DERIVED_APPROXIMATION","stage_index":5,"time":"2022-09-06T06:45:00+09:00","state":"parking_full","label":"Parking fully flooded","hand_m":0.0,"hand_threshold_m":0.25,"stage_fraction":1.0,"mean_elevation_m":3.43,"distance_to_primary_river_m":14.3,"stage_driver":"REPORTED_ORDER_ONLY","not_official_flood_extent":true,"not_hydraulic_simulation":true},"geometry":{"type":"Polygon","coordinates":[[[129.405,35.9975],[129.405,35.998333333333335],[129.40416666666667,35.998333333333335],[129.40416666666667,35.9975],[129.405,35.9975]]]}},{"type":"Feature","properties":{"grid_id":"dem-002-042","layer_role":"hand_flood_envelope","status":"TEMPORARY","source_type":"DERIVED_APPROXIMATION","stage_index":5,"time":"2022-09-06T06:45:00+09:00","state":"parking_full","label":"Parking fully flooded","hand_m":0.0,"hand_threshold_m":0.25,"stage_fraction":1.0,"mean_elevation_m":3.65,"distance_to_primary_river_m":32.2,"stage_driver":"REPORTED_ORDER_ONLY","not_official_flood_extent":true,"not_hydraulic_simulation":true},"geometry":{"type":"Polygon","coordinates":[[[129.40583333333333,35.9975],[129.40583333333333,35.998333333333335],[129.405,35.998333333333335],[129.405,35.9975],[129.40583333333333,35.9975]]]}},{"type":"Feature","properties":{"grid_id":"dem-002-043","layer_role":"hand_flood_envelope","status":"TEMPORARY","source_type":"DERIVED_APPROXIMATION","stage_index":5,"time":"2022-09-06T06:45:00+09:00","state":"parking_full","label":"Parking fully flooded","hand_m":0.0,"hand_threshold_m":0.25,"stage_fraction":1.0,"mean_elevation_m":6.14,"distance_to_primary_river_m":78.8,"stage_driver":"REPORTED_ORDER_ONLY","not_official_flood_extent":true,"not_hydraulic_simulation":true},"geometry":{"type":"Polygon","coordinates":[[[129.40666666666667,35.9975],[129.40666666666667,35.998333333333335],[129.40583333333333,35.998333333333335],[129.40583333333333,35.9975],[129.40666666666667,35.9975]]]}},{"type":"Feature","properties":{"grid_id":"dem-002-044","layer_role":"hand_flood_envelope","status":"TEMPORARY","source_type":"DERIVED_APPROXIMATION","stage_index":5,"time":"2022-09-06T06:45:00+09:00","state":"parking_full","label":"Parking fully flooded","hand_m":0.0,"hand_threshold_m":0.25,"stage_fraction":1.0,"mean_elevation_m":4.93,"distance_to_primary_river_m":125.4,"stage_driver":"REPORTED_ORDER_ONLY","not_official_flood_extent":true,"not_hydraulic_simulation":true},"geometry":{"type":"Polygon","coordinates":[[[129.4075,35.9975],[129.4075,35.998333333333335],[129.40666666666667,35.998333333333335],[129.40666666666667,35.9975],[129.4075,35.9975]]]}},{"type":"Feature","properties":{"grid_id":"dem-002-046","layer_role":"hand_flood_envelope","status":"TEMPORARY","source_type":"DERIVED_APPROXIMATION","stage_index":5,"time":"2022-09-06T06:45:00+09:00","state":"parking_full","label":"Parking fully flooded","hand_m":0.0,"hand_threshold_m":0.25,"stage_fraction":1.0,"mean_elevation_m":4.37,"distance_to_primary_river_m":218.8,"stage_driver":"REPORTED_ORDER_ONLY","not_official_flood_extent":true,"not_hydraulic_simulation":true},"geometry":{"type":"Polygon","coordinates":[[[129.40916666666666,35.9975],[129.40916666666666,35.998333333333335],[129.40833333333333,35.998333333333335],[129.40833333333333,35.9975],[129.40916666666666,35.9975]]]}},{"type":"Feature","properties":{"grid_id":"dem-003-027","layer_role":"hand_flood_envelope","status":"TEMPORARY","source_type":"DERIVED_APPROXIMATION","stage_index":5,"time":"2022-09-06T06:45:00+09:00","state":"parking_full","label":"Parking fully flooded","hand_m":0.0,"hand_threshold_m":0.25,"stage_fraction":1.0,"mean_elevation_m":7.79,"distance_to_primary_river_m":849.0,"stage_driver":"REPORTED_ORDER_ONLY","not_official_flood_extent":true,"not_hydraulic_simulation":true},"geometry":{"type":"Polygon","coordinates":[[[129.39333333333335,35.99666666666667],[129.39333333333335,35.9975],[129.3925,35.9975],[129.3925,35.99666666666667],[129.39333333333335,35.99666666666667]]]}},{"type":"Feature","properties":{"grid_id":"dem-003-028","layer_role":"hand_flood_envelope","status":"TEMPORARY","source_type":"DERIVED_APPROXIMATION","stage_index":5,"time":"2022-09-06T06:45:00+09:00","state":"parking_full","label":"Parking fully flooded","hand_m":0.0,"hand_threshold_m":0.25,"stage_fraction":1.0,"mean_elevation_m":6.12,"distance_to_primary_river_m":777.6,"stage_driver":"REPORTED_ORDER_ONLY","not_official_flood_extent":true,"not_hydraulic_simulation":true},"geometry":{"type":"Polygon","coordinates":[[[129.39416666666668,35.99666666666667],[129.39416666666668,35.9975],[129.39333333333335,35.9975],[129.39333333333335,35.99666666666667],[129.39416666666668,35.99666666666667]]]}},{"type":"Feature","properties":{"grid_id":"dem-003-029","layer_role":"hand_flood_envelope","status":"TEMPORARY","source_type":"DERIVED_APPROXIMATION","stage_index":5,"time":"2022-09-06T06:45:00+09:00","state":"parking_full","label":"Parking fully flooded","hand_m":0.0,"hand_threshold_m":0.25,"stage_fraction":1.0,"mean_elevation_m":6.18,"distance_to_primary_river_m":707.0,"stage_driver":"REPORTED_ORDER_ONLY","not_official_flood_extent":true,"not_hydraulic_simulation":true},"geometry":{"type":"Polygon","coordinates":[[[129.395,35.99666666666667],[129.395,35.9975],[129.39416666666668,35.9975],[129.39416666666668,35.99666666666667],[129.395,35.99666666666667]]]}},{"type":"Feature","properties":{"grid_id":"dem-003-030","layer_role":"hand_flood_envelope","status":"TEMPORARY","source_type":"DERIVED_APPROXIMATION","stage_index":5,"time":"2022-09-06T06:45:00+09:00","state":"parking_full","label":"Parking fully flooded","hand_m":0.0,"hand_threshold_m":0.25,"stage_fraction":1.0,"mean_elevation_m":7.78,"distance_to_primary_river_m":637.3,"stage_driver":"REPORTED_ORDER_ONLY","not_official_flood_extent":true,"not_hydraulic_simulation":true},"geometry":{"type":"Polygon","coordinates":[[[129.39583333333334,35.99666666666667],[129.39583333333334,35.9975],[129.395,35.9975],[129.395,35.99666666666667],[129.39583333333334,35.99666666666667]]]}},{"type":"Feature","properties":{"grid_id":"dem-003-032","layer_role":"hand_flood_envelope","status":"TEMPORARY","source_type":"DERIVED_APPROXIMATION","stage_index":5,"time":"2022-09-06T06:45:00+09:00","state":"parking_full","label":"Parking fully flooded","hand_m":0.0,"hand_threshold_m":0.25,"stage_fraction":1.0,"mean_elevation_m":6.49,"distance_to_primary_river_m":498.6,"stage_driver":"REPORTED_ORDER_ONLY","not_official_flood_extent":true,"not_hydraulic_simulation":true},"geometry":{"type":"Polygon","coordinates":[[[129.3975,35.99666666666667],[129.3975,35.9975],[129.39666666666668,35.9975],[129.39666666666668,35.99666666666667],[129.3975,35.99666666666667]]]}},{"type":"Feature","properties":{"grid_id":"dem-003-038","layer_role":"hand_flood_envelope","status":"TEMPORARY","source_type":"DERIVED_APPROXIMATION","stage_index":5,"time":"2022-09-06T06:45:00+09:00","state":"parking_full","label":"Parking fully flooded","hand_m":0.0,"hand_threshold_m":0.25,"stage_fraction":1.0,"mean_elevation_m":5.95,"distance_to_primary_river_m":104.3,"stage_driver":"REPORTED_ORDER_ONLY","not_official_flood_extent":true,"not_hydraulic_simulation":true},"geometry":{"type":"Polygon","coordinates":[[[129.4025,35.99666666666667],[129.4025,35.9975],[129.40166666666667,35.9975],[129.40166666666667,35.99666666666667],[129.4025,35.99666666666667]]]}},{"type":"Feature","properties":{"grid_id":"dem-003-039","layer_role":"hand_flood_envelope","status":"TEMPORARY","source_type":"DERIVED_APPROXIMATION","stage_index":5,"time":"2022-09-06T06:45:00+09:00","state":"parking_full","label":"Parking fully flooded","hand_m":0.0,"hand_threshold_m":0.25,"stage_fraction":1.0,"mean_elevation_m":5.45,"distance_to_primary_river_m":47.9,"stage_driver":"REPORTED_ORDER_ONLY","not_official_flood_extent":true,"not_hydraulic_simulation":true},"geometry":{"type":"Polygon","coordinates":[[[129.40333333333334,35.99666666666667],[129.40333333333334,35.9975],[129.4025,35.9975],[129.4025,35.99666666666667],[129.40333333333334,35.99666666666667]]]}},{"type":"Feature","properties":{"grid_id":"dem-003-040","layer_role":"hand_flood_envelope","status":"TEMPORARY","source_type":"DERIVED_APPROXIMATION","stage_index":5,"time":"2022-09-06T06:45:00+09:00","state":"parking_full","label":"Parking fully flooded","hand_m":0.0,"hand_threshold_m":0.25,"stage_fraction":1.0,"mean_elevation_m":2.96,"distance_to_primary_river_m":8.4,"stage_driver":"REPORTED_ORDER_ONLY","not_official_flood_extent":true,"not_hydraulic_simulation":true},"geometry":{"type":"Polygon","coordinates":[[[129.40416666666667,35.99666666666667],[129.40416666666667,35.9975],[129.40333333333334,35.9975],[129.40333333333334,35.99666666666667],[129.40416666666667,35.99666666666667]]]}},{"type":"Feature","properties":{"grid_id":"dem-003-041","layer_role":"hand_flood_envelope","status":"TEMPORARY","source_type":"DERIVED_APPROXIMATION","stage_index":5,"time":"2022-09-06T06:45:00+09:00","state":"parking_full","label":"Parking fully flooded","hand_m":0.0,"hand_threshold_m":0.25,"stage_fraction":1.0,"mean_elevation_m":4.72,"distance_to_primary_river_m":58.3,"stage_driver":"REPORTED_ORDER_ONLY","not_official_flood_extent":true,"not_hydraulic_simulation":true},"geometry":{"type":"Polygon","coordinates":[[[129.405,35.99666666666667],[129.405,35.9975],[129.40416666666667,35.9975],[129.40416666666667,35.99666666666667],[129.405,35.99666666666667]]]}},{"type":"Feature","properties":{"grid_id":"dem-003-042","layer_role":"hand_flood_envelope","status":"TEMPORARY","source_type":"DERIVED_APPROXIMATION","stage_index":5,"time":"2022-09-06T06:45:00+09:00","state":"parking_full","label":"Parking fully flooded","hand_m":0.0,"hand_threshold_m":0.25,"stage_fraction":1.0,"mean_elevation_m":7.83,"distance_to_primary_river_m":104.8,"stage_driver":"REPORTED_ORDER_ONLY","not_official_flood_extent":true,"not_hydraulic_simulation":true},"geometry":{"type":"Polygon","coordinates":[[[129.40583333333333,35.99666666666667],[129.40583333333333,35.9975],[129.405,35.9975],[129.405,35.99666666666667],[129.40583333333333,35.99666666666667]]]}},{"type":"Feature","properties":{"grid_id":"dem-003-043","layer_role":"hand_flood_envelope","status":"TEMPORARY","source_type":"DERIVED_APPROXIMATION","stage_index":5,"time":"2022-09-06T06:45:00+09:00","state":"parking_full","label":"Parking fully flooded","hand_m":0.0,"hand_threshold_m":0.25,"stage_fraction":1.0,"mean_elevation_m":7.82,"distance_to_primary_river_m":151.3,"stage_driver":"REPORTED_ORDER_ONLY","not_official_flood_extent":true,"not_hydraulic_simulation":true},"geometry":{"type":"Polygon","coordinates":[[[129.40666666666667,35.99666666666667],[129.40666666666667,35.9975],[129.40583333333333,35.9975],[129.40583333333333,35.99666666666667],[129.40666666666667,35.99666666666667]]]}},{"type":"Feature","properties":{"grid_id":"dem-004-026","layer_role":"hand_flood_envelope","status":"TEMPORARY","source_type":"DERIVED_APPROXIMATION","stage_index":5,"time":"2022-09-06T06:45:00+09:00","state":"parking_full","label":"Parking fully flooded","hand_m":0.0,"hand_threshold_m":0.25,"stage_fraction":1.0,"mean_elevation_m":6.95,"distance_to_primary_river_m":897.2,"stage_driver":"REPORTED_ORDER_ONLY","not_official_flood_extent":true,"not_hydraulic_simulation":true},"geometry":{"type":"Polygon","coordinates":[[[129.3925,35.99583333333334],[129.3925,35.99666666666667],[129.39166666666668,35.99666666666667],[129.39166666666668,35.99583333333334],[129.3925,35.99583333333334]]]}},{"type":"Feature","properties":{"grid_id":"dem-004-027","layer_role":"hand_flood_envelope","status":"TEMPORARY","source_type":"DERIVED_APPROXIMATION","stage_index":5,"time":"2022-09-06T06:45:00+09:00","state":"parking_full","label":"Parking fully flooded","hand_m":0.0,"hand_threshold_m":0.25,"stage_fraction":1.0,"mean_elevation_m":6.92,"distance_to_primary_river_m":824.8,"stage_driver":"REPORTED_ORDER_ONLY","not_official_flood_extent":true,"not_hydraulic_simulation":true},"geometry":{"type":"Polygon","coordinates":[[[129.39333333333335,35.99583333333334],[129.39333333333335,35.99666666666667],[129.3925,35.99666666666667],[129.3925,35.99583333333334],[129.39333333333335,35.99583333333334]]]}},{"type":"Feature","properties":{"grid_id":"dem-004-028","layer_role":"hand_flood_envelope","status":"TEMPORARY","source_type":"DERIVED_APPROXIMATION","stage_index":5,"time":"2022-09-06T06:45:00+09:00","state":"parking_full","label":"Parking fully flooded","hand_m":0.0,"hand_threshold_m":0.25,"stage_fraction":1.0,"mean_elevation_m":5.95,"distance_to_primary_river_m":752.1,"stage_driver":"REPORTED_ORDER_ONLY","not_official_flood_extent":true,"not_hydraulic_simulation":true},"geometry":{"type":"Polygon","coordinates":[[[129.39416666666668,35.99583333333334],[129.39416666666668,35.99666666666667],[129.39333333333335,35.99666666666667],[129.39333333333335,35.99583333333334],[129.39416666666668,35.99583333333334]]]}},{"type":"Feature","properties":{"grid_id":"dem-004-029","layer_role":"hand_flood_envelope","status":"TEMPORARY","source_type":"DERIVED_APPROXIMATION","stage_index":5,"time":"2022-09-06T06:45:00+09:00","state":"parking_full","label":"Parking fully flooded","hand_m":0.0,"hand_threshold_m":0.25,"stage_fraction":1.0,"mean_elevation_m":5.62,"distance_to_primary_river_m":679.4,"stage_driver":"REPORTED_ORDER_ONLY","not_official_flood_extent":true,"not_hydraulic_simulation":true},"geometry":{"type":"Polygon","coordinates":[[[129.395,35.99583333333334],[129.395,35.99666666666667],[129.39416666666668,35.99666666666667],[129.39416666666668,35.99583333333334],[129.395,35.99583333333334]]]}},{"type":"Feature","properties":{"grid_id":"dem-004-030","layer_role":"hand_flood_envelope","status":"TEMPORARY","source_type":"DERIVED_APPROXIMATION","stage_index":5,"time":"2022-09-06T06:45:00+09:00","state":"parking_full","label":"Parking fully flooded","hand_m":0.0,"hand_threshold_m":0.25,"stage_fraction":1.0,"mean_elevation_m":8.61,"distance_to_primary_river_m":606.7,"stage_driver":"REPORTED_ORDER_ONLY","not_official_flood_extent":true,"not_hydraulic_simulation":true},"geometry":{"type":"Polygon","coordinates":[[[129.39583333333334,35.99583333333334],[129.39583333333334,35.99666666666667],[129.395,35.99666666666667],[129.395,35.99583333333334],[129.39583333333334,35.99583333333334]]]}},{"type":"Feature","properties":{"grid_id":"dem-004-031","layer_role":"hand_flood_envelope","status":"TEMPORARY","source_type":"DERIVED_APPROXIMATION","stage_index":5,"time":"2022-09-06T06:45:00+09:00","state":"parking_full","label":"Parking fully flooded","hand_m":0.0,"hand_threshold_m":0.25,"stage_fraction":1.0,"mean_elevation_m":7.98,"distance_to_primary_river_m":534.6,"stage_driver":"REPORTED_ORDER_ONLY","not_official_flood_extent":true,"not_hydraulic_simulation":true},"geometry":{"type":"Polygon","coordinates":[[[129.39666666666668,35.99583333333334],[129.39666666666668,35.99666666666667],[129.39583333333334,35.99666666666667],[129.39583333333334,35.99583333333334],[129.39666666666668,35.99583333333334]]]}},{"type":"Feature","properties":{"grid_id":"dem-004-032","layer_role":"hand_flood_envelope","status":"TEMPORARY","source_type":"DERIVED_APPROXIMATION","stage_index":5,"time":"2022-09-06T06:45:00+09:00","state":"parking_full","label":"Parking fully flooded","hand_m":0.0,"hand_threshold_m":0.25,"stage_fraction":1.0,"mean_elevation_m":5.51,"distance_to_primary_river_m":463.5,"stage_driver":"REPORTED_ORDER_ONLY","not_official_flood_extent":true,"not_hydraulic_simulation":true},"geometry":{"type":"Polygon","coordinates":[[[129.3975,35.99583333333334],[129.3975,35.99666666666667],[129.39666666666668,35.99666666666667],[129.39666666666668,35.99583333333334],[129.3975,35.99583333333334]]]}},{"type":"Feature","properties":{"grid_id":"dem-004-033","layer_role":"hand_flood_envelope","status":"TEMPORARY","source_type":"DERIVED_APPROXIMATION","stage_index":5,"time":"2022-09-06T06:45:00+09:00","state":"parking_full","label":"Parking fully flooded","hand_m":0.0,"hand_threshold_m":0.25,"stage_fraction":1.0,"mean_elevation_m":4.62,"distance_to_primary_river_m":393.7,"stage_driver":"REPORTED_ORDER_ONLY","not_official_flood_extent":true,"not_hydraulic_simulation":true},"geometry":{"type":"Polygon","coordinates":[[[129.39833333333334,35.99583333333334],[129.39833333333334,35.99666666666667],[129.3975,35.99666666666667],[129.3975,35.99583333333334],[129.39833333333334,35.99583333333334]]]}},{"type":"Feature","properties":{"grid_id":"dem-004-034","layer_role":"hand_flood_envelope","status":"TEMPORARY","source_type":"DERIVED_APPROXIMATION","stage_index":5,"time":"2022-09-06T06:45:00+09:00","state":"parking_full","label":"Parking fully flooded","hand_m":0.0,"hand_threshold_m":0.25,"stage_fraction":1.0,"mean_elevation_m":5.73,"distance_to_primary_river_m":324.3,"stage_driver":"REPORTED_ORDER_ONLY","not_official_flood_extent":true,"not_hydraulic_simulation":true},"geometry":{"type":"Polygon","coordinates":[[[129.39916666666667,35.99583333333334],[129.39916666666667,35.99666666666667],[129.39833333333334,35.99666666666667],[129.39833333333334,35.99583333333334],[129.39916666666667,35.99583333333334]]]}},{"type":"Feature","properties":{"grid_id":"dem-004-035","layer_role":"hand_flood_envelope","status":"TEMPORARY","source_type":"DERIVED_APPROXIMATION","stage_index":5,"time":"2022-09-06T06:45:00+09:00","state":"parking_full","label":"Parking fully flooded","hand_m":0.0,"hand_threshold_m":0.25,"stage_fraction":1.0,"mean_elevation_m":7.68,"distance_to_primary_river_m":255.0,"stage_driver":"REPORTED_ORDER_ONLY","not_official_flood_extent":true,"not_hydraulic_simulation":true},"geometry":{"type":"Polygon","coordinates":[[[129.4,35.99583333333334],[129.4,35.99666666666667],[129.39916666666667,35.99666666666667],[129.39916666666667,35.99583333333334],[129.4,35.99583333333334]]]}},{"type":"Feature","properties":{"grid_id":"dem-004-036","layer_role":"hand_flood_envelope","status":"TEMPORARY","source_type":"DERIVED_APPROXIMATION","stage_index":5,"time":"2022-09-06T06:45:00+09:00","state":"parking_full","label":"Parking fully flooded","hand_m":0.0,"hand_threshold_m":0.25,"stage_fraction":1.0,"mean_elevation_m":6.17,"distance_to_primary_river_m":186.0,"stage_driver":"REPORTED_ORDER_ONLY","not_official_flood_extent":true,"not_hydraulic_simulation":true},"geometry":{"type":"Polygon","coordinates":[[[129.40083333333334,35.99583333333334],[129.40083333333334,35.99666666666667],[129.4,35.99666666666667],[129.4,35.99583333333334],[129.40083333333334,35.99583333333334]]]}},{"type":"Feature","properties":{"grid_id":"dem-004-037","layer_role":"hand_flood_envelope","status":"TEMPORARY","source_type":"DERIVED_APPROXIMATION","stage_index":5,"time":"2022-09-06T06:45:00+09:00","state":"parking_full","label":"Parking fully flooded","hand_m":0.0,"hand_threshold_m":0.25,"stage_fraction":1.0,"mean_elevation_m":7.95,"distance_to_primary_river_m":120.6,"stage_driver":"REPORTED_ORDER_ONLY","not_official_flood_extent":true,"not_hydraulic_simulation":true},"geometry":{"type":"Polygon","coordinates":[[[129.40166666666667,35.99583333333334],[129.40166666666667,35.99666666666667],[129.40083333333334,35.99666666666667],[129.40083333333334,35.99583333333334],[129.40166666666667,35.99583333333334]]]}},{"type":"Feature","properties":{"grid_id":"dem-004-038","layer_role":"hand_flood_envelope","status":"TEMPORARY","source_type":"DERIVED_APPROXIMATION","stage_index":5,"time":"2022-09-06T06:45:00+09:00","state":"parking_full","label":"Parking fully flooded","hand_m":0.0,"hand_threshold_m":0.25,"stage_fraction":1.0,"mean_elevation_m":6.33,"distance_to_primary_river_m":55.7,"stage_driver":"REPORTED_ORDER_ONLY","not_official_flood_extent":true,"not_hydraulic_simulation":true},"geometry":{"type":"Polygon","coordinates":[[[129.4025,35.99583333333334],[129.4025,35.99666666666667],[129.40166666666667,35.99666666666667],[129.40166666666667,35.99583333333334],[129.4025,35.99583333333334]]]}},{"type":"Feature","properties":{"grid_id":"dem-004-039","layer_role":"hand_flood_envelope","status":"TEMPORARY","source_type":"DERIVED_APPROXIMATION","stage_index":5,"time":"2022-09-06T06:45:00+09:00","state":"parking_full","label":"Parking fully flooded","hand_m":0.0,"hand_threshold_m":0.25,"stage_fraction":1.0,"mean_elevation_m":3.13,"distance_to_primary_river_m":9.3,"stage_driver":"REPORTED_ORDER_ONLY","not_official_flood_extent":true,"not_hydraulic_simulation":true},"geometry":{"type":"Polygon","coordinates":[[[129.40333333333334,35.99583333333334],[129.40333333333334,35.99666666666667],[129.4025,35.99666666666667],[129.4025,35.99583333333334],[129.40333333333334,35.99583333333334]]]}},{"type":"Feature","properties":{"grid_id":"dem-004-040","layer_role":"hand_flood_envelope","status":"TEMPORARY","source_type":"DERIVED_APPROXIMATION","stage_index":5,"time":"2022-09-06T06:45:00+09:00","state":"parking_full","label":"Parking fully flooded","hand_m":0.0,"hand_threshold_m":0.25,"stage_fraction":1.0,"mean_elevation_m":6.21,"distance_to_primary_river_m":69.6,"stage_driver":"REPORTED_ORDER_ONLY","not_official_flood_extent":true,"not_hydraulic_simulation":true},"geometry":{"type":"Polygon","coordinates":[[[129.40416666666667,35.99583333333334],[129.40416666666667,35.99666666666667],[129.40333333333334,35.99666666666667],[129.40333333333334,35.99583333333334],[129.40416666666667,35.99583333333334]]]}},{"type":"Feature","properties":{"grid_id":"dem-004-041","layer_role":"hand_flood_envelope","status":"TEMPORARY","source_type":"DERIVED_APPROXIMATION","stage_index":5,"time":"2022-09-06T06:45:00+09:00","state":"parking_full","label":"Parking fully flooded","hand_m":0.0,"hand_threshold_m":0.25,"stage_fraction":1.0,"mean_elevation_m":6.41,"distance_to_primary_river_m":125.9,"stage_driver":"REPORTED_ORDER_ONLY","not_official_flood_extent":true,"not_hydraulic_simulation":true},"geometry":{"type":"Polygon","coordinates":[[[129.405,35.99583333333334],[129.405,35.99666666666667],[129.40416666666667,35.99666666666667],[129.40416666666667,35.99583333333334],[129.405,35.99583333333334]]]}},{"type":"Feature","properties":{"grid_id":"dem-005-027","layer_role":"hand_flood_envelope","status":"TEMPORARY","source_type":"DERIVED_APPROXIMATION","stage_index":5,"time":"2022-09-06T06:45:00+09:00","state":"parking_full","label":"Parking fully flooded","hand_m":0.0,"hand_threshold_m":0.25,"stage_fraction":1.0,"mean_elevation_m":6.54,"distance_to_primary_river_m":798.1,"stage_driver":"REPORTED_ORDER_ONLY","not_official_flood_extent":true,"not_hydraulic_simulation":true},"geometry":{"type":"Polygon","coordinates":[[[129.39333333333335,35.995],[129.39333333333335,35.99583333333334],[129.3925,35.99583333333334],[129.3925,35.995],[129.39333333333335,35.995]]]}},{"type":"Feature","properties":{"grid_id":"dem-005-028","layer_role":"hand_flood_envelope","status":"TEMPORARY","source_type":"DERIVED_APPROXIMATION","stage_index":5,"time":"2022-09-06T06:45:00+09:00","state":"parking_full","label":"Parking fully flooded","hand_m":0.0,"hand_threshold_m":0.25,"stage_fraction":1.0,"mean_elevation_m":5.55,"distance_to_primary_river_m":726.3,"stage_driver":"REPORTED_ORDER_ONLY","not_official_flood_extent":true,"not_hydraulic_simulation":true},"geometry":{"type":"Polygon","coordinates":[[[129.39416666666668,35.995],[129.39416666666668,35.99583333333334],[129.39333333333335,35.99583333333334],[129.39333333333335,35.995],[129.39416666666668,35.995]]]}},{"type":"Feature","properties":{"grid_id":"dem-005-029","layer_role":"hand_flood_envelope","status":"TEMPORARY","source_type":"DERIVED_APPROXIMATION","stage_index":5,"time":"2022-09-06T06:45:00+09:00","state":"parking_full","label":"Parking fully flooded","hand_m":0.0,"hand_threshold_m":0.25,"stage_fraction":1.0,"mean_elevation_m":5.56,"distance_to_primary_river_m":654.5,"stage_driver":"REPORTED_ORDER_ONLY","not_official_flood_extent":true,"not_hydraulic_simulation":true},"geometry":{"type":"Polygon","coordinates":[[[129.395,35.995],[129.395,35.99583333333334],[129.39416666666668,35.99583333333334],[129.39416666666668,35.995],[129.395,35.995]]]}},{"type":"Feature","properties":{"grid_id":"dem-005-030","layer_role":"hand_flood_envelope","status":"TEMPORARY","source_type":"DERIVED_APPROXIMATION","stage_index":5,"time":"2022-09-06T06:45:00+09:00","state":"parking_full","label":"Parking fully flooded","hand_m":0.0,"hand_threshold_m":0.25,"stage_fraction":1.0,"mean_elevation_m":4.92,"distance_to_primary_river_m":582.7,"stage_driver":"REPORTED_ORDER_ONLY","not_official_flood_extent":true,"not_hydraulic_simulation":true},"geometry":{"type":"Polygon","coordinates":[[[129.39583333333334,35.995],[129.39583333333334,35.99583333333334],[129.395,35.99583333333334],[129.395,35.995],[129.39583333333334,35.995]]]}},{"type":"Feature","properties":{"grid_id":"dem-005-031","layer_role":"hand_flood_envelope","status":"TEMPORARY","source_type":"DERIVED_APPROXIMATION","stage_index":5,"time":"2022-09-06T06:45:00+09:00","state":"parking_full","label":"Parking fully flooded","hand_m":0.0,"hand_threshold_m":0.25,"stage_fraction":1.0,"mean_elevation_m":6.91,"distance_to_primary_river_m":510.7,"stage_driver":"REPORTED_ORDER_ONLY","not_official_flood_extent":true,"not_hydraulic_simulation":true},"geometry":{"type":"Polygon","coordinates":[[[129.39666666666668,35.995],[129.39666666666668,35.99583333333334],[129.39583333333334,35.99583333333334],[129.39583333333334,35.995],[129.39666666666668,35.995]]]}},{"type":"Feature","properties":{"grid_id":"dem-005-032","layer_role":"hand_flood_envelope","status":"TEMPORARY","source_type":"DERIVED_APPROXIMATION","stage_index":5,"time":"2022-09-06T06:45:00+09:00","state":"parking_full","label":"Parking fully flooded","hand_m":0.0,"hand_threshold_m":0.25,"stage_fraction":1.0,"mean_elevation_m":6.87,"distance_to_primary_river_m":438.0,"stage_driver":"REPORTED_ORDER_ONLY","not_official_flood_extent":true,"not_hydraulic_simulation":true},"geometry":{"type":"Polygon","coordinates":[[[129.3975,35.995],[129.3975,35.99583333333334],[129.39666666666668,35.99583333333334],[129.39666666666668,35.995],[129.3975,35.995]]]}},{"type":"Feature","properties":{"grid_id":"dem-005-033","layer_role":"hand_flood_envelope","status":"TEMPORARY","source_type":"DERIVED_APPROXIMATION","stage_index":5,"time":"2022-09-06T06:45:00+09:00","state":"parking_full","label":"Parking fully flooded","hand_m":0.0,"hand_threshold_m":0.25,"stage_fraction":1.0,"mean_elevation_m":6.32,"distance_to_primary_river_m":365.2,"stage_driver":"REPORTED_ORDER_ONLY","not_official_flood_extent":true,"not_hydraulic_simulation":true},"geometry":{"type":"Polygon","coordinates":[[[129.39833333333334,35.995],[129.39833333333334,35.99583333333334],[129.3975,35.99583333333334],[129.3975,35.995],[129.39833333333334,35.995]]]}},{"type":"Feature","properties":{"grid_id":"dem-005-034","layer_role":"hand_flood_envelope","status":"TEMPORARY","source_type":"DERIVED_APPROXIMATION","stage_index":5,"time":"2022-09-06T06:45:00+09:00","state":"parking_full","label":"Parking fully flooded","hand_m":0.0,"hand_threshold_m":0.25,"stage_fraction":1.0,"mean_elevation_m":11.98,"distance_to_primary_river_m":292.5,"stage_driver":"REPORTED_ORDER_ONLY","not_official_flood_extent":true,"not_hydraulic_simulation":true},"geometry":{"type":"Polygon","coordinates":[[[129.39916666666667,35.995],[129.39916666666667,35.99583333333334],[129.39833333333334,35.99583333333334],[129.39833333333334,35.995],[129.39916666666667,35.995]]]}},{"type":"Feature","properties":{"grid_id":"dem-005-035","layer_role":"hand_flood_envelope","status":"TEMPORARY","source_type":"DERIVED_APPROXIMATION","stage_index":5,"time":"2022-09-06T06:45:00+09:00","state":"parking_full","label":"Parking fully flooded","hand_m":0.0,"hand_threshold_m":0.25,"stage_fraction":1.0,"mean_elevation_m":11.91,"distance_to_primary_river_m":220.2,"stage_driver":"REPORTED_ORDER_ONLY","not_official_flood_extent":true,"not_hydraulic_simulation":true},"geometry":{"type":"Polygon","coordinates":[[[129.4,35.995],[129.4,35.99583333333334],[129.39916666666667,35.99583333333334],[129.39916666666667,35.995],[129.4,35.995]]]}},{"type":"Feature","properties":{"grid_id":"dem-005-037","layer_role":"hand_flood_envelope","status":"TEMPORARY","source_type":"DERIVED_APPROXIMATION","stage_index":5,"time":"2022-09-06T06:45:00+09:00","state":"parking_full","label":"Parking fully flooded","hand_m":0.0,"hand_threshold_m":0.25,"stage_fraction":1.0,"mean_elevation_m":5.33,"distance_to_primary_river_m":80.7,"stage_driver":"REPORTED_ORDER_ONLY","not_official_flood_extent":true,"not_hydraulic_simulation":true},"geometry":{"type":"Polygon","coordinates":[[[129.40166666666667,35.995],[129.40166666666667,35.99583333333334],[129.40083333333334,35.99583333333334],[129.40083333333334,35.995],[129.40166666666667,35.995]]]}},{"type":"Feature","properties":{"grid_id":"dem-005-038","layer_role":"hand_flood_envelope","status":"TEMPORARY","source_type":"DERIVED_APPROXIMATION","stage_index":5,"time":"2022-09-06T06:45:00+09:00","state":"parking_full","label":"Parking fully flooded","hand_m":0.0,"hand_threshold_m":0.25,"stage_fraction":1.0,"mean_elevation_m":3.63,"distance_to_primary_river_m":11.3,"stage_driver":"REPORTED_ORDER_ONLY","not_official_flood_extent":true,"not_hydraulic_simulation":true},"geometry":{"type":"Polygon","coordinates":[[[129.4025,35.995],[129.4025,35.99583333333334],[129.40166666666667,35.99583333333334],[129.40166666666667,35.995],[129.4025,35.995]]]}},{"type":"Feature","properties":{"grid_id":"dem-005-039","layer_role":"hand_flood_envelope","status":"TEMPORARY","source_type":"DERIVED_APPROXIMATION","stage_index":5,"time":"2022-09-06T06:45:00+09:00","state":"parking_full","label":"Parking fully flooded","hand_m":0.0,"hand_threshold_m":0.25,"stage_fraction":1.0,"mean_elevation_m":5.01,"distance_to_primary_river_m":55.7,"stage_driver":"REPORTED_ORDER_ONLY","not_official_flood_extent":true,"not_hydraulic_simulation":true},"geometry":{"type":"Polygon","coordinates":[[[129.40333333333334,35.995],[129.40333333333334,35.99583333333334],[129.4025,35.99583333333334],[129.4025,35.995],[129.40333333333334,35.995]]]}},{"type":"Feature","properties":{"grid_id":"dem-005-040","layer_role":"hand_flood_envelope","status":"TEMPORARY","source_type":"DERIVED_APPROXIMATION","stage_index":5,"time":"2022-09-06T06:45:00+09:00","state":"parking_full","label":"Parking fully flooded","hand_m":0.0,"hand_threshold_m":0.25,"stage_fraction":1.0,"mean_elevation_m":9.03,"distance_to_primary_river_m":120.7,"stage_driver":"REPORTED_ORDER_ONLY","not_official_flood_extent":true,"not_hydraulic_simulation":true},"geometry":{"type":"Polygon","coordinates":[[[129.40416666666667,35.995],[129.40416666666667,35.99583333333334],[129.40333333333334,35.99583333333334],[129.40333333333334,35.995],[129.40416666666667,35.995]]]}},{"type":"Feature","properties":{"grid_id":"dem-005-041","layer_role":"hand_flood_envelope","status":"TEMPORARY","source_type":"DERIVED_APPROXIMATION","stage_index":5,"time":"2022-09-06T06:45:00+09:00","state":"parking_full","label":"Parking fully flooded","hand_m":0.17,"hand_threshold_m":0.25,"stage_fraction":1.0,"mean_elevation_m":9.2,"distance_to_primary_river_m":185.7,"stage_driver":"REPORTED_ORDER_ONLY","not_official_flood_extent":true,"not_hydraulic_simulation":true},"geometry":{"type":"Polygon","coordinates":[[[129.405,35.995],[129.405,35.99583333333334],[129.40416666666667,35.99583333333334],[129.40416666666667,35.995],[129.405,35.995]]]}},{"type":"Feature","properties":{"grid_id":"dem-006-028","layer_role":"hand_flood_envelope","status":"TEMPORARY","source_type":"DERIVED_APPROXIMATION","stage_index":5,"time":"2022-09-06T06:45:00+09:00","state":"parking_full","label":"Parking fully flooded","hand_m":0.0,"hand_threshold_m":0.25,"stage_fraction":1.0,"mean_elevation_m":6.42,"distance_to_primary_river_m":699.6,"stage_driver":"REPORTED_ORDER_ONLY","not_official_flood_extent":true,"not_hydraulic_simulation":true},"geometry":{"type":"Polygon","coordinates":[[[129.39416666666668,35.994166666666665],[129.39416666666668,35.995],[129.39333333333335,35.995],[129.39333333333335,35.994166666666665],[129.39416666666668,35.994166666666665]]]}},{"type":"Feature","properties":{"grid_id":"dem-006-029","layer_role":"hand_flood_envelope","status":"TEMPORARY","source_type":"DERIVED_APPROXIMATION","stage_index":5,"time":"2022-09-06T06:45:00+09:00","state":"parking_full","label":"Parking fully flooded","hand_m":0.0,"hand_threshold_m":0.25,"stage_fraction":1.0,"mean_elevation_m":5.97,"distance_to_primary_river_m":627.3,"stage_driver":"REPORTED_ORDER_ONLY","not_official_flood_extent":true,"not_hydraulic_simulation":true},"geometry":{"type":"Polygon","coordinates":[[[129.395,35.994166666666665],[129.395,35.995],[129.39416666666668,35.995],[129.39416666666668,35.994166666666665],[129.395,35.994166666666665]]]}},{"type":"Feature","properties":{"grid_id":"dem-006-030","layer_role":"hand_flood_envelope","status":"TEMPORARY","source_type":"DERIVED_APPROXIMATION","stage_index":5,"time":"2022-09-06T06:45:00+09:00","state":"parking_full","label":"Parking fully flooded","hand_m":0.0,"hand_threshold_m":0.25,"stage_fraction":1.0,"mean_elevation_m":6.76,"distance_to_primary_river_m":555.5,"stage_driver":"REPORTED_ORDER_ONLY","not_official_flood_extent":true,"not_hydraulic_simulation":true},"geometry":{"type":"Polygon","coordinates":[[[129.39583333333334,35.994166666666665],[129.39583333333334,35.995],[129.395,35.995],[129.395,35.994166666666665],[129.39583333333334,35.994166666666665]]]}},{"type":"Feature","properties":{"grid_id":"dem-006-031","layer_role":"hand_flood_envelope","status":"TEMPORARY","source_type":"DERIVED_APPROXIMATION","stage_index":5,"time":"2022-09-06T06:45:00+09:00","state":"parking_full","label":"Parking fully flooded","hand_m":0.0,"hand_threshold_m":0.25,"stage_fraction":1.0,"mean_elevation_m":6.92,"distance_to_primary_river_m":483.7,"stage_driver":"REPORTED_ORDER_ONLY","not_official_flood_extent":true,"not_hydraulic_simulation":true},"geometry":{"type":"Polygon","coordinates":[[[129.39666666666668,35.994166666666665],[129.39666666666668,35.995],[129.39583333333334,35.995],[129.39583333333334,35.994166666666665],[129.39666666666668,35.994166666666665]]]}},{"type":"Feature","properties":{"grid_id":"dem-006-036","layer_role":"hand_flood_envelope","status":"TEMPORARY","source_type":"DERIVED_APPROXIMATION","stage_index":5,"time":"2022-09-06T06:45:00+09:00","state":"parking_full","label":"Parking fully flooded","hand_m":0.0,"hand_threshold_m":0.25,"stage_fraction":1.0,"mean_elevation_m":16.04,"distance_to_primary_river_m":123.8,"stage_driver":"REPORTED_ORDER_ONLY","not_official_flood_extent":true,"not_hydraulic_simulation":true},"geometry":{"type":"Polygon","coordinates":[[[129.40083333333334,35.994166666666665],[129.40083333333334,35.995],[129.4,35.995],[129.4,35.994166666666665],[129.40083333333334,35.994166666666665]]]}},{"type":"Feature","properties":{"grid_id":"dem-006-037","layer_role":"hand_flood_envelope","status":"TEMPORARY","source_type":"DERIVED_APPROXIMATION","stage_index":5,"time":"2022-09-06T06:45:00+09:00","state":"parking_full","label":"Parking fully flooded","hand_m":0.0,"hand_threshold_m":0.25,"stage_fraction":1.0,"mean_elevation_m":5.93,"distance_to_primary_river_m":51.1,"stage_driver":"REPORTED_ORDER_ONLY","not_official_flood_extent":true,"not_hydraulic_simulation":true},"geometry":{"type":"Polygon","coordinates":[[[129.40166666666667,35.994166666666665],[129.40166666666667,35.995],[129.40083333333334,35.995],[129.40083333333334,35.994166666666665],[129.40166666666667,35.994166666666665]]]}},{"type":"Feature","properties":{"grid_id":"dem-006-038","layer_role":"hand_flood_envelope","status":"TEMPORARY","source_type":"DERIVED_APPROXIMATION","stage_index":5,"time":"2022-09-06T06:45:00+09:00","state":"parking_full","label":"Parking fully flooded","hand_m":0.0,"hand_threshold_m":0.25,"stage_fraction":1.0,"mean_elevation_m":3.14,"distance_to_primary_river_m":21.6,"stage_driver":"REPORTED_ORDER_ONLY","not_official_flood_extent":true,"not_hydraulic_simulation":true},"geometry":{"type":"Polygon","coordinates":[[[129.4025,35.994166666666665],[129.4025,35.995],[129.40166666666667,35.995],[129.40166666666667,35.994166666666665],[129.4025,35.994166666666665]]]}},{"type":"Feature","properties":{"grid_id":"dem-006-039","layer_role":"hand_flood_envelope","status":"TEMPORARY","source_type":"DERIVED_APPROXIMATION","stage_index":5,"time":"2022-09-06T06:45:00+09:00","state":"parking_full","label":"Parking fully flooded","hand_m":0.0,"hand_threshold_m":0.25,"stage_fraction":1.0,"mean_elevation_m":7.74,"distance_to_primary_river_m":93.6,"stage_driver":"REPORTED_ORDER_ONLY","not_official_flood_extent":true,"not_hydraulic_simulation":true},"geometry":{"type":"Polygon","coordinates":[[[129.40333333333334,35.994166666666665],[129.40333333333334,35.995],[129.4025,35.995],[129.4025,35.994166666666665],[129.40333333333334,35.994166666666665]]]}},{"type":"Feature","properties":{"grid_id":"dem-006-040","layer_role":"hand_flood_envelope","status":"TEMPORARY","source_type":"DERIVED_APPROXIMATION","stage_index":5,"time":"2022-09-06T06:45:00+09:00","state":"parking_full","label":"Parking fully flooded","hand_m":0.03,"hand_threshold_m":0.25,"stage_fraction":1.0,"mean_elevation_m":7.77,"distance_to_primary_river_m":162.9,"stage_driver":"REPORTED_ORDER_ONLY","not_official_flood_extent":true,"not_hydraulic_simulation":true},"geometry":{"type":"Polygon","coordinates":[[[129.40416666666667,35.994166666666665],[129.40416666666667,35.995],[129.40333333333334,35.995],[129.40333333333334,35.994166666666665],[129.40416666666667,35.994166666666665]]]}},{"type":"Feature","properties":{"grid_id":"dem-006-041","layer_role":"hand_flood_envelope","status":"TEMPORARY","source_type":"DERIVED_APPROXIMATION","stage_index":5,"time":"2022-09-06T06:45:00+09:00","state":"parking_full","label":"Parking fully flooded","hand_m":0.0,"hand_threshold_m":0.25,"stage_fraction":1.0,"mean_elevation_m":6.25,"distance_to_primary_river_m":232.1,"stage_driver":"REPORTED_ORDER_ONLY","not_official_flood_extent":true,"not_hydraulic_simulation":true},"geometry":{"type":"Polygon","coordinates":[[[129.405,35.994166666666665],[129.405,35.995],[129.40416666666667,35.995],[129.40416666666667,35.994166666666665],[129.405,35.994166666666665]]]}},{"type":"Feature","properties":{"grid_id":"dem-006-042","layer_role":"hand_flood_envelope","status":"TEMPORARY","source_type":"DERIVED_APPROXIMATION","stage_index":5,"time":"2022-09-06T06:45:00+09:00","state":"parking_full","label":"Parking fully flooded","hand_m":0.0,"hand_threshold_m":0.25,"stage_fraction":1.0,"mean_elevation_m":7.63,"distance_to_primary_river_m":297.1,"stage_driver":"REPORTED_ORDER_ONLY","not_official_flood_extent":true,"not_hydraulic_simulation":true},"geometry":{"type":"Polygon","coordinates":[[[129.40583333333333,35.994166666666665],[129.40583333333333,35.995],[129.405,35.995],[129.405,35.994166666666665],[129.40583333333333,35.994166666666665]]]}},{"type":"Feature","properties":{"grid_id":"dem-007-029","layer_role":"hand_flood_envelope","status":"TEMPORARY","source_type":"DERIVED_APPROXIMATION","stage_index":5,"time":"2022-09-06T06:45:00+09:00","state":"parking_full","label":"Parking fully flooded","hand_m":0.0,"hand_threshold_m":0.25,"stage_fraction":1.0,"mean_elevation_m":6.53,"distance_to_primary_river_m":602.7,"stage_driver":"REPORTED_ORDER_ONLY","not_official_flood_extent":true,"not_hydraulic_simulation":true},"geometry":{"type":"Polygon","coordinates":[[[129.395,35.99333333333333],[129.395,35.994166666666665],[129.39416666666668,35.994166666666665],[129.39416666666668,35.99333333333333],[129.395,35.99333333333333]]]}},{"type":"Feature","properties":{"grid_id":"dem-007-030","layer_role":"hand_flood_envelope","status":"TEMPORARY","source_type":"DERIVED_APPROXIMATION","stage_index":5,"time":"2022-09-06T06:45:00+09:00","state":"parking_full","label":"Parking fully flooded","hand_m":0.0,"hand_threshold_m":0.25,"stage_fraction":1.0,"mean_elevation_m":6.96,"distance_to_primary_river_m":530.3,"stage_driver":"REPORTED_ORDER_ONLY","not_official_flood_extent":true,"not_hydraulic_simulation":true},"geometry":{"type":"Polygon","coordinates":[[[129.39583333333334,35.99333333333333],[129.39583333333334,35.994166666666665],[129.395,35.994166666666665],[129.395,35.99333333333333],[129.39583333333334,35.99333333333333]]]}},{"type":"Feature","properties":{"grid_id":"dem-007-036","layer_role":"hand_flood_envelope","status":"TEMPORARY","source_type":"DERIVED_APPROXIMATION","stage_index":5,"time":"2022-09-06T06:45:00+09:00","state":"parking_full","label":"Parking fully flooded","hand_m":0.0,"hand_threshold_m":0.25,"stage_fraction":1.0,"mean_elevation_m":13.54,"distance_to_primary_river_m":97.4,"stage_driver":"REPORTED_ORDER_ONLY","not_official_flood_extent":true,"not_hydraulic_simulation":true},"geometry":{"type":"Polygon","coordinates":[[[129.40083333333334,35.99333333333333],[129.40083333333334,35.994166666666665],[129.4,35.994166666666665],[129.4,35.99333333333333],[129.40083333333334,35.99333333333333]]]}},{"type":"Feature","properties":{"grid_id":"dem-007-037","layer_role":"hand_flood_envelope","status":"TEMPORARY","source_type":"DERIVED_APPROXIMATION","stage_index":5,"time":"2022-09-06T06:45:00+09:00","state":"parking_full","label":"Parking fully flooded","hand_m":0.0,"hand_threshold_m":0.25,"stage_fraction":1.0,"mean_elevation_m":6.37,"distance_to_primary_river_m":25.6,"stage_driver":"REPORTED_ORDER_ONLY","not_official_flood_extent":true,"not_hydraulic_simulation":true},"geometry":{"type":"Polygon","coordinates":[[[129.40166666666667,35.99333333333333],[129.40166666666667,35.994166666666665],[129.40083333333334,35.994166666666665],[129.40083333333334,35.99333333333333],[129.40166666666667,35.99333333333333]]]}},{"type":"Feature","properties":{"grid_id":"dem-007-038","layer_role":"hand_flood_envelope","status":"TEMPORARY","source_type":"DERIVED_APPROXIMATION","stage_index":5,"time":"2022-09-06T06:45:00+09:00","state":"parking_full","label":"Parking fully flooded","hand_m":0.0,"hand_threshold_m":0.25,"stage_fraction":1.0,"mean_elevation_m":6.79,"distance_to_primary_river_m":46.2,"stage_driver":"REPORTED_ORDER_ONLY","not_official_flood_extent":true,"not_hydraulic_simulation":true},"geometry":{"type":"Polygon","coordinates":[[[129.4025,35.99333333333333],[129.4025,35.994166666666665],[129.40166666666667,35.994166666666665],[129.40166666666667,35.99333333333333],[129.4025,35.99333333333333]]]}},{"type":"Feature","properties":{"grid_id":"dem-007-039","layer_role":"hand_flood_envelope","status":"TEMPORARY","source_type":"DERIVED_APPROXIMATION","stage_index":5,"time":"2022-09-06T06:45:00+09:00","state":"parking_full","label":"Parking fully flooded","hand_m":0.0,"hand_threshold_m":0.25,"stage_fraction":1.0,"mean_elevation_m":9.85,"distance_to_primary_river_m":118.0,"stage_driver":"REPORTED_ORDER_ONLY","not_official_flood_extent":true,"not_hydraulic_simulation":true},"geometry":{"type":"Polygon","coordinates":[[[129.40333333333334,35.99333333333333],[129.40333333333334,35.994166666666665],[129.4025,35.994166666666665],[129.4025,35.99333333333333],[129.40333333333334,35.99333333333333]]]}},{"type":"Feature","properties":{"grid_id":"dem-007-040","layer_role":"hand_flood_envelope","status":"TEMPORARY","source_type":"DERIVED_APPROXIMATION","stage_index":5,"time":"2022-09-06T06:45:00+09:00","state":"parking_full","label":"Parking fully flooded","hand_m":0.0,"hand_threshold_m":0.25,"stage_fraction":1.0,"mean_elevation_m":9.25,"distance_to_primary_river_m":190.3,"stage_driver":"REPORTED_ORDER_ONLY","not_official_flood_extent":true,"not_hydraulic_simulation":true},"geometry":{"type":"Polygon","coordinates":[[[129.40416666666667,35.99333333333333],[129.40416666666667,35.994166666666665],[129.40333333333334,35.994166666666665],[129.40333333333334,35.99333333333333],[129.40416666666667,35.99333333333333]]]}},{"type":"Feature","properties":{"grid_id":"dem-007-041","layer_role":"hand_flood_envelope","status":"TEMPORARY","source_type":"DERIVED_APPROXIMATION","stage_index":5,"time":"2022-09-06T06:45:00+09:00","state":"parking_full","label":"Parking fully flooded","hand_m":0.0,"hand_threshold_m":0.25,"stage_fraction":1.0,"mean_elevation_m":9.21,"distance_to_primary_river_m":263.0,"stage_driver":"REPORTED_ORDER_ONLY","not_official_flood_extent":true,"not_hydraulic_simulation":true},"geometry":{"type":"Polygon","coordinates":[[[129.405,35.99333333333333],[129.405,35.994166666666665],[129.40416666666667,35.994166666666665],[129.40416666666667,35.99333333333333],[129.405,35.99333333333333]]]}},{"type":"Feature","properties":{"grid_id":"dem-007-042","layer_role":"hand_flood_envelope","status":"TEMPORARY","source_type":"DERIVED_APPROXIMATION","stage_index":5,"time":"2022-09-06T06:45:00+09:00","state":"parking_full","label":"Parking fully flooded","hand_m":0.0,"hand_threshold_m":0.25,"stage_fraction":1.0,"mean_elevation_m":8.29,"distance_to_primary_river_m":335.8,"stage_driver":"REPORTED_ORDER_ONLY","not_official_flood_extent":true,"not_hydraulic_simulation":true},"geometry":{"type":"Polygon","coordinates":[[[129.40583333333333,35.99333333333333],[129.40583333333333,35.994166666666665],[129.405,35.994166666666665],[129.405,35.99333333333333],[129.40583333333333,35.99333333333333]]]}},{"type":"Feature","properties":{"grid_id":"dem-007-043","layer_role":"hand_flood_envelope","status":"TEMPORARY","source_type":"DERIVED_APPROXIMATION","stage_index":5,"time":"2022-09-06T06:45:00+09:00","state":"parking_full","label":"Parking fully flooded","hand_m":0.0,"hand_threshold_m":0.25,"stage_fraction":1.0,"mean_elevation_m":8.0,"distance_to_primary_river_m":406.6,"stage_driver":"REPORTED_ORDER_ONLY","not_official_flood_extent":true,"not_hydraulic_simulation":true},"geometry":{"type":"Polygon","coordinates":[[[129.40666666666667,35.99333333333333],[129.40666666666667,35.994166666666665],[129.40583333333333,35.994166666666665],[129.40583333333333,35.99333333333333],[129.40666666666667,35.99333333333333]]]}},{"type":"Feature","properties":{"grid_id":"dem-008-030","layer_role":"hand_flood_envelope","status":"TEMPORARY","source_type":"DERIVED_APPROXIMATION","stage_index":5,"time":"2022-09-06T06:45:00+09:00","state":"parking_full","label":"Parking fully flooded","hand_m":0.18,"hand_threshold_m":0.25,"stage_fraction":1.0,"mean_elevation_m":7.57,"distance_to_primary_river_m":505.9,"stage_driver":"REPORTED_ORDER_ONLY","not_official_flood_extent":true,"not_hydraulic_simulation":true},"geometry":{"type":"Polygon","coordinates":[[[129.39583333333334,35.9925],[129.39583333333334,35.99333333333333],[129.395,35.99333333333333],[129.395,35.9925],[129.39583333333334,35.9925]]]}},{"type":"Feature","properties":{"grid_id":"dem-008-031","layer_role":"hand_flood_envelope","status":"TEMPORARY","source_type":"DERIVED_APPROXIMATION","stage_index":5,"time":"2022-09-06T06:45:00+09:00","state":"parking_full","label":"Parking fully flooded","hand_m":0.0,"hand_threshold_m":0.25,"stage_fraction":1.0,"mean_elevation_m":7.04,"distance_to_primary_river_m":433.4,"stage_driver":"REPORTED_ORDER_ONLY","not_official_flood_extent":true,"not_hydraulic_simulation":true},"geometry":{"type":"Polygon","coordinates":[[[129.39666666666668,35.9925],[129.39666666666668,35.99333333333333],[129.39583333333334,35.99333333333333],[129.39583333333334,35.9925],[129.39666666666668,35.9925]]]}},{"type":"Feature","properties":{"grid_id":"dem-008-032","layer_role":"hand_flood_envelope","status":"TEMPORARY","source_type":"DERIVED_APPROXIMATION","stage_index":5,"time":"2022-09-06T06:45:00+09:00","state":"parking_full","label":"Parking fully flooded","hand_m":0.0,"hand_threshold_m":0.25,"stage_fraction":1.0,"mean_elevation_m":6.69,"distance_to_primary_river_m":360.9,"stage_driver":"REPORTED_ORDER_ONLY","not_official_flood_extent":true,"not_hydraulic_simulation":true},"geometry":{"type":"Polygon","coordinates":[[[129.3975,35.9925],[129.3975,35.99333333333333],[129.39666666666668,35.99333333333333],[129.39666666666668,35.9925],[129.3975,35.9925]]]}},{"type":"Feature","properties":{"grid_id":"dem-008-033","layer_role":"hand_flood_envelope","status":"TEMPORARY","source_type":"DERIVED_APPROXIMATION","stage_index":5,"time":"2022-09-06T06:45:00+09:00","state":"parking_full","label":"Parking fully flooded","hand_m":0.0,"hand_threshold_m":0.25,"stage_fraction":1.0,"mean_elevation_m":6.78,"distance_to_primary_river_m":288.4,"stage_driver":"REPORTED_ORDER_ONLY","not_official_flood_extent":true,"not_hydraulic_simulation":true},"geometry":{"type":"Polygon","coordinates":[[[129.39833333333334,35.9925],[129.39833333333334,35.99333333333333],[129.3975,35.99333333333333],[129.3975,35.9925],[129.39833333333334,35.9925]]]}},{"type":"Feature","properties":{"grid_id":"dem-008-034","layer_role":"hand_flood_envelope","status":"TEMPORARY","source_type":"DERIVED_APPROXIMATION","stage_index":5,"time":"2022-09-06T06:45:00+09:00","state":"parking_full","label":"Parking fully flooded","hand_m":0.0,"hand_threshold_m":0.25,"stage_fraction":1.0,"mean_elevation_m":6.01,"distance_to_primary_river_m":216.0,"stage_driver":"REPORTED_ORDER_ONLY","not_official_flood_extent":true,"not_hydraulic_simulation":true},"geometry":{"type":"Polygon","coordinates":[[[129.39916666666667,35.9925],[129.39916666666667,35.99333333333333],[129.39833333333334,35.99333333333333],[129.39833333333334,35.9925],[129.39916666666667,35.9925]]]}},{"type":"Feature","properties":{"grid_id":"dem-008-035","layer_role":"hand_flood_envelope","status":"TEMPORARY","source_type":"DERIVED_APPROXIMATION","stage_index":5,"time":"2022-09-06T06:45:00+09:00","state":"parking_full","label":"Parking fully flooded","hand_m":0.0,"hand_threshold_m":0.25,"stage_fraction":1.0,"mean_elevation_m":7.39,"distance_to_primary_river_m":143.5,"stage_driver":"REPORTED_ORDER_ONLY","not_official_flood_extent":true,"not_hydraulic_simulation":true},"geometry":{"type":"Polygon","coordinates":[[[129.4,35.9925],[129.4,35.99333333333333],[129.39916666666667,35.99333333333333],[129.39916666666667,35.9925],[129.4,35.9925]]]}},{"type":"Feature","properties":{"grid_id":"dem-008-036","layer_role":"hand_flood_envelope","status":"TEMPORARY","source_type":"DERIVED_APPROXIMATION","stage_index":5,"time":"2022-09-06T06:45:00+09:00","state":"parking_full","label":"Parking fully flooded","hand_m":0.0,"hand_threshold_m":0.25,"stage_fraction":1.0,"mean_elevation_m":8.56,"distance_to_primary_river_m":71.0,"stage_driver":"REPORTED_ORDER_ONLY","not_official_flood_extent":true,"not_hydraulic_simulation":true},"geometry":{"type":"Polygon","coordinates":[[[129.40083333333334,35.9925],[129.40083333333334,35.99333333333333],[129.4,35.99333333333333],[129.4,35.9925],[129.40083333333334,35.9925]]]}},{"type":"Feature","properties":{"grid_id":"dem-008-037","layer_role":"hand_flood_envelope","status":"TEMPORARY","source_type":"DERIVED_APPROXIMATION","stage_index":5,"time":"2022-09-06T06:45:00+09:00","state":"parking_full","label":"Parking fully flooded","hand_m":0.0,"hand_threshold_m":0.25,"stage_fraction":1.0,"mean_elevation_m":4.45,"distance_to_primary_river_m":1.4,"stage_driver":"REPORTED_ORDER_ONLY","not_official_flood_extent":true,"not_hydraulic_simulation":true},"geometry":{"type":"Polygon","coordinates":[[[129.40166666666667,35.9925],[129.40166666666667,35.99333333333333],[129.40083333333334,35.99333333333333],[129.40083333333334,35.9925],[129.40166666666667,35.9925]]]}},{"type":"Feature","properties":{"grid_id":"dem-008-038","layer_role":"hand_flood_envelope","status":"TEMPORARY","source_type":"DERIVED_APPROXIMATION","stage_index":5,"time":"2022-09-06T06:45:00+09:00","state":"parking_full","label":"Parking fully flooded","hand_m":0.0,"hand_threshold_m":0.25,"stage_fraction":1.0,"mean_elevation_m":8.4,"distance_to_primary_river_m":73.5,"stage_driver":"REPORTED_ORDER_ONLY","not_official_flood_extent":true,"not_hydraulic_simulation":true},"geometry":{"type":"Polygon","coordinates":[[[129.4025,35.9925],[129.4025,35.99333333333333],[129.40166666666667,35.99333333333333],[129.40166666666667,35.9925],[129.4025,35.9925]]]}},{"type":"Feature","properties":{"grid_id":"dem-008-039","layer_role":"hand_flood_envelope","status":"TEMPORARY","source_type":"DERIVED_APPROXIMATION","stage_index":5,"time":"2022-09-06T06:45:00+09:00","state":"parking_full","label":"Parking fully flooded","hand_m":0.0,"hand_threshold_m":0.25,"stage_fraction":1.0,"mean_elevation_m":10.28,"distance_to_primary_river_m":145.3,"stage_driver":"REPORTED_ORDER_ONLY","not_official_flood_extent":true,"not_hydraulic_simulation":true},"geometry":{"type":"Polygon","coordinates":[[[129.40333333333334,35.9925],[129.40333333333334,35.99333333333333],[129.4025,35.99333333333333],[129.4025,35.9925],[129.40333333333334,35.9925]]]}},{"type":"Feature","properties":{"grid_id":"dem-008-040","layer_role":"hand_flood_envelope","status":"TEMPORARY","source_type":"DERIVED_APPROXIMATION","stage_index":5,"time":"2022-09-06T06:45:00+09:00","state":"parking_full","label":"Parking fully flooded","hand_m":0.0,"hand_threshold_m":0.25,"stage_fraction":1.0,"mean_elevation_m":9.91,"distance_to_primary_river_m":217.1,"stage_driver":"REPORTED_ORDER_ONLY","not_official_flood_extent":true,"not_hydraulic_simulation":true},"geometry":{"type":"Polygon","coordinates":[[[129.40416666666667,35.9925],[129.40416666666667,35.99333333333333],[129.40333333333334,35.99333333333333],[129.40333333333334,35.9925],[129.40416666666667,35.9925]]]}},{"type":"Feature","properties":{"grid_id":"dem-008-042","layer_role":"hand_flood_envelope","status":"TEMPORARY","source_type":"DERIVED_APPROXIMATION","stage_index":5,"time":"2022-09-06T06:45:00+09:00","state":"parking_full","label":"Parking fully flooded","hand_m":0.0,"hand_threshold_m":0.25,"stage_fraction":1.0,"mean_elevation_m":9.06,"distance_to_primary_river_m":360.7,"stage_driver":"REPORTED_ORDER_ONLY","not_official_flood_extent":true,"not_hydraulic_simulation":true},"geometry":{"type":"Polygon","coordinates":[[[129.40583333333333,35.9925],[129.40583333333333,35.99333333333333],[129.405,35.99333333333333],[129.405,35.9925],[129.40583333333333,35.9925]]]}},{"type":"Feature","properties":{"grid_id":"dem-008-043","layer_role":"hand_flood_envelope","status":"TEMPORARY","source_type":"DERIVED_APPROXIMATION","stage_index":5,"time":"2022-09-06T06:45:00+09:00","state":"parking_full","label":"Parking fully flooded","hand_m":0.0,"hand_threshold_m":0.25,"stage_fraction":1.0,"mean_elevation_m":8.32,"distance_to_primary_river_m":432.5,"stage_driver":"REPORTED_ORDER_ONLY","not_official_flood_extent":true,"not_hydraulic_simulation":true},"geometry":{"type":"Polygon","coordinates":[[[129.40666666666667,35.9925],[129.40666666666667,35.99333333333333],[129.40583333333333,35.99333333333333],[129.40583333333333,35.9925],[129.40666666666667,35.9925]]]}},{"type":"Feature","properties":{"grid_id":"dem-008-044","layer_role":"hand_flood_envelope","status":"TEMPORARY","source_type":"DERIVED_APPROXIMATION","stage_index":5,"time":"2022-09-06T06:45:00+09:00","state":"parking_full","label":"Parking fully flooded","hand_m":0.0,"hand_threshold_m":0.25,"stage_fraction":1.0,"mean_elevation_m":8.95,"distance_to_primary_river_m":504.5,"stage_driver":"REPORTED_ORDER_ONLY","not_official_flood_extent":true,"not_hydraulic_simulation":true},"geometry":{"type":"Polygon","coordinates":[[[129.4075,35.9925],[129.4075,35.99333333333333],[129.40666666666667,35.99333333333333],[129.40666666666667,35.9925],[129.4075,35.9925]]]}},{"type":"Feature","properties":{"grid_id":"dem-009-030","layer_role":"hand_flood_envelope","status":"TEMPORARY","source_type":"DERIVED_APPROXIMATION","stage_index":5,"time":"2022-09-06T06:45:00+09:00","state":"parking_full","label":"Parking fully flooded","hand_m":0.07,"hand_threshold_m":0.25,"stage_fraction":1.0,"mean_elevation_m":9.45,"distance_to_primary_river_m":486.1,"stage_driver":"REPORTED_ORDER_ONLY","not_official_flood_extent":true,"not_hydraulic_simulation":true},"geometry":{"type":"Polygon","coordinates":[[[129.39583333333334,35.99166666666667],[129.39583333333334,35.9925],[129.395,35.9925],[129.395,35.99166666666667],[129.39583333333334,35.99166666666667]]]}},{"type":"Feature","properties":{"grid_id":"dem-009-032","layer_role":"hand_flood_envelope","status":"TEMPORARY","source_type":"DERIVED_APPROXIMATION","stage_index":5,"time":"2022-09-06T06:45:00+09:00","state":"parking_full","label":"Parking fully flooded","hand_m":0.0,"hand_threshold_m":0.25,"stage_fraction":1.0,"mean_elevation_m":8.8,"distance_to_primary_river_m":337.6,"stage_driver":"REPORTED_ORDER_ONLY","not_official_flood_extent":true,"not_hydraulic_simulation":true},"geometry":{"type":"Polygon","coordinates":[[[129.3975,35.99166666666667],[129.3975,35.9925],[129.39666666666668,35.9925],[129.39666666666668,35.99166666666667],[129.3975,35.99166666666667]]]}},{"type":"Feature","properties":{"grid_id":"dem-009-033","layer_role":"hand_flood_envelope","status":"TEMPORARY","source_type":"DERIVED_APPROXIMATION","stage_index":5,"time":"2022-09-06T06:45:00+09:00","state":"parking_full","label":"Parking fully flooded","hand_m":0.0,"hand_threshold_m":0.25,"stage_fraction":1.0,"mean_elevation_m":7.32,"distance_to_primary_river_m":264.1,"stage_driver":"REPORTED_ORDER_ONLY","not_official_flood_extent":true,"not_hydraulic_simulation":true},"geometry":{"type":"Polygon","coordinates":[[[129.39833333333334,35.99166666666667],[129.39833333333334,35.9925],[129.3975,35.9925],[129.3975,35.99166666666667],[129.39833333333334,35.99166666666667]]]}},{"type":"Feature","properties":{"grid_id":"dem-009-034","layer_role":"hand_flood_envelope","status":"TEMPORARY","source_type":"DERIVED_APPROXIMATION","stage_index":5,"time":"2022-09-06T06:45:00+09:00","state":"parking_full","label":"Parking fully flooded","hand_m":0.0,"hand_threshold_m":0.25,"stage_fraction":1.0,"mean_elevation_m":9.1,"distance_to_primary_river_m":191.5,"stage_driver":"REPORTED_ORDER_ONLY","not_official_flood_extent":true,"not_hydraulic_simulation":true},"geometry":{"type":"Polygon","coordinates":[[[129.39916666666667,35.99166666666667],[129.39916666666667,35.9925],[129.39833333333334,35.9925],[129.39833333333334,35.99166666666667],[129.39916666666667,35.99166666666667]]]}},{"type":"Feature","properties":{"grid_id":"dem-009-035","layer_role":"hand_flood_envelope","status":"TEMPORARY","source_type":"DERIVED_APPROXIMATION","stage_index":5,"time":"2022-09-06T06:45:00+09:00","state":"parking_full","label":"Parking fully flooded","hand_m":0.0,"hand_threshold_m":0.25,"stage_fraction":1.0,"mean_elevation_m":9.37,"distance_to_primary_river_m":119.1,"stage_driver":"REPORTED_ORDER_ONLY","not_official_flood_extent":true,"not_hydraulic_simulation":true},"geometry":{"type":"Polygon","coordinates":[[[129.4,35.99166666666667],[129.4,35.9925],[129.39916666666667,35.9925],[129.39916666666667,35.99166666666667],[129.4,35.99166666666667]]]}},{"type":"Feature","properties":{"grid_id":"dem-009-036","layer_role":"hand_flood_envelope","status":"TEMPORARY","source_type":"DERIVED_APPROXIMATION","stage_index":5,"time":"2022-09-06T06:45:00+09:00","state":"parking_full","label":"Parking fully flooded","hand_m":0.0,"hand_threshold_m":0.25,"stage_fraction":1.0,"mean_elevation_m":7.74,"distance_to_primary_river_m":46.6,"stage_driver":"REPORTED_ORDER_ONLY","not_official_flood_extent":true,"not_hydraulic_simulation":true},"geometry":{"type":"Polygon","coordinates":[[[129.40083333333334,35.99166666666667],[129.40083333333334,35.9925],[129.4,35.9925],[129.4,35.99166666666667],[129.40083333333334,35.99166666666667]]]}},{"type":"Feature","properties":{"grid_id":"dem-009-037","layer_role":"hand_flood_envelope","status":"TEMPORARY","source_type":"DERIVED_APPROXIMATION","stage_index":5,"time":"2022-09-06T06:45:00+09:00","state":"parking_full","label":"Parking fully flooded","hand_m":0.0,"hand_threshold_m":0.25,"stage_fraction":1.0,"mean_elevation_m":4.44,"distance_to_primary_river_m":25.9,"stage_driver":"REPORTED_ORDER_ONLY","not_official_flood_extent":true,"not_hydraulic_simulation":true},"geometry":{"type":"Polygon","coordinates":[[[129.40166666666667,35.99166666666667],[129.40166666666667,35.9925],[129.40083333333334,35.9925],[129.40083333333334,35.99166666666667],[129.40166666666667,35.99166666666667]]]}},{"type":"Feature","properties":{"grid_id":"dem-009-038","layer_role":"hand_flood_envelope","status":"TEMPORARY","source_type":"DERIVED_APPROXIMATION","stage_index":5,"time":"2022-09-06T06:45:00+09:00","state":"parking_full","label":"Parking fully flooded","hand_m":0.0,"hand_threshold_m":0.25,"stage_fraction":1.0,"mean_elevation_m":10.27,"distance_to_primary_river_m":98.3,"stage_driver":"REPORTED_ORDER_ONLY","not_official_flood_extent":true,"not_hydraulic_simulation":true},"geometry":{"type":"Polygon","coordinates":[[[129.4025,35.99166666666667],[129.4025,35.9925],[129.40166666666667,35.9925],[129.40166666666667,35.99166666666667],[129.4025,35.99166666666667]]]}},{"type":"Feature","properties":{"grid_id":"dem-009-039","layer_role":"hand_flood_envelope","status":"TEMPORARY","source_type":"DERIVED_APPROXIMATION","stage_index":5,"time":"2022-09-06T06:45:00+09:00","state":"parking_full","label":"Parking fully flooded","hand_m":0.01,"hand_threshold_m":0.25,"stage_fraction":1.0,"mean_elevation_m":10.28,"distance_to_primary_river_m":170.8,"stage_driver":"REPORTED_ORDER_ONLY","not_official_flood_extent":true,"not_hydraulic_simulation":true},"geometry":{"type":"Polygon","coordinates":[[[129.40333333333334,35.99166666666667],[129.40333333333334,35.9925],[129.4025,35.9925],[129.4025,35.99166666666667],[129.40333333333334,35.99166666666667]]]}},{"type":"Feature","properties":{"grid_id":"dem-009-040","layer_role":"hand_flood_envelope","status":"TEMPORARY","source_type":"DERIVED_APPROXIMATION","stage_index":5,"time":"2022-09-06T06:45:00+09:00","state":"parking_full","label":"Parking fully flooded","hand_m":0.0,"hand_threshold_m":0.25,"stage_fraction":1.0,"mean_elevation_m":9.9,"distance_to_primary_river_m":243.3,"stage_driver":"REPORTED_ORDER_ONLY","not_official_flood_extent":true,"not_hydraulic_simulation":true},"geometry":{"type":"Polygon","coordinates":[[[129.40416666666667,35.99166666666667],[129.40416666666667,35.9925],[129.40333333333334,35.9925],[129.40333333333334,35.99166666666667],[129.40416666666667,35.99166666666667]]]}},{"type":"Feature","properties":{"grid_id":"dem-009-043","layer_role":"hand_flood_envelope","status":"TEMPORARY","source_type":"DERIVED_APPROXIMATION","stage_index":5,"time":"2022-09-06T06:45:00+09:00","state":"parking_full","label":"Parking fully flooded","hand_m":0.0,"hand_threshold_m":0.25,"stage_fraction":1.0,"mean_elevation_m":9.4,"distance_to_primary_river_m":459.7,"stage_driver":"REPORTED_ORDER_ONLY","not_official_flood_extent":true,"not_hydraulic_simulation":true},"geometry":{"type":"Polygon","coordinates":[[[129.40666666666667,35.99166666666667],[129.40666666666667,35.9925],[129.40583333333333,35.9925],[129.40583333333333,35.99166666666667],[129.40666666666667,35.99166666666667]]]}},{"type":"Feature","properties":{"grid_id":"dem-009-044","layer_role":"hand_flood_envelope","status":"TEMPORARY","source_type":"DERIVED_APPROXIMATION","stage_index":5,"time":"2022-09-06T06:45:00+09:00","state":"parking_full","label":"Parking fully flooded","hand_m":0.0,"hand_threshold_m":0.25,"stage_fraction":1.0,"mean_elevation_m":9.15,"distance_to_primary_river_m":531.5,"stage_driver":"REPORTED_ORDER_ONLY","not_official_flood_extent":true,"not_hydraulic_simulation":true},"geometry":{"type":"Polygon","coordinates":[[[129.4075,35.99166666666667],[129.4075,35.9925],[129.40666666666667,35.9925],[129.40666666666667,35.99166666666667],[129.4075,35.99166666666667]]]}},{"type":"Feature","properties":{"grid_id":"dem-010-030","layer_role":"hand_flood_envelope","status":"TEMPORARY","source_type":"DERIVED_APPROXIMATION","stage_index":5,"time":"2022-09-06T06:45:00+09:00","state":"parking_full","label":"Parking fully flooded","hand_m":0.0,"hand_threshold_m":0.25,"stage_fraction":1.0,"mean_elevation_m":14.63,"distance_to_primary_river_m":475.9,"stage_driver":"REPORTED_ORDER_ONLY","not_official_flood_extent":true,"not_hydraulic_simulation":true},"geometry":{"type":"Polygon","coordinates":[[[129.39583333333334,35.990833333333335],[129.39583333333334,35.99166666666667],[129.395,35.99166666666667],[129.395,35.990833333333335],[129.39583333333334,35.990833333333335]]]}},{"type":"Feature","properties":{"grid_id":"dem-010-031","layer_role":"hand_flood_envelope","status":"TEMPORARY","source_type":"DERIVED_APPROXIMATION","stage_index":5,"time":"2022-09-06T06:45:00+09:00","state":"parking_full","label":"Parking fully flooded","hand_m":0.0,"hand_threshold_m":0.25,"stage_fraction":1.0,"mean_elevation_m":9.27,"distance_to_primary_river_m":401.2,"stage_driver":"REPORTED_ORDER_ONLY","not_official_flood_extent":true,"not_hydraulic_simulation":true},"geometry":{"type":"Polygon","coordinates":[[[129.39666666666668,35.990833333333335],[129.39666666666668,35.99166666666667],[129.39583333333334,35.99166666666667],[129.39583333333334,35.990833333333335],[129.39666666666668,35.990833333333335]]]}},{"type":"Feature","properties":{"grid_id":"dem-010-032","layer_role":"hand_flood_envelope","status":"TEMPORARY","source_type":"DERIVED_APPROXIMATION","stage_index":5,"time":"2022-09-06T06:45:00+09:00","state":"parking_full","label":"Parking fully flooded","hand_m":0.0,"hand_threshold_m":0.25,"stage_fraction":1.0,"mean_elevation_m":8.24,"distance_to_primary_river_m":326.5,"stage_driver":"REPORTED_ORDER_ONLY","not_official_flood_extent":true,"not_hydraulic_simulation":true},"geometry":{"type":"Polygon","coordinates":[[[129.3975,35.990833333333335],[129.3975,35.99166666666667],[129.39666666666668,35.99166666666667],[129.39666666666668,35.990833333333335],[129.3975,35.990833333333335]]]}},{"type":"Feature","properties":{"grid_id":"dem-010-033","layer_role":"hand_flood_envelope","status":"TEMPORARY","source_type":"DERIVED_APPROXIMATION","stage_index":5,"time":"2022-09-06T06:45:00+09:00","state":"parking_full","label":"Parking fully flooded","hand_m":0.0,"hand_threshold_m":0.25,"stage_fraction":1.0,"mean_elevation_m":6.67,"distance_to_primary_river_m":251.8,"stage_driver":"REPORTED_ORDER_ONLY","not_official_flood_extent":true,"not_hydraulic_simulation":true},"geometry":{"type":"Polygon","coordinates":[[[129.39833333333334,35.990833333333335],[129.39833333333334,35.99166666666667],[129.3975,35.99166666666667],[129.3975,35.990833333333335],[129.39833333333334,35.990833333333335]]]}},{"type":"Feature","properties":{"grid_id":"dem-010-034","layer_role":"hand_flood_envelope","status":"TEMPORARY","source_type":"DERIVED_APPROXIMATION","stage_index":5,"time":"2022-09-06T06:45:00+09:00","state":"parking_full","label":"Parking fully flooded","hand_m":0.12,"hand_threshold_m":0.25,"stage_fraction":1.0,"mean_elevation_m":15.03,"distance_to_primary_river_m":177.1,"stage_driver":"REPORTED_ORDER_ONLY","not_official_flood_extent":true,"not_hydraulic_simulation":true},"geometry":{"type":"Polygon","coordinates":[[[129.39916666666667,35.990833333333335],[129.39916666666667,35.99166666666667],[129.39833333333334,35.99166666666667],[129.39833333333334,35.990833333333335],[129.39916666666667,35.990833333333335]]]}},{"type":"Feature","properties":{"grid_id":"dem-010-035","layer_role":"hand_flood_envelope","status":"TEMPORARY","source_type":"DERIVED_APPROXIMATION","stage_index":5,"time":"2022-09-06T06:45:00+09:00","state":"parking_full","label":"Parking fully flooded","hand_m":0.0,"hand_threshold_m":0.25,"stage_fraction":1.0,"mean_elevation_m":14.91,"distance_to_primary_river_m":102.4,"stage_driver":"REPORTED_ORDER_ONLY","not_official_flood_extent":true,"not_hydraulic_simulation":true},"geometry":{"type":"Polygon","coordinates":[[[129.4,35.990833333333335],[129.4,35.99166666666667],[129.39916666666667,35.99166666666667],[129.39916666666667,35.990833333333335],[129.4,35.990833333333335]]]}},{"type":"Feature","properties":{"grid_id":"dem-010-036","layer_role":"hand_flood_envelope","status":"TEMPORARY","source_type":"DERIVED_APPROXIMATION","stage_index":5,"time":"2022-09-06T06:45:00+09:00","state":"parking_full","label":"Parking fully flooded","hand_m":0.0,"hand_threshold_m":0.25,"stage_fraction":1.0,"mean_elevation_m":4.68,"distance_to_primary_river_m":27.8,"stage_driver":"REPORTED_ORDER_ONLY","not_official_flood_extent":true,"not_hydraulic_simulation":true},"geometry":{"type":"Polygon","coordinates":[[[129.40083333333334,35.990833333333335],[129.40083333333334,35.99166666666667],[129.4,35.99166666666667],[129.4,35.990833333333335],[129.40083333333334,35.990833333333335]]]}},{"type":"Feature","properties":{"grid_id":"dem-010-037","layer_role":"hand_flood_envelope","status":"TEMPORARY","source_type":"DERIVED_APPROXIMATION","stage_index":5,"time":"2022-09-06T06:45:00+09:00","state":"parking_full","label":"Parking fully flooded","hand_m":0.0,"hand_threshold_m":0.25,"stage_fraction":1.0,"mean_elevation_m":5.74,"distance_to_primary_river_m":46.9,"stage_driver":"REPORTED_ORDER_ONLY","not_official_flood_extent":true,"not_hydraulic_simulation":true},"geometry":{"type":"Polygon","coordinates":[[[129.40166666666667,35.990833333333335],[129.40166666666667,35.99166666666667],[129.40083333333334,35.99166666666667],[129.40083333333334,35.990833333333335],[129.40166666666667,35.990833333333335]]]}},{"type":"Feature","properties":{"grid_id":"dem-010-038","layer_role":"hand_flood_envelope","status":"TEMPORARY","source_type":"DERIVED_APPROXIMATION","stage_index":5,"time":"2022-09-06T06:45:00+09:00","state":"parking_full","label":"Parking fully flooded","hand_m":0.0,"hand_threshold_m":0.25,"stage_fraction":1.0,"mean_elevation_m":8.18,"distance_to_primary_river_m":121.6,"stage_driver":"REPORTED_ORDER_ONLY","not_official_flood_extent":true,"not_hydraulic_simulation":true},"geometry":{"type":"Polygon","coordinates":[[[129.4025,35.990833333333335],[129.4025,35.99166666666667],[129.40166666666667,35.99166666666667],[129.40166666666667,35.990833333333335],[129.4025,35.990833333333335]]]}},{"type":"Feature","properties":{"grid_id":"dem-010-044","layer_role":"hand_flood_envelope","status":"TEMPORARY","source_type":"DERIVED_APPROXIMATION","stage_index":5,"time":"2022-09-06T06:45:00+09:00","state":"parking_full","label":"Parking fully flooded","hand_m":0.0,"hand_threshold_m":0.25,"stage_fraction":1.0,"mean_elevation_m":10.06,"distance_to_primary_river_m":557.6,"stage_driver":"REPORTED_ORDER_ONLY","not_official_flood_extent":true,"not_hydraulic_simulation":true},"geometry":{"type":"Polygon","coordinates":[[[129.4075,35.990833333333335],[129.4075,35.99166666666667],[129.40666666666667,35.99166666666667],[129.40666666666667,35.990833333333335],[129.4075,35.990833333333335]]]}},{"type":"Feature","properties":{"grid_id":"dem-011-031","layer_role":"hand_flood_envelope","status":"TEMPORARY","source_type":"DERIVED_APPROXIMATION","stage_index":5,"time":"2022-09-06T06:45:00+09:00","state":"parking_full","label":"Parking fully flooded","hand_m":0.18,"hand_threshold_m":0.25,"stage_fraction":1.0,"mean_elevation_m":9.41,"distance_to_primary_river_m":397.5,"stage_driver":"REPORTED_ORDER_ONLY","not_official_flood_extent":true,"not_hydraulic_simulation":true},"geometry":{"type":"Polygon","coordinates":[[[129.39666666666668,35.99],[129.39666666666668,35.990833333333335],[129.39583333333334,35.990833333333335],[129.39583333333334,35.99],[129.39666666666668,35.99]]]}},{"type":"Feature","properties":{"grid_id":"dem-011-032","layer_role":"hand_flood_envelope","status":"TEMPORARY","source_type":"DERIVED_APPROXIMATION","stage_index":5,"time":"2022-09-06T06:45:00+09:00","state":"parking_full","label":"Parking fully flooded","hand_m":0.0,"hand_threshold_m":0.25,"stage_fraction":1.0,"mean_elevation_m":8.27,"distance_to_primary_river_m":322.6,"stage_driver":"REPORTED_ORDER_ONLY","not_official_flood_extent":true,"not_hydraulic_simulation":true},"geometry":{"type":"Polygon","coordinates":[[[129.3975,35.99],[129.3975,35.990833333333335],[129.39666666666668,35.990833333333335],[129.39666666666668,35.99],[129.3975,35.99]]]}},{"type":"Feature","properties":{"grid_id":"dem-011-033","layer_role":"hand_flood_envelope","status":"TEMPORARY","source_type":"DERIVED_APPROXIMATION","stage_index":5,"time":"2022-09-06T06:45:00+09:00","state":"parking_full","label":"Parking fully flooded","hand_m":0.0,"hand_threshold_m":0.25,"stage_fraction":1.0,"mean_elevation_m":7.41,"distance_to_primary_river_m":247.8,"stage_driver":"REPORTED_ORDER_ONLY","not_official_flood_extent":true,"not_hydraulic_simulation":true},"geometry":{"type":"Polygon","coordinates":[[[129.39833333333334,35.99],[129.39833333333334,35.990833333333335],[129.3975,35.990833333333335],[129.3975,35.99],[129.39833333333334,35.99]]]}},{"type":"Feature","properties":{"grid_id":"dem-011-034","layer_role":"hand_flood_envelope","status":"TEMPORARY","source_type":"DERIVED_APPROXIMATION","stage_index":5,"time":"2022-09-06T06:45:00+09:00","state":"parking_full","label":"Parking fully flooded","hand_m":0.0,"hand_threshold_m":0.25,"stage_fraction":1.0,"mean_elevation_m":8.54,"distance_to_primary_river_m":173.3,"stage_driver":"REPORTED_ORDER_ONLY","not_official_flood_extent":true,"not_hydraulic_simulation":true},"geometry":{"type":"Polygon","coordinates":[[[129.39916666666667,35.99],[129.39916666666667,35.990833333333335],[129.39833333333334,35.990833333333335],[129.39833333333334,35.99],[129.39916666666667,35.99]]]}},{"type":"Feature","properties":{"grid_id":"dem-011-035","layer_role":"hand_flood_envelope","status":"TEMPORARY","source_type":"DERIVED_APPROXIMATION","stage_index":5,"time":"2022-09-06T06:45:00+09:00","state":"parking_full","label":"Parking fully flooded","hand_m":0.0,"hand_threshold_m":0.25,"stage_fraction":1.0,"mean_elevation_m":9.23,"distance_to_primary_river_m":98.9,"stage_driver":"REPORTED_ORDER_ONLY","not_official_flood_extent":true,"not_hydraulic_simulation":true},"geometry":{"type":"Polygon","coordinates":[[[129.4,35.99],[129.4,35.990833333333335],[129.39916666666667,35.990833333333335],[129.39916666666667,35.99],[129.4,35.99]]]}},{"type":"Feature","properties":{"grid_id":"dem-011-036","layer_role":"hand_flood_envelope","status":"TEMPORARY","source_type":"DERIVED_APPROXIMATION","stage_index":5,"time":"2022-09-06T06:45:00+09:00","state":"parking_full","label":"Parking fully flooded","hand_m":0.0,"hand_threshold_m":0.25,"stage_fraction":1.0,"mean_elevation_m":4.81,"distance_to_primary_river_m":24.6,"stage_driver":"REPORTED_ORDER_ONLY","not_official_flood_extent":true,"not_hydraulic_simulation":true},"geometry":{"type":"Polygon","coordinates":[[[129.40083333333334,35.99],[129.40083333333334,35.990833333333335],[129.4,35.990833333333335],[129.4,35.99],[129.40083333333334,35.99]]]}},{"type":"Feature","properties":{"grid_id":"dem-011-037","layer_role":"hand_flood_envelope","status":"TEMPORARY","source_type":"DERIVED_APPROXIMATION","stage_index":5,"time":"2022-09-06T06:45:00+09:00","state":"parking_full","label":"Parking fully flooded","hand_m":0.0,"hand_threshold_m":0.25,"stage_fraction":1.0,"mean_elevation_m":6.23,"distance_to_primary_river_m":49.8,"stage_driver":"REPORTED_ORDER_ONLY","not_official_flood_extent":true,"not_hydraulic_simulation":true},"geometry":{"type":"Polygon","coordinates":[[[129.40166666666667,35.99],[129.40166666666667,35.990833333333335],[129.40083333333334,35.990833333333335],[129.40083333333334,35.99],[129.40166666666667,35.99]]]}},{"type":"Feature","properties":{"grid_id":"dem-011-038","layer_role":"hand_flood_envelope","status":"TEMPORARY","source_type":"DERIVED_APPROXIMATION","stage_index":5,"time":"2022-09-06T06:45:00+09:00","state":"parking_full","label":"Parking fully flooded","hand_m":0.0,"hand_threshold_m":0.25,"stage_fraction":1.0,"mean_elevation_m":10.04,"distance_to_primary_river_m":123.1,"stage_driver":"REPORTED_ORDER_ONLY","not_official_flood_extent":true,"not_hydraulic_simulation":true},"geometry":{"type":"Polygon","coordinates":[[[129.4025,35.99],[129.4025,35.990833333333335],[129.40166666666667,35.990833333333335],[129.40166666666667,35.99],[129.4025,35.99]]]}},{"type":"Feature","properties":{"grid_id":"dem-011-039","layer_role":"hand_flood_envelope","status":"TEMPORARY","source_type":"DERIVED_APPROXIMATION","stage_index":5,"time":"2022-09-06T06:45:00+09:00","state":"parking_full","label":"Parking fully flooded","hand_m":0.0,"hand_threshold_m":0.25,"stage_fraction":1.0,"mean_elevation_m":8.7,"distance_to_primary_river_m":189.8,"stage_driver":"REPORTED_ORDER_ONLY","not_official_flood_extent":true,"not_hydraulic_simulation":true},"geometry":{"type":"Polygon","coordinates":[[[129.40333333333334,35.99],[129.40333333333334,35.990833333333335],[129.4025,35.990833333333335],[129.4025,35.99],[129.40333333333334,35.99]]]}},{"type":"Feature","properties":{"grid_id":"dem-012-032","layer_role":"hand_flood_envelope","status":"TEMPORARY","source_type":"DERIVED_APPROXIMATION","stage_index":5,"time":"2022-09-06T06:45:00+09:00","state":"parking_full","label":"Parking fully flooded","hand_m":0.05,"hand_threshold_m":0.25,"stage_fraction":1.0,"mean_elevation_m":10.86,"distance_to_primary_river_m":335.5,"stage_driver":"REPORTED_ORDER_ONLY","not_official_flood_extent":true,"not_hydraulic_simulation":true},"geometry":{"type":"Polygon","coordinates":[[[129.3975,35.98916666666667],[129.3975,35.99],[129.39666666666668,35.99],[129.39666666666668,35.98916666666667],[129.3975,35.98916666666667]]]}},{"type":"Feature","properties":{"grid_id":"dem-012-033","layer_role":"hand_flood_envelope","status":"TEMPORARY","source_type":"DERIVED_APPROXIMATION","stage_index":5,"time":"2022-09-06T06:45:00+09:00","state":"parking_full","label":"Parking fully flooded","hand_m":0.0,"hand_threshold_m":0.25,"stage_fraction":1.0,"mean_elevation_m":10.38,"distance_to_primary_river_m":261.7,"stage_driver":"REPORTED_ORDER_ONLY","not_official_flood_extent":true,"not_hydraulic_simulation":true},"geometry":{"type":"Polygon","coordinates":[[[129.39833333333334,35.98916666666667],[129.39833333333334,35.99],[129.3975,35.99],[129.3975,35.98916666666667],[129.39833333333334,35.98916666666667]]]}},{"type":"Feature","properties":{"grid_id":"dem-012-035","layer_role":"hand_flood_envelope","status":"TEMPORARY","source_type":"DERIVED_APPROXIMATION","stage_index":5,"time":"2022-09-06T06:45:00+09:00","state":"parking_full","label":"Parking fully flooded","hand_m":0.0,"hand_threshold_m":0.25,"stage_fraction":1.0,"mean_elevation_m":10.81,"distance_to_primary_river_m":119.6,"stage_driver":"REPORTED_ORDER_ONLY","not_official_flood_extent":true,"not_hydraulic_simulation":true},"geometry":{"type":"Polygon","coordinates":[[[129.4,35.98916666666667],[129.4,35.99],[129.39916666666667,35.99],[129.39916666666667,35.98916666666667],[129.4,35.98916666666667]]]}},{"type":"Feature","properties":{"grid_id":"dem-012-036","layer_role":"hand_flood_envelope","status":"TEMPORARY","source_type":"DERIVED_APPROXIMATION","stage_index":5,"time":"2022-09-06T06:45:00+09:00","state":"parking_full","label":"Parking fully flooded","hand_m":0.0,"hand_threshold_m":0.25,"stage_fraction":1.0,"mean_elevation_m":6.47,"distance_to_primary_river_m":52.9,"stage_driver":"REPORTED_ORDER_ONLY","not_official_flood_extent":true,"not_hydraulic_simulation":true},"geometry":{"type":"Polygon","coordinates":[[[129.40083333333334,35.98916666666667],[129.40083333333334,35.99],[129.4,35.99],[129.4,35.98916666666667],[129.40083333333334,35.98916666666667]]]}},{"type":"Feature","properties":{"grid_id":"dem-012-037","layer_role":"hand_flood_envelope","status":"TEMPORARY","source_type":"DERIVED_APPROXIMATION","stage_index":5,"time":"2022-09-06T06:45:00+09:00","state":"parking_full","label":"Parking fully flooded","hand_m":0.0,"hand_threshold_m":0.25,"stage_fraction":1.0,"mean_elevation_m":4.42,"distance_to_primary_river_m":13.8,"stage_driver":"REPORTED_ORDER_ONLY","not_official_flood_extent":true,"not_hydraulic_simulation":true},"geometry":{"type":"Polygon","coordinates":[[[129.40166666666667,35.98916666666667],[129.40166666666667,35.99],[129.40083333333334,35.99],[129.40083333333334,35.98916666666667],[129.40166666666667,35.98916666666667]]]}},{"type":"Feature","properties":{"grid_id":"dem-012-038","layer_role":"hand_flood_envelope","status":"TEMPORARY","source_type":"DERIVED_APPROXIMATION","stage_index":5,"time":"2022-09-06T06:45:00+09:00","state":"parking_full","label":"Parking fully flooded","hand_m":0.0,"hand_threshold_m":0.25,"stage_fraction":1.0,"mean_elevation_m":10.62,"distance_to_primary_river_m":80.5,"stage_driver":"REPORTED_ORDER_ONLY","not_official_flood_extent":true,"not_hydraulic_simulation":true},"geometry":{"type":"Polygon","coordinates":[[[129.4025,35.98916666666667],[129.4025,35.99],[129.40166666666667,35.99],[129.40166666666667,35.98916666666667],[129.4025,35.98916666666667]]]}},{"type":"Feature","properties":{"grid_id":"dem-012-039","layer_role":"hand_flood_envelope","status":"TEMPORARY","source_type":"DERIVED_APPROXIMATION","stage_index":5,"time":"2022-09-06T06:45:00+09:00","state":"parking_full","label":"Parking fully flooded","hand_m":0.0,"hand_threshold_m":0.25,"stage_fraction":1.0,"mean_elevation_m":8.39,"distance_to_primary_river_m":147.6,"stage_driver":"REPORTED_ORDER_ONLY","not_official_flood_extent":true,"not_hydraulic_simulation":true},"geometry":{"type":"Polygon","coordinates":[[[129.40333333333334,35.98916666666667],[129.40333333333334,35.99],[129.4025,35.99],[129.4025,35.98916666666667],[129.40333333333334,35.98916666666667]]]}},{"type":"Feature","properties":{"grid_id":"dem-012-040","layer_role":"hand_flood_envelope","status":"TEMPORARY","source_type":"DERIVED_APPROXIMATION","stage_index":5,"time":"2022-09-06T06:45:00+09:00","state":"parking_full","label":"Parking fully flooded","hand_m":0.0,"hand_threshold_m":0.25,"stage_fraction":1.0,"mean_elevation_m":8.07,"distance_to_primary_river_m":214.8,"stage_driver":"REPORTED_ORDER_ONLY","not_official_flood_extent":true,"not_hydraulic_simulation":true},"geometry":{"type":"Polygon","coordinates":[[[129.40416666666667,35.98916666666667],[129.40416666666667,35.99],[129.40333333333334,35.99],[129.40333333333334,35.98916666666667],[129.40416666666667,35.98916666666667]]]}},{"type":"Feature","properties":{"grid_id":"dem-013-031","layer_role":"hand_flood_envelope","status":"TEMPORARY","source_type":"DERIVED_APPROXIMATION","stage_index":5,"time":"2022-09-06T06:45:00+09:00","state":"parking_full","label":"Parking fully flooded","hand_m":0.0,"hand_threshold_m":0.25,"stage_fraction":1.0,"mean_elevation_m":10.44,"distance_to_primary_river_m":432.4,"stage_driver":"REPORTED_ORDER_ONLY","not_official_flood_extent":true,"not_hydraulic_simulation":true},"geometry":{"type":"Polygon","coordinates":[[[129.39666666666668,35.98833333333334],[129.39666666666668,35.98916666666667],[129.39583333333334,35.98916666666667],[129.39583333333334,35.98833333333334],[129.39666666666668,35.98833333333334]]]}},{"type":"Feature","properties":{"grid_id":"dem-013-032","layer_role":"hand_flood_envelope","status":"TEMPORARY","source_type":"DERIVED_APPROXIMATION","stage_index":5,"time":"2022-09-06T06:45:00+09:00","state":"parking_full","label":"Parking fully flooded","hand_m":0.0,"hand_threshold_m":0.25,"stage_fraction":1.0,"mean_elevation_m":10.55,"distance_to_primary_river_m":362.9,"stage_driver":"REPORTED_ORDER_ONLY","not_official_flood_extent":true,"not_hydraulic_simulation":true},"geometry":{"type":"Polygon","coordinates":[[[129.3975,35.98833333333334],[129.3975,35.98916666666667],[129.39666666666668,35.98916666666667],[129.39666666666668,35.98833333333334],[129.3975,35.98833333333334]]]}},{"type":"Feature","properties":{"grid_id":"dem-013-036","layer_role":"hand_flood_envelope","status":"TEMPORARY","source_type":"DERIVED_APPROXIMATION","stage_index":5,"time":"2022-09-06T06:45:00+09:00","state":"parking_full","label":"Parking fully flooded","hand_m":0.0,"hand_threshold_m":0.25,"stage_fraction":1.0,"mean_elevation_m":8.2,"distance_to_primary_river_m":95.4,"stage_driver":"REPORTED_ORDER_ONLY","not_official_flood_extent":true,"not_hydraulic_simulation":true},"geometry":{"type":"Polygon","coordinates":[[[129.40083333333334,35.98833333333334],[129.40083333333334,35.98916666666667],[129.4,35.98916666666667],[129.4,35.98833333333334],[129.40083333333334,35.98833333333334]]]}},{"type":"Feature","properties":{"grid_id":"dem-013-037","layer_role":"hand_flood_envelope","status":"TEMPORARY","source_type":"DERIVED_APPROXIMATION","stage_index":5,"time":"2022-09-06T06:45:00+09:00","state":"parking_full","label":"Parking fully flooded","hand_m":0.0,"hand_threshold_m":0.25,"stage_fraction":1.0,"mean_elevation_m":4.88,"distance_to_primary_river_m":28.2,"stage_driver":"REPORTED_ORDER_ONLY","not_official_flood_extent":true,"not_hydraulic_simulation":true},"geometry":{"type":"Polygon","coordinates":[[[129.40166666666667,35.98833333333334],[129.40166666666667,35.98916666666667],[129.40083333333334,35.98916666666667],[129.40083333333334,35.98833333333334],[129.40166666666667,35.98833333333334]]]}},{"type":"Feature","properties":{"grid_id":"dem-013-038","layer_role":"hand_flood_envelope","status":"TEMPORARY","source_type":"DERIVED_APPROXIMATION","stage_index":5,"time":"2022-09-06T06:45:00+09:00","state":"parking_full","label":"Parking fully flooded","hand_m":0.0,"hand_threshold_m":0.25,"stage_fraction":1.0,"mean_elevation_m":6.89,"distance_to_primary_river_m":39.0,"stage_driver":"REPORTED_ORDER_ONLY","not_official_flood_extent":true,"not_hydraulic_simulation":true},"geometry":{"type":"Polygon","coordinates":[[[129.4025,35.98833333333334],[129.4025,35.98916666666667],[129.40166666666667,35.98916666666667],[129.40166666666667,35.98833333333334],[129.4025,35.98833333333334]]]}},{"type":"Feature","properties":{"grid_id":"dem-013-039","layer_role":"hand_flood_envelope","status":"TEMPORARY","source_type":"DERIVED_APPROXIMATION","stage_index":5,"time":"2022-09-06T06:45:00+09:00","state":"parking_full","label":"Parking fully flooded","hand_m":0.0,"hand_threshold_m":0.25,"stage_fraction":1.0,"mean_elevation_m":9.21,"distance_to_primary_river_m":106.2,"stage_driver":"REPORTED_ORDER_ONLY","not_official_flood_extent":true,"not_hydraulic_simulation":true},"geometry":{"type":"Polygon","coordinates":[[[129.40333333333334,35.98833333333334],[129.40333333333334,35.98916666666667],[129.4025,35.98916666666667],[129.4025,35.98833333333334],[129.40333333333334,35.98833333333334]]]}},{"type":"Feature","properties":{"grid_id":"dem-013-040","layer_role":"hand_flood_envelope","status":"TEMPORARY","source_type":"DERIVED_APPROXIMATION","stage_index":5,"time":"2022-09-06T06:45:00+09:00","state":"parking_full","label":"Parking fully flooded","hand_m":0.0,"hand_threshold_m":0.25,"stage_fraction":1.0,"mean_elevation_m":9.15,"distance_to_primary_river_m":173.4,"stage_driver":"REPORTED_ORDER_ONLY","not_official_flood_extent":true,"not_hydraulic_simulation":true},"geometry":{"type":"Polygon","coordinates":[[[129.40416666666667,35.98833333333334],[129.40416666666667,35.98916666666667],[129.40333333333334,35.98916666666667],[129.40333333333334,35.98833333333334],[129.40416666666667,35.98833333333334]]]}},{"type":"Feature","properties":{"grid_id":"dem-013-041","layer_role":"hand_flood_envelope","status":"TEMPORARY","source_type":"DERIVED_APPROXIMATION","stage_index":5,"time":"2022-09-06T06:45:00+09:00","state":"parking_full","label":"Parking fully flooded","hand_m":0.0,"hand_threshold_m":0.25,"stage_fraction":1.0,"mean_elevation_m":9.87,"distance_to_primary_river_m":240.6,"stage_driver":"REPORTED_ORDER_ONLY","not_official_flood_extent":true,"not_hydraulic_simulation":true},"geometry":{"type":"Polygon","coordinates":[[[129.405,35.98833333333334],[129.405,35.98916666666667],[129.40416666666667,35.98916666666667],[129.40416666666667,35.98833333333334],[129.405,35.98833333333334]]]}},{"type":"Feature","properties":{"grid_id":"dem-013-042","layer_role":"hand_flood_envelope","status":"TEMPORARY","source_type":"DERIVED_APPROXIMATION","stage_index":5,"time":"2022-09-06T06:45:00+09:00","state":"parking_full","label":"Parking fully flooded","hand_m":0.0,"hand_threshold_m":0.25,"stage_fraction":1.0,"mean_elevation_m":9.81,"distance_to_primary_river_m":308.0,"stage_driver":"REPORTED_ORDER_ONLY","not_official_flood_extent":true,"not_hydraulic_simulation":true},"geometry":{"type":"Polygon","coordinates":[[[129.40583333333333,35.98833333333334],[129.40583333333333,35.98916666666667],[129.405,35.98916666666667],[129.405,35.98833333333334],[129.40583333333333,35.98833333333334]]]}},{"type":"Feature","properties":{"grid_id":"dem-014-032","layer_role":"hand_flood_envelope","status":"TEMPORARY","source_type":"DERIVED_APPROXIMATION","stage_index":5,"time":"2022-09-06T06:45:00+09:00","state":"parking_full","label":"Parking fully flooded","hand_m":0.0,"hand_threshold_m":0.25,"stage_fraction":1.0,"mean_elevation_m":10.24,"distance_to_primary_river_m":404.9,"stage_driver":"REPORTED_ORDER_ONLY","not_official_flood_extent":true,"not_hydraulic_simulation":true},"geometry":{"type":"Polygon","coordinates":[[[129.3975,35.987500000000004],[129.3975,35.98833333333334],[129.39666666666668,35.98833333333334],[129.39666666666668,35.987500000000004],[129.3975,35.987500000000004]]]}},{"type":"Feature","properties":{"grid_id":"dem-014-036","layer_role":"hand_flood_envelope","status":"TEMPORARY","source_type":"DERIVED_APPROXIMATION","stage_index":5,"time":"2022-09-06T06:45:00+09:00","state":"parking_full","label":"Parking fully flooded","hand_m":0.0,"hand_threshold_m":0.25,"stage_fraction":1.0,"mean_elevation_m":9.35,"distance_to_primary_river_m":136.8,"stage_driver":"REPORTED_ORDER_ONLY","not_official_flood_extent":true,"not_hydraulic_simulation":true},"geometry":{"type":"Polygon","coordinates":[[[129.40083333333334,35.987500000000004],[129.40083333333334,35.98833333333334],[129.4,35.98833333333334],[129.4,35.987500000000004],[129.40083333333334,35.987500000000004]]]}},{"type":"Feature","properties":{"grid_id":"dem-014-037","layer_role":"hand_flood_envelope","status":"TEMPORARY","source_type":"DERIVED_APPROXIMATION","stage_index":5,"time":"2022-09-06T06:45:00+09:00","state":"parking_full","label":"Parking fully flooded","hand_m":0.0,"hand_threshold_m":0.25,"stage_fraction":1.0,"mean_elevation_m":6.34,"distance_to_primary_river_m":69.6,"stage_driver":"REPORTED_ORDER_ONLY","not_official_flood_extent":true,"not_hydraulic_simulation":true},"geometry":{"type":"Polygon","coordinates":[[[129.40166666666667,35.987500000000004],[129.40166666666667,35.98833333333334],[129.40083333333334,35.98833333333334],[129.40083333333334,35.987500000000004],[129.40166666666667,35.987500000000004]]]}},{"type":"Feature","properties":{"grid_id":"dem-014-038","layer_role":"hand_flood_envelope","status":"TEMPORARY","source_type":"DERIVED_APPROXIMATION","stage_index":5,"time":"2022-09-06T06:45:00+09:00","state":"parking_full","label":"Parking fully flooded","hand_m":0.0,"hand_threshold_m":0.25,"stage_fraction":1.0,"mean_elevation_m":4.74,"distance_to_primary_river_m":2.4,"stage_driver":"REPORTED_ORDER_ONLY","not_official_flood_extent":true,"not_hydraulic_simulation":true},"geometry":{"type":"Polygon","coordinates":[[[129.4025,35.987500000000004],[129.4025,35.98833333333334],[129.40166666666667,35.98833333333334],[129.40166666666667,35.987500000000004],[129.4025,35.987500000000004]]]}},{"type":"Feature","properties":{"grid_id":"dem-014-039","layer_role":"hand_flood_envelope","status":"TEMPORARY","source_type":"DERIVED_APPROXIMATION","stage_index":5,"time":"2022-09-06T06:45:00+09:00","state":"parking_full","label":"Parking fully flooded","hand_m":0.0,"hand_threshold_m":0.25,"stage_fraction":1.0,"mean_elevation_m":10.74,"distance_to_primary_river_m":64.8,"stage_driver":"REPORTED_ORDER_ONLY","not_official_flood_extent":true,"not_hydraulic_simulation":true},"geometry":{"type":"Polygon","coordinates":[[[129.40333333333334,35.987500000000004],[129.40333333333334,35.98833333333334],[129.4025,35.98833333333334],[129.4025,35.987500000000004],[129.40333333333334,35.987500000000004]]]}},{"type":"Feature","properties":{"grid_id":"dem-014-040","layer_role":"hand_flood_envelope","status":"TEMPORARY","source_type":"DERIVED_APPROXIMATION","stage_index":5,"time":"2022-09-06T06:45:00+09:00","state":"parking_full","label":"Parking fully flooded","hand_m":0.0,"hand_threshold_m":0.25,"stage_fraction":1.0,"mean_elevation_m":10.52,"distance_to_primary_river_m":133.2,"stage_driver":"REPORTED_ORDER_ONLY","not_official_flood_extent":true,"not_hydraulic_simulation":true},"geometry":{"type":"Polygon","coordinates":[[[129.40416666666667,35.987500000000004],[129.40416666666667,35.98833333333334],[129.40333333333334,35.98833333333334],[129.40333333333334,35.987500000000004],[129.40416666666667,35.987500000000004]]]}},{"type":"Feature","properties":{"grid_id":"dem-014-041","layer_role":"hand_flood_envelope","status":"TEMPORARY","source_type":"DERIVED_APPROXIMATION","stage_index":5,"time":"2022-09-06T06:45:00+09:00","state":"parking_full","label":"Parking fully flooded","hand_m":0.0,"hand_threshold_m":0.25,"stage_fraction":1.0,"mean_elevation_m":9.73,"distance_to_primary_river_m":202.2,"stage_driver":"REPORTED_ORDER_ONLY","not_official_flood_extent":true,"not_hydraulic_simulation":true},"geometry":{"type":"Polygon","coordinates":[[[129.405,35.987500000000004],[129.405,35.98833333333334],[129.40416666666667,35.98833333333334],[129.40416666666667,35.987500000000004],[129.405,35.987500000000004]]]}},{"type":"Feature","properties":{"grid_id":"dem-014-042","layer_role":"hand_flood_envelope","status":"TEMPORARY","source_type":"DERIVED_APPROXIMATION","stage_index":5,"time":"2022-09-06T06:45:00+09:00","state":"parking_full","label":"Parking fully flooded","hand_m":0.0,"hand_threshold_m":0.25,"stage_fraction":1.0,"mean_elevation_m":9.79,"distance_to_primary_river_m":271.2,"stage_driver":"REPORTED_ORDER_ONLY","not_official_flood_extent":true,"not_hydraulic_simulation":true},"geometry":{"type":"Polygon","coordinates":[[[129.40583333333333,35.987500000000004],[129.40583333333333,35.98833333333334],[129.405,35.98833333333334],[129.405,35.987500000000004],[129.40583333333333,35.987500000000004]]]}},{"type":"Feature","properties":{"grid_id":"dem-015-034","layer_role":"hand_flood_envelope","status":"TEMPORARY","source_type":"DERIVED_APPROXIMATION","stage_index":5,"time":"2022-09-06T06:45:00+09:00","state":"parking_full","label":"Parking fully flooded","hand_m":0.0,"hand_threshold_m":0.25,"stage_fraction":1.0,"mean_elevation_m":8.93,"distance_to_primary_river_m":312.6,"stage_driver":"REPORTED_ORDER_ONLY","not_official_flood_extent":true,"not_hydraulic_simulation":true},"geometry":{"type":"Polygon","coordinates":[[[129.39916666666667,35.986666666666665],[129.39916666666667,35.987500000000004],[129.39833333333334,35.987500000000004],[129.39833333333334,35.986666666666665],[129.39916666666667,35.986666666666665]]]}},{"type":"Feature","properties":{"grid_id":"dem-015-035","layer_role":"hand_flood_envelope","status":"TEMPORARY","source_type":"DERIVED_APPROXIMATION","stage_index":5,"time":"2022-09-06T06:45:00+09:00","state":"parking_full","label":"Parking fully flooded","hand_m":0.0,"hand_threshold_m":0.25,"stage_fraction":1.0,"mean_elevation_m":8.96,"distance_to_primary_river_m":245.4,"stage_driver":"REPORTED_ORDER_ONLY","not_official_flood_extent":true,"not_hydraulic_simulation":true},"geometry":{"type":"Polygon","coordinates":[[[129.4,35.986666666666665],[129.4,35.987500000000004],[129.39916666666667,35.987500000000004],[129.39916666666667,35.986666666666665],[129.4,35.986666666666665]]]}},{"type":"Feature","properties":{"grid_id":"dem-015-037","layer_role":"hand_flood_envelope","status":"TEMPORARY","source_type":"DERIVED_APPROXIMATION","stage_index":5,"time":"2022-09-06T06:45:00+09:00","state":"parking_full","label":"Parking fully flooded","hand_m":0.0,"hand_threshold_m":0.25,"stage_fraction":1.0,"mean_elevation_m":7.68,"distance_to_primary_river_m":110.4,"stage_driver":"REPORTED_ORDER_ONLY","not_official_flood_extent":true,"not_hydraulic_simulation":true},"geometry":{"type":"Polygon","coordinates":[[[129.40166666666667,35.986666666666665],[129.40166666666667,35.987500000000004],[129.40083333333334,35.987500000000004],[129.40083333333334,35.986666666666665],[129.40166666666667,35.986666666666665]]]}},{"type":"Feature","properties":{"grid_id":"dem-015-038","layer_role":"hand_flood_envelope","status":"TEMPORARY","source_type":"DERIVED_APPROXIMATION","stage_index":5,"time":"2022-09-06T06:45:00+09:00","state":"parking_full","label":"Parking fully flooded","hand_m":0.0,"hand_threshold_m":0.25,"stage_fraction":1.0,"mean_elevation_m":5.77,"distance_to_primary_river_m":41.4,"stage_driver":"REPORTED_ORDER_ONLY","not_official_flood_extent":true,"not_hydraulic_simulation":true},"geometry":{"type":"Polygon","coordinates":[[[129.4025,35.986666666666665],[129.4025,35.987500000000004],[129.40166666666667,35.987500000000004],[129.40166666666667,35.986666666666665],[129.4025,35.986666666666665]]]}},{"type":"Feature","properties":{"grid_id":"dem-015-039","layer_role":"hand_flood_envelope","status":"TEMPORARY","source_type":"DERIVED_APPROXIMATION","stage_index":5,"time":"2022-09-06T06:45:00+09:00","state":"parking_full","label":"Parking fully flooded","hand_m":0.0,"hand_threshold_m":0.25,"stage_fraction":1.0,"mean_elevation_m":6.2,"distance_to_primary_river_m":27.5,"stage_driver":"REPORTED_ORDER_ONLY","not_official_flood_extent":true,"not_hydraulic_simulation":true},"geometry":{"type":"Polygon","coordinates":[[[129.40333333333334,35.986666666666665],[129.40333333333334,35.987500000000004],[129.4025,35.987500000000004],[129.4025,35.986666666666665],[129.40333333333334,35.986666666666665]]]}},{"type":"Feature","properties":{"grid_id":"dem-015-040","layer_role":"hand_flood_envelope","status":"TEMPORARY","source_type":"DERIVED_APPROXIMATION","stage_index":5,"time":"2022-09-06T06:45:00+09:00","state":"parking_full","label":"Parking fully flooded","hand_m":0.0,"hand_threshold_m":0.25,"stage_fraction":1.0,"mean_elevation_m":10.31,"distance_to_primary_river_m":96.5,"stage_driver":"REPORTED_ORDER_ONLY","not_official_flood_extent":true,"not_hydraulic_simulation":true},"geometry":{"type":"Polygon","coordinates":[[[129.40416666666667,35.986666666666665],[129.40416666666667,35.987500000000004],[129.40333333333334,35.987500000000004],[129.40333333333334,35.986666666666665],[129.40416666666667,35.986666666666665]]]}},{"type":"Feature","properties":{"grid_id":"dem-015-041","layer_role":"hand_flood_envelope","status":"TEMPORARY","source_type":"DERIVED_APPROXIMATION","stage_index":5,"time":"2022-09-06T06:45:00+09:00","state":"parking_full","label":"Parking fully flooded","hand_m":0.0,"hand_threshold_m":0.25,"stage_fraction":1.0,"mean_elevation_m":10.2,"distance_to_primary_river_m":165.4,"stage_driver":"REPORTED_ORDER_ONLY","not_official_flood_extent":true,"not_hydraulic_simulation":true},"geometry":{"type":"Polygon","coordinates":[[[129.405,35.986666666666665],[129.405,35.987500000000004],[129.40416666666667,35.987500000000004],[129.40416666666667,35.986666666666665],[129.405,35.986666666666665]]]}},{"type":"Feature","properties":{"grid_id":"dem-015-042","layer_role":"hand_flood_envelope","status":"TEMPORARY","source_type":"DERIVED_APPROXIMATION","stage_index":5,"time":"2022-09-06T06:45:00+09:00","state":"parking_full","label":"Parking fully flooded","hand_m":0.0,"hand_threshold_m":0.25,"stage_fraction":1.0,"mean_elevation_m":9.68,"distance_to_primary_river_m":234.4,"stage_driver":"REPORTED_ORDER_ONLY","not_official_flood_extent":true,"not_hydraulic_simulation":true},"geometry":{"type":"Polygon","coordinates":[[[129.40583333333333,35.986666666666665],[129.40583333333333,35.987500000000004],[129.405,35.987500000000004],[129.405,35.986666666666665],[129.40583333333333,35.986666666666665]]]}},{"type":"Feature","properties":{"grid_id":"dem-016-034","layer_role":"hand_flood_envelope","status":"TEMPORARY","source_type":"DERIVED_APPROXIMATION","stage_index":5,"time":"2022-09-06T06:45:00+09:00","state":"parking_full","label":"Parking fully flooded","hand_m":0.0,"hand_threshold_m":0.25,"stage_fraction":1.0,"mean_elevation_m":8.71,"distance_to_primary_river_m":354.0,"stage_driver":"REPORTED_ORDER_ONLY","not_official_flood_extent":true,"not_hydraulic_simulation":true},"geometry":{"type":"Polygon","coordinates":[[[129.39916666666667,35.98583333333333],[129.39916666666667,35.986666666666665],[129.39833333333334,35.986666666666665],[129.39833333333334,35.98583333333333],[129.39916666666667,35.98583333333333]]]}},{"type":"Feature","properties":{"grid_id":"dem-016-035","layer_role":"hand_flood_envelope","status":"TEMPORARY","source_type":"DERIVED_APPROXIMATION","stage_index":5,"time":"2022-09-06T06:45:00+09:00","state":"parking_full","label":"Parking fully flooded","hand_m":0.0,"hand_threshold_m":0.25,"stage_fraction":1.0,"mean_elevation_m":8.51,"distance_to_primary_river_m":285.0,"stage_driver":"REPORTED_ORDER_ONLY","not_official_flood_extent":true,"not_hydraulic_simulation":true},"geometry":{"type":"Polygon","coordinates":[[[129.4,35.98583333333333],[129.4,35.986666666666665],[129.39916666666667,35.986666666666665],[129.39916666666667,35.98583333333333],[129.4,35.98583333333333]]]}},{"type":"Feature","properties":{"grid_id":"dem-016-036","layer_role":"hand_flood_envelope","status":"TEMPORARY","source_type":"DERIVED_APPROXIMATION","stage_index":5,"time":"2022-09-06T06:45:00+09:00","state":"parking_full","label":"Parking fully flooded","hand_m":0.0,"hand_threshold_m":0.25,"stage_fraction":1.0,"mean_elevation_m":8.82,"distance_to_primary_river_m":216.1,"stage_driver":"REPORTED_ORDER_ONLY","not_official_flood_extent":true,"not_hydraulic_simulation":true},"geometry":{"type":"Polygon","coordinates":[[[129.40083333333334,35.98583333333333],[129.40083333333334,35.986666666666665],[129.4,35.986666666666665],[129.4,35.98583333333333],[129.40083333333334,35.98583333333333]]]}},{"type":"Feature","properties":{"grid_id":"dem-016-037","layer_role":"hand_flood_envelope","status":"TEMPORARY","source_type":"DERIVED_APPROXIMATION","stage_index":5,"time":"2022-09-06T06:45:00+09:00","state":"parking_full","label":"Parking fully flooded","hand_m":0.0,"hand_threshold_m":0.25,"stage_fraction":1.0,"mean_elevation_m":10.51,"distance_to_primary_river_m":147.1,"stage_driver":"REPORTED_ORDER_ONLY","not_official_flood_extent":true,"not_hydraulic_simulation":true},"geometry":{"type":"Polygon","coordinates":[[[129.40166666666667,35.98583333333333],[129.40166666666667,35.986666666666665],[129.40083333333334,35.986666666666665],[129.40083333333334,35.98583333333333],[129.40166666666667,35.98583333333333]]]}},{"type":"Feature","properties":{"grid_id":"dem-016-038","layer_role":"hand_flood_envelope","status":"TEMPORARY","source_type":"DERIVED_APPROXIMATION","stage_index":5,"time":"2022-09-06T06:45:00+09:00","state":"parking_full","label":"Parking fully flooded","hand_m":0.0,"hand_threshold_m":0.25,"stage_fraction":1.0,"mean_elevation_m":6.95,"distance_to_primary_river_m":78.2,"stage_driver":"REPORTED_ORDER_ONLY","not_official_flood_extent":true,"not_hydraulic_simulation":true},"geometry":{"type":"Polygon","coordinates":[[[129.4025,35.98583333333333],[129.4025,35.986666666666665],[129.40166666666667,35.986666666666665],[129.40166666666667,35.98583333333333],[129.4025,35.98583333333333]]]}},{"type":"Feature","properties":{"grid_id":"dem-016-039","layer_role":"hand_flood_envelope","status":"TEMPORARY","source_type":"DERIVED_APPROXIMATION","stage_index":5,"time":"2022-09-06T06:45:00+09:00","state":"parking_full","label":"Parking fully flooded","hand_m":0.0,"hand_threshold_m":0.25,"stage_fraction":1.0,"mean_elevation_m":5.66,"distance_to_primary_river_m":9.2,"stage_driver":"REPORTED_ORDER_ONLY","not_official_flood_extent":true,"not_hydraulic_simulation":true},"geometry":{"type":"Polygon","coordinates":[[[129.40333333333334,35.98583333333333],[129.40333333333334,35.986666666666665],[129.4025,35.986666666666665],[129.4025,35.98583333333333],[129.40333333333334,35.98583333333333]]]}},{"type":"Feature","properties":{"grid_id":"dem-016-040","layer_role":"hand_flood_envelope","status":"TEMPORARY","source_type":"DERIVED_APPROXIMATION","stage_index":5,"time":"2022-09-06T06:45:00+09:00","state":"parking_full","label":"Parking fully flooded","hand_m":0.0,"hand_threshold_m":0.25,"stage_fraction":1.0,"mean_elevation_m":9.02,"distance_to_primary_river_m":59.7,"stage_driver":"REPORTED_ORDER_ONLY","not_official_flood_extent":true,"not_hydraulic_simulation":true},"geometry":{"type":"Polygon","coordinates":[[[129.40416666666667,35.98583333333333],[129.40416666666667,35.986666666666665],[129.40333333333334,35.986666666666665],[129.40333333333334,35.98583333333333],[129.40416666666667,35.98583333333333]]]}},{"type":"Feature","properties":{"grid_id":"dem-016-041","layer_role":"hand_flood_envelope","status":"TEMPORARY","source_type":"DERIVED_APPROXIMATION","stage_index":5,"time":"2022-09-06T06:45:00+09:00","state":"parking_full","label":"Parking fully flooded","hand_m":0.0,"hand_threshold_m":0.25,"stage_fraction":1.0,"mean_elevation_m":11.66,"distance_to_primary_river_m":129.1,"stage_driver":"REPORTED_ORDER_ONLY","not_official_flood_extent":true,"not_hydraulic_simulation":true},"geometry":{"type":"Polygon","coordinates":[[[129.405,35.98583333333333],[129.405,35.986666666666665],[129.40416666666667,35.986666666666665],[129.40416666666667,35.98583333333333],[129.405,35.98583333333333]]]}},{"type":"Feature","properties":{"grid_id":"dem-016-042","layer_role":"hand_flood_envelope","status":"TEMPORARY","source_type":"DERIVED_APPROXIMATION","stage_index":5,"time":"2022-09-06T06:45:00+09:00","state":"parking_full","label":"Parking fully flooded","hand_m":0.0,"hand_threshold_m":0.25,"stage_fraction":1.0,"mean_elevation_m":10.67,"distance_to_primary_river_m":198.7,"stage_driver":"REPORTED_ORDER_ONLY","not_official_flood_extent":true,"not_hydraulic_simulation":true},"geometry":{"type":"Polygon","coordinates":[[[129.40583333333333,35.98583333333333],[129.40583333333333,35.986666666666665],[129.405,35.986666666666665],[129.405,35.98583333333333],[129.40583333333333,35.98583333333333]]]}},{"type":"Feature","properties":{"grid_id":"dem-017-036","layer_role":"hand_flood_envelope","status":"TEMPORARY","source_type":"DERIVED_APPROXIMATION","stage_index":5,"time":"2022-09-06T06:45:00+09:00","state":"parking_full","label":"Parking fully flooded","hand_m":0.0,"hand_threshold_m":0.25,"stage_fraction":1.0,"mean_elevation_m":10.19,"distance_to_primary_river_m":252.8,"stage_driver":"REPORTED_ORDER_ONLY","not_official_flood_extent":true,"not_hydraulic_simulation":true},"geometry":{"type":"Polygon","coordinates":[[[129.40083333333334,35.985],[129.40083333333334,35.98583333333333],[129.4,35.98583333333333],[129.4,35.985],[129.40083333333334,35.985]]]}},{"type":"Feature","properties":{"grid_id":"dem-017-038","layer_role":"hand_flood_envelope","status":"TEMPORARY","source_type":"DERIVED_APPROXIMATION","stage_index":5,"time":"2022-09-06T06:45:00+09:00","state":"parking_full","label":"Parking fully flooded","hand_m":0.0,"hand_threshold_m":0.25,"stage_fraction":1.0,"mean_elevation_m":10.78,"distance_to_primary_river_m":114.5,"stage_driver":"REPORTED_ORDER_ONLY","not_official_flood_extent":true,"not_hydraulic_simulation":true},"geometry":{"type":"Polygon","coordinates":[[[129.4025,35.985],[129.4025,35.98583333333333],[129.40166666666667,35.98583333333333],[129.40166666666667,35.985],[129.4025,35.985]]]}},{"type":"Feature","properties":{"grid_id":"dem-017-039","layer_role":"hand_flood_envelope","status":"TEMPORARY","source_type":"DERIVED_APPROXIMATION","stage_index":5,"time":"2022-09-06T06:45:00+09:00","state":"parking_full","label":"Parking fully flooded","hand_m":0.0,"hand_threshold_m":0.25,"stage_fraction":1.0,"mean_elevation_m":7.82,"distance_to_primary_river_m":45.0,"stage_driver":"REPORTED_ORDER_ONLY","not_official_flood_extent":true,"not_hydraulic_simulation":true},"geometry":{"type":"Polygon","coordinates":[[[129.40333333333334,35.985],[129.40333333333334,35.98583333333333],[129.4025,35.98583333333333],[129.4025,35.985],[129.40333333333334,35.985]]]}},{"type":"Feature","properties":{"grid_id":"dem-000-042","layer_role":"hand_flood_envelope","status":"TEMPORARY","source_type":"DERIVED_APPROXIMATION","stage_index":6,"time":"2022-09-06T07:00:00+09:00","state":"plant_outage","label":"POSCO power and water cut","hand_m":0.0,"hand_threshold_m":0.25,"stage_fraction":1.0,"mean_elevation_m":7.18,"distance_to_primary_river_m":112.8,"stage_driver":"REPORTED_ORDER_ONLY","not_official_flood_extent":true,"not_hydraulic_simulation":true},"geometry":{"type":"Polygon","coordinates":[[[129.40583333333333,35.99916666666667],[129.40583333333333,36.0],[129.405,36.0],[129.405,35.99916666666667],[129.40583333333333,35.99916666666667]]]}},{"type":"Feature","properties":{"grid_id":"dem-000-043","layer_role":"hand_flood_envelope","status":"TEMPORARY","source_type":"DERIVED_APPROXIMATION","stage_index":6,"time":"2022-09-06T07:00:00+09:00","state":"plant_outage","label":"POSCO power and water cut","hand_m":0.0,"hand_threshold_m":0.25,"stage_fraction":1.0,"mean_elevation_m":5.58,"distance_to_primary_river_m":66.1,"stage_driver":"REPORTED_ORDER_ONLY","not_official_flood_extent":true,"not_hydraulic_simulation":true},"geometry":{"type":"Polygon","coordinates":[[[129.40666666666667,35.99916666666667],[129.40666666666667,36.0],[129.40583333333333,36.0],[129.40583333333333,35.99916666666667],[129.40666666666667,35.99916666666667]]]}},{"type":"Feature","properties":{"grid_id":"dem-000-044","layer_role":"hand_flood_envelope","status":"TEMPORARY","source_type":"DERIVED_APPROXIMATION","stage_index":6,"time":"2022-09-06T07:00:00+09:00","state":"plant_outage","label":"POSCO power and water cut","hand_m":0.0,"hand_threshold_m":0.25,"stage_fraction":1.0,"mean_elevation_m":3.6,"distance_to_primary_river_m":19.5,"stage_driver":"REPORTED_ORDER_ONLY","not_official_flood_extent":true,"not_hydraulic_simulation":true},"geometry":{"type":"Polygon","coordinates":[[[129.4075,35.99916666666667],[129.4075,36.0],[129.40666666666667,36.0],[129.40666666666667,35.99916666666667],[129.4075,35.99916666666667]]]}},{"type":"Feature","properties":{"grid_id":"dem-000-045","layer_role":"hand_flood_envelope","status":"TEMPORARY","source_type":"DERIVED_APPROXIMATION","stage_index":6,"time":"2022-09-06T07:00:00+09:00","state":"plant_outage","label":"POSCO power and water cut","hand_m":0.0,"hand_threshold_m":0.25,"stage_fraction":1.0,"mean_elevation_m":2.18,"distance_to_primary_river_m":27.2,"stage_driver":"REPORTED_ORDER_ONLY","not_official_flood_extent":true,"not_hydraulic_simulation":true},"geometry":{"type":"Polygon","coordinates":[[[129.40833333333333,35.99916666666667],[129.40833333333333,36.0],[129.4075,36.0],[129.4075,35.99916666666667],[129.40833333333333,35.99916666666667]]]}},{"type":"Feature","properties":{"grid_id":"dem-001-029","layer_role":"hand_flood_envelope","status":"TEMPORARY","source_type":"DERIVED_APPROXIMATION","stage_index":6,"time":"2022-09-06T07:00:00+09:00","state":"plant_outage","label":"POSCO power and water cut","hand_m":0.0,"hand_threshold_m":0.25,"stage_fraction":1.0,"mean_elevation_m":7.43,"distance_to_primary_river_m":780.6,"stage_driver":"REPORTED_ORDER_ONLY","not_official_flood_extent":true,"not_hydraulic_simulation":true},"geometry":{"type":"Polygon","coordinates":[[[129.395,35.998333333333335],[129.395,35.99916666666667],[129.39416666666668,35.99916666666667],[129.39416666666668,35.998333333333335],[129.395,35.998333333333335]]]}},{"type":"Feature","properties":{"grid_id":"dem-001-030","layer_role":"hand_flood_envelope","status":"TEMPORARY","source_type":"DERIVED_APPROXIMATION","stage_index":6,"time":"2022-09-06T07:00:00+09:00","state":"plant_outage","label":"POSCO power and water cut","hand_m":0.0,"hand_threshold_m":0.25,"stage_fraction":1.0,"mean_elevation_m":6.6,"distance_to_primary_river_m":714.8,"stage_driver":"REPORTED_ORDER_ONLY","not_official_flood_extent":true,"not_hydraulic_simulation":true},"geometry":{"type":"Polygon","coordinates":[[[129.39583333333334,35.998333333333335],[129.39583333333334,35.99916666666667],[129.395,35.99916666666667],[129.395,35.998333333333335],[129.39583333333334,35.998333333333335]]]}},{"type":"Feature","properties":{"grid_id":"dem-001-040","layer_role":"hand_flood_envelope","status":"TEMPORARY","source_type":"DERIVED_APPROXIMATION","stage_index":6,"time":"2022-09-06T07:00:00+09:00","state":"plant_outage","label":"POSCO power and water cut","hand_m":0.0,"hand_threshold_m":0.25,"stage_fraction":1.0,"mean_elevation_m":7.52,"distance_to_primary_river_m":133.5,"stage_driver":"REPORTED_ORDER_ONLY","not_official_flood_extent":true,"not_hydraulic_simulation":true},"geometry":{"type":"Polygon","coordinates":[[[129.40416666666667,35.998333333333335],[129.40416666666667,35.99916666666667],[129.40333333333334,35.99916666666667],[129.40333333333334,35.998333333333335],[129.40416666666667,35.998333333333335]]]}},{"type":"Feature","properties":{"grid_id":"dem-001-041","layer_role":"hand_flood_envelope","status":"TEMPORARY","source_type":"DERIVED_APPROXIMATION","stage_index":6,"time":"2022-09-06T07:00:00+09:00","state":"plant_outage","label":"POSCO power and water cut","hand_m":0.0,"hand_threshold_m":0.25,"stage_fraction":1.0,"mean_elevation_m":6.11,"distance_to_primary_river_m":86.9,"stage_driver":"REPORTED_ORDER_ONLY","not_official_flood_extent":true,"not_hydraulic_simulation":true},"geometry":{"type":"Polygon","coordinates":[[[129.405,35.998333333333335],[129.405,35.99916666666667],[129.40416666666667,35.99916666666667],[129.40416666666667,35.998333333333335],[129.405,35.998333333333335]]]}},{"type":"Feature","properties":{"grid_id":"dem-001-042","layer_role":"hand_flood_envelope","status":"TEMPORARY","source_type":"DERIVED_APPROXIMATION","stage_index":6,"time":"2022-09-06T07:00:00+09:00","state":"plant_outage","label":"POSCO power and water cut","hand_m":0.0,"hand_threshold_m":0.25,"stage_fraction":1.0,"mean_elevation_m":4.99,"distance_to_primary_river_m":40.4,"stage_driver":"REPORTED_ORDER_ONLY","not_official_flood_extent":true,"not_hydraulic_simulation":true},"geometry":{"type":"Polygon","coordinates":[[[129.40583333333333,35.998333333333335],[129.40583333333333,35.99916666666667],[129.405,35.99916666666667],[129.405,35.998333333333335],[129.40583333333333,35.998333333333335]]]}},{"type":"Feature","properties":{"grid_id":"dem-001-043","layer_role":"hand_flood_envelope","status":"TEMPORARY","source_type":"DERIVED_APPROXIMATION","stage_index":6,"time":"2022-09-06T07:00:00+09:00","state":"plant_outage","label":"POSCO power and water cut","hand_m":0.0,"hand_threshold_m":0.25,"stage_fraction":1.0,"mean_elevation_m":2.67,"distance_to_primary_river_m":6.3,"stage_driver":"REPORTED_ORDER_ONLY","not_official_flood_extent":true,"not_hydraulic_simulation":true},"geometry":{"type":"Polygon","coordinates":[[[129.40666666666667,35.998333333333335],[129.40666666666667,35.99916666666667],[129.40583333333333,35.99916666666667],[129.40583333333333,35.998333333333335],[129.40666666666667,35.998333333333335]]]}},{"type":"Feature","properties":{"grid_id":"dem-001-044","layer_role":"hand_flood_envelope","status":"TEMPORARY","source_type":"DERIVED_APPROXIMATION","stage_index":6,"time":"2022-09-06T07:00:00+09:00","state":"plant_outage","label":"POSCO power and water cut","hand_m":0.0,"hand_threshold_m":0.25,"stage_fraction":1.0,"mean_elevation_m":4.07,"distance_to_primary_river_m":53.0,"stage_driver":"REPORTED_ORDER_ONLY","not_official_flood_extent":true,"not_hydraulic_simulation":true},"geometry":{"type":"Polygon","coordinates":[[[129.4075,35.998333333333335],[129.4075,35.99916666666667],[129.40666666666667,35.99916666666667],[129.40666666666667,35.998333333333335],[129.4075,35.998333333333335]]]}},{"type":"Feature","properties":{"grid_id":"dem-001-045","layer_role":"hand_flood_envelope","status":"TEMPORARY","source_type":"DERIVED_APPROXIMATION","stage_index":6,"time":"2022-09-06T07:00:00+09:00","state":"plant_outage","label":"POSCO power and water cut","hand_m":0.0,"hand_threshold_m":0.25,"stage_fraction":1.0,"mean_elevation_m":4.91,"distance_to_primary_river_m":99.7,"stage_driver":"REPORTED_ORDER_ONLY","not_official_flood_extent":true,"not_hydraulic_simulation":true},"geometry":{"type":"Polygon","coordinates":[[[129.40833333333333,35.998333333333335],[129.40833333333333,35.99916666666667],[129.4075,35.99916666666667],[129.4075,35.998333333333335],[129.40833333333333,35.998333333333335]]]}},{"type":"Feature","properties":{"grid_id":"dem-001-046","layer_role":"hand_flood_envelope","status":"TEMPORARY","source_type":"DERIVED_APPROXIMATION","stage_index":6,"time":"2022-09-06T07:00:00+09:00","state":"plant_outage","label":"POSCO power and water cut","hand_m":0.0,"hand_threshold_m":0.25,"stage_fraction":1.0,"mean_elevation_m":4.49,"distance_to_primary_river_m":146.3,"stage_driver":"REPORTED_ORDER_ONLY","not_official_flood_extent":true,"not_hydraulic_simulation":true},"geometry":{"type":"Polygon","coordinates":[[[129.40916666666666,35.998333333333335],[129.40916666666666,35.99916666666667],[129.40833333333333,35.99916666666667],[129.40833333333333,35.998333333333335],[129.40916666666666,35.998333333333335]]]}},{"type":"Feature","properties":{"grid_id":"dem-002-028","layer_role":"hand_flood_envelope","status":"TEMPORARY","source_type":"DERIVED_APPROXIMATION","stage_index":6,"time":"2022-09-06T07:00:00+09:00","state":"plant_outage","label":"POSCO power and water cut","hand_m":0.0,"hand_threshold_m":0.25,"stage_fraction":1.0,"mean_elevation_m":7.25,"distance_to_primary_river_m":811.6,"stage_driver":"REPORTED_ORDER_ONLY","not_official_flood_extent":true,"not_hydraulic_simulation":true},"geometry":{"type":"Polygon","coordinates":[[[129.39416666666668,35.9975],[129.39416666666668,35.998333333333335],[129.39333333333335,35.998333333333335],[129.39333333333335,35.9975],[129.39416666666668,35.9975]]]}},{"type":"Feature","properties":{"grid_id":"dem-002-029","layer_role":"hand_flood_envelope","status":"TEMPORARY","source_type":"DERIVED_APPROXIMATION","stage_index":6,"time":"2022-09-06T07:00:00+09:00","state":"plant_outage","label":"POSCO power and water cut","hand_m":0.0,"hand_threshold_m":0.25,"stage_fraction":1.0,"mean_elevation_m":6.67,"distance_to_primary_river_m":742.2,"stage_driver":"REPORTED_ORDER_ONLY","not_official_flood_extent":true,"not_hydraulic_simulation":true},"geometry":{"type":"Polygon","coordinates":[[[129.395,35.9975],[129.395,35.998333333333335],[129.39416666666668,35.998333333333335],[129.39416666666668,35.9975],[129.395,35.9975]]]}},{"type":"Feature","properties":{"grid_id":"dem-002-030","layer_role":"hand_flood_envelope","status":"TEMPORARY","source_type":"DERIVED_APPROXIMATION","stage_index":6,"time":"2022-09-06T07:00:00+09:00","state":"plant_outage","label":"POSCO power and water cut","hand_m":0.0,"hand_threshold_m":0.25,"stage_fraction":1.0,"mean_elevation_m":6.47,"distance_to_primary_river_m":673.0,"stage_driver":"REPORTED_ORDER_ONLY","not_official_flood_extent":true,"not_hydraulic_simulation":true},"geometry":{"type":"Polygon","coordinates":[[[129.39583333333334,35.9975],[129.39583333333334,35.998333333333335],[129.395,35.998333333333335],[129.395,35.9975],[129.39583333333334,35.9975]]]}},{"type":"Feature","properties":{"grid_id":"dem-002-039","layer_role":"hand_flood_envelope","status":"TEMPORARY","source_type":"DERIVED_APPROXIMATION","stage_index":6,"time":"2022-09-06T07:00:00+09:00","state":"plant_outage","label":"POSCO power and water cut","hand_m":0.0,"hand_threshold_m":0.25,"stage_fraction":1.0,"mean_elevation_m":7.42,"distance_to_primary_river_m":109.1,"stage_driver":"REPORTED_ORDER_ONLY","not_official_flood_extent":true,"not_hydraulic_simulation":true},"geometry":{"type":"Polygon","coordinates":[[[129.40333333333334,35.9975],[129.40333333333334,35.998333333333335],[129.4025,35.998333333333335],[129.4025,35.9975],[129.40333333333334,35.9975]]]}},{"type":"Feature","properties":{"grid_id":"dem-002-040","layer_role":"hand_flood_envelope","status":"TEMPORARY","source_type":"DERIVED_APPROXIMATION","stage_index":6,"time":"2022-09-06T07:00:00+09:00","state":"plant_outage","label":"POSCO power and water cut","hand_m":0.0,"hand_threshold_m":0.25,"stage_fraction":1.0,"mean_elevation_m":5.6,"distance_to_primary_river_m":60.8,"stage_driver":"REPORTED_ORDER_ONLY","not_official_flood_extent":true,"not_hydraulic_simulation":true},"geometry":{"type":"Polygon","coordinates":[[[129.40416666666667,35.9975],[129.40416666666667,35.998333333333335],[129.40333333333334,35.998333333333335],[129.40333333333334,35.9975],[129.40416666666667,35.9975]]]}},{"type":"Feature","properties":{"grid_id":"dem-002-041","layer_role":"hand_flood_envelope","status":"TEMPORARY","source_type":"DERIVED_APPROXIMATION","stage_index":6,"time":"2022-09-06T07:00:00+09:00","state":"plant_outage","label":"POSCO power and water cut","hand_m":0.0,"hand_threshold_m":0.25,"stage_fraction":1.0,"mean_elevation_m":3.43,"distance_to_primary_river_m":14.3,"stage_driver":"REPORTED_ORDER_ONLY","not_official_flood_extent":true,"not_hydraulic_simulation":true},"geometry":{"type":"Polygon","coordinates":[[[129.405,35.9975],[129.405,35.998333333333335],[129.40416666666667,35.998333333333335],[129.40416666666667,35.9975],[129.405,35.9975]]]}},{"type":"Feature","properties":{"grid_id":"dem-002-042","layer_role":"hand_flood_envelope","status":"TEMPORARY","source_type":"DERIVED_APPROXIMATION","stage_index":6,"time":"2022-09-06T07:00:00+09:00","state":"plant_outage","label":"POSCO power and water cut","hand_m":0.0,"hand_threshold_m":0.25,"stage_fraction":1.0,"mean_elevation_m":3.65,"distance_to_primary_river_m":32.2,"stage_driver":"REPORTED_ORDER_ONLY","not_official_flood_extent":true,"not_hydraulic_simulation":true},"geometry":{"type":"Polygon","coordinates":[[[129.40583333333333,35.9975],[129.40583333333333,35.998333333333335],[129.405,35.998333333333335],[129.405,35.9975],[129.40583333333333,35.9975]]]}},{"type":"Feature","properties":{"grid_id":"dem-002-043","layer_role":"hand_flood_envelope","status":"TEMPORARY","source_type":"DERIVED_APPROXIMATION","stage_index":6,"time":"2022-09-06T07:00:00+09:00","state":"plant_outage","label":"POSCO power and water cut","hand_m":0.0,"hand_threshold_m":0.25,"stage_fraction":1.0,"mean_elevation_m":6.14,"distance_to_primary_river_m":78.8,"stage_driver":"REPORTED_ORDER_ONLY","not_official_flood_extent":true,"not_hydraulic_simulation":true},"geometry":{"type":"Polygon","coordinates":[[[129.40666666666667,35.9975],[129.40666666666667,35.998333333333335],[129.40583333333333,35.998333333333335],[129.40583333333333,35.9975],[129.40666666666667,35.9975]]]}},{"type":"Feature","properties":{"grid_id":"dem-002-044","layer_role":"hand_flood_envelope","status":"TEMPORARY","source_type":"DERIVED_APPROXIMATION","stage_index":6,"time":"2022-09-06T07:00:00+09:00","state":"plant_outage","label":"POSCO power and water cut","hand_m":0.0,"hand_threshold_m":0.25,"stage_fraction":1.0,"mean_elevation_m":4.93,"distance_to_primary_river_m":125.4,"stage_driver":"REPORTED_ORDER_ONLY","not_official_flood_extent":true,"not_hydraulic_simulation":true},"geometry":{"type":"Polygon","coordinates":[[[129.4075,35.9975],[129.4075,35.998333333333335],[129.40666666666667,35.998333333333335],[129.40666666666667,35.9975],[129.4075,35.9975]]]}},{"type":"Feature","properties":{"grid_id":"dem-002-046","layer_role":"hand_flood_envelope","status":"TEMPORARY","source_type":"DERIVED_APPROXIMATION","stage_index":6,"time":"2022-09-06T07:00:00+09:00","state":"plant_outage","label":"POSCO power and water cut","hand_m":0.0,"hand_threshold_m":0.25,"stage_fraction":1.0,"mean_elevation_m":4.37,"distance_to_primary_river_m":218.8,"stage_driver":"REPORTED_ORDER_ONLY","not_official_flood_extent":true,"not_hydraulic_simulation":true},"geometry":{"type":"Polygon","coordinates":[[[129.40916666666666,35.9975],[129.40916666666666,35.998333333333335],[129.40833333333333,35.998333333333335],[129.40833333333333,35.9975],[129.40916666666666,35.9975]]]}},{"type":"Feature","properties":{"grid_id":"dem-003-027","layer_role":"hand_flood_envelope","status":"TEMPORARY","source_type":"DERIVED_APPROXIMATION","stage_index":6,"time":"2022-09-06T07:00:00+09:00","state":"plant_outage","label":"POSCO power and water cut","hand_m":0.0,"hand_threshold_m":0.25,"stage_fraction":1.0,"mean_elevation_m":7.79,"distance_to_primary_river_m":849.0,"stage_driver":"REPORTED_ORDER_ONLY","not_official_flood_extent":true,"not_hydraulic_simulation":true},"geometry":{"type":"Polygon","coordinates":[[[129.39333333333335,35.99666666666667],[129.39333333333335,35.9975],[129.3925,35.9975],[129.3925,35.99666666666667],[129.39333333333335,35.99666666666667]]]}},{"type":"Feature","properties":{"grid_id":"dem-003-028","layer_role":"hand_flood_envelope","status":"TEMPORARY","source_type":"DERIVED_APPROXIMATION","stage_index":6,"time":"2022-09-06T07:00:00+09:00","state":"plant_outage","label":"POSCO power and water cut","hand_m":0.0,"hand_threshold_m":0.25,"stage_fraction":1.0,"mean_elevation_m":6.12,"distance_to_primary_river_m":777.6,"stage_driver":"REPORTED_ORDER_ONLY","not_official_flood_extent":true,"not_hydraulic_simulation":true},"geometry":{"type":"Polygon","coordinates":[[[129.39416666666668,35.99666666666667],[129.39416666666668,35.9975],[129.39333333333335,35.9975],[129.39333333333335,35.99666666666667],[129.39416666666668,35.99666666666667]]]}},{"type":"Feature","properties":{"grid_id":"dem-003-029","layer_role":"hand_flood_envelope","status":"TEMPORARY","source_type":"DERIVED_APPROXIMATION","stage_index":6,"time":"2022-09-06T07:00:00+09:00","state":"plant_outage","label":"POSCO power and water cut","hand_m":0.0,"hand_threshold_m":0.25,"stage_fraction":1.0,"mean_elevation_m":6.18,"distance_to_primary_river_m":707.0,"stage_driver":"REPORTED_ORDER_ONLY","not_official_flood_extent":true,"not_hydraulic_simulation":true},"geometry":{"type":"Polygon","coordinates":[[[129.395,35.99666666666667],[129.395,35.9975],[129.39416666666668,35.9975],[129.39416666666668,35.99666666666667],[129.395,35.99666666666667]]]}},{"type":"Feature","properties":{"grid_id":"dem-003-030","layer_role":"hand_flood_envelope","status":"TEMPORARY","source_type":"DERIVED_APPROXIMATION","stage_index":6,"time":"2022-09-06T07:00:00+09:00","state":"plant_outage","label":"POSCO power and water cut","hand_m":0.0,"hand_threshold_m":0.25,"stage_fraction":1.0,"mean_elevation_m":7.78,"distance_to_primary_river_m":637.3,"stage_driver":"REPORTED_ORDER_ONLY","not_official_flood_extent":true,"not_hydraulic_simulation":true},"geometry":{"type":"Polygon","coordinates":[[[129.39583333333334,35.99666666666667],[129.39583333333334,35.9975],[129.395,35.9975],[129.395,35.99666666666667],[129.39583333333334,35.99666666666667]]]}},{"type":"Feature","properties":{"grid_id":"dem-003-032","layer_role":"hand_flood_envelope","status":"TEMPORARY","source_type":"DERIVED_APPROXIMATION","stage_index":6,"time":"2022-09-06T07:00:00+09:00","state":"plant_outage","label":"POSCO power and water cut","hand_m":0.0,"hand_threshold_m":0.25,"stage_fraction":1.0,"mean_elevation_m":6.49,"distance_to_primary_river_m":498.6,"stage_driver":"REPORTED_ORDER_ONLY","not_official_flood_extent":true,"not_hydraulic_simulation":true},"geometry":{"type":"Polygon","coordinates":[[[129.3975,35.99666666666667],[129.3975,35.9975],[129.39666666666668,35.9975],[129.39666666666668,35.99666666666667],[129.3975,35.99666666666667]]]}},{"type":"Feature","properties":{"grid_id":"dem-003-038","layer_role":"hand_flood_envelope","status":"TEMPORARY","source_type":"DERIVED_APPROXIMATION","stage_index":6,"time":"2022-09-06T07:00:00+09:00","state":"plant_outage","label":"POSCO power and water cut","hand_m":0.0,"hand_threshold_m":0.25,"stage_fraction":1.0,"mean_elevation_m":5.95,"distance_to_primary_river_m":104.3,"stage_driver":"REPORTED_ORDER_ONLY","not_official_flood_extent":true,"not_hydraulic_simulation":true},"geometry":{"type":"Polygon","coordinates":[[[129.4025,35.99666666666667],[129.4025,35.9975],[129.40166666666667,35.9975],[129.40166666666667,35.99666666666667],[129.4025,35.99666666666667]]]}},{"type":"Feature","properties":{"grid_id":"dem-003-039","layer_role":"hand_flood_envelope","status":"TEMPORARY","source_type":"DERIVED_APPROXIMATION","stage_index":6,"time":"2022-09-06T07:00:00+09:00","state":"plant_outage","label":"POSCO power and water cut","hand_m":0.0,"hand_threshold_m":0.25,"stage_fraction":1.0,"mean_elevation_m":5.45,"distance_to_primary_river_m":47.9,"stage_driver":"REPORTED_ORDER_ONLY","not_official_flood_extent":true,"not_hydraulic_simulation":true},"geometry":{"type":"Polygon","coordinates":[[[129.40333333333334,35.99666666666667],[129.40333333333334,35.9975],[129.4025,35.9975],[129.4025,35.99666666666667],[129.40333333333334,35.99666666666667]]]}},{"type":"Feature","properties":{"grid_id":"dem-003-040","layer_role":"hand_flood_envelope","status":"TEMPORARY","source_type":"DERIVED_APPROXIMATION","stage_index":6,"time":"2022-09-06T07:00:00+09:00","state":"plant_outage","label":"POSCO power and water cut","hand_m":0.0,"hand_threshold_m":0.25,"stage_fraction":1.0,"mean_elevation_m":2.96,"distance_to_primary_river_m":8.4,"stage_driver":"REPORTED_ORDER_ONLY","not_official_flood_extent":true,"not_hydraulic_simulation":true},"geometry":{"type":"Polygon","coordinates":[[[129.40416666666667,35.99666666666667],[129.40416666666667,35.9975],[129.40333333333334,35.9975],[129.40333333333334,35.99666666666667],[129.40416666666667,35.99666666666667]]]}},{"type":"Feature","properties":{"grid_id":"dem-003-041","layer_role":"hand_flood_envelope","status":"TEMPORARY","source_type":"DERIVED_APPROXIMATION","stage_index":6,"time":"2022-09-06T07:00:00+09:00","state":"plant_outage","label":"POSCO power and water cut","hand_m":0.0,"hand_threshold_m":0.25,"stage_fraction":1.0,"mean_elevation_m":4.72,"distance_to_primary_river_m":58.3,"stage_driver":"REPORTED_ORDER_ONLY","not_official_flood_extent":true,"not_hydraulic_simulation":true},"geometry":{"type":"Polygon","coordinates":[[[129.405,35.99666666666667],[129.405,35.9975],[129.40416666666667,35.9975],[129.40416666666667,35.99666666666667],[129.405,35.99666666666667]]]}},{"type":"Feature","properties":{"grid_id":"dem-003-042","layer_role":"hand_flood_envelope","status":"TEMPORARY","source_type":"DERIVED_APPROXIMATION","stage_index":6,"time":"2022-09-06T07:00:00+09:00","state":"plant_outage","label":"POSCO power and water cut","hand_m":0.0,"hand_threshold_m":0.25,"stage_fraction":1.0,"mean_elevation_m":7.83,"distance_to_primary_river_m":104.8,"stage_driver":"REPORTED_ORDER_ONLY","not_official_flood_extent":true,"not_hydraulic_simulation":true},"geometry":{"type":"Polygon","coordinates":[[[129.40583333333333,35.99666666666667],[129.40583333333333,35.9975],[129.405,35.9975],[129.405,35.99666666666667],[129.40583333333333,35.99666666666667]]]}},{"type":"Feature","properties":{"grid_id":"dem-003-043","layer_role":"hand_flood_envelope","status":"TEMPORARY","source_type":"DERIVED_APPROXIMATION","stage_index":6,"time":"2022-09-06T07:00:00+09:00","state":"plant_outage","label":"POSCO power and water cut","hand_m":0.0,"hand_threshold_m":0.25,"stage_fraction":1.0,"mean_elevation_m":7.82,"distance_to_primary_river_m":151.3,"stage_driver":"REPORTED_ORDER_ONLY","not_official_flood_extent":true,"not_hydraulic_simulation":true},"geometry":{"type":"Polygon","coordinates":[[[129.40666666666667,35.99666666666667],[129.40666666666667,35.9975],[129.40583333333333,35.9975],[129.40583333333333,35.99666666666667],[129.40666666666667,35.99666666666667]]]}},{"type":"Feature","properties":{"grid_id":"dem-004-026","layer_role":"hand_flood_envelope","status":"TEMPORARY","source_type":"DERIVED_APPROXIMATION","stage_index":6,"time":"2022-09-06T07:00:00+09:00","state":"plant_outage","label":"POSCO power and water cut","hand_m":0.0,"hand_threshold_m":0.25,"stage_fraction":1.0,"mean_elevation_m":6.95,"distance_to_primary_river_m":897.2,"stage_driver":"REPORTED_ORDER_ONLY","not_official_flood_extent":true,"not_hydraulic_simulation":true},"geometry":{"type":"Polygon","coordinates":[[[129.3925,35.99583333333334],[129.3925,35.99666666666667],[129.39166666666668,35.99666666666667],[129.39166666666668,35.99583333333334],[129.3925,35.99583333333334]]]}},{"type":"Feature","properties":{"grid_id":"dem-004-027","layer_role":"hand_flood_envelope","status":"TEMPORARY","source_type":"DERIVED_APPROXIMATION","stage_index":6,"time":"2022-09-06T07:00:00+09:00","state":"plant_outage","label":"POSCO power and water cut","hand_m":0.0,"hand_threshold_m":0.25,"stage_fraction":1.0,"mean_elevation_m":6.92,"distance_to_primary_river_m":824.8,"stage_driver":"REPORTED_ORDER_ONLY","not_official_flood_extent":true,"not_hydraulic_simulation":true},"geometry":{"type":"Polygon","coordinates":[[[129.39333333333335,35.99583333333334],[129.39333333333335,35.99666666666667],[129.3925,35.99666666666667],[129.3925,35.99583333333334],[129.39333333333335,35.99583333333334]]]}},{"type":"Feature","properties":{"grid_id":"dem-004-028","layer_role":"hand_flood_envelope","status":"TEMPORARY","source_type":"DERIVED_APPROXIMATION","stage_index":6,"time":"2022-09-06T07:00:00+09:00","state":"plant_outage","label":"POSCO power and water cut","hand_m":0.0,"hand_threshold_m":0.25,"stage_fraction":1.0,"mean_elevation_m":5.95,"distance_to_primary_river_m":752.1,"stage_driver":"REPORTED_ORDER_ONLY","not_official_flood_extent":true,"not_hydraulic_simulation":true},"geometry":{"type":"Polygon","coordinates":[[[129.39416666666668,35.99583333333334],[129.39416666666668,35.99666666666667],[129.39333333333335,35.99666666666667],[129.39333333333335,35.99583333333334],[129.39416666666668,35.99583333333334]]]}},{"type":"Feature","properties":{"grid_id":"dem-004-029","layer_role":"hand_flood_envelope","status":"TEMPORARY","source_type":"DERIVED_APPROXIMATION","stage_index":6,"time":"2022-09-06T07:00:00+09:00","state":"plant_outage","label":"POSCO power and water cut","hand_m":0.0,"hand_threshold_m":0.25,"stage_fraction":1.0,"mean_elevation_m":5.62,"distance_to_primary_river_m":679.4,"stage_driver":"REPORTED_ORDER_ONLY","not_official_flood_extent":true,"not_hydraulic_simulation":true},"geometry":{"type":"Polygon","coordinates":[[[129.395,35.99583333333334],[129.395,35.99666666666667],[129.39416666666668,35.99666666666667],[129.39416666666668,35.99583333333334],[129.395,35.99583333333334]]]}},{"type":"Feature","properties":{"grid_id":"dem-004-030","layer_role":"hand_flood_envelope","status":"TEMPORARY","source_type":"DERIVED_APPROXIMATION","stage_index":6,"time":"2022-09-06T07:00:00+09:00","state":"plant_outage","label":"POSCO power and water cut","hand_m":0.0,"hand_threshold_m":0.25,"stage_fraction":1.0,"mean_elevation_m":8.61,"distance_to_primary_river_m":606.7,"stage_driver":"REPORTED_ORDER_ONLY","not_official_flood_extent":true,"not_hydraulic_simulation":true},"geometry":{"type":"Polygon","coordinates":[[[129.39583333333334,35.99583333333334],[129.39583333333334,35.99666666666667],[129.395,35.99666666666667],[129.395,35.99583333333334],[129.39583333333334,35.99583333333334]]]}},{"type":"Feature","properties":{"grid_id":"dem-004-031","layer_role":"hand_flood_envelope","status":"TEMPORARY","source_type":"DERIVED_APPROXIMATION","stage_index":6,"time":"2022-09-06T07:00:00+09:00","state":"plant_outage","label":"POSCO power and water cut","hand_m":0.0,"hand_threshold_m":0.25,"stage_fraction":1.0,"mean_elevation_m":7.98,"distance_to_primary_river_m":534.6,"stage_driver":"REPORTED_ORDER_ONLY","not_official_flood_extent":true,"not_hydraulic_simulation":true},"geometry":{"type":"Polygon","coordinates":[[[129.39666666666668,35.99583333333334],[129.39666666666668,35.99666666666667],[129.39583333333334,35.99666666666667],[129.39583333333334,35.99583333333334],[129.39666666666668,35.99583333333334]]]}},{"type":"Feature","properties":{"grid_id":"dem-004-032","layer_role":"hand_flood_envelope","status":"TEMPORARY","source_type":"DERIVED_APPROXIMATION","stage_index":6,"time":"2022-09-06T07:00:00+09:00","state":"plant_outage","label":"POSCO power and water cut","hand_m":0.0,"hand_threshold_m":0.25,"stage_fraction":1.0,"mean_elevation_m":5.51,"distance_to_primary_river_m":463.5,"stage_driver":"REPORTED_ORDER_ONLY","not_official_flood_extent":true,"not_hydraulic_simulation":true},"geometry":{"type":"Polygon","coordinates":[[[129.3975,35.99583333333334],[129.3975,35.99666666666667],[129.39666666666668,35.99666666666667],[129.39666666666668,35.99583333333334],[129.3975,35.99583333333334]]]}},{"type":"Feature","properties":{"grid_id":"dem-004-033","layer_role":"hand_flood_envelope","status":"TEMPORARY","source_type":"DERIVED_APPROXIMATION","stage_index":6,"time":"2022-09-06T07:00:00+09:00","state":"plant_outage","label":"POSCO power and water cut","hand_m":0.0,"hand_threshold_m":0.25,"stage_fraction":1.0,"mean_elevation_m":4.62,"distance_to_primary_river_m":393.7,"stage_driver":"REPORTED_ORDER_ONLY","not_official_flood_extent":true,"not_hydraulic_simulation":true},"geometry":{"type":"Polygon","coordinates":[[[129.39833333333334,35.99583333333334],[129.39833333333334,35.99666666666667],[129.3975,35.99666666666667],[129.3975,35.99583333333334],[129.39833333333334,35.99583333333334]]]}},{"type":"Feature","properties":{"grid_id":"dem-004-034","layer_role":"hand_flood_envelope","status":"TEMPORARY","source_type":"DERIVED_APPROXIMATION","stage_index":6,"time":"2022-09-06T07:00:00+09:00","state":"plant_outage","label":"POSCO power and water cut","hand_m":0.0,"hand_threshold_m":0.25,"stage_fraction":1.0,"mean_elevation_m":5.73,"distance_to_primary_river_m":324.3,"stage_driver":"REPORTED_ORDER_ONLY","not_official_flood_extent":true,"not_hydraulic_simulation":true},"geometry":{"type":"Polygon","coordinates":[[[129.39916666666667,35.99583333333334],[129.39916666666667,35.99666666666667],[129.39833333333334,35.99666666666667],[129.39833333333334,35.99583333333334],[129.39916666666667,35.99583333333334]]]}},{"type":"Feature","properties":{"grid_id":"dem-004-035","layer_role":"hand_flood_envelope","status":"TEMPORARY","source_type":"DERIVED_APPROXIMATION","stage_index":6,"time":"2022-09-06T07:00:00+09:00","state":"plant_outage","label":"POSCO power and water cut","hand_m":0.0,"hand_threshold_m":0.25,"stage_fraction":1.0,"mean_elevation_m":7.68,"distance_to_primary_river_m":255.0,"stage_driver":"REPORTED_ORDER_ONLY","not_official_flood_extent":true,"not_hydraulic_simulation":true},"geometry":{"type":"Polygon","coordinates":[[[129.4,35.99583333333334],[129.4,35.99666666666667],[129.39916666666667,35.99666666666667],[129.39916666666667,35.99583333333334],[129.4,35.99583333333334]]]}},{"type":"Feature","properties":{"grid_id":"dem-004-036","layer_role":"hand_flood_envelope","status":"TEMPORARY","source_type":"DERIVED_APPROXIMATION","stage_index":6,"time":"2022-09-06T07:00:00+09:00","state":"plant_outage","label":"POSCO power and water cut","hand_m":0.0,"hand_threshold_m":0.25,"stage_fraction":1.0,"mean_elevation_m":6.17,"distance_to_primary_river_m":186.0,"stage_driver":"REPORTED_ORDER_ONLY","not_official_flood_extent":true,"not_hydraulic_simulation":true},"geometry":{"type":"Polygon","coordinates":[[[129.40083333333334,35.99583333333334],[129.40083333333334,35.99666666666667],[129.4,35.99666666666667],[129.4,35.99583333333334],[129.40083333333334,35.99583333333334]]]}},{"type":"Feature","properties":{"grid_id":"dem-004-037","layer_role":"hand_flood_envelope","status":"TEMPORARY","source_type":"DERIVED_APPROXIMATION","stage_index":6,"time":"2022-09-06T07:00:00+09:00","state":"plant_outage","label":"POSCO power and water cut","hand_m":0.0,"hand_threshold_m":0.25,"stage_fraction":1.0,"mean_elevation_m":7.95,"distance_to_primary_river_m":120.6,"stage_driver":"REPORTED_ORDER_ONLY","not_official_flood_extent":true,"not_hydraulic_simulation":true},"geometry":{"type":"Polygon","coordinates":[[[129.40166666666667,35.99583333333334],[129.40166666666667,35.99666666666667],[129.40083333333334,35.99666666666667],[129.40083333333334,35.99583333333334],[129.40166666666667,35.99583333333334]]]}},{"type":"Feature","properties":{"grid_id":"dem-004-038","layer_role":"hand_flood_envelope","status":"TEMPORARY","source_type":"DERIVED_APPROXIMATION","stage_index":6,"time":"2022-09-06T07:00:00+09:00","state":"plant_outage","label":"POSCO power and water cut","hand_m":0.0,"hand_threshold_m":0.25,"stage_fraction":1.0,"mean_elevation_m":6.33,"distance_to_primary_river_m":55.7,"stage_driver":"REPORTED_ORDER_ONLY","not_official_flood_extent":true,"not_hydraulic_simulation":true},"geometry":{"type":"Polygon","coordinates":[[[129.4025,35.99583333333334],[129.4025,35.99666666666667],[129.40166666666667,35.99666666666667],[129.40166666666667,35.99583333333334],[129.4025,35.99583333333334]]]}},{"type":"Feature","properties":{"grid_id":"dem-004-039","layer_role":"hand_flood_envelope","status":"TEMPORARY","source_type":"DERIVED_APPROXIMATION","stage_index":6,"time":"2022-09-06T07:00:00+09:00","state":"plant_outage","label":"POSCO power and water cut","hand_m":0.0,"hand_threshold_m":0.25,"stage_fraction":1.0,"mean_elevation_m":3.13,"distance_to_primary_river_m":9.3,"stage_driver":"REPORTED_ORDER_ONLY","not_official_flood_extent":true,"not_hydraulic_simulation":true},"geometry":{"type":"Polygon","coordinates":[[[129.40333333333334,35.99583333333334],[129.40333333333334,35.99666666666667],[129.4025,35.99666666666667],[129.4025,35.99583333333334],[129.40333333333334,35.99583333333334]]]}},{"type":"Feature","properties":{"grid_id":"dem-004-040","layer_role":"hand_flood_envelope","status":"TEMPORARY","source_type":"DERIVED_APPROXIMATION","stage_index":6,"time":"2022-09-06T07:00:00+09:00","state":"plant_outage","label":"POSCO power and water cut","hand_m":0.0,"hand_threshold_m":0.25,"stage_fraction":1.0,"mean_elevation_m":6.21,"distance_to_primary_river_m":69.6,"stage_driver":"REPORTED_ORDER_ONLY","not_official_flood_extent":true,"not_hydraulic_simulation":true},"geometry":{"type":"Polygon","coordinates":[[[129.40416666666667,35.99583333333334],[129.40416666666667,35.99666666666667],[129.40333333333334,35.99666666666667],[129.40333333333334,35.99583333333334],[129.40416666666667,35.99583333333334]]]}},{"type":"Feature","properties":{"grid_id":"dem-004-041","layer_role":"hand_flood_envelope","status":"TEMPORARY","source_type":"DERIVED_APPROXIMATION","stage_index":6,"time":"2022-09-06T07:00:00+09:00","state":"plant_outage","label":"POSCO power and water cut","hand_m":0.0,"hand_threshold_m":0.25,"stage_fraction":1.0,"mean_elevation_m":6.41,"distance_to_primary_river_m":125.9,"stage_driver":"REPORTED_ORDER_ONLY","not_official_flood_extent":true,"not_hydraulic_simulation":true},"geometry":{"type":"Polygon","coordinates":[[[129.405,35.99583333333334],[129.405,35.99666666666667],[129.40416666666667,35.99666666666667],[129.40416666666667,35.99583333333334],[129.405,35.99583333333334]]]}},{"type":"Feature","properties":{"grid_id":"dem-005-027","layer_role":"hand_flood_envelope","status":"TEMPORARY","source_type":"DERIVED_APPROXIMATION","stage_index":6,"time":"2022-09-06T07:00:00+09:00","state":"plant_outage","label":"POSCO power and water cut","hand_m":0.0,"hand_threshold_m":0.25,"stage_fraction":1.0,"mean_elevation_m":6.54,"distance_to_primary_river_m":798.1,"stage_driver":"REPORTED_ORDER_ONLY","not_official_flood_extent":true,"not_hydraulic_simulation":true},"geometry":{"type":"Polygon","coordinates":[[[129.39333333333335,35.995],[129.39333333333335,35.99583333333334],[129.3925,35.99583333333334],[129.3925,35.995],[129.39333333333335,35.995]]]}},{"type":"Feature","properties":{"grid_id":"dem-005-028","layer_role":"hand_flood_envelope","status":"TEMPORARY","source_type":"DERIVED_APPROXIMATION","stage_index":6,"time":"2022-09-06T07:00:00+09:00","state":"plant_outage","label":"POSCO power and water cut","hand_m":0.0,"hand_threshold_m":0.25,"stage_fraction":1.0,"mean_elevation_m":5.55,"distance_to_primary_river_m":726.3,"stage_driver":"REPORTED_ORDER_ONLY","not_official_flood_extent":true,"not_hydraulic_simulation":true},"geometry":{"type":"Polygon","coordinates":[[[129.39416666666668,35.995],[129.39416666666668,35.99583333333334],[129.39333333333335,35.99583333333334],[129.39333333333335,35.995],[129.39416666666668,35.995]]]}},{"type":"Feature","properties":{"grid_id":"dem-005-029","layer_role":"hand_flood_envelope","status":"TEMPORARY","source_type":"DERIVED_APPROXIMATION","stage_index":6,"time":"2022-09-06T07:00:00+09:00","state":"plant_outage","label":"POSCO power and water cut","hand_m":0.0,"hand_threshold_m":0.25,"stage_fraction":1.0,"mean_elevation_m":5.56,"distance_to_primary_river_m":654.5,"stage_driver":"REPORTED_ORDER_ONLY","not_official_flood_extent":true,"not_hydraulic_simulation":true},"geometry":{"type":"Polygon","coordinates":[[[129.395,35.995],[129.395,35.99583333333334],[129.39416666666668,35.99583333333334],[129.39416666666668,35.995],[129.395,35.995]]]}},{"type":"Feature","properties":{"grid_id":"dem-005-030","layer_role":"hand_flood_envelope","status":"TEMPORARY","source_type":"DERIVED_APPROXIMATION","stage_index":6,"time":"2022-09-06T07:00:00+09:00","state":"plant_outage","label":"POSCO power and water cut","hand_m":0.0,"hand_threshold_m":0.25,"stage_fraction":1.0,"mean_elevation_m":4.92,"distance_to_primary_river_m":582.7,"stage_driver":"REPORTED_ORDER_ONLY","not_official_flood_extent":true,"not_hydraulic_simulation":true},"geometry":{"type":"Polygon","coordinates":[[[129.39583333333334,35.995],[129.39583333333334,35.99583333333334],[129.395,35.99583333333334],[129.395,35.995],[129.39583333333334,35.995]]]}},{"type":"Feature","properties":{"grid_id":"dem-005-031","layer_role":"hand_flood_envelope","status":"TEMPORARY","source_type":"DERIVED_APPROXIMATION","stage_index":6,"time":"2022-09-06T07:00:00+09:00","state":"plant_outage","label":"POSCO power and water cut","hand_m":0.0,"hand_threshold_m":0.25,"stage_fraction":1.0,"mean_elevation_m":6.91,"distance_to_primary_river_m":510.7,"stage_driver":"REPORTED_ORDER_ONLY","not_official_flood_extent":true,"not_hydraulic_simulation":true},"geometry":{"type":"Polygon","coordinates":[[[129.39666666666668,35.995],[129.39666666666668,35.99583333333334],[129.39583333333334,35.99583333333334],[129.39583333333334,35.995],[129.39666666666668,35.995]]]}},{"type":"Feature","properties":{"grid_id":"dem-005-032","layer_role":"hand_flood_envelope","status":"TEMPORARY","source_type":"DERIVED_APPROXIMATION","stage_index":6,"time":"2022-09-06T07:00:00+09:00","state":"plant_outage","label":"POSCO power and water cut","hand_m":0.0,"hand_threshold_m":0.25,"stage_fraction":1.0,"mean_elevation_m":6.87,"distance_to_primary_river_m":438.0,"stage_driver":"REPORTED_ORDER_ONLY","not_official_flood_extent":true,"not_hydraulic_simulation":true},"geometry":{"type":"Polygon","coordinates":[[[129.3975,35.995],[129.3975,35.99583333333334],[129.39666666666668,35.99583333333334],[129.39666666666668,35.995],[129.3975,35.995]]]}},{"type":"Feature","properties":{"grid_id":"dem-005-033","layer_role":"hand_flood_envelope","status":"TEMPORARY","source_type":"DERIVED_APPROXIMATION","stage_index":6,"time":"2022-09-06T07:00:00+09:00","state":"plant_outage","label":"POSCO power and water cut","hand_m":0.0,"hand_threshold_m":0.25,"stage_fraction":1.0,"mean_elevation_m":6.32,"distance_to_primary_river_m":365.2,"stage_driver":"REPORTED_ORDER_ONLY","not_official_flood_extent":true,"not_hydraulic_simulation":true},"geometry":{"type":"Polygon","coordinates":[[[129.39833333333334,35.995],[129.39833333333334,35.99583333333334],[129.3975,35.99583333333334],[129.3975,35.995],[129.39833333333334,35.995]]]}},{"type":"Feature","properties":{"grid_id":"dem-005-034","layer_role":"hand_flood_envelope","status":"TEMPORARY","source_type":"DERIVED_APPROXIMATION","stage_index":6,"time":"2022-09-06T07:00:00+09:00","state":"plant_outage","label":"POSCO power and water cut","hand_m":0.0,"hand_threshold_m":0.25,"stage_fraction":1.0,"mean_elevation_m":11.98,"distance_to_primary_river_m":292.5,"stage_driver":"REPORTED_ORDER_ONLY","not_official_flood_extent":true,"not_hydraulic_simulation":true},"geometry":{"type":"Polygon","coordinates":[[[129.39916666666667,35.995],[129.39916666666667,35.99583333333334],[129.39833333333334,35.99583333333334],[129.39833333333334,35.995],[129.39916666666667,35.995]]]}},{"type":"Feature","properties":{"grid_id":"dem-005-035","layer_role":"hand_flood_envelope","status":"TEMPORARY","source_type":"DERIVED_APPROXIMATION","stage_index":6,"time":"2022-09-06T07:00:00+09:00","state":"plant_outage","label":"POSCO power and water cut","hand_m":0.0,"hand_threshold_m":0.25,"stage_fraction":1.0,"mean_elevation_m":11.91,"distance_to_primary_river_m":220.2,"stage_driver":"REPORTED_ORDER_ONLY","not_official_flood_extent":true,"not_hydraulic_simulation":true},"geometry":{"type":"Polygon","coordinates":[[[129.4,35.995],[129.4,35.99583333333334],[129.39916666666667,35.99583333333334],[129.39916666666667,35.995],[129.4,35.995]]]}},{"type":"Feature","properties":{"grid_id":"dem-005-037","layer_role":"hand_flood_envelope","status":"TEMPORARY","source_type":"DERIVED_APPROXIMATION","stage_index":6,"time":"2022-09-06T07:00:00+09:00","state":"plant_outage","label":"POSCO power and water cut","hand_m":0.0,"hand_threshold_m":0.25,"stage_fraction":1.0,"mean_elevation_m":5.33,"distance_to_primary_river_m":80.7,"stage_driver":"REPORTED_ORDER_ONLY","not_official_flood_extent":true,"not_hydraulic_simulation":true},"geometry":{"type":"Polygon","coordinates":[[[129.40166666666667,35.995],[129.40166666666667,35.99583333333334],[129.40083333333334,35.99583333333334],[129.40083333333334,35.995],[129.40166666666667,35.995]]]}},{"type":"Feature","properties":{"grid_id":"dem-005-038","layer_role":"hand_flood_envelope","status":"TEMPORARY","source_type":"DERIVED_APPROXIMATION","stage_index":6,"time":"2022-09-06T07:00:00+09:00","state":"plant_outage","label":"POSCO power and water cut","hand_m":0.0,"hand_threshold_m":0.25,"stage_fraction":1.0,"mean_elevation_m":3.63,"distance_to_primary_river_m":11.3,"stage_driver":"REPORTED_ORDER_ONLY","not_official_flood_extent":true,"not_hydraulic_simulation":true},"geometry":{"type":"Polygon","coordinates":[[[129.4025,35.995],[129.4025,35.99583333333334],[129.40166666666667,35.99583333333334],[129.40166666666667,35.995],[129.4025,35.995]]]}},{"type":"Feature","properties":{"grid_id":"dem-005-039","layer_role":"hand_flood_envelope","status":"TEMPORARY","source_type":"DERIVED_APPROXIMATION","stage_index":6,"time":"2022-09-06T07:00:00+09:00","state":"plant_outage","label":"POSCO power and water cut","hand_m":0.0,"hand_threshold_m":0.25,"stage_fraction":1.0,"mean_elevation_m":5.01,"distance_to_primary_river_m":55.7,"stage_driver":"REPORTED_ORDER_ONLY","not_official_flood_extent":true,"not_hydraulic_simulation":true},"geometry":{"type":"Polygon","coordinates":[[[129.40333333333334,35.995],[129.40333333333334,35.99583333333334],[129.4025,35.99583333333334],[129.4025,35.995],[129.40333333333334,35.995]]]}},{"type":"Feature","properties":{"grid_id":"dem-005-040","layer_role":"hand_flood_envelope","status":"TEMPORARY","source_type":"DERIVED_APPROXIMATION","stage_index":6,"time":"2022-09-06T07:00:00+09:00","state":"plant_outage","label":"POSCO power and water cut","hand_m":0.0,"hand_threshold_m":0.25,"stage_fraction":1.0,"mean_elevation_m":9.03,"distance_to_primary_river_m":120.7,"stage_driver":"REPORTED_ORDER_ONLY","not_official_flood_extent":true,"not_hydraulic_simulation":true},"geometry":{"type":"Polygon","coordinates":[[[129.40416666666667,35.995],[129.40416666666667,35.99583333333334],[129.40333333333334,35.99583333333334],[129.40333333333334,35.995],[129.40416666666667,35.995]]]}},{"type":"Feature","properties":{"grid_id":"dem-005-041","layer_role":"hand_flood_envelope","status":"TEMPORARY","source_type":"DERIVED_APPROXIMATION","stage_index":6,"time":"2022-09-06T07:00:00+09:00","state":"plant_outage","label":"POSCO power and water cut","hand_m":0.17,"hand_threshold_m":0.25,"stage_fraction":1.0,"mean_elevation_m":9.2,"distance_to_primary_river_m":185.7,"stage_driver":"REPORTED_ORDER_ONLY","not_official_flood_extent":true,"not_hydraulic_simulation":true},"geometry":{"type":"Polygon","coordinates":[[[129.405,35.995],[129.405,35.99583333333334],[129.40416666666667,35.99583333333334],[129.40416666666667,35.995],[129.405,35.995]]]}},{"type":"Feature","properties":{"grid_id":"dem-006-028","layer_role":"hand_flood_envelope","status":"TEMPORARY","source_type":"DERIVED_APPROXIMATION","stage_index":6,"time":"2022-09-06T07:00:00+09:00","state":"plant_outage","label":"POSCO power and water cut","hand_m":0.0,"hand_threshold_m":0.25,"stage_fraction":1.0,"mean_elevation_m":6.42,"distance_to_primary_river_m":699.6,"stage_driver":"REPORTED_ORDER_ONLY","not_official_flood_extent":true,"not_hydraulic_simulation":true},"geometry":{"type":"Polygon","coordinates":[[[129.39416666666668,35.994166666666665],[129.39416666666668,35.995],[129.39333333333335,35.995],[129.39333333333335,35.994166666666665],[129.39416666666668,35.994166666666665]]]}},{"type":"Feature","properties":{"grid_id":"dem-006-029","layer_role":"hand_flood_envelope","status":"TEMPORARY","source_type":"DERIVED_APPROXIMATION","stage_index":6,"time":"2022-09-06T07:00:00+09:00","state":"plant_outage","label":"POSCO power and water cut","hand_m":0.0,"hand_threshold_m":0.25,"stage_fraction":1.0,"mean_elevation_m":5.97,"distance_to_primary_river_m":627.3,"stage_driver":"REPORTED_ORDER_ONLY","not_official_flood_extent":true,"not_hydraulic_simulation":true},"geometry":{"type":"Polygon","coordinates":[[[129.395,35.994166666666665],[129.395,35.995],[129.39416666666668,35.995],[129.39416666666668,35.994166666666665],[129.395,35.994166666666665]]]}},{"type":"Feature","properties":{"grid_id":"dem-006-030","layer_role":"hand_flood_envelope","status":"TEMPORARY","source_type":"DERIVED_APPROXIMATION","stage_index":6,"time":"2022-09-06T07:00:00+09:00","state":"plant_outage","label":"POSCO power and water cut","hand_m":0.0,"hand_threshold_m":0.25,"stage_fraction":1.0,"mean_elevation_m":6.76,"distance_to_primary_river_m":555.5,"stage_driver":"REPORTED_ORDER_ONLY","not_official_flood_extent":true,"not_hydraulic_simulation":true},"geometry":{"type":"Polygon","coordinates":[[[129.39583333333334,35.994166666666665],[129.39583333333334,35.995],[129.395,35.995],[129.395,35.994166666666665],[129.39583333333334,35.994166666666665]]]}},{"type":"Feature","properties":{"grid_id":"dem-006-031","layer_role":"hand_flood_envelope","status":"TEMPORARY","source_type":"DERIVED_APPROXIMATION","stage_index":6,"time":"2022-09-06T07:00:00+09:00","state":"plant_outage","label":"POSCO power and water cut","hand_m":0.0,"hand_threshold_m":0.25,"stage_fraction":1.0,"mean_elevation_m":6.92,"distance_to_primary_river_m":483.7,"stage_driver":"REPORTED_ORDER_ONLY","not_official_flood_extent":true,"not_hydraulic_simulation":true},"geometry":{"type":"Polygon","coordinates":[[[129.39666666666668,35.994166666666665],[129.39666666666668,35.995],[129.39583333333334,35.995],[129.39583333333334,35.994166666666665],[129.39666666666668,35.994166666666665]]]}},{"type":"Feature","properties":{"grid_id":"dem-006-036","layer_role":"hand_flood_envelope","status":"TEMPORARY","source_type":"DERIVED_APPROXIMATION","stage_index":6,"time":"2022-09-06T07:00:00+09:00","state":"plant_outage","label":"POSCO power and water cut","hand_m":0.0,"hand_threshold_m":0.25,"stage_fraction":1.0,"mean_elevation_m":16.04,"distance_to_primary_river_m":123.8,"stage_driver":"REPORTED_ORDER_ONLY","not_official_flood_extent":true,"not_hydraulic_simulation":true},"geometry":{"type":"Polygon","coordinates":[[[129.40083333333334,35.994166666666665],[129.40083333333334,35.995],[129.4,35.995],[129.4,35.994166666666665],[129.40083333333334,35.994166666666665]]]}},{"type":"Feature","properties":{"grid_id":"dem-006-037","layer_role":"hand_flood_envelope","status":"TEMPORARY","source_type":"DERIVED_APPROXIMATION","stage_index":6,"time":"2022-09-06T07:00:00+09:00","state":"plant_outage","label":"POSCO power and water cut","hand_m":0.0,"hand_threshold_m":0.25,"stage_fraction":1.0,"mean_elevation_m":5.93,"distance_to_primary_river_m":51.1,"stage_driver":"REPORTED_ORDER_ONLY","not_official_flood_extent":true,"not_hydraulic_simulation":true},"geometry":{"type":"Polygon","coordinates":[[[129.40166666666667,35.994166666666665],[129.40166666666667,35.995],[129.40083333333334,35.995],[129.40083333333334,35.994166666666665],[129.40166666666667,35.994166666666665]]]}},{"type":"Feature","properties":{"grid_id":"dem-006-038","layer_role":"hand_flood_envelope","status":"TEMPORARY","source_type":"DERIVED_APPROXIMATION","stage_index":6,"time":"2022-09-06T07:00:00+09:00","state":"plant_outage","label":"POSCO power and water cut","hand_m":0.0,"hand_threshold_m":0.25,"stage_fraction":1.0,"mean_elevation_m":3.14,"distance_to_primary_river_m":21.6,"stage_driver":"REPORTED_ORDER_ONLY","not_official_flood_extent":true,"not_hydraulic_simulation":true},"geometry":{"type":"Polygon","coordinates":[[[129.4025,35.994166666666665],[129.4025,35.995],[129.40166666666667,35.995],[129.40166666666667,35.994166666666665],[129.4025,35.994166666666665]]]}},{"type":"Feature","properties":{"grid_id":"dem-006-039","layer_role":"hand_flood_envelope","status":"TEMPORARY","source_type":"DERIVED_APPROXIMATION","stage_index":6,"time":"2022-09-06T07:00:00+09:00","state":"plant_outage","label":"POSCO power and water cut","hand_m":0.0,"hand_threshold_m":0.25,"stage_fraction":1.0,"mean_elevation_m":7.74,"distance_to_primary_river_m":93.6,"stage_driver":"REPORTED_ORDER_ONLY","not_official_flood_extent":true,"not_hydraulic_simulation":true},"geometry":{"type":"Polygon","coordinates":[[[129.40333333333334,35.994166666666665],[129.40333333333334,35.995],[129.4025,35.995],[129.4025,35.994166666666665],[129.40333333333334,35.994166666666665]]]}},{"type":"Feature","properties":{"grid_id":"dem-006-040","layer_role":"hand_flood_envelope","status":"TEMPORARY","source_type":"DERIVED_APPROXIMATION","stage_index":6,"time":"2022-09-06T07:00:00+09:00","state":"plant_outage","label":"POSCO power and water cut","hand_m":0.03,"hand_threshold_m":0.25,"stage_fraction":1.0,"mean_elevation_m":7.77,"distance_to_primary_river_m":162.9,"stage_driver":"REPORTED_ORDER_ONLY","not_official_flood_extent":true,"not_hydraulic_simulation":true},"geometry":{"type":"Polygon","coordinates":[[[129.40416666666667,35.994166666666665],[129.40416666666667,35.995],[129.40333333333334,35.995],[129.40333333333334,35.994166666666665],[129.40416666666667,35.994166666666665]]]}},{"type":"Feature","properties":{"grid_id":"dem-006-041","layer_role":"hand_flood_envelope","status":"TEMPORARY","source_type":"DERIVED_APPROXIMATION","stage_index":6,"time":"2022-09-06T07:00:00+09:00","state":"plant_outage","label":"POSCO power and water cut","hand_m":0.0,"hand_threshold_m":0.25,"stage_fraction":1.0,"mean_elevation_m":6.25,"distance_to_primary_river_m":232.1,"stage_driver":"REPORTED_ORDER_ONLY","not_official_flood_extent":true,"not_hydraulic_simulation":true},"geometry":{"type":"Polygon","coordinates":[[[129.405,35.994166666666665],[129.405,35.995],[129.40416666666667,35.995],[129.40416666666667,35.994166666666665],[129.405,35.994166666666665]]]}},{"type":"Feature","properties":{"grid_id":"dem-006-042","layer_role":"hand_flood_envelope","status":"TEMPORARY","source_type":"DERIVED_APPROXIMATION","stage_index":6,"time":"2022-09-06T07:00:00+09:00","state":"plant_outage","label":"POSCO power and water cut","hand_m":0.0,"hand_threshold_m":0.25,"stage_fraction":1.0,"mean_elevation_m":7.63,"distance_to_primary_river_m":297.1,"stage_driver":"REPORTED_ORDER_ONLY","not_official_flood_extent":true,"not_hydraulic_simulation":true},"geometry":{"type":"Polygon","coordinates":[[[129.40583333333333,35.994166666666665],[129.40583333333333,35.995],[129.405,35.995],[129.405,35.994166666666665],[129.40583333333333,35.994166666666665]]]}},{"type":"Feature","properties":{"grid_id":"dem-007-029","layer_role":"hand_flood_envelope","status":"TEMPORARY","source_type":"DERIVED_APPROXIMATION","stage_index":6,"time":"2022-09-06T07:00:00+09:00","state":"plant_outage","label":"POSCO power and water cut","hand_m":0.0,"hand_threshold_m":0.25,"stage_fraction":1.0,"mean_elevation_m":6.53,"distance_to_primary_river_m":602.7,"stage_driver":"REPORTED_ORDER_ONLY","not_official_flood_extent":true,"not_hydraulic_simulation":true},"geometry":{"type":"Polygon","coordinates":[[[129.395,35.99333333333333],[129.395,35.994166666666665],[129.39416666666668,35.994166666666665],[129.39416666666668,35.99333333333333],[129.395,35.99333333333333]]]}},{"type":"Feature","properties":{"grid_id":"dem-007-030","layer_role":"hand_flood_envelope","status":"TEMPORARY","source_type":"DERIVED_APPROXIMATION","stage_index":6,"time":"2022-09-06T07:00:00+09:00","state":"plant_outage","label":"POSCO power and water cut","hand_m":0.0,"hand_threshold_m":0.25,"stage_fraction":1.0,"mean_elevation_m":6.96,"distance_to_primary_river_m":530.3,"stage_driver":"REPORTED_ORDER_ONLY","not_official_flood_extent":true,"not_hydraulic_simulation":true},"geometry":{"type":"Polygon","coordinates":[[[129.39583333333334,35.99333333333333],[129.39583333333334,35.994166666666665],[129.395,35.994166666666665],[129.395,35.99333333333333],[129.39583333333334,35.99333333333333]]]}},{"type":"Feature","properties":{"grid_id":"dem-007-036","layer_role":"hand_flood_envelope","status":"TEMPORARY","source_type":"DERIVED_APPROXIMATION","stage_index":6,"time":"2022-09-06T07:00:00+09:00","state":"plant_outage","label":"POSCO power and water cut","hand_m":0.0,"hand_threshold_m":0.25,"stage_fraction":1.0,"mean_elevation_m":13.54,"distance_to_primary_river_m":97.4,"stage_driver":"REPORTED_ORDER_ONLY","not_official_flood_extent":true,"not_hydraulic_simulation":true},"geometry":{"type":"Polygon","coordinates":[[[129.40083333333334,35.99333333333333],[129.40083333333334,35.994166666666665],[129.4,35.994166666666665],[129.4,35.99333333333333],[129.40083333333334,35.99333333333333]]]}},{"type":"Feature","properties":{"grid_id":"dem-007-037","layer_role":"hand_flood_envelope","status":"TEMPORARY","source_type":"DERIVED_APPROXIMATION","stage_index":6,"time":"2022-09-06T07:00:00+09:00","state":"plant_outage","label":"POSCO power and water cut","hand_m":0.0,"hand_threshold_m":0.25,"stage_fraction":1.0,"mean_elevation_m":6.37,"distance_to_primary_river_m":25.6,"stage_driver":"REPORTED_ORDER_ONLY","not_official_flood_extent":true,"not_hydraulic_simulation":true},"geometry":{"type":"Polygon","coordinates":[[[129.40166666666667,35.99333333333333],[129.40166666666667,35.994166666666665],[129.40083333333334,35.994166666666665],[129.40083333333334,35.99333333333333],[129.40166666666667,35.99333333333333]]]}},{"type":"Feature","properties":{"grid_id":"dem-007-038","layer_role":"hand_flood_envelope","status":"TEMPORARY","source_type":"DERIVED_APPROXIMATION","stage_index":6,"time":"2022-09-06T07:00:00+09:00","state":"plant_outage","label":"POSCO power and water cut","hand_m":0.0,"hand_threshold_m":0.25,"stage_fraction":1.0,"mean_elevation_m":6.79,"distance_to_primary_river_m":46.2,"stage_driver":"REPORTED_ORDER_ONLY","not_official_flood_extent":true,"not_hydraulic_simulation":true},"geometry":{"type":"Polygon","coordinates":[[[129.4025,35.99333333333333],[129.4025,35.994166666666665],[129.40166666666667,35.994166666666665],[129.40166666666667,35.99333333333333],[129.4025,35.99333333333333]]]}},{"type":"Feature","properties":{"grid_id":"dem-007-039","layer_role":"hand_flood_envelope","status":"TEMPORARY","source_type":"DERIVED_APPROXIMATION","stage_index":6,"time":"2022-09-06T07:00:00+09:00","state":"plant_outage","label":"POSCO power and water cut","hand_m":0.0,"hand_threshold_m":0.25,"stage_fraction":1.0,"mean_elevation_m":9.85,"distance_to_primary_river_m":118.0,"stage_driver":"REPORTED_ORDER_ONLY","not_official_flood_extent":true,"not_hydraulic_simulation":true},"geometry":{"type":"Polygon","coordinates":[[[129.40333333333334,35.99333333333333],[129.40333333333334,35.994166666666665],[129.4025,35.994166666666665],[129.4025,35.99333333333333],[129.40333333333334,35.99333333333333]]]}},{"type":"Feature","properties":{"grid_id":"dem-007-040","layer_role":"hand_flood_envelope","status":"TEMPORARY","source_type":"DERIVED_APPROXIMATION","stage_index":6,"time":"2022-09-06T07:00:00+09:00","state":"plant_outage","label":"POSCO power and water cut","hand_m":0.0,"hand_threshold_m":0.25,"stage_fraction":1.0,"mean_elevation_m":9.25,"distance_to_primary_river_m":190.3,"stage_driver":"REPORTED_ORDER_ONLY","not_official_flood_extent":true,"not_hydraulic_simulation":true},"geometry":{"type":"Polygon","coordinates":[[[129.40416666666667,35.99333333333333],[129.40416666666667,35.994166666666665],[129.40333333333334,35.994166666666665],[129.40333333333334,35.99333333333333],[129.40416666666667,35.99333333333333]]]}},{"type":"Feature","properties":{"grid_id":"dem-007-041","layer_role":"hand_flood_envelope","status":"TEMPORARY","source_type":"DERIVED_APPROXIMATION","stage_index":6,"time":"2022-09-06T07:00:00+09:00","state":"plant_outage","label":"POSCO power and water cut","hand_m":0.0,"hand_threshold_m":0.25,"stage_fraction":1.0,"mean_elevation_m":9.21,"distance_to_primary_river_m":263.0,"stage_driver":"REPORTED_ORDER_ONLY","not_official_flood_extent":true,"not_hydraulic_simulation":true},"geometry":{"type":"Polygon","coordinates":[[[129.405,35.99333333333333],[129.405,35.994166666666665],[129.40416666666667,35.994166666666665],[129.40416666666667,35.99333333333333],[129.405,35.99333333333333]]]}},{"type":"Feature","properties":{"grid_id":"dem-007-042","layer_role":"hand_flood_envelope","status":"TEMPORARY","source_type":"DERIVED_APPROXIMATION","stage_index":6,"time":"2022-09-06T07:00:00+09:00","state":"plant_outage","label":"POSCO power and water cut","hand_m":0.0,"hand_threshold_m":0.25,"stage_fraction":1.0,"mean_elevation_m":8.29,"distance_to_primary_river_m":335.8,"stage_driver":"REPORTED_ORDER_ONLY","not_official_flood_extent":true,"not_hydraulic_simulation":true},"geometry":{"type":"Polygon","coordinates":[[[129.40583333333333,35.99333333333333],[129.40583333333333,35.994166666666665],[129.405,35.994166666666665],[129.405,35.99333333333333],[129.40583333333333,35.99333333333333]]]}},{"type":"Feature","properties":{"grid_id":"dem-007-043","layer_role":"hand_flood_envelope","status":"TEMPORARY","source_type":"DERIVED_APPROXIMATION","stage_index":6,"time":"2022-09-06T07:00:00+09:00","state":"plant_outage","label":"POSCO power and water cut","hand_m":0.0,"hand_threshold_m":0.25,"stage_fraction":1.0,"mean_elevation_m":8.0,"distance_to_primary_river_m":406.6,"stage_driver":"REPORTED_ORDER_ONLY","not_official_flood_extent":true,"not_hydraulic_simulation":true},"geometry":{"type":"Polygon","coordinates":[[[129.40666666666667,35.99333333333333],[129.40666666666667,35.994166666666665],[129.40583333333333,35.994166666666665],[129.40583333333333,35.99333333333333],[129.40666666666667,35.99333333333333]]]}},{"type":"Feature","properties":{"grid_id":"dem-008-030","layer_role":"hand_flood_envelope","status":"TEMPORARY","source_type":"DERIVED_APPROXIMATION","stage_index":6,"time":"2022-09-06T07:00:00+09:00","state":"plant_outage","label":"POSCO power and water cut","hand_m":0.18,"hand_threshold_m":0.25,"stage_fraction":1.0,"mean_elevation_m":7.57,"distance_to_primary_river_m":505.9,"stage_driver":"REPORTED_ORDER_ONLY","not_official_flood_extent":true,"not_hydraulic_simulation":true},"geometry":{"type":"Polygon","coordinates":[[[129.39583333333334,35.9925],[129.39583333333334,35.99333333333333],[129.395,35.99333333333333],[129.395,35.9925],[129.39583333333334,35.9925]]]}},{"type":"Feature","properties":{"grid_id":"dem-008-031","layer_role":"hand_flood_envelope","status":"TEMPORARY","source_type":"DERIVED_APPROXIMATION","stage_index":6,"time":"2022-09-06T07:00:00+09:00","state":"plant_outage","label":"POSCO power and water cut","hand_m":0.0,"hand_threshold_m":0.25,"stage_fraction":1.0,"mean_elevation_m":7.04,"distance_to_primary_river_m":433.4,"stage_driver":"REPORTED_ORDER_ONLY","not_official_flood_extent":true,"not_hydraulic_simulation":true},"geometry":{"type":"Polygon","coordinates":[[[129.39666666666668,35.9925],[129.39666666666668,35.99333333333333],[129.39583333333334,35.99333333333333],[129.39583333333334,35.9925],[129.39666666666668,35.9925]]]}},{"type":"Feature","properties":{"grid_id":"dem-008-032","layer_role":"hand_flood_envelope","status":"TEMPORARY","source_type":"DERIVED_APPROXIMATION","stage_index":6,"time":"2022-09-06T07:00:00+09:00","state":"plant_outage","label":"POSCO power and water cut","hand_m":0.0,"hand_threshold_m":0.25,"stage_fraction":1.0,"mean_elevation_m":6.69,"distance_to_primary_river_m":360.9,"stage_driver":"REPORTED_ORDER_ONLY","not_official_flood_extent":true,"not_hydraulic_simulation":true},"geometry":{"type":"Polygon","coordinates":[[[129.3975,35.9925],[129.3975,35.99333333333333],[129.39666666666668,35.99333333333333],[129.39666666666668,35.9925],[129.3975,35.9925]]]}},{"type":"Feature","properties":{"grid_id":"dem-008-033","layer_role":"hand_flood_envelope","status":"TEMPORARY","source_type":"DERIVED_APPROXIMATION","stage_index":6,"time":"2022-09-06T07:00:00+09:00","state":"plant_outage","label":"POSCO power and water cut","hand_m":0.0,"hand_threshold_m":0.25,"stage_fraction":1.0,"mean_elevation_m":6.78,"distance_to_primary_river_m":288.4,"stage_driver":"REPORTED_ORDER_ONLY","not_official_flood_extent":true,"not_hydraulic_simulation":true},"geometry":{"type":"Polygon","coordinates":[[[129.39833333333334,35.9925],[129.39833333333334,35.99333333333333],[129.3975,35.99333333333333],[129.3975,35.9925],[129.39833333333334,35.9925]]]}},{"type":"Feature","properties":{"grid_id":"dem-008-034","layer_role":"hand_flood_envelope","status":"TEMPORARY","source_type":"DERIVED_APPROXIMATION","stage_index":6,"time":"2022-09-06T07:00:00+09:00","state":"plant_outage","label":"POSCO power and water cut","hand_m":0.0,"hand_threshold_m":0.25,"stage_fraction":1.0,"mean_elevation_m":6.01,"distance_to_primary_river_m":216.0,"stage_driver":"REPORTED_ORDER_ONLY","not_official_flood_extent":true,"not_hydraulic_simulation":true},"geometry":{"type":"Polygon","coordinates":[[[129.39916666666667,35.9925],[129.39916666666667,35.99333333333333],[129.39833333333334,35.99333333333333],[129.39833333333334,35.9925],[129.39916666666667,35.9925]]]}},{"type":"Feature","properties":{"grid_id":"dem-008-035","layer_role":"hand_flood_envelope","status":"TEMPORARY","source_type":"DERIVED_APPROXIMATION","stage_index":6,"time":"2022-09-06T07:00:00+09:00","state":"plant_outage","label":"POSCO power and water cut","hand_m":0.0,"hand_threshold_m":0.25,"stage_fraction":1.0,"mean_elevation_m":7.39,"distance_to_primary_river_m":143.5,"stage_driver":"REPORTED_ORDER_ONLY","not_official_flood_extent":true,"not_hydraulic_simulation":true},"geometry":{"type":"Polygon","coordinates":[[[129.4,35.9925],[129.4,35.99333333333333],[129.39916666666667,35.99333333333333],[129.39916666666667,35.9925],[129.4,35.9925]]]}},{"type":"Feature","properties":{"grid_id":"dem-008-036","layer_role":"hand_flood_envelope","status":"TEMPORARY","source_type":"DERIVED_APPROXIMATION","stage_index":6,"time":"2022-09-06T07:00:00+09:00","state":"plant_outage","label":"POSCO power and water cut","hand_m":0.0,"hand_threshold_m":0.25,"stage_fraction":1.0,"mean_elevation_m":8.56,"distance_to_primary_river_m":71.0,"stage_driver":"REPORTED_ORDER_ONLY","not_official_flood_extent":true,"not_hydraulic_simulation":true},"geometry":{"type":"Polygon","coordinates":[[[129.40083333333334,35.9925],[129.40083333333334,35.99333333333333],[129.4,35.99333333333333],[129.4,35.9925],[129.40083333333334,35.9925]]]}},{"type":"Feature","properties":{"grid_id":"dem-008-037","layer_role":"hand_flood_envelope","status":"TEMPORARY","source_type":"DERIVED_APPROXIMATION","stage_index":6,"time":"2022-09-06T07:00:00+09:00","state":"plant_outage","label":"POSCO power and water cut","hand_m":0.0,"hand_threshold_m":0.25,"stage_fraction":1.0,"mean_elevation_m":4.45,"distance_to_primary_river_m":1.4,"stage_driver":"REPORTED_ORDER_ONLY","not_official_flood_extent":true,"not_hydraulic_simulation":true},"geometry":{"type":"Polygon","coordinates":[[[129.40166666666667,35.9925],[129.40166666666667,35.99333333333333],[129.40083333333334,35.99333333333333],[129.40083333333334,35.9925],[129.40166666666667,35.9925]]]}},{"type":"Feature","properties":{"grid_id":"dem-008-038","layer_role":"hand_flood_envelope","status":"TEMPORARY","source_type":"DERIVED_APPROXIMATION","stage_index":6,"time":"2022-09-06T07:00:00+09:00","state":"plant_outage","label":"POSCO power and water cut","hand_m":0.0,"hand_threshold_m":0.25,"stage_fraction":1.0,"mean_elevation_m":8.4,"distance_to_primary_river_m":73.5,"stage_driver":"REPORTED_ORDER_ONLY","not_official_flood_extent":true,"not_hydraulic_simulation":true},"geometry":{"type":"Polygon","coordinates":[[[129.4025,35.9925],[129.4025,35.99333333333333],[129.40166666666667,35.99333333333333],[129.40166666666667,35.9925],[129.4025,35.9925]]]}},{"type":"Feature","properties":{"grid_id":"dem-008-039","layer_role":"hand_flood_envelope","status":"TEMPORARY","source_type":"DERIVED_APPROXIMATION","stage_index":6,"time":"2022-09-06T07:00:00+09:00","state":"plant_outage","label":"POSCO power and water cut","hand_m":0.0,"hand_threshold_m":0.25,"stage_fraction":1.0,"mean_elevation_m":10.28,"distance_to_primary_river_m":145.3,"stage_driver":"REPORTED_ORDER_ONLY","not_official_flood_extent":true,"not_hydraulic_simulation":true},"geometry":{"type":"Polygon","coordinates":[[[129.40333333333334,35.9925],[129.40333333333334,35.99333333333333],[129.4025,35.99333333333333],[129.4025,35.9925],[129.40333333333334,35.9925]]]}},{"type":"Feature","properties":{"grid_id":"dem-008-040","layer_role":"hand_flood_envelope","status":"TEMPORARY","source_type":"DERIVED_APPROXIMATION","stage_index":6,"time":"2022-09-06T07:00:00+09:00","state":"plant_outage","label":"POSCO power and water cut","hand_m":0.0,"hand_threshold_m":0.25,"stage_fraction":1.0,"mean_elevation_m":9.91,"distance_to_primary_river_m":217.1,"stage_driver":"REPORTED_ORDER_ONLY","not_official_flood_extent":true,"not_hydraulic_simulation":true},"geometry":{"type":"Polygon","coordinates":[[[129.40416666666667,35.9925],[129.40416666666667,35.99333333333333],[129.40333333333334,35.99333333333333],[129.40333333333334,35.9925],[129.40416666666667,35.9925]]]}},{"type":"Feature","properties":{"grid_id":"dem-008-042","layer_role":"hand_flood_envelope","status":"TEMPORARY","source_type":"DERIVED_APPROXIMATION","stage_index":6,"time":"2022-09-06T07:00:00+09:00","state":"plant_outage","label":"POSCO power and water cut","hand_m":0.0,"hand_threshold_m":0.25,"stage_fraction":1.0,"mean_elevation_m":9.06,"distance_to_primary_river_m":360.7,"stage_driver":"REPORTED_ORDER_ONLY","not_official_flood_extent":true,"not_hydraulic_simulation":true},"geometry":{"type":"Polygon","coordinates":[[[129.40583333333333,35.9925],[129.40583333333333,35.99333333333333],[129.405,35.99333333333333],[129.405,35.9925],[129.40583333333333,35.9925]]]}},{"type":"Feature","properties":{"grid_id":"dem-008-043","layer_role":"hand_flood_envelope","status":"TEMPORARY","source_type":"DERIVED_APPROXIMATION","stage_index":6,"time":"2022-09-06T07:00:00+09:00","state":"plant_outage","label":"POSCO power and water cut","hand_m":0.0,"hand_threshold_m":0.25,"stage_fraction":1.0,"mean_elevation_m":8.32,"distance_to_primary_river_m":432.5,"stage_driver":"REPORTED_ORDER_ONLY","not_official_flood_extent":true,"not_hydraulic_simulation":true},"geometry":{"type":"Polygon","coordinates":[[[129.40666666666667,35.9925],[129.40666666666667,35.99333333333333],[129.40583333333333,35.99333333333333],[129.40583333333333,35.9925],[129.40666666666667,35.9925]]]}},{"type":"Feature","properties":{"grid_id":"dem-008-044","layer_role":"hand_flood_envelope","status":"TEMPORARY","source_type":"DERIVED_APPROXIMATION","stage_index":6,"time":"2022-09-06T07:00:00+09:00","state":"plant_outage","label":"POSCO power and water cut","hand_m":0.0,"hand_threshold_m":0.25,"stage_fraction":1.0,"mean_elevation_m":8.95,"distance_to_primary_river_m":504.5,"stage_driver":"REPORTED_ORDER_ONLY","not_official_flood_extent":true,"not_hydraulic_simulation":true},"geometry":{"type":"Polygon","coordinates":[[[129.4075,35.9925],[129.4075,35.99333333333333],[129.40666666666667,35.99333333333333],[129.40666666666667,35.9925],[129.4075,35.9925]]]}},{"type":"Feature","properties":{"grid_id":"dem-009-030","layer_role":"hand_flood_envelope","status":"TEMPORARY","source_type":"DERIVED_APPROXIMATION","stage_index":6,"time":"2022-09-06T07:00:00+09:00","state":"plant_outage","label":"POSCO power and water cut","hand_m":0.07,"hand_threshold_m":0.25,"stage_fraction":1.0,"mean_elevation_m":9.45,"distance_to_primary_river_m":486.1,"stage_driver":"REPORTED_ORDER_ONLY","not_official_flood_extent":true,"not_hydraulic_simulation":true},"geometry":{"type":"Polygon","coordinates":[[[129.39583333333334,35.99166666666667],[129.39583333333334,35.9925],[129.395,35.9925],[129.395,35.99166666666667],[129.39583333333334,35.99166666666667]]]}},{"type":"Feature","properties":{"grid_id":"dem-009-032","layer_role":"hand_flood_envelope","status":"TEMPORARY","source_type":"DERIVED_APPROXIMATION","stage_index":6,"time":"2022-09-06T07:00:00+09:00","state":"plant_outage","label":"POSCO power and water cut","hand_m":0.0,"hand_threshold_m":0.25,"stage_fraction":1.0,"mean_elevation_m":8.8,"distance_to_primary_river_m":337.6,"stage_driver":"REPORTED_ORDER_ONLY","not_official_flood_extent":true,"not_hydraulic_simulation":true},"geometry":{"type":"Polygon","coordinates":[[[129.3975,35.99166666666667],[129.3975,35.9925],[129.39666666666668,35.9925],[129.39666666666668,35.99166666666667],[129.3975,35.99166666666667]]]}},{"type":"Feature","properties":{"grid_id":"dem-009-033","layer_role":"hand_flood_envelope","status":"TEMPORARY","source_type":"DERIVED_APPROXIMATION","stage_index":6,"time":"2022-09-06T07:00:00+09:00","state":"plant_outage","label":"POSCO power and water cut","hand_m":0.0,"hand_threshold_m":0.25,"stage_fraction":1.0,"mean_elevation_m":7.32,"distance_to_primary_river_m":264.1,"stage_driver":"REPORTED_ORDER_ONLY","not_official_flood_extent":true,"not_hydraulic_simulation":true},"geometry":{"type":"Polygon","coordinates":[[[129.39833333333334,35.99166666666667],[129.39833333333334,35.9925],[129.3975,35.9925],[129.3975,35.99166666666667],[129.39833333333334,35.99166666666667]]]}},{"type":"Feature","properties":{"grid_id":"dem-009-034","layer_role":"hand_flood_envelope","status":"TEMPORARY","source_type":"DERIVED_APPROXIMATION","stage_index":6,"time":"2022-09-06T07:00:00+09:00","state":"plant_outage","label":"POSCO power and water cut","hand_m":0.0,"hand_threshold_m":0.25,"stage_fraction":1.0,"mean_elevation_m":9.1,"distance_to_primary_river_m":191.5,"stage_driver":"REPORTED_ORDER_ONLY","not_official_flood_extent":true,"not_hydraulic_simulation":true},"geometry":{"type":"Polygon","coordinates":[[[129.39916666666667,35.99166666666667],[129.39916666666667,35.9925],[129.39833333333334,35.9925],[129.39833333333334,35.99166666666667],[129.39916666666667,35.99166666666667]]]}},{"type":"Feature","properties":{"grid_id":"dem-009-035","layer_role":"hand_flood_envelope","status":"TEMPORARY","source_type":"DERIVED_APPROXIMATION","stage_index":6,"time":"2022-09-06T07:00:00+09:00","state":"plant_outage","label":"POSCO power and water cut","hand_m":0.0,"hand_threshold_m":0.25,"stage_fraction":1.0,"mean_elevation_m":9.37,"distance_to_primary_river_m":119.1,"stage_driver":"REPORTED_ORDER_ONLY","not_official_flood_extent":true,"not_hydraulic_simulation":true},"geometry":{"type":"Polygon","coordinates":[[[129.4,35.99166666666667],[129.4,35.9925],[129.39916666666667,35.9925],[129.39916666666667,35.99166666666667],[129.4,35.99166666666667]]]}},{"type":"Feature","properties":{"grid_id":"dem-009-036","layer_role":"hand_flood_envelope","status":"TEMPORARY","source_type":"DERIVED_APPROXIMATION","stage_index":6,"time":"2022-09-06T07:00:00+09:00","state":"plant_outage","label":"POSCO power and water cut","hand_m":0.0,"hand_threshold_m":0.25,"stage_fraction":1.0,"mean_elevation_m":7.74,"distance_to_primary_river_m":46.6,"stage_driver":"REPORTED_ORDER_ONLY","not_official_flood_extent":true,"not_hydraulic_simulation":true},"geometry":{"type":"Polygon","coordinates":[[[129.40083333333334,35.99166666666667],[129.40083333333334,35.9925],[129.4,35.9925],[129.4,35.99166666666667],[129.40083333333334,35.99166666666667]]]}},{"type":"Feature","properties":{"grid_id":"dem-009-037","layer_role":"hand_flood_envelope","status":"TEMPORARY","source_type":"DERIVED_APPROXIMATION","stage_index":6,"time":"2022-09-06T07:00:00+09:00","state":"plant_outage","label":"POSCO power and water cut","hand_m":0.0,"hand_threshold_m":0.25,"stage_fraction":1.0,"mean_elevation_m":4.44,"distance_to_primary_river_m":25.9,"stage_driver":"REPORTED_ORDER_ONLY","not_official_flood_extent":true,"not_hydraulic_simulation":true},"geometry":{"type":"Polygon","coordinates":[[[129.40166666666667,35.99166666666667],[129.40166666666667,35.9925],[129.40083333333334,35.9925],[129.40083333333334,35.99166666666667],[129.40166666666667,35.99166666666667]]]}},{"type":"Feature","properties":{"grid_id":"dem-009-038","layer_role":"hand_flood_envelope","status":"TEMPORARY","source_type":"DERIVED_APPROXIMATION","stage_index":6,"time":"2022-09-06T07:00:00+09:00","state":"plant_outage","label":"POSCO power and water cut","hand_m":0.0,"hand_threshold_m":0.25,"stage_fraction":1.0,"mean_elevation_m":10.27,"distance_to_primary_river_m":98.3,"stage_driver":"REPORTED_ORDER_ONLY","not_official_flood_extent":true,"not_hydraulic_simulation":true},"geometry":{"type":"Polygon","coordinates":[[[129.4025,35.99166666666667],[129.4025,35.9925],[129.40166666666667,35.9925],[129.40166666666667,35.99166666666667],[129.4025,35.99166666666667]]]}},{"type":"Feature","properties":{"grid_id":"dem-009-039","layer_role":"hand_flood_envelope","status":"TEMPORARY","source_type":"DERIVED_APPROXIMATION","stage_index":6,"time":"2022-09-06T07:00:00+09:00","state":"plant_outage","label":"POSCO power and water cut","hand_m":0.01,"hand_threshold_m":0.25,"stage_fraction":1.0,"mean_elevation_m":10.28,"distance_to_primary_river_m":170.8,"stage_driver":"REPORTED_ORDER_ONLY","not_official_flood_extent":true,"not_hydraulic_simulation":true},"geometry":{"type":"Polygon","coordinates":[[[129.40333333333334,35.99166666666667],[129.40333333333334,35.9925],[129.4025,35.9925],[129.4025,35.99166666666667],[129.40333333333334,35.99166666666667]]]}},{"type":"Feature","properties":{"grid_id":"dem-009-040","layer_role":"hand_flood_envelope","status":"TEMPORARY","source_type":"DERIVED_APPROXIMATION","stage_index":6,"time":"2022-09-06T07:00:00+09:00","state":"plant_outage","label":"POSCO power and water cut","hand_m":0.0,"hand_threshold_m":0.25,"stage_fraction":1.0,"mean_elevation_m":9.9,"distance_to_primary_river_m":243.3,"stage_driver":"REPORTED_ORDER_ONLY","not_official_flood_extent":true,"not_hydraulic_simulation":true},"geometry":{"type":"Polygon","coordinates":[[[129.40416666666667,35.99166666666667],[129.40416666666667,35.9925],[129.40333333333334,35.9925],[129.40333333333334,35.99166666666667],[129.40416666666667,35.99166666666667]]]}},{"type":"Feature","properties":{"grid_id":"dem-009-043","layer_role":"hand_flood_envelope","status":"TEMPORARY","source_type":"DERIVED_APPROXIMATION","stage_index":6,"time":"2022-09-06T07:00:00+09:00","state":"plant_outage","label":"POSCO power and water cut","hand_m":0.0,"hand_threshold_m":0.25,"stage_fraction":1.0,"mean_elevation_m":9.4,"distance_to_primary_river_m":459.7,"stage_driver":"REPORTED_ORDER_ONLY","not_official_flood_extent":true,"not_hydraulic_simulation":true},"geometry":{"type":"Polygon","coordinates":[[[129.40666666666667,35.99166666666667],[129.40666666666667,35.9925],[129.40583333333333,35.9925],[129.40583333333333,35.99166666666667],[129.40666666666667,35.99166666666667]]]}},{"type":"Feature","properties":{"grid_id":"dem-009-044","layer_role":"hand_flood_envelope","status":"TEMPORARY","source_type":"DERIVED_APPROXIMATION","stage_index":6,"time":"2022-09-06T07:00:00+09:00","state":"plant_outage","label":"POSCO power and water cut","hand_m":0.0,"hand_threshold_m":0.25,"stage_fraction":1.0,"mean_elevation_m":9.15,"distance_to_primary_river_m":531.5,"stage_driver":"REPORTED_ORDER_ONLY","not_official_flood_extent":true,"not_hydraulic_simulation":true},"geometry":{"type":"Polygon","coordinates":[[[129.4075,35.99166666666667],[129.4075,35.9925],[129.40666666666667,35.9925],[129.40666666666667,35.99166666666667],[129.4075,35.99166666666667]]]}},{"type":"Feature","properties":{"grid_id":"dem-010-030","layer_role":"hand_flood_envelope","status":"TEMPORARY","source_type":"DERIVED_APPROXIMATION","stage_index":6,"time":"2022-09-06T07:00:00+09:00","state":"plant_outage","label":"POSCO power and water cut","hand_m":0.0,"hand_threshold_m":0.25,"stage_fraction":1.0,"mean_elevation_m":14.63,"distance_to_primary_river_m":475.9,"stage_driver":"REPORTED_ORDER_ONLY","not_official_flood_extent":true,"not_hydraulic_simulation":true},"geometry":{"type":"Polygon","coordinates":[[[129.39583333333334,35.990833333333335],[129.39583333333334,35.99166666666667],[129.395,35.99166666666667],[129.395,35.990833333333335],[129.39583333333334,35.990833333333335]]]}},{"type":"Feature","properties":{"grid_id":"dem-010-031","layer_role":"hand_flood_envelope","status":"TEMPORARY","source_type":"DERIVED_APPROXIMATION","stage_index":6,"time":"2022-09-06T07:00:00+09:00","state":"plant_outage","label":"POSCO power and water cut","hand_m":0.0,"hand_threshold_m":0.25,"stage_fraction":1.0,"mean_elevation_m":9.27,"distance_to_primary_river_m":401.2,"stage_driver":"REPORTED_ORDER_ONLY","not_official_flood_extent":true,"not_hydraulic_simulation":true},"geometry":{"type":"Polygon","coordinates":[[[129.39666666666668,35.990833333333335],[129.39666666666668,35.99166666666667],[129.39583333333334,35.99166666666667],[129.39583333333334,35.990833333333335],[129.39666666666668,35.990833333333335]]]}},{"type":"Feature","properties":{"grid_id":"dem-010-032","layer_role":"hand_flood_envelope","status":"TEMPORARY","source_type":"DERIVED_APPROXIMATION","stage_index":6,"time":"2022-09-06T07:00:00+09:00","state":"plant_outage","label":"POSCO power and water cut","hand_m":0.0,"hand_threshold_m":0.25,"stage_fraction":1.0,"mean_elevation_m":8.24,"distance_to_primary_river_m":326.5,"stage_driver":"REPORTED_ORDER_ONLY","not_official_flood_extent":true,"not_hydraulic_simulation":true},"geometry":{"type":"Polygon","coordinates":[[[129.3975,35.990833333333335],[129.3975,35.99166666666667],[129.39666666666668,35.99166666666667],[129.39666666666668,35.990833333333335],[129.3975,35.990833333333335]]]}},{"type":"Feature","properties":{"grid_id":"dem-010-033","layer_role":"hand_flood_envelope","status":"TEMPORARY","source_type":"DERIVED_APPROXIMATION","stage_index":6,"time":"2022-09-06T07:00:00+09:00","state":"plant_outage","label":"POSCO power and water cut","hand_m":0.0,"hand_threshold_m":0.25,"stage_fraction":1.0,"mean_elevation_m":6.67,"distance_to_primary_river_m":251.8,"stage_driver":"REPORTED_ORDER_ONLY","not_official_flood_extent":true,"not_hydraulic_simulation":true},"geometry":{"type":"Polygon","coordinates":[[[129.39833333333334,35.990833333333335],[129.39833333333334,35.99166666666667],[129.3975,35.99166666666667],[129.3975,35.990833333333335],[129.39833333333334,35.990833333333335]]]}},{"type":"Feature","properties":{"grid_id":"dem-010-034","layer_role":"hand_flood_envelope","status":"TEMPORARY","source_type":"DERIVED_APPROXIMATION","stage_index":6,"time":"2022-09-06T07:00:00+09:00","state":"plant_outage","label":"POSCO power and water cut","hand_m":0.12,"hand_threshold_m":0.25,"stage_fraction":1.0,"mean_elevation_m":15.03,"distance_to_primary_river_m":177.1,"stage_driver":"REPORTED_ORDER_ONLY","not_official_flood_extent":true,"not_hydraulic_simulation":true},"geometry":{"type":"Polygon","coordinates":[[[129.39916666666667,35.990833333333335],[129.39916666666667,35.99166666666667],[129.39833333333334,35.99166666666667],[129.39833333333334,35.990833333333335],[129.39916666666667,35.990833333333335]]]}},{"type":"Feature","properties":{"grid_id":"dem-010-035","layer_role":"hand_flood_envelope","status":"TEMPORARY","source_type":"DERIVED_APPROXIMATION","stage_index":6,"time":"2022-09-06T07:00:00+09:00","state":"plant_outage","label":"POSCO power and water cut","hand_m":0.0,"hand_threshold_m":0.25,"stage_fraction":1.0,"mean_elevation_m":14.91,"distance_to_primary_river_m":102.4,"stage_driver":"REPORTED_ORDER_ONLY","not_official_flood_extent":true,"not_hydraulic_simulation":true},"geometry":{"type":"Polygon","coordinates":[[[129.4,35.990833333333335],[129.4,35.99166666666667],[129.39916666666667,35.99166666666667],[129.39916666666667,35.990833333333335],[129.4,35.990833333333335]]]}},{"type":"Feature","properties":{"grid_id":"dem-010-036","layer_role":"hand_flood_envelope","status":"TEMPORARY","source_type":"DERIVED_APPROXIMATION","stage_index":6,"time":"2022-09-06T07:00:00+09:00","state":"plant_outage","label":"POSCO power and water cut","hand_m":0.0,"hand_threshold_m":0.25,"stage_fraction":1.0,"mean_elevation_m":4.68,"distance_to_primary_river_m":27.8,"stage_driver":"REPORTED_ORDER_ONLY","not_official_flood_extent":true,"not_hydraulic_simulation":true},"geometry":{"type":"Polygon","coordinates":[[[129.40083333333334,35.990833333333335],[129.40083333333334,35.99166666666667],[129.4,35.99166666666667],[129.4,35.990833333333335],[129.40083333333334,35.990833333333335]]]}},{"type":"Feature","properties":{"grid_id":"dem-010-037","layer_role":"hand_flood_envelope","status":"TEMPORARY","source_type":"DERIVED_APPROXIMATION","stage_index":6,"time":"2022-09-06T07:00:00+09:00","state":"plant_outage","label":"POSCO power and water cut","hand_m":0.0,"hand_threshold_m":0.25,"stage_fraction":1.0,"mean_elevation_m":5.74,"distance_to_primary_river_m":46.9,"stage_driver":"REPORTED_ORDER_ONLY","not_official_flood_extent":true,"not_hydraulic_simulation":true},"geometry":{"type":"Polygon","coordinates":[[[129.40166666666667,35.990833333333335],[129.40166666666667,35.99166666666667],[129.40083333333334,35.99166666666667],[129.40083333333334,35.990833333333335],[129.40166666666667,35.990833333333335]]]}},{"type":"Feature","properties":{"grid_id":"dem-010-038","layer_role":"hand_flood_envelope","status":"TEMPORARY","source_type":"DERIVED_APPROXIMATION","stage_index":6,"time":"2022-09-06T07:00:00+09:00","state":"plant_outage","label":"POSCO power and water cut","hand_m":0.0,"hand_threshold_m":0.25,"stage_fraction":1.0,"mean_elevation_m":8.18,"distance_to_primary_river_m":121.6,"stage_driver":"REPORTED_ORDER_ONLY","not_official_flood_extent":true,"not_hydraulic_simulation":true},"geometry":{"type":"Polygon","coordinates":[[[129.4025,35.990833333333335],[129.4025,35.99166666666667],[129.40166666666667,35.99166666666667],[129.40166666666667,35.990833333333335],[129.4025,35.990833333333335]]]}},{"type":"Feature","properties":{"grid_id":"dem-010-044","layer_role":"hand_flood_envelope","status":"TEMPORARY","source_type":"DERIVED_APPROXIMATION","stage_index":6,"time":"2022-09-06T07:00:00+09:00","state":"plant_outage","label":"POSCO power and water cut","hand_m":0.0,"hand_threshold_m":0.25,"stage_fraction":1.0,"mean_elevation_m":10.06,"distance_to_primary_river_m":557.6,"stage_driver":"REPORTED_ORDER_ONLY","not_official_flood_extent":true,"not_hydraulic_simulation":true},"geometry":{"type":"Polygon","coordinates":[[[129.4075,35.990833333333335],[129.4075,35.99166666666667],[129.40666666666667,35.99166666666667],[129.40666666666667,35.990833333333335],[129.4075,35.990833333333335]]]}},{"type":"Feature","properties":{"grid_id":"dem-011-031","layer_role":"hand_flood_envelope","status":"TEMPORARY","source_type":"DERIVED_APPROXIMATION","stage_index":6,"time":"2022-09-06T07:00:00+09:00","state":"plant_outage","label":"POSCO power and water cut","hand_m":0.18,"hand_threshold_m":0.25,"stage_fraction":1.0,"mean_elevation_m":9.41,"distance_to_primary_river_m":397.5,"stage_driver":"REPORTED_ORDER_ONLY","not_official_flood_extent":true,"not_hydraulic_simulation":true},"geometry":{"type":"Polygon","coordinates":[[[129.39666666666668,35.99],[129.39666666666668,35.990833333333335],[129.39583333333334,35.990833333333335],[129.39583333333334,35.99],[129.39666666666668,35.99]]]}},{"type":"Feature","properties":{"grid_id":"dem-011-032","layer_role":"hand_flood_envelope","status":"TEMPORARY","source_type":"DERIVED_APPROXIMATION","stage_index":6,"time":"2022-09-06T07:00:00+09:00","state":"plant_outage","label":"POSCO power and water cut","hand_m":0.0,"hand_threshold_m":0.25,"stage_fraction":1.0,"mean_elevation_m":8.27,"distance_to_primary_river_m":322.6,"stage_driver":"REPORTED_ORDER_ONLY","not_official_flood_extent":true,"not_hydraulic_simulation":true},"geometry":{"type":"Polygon","coordinates":[[[129.3975,35.99],[129.3975,35.990833333333335],[129.39666666666668,35.990833333333335],[129.39666666666668,35.99],[129.3975,35.99]]]}},{"type":"Feature","properties":{"grid_id":"dem-011-033","layer_role":"hand_flood_envelope","status":"TEMPORARY","source_type":"DERIVED_APPROXIMATION","stage_index":6,"time":"2022-09-06T07:00:00+09:00","state":"plant_outage","label":"POSCO power and water cut","hand_m":0.0,"hand_threshold_m":0.25,"stage_fraction":1.0,"mean_elevation_m":7.41,"distance_to_primary_river_m":247.8,"stage_driver":"REPORTED_ORDER_ONLY","not_official_flood_extent":true,"not_hydraulic_simulation":true},"geometry":{"type":"Polygon","coordinates":[[[129.39833333333334,35.99],[129.39833333333334,35.990833333333335],[129.3975,35.990833333333335],[129.3975,35.99],[129.39833333333334,35.99]]]}},{"type":"Feature","properties":{"grid_id":"dem-011-034","layer_role":"hand_flood_envelope","status":"TEMPORARY","source_type":"DERIVED_APPROXIMATION","stage_index":6,"time":"2022-09-06T07:00:00+09:00","state":"plant_outage","label":"POSCO power and water cut","hand_m":0.0,"hand_threshold_m":0.25,"stage_fraction":1.0,"mean_elevation_m":8.54,"distance_to_primary_river_m":173.3,"stage_driver":"REPORTED_ORDER_ONLY","not_official_flood_extent":true,"not_hydraulic_simulation":true},"geometry":{"type":"Polygon","coordinates":[[[129.39916666666667,35.99],[129.39916666666667,35.990833333333335],[129.39833333333334,35.990833333333335],[129.39833333333334,35.99],[129.39916666666667,35.99]]]}},{"type":"Feature","properties":{"grid_id":"dem-011-035","layer_role":"hand_flood_envelope","status":"TEMPORARY","source_type":"DERIVED_APPROXIMATION","stage_index":6,"time":"2022-09-06T07:00:00+09:00","state":"plant_outage","label":"POSCO power and water cut","hand_m":0.0,"hand_threshold_m":0.25,"stage_fraction":1.0,"mean_elevation_m":9.23,"distance_to_primary_river_m":98.9,"stage_driver":"REPORTED_ORDER_ONLY","not_official_flood_extent":true,"not_hydraulic_simulation":true},"geometry":{"type":"Polygon","coordinates":[[[129.4,35.99],[129.4,35.990833333333335],[129.39916666666667,35.990833333333335],[129.39916666666667,35.99],[129.4,35.99]]]}},{"type":"Feature","properties":{"grid_id":"dem-011-036","layer_role":"hand_flood_envelope","status":"TEMPORARY","source_type":"DERIVED_APPROXIMATION","stage_index":6,"time":"2022-09-06T07:00:00+09:00","state":"plant_outage","label":"POSCO power and water cut","hand_m":0.0,"hand_threshold_m":0.25,"stage_fraction":1.0,"mean_elevation_m":4.81,"distance_to_primary_river_m":24.6,"stage_driver":"REPORTED_ORDER_ONLY","not_official_flood_extent":true,"not_hydraulic_simulation":true},"geometry":{"type":"Polygon","coordinates":[[[129.40083333333334,35.99],[129.40083333333334,35.990833333333335],[129.4,35.990833333333335],[129.4,35.99],[129.40083333333334,35.99]]]}},{"type":"Feature","properties":{"grid_id":"dem-011-037","layer_role":"hand_flood_envelope","status":"TEMPORARY","source_type":"DERIVED_APPROXIMATION","stage_index":6,"time":"2022-09-06T07:00:00+09:00","state":"plant_outage","label":"POSCO power and water cut","hand_m":0.0,"hand_threshold_m":0.25,"stage_fraction":1.0,"mean_elevation_m":6.23,"distance_to_primary_river_m":49.8,"stage_driver":"REPORTED_ORDER_ONLY","not_official_flood_extent":true,"not_hydraulic_simulation":true},"geometry":{"type":"Polygon","coordinates":[[[129.40166666666667,35.99],[129.40166666666667,35.990833333333335],[129.40083333333334,35.990833333333335],[129.40083333333334,35.99],[129.40166666666667,35.99]]]}},{"type":"Feature","properties":{"grid_id":"dem-011-038","layer_role":"hand_flood_envelope","status":"TEMPORARY","source_type":"DERIVED_APPROXIMATION","stage_index":6,"time":"2022-09-06T07:00:00+09:00","state":"plant_outage","label":"POSCO power and water cut","hand_m":0.0,"hand_threshold_m":0.25,"stage_fraction":1.0,"mean_elevation_m":10.04,"distance_to_primary_river_m":123.1,"stage_driver":"REPORTED_ORDER_ONLY","not_official_flood_extent":true,"not_hydraulic_simulation":true},"geometry":{"type":"Polygon","coordinates":[[[129.4025,35.99],[129.4025,35.990833333333335],[129.40166666666667,35.990833333333335],[129.40166666666667,35.99],[129.4025,35.99]]]}},{"type":"Feature","properties":{"grid_id":"dem-011-039","layer_role":"hand_flood_envelope","status":"TEMPORARY","source_type":"DERIVED_APPROXIMATION","stage_index":6,"time":"2022-09-06T07:00:00+09:00","state":"plant_outage","label":"POSCO power and water cut","hand_m":0.0,"hand_threshold_m":0.25,"stage_fraction":1.0,"mean_elevation_m":8.7,"distance_to_primary_river_m":189.8,"stage_driver":"REPORTED_ORDER_ONLY","not_official_flood_extent":true,"not_hydraulic_simulation":true},"geometry":{"type":"Polygon","coordinates":[[[129.40333333333334,35.99],[129.40333333333334,35.990833333333335],[129.4025,35.990833333333335],[129.4025,35.99],[129.40333333333334,35.99]]]}},{"type":"Feature","properties":{"grid_id":"dem-012-032","layer_role":"hand_flood_envelope","status":"TEMPORARY","source_type":"DERIVED_APPROXIMATION","stage_index":6,"time":"2022-09-06T07:00:00+09:00","state":"plant_outage","label":"POSCO power and water cut","hand_m":0.05,"hand_threshold_m":0.25,"stage_fraction":1.0,"mean_elevation_m":10.86,"distance_to_primary_river_m":335.5,"stage_driver":"REPORTED_ORDER_ONLY","not_official_flood_extent":true,"not_hydraulic_simulation":true},"geometry":{"type":"Polygon","coordinates":[[[129.3975,35.98916666666667],[129.3975,35.99],[129.39666666666668,35.99],[129.39666666666668,35.98916666666667],[129.3975,35.98916666666667]]]}},{"type":"Feature","properties":{"grid_id":"dem-012-033","layer_role":"hand_flood_envelope","status":"TEMPORARY","source_type":"DERIVED_APPROXIMATION","stage_index":6,"time":"2022-09-06T07:00:00+09:00","state":"plant_outage","label":"POSCO power and water cut","hand_m":0.0,"hand_threshold_m":0.25,"stage_fraction":1.0,"mean_elevation_m":10.38,"distance_to_primary_river_m":261.7,"stage_driver":"REPORTED_ORDER_ONLY","not_official_flood_extent":true,"not_hydraulic_simulation":true},"geometry":{"type":"Polygon","coordinates":[[[129.39833333333334,35.98916666666667],[129.39833333333334,35.99],[129.3975,35.99],[129.3975,35.98916666666667],[129.39833333333334,35.98916666666667]]]}},{"type":"Feature","properties":{"grid_id":"dem-012-035","layer_role":"hand_flood_envelope","status":"TEMPORARY","source_type":"DERIVED_APPROXIMATION","stage_index":6,"time":"2022-09-06T07:00:00+09:00","state":"plant_outage","label":"POSCO power and water cut","hand_m":0.0,"hand_threshold_m":0.25,"stage_fraction":1.0,"mean_elevation_m":10.81,"distance_to_primary_river_m":119.6,"stage_driver":"REPORTED_ORDER_ONLY","not_official_flood_extent":true,"not_hydraulic_simulation":true},"geometry":{"type":"Polygon","coordinates":[[[129.4,35.98916666666667],[129.4,35.99],[129.39916666666667,35.99],[129.39916666666667,35.98916666666667],[129.4,35.98916666666667]]]}},{"type":"Feature","properties":{"grid_id":"dem-012-036","layer_role":"hand_flood_envelope","status":"TEMPORARY","source_type":"DERIVED_APPROXIMATION","stage_index":6,"time":"2022-09-06T07:00:00+09:00","state":"plant_outage","label":"POSCO power and water cut","hand_m":0.0,"hand_threshold_m":0.25,"stage_fraction":1.0,"mean_elevation_m":6.47,"distance_to_primary_river_m":52.9,"stage_driver":"REPORTED_ORDER_ONLY","not_official_flood_extent":true,"not_hydraulic_simulation":true},"geometry":{"type":"Polygon","coordinates":[[[129.40083333333334,35.98916666666667],[129.40083333333334,35.99],[129.4,35.99],[129.4,35.98916666666667],[129.40083333333334,35.98916666666667]]]}},{"type":"Feature","properties":{"grid_id":"dem-012-037","layer_role":"hand_flood_envelope","status":"TEMPORARY","source_type":"DERIVED_APPROXIMATION","stage_index":6,"time":"2022-09-06T07:00:00+09:00","state":"plant_outage","label":"POSCO power and water cut","hand_m":0.0,"hand_threshold_m":0.25,"stage_fraction":1.0,"mean_elevation_m":4.42,"distance_to_primary_river_m":13.8,"stage_driver":"REPORTED_ORDER_ONLY","not_official_flood_extent":true,"not_hydraulic_simulation":true},"geometry":{"type":"Polygon","coordinates":[[[129.40166666666667,35.98916666666667],[129.40166666666667,35.99],[129.40083333333334,35.99],[129.40083333333334,35.98916666666667],[129.40166666666667,35.98916666666667]]]}},{"type":"Feature","properties":{"grid_id":"dem-012-038","layer_role":"hand_flood_envelope","status":"TEMPORARY","source_type":"DERIVED_APPROXIMATION","stage_index":6,"time":"2022-09-06T07:00:00+09:00","state":"plant_outage","label":"POSCO power and water cut","hand_m":0.0,"hand_threshold_m":0.25,"stage_fraction":1.0,"mean_elevation_m":10.62,"distance_to_primary_river_m":80.5,"stage_driver":"REPORTED_ORDER_ONLY","not_official_flood_extent":true,"not_hydraulic_simulation":true},"geometry":{"type":"Polygon","coordinates":[[[129.4025,35.98916666666667],[129.4025,35.99],[129.40166666666667,35.99],[129.40166666666667,35.98916666666667],[129.4025,35.98916666666667]]]}},{"type":"Feature","properties":{"grid_id":"dem-012-039","layer_role":"hand_flood_envelope","status":"TEMPORARY","source_type":"DERIVED_APPROXIMATION","stage_index":6,"time":"2022-09-06T07:00:00+09:00","state":"plant_outage","label":"POSCO power and water cut","hand_m":0.0,"hand_threshold_m":0.25,"stage_fraction":1.0,"mean_elevation_m":8.39,"distance_to_primary_river_m":147.6,"stage_driver":"REPORTED_ORDER_ONLY","not_official_flood_extent":true,"not_hydraulic_simulation":true},"geometry":{"type":"Polygon","coordinates":[[[129.40333333333334,35.98916666666667],[129.40333333333334,35.99],[129.4025,35.99],[129.4025,35.98916666666667],[129.40333333333334,35.98916666666667]]]}},{"type":"Feature","properties":{"grid_id":"dem-012-040","layer_role":"hand_flood_envelope","status":"TEMPORARY","source_type":"DERIVED_APPROXIMATION","stage_index":6,"time":"2022-09-06T07:00:00+09:00","state":"plant_outage","label":"POSCO power and water cut","hand_m":0.0,"hand_threshold_m":0.25,"stage_fraction":1.0,"mean_elevation_m":8.07,"distance_to_primary_river_m":214.8,"stage_driver":"REPORTED_ORDER_ONLY","not_official_flood_extent":true,"not_hydraulic_simulation":true},"geometry":{"type":"Polygon","coordinates":[[[129.40416666666667,35.98916666666667],[129.40416666666667,35.99],[129.40333333333334,35.99],[129.40333333333334,35.98916666666667],[129.40416666666667,35.98916666666667]]]}},{"type":"Feature","properties":{"grid_id":"dem-013-031","layer_role":"hand_flood_envelope","status":"TEMPORARY","source_type":"DERIVED_APPROXIMATION","stage_index":6,"time":"2022-09-06T07:00:00+09:00","state":"plant_outage","label":"POSCO power and water cut","hand_m":0.0,"hand_threshold_m":0.25,"stage_fraction":1.0,"mean_elevation_m":10.44,"distance_to_primary_river_m":432.4,"stage_driver":"REPORTED_ORDER_ONLY","not_official_flood_extent":true,"not_hydraulic_simulation":true},"geometry":{"type":"Polygon","coordinates":[[[129.39666666666668,35.98833333333334],[129.39666666666668,35.98916666666667],[129.39583333333334,35.98916666666667],[129.39583333333334,35.98833333333334],[129.39666666666668,35.98833333333334]]]}},{"type":"Feature","properties":{"grid_id":"dem-013-032","layer_role":"hand_flood_envelope","status":"TEMPORARY","source_type":"DERIVED_APPROXIMATION","stage_index":6,"time":"2022-09-06T07:00:00+09:00","state":"plant_outage","label":"POSCO power and water cut","hand_m":0.0,"hand_threshold_m":0.25,"stage_fraction":1.0,"mean_elevation_m":10.55,"distance_to_primary_river_m":362.9,"stage_driver":"REPORTED_ORDER_ONLY","not_official_flood_extent":true,"not_hydraulic_simulation":true},"geometry":{"type":"Polygon","coordinates":[[[129.3975,35.98833333333334],[129.3975,35.98916666666667],[129.39666666666668,35.98916666666667],[129.39666666666668,35.98833333333334],[129.3975,35.98833333333334]]]}},{"type":"Feature","properties":{"grid_id":"dem-013-036","layer_role":"hand_flood_envelope","status":"TEMPORARY","source_type":"DERIVED_APPROXIMATION","stage_index":6,"time":"2022-09-06T07:00:00+09:00","state":"plant_outage","label":"POSCO power and water cut","hand_m":0.0,"hand_threshold_m":0.25,"stage_fraction":1.0,"mean_elevation_m":8.2,"distance_to_primary_river_m":95.4,"stage_driver":"REPORTED_ORDER_ONLY","not_official_flood_extent":true,"not_hydraulic_simulation":true},"geometry":{"type":"Polygon","coordinates":[[[129.40083333333334,35.98833333333334],[129.40083333333334,35.98916666666667],[129.4,35.98916666666667],[129.4,35.98833333333334],[129.40083333333334,35.98833333333334]]]}},{"type":"Feature","properties":{"grid_id":"dem-013-037","layer_role":"hand_flood_envelope","status":"TEMPORARY","source_type":"DERIVED_APPROXIMATION","stage_index":6,"time":"2022-09-06T07:00:00+09:00","state":"plant_outage","label":"POSCO power and water cut","hand_m":0.0,"hand_threshold_m":0.25,"stage_fraction":1.0,"mean_elevation_m":4.88,"distance_to_primary_river_m":28.2,"stage_driver":"REPORTED_ORDER_ONLY","not_official_flood_extent":true,"not_hydraulic_simulation":true},"geometry":{"type":"Polygon","coordinates":[[[129.40166666666667,35.98833333333334],[129.40166666666667,35.98916666666667],[129.40083333333334,35.98916666666667],[129.40083333333334,35.98833333333334],[129.40166666666667,35.98833333333334]]]}},{"type":"Feature","properties":{"grid_id":"dem-013-038","layer_role":"hand_flood_envelope","status":"TEMPORARY","source_type":"DERIVED_APPROXIMATION","stage_index":6,"time":"2022-09-06T07:00:00+09:00","state":"plant_outage","label":"POSCO power and water cut","hand_m":0.0,"hand_threshold_m":0.25,"stage_fraction":1.0,"mean_elevation_m":6.89,"distance_to_primary_river_m":39.0,"stage_driver":"REPORTED_ORDER_ONLY","not_official_flood_extent":true,"not_hydraulic_simulation":true},"geometry":{"type":"Polygon","coordinates":[[[129.4025,35.98833333333334],[129.4025,35.98916666666667],[129.40166666666667,35.98916666666667],[129.40166666666667,35.98833333333334],[129.4025,35.98833333333334]]]}},{"type":"Feature","properties":{"grid_id":"dem-013-039","layer_role":"hand_flood_envelope","status":"TEMPORARY","source_type":"DERIVED_APPROXIMATION","stage_index":6,"time":"2022-09-06T07:00:00+09:00","state":"plant_outage","label":"POSCO power and water cut","hand_m":0.0,"hand_threshold_m":0.25,"stage_fraction":1.0,"mean_elevation_m":9.21,"distance_to_primary_river_m":106.2,"stage_driver":"REPORTED_ORDER_ONLY","not_official_flood_extent":true,"not_hydraulic_simulation":true},"geometry":{"type":"Polygon","coordinates":[[[129.40333333333334,35.98833333333334],[129.40333333333334,35.98916666666667],[129.4025,35.98916666666667],[129.4025,35.98833333333334],[129.40333333333334,35.98833333333334]]]}},{"type":"Feature","properties":{"grid_id":"dem-013-040","layer_role":"hand_flood_envelope","status":"TEMPORARY","source_type":"DERIVED_APPROXIMATION","stage_index":6,"time":"2022-09-06T07:00:00+09:00","state":"plant_outage","label":"POSCO power and water cut","hand_m":0.0,"hand_threshold_m":0.25,"stage_fraction":1.0,"mean_elevation_m":9.15,"distance_to_primary_river_m":173.4,"stage_driver":"REPORTED_ORDER_ONLY","not_official_flood_extent":true,"not_hydraulic_simulation":true},"geometry":{"type":"Polygon","coordinates":[[[129.40416666666667,35.98833333333334],[129.40416666666667,35.98916666666667],[129.40333333333334,35.98916666666667],[129.40333333333334,35.98833333333334],[129.40416666666667,35.98833333333334]]]}},{"type":"Feature","properties":{"grid_id":"dem-013-041","layer_role":"hand_flood_envelope","status":"TEMPORARY","source_type":"DERIVED_APPROXIMATION","stage_index":6,"time":"2022-09-06T07:00:00+09:00","state":"plant_outage","label":"POSCO power and water cut","hand_m":0.0,"hand_threshold_m":0.25,"stage_fraction":1.0,"mean_elevation_m":9.87,"distance_to_primary_river_m":240.6,"stage_driver":"REPORTED_ORDER_ONLY","not_official_flood_extent":true,"not_hydraulic_simulation":true},"geometry":{"type":"Polygon","coordinates":[[[129.405,35.98833333333334],[129.405,35.98916666666667],[129.40416666666667,35.98916666666667],[129.40416666666667,35.98833333333334],[129.405,35.98833333333334]]]}},{"type":"Feature","properties":{"grid_id":"dem-013-042","layer_role":"hand_flood_envelope","status":"TEMPORARY","source_type":"DERIVED_APPROXIMATION","stage_index":6,"time":"2022-09-06T07:00:00+09:00","state":"plant_outage","label":"POSCO power and water cut","hand_m":0.0,"hand_threshold_m":0.25,"stage_fraction":1.0,"mean_elevation_m":9.81,"distance_to_primary_river_m":308.0,"stage_driver":"REPORTED_ORDER_ONLY","not_official_flood_extent":true,"not_hydraulic_simulation":true},"geometry":{"type":"Polygon","coordinates":[[[129.40583333333333,35.98833333333334],[129.40583333333333,35.98916666666667],[129.405,35.98916666666667],[129.405,35.98833333333334],[129.40583333333333,35.98833333333334]]]}},{"type":"Feature","properties":{"grid_id":"dem-014-032","layer_role":"hand_flood_envelope","status":"TEMPORARY","source_type":"DERIVED_APPROXIMATION","stage_index":6,"time":"2022-09-06T07:00:00+09:00","state":"plant_outage","label":"POSCO power and water cut","hand_m":0.0,"hand_threshold_m":0.25,"stage_fraction":1.0,"mean_elevation_m":10.24,"distance_to_primary_river_m":404.9,"stage_driver":"REPORTED_ORDER_ONLY","not_official_flood_extent":true,"not_hydraulic_simulation":true},"geometry":{"type":"Polygon","coordinates":[[[129.3975,35.987500000000004],[129.3975,35.98833333333334],[129.39666666666668,35.98833333333334],[129.39666666666668,35.987500000000004],[129.3975,35.987500000000004]]]}},{"type":"Feature","properties":{"grid_id":"dem-014-036","layer_role":"hand_flood_envelope","status":"TEMPORARY","source_type":"DERIVED_APPROXIMATION","stage_index":6,"time":"2022-09-06T07:00:00+09:00","state":"plant_outage","label":"POSCO power and water cut","hand_m":0.0,"hand_threshold_m":0.25,"stage_fraction":1.0,"mean_elevation_m":9.35,"distance_to_primary_river_m":136.8,"stage_driver":"REPORTED_ORDER_ONLY","not_official_flood_extent":true,"not_hydraulic_simulation":true},"geometry":{"type":"Polygon","coordinates":[[[129.40083333333334,35.987500000000004],[129.40083333333334,35.98833333333334],[129.4,35.98833333333334],[129.4,35.987500000000004],[129.40083333333334,35.987500000000004]]]}},{"type":"Feature","properties":{"grid_id":"dem-014-037","layer_role":"hand_flood_envelope","status":"TEMPORARY","source_type":"DERIVED_APPROXIMATION","stage_index":6,"time":"2022-09-06T07:00:00+09:00","state":"plant_outage","label":"POSCO power and water cut","hand_m":0.0,"hand_threshold_m":0.25,"stage_fraction":1.0,"mean_elevation_m":6.34,"distance_to_primary_river_m":69.6,"stage_driver":"REPORTED_ORDER_ONLY","not_official_flood_extent":true,"not_hydraulic_simulation":true},"geometry":{"type":"Polygon","coordinates":[[[129.40166666666667,35.987500000000004],[129.40166666666667,35.98833333333334],[129.40083333333334,35.98833333333334],[129.40083333333334,35.987500000000004],[129.40166666666667,35.987500000000004]]]}},{"type":"Feature","properties":{"grid_id":"dem-014-038","layer_role":"hand_flood_envelope","status":"TEMPORARY","source_type":"DERIVED_APPROXIMATION","stage_index":6,"time":"2022-09-06T07:00:00+09:00","state":"plant_outage","label":"POSCO power and water cut","hand_m":0.0,"hand_threshold_m":0.25,"stage_fraction":1.0,"mean_elevation_m":4.74,"distance_to_primary_river_m":2.4,"stage_driver":"REPORTED_ORDER_ONLY","not_official_flood_extent":true,"not_hydraulic_simulation":true},"geometry":{"type":"Polygon","coordinates":[[[129.4025,35.987500000000004],[129.4025,35.98833333333334],[129.40166666666667,35.98833333333334],[129.40166666666667,35.987500000000004],[129.4025,35.987500000000004]]]}},{"type":"Feature","properties":{"grid_id":"dem-014-039","layer_role":"hand_flood_envelope","status":"TEMPORARY","source_type":"DERIVED_APPROXIMATION","stage_index":6,"time":"2022-09-06T07:00:00+09:00","state":"plant_outage","label":"POSCO power and water cut","hand_m":0.0,"hand_threshold_m":0.25,"stage_fraction":1.0,"mean_elevation_m":10.74,"distance_to_primary_river_m":64.8,"stage_driver":"REPORTED_ORDER_ONLY","not_official_flood_extent":true,"not_hydraulic_simulation":true},"geometry":{"type":"Polygon","coordinates":[[[129.40333333333334,35.987500000000004],[129.40333333333334,35.98833333333334],[129.4025,35.98833333333334],[129.4025,35.987500000000004],[129.40333333333334,35.987500000000004]]]}},{"type":"Feature","properties":{"grid_id":"dem-014-040","layer_role":"hand_flood_envelope","status":"TEMPORARY","source_type":"DERIVED_APPROXIMATION","stage_index":6,"time":"2022-09-06T07:00:00+09:00","state":"plant_outage","label":"POSCO power and water cut","hand_m":0.0,"hand_threshold_m":0.25,"stage_fraction":1.0,"mean_elevation_m":10.52,"distance_to_primary_river_m":133.2,"stage_driver":"REPORTED_ORDER_ONLY","not_official_flood_extent":true,"not_hydraulic_simulation":true},"geometry":{"type":"Polygon","coordinates":[[[129.40416666666667,35.987500000000004],[129.40416666666667,35.98833333333334],[129.40333333333334,35.98833333333334],[129.40333333333334,35.987500000000004],[129.40416666666667,35.987500000000004]]]}},{"type":"Feature","properties":{"grid_id":"dem-014-041","layer_role":"hand_flood_envelope","status":"TEMPORARY","source_type":"DERIVED_APPROXIMATION","stage_index":6,"time":"2022-09-06T07:00:00+09:00","state":"plant_outage","label":"POSCO power and water cut","hand_m":0.0,"hand_threshold_m":0.25,"stage_fraction":1.0,"mean_elevation_m":9.73,"distance_to_primary_river_m":202.2,"stage_driver":"REPORTED_ORDER_ONLY","not_official_flood_extent":true,"not_hydraulic_simulation":true},"geometry":{"type":"Polygon","coordinates":[[[129.405,35.987500000000004],[129.405,35.98833333333334],[129.40416666666667,35.98833333333334],[129.40416666666667,35.987500000000004],[129.405,35.987500000000004]]]}},{"type":"Feature","properties":{"grid_id":"dem-014-042","layer_role":"hand_flood_envelope","status":"TEMPORARY","source_type":"DERIVED_APPROXIMATION","stage_index":6,"time":"2022-09-06T07:00:00+09:00","state":"plant_outage","label":"POSCO power and water cut","hand_m":0.0,"hand_threshold_m":0.25,"stage_fraction":1.0,"mean_elevation_m":9.79,"distance_to_primary_river_m":271.2,"stage_driver":"REPORTED_ORDER_ONLY","not_official_flood_extent":true,"not_hydraulic_simulation":true},"geometry":{"type":"Polygon","coordinates":[[[129.40583333333333,35.987500000000004],[129.40583333333333,35.98833333333334],[129.405,35.98833333333334],[129.405,35.987500000000004],[129.40583333333333,35.987500000000004]]]}},{"type":"Feature","properties":{"grid_id":"dem-015-034","layer_role":"hand_flood_envelope","status":"TEMPORARY","source_type":"DERIVED_APPROXIMATION","stage_index":6,"time":"2022-09-06T07:00:00+09:00","state":"plant_outage","label":"POSCO power and water cut","hand_m":0.0,"hand_threshold_m":0.25,"stage_fraction":1.0,"mean_elevation_m":8.93,"distance_to_primary_river_m":312.6,"stage_driver":"REPORTED_ORDER_ONLY","not_official_flood_extent":true,"not_hydraulic_simulation":true},"geometry":{"type":"Polygon","coordinates":[[[129.39916666666667,35.986666666666665],[129.39916666666667,35.987500000000004],[129.39833333333334,35.987500000000004],[129.39833333333334,35.986666666666665],[129.39916666666667,35.986666666666665]]]}},{"type":"Feature","properties":{"grid_id":"dem-015-035","layer_role":"hand_flood_envelope","status":"TEMPORARY","source_type":"DERIVED_APPROXIMATION","stage_index":6,"time":"2022-09-06T07:00:00+09:00","state":"plant_outage","label":"POSCO power and water cut","hand_m":0.0,"hand_threshold_m":0.25,"stage_fraction":1.0,"mean_elevation_m":8.96,"distance_to_primary_river_m":245.4,"stage_driver":"REPORTED_ORDER_ONLY","not_official_flood_extent":true,"not_hydraulic_simulation":true},"geometry":{"type":"Polygon","coordinates":[[[129.4,35.986666666666665],[129.4,35.987500000000004],[129.39916666666667,35.987500000000004],[129.39916666666667,35.986666666666665],[129.4,35.986666666666665]]]}},{"type":"Feature","properties":{"grid_id":"dem-015-037","layer_role":"hand_flood_envelope","status":"TEMPORARY","source_type":"DERIVED_APPROXIMATION","stage_index":6,"time":"2022-09-06T07:00:00+09:00","state":"plant_outage","label":"POSCO power and water cut","hand_m":0.0,"hand_threshold_m":0.25,"stage_fraction":1.0,"mean_elevation_m":7.68,"distance_to_primary_river_m":110.4,"stage_driver":"REPORTED_ORDER_ONLY","not_official_flood_extent":true,"not_hydraulic_simulation":true},"geometry":{"type":"Polygon","coordinates":[[[129.40166666666667,35.986666666666665],[129.40166666666667,35.987500000000004],[129.40083333333334,35.987500000000004],[129.40083333333334,35.986666666666665],[129.40166666666667,35.986666666666665]]]}},{"type":"Feature","properties":{"grid_id":"dem-015-038","layer_role":"hand_flood_envelope","status":"TEMPORARY","source_type":"DERIVED_APPROXIMATION","stage_index":6,"time":"2022-09-06T07:00:00+09:00","state":"plant_outage","label":"POSCO power and water cut","hand_m":0.0,"hand_threshold_m":0.25,"stage_fraction":1.0,"mean_elevation_m":5.77,"distance_to_primary_river_m":41.4,"stage_driver":"REPORTED_ORDER_ONLY","not_official_flood_extent":true,"not_hydraulic_simulation":true},"geometry":{"type":"Polygon","coordinates":[[[129.4025,35.986666666666665],[129.4025,35.987500000000004],[129.40166666666667,35.987500000000004],[129.40166666666667,35.986666666666665],[129.4025,35.986666666666665]]]}},{"type":"Feature","properties":{"grid_id":"dem-015-039","layer_role":"hand_flood_envelope","status":"TEMPORARY","source_type":"DERIVED_APPROXIMATION","stage_index":6,"time":"2022-09-06T07:00:00+09:00","state":"plant_outage","label":"POSCO power and water cut","hand_m":0.0,"hand_threshold_m":0.25,"stage_fraction":1.0,"mean_elevation_m":6.2,"distance_to_primary_river_m":27.5,"stage_driver":"REPORTED_ORDER_ONLY","not_official_flood_extent":true,"not_hydraulic_simulation":true},"geometry":{"type":"Polygon","coordinates":[[[129.40333333333334,35.986666666666665],[129.40333333333334,35.987500000000004],[129.4025,35.987500000000004],[129.4025,35.986666666666665],[129.40333333333334,35.986666666666665]]]}},{"type":"Feature","properties":{"grid_id":"dem-015-040","layer_role":"hand_flood_envelope","status":"TEMPORARY","source_type":"DERIVED_APPROXIMATION","stage_index":6,"time":"2022-09-06T07:00:00+09:00","state":"plant_outage","label":"POSCO power and water cut","hand_m":0.0,"hand_threshold_m":0.25,"stage_fraction":1.0,"mean_elevation_m":10.31,"distance_to_primary_river_m":96.5,"stage_driver":"REPORTED_ORDER_ONLY","not_official_flood_extent":true,"not_hydraulic_simulation":true},"geometry":{"type":"Polygon","coordinates":[[[129.40416666666667,35.986666666666665],[129.40416666666667,35.987500000000004],[129.40333333333334,35.987500000000004],[129.40333333333334,35.986666666666665],[129.40416666666667,35.986666666666665]]]}},{"type":"Feature","properties":{"grid_id":"dem-015-041","layer_role":"hand_flood_envelope","status":"TEMPORARY","source_type":"DERIVED_APPROXIMATION","stage_index":6,"time":"2022-09-06T07:00:00+09:00","state":"plant_outage","label":"POSCO power and water cut","hand_m":0.0,"hand_threshold_m":0.25,"stage_fraction":1.0,"mean_elevation_m":10.2,"distance_to_primary_river_m":165.4,"stage_driver":"REPORTED_ORDER_ONLY","not_official_flood_extent":true,"not_hydraulic_simulation":true},"geometry":{"type":"Polygon","coordinates":[[[129.405,35.986666666666665],[129.405,35.987500000000004],[129.40416666666667,35.987500000000004],[129.40416666666667,35.986666666666665],[129.405,35.986666666666665]]]}},{"type":"Feature","properties":{"grid_id":"dem-015-042","layer_role":"hand_flood_envelope","status":"TEMPORARY","source_type":"DERIVED_APPROXIMATION","stage_index":6,"time":"2022-09-06T07:00:00+09:00","state":"plant_outage","label":"POSCO power and water cut","hand_m":0.0,"hand_threshold_m":0.25,"stage_fraction":1.0,"mean_elevation_m":9.68,"distance_to_primary_river_m":234.4,"stage_driver":"REPORTED_ORDER_ONLY","not_official_flood_extent":true,"not_hydraulic_simulation":true},"geometry":{"type":"Polygon","coordinates":[[[129.40583333333333,35.986666666666665],[129.40583333333333,35.987500000000004],[129.405,35.987500000000004],[129.405,35.986666666666665],[129.40583333333333,35.986666666666665]]]}},{"type":"Feature","properties":{"grid_id":"dem-016-034","layer_role":"hand_flood_envelope","status":"TEMPORARY","source_type":"DERIVED_APPROXIMATION","stage_index":6,"time":"2022-09-06T07:00:00+09:00","state":"plant_outage","label":"POSCO power and water cut","hand_m":0.0,"hand_threshold_m":0.25,"stage_fraction":1.0,"mean_elevation_m":8.71,"distance_to_primary_river_m":354.0,"stage_driver":"REPORTED_ORDER_ONLY","not_official_flood_extent":true,"not_hydraulic_simulation":true},"geometry":{"type":"Polygon","coordinates":[[[129.39916666666667,35.98583333333333],[129.39916666666667,35.986666666666665],[129.39833333333334,35.986666666666665],[129.39833333333334,35.98583333333333],[129.39916666666667,35.98583333333333]]]}},{"type":"Feature","properties":{"grid_id":"dem-016-035","layer_role":"hand_flood_envelope","status":"TEMPORARY","source_type":"DERIVED_APPROXIMATION","stage_index":6,"time":"2022-09-06T07:00:00+09:00","state":"plant_outage","label":"POSCO power and water cut","hand_m":0.0,"hand_threshold_m":0.25,"stage_fraction":1.0,"mean_elevation_m":8.51,"distance_to_primary_river_m":285.0,"stage_driver":"REPORTED_ORDER_ONLY","not_official_flood_extent":true,"not_hydraulic_simulation":true},"geometry":{"type":"Polygon","coordinates":[[[129.4,35.98583333333333],[129.4,35.986666666666665],[129.39916666666667,35.986666666666665],[129.39916666666667,35.98583333333333],[129.4,35.98583333333333]]]}},{"type":"Feature","properties":{"grid_id":"dem-016-036","layer_role":"hand_flood_envelope","status":"TEMPORARY","source_type":"DERIVED_APPROXIMATION","stage_index":6,"time":"2022-09-06T07:00:00+09:00","state":"plant_outage","label":"POSCO power and water cut","hand_m":0.0,"hand_threshold_m":0.25,"stage_fraction":1.0,"mean_elevation_m":8.82,"distance_to_primary_river_m":216.1,"stage_driver":"REPORTED_ORDER_ONLY","not_official_flood_extent":true,"not_hydraulic_simulation":true},"geometry":{"type":"Polygon","coordinates":[[[129.40083333333334,35.98583333333333],[129.40083333333334,35.986666666666665],[129.4,35.986666666666665],[129.4,35.98583333333333],[129.40083333333334,35.98583333333333]]]}},{"type":"Feature","properties":{"grid_id":"dem-016-037","layer_role":"hand_flood_envelope","status":"TEMPORARY","source_type":"DERIVED_APPROXIMATION","stage_index":6,"time":"2022-09-06T07:00:00+09:00","state":"plant_outage","label":"POSCO power and water cut","hand_m":0.0,"hand_threshold_m":0.25,"stage_fraction":1.0,"mean_elevation_m":10.51,"distance_to_primary_river_m":147.1,"stage_driver":"REPORTED_ORDER_ONLY","not_official_flood_extent":true,"not_hydraulic_simulation":true},"geometry":{"type":"Polygon","coordinates":[[[129.40166666666667,35.98583333333333],[129.40166666666667,35.986666666666665],[129.40083333333334,35.986666666666665],[129.40083333333334,35.98583333333333],[129.40166666666667,35.98583333333333]]]}},{"type":"Feature","properties":{"grid_id":"dem-016-038","layer_role":"hand_flood_envelope","status":"TEMPORARY","source_type":"DERIVED_APPROXIMATION","stage_index":6,"time":"2022-09-06T07:00:00+09:00","state":"plant_outage","label":"POSCO power and water cut","hand_m":0.0,"hand_threshold_m":0.25,"stage_fraction":1.0,"mean_elevation_m":6.95,"distance_to_primary_river_m":78.2,"stage_driver":"REPORTED_ORDER_ONLY","not_official_flood_extent":true,"not_hydraulic_simulation":true},"geometry":{"type":"Polygon","coordinates":[[[129.4025,35.98583333333333],[129.4025,35.986666666666665],[129.40166666666667,35.986666666666665],[129.40166666666667,35.98583333333333],[129.4025,35.98583333333333]]]}},{"type":"Feature","properties":{"grid_id":"dem-016-039","layer_role":"hand_flood_envelope","status":"TEMPORARY","source_type":"DERIVED_APPROXIMATION","stage_index":6,"time":"2022-09-06T07:00:00+09:00","state":"plant_outage","label":"POSCO power and water cut","hand_m":0.0,"hand_threshold_m":0.25,"stage_fraction":1.0,"mean_elevation_m":5.66,"distance_to_primary_river_m":9.2,"stage_driver":"REPORTED_ORDER_ONLY","not_official_flood_extent":true,"not_hydraulic_simulation":true},"geometry":{"type":"Polygon","coordinates":[[[129.40333333333334,35.98583333333333],[129.40333333333334,35.986666666666665],[129.4025,35.986666666666665],[129.4025,35.98583333333333],[129.40333333333334,35.98583333333333]]]}},{"type":"Feature","properties":{"grid_id":"dem-016-040","layer_role":"hand_flood_envelope","status":"TEMPORARY","source_type":"DERIVED_APPROXIMATION","stage_index":6,"time":"2022-09-06T07:00:00+09:00","state":"plant_outage","label":"POSCO power and water cut","hand_m":0.0,"hand_threshold_m":0.25,"stage_fraction":1.0,"mean_elevation_m":9.02,"distance_to_primary_river_m":59.7,"stage_driver":"REPORTED_ORDER_ONLY","not_official_flood_extent":true,"not_hydraulic_simulation":true},"geometry":{"type":"Polygon","coordinates":[[[129.40416666666667,35.98583333333333],[129.40416666666667,35.986666666666665],[129.40333333333334,35.986666666666665],[129.40333333333334,35.98583333333333],[129.40416666666667,35.98583333333333]]]}},{"type":"Feature","properties":{"grid_id":"dem-016-041","layer_role":"hand_flood_envelope","status":"TEMPORARY","source_type":"DERIVED_APPROXIMATION","stage_index":6,"time":"2022-09-06T07:00:00+09:00","state":"plant_outage","label":"POSCO power and water cut","hand_m":0.0,"hand_threshold_m":0.25,"stage_fraction":1.0,"mean_elevation_m":11.66,"distance_to_primary_river_m":129.1,"stage_driver":"REPORTED_ORDER_ONLY","not_official_flood_extent":true,"not_hydraulic_simulation":true},"geometry":{"type":"Polygon","coordinates":[[[129.405,35.98583333333333],[129.405,35.986666666666665],[129.40416666666667,35.986666666666665],[129.40416666666667,35.98583333333333],[129.405,35.98583333333333]]]}},{"type":"Feature","properties":{"grid_id":"dem-016-042","layer_role":"hand_flood_envelope","status":"TEMPORARY","source_type":"DERIVED_APPROXIMATION","stage_index":6,"time":"2022-09-06T07:00:00+09:00","state":"plant_outage","label":"POSCO power and water cut","hand_m":0.0,"hand_threshold_m":0.25,"stage_fraction":1.0,"mean_elevation_m":10.67,"distance_to_primary_river_m":198.7,"stage_driver":"REPORTED_ORDER_ONLY","not_official_flood_extent":true,"not_hydraulic_simulation":true},"geometry":{"type":"Polygon","coordinates":[[[129.40583333333333,35.98583333333333],[129.40583333333333,35.986666666666665],[129.405,35.986666666666665],[129.405,35.98583333333333],[129.40583333333333,35.98583333333333]]]}},{"type":"Feature","properties":{"grid_id":"dem-017-036","layer_role":"hand_flood_envelope","status":"TEMPORARY","source_type":"DERIVED_APPROXIMATION","stage_index":6,"time":"2022-09-06T07:00:00+09:00","state":"plant_outage","label":"POSCO power and water cut","hand_m":0.0,"hand_threshold_m":0.25,"stage_fraction":1.0,"mean_elevation_m":10.19,"distance_to_primary_river_m":252.8,"stage_driver":"REPORTED_ORDER_ONLY","not_official_flood_extent":true,"not_hydraulic_simulation":true},"geometry":{"type":"Polygon","coordinates":[[[129.40083333333334,35.985],[129.40083333333334,35.98583333333333],[129.4,35.98583333333333],[129.4,35.985],[129.40083333333334,35.985]]]}},{"type":"Feature","properties":{"grid_id":"dem-017-038","layer_role":"hand_flood_envelope","status":"TEMPORARY","source_type":"DERIVED_APPROXIMATION","stage_index":6,"time":"2022-09-06T07:00:00+09:00","state":"plant_outage","label":"POSCO power and water cut","hand_m":0.0,"hand_threshold_m":0.25,"stage_fraction":1.0,"mean_elevation_m":10.78,"distance_to_primary_river_m":114.5,"stage_driver":"REPORTED_ORDER_ONLY","not_official_flood_extent":true,"not_hydraulic_simulation":true},"geometry":{"type":"Polygon","coordinates":[[[129.4025,35.985],[129.4025,35.98583333333333],[129.40166666666667,35.98583333333333],[129.40166666666667,35.985],[129.4025,35.985]]]}},{"type":"Feature","properties":{"grid_id":"dem-017-039","layer_role":"hand_flood_envelope","status":"TEMPORARY","source_type":"DERIVED_APPROXIMATION","stage_index":6,"time":"2022-09-06T07:00:00+09:00","state":"plant_outage","label":"POSCO power and water cut","hand_m":0.0,"hand_threshold_m":0.25,"stage_fraction":1.0,"mean_elevation_m":7.82,"distance_to_primary_river_m":45.0,"stage_driver":"REPORTED_ORDER_ONLY","not_official_flood_extent":true,"not_hydraulic_simulation":true},"geometry":{"type":"Polygon","coordinates":[[[129.40333333333334,35.985],[129.40333333333334,35.98583333333333],[129.4025,35.98583333333333],[129.4025,35.985],[129.40333333333334,35.985]]]}},{"type":"Feature","properties":{"grid_id":"dem-000-042","layer_role":"hand_flood_envelope","status":"TEMPORARY","source_type":"DERIVED_APPROXIMATION","stage_index":7,"time":"2022-09-06T07:40:00+09:00","state":"missing_report","label":"Missing persons reported","hand_m":0.0,"hand_threshold_m":0.25,"stage_fraction":1.0,"mean_elevation_m":7.18,"distance_to_primary_river_m":112.8,"stage_driver":"REPORTED_ORDER_ONLY","not_official_flood_extent":true,"not_hydraulic_simulation":true},"geometry":{"type":"Polygon","coordinates":[[[129.40583333333333,35.99916666666667],[129.40583333333333,36.0],[129.405,36.0],[129.405,35.99916666666667],[129.40583333333333,35.99916666666667]]]}},{"type":"Feature","properties":{"grid_id":"dem-000-043","layer_role":"hand_flood_envelope","status":"TEMPORARY","source_type":"DERIVED_APPROXIMATION","stage_index":7,"time":"2022-09-06T07:40:00+09:00","state":"missing_report","label":"Missing persons reported","hand_m":0.0,"hand_threshold_m":0.25,"stage_fraction":1.0,"mean_elevation_m":5.58,"distance_to_primary_river_m":66.1,"stage_driver":"REPORTED_ORDER_ONLY","not_official_flood_extent":true,"not_hydraulic_simulation":true},"geometry":{"type":"Polygon","coordinates":[[[129.40666666666667,35.99916666666667],[129.40666666666667,36.0],[129.40583333333333,36.0],[129.40583333333333,35.99916666666667],[129.40666666666667,35.99916666666667]]]}},{"type":"Feature","properties":{"grid_id":"dem-000-044","layer_role":"hand_flood_envelope","status":"TEMPORARY","source_type":"DERIVED_APPROXIMATION","stage_index":7,"time":"2022-09-06T07:40:00+09:00","state":"missing_report","label":"Missing persons reported","hand_m":0.0,"hand_threshold_m":0.25,"stage_fraction":1.0,"mean_elevation_m":3.6,"distance_to_primary_river_m":19.5,"stage_driver":"REPORTED_ORDER_ONLY","not_official_flood_extent":true,"not_hydraulic_simulation":true},"geometry":{"type":"Polygon","coordinates":[[[129.4075,35.99916666666667],[129.4075,36.0],[129.40666666666667,36.0],[129.40666666666667,35.99916666666667],[129.4075,35.99916666666667]]]}},{"type":"Feature","properties":{"grid_id":"dem-000-045","layer_role":"hand_flood_envelope","status":"TEMPORARY","source_type":"DERIVED_APPROXIMATION","stage_index":7,"time":"2022-09-06T07:40:00+09:00","state":"missing_report","label":"Missing persons reported","hand_m":0.0,"hand_threshold_m":0.25,"stage_fraction":1.0,"mean_elevation_m":2.18,"distance_to_primary_river_m":27.2,"stage_driver":"REPORTED_ORDER_ONLY","not_official_flood_extent":true,"not_hydraulic_simulation":true},"geometry":{"type":"Polygon","coordinates":[[[129.40833333333333,35.99916666666667],[129.40833333333333,36.0],[129.4075,36.0],[129.4075,35.99916666666667],[129.40833333333333,35.99916666666667]]]}},{"type":"Feature","properties":{"grid_id":"dem-001-029","layer_role":"hand_flood_envelope","status":"TEMPORARY","source_type":"DERIVED_APPROXIMATION","stage_index":7,"time":"2022-09-06T07:40:00+09:00","state":"missing_report","label":"Missing persons reported","hand_m":0.0,"hand_threshold_m":0.25,"stage_fraction":1.0,"mean_elevation_m":7.43,"distance_to_primary_river_m":780.6,"stage_driver":"REPORTED_ORDER_ONLY","not_official_flood_extent":true,"not_hydraulic_simulation":true},"geometry":{"type":"Polygon","coordinates":[[[129.395,35.998333333333335],[129.395,35.99916666666667],[129.39416666666668,35.99916666666667],[129.39416666666668,35.998333333333335],[129.395,35.998333333333335]]]}},{"type":"Feature","properties":{"grid_id":"dem-001-030","layer_role":"hand_flood_envelope","status":"TEMPORARY","source_type":"DERIVED_APPROXIMATION","stage_index":7,"time":"2022-09-06T07:40:00+09:00","state":"missing_report","label":"Missing persons reported","hand_m":0.0,"hand_threshold_m":0.25,"stage_fraction":1.0,"mean_elevation_m":6.6,"distance_to_primary_river_m":714.8,"stage_driver":"REPORTED_ORDER_ONLY","not_official_flood_extent":true,"not_hydraulic_simulation":true},"geometry":{"type":"Polygon","coordinates":[[[129.39583333333334,35.998333333333335],[129.39583333333334,35.99916666666667],[129.395,35.99916666666667],[129.395,35.998333333333335],[129.39583333333334,35.998333333333335]]]}},{"type":"Feature","properties":{"grid_id":"dem-001-040","layer_role":"hand_flood_envelope","status":"TEMPORARY","source_type":"DERIVED_APPROXIMATION","stage_index":7,"time":"2022-09-06T07:40:00+09:00","state":"missing_report","label":"Missing persons reported","hand_m":0.0,"hand_threshold_m":0.25,"stage_fraction":1.0,"mean_elevation_m":7.52,"distance_to_primary_river_m":133.5,"stage_driver":"REPORTED_ORDER_ONLY","not_official_flood_extent":true,"not_hydraulic_simulation":true},"geometry":{"type":"Polygon","coordinates":[[[129.40416666666667,35.998333333333335],[129.40416666666667,35.99916666666667],[129.40333333333334,35.99916666666667],[129.40333333333334,35.998333333333335],[129.40416666666667,35.998333333333335]]]}},{"type":"Feature","properties":{"grid_id":"dem-001-041","layer_role":"hand_flood_envelope","status":"TEMPORARY","source_type":"DERIVED_APPROXIMATION","stage_index":7,"time":"2022-09-06T07:40:00+09:00","state":"missing_report","label":"Missing persons reported","hand_m":0.0,"hand_threshold_m":0.25,"stage_fraction":1.0,"mean_elevation_m":6.11,"distance_to_primary_river_m":86.9,"stage_driver":"REPORTED_ORDER_ONLY","not_official_flood_extent":true,"not_hydraulic_simulation":true},"geometry":{"type":"Polygon","coordinates":[[[129.405,35.998333333333335],[129.405,35.99916666666667],[129.40416666666667,35.99916666666667],[129.40416666666667,35.998333333333335],[129.405,35.998333333333335]]]}},{"type":"Feature","properties":{"grid_id":"dem-001-042","layer_role":"hand_flood_envelope","status":"TEMPORARY","source_type":"DERIVED_APPROXIMATION","stage_index":7,"time":"2022-09-06T07:40:00+09:00","state":"missing_report","label":"Missing persons reported","hand_m":0.0,"hand_threshold_m":0.25,"stage_fraction":1.0,"mean_elevation_m":4.99,"distance_to_primary_river_m":40.4,"stage_driver":"REPORTED_ORDER_ONLY","not_official_flood_extent":true,"not_hydraulic_simulation":true},"geometry":{"type":"Polygon","coordinates":[[[129.40583333333333,35.998333333333335],[129.40583333333333,35.99916666666667],[129.405,35.99916666666667],[129.405,35.998333333333335],[129.40583333333333,35.998333333333335]]]}},{"type":"Feature","properties":{"grid_id":"dem-001-043","layer_role":"hand_flood_envelope","status":"TEMPORARY","source_type":"DERIVED_APPROXIMATION","stage_index":7,"time":"2022-09-06T07:40:00+09:00","state":"missing_report","label":"Missing persons reported","hand_m":0.0,"hand_threshold_m":0.25,"stage_fraction":1.0,"mean_elevation_m":2.67,"distance_to_primary_river_m":6.3,"stage_driver":"REPORTED_ORDER_ONLY","not_official_flood_extent":true,"not_hydraulic_simulation":true},"geometry":{"type":"Polygon","coordinates":[[[129.40666666666667,35.998333333333335],[129.40666666666667,35.99916666666667],[129.40583333333333,35.99916666666667],[129.40583333333333,35.998333333333335],[129.40666666666667,35.998333333333335]]]}},{"type":"Feature","properties":{"grid_id":"dem-001-044","layer_role":"hand_flood_envelope","status":"TEMPORARY","source_type":"DERIVED_APPROXIMATION","stage_index":7,"time":"2022-09-06T07:40:00+09:00","state":"missing_report","label":"Missing persons reported","hand_m":0.0,"hand_threshold_m":0.25,"stage_fraction":1.0,"mean_elevation_m":4.07,"distance_to_primary_river_m":53.0,"stage_driver":"REPORTED_ORDER_ONLY","not_official_flood_extent":true,"not_hydraulic_simulation":true},"geometry":{"type":"Polygon","coordinates":[[[129.4075,35.998333333333335],[129.4075,35.99916666666667],[129.40666666666667,35.99916666666667],[129.40666666666667,35.998333333333335],[129.4075,35.998333333333335]]]}},{"type":"Feature","properties":{"grid_id":"dem-001-045","layer_role":"hand_flood_envelope","status":"TEMPORARY","source_type":"DERIVED_APPROXIMATION","stage_index":7,"time":"2022-09-06T07:40:00+09:00","state":"missing_report","label":"Missing persons reported","hand_m":0.0,"hand_threshold_m":0.25,"stage_fraction":1.0,"mean_elevation_m":4.91,"distance_to_primary_river_m":99.7,"stage_driver":"REPORTED_ORDER_ONLY","not_official_flood_extent":true,"not_hydraulic_simulation":true},"geometry":{"type":"Polygon","coordinates":[[[129.40833333333333,35.998333333333335],[129.40833333333333,35.99916666666667],[129.4075,35.99916666666667],[129.4075,35.998333333333335],[129.40833333333333,35.998333333333335]]]}},{"type":"Feature","properties":{"grid_id":"dem-001-046","layer_role":"hand_flood_envelope","status":"TEMPORARY","source_type":"DERIVED_APPROXIMATION","stage_index":7,"time":"2022-09-06T07:40:00+09:00","state":"missing_report","label":"Missing persons reported","hand_m":0.0,"hand_threshold_m":0.25,"stage_fraction":1.0,"mean_elevation_m":4.49,"distance_to_primary_river_m":146.3,"stage_driver":"REPORTED_ORDER_ONLY","not_official_flood_extent":true,"not_hydraulic_simulation":true},"geometry":{"type":"Polygon","coordinates":[[[129.40916666666666,35.998333333333335],[129.40916666666666,35.99916666666667],[129.40833333333333,35.99916666666667],[129.40833333333333,35.998333333333335],[129.40916666666666,35.998333333333335]]]}},{"type":"Feature","properties":{"grid_id":"dem-002-028","layer_role":"hand_flood_envelope","status":"TEMPORARY","source_type":"DERIVED_APPROXIMATION","stage_index":7,"time":"2022-09-06T07:40:00+09:00","state":"missing_report","label":"Missing persons reported","hand_m":0.0,"hand_threshold_m":0.25,"stage_fraction":1.0,"mean_elevation_m":7.25,"distance_to_primary_river_m":811.6,"stage_driver":"REPORTED_ORDER_ONLY","not_official_flood_extent":true,"not_hydraulic_simulation":true},"geometry":{"type":"Polygon","coordinates":[[[129.39416666666668,35.9975],[129.39416666666668,35.998333333333335],[129.39333333333335,35.998333333333335],[129.39333333333335,35.9975],[129.39416666666668,35.9975]]]}},{"type":"Feature","properties":{"grid_id":"dem-002-029","layer_role":"hand_flood_envelope","status":"TEMPORARY","source_type":"DERIVED_APPROXIMATION","stage_index":7,"time":"2022-09-06T07:40:00+09:00","state":"missing_report","label":"Missing persons reported","hand_m":0.0,"hand_threshold_m":0.25,"stage_fraction":1.0,"mean_elevation_m":6.67,"distance_to_primary_river_m":742.2,"stage_driver":"REPORTED_ORDER_ONLY","not_official_flood_extent":true,"not_hydraulic_simulation":true},"geometry":{"type":"Polygon","coordinates":[[[129.395,35.9975],[129.395,35.998333333333335],[129.39416666666668,35.998333333333335],[129.39416666666668,35.9975],[129.395,35.9975]]]}},{"type":"Feature","properties":{"grid_id":"dem-002-030","layer_role":"hand_flood_envelope","status":"TEMPORARY","source_type":"DERIVED_APPROXIMATION","stage_index":7,"time":"2022-09-06T07:40:00+09:00","state":"missing_report","label":"Missing persons reported","hand_m":0.0,"hand_threshold_m":0.25,"stage_fraction":1.0,"mean_elevation_m":6.47,"distance_to_primary_river_m":673.0,"stage_driver":"REPORTED_ORDER_ONLY","not_official_flood_extent":true,"not_hydraulic_simulation":true},"geometry":{"type":"Polygon","coordinates":[[[129.39583333333334,35.9975],[129.39583333333334,35.998333333333335],[129.395,35.998333333333335],[129.395,35.9975],[129.39583333333334,35.9975]]]}},{"type":"Feature","properties":{"grid_id":"dem-002-039","layer_role":"hand_flood_envelope","status":"TEMPORARY","source_type":"DERIVED_APPROXIMATION","stage_index":7,"time":"2022-09-06T07:40:00+09:00","state":"missing_report","label":"Missing persons reported","hand_m":0.0,"hand_threshold_m":0.25,"stage_fraction":1.0,"mean_elevation_m":7.42,"distance_to_primary_river_m":109.1,"stage_driver":"REPORTED_ORDER_ONLY","not_official_flood_extent":true,"not_hydraulic_simulation":true},"geometry":{"type":"Polygon","coordinates":[[[129.40333333333334,35.9975],[129.40333333333334,35.998333333333335],[129.4025,35.998333333333335],[129.4025,35.9975],[129.40333333333334,35.9975]]]}},{"type":"Feature","properties":{"grid_id":"dem-002-040","layer_role":"hand_flood_envelope","status":"TEMPORARY","source_type":"DERIVED_APPROXIMATION","stage_index":7,"time":"2022-09-06T07:40:00+09:00","state":"missing_report","label":"Missing persons reported","hand_m":0.0,"hand_threshold_m":0.25,"stage_fraction":1.0,"mean_elevation_m":5.6,"distance_to_primary_river_m":60.8,"stage_driver":"REPORTED_ORDER_ONLY","not_official_flood_extent":true,"not_hydraulic_simulation":true},"geometry":{"type":"Polygon","coordinates":[[[129.40416666666667,35.9975],[129.40416666666667,35.998333333333335],[129.40333333333334,35.998333333333335],[129.40333333333334,35.9975],[129.40416666666667,35.9975]]]}},{"type":"Feature","properties":{"grid_id":"dem-002-041","layer_role":"hand_flood_envelope","status":"TEMPORARY","source_type":"DERIVED_APPROXIMATION","stage_index":7,"time":"2022-09-06T07:40:00+09:00","state":"missing_report","label":"Missing persons reported","hand_m":0.0,"hand_threshold_m":0.25,"stage_fraction":1.0,"mean_elevation_m":3.43,"distance_to_primary_river_m":14.3,"stage_driver":"REPORTED_ORDER_ONLY","not_official_flood_extent":true,"not_hydraulic_simulation":true},"geometry":{"type":"Polygon","coordinates":[[[129.405,35.9975],[129.405,35.998333333333335],[129.40416666666667,35.998333333333335],[129.40416666666667,35.9975],[129.405,35.9975]]]}},{"type":"Feature","properties":{"grid_id":"dem-002-042","layer_role":"hand_flood_envelope","status":"TEMPORARY","source_type":"DERIVED_APPROXIMATION","stage_index":7,"time":"2022-09-06T07:40:00+09:00","state":"missing_report","label":"Missing persons reported","hand_m":0.0,"hand_threshold_m":0.25,"stage_fraction":1.0,"mean_elevation_m":3.65,"distance_to_primary_river_m":32.2,"stage_driver":"REPORTED_ORDER_ONLY","not_official_flood_extent":true,"not_hydraulic_simulation":true},"geometry":{"type":"Polygon","coordinates":[[[129.40583333333333,35.9975],[129.40583333333333,35.998333333333335],[129.405,35.998333333333335],[129.405,35.9975],[129.40583333333333,35.9975]]]}},{"type":"Feature","properties":{"grid_id":"dem-002-043","layer_role":"hand_flood_envelope","status":"TEMPORARY","source_type":"DERIVED_APPROXIMATION","stage_index":7,"time":"2022-09-06T07:40:00+09:00","state":"missing_report","label":"Missing persons reported","hand_m":0.0,"hand_threshold_m":0.25,"stage_fraction":1.0,"mean_elevation_m":6.14,"distance_to_primary_river_m":78.8,"stage_driver":"REPORTED_ORDER_ONLY","not_official_flood_extent":true,"not_hydraulic_simulation":true},"geometry":{"type":"Polygon","coordinates":[[[129.40666666666667,35.9975],[129.40666666666667,35.998333333333335],[129.40583333333333,35.998333333333335],[129.40583333333333,35.9975],[129.40666666666667,35.9975]]]}},{"type":"Feature","properties":{"grid_id":"dem-002-044","layer_role":"hand_flood_envelope","status":"TEMPORARY","source_type":"DERIVED_APPROXIMATION","stage_index":7,"time":"2022-09-06T07:40:00+09:00","state":"missing_report","label":"Missing persons reported","hand_m":0.0,"hand_threshold_m":0.25,"stage_fraction":1.0,"mean_elevation_m":4.93,"distance_to_primary_river_m":125.4,"stage_driver":"REPORTED_ORDER_ONLY","not_official_flood_extent":true,"not_hydraulic_simulation":true},"geometry":{"type":"Polygon","coordinates":[[[129.4075,35.9975],[129.4075,35.998333333333335],[129.40666666666667,35.998333333333335],[129.40666666666667,35.9975],[129.4075,35.9975]]]}},{"type":"Feature","properties":{"grid_id":"dem-002-046","layer_role":"hand_flood_envelope","status":"TEMPORARY","source_type":"DERIVED_APPROXIMATION","stage_index":7,"time":"2022-09-06T07:40:00+09:00","state":"missing_report","label":"Missing persons reported","hand_m":0.0,"hand_threshold_m":0.25,"stage_fraction":1.0,"mean_elevation_m":4.37,"distance_to_primary_river_m":218.8,"stage_driver":"REPORTED_ORDER_ONLY","not_official_flood_extent":true,"not_hydraulic_simulation":true},"geometry":{"type":"Polygon","coordinates":[[[129.40916666666666,35.9975],[129.40916666666666,35.998333333333335],[129.40833333333333,35.998333333333335],[129.40833333333333,35.9975],[129.40916666666666,35.9975]]]}},{"type":"Feature","properties":{"grid_id":"dem-003-027","layer_role":"hand_flood_envelope","status":"TEMPORARY","source_type":"DERIVED_APPROXIMATION","stage_index":7,"time":"2022-09-06T07:40:00+09:00","state":"missing_report","label":"Missing persons reported","hand_m":0.0,"hand_threshold_m":0.25,"stage_fraction":1.0,"mean_elevation_m":7.79,"distance_to_primary_river_m":849.0,"stage_driver":"REPORTED_ORDER_ONLY","not_official_flood_extent":true,"not_hydraulic_simulation":true},"geometry":{"type":"Polygon","coordinates":[[[129.39333333333335,35.99666666666667],[129.39333333333335,35.9975],[129.3925,35.9975],[129.3925,35.99666666666667],[129.39333333333335,35.99666666666667]]]}},{"type":"Feature","properties":{"grid_id":"dem-003-028","layer_role":"hand_flood_envelope","status":"TEMPORARY","source_type":"DERIVED_APPROXIMATION","stage_index":7,"time":"2022-09-06T07:40:00+09:00","state":"missing_report","label":"Missing persons reported","hand_m":0.0,"hand_threshold_m":0.25,"stage_fraction":1.0,"mean_elevation_m":6.12,"distance_to_primary_river_m":777.6,"stage_driver":"REPORTED_ORDER_ONLY","not_official_flood_extent":true,"not_hydraulic_simulation":true},"geometry":{"type":"Polygon","coordinates":[[[129.39416666666668,35.99666666666667],[129.39416666666668,35.9975],[129.39333333333335,35.9975],[129.39333333333335,35.99666666666667],[129.39416666666668,35.99666666666667]]]}},{"type":"Feature","properties":{"grid_id":"dem-003-029","layer_role":"hand_flood_envelope","status":"TEMPORARY","source_type":"DERIVED_APPROXIMATION","stage_index":7,"time":"2022-09-06T07:40:00+09:00","state":"missing_report","label":"Missing persons reported","hand_m":0.0,"hand_threshold_m":0.25,"stage_fraction":1.0,"mean_elevation_m":6.18,"distance_to_primary_river_m":707.0,"stage_driver":"REPORTED_ORDER_ONLY","not_official_flood_extent":true,"not_hydraulic_simulation":true},"geometry":{"type":"Polygon","coordinates":[[[129.395,35.99666666666667],[129.395,35.9975],[129.39416666666668,35.9975],[129.39416666666668,35.99666666666667],[129.395,35.99666666666667]]]}},{"type":"Feature","properties":{"grid_id":"dem-003-030","layer_role":"hand_flood_envelope","status":"TEMPORARY","source_type":"DERIVED_APPROXIMATION","stage_index":7,"time":"2022-09-06T07:40:00+09:00","state":"missing_report","label":"Missing persons reported","hand_m":0.0,"hand_threshold_m":0.25,"stage_fraction":1.0,"mean_elevation_m":7.78,"distance_to_primary_river_m":637.3,"stage_driver":"REPORTED_ORDER_ONLY","not_official_flood_extent":true,"not_hydraulic_simulation":true},"geometry":{"type":"Polygon","coordinates":[[[129.39583333333334,35.99666666666667],[129.39583333333334,35.9975],[129.395,35.9975],[129.395,35.99666666666667],[129.39583333333334,35.99666666666667]]]}},{"type":"Feature","properties":{"grid_id":"dem-003-032","layer_role":"hand_flood_envelope","status":"TEMPORARY","source_type":"DERIVED_APPROXIMATION","stage_index":7,"time":"2022-09-06T07:40:00+09:00","state":"missing_report","label":"Missing persons reported","hand_m":0.0,"hand_threshold_m":0.25,"stage_fraction":1.0,"mean_elevation_m":6.49,"distance_to_primary_river_m":498.6,"stage_driver":"REPORTED_ORDER_ONLY","not_official_flood_extent":true,"not_hydraulic_simulation":true},"geometry":{"type":"Polygon","coordinates":[[[129.3975,35.99666666666667],[129.3975,35.9975],[129.39666666666668,35.9975],[129.39666666666668,35.99666666666667],[129.3975,35.99666666666667]]]}},{"type":"Feature","properties":{"grid_id":"dem-003-038","layer_role":"hand_flood_envelope","status":"TEMPORARY","source_type":"DERIVED_APPROXIMATION","stage_index":7,"time":"2022-09-06T07:40:00+09:00","state":"missing_report","label":"Missing persons reported","hand_m":0.0,"hand_threshold_m":0.25,"stage_fraction":1.0,"mean_elevation_m":5.95,"distance_to_primary_river_m":104.3,"stage_driver":"REPORTED_ORDER_ONLY","not_official_flood_extent":true,"not_hydraulic_simulation":true},"geometry":{"type":"Polygon","coordinates":[[[129.4025,35.99666666666667],[129.4025,35.9975],[129.40166666666667,35.9975],[129.40166666666667,35.99666666666667],[129.4025,35.99666666666667]]]}},{"type":"Feature","properties":{"grid_id":"dem-003-039","layer_role":"hand_flood_envelope","status":"TEMPORARY","source_type":"DERIVED_APPROXIMATION","stage_index":7,"time":"2022-09-06T07:40:00+09:00","state":"missing_report","label":"Missing persons reported","hand_m":0.0,"hand_threshold_m":0.25,"stage_fraction":1.0,"mean_elevation_m":5.45,"distance_to_primary_river_m":47.9,"stage_driver":"REPORTED_ORDER_ONLY","not_official_flood_extent":true,"not_hydraulic_simulation":true},"geometry":{"type":"Polygon","coordinates":[[[129.40333333333334,35.99666666666667],[129.40333333333334,35.9975],[129.4025,35.9975],[129.4025,35.99666666666667],[129.40333333333334,35.99666666666667]]]}},{"type":"Feature","properties":{"grid_id":"dem-003-040","layer_role":"hand_flood_envelope","status":"TEMPORARY","source_type":"DERIVED_APPROXIMATION","stage_index":7,"time":"2022-09-06T07:40:00+09:00","state":"missing_report","label":"Missing persons reported","hand_m":0.0,"hand_threshold_m":0.25,"stage_fraction":1.0,"mean_elevation_m":2.96,"distance_to_primary_river_m":8.4,"stage_driver":"REPORTED_ORDER_ONLY","not_official_flood_extent":true,"not_hydraulic_simulation":true},"geometry":{"type":"Polygon","coordinates":[[[129.40416666666667,35.99666666666667],[129.40416666666667,35.9975],[129.40333333333334,35.9975],[129.40333333333334,35.99666666666667],[129.40416666666667,35.99666666666667]]]}},{"type":"Feature","properties":{"grid_id":"dem-003-041","layer_role":"hand_flood_envelope","status":"TEMPORARY","source_type":"DERIVED_APPROXIMATION","stage_index":7,"time":"2022-09-06T07:40:00+09:00","state":"missing_report","label":"Missing persons reported","hand_m":0.0,"hand_threshold_m":0.25,"stage_fraction":1.0,"mean_elevation_m":4.72,"distance_to_primary_river_m":58.3,"stage_driver":"REPORTED_ORDER_ONLY","not_official_flood_extent":true,"not_hydraulic_simulation":true},"geometry":{"type":"Polygon","coordinates":[[[129.405,35.99666666666667],[129.405,35.9975],[129.40416666666667,35.9975],[129.40416666666667,35.99666666666667],[129.405,35.99666666666667]]]}},{"type":"Feature","properties":{"grid_id":"dem-003-042","layer_role":"hand_flood_envelope","status":"TEMPORARY","source_type":"DERIVED_APPROXIMATION","stage_index":7,"time":"2022-09-06T07:40:00+09:00","state":"missing_report","label":"Missing persons reported","hand_m":0.0,"hand_threshold_m":0.25,"stage_fraction":1.0,"mean_elevation_m":7.83,"distance_to_primary_river_m":104.8,"stage_driver":"REPORTED_ORDER_ONLY","not_official_flood_extent":true,"not_hydraulic_simulation":true},"geometry":{"type":"Polygon","coordinates":[[[129.40583333333333,35.99666666666667],[129.40583333333333,35.9975],[129.405,35.9975],[129.405,35.99666666666667],[129.40583333333333,35.99666666666667]]]}},{"type":"Feature","properties":{"grid_id":"dem-003-043","layer_role":"hand_flood_envelope","status":"TEMPORARY","source_type":"DERIVED_APPROXIMATION","stage_index":7,"time":"2022-09-06T07:40:00+09:00","state":"missing_report","label":"Missing persons reported","hand_m":0.0,"hand_threshold_m":0.25,"stage_fraction":1.0,"mean_elevation_m":7.82,"distance_to_primary_river_m":151.3,"stage_driver":"REPORTED_ORDER_ONLY","not_official_flood_extent":true,"not_hydraulic_simulation":true},"geometry":{"type":"Polygon","coordinates":[[[129.40666666666667,35.99666666666667],[129.40666666666667,35.9975],[129.40583333333333,35.9975],[129.40583333333333,35.99666666666667],[129.40666666666667,35.99666666666667]]]}},{"type":"Feature","properties":{"grid_id":"dem-004-026","layer_role":"hand_flood_envelope","status":"TEMPORARY","source_type":"DERIVED_APPROXIMATION","stage_index":7,"time":"2022-09-06T07:40:00+09:00","state":"missing_report","label":"Missing persons reported","hand_m":0.0,"hand_threshold_m":0.25,"stage_fraction":1.0,"mean_elevation_m":6.95,"distance_to_primary_river_m":897.2,"stage_driver":"REPORTED_ORDER_ONLY","not_official_flood_extent":true,"not_hydraulic_simulation":true},"geometry":{"type":"Polygon","coordinates":[[[129.3925,35.99583333333334],[129.3925,35.99666666666667],[129.39166666666668,35.99666666666667],[129.39166666666668,35.99583333333334],[129.3925,35.99583333333334]]]}},{"type":"Feature","properties":{"grid_id":"dem-004-027","layer_role":"hand_flood_envelope","status":"TEMPORARY","source_type":"DERIVED_APPROXIMATION","stage_index":7,"time":"2022-09-06T07:40:00+09:00","state":"missing_report","label":"Missing persons reported","hand_m":0.0,"hand_threshold_m":0.25,"stage_fraction":1.0,"mean_elevation_m":6.92,"distance_to_primary_river_m":824.8,"stage_driver":"REPORTED_ORDER_ONLY","not_official_flood_extent":true,"not_hydraulic_simulation":true},"geometry":{"type":"Polygon","coordinates":[[[129.39333333333335,35.99583333333334],[129.39333333333335,35.99666666666667],[129.3925,35.99666666666667],[129.3925,35.99583333333334],[129.39333333333335,35.99583333333334]]]}},{"type":"Feature","properties":{"grid_id":"dem-004-028","layer_role":"hand_flood_envelope","status":"TEMPORARY","source_type":"DERIVED_APPROXIMATION","stage_index":7,"time":"2022-09-06T07:40:00+09:00","state":"missing_report","label":"Missing persons reported","hand_m":0.0,"hand_threshold_m":0.25,"stage_fraction":1.0,"mean_elevation_m":5.95,"distance_to_primary_river_m":752.1,"stage_driver":"REPORTED_ORDER_ONLY","not_official_flood_extent":true,"not_hydraulic_simulation":true},"geometry":{"type":"Polygon","coordinates":[[[129.39416666666668,35.99583333333334],[129.39416666666668,35.99666666666667],[129.39333333333335,35.99666666666667],[129.39333333333335,35.99583333333334],[129.39416666666668,35.99583333333334]]]}},{"type":"Feature","properties":{"grid_id":"dem-004-029","layer_role":"hand_flood_envelope","status":"TEMPORARY","source_type":"DERIVED_APPROXIMATION","stage_index":7,"time":"2022-09-06T07:40:00+09:00","state":"missing_report","label":"Missing persons reported","hand_m":0.0,"hand_threshold_m":0.25,"stage_fraction":1.0,"mean_elevation_m":5.62,"distance_to_primary_river_m":679.4,"stage_driver":"REPORTED_ORDER_ONLY","not_official_flood_extent":true,"not_hydraulic_simulation":true},"geometry":{"type":"Polygon","coordinates":[[[129.395,35.99583333333334],[129.395,35.99666666666667],[129.39416666666668,35.99666666666667],[129.39416666666668,35.99583333333334],[129.395,35.99583333333334]]]}},{"type":"Feature","properties":{"grid_id":"dem-004-030","layer_role":"hand_flood_envelope","status":"TEMPORARY","source_type":"DERIVED_APPROXIMATION","stage_index":7,"time":"2022-09-06T07:40:00+09:00","state":"missing_report","label":"Missing persons reported","hand_m":0.0,"hand_threshold_m":0.25,"stage_fraction":1.0,"mean_elevation_m":8.61,"distance_to_primary_river_m":606.7,"stage_driver":"REPORTED_ORDER_ONLY","not_official_flood_extent":true,"not_hydraulic_simulation":true},"geometry":{"type":"Polygon","coordinates":[[[129.39583333333334,35.99583333333334],[129.39583333333334,35.99666666666667],[129.395,35.99666666666667],[129.395,35.99583333333334],[129.39583333333334,35.99583333333334]]]}},{"type":"Feature","properties":{"grid_id":"dem-004-031","layer_role":"hand_flood_envelope","status":"TEMPORARY","source_type":"DERIVED_APPROXIMATION","stage_index":7,"time":"2022-09-06T07:40:00+09:00","state":"missing_report","label":"Missing persons reported","hand_m":0.0,"hand_threshold_m":0.25,"stage_fraction":1.0,"mean_elevation_m":7.98,"distance_to_primary_river_m":534.6,"stage_driver":"REPORTED_ORDER_ONLY","not_official_flood_extent":true,"not_hydraulic_simulation":true},"geometry":{"type":"Polygon","coordinates":[[[129.39666666666668,35.99583333333334],[129.39666666666668,35.99666666666667],[129.39583333333334,35.99666666666667],[129.39583333333334,35.99583333333334],[129.39666666666668,35.99583333333334]]]}},{"type":"Feature","properties":{"grid_id":"dem-004-032","layer_role":"hand_flood_envelope","status":"TEMPORARY","source_type":"DERIVED_APPROXIMATION","stage_index":7,"time":"2022-09-06T07:40:00+09:00","state":"missing_report","label":"Missing persons reported","hand_m":0.0,"hand_threshold_m":0.25,"stage_fraction":1.0,"mean_elevation_m":5.51,"distance_to_primary_river_m":463.5,"stage_driver":"REPORTED_ORDER_ONLY","not_official_flood_extent":true,"not_hydraulic_simulation":true},"geometry":{"type":"Polygon","coordinates":[[[129.3975,35.99583333333334],[129.3975,35.99666666666667],[129.39666666666668,35.99666666666667],[129.39666666666668,35.99583333333334],[129.3975,35.99583333333334]]]}},{"type":"Feature","properties":{"grid_id":"dem-004-033","layer_role":"hand_flood_envelope","status":"TEMPORARY","source_type":"DERIVED_APPROXIMATION","stage_index":7,"time":"2022-09-06T07:40:00+09:00","state":"missing_report","label":"Missing persons reported","hand_m":0.0,"hand_threshold_m":0.25,"stage_fraction":1.0,"mean_elevation_m":4.62,"distance_to_primary_river_m":393.7,"stage_driver":"REPORTED_ORDER_ONLY","not_official_flood_extent":true,"not_hydraulic_simulation":true},"geometry":{"type":"Polygon","coordinates":[[[129.39833333333334,35.99583333333334],[129.39833333333334,35.99666666666667],[129.3975,35.99666666666667],[129.3975,35.99583333333334],[129.39833333333334,35.99583333333334]]]}},{"type":"Feature","properties":{"grid_id":"dem-004-034","layer_role":"hand_flood_envelope","status":"TEMPORARY","source_type":"DERIVED_APPROXIMATION","stage_index":7,"time":"2022-09-06T07:40:00+09:00","state":"missing_report","label":"Missing persons reported","hand_m":0.0,"hand_threshold_m":0.25,"stage_fraction":1.0,"mean_elevation_m":5.73,"distance_to_primary_river_m":324.3,"stage_driver":"REPORTED_ORDER_ONLY","not_official_flood_extent":true,"not_hydraulic_simulation":true},"geometry":{"type":"Polygon","coordinates":[[[129.39916666666667,35.99583333333334],[129.39916666666667,35.99666666666667],[129.39833333333334,35.99666666666667],[129.39833333333334,35.99583333333334],[129.39916666666667,35.99583333333334]]]}},{"type":"Feature","properties":{"grid_id":"dem-004-035","layer_role":"hand_flood_envelope","status":"TEMPORARY","source_type":"DERIVED_APPROXIMATION","stage_index":7,"time":"2022-09-06T07:40:00+09:00","state":"missing_report","label":"Missing persons reported","hand_m":0.0,"hand_threshold_m":0.25,"stage_fraction":1.0,"mean_elevation_m":7.68,"distance_to_primary_river_m":255.0,"stage_driver":"REPORTED_ORDER_ONLY","not_official_flood_extent":true,"not_hydraulic_simulation":true},"geometry":{"type":"Polygon","coordinates":[[[129.4,35.99583333333334],[129.4,35.99666666666667],[129.39916666666667,35.99666666666667],[129.39916666666667,35.99583333333334],[129.4,35.99583333333334]]]}},{"type":"Feature","properties":{"grid_id":"dem-004-036","layer_role":"hand_flood_envelope","status":"TEMPORARY","source_type":"DERIVED_APPROXIMATION","stage_index":7,"time":"2022-09-06T07:40:00+09:00","state":"missing_report","label":"Missing persons reported","hand_m":0.0,"hand_threshold_m":0.25,"stage_fraction":1.0,"mean_elevation_m":6.17,"distance_to_primary_river_m":186.0,"stage_driver":"REPORTED_ORDER_ONLY","not_official_flood_extent":true,"not_hydraulic_simulation":true},"geometry":{"type":"Polygon","coordinates":[[[129.40083333333334,35.99583333333334],[129.40083333333334,35.99666666666667],[129.4,35.99666666666667],[129.4,35.99583333333334],[129.40083333333334,35.99583333333334]]]}},{"type":"Feature","properties":{"grid_id":"dem-004-037","layer_role":"hand_flood_envelope","status":"TEMPORARY","source_type":"DERIVED_APPROXIMATION","stage_index":7,"time":"2022-09-06T07:40:00+09:00","state":"missing_report","label":"Missing persons reported","hand_m":0.0,"hand_threshold_m":0.25,"stage_fraction":1.0,"mean_elevation_m":7.95,"distance_to_primary_river_m":120.6,"stage_driver":"REPORTED_ORDER_ONLY","not_official_flood_extent":true,"not_hydraulic_simulation":true},"geometry":{"type":"Polygon","coordinates":[[[129.40166666666667,35.99583333333334],[129.40166666666667,35.99666666666667],[129.40083333333334,35.99666666666667],[129.40083333333334,35.99583333333334],[129.40166666666667,35.99583333333334]]]}},{"type":"Feature","properties":{"grid_id":"dem-004-038","layer_role":"hand_flood_envelope","status":"TEMPORARY","source_type":"DERIVED_APPROXIMATION","stage_index":7,"time":"2022-09-06T07:40:00+09:00","state":"missing_report","label":"Missing persons reported","hand_m":0.0,"hand_threshold_m":0.25,"stage_fraction":1.0,"mean_elevation_m":6.33,"distance_to_primary_river_m":55.7,"stage_driver":"REPORTED_ORDER_ONLY","not_official_flood_extent":true,"not_hydraulic_simulation":true},"geometry":{"type":"Polygon","coordinates":[[[129.4025,35.99583333333334],[129.4025,35.99666666666667],[129.40166666666667,35.99666666666667],[129.40166666666667,35.99583333333334],[129.4025,35.99583333333334]]]}},{"type":"Feature","properties":{"grid_id":"dem-004-039","layer_role":"hand_flood_envelope","status":"TEMPORARY","source_type":"DERIVED_APPROXIMATION","stage_index":7,"time":"2022-09-06T07:40:00+09:00","state":"missing_report","label":"Missing persons reported","hand_m":0.0,"hand_threshold_m":0.25,"stage_fraction":1.0,"mean_elevation_m":3.13,"distance_to_primary_river_m":9.3,"stage_driver":"REPORTED_ORDER_ONLY","not_official_flood_extent":true,"not_hydraulic_simulation":true},"geometry":{"type":"Polygon","coordinates":[[[129.40333333333334,35.99583333333334],[129.40333333333334,35.99666666666667],[129.4025,35.99666666666667],[129.4025,35.99583333333334],[129.40333333333334,35.99583333333334]]]}},{"type":"Feature","properties":{"grid_id":"dem-004-040","layer_role":"hand_flood_envelope","status":"TEMPORARY","source_type":"DERIVED_APPROXIMATION","stage_index":7,"time":"2022-09-06T07:40:00+09:00","state":"missing_report","label":"Missing persons reported","hand_m":0.0,"hand_threshold_m":0.25,"stage_fraction":1.0,"mean_elevation_m":6.21,"distance_to_primary_river_m":69.6,"stage_driver":"REPORTED_ORDER_ONLY","not_official_flood_extent":true,"not_hydraulic_simulation":true},"geometry":{"type":"Polygon","coordinates":[[[129.40416666666667,35.99583333333334],[129.40416666666667,35.99666666666667],[129.40333333333334,35.99666666666667],[129.40333333333334,35.99583333333334],[129.40416666666667,35.99583333333334]]]}},{"type":"Feature","properties":{"grid_id":"dem-004-041","layer_role":"hand_flood_envelope","status":"TEMPORARY","source_type":"DERIVED_APPROXIMATION","stage_index":7,"time":"2022-09-06T07:40:00+09:00","state":"missing_report","label":"Missing persons reported","hand_m":0.0,"hand_threshold_m":0.25,"stage_fraction":1.0,"mean_elevation_m":6.41,"distance_to_primary_river_m":125.9,"stage_driver":"REPORTED_ORDER_ONLY","not_official_flood_extent":true,"not_hydraulic_simulation":true},"geometry":{"type":"Polygon","coordinates":[[[129.405,35.99583333333334],[129.405,35.99666666666667],[129.40416666666667,35.99666666666667],[129.40416666666667,35.99583333333334],[129.405,35.99583333333334]]]}},{"type":"Feature","properties":{"grid_id":"dem-005-027","layer_role":"hand_flood_envelope","status":"TEMPORARY","source_type":"DERIVED_APPROXIMATION","stage_index":7,"time":"2022-09-06T07:40:00+09:00","state":"missing_report","label":"Missing persons reported","hand_m":0.0,"hand_threshold_m":0.25,"stage_fraction":1.0,"mean_elevation_m":6.54,"distance_to_primary_river_m":798.1,"stage_driver":"REPORTED_ORDER_ONLY","not_official_flood_extent":true,"not_hydraulic_simulation":true},"geometry":{"type":"Polygon","coordinates":[[[129.39333333333335,35.995],[129.39333333333335,35.99583333333334],[129.3925,35.99583333333334],[129.3925,35.995],[129.39333333333335,35.995]]]}},{"type":"Feature","properties":{"grid_id":"dem-005-028","layer_role":"hand_flood_envelope","status":"TEMPORARY","source_type":"DERIVED_APPROXIMATION","stage_index":7,"time":"2022-09-06T07:40:00+09:00","state":"missing_report","label":"Missing persons reported","hand_m":0.0,"hand_threshold_m":0.25,"stage_fraction":1.0,"mean_elevation_m":5.55,"distance_to_primary_river_m":726.3,"stage_driver":"REPORTED_ORDER_ONLY","not_official_flood_extent":true,"not_hydraulic_simulation":true},"geometry":{"type":"Polygon","coordinates":[[[129.39416666666668,35.995],[129.39416666666668,35.99583333333334],[129.39333333333335,35.99583333333334],[129.39333333333335,35.995],[129.39416666666668,35.995]]]}},{"type":"Feature","properties":{"grid_id":"dem-005-029","layer_role":"hand_flood_envelope","status":"TEMPORARY","source_type":"DERIVED_APPROXIMATION","stage_index":7,"time":"2022-09-06T07:40:00+09:00","state":"missing_report","label":"Missing persons reported","hand_m":0.0,"hand_threshold_m":0.25,"stage_fraction":1.0,"mean_elevation_m":5.56,"distance_to_primary_river_m":654.5,"stage_driver":"REPORTED_ORDER_ONLY","not_official_flood_extent":true,"not_hydraulic_simulation":true},"geometry":{"type":"Polygon","coordinates":[[[129.395,35.995],[129.395,35.99583333333334],[129.39416666666668,35.99583333333334],[129.39416666666668,35.995],[129.395,35.995]]]}},{"type":"Feature","properties":{"grid_id":"dem-005-030","layer_role":"hand_flood_envelope","status":"TEMPORARY","source_type":"DERIVED_APPROXIMATION","stage_index":7,"time":"2022-09-06T07:40:00+09:00","state":"missing_report","label":"Missing persons reported","hand_m":0.0,"hand_threshold_m":0.25,"stage_fraction":1.0,"mean_elevation_m":4.92,"distance_to_primary_river_m":582.7,"stage_driver":"REPORTED_ORDER_ONLY","not_official_flood_extent":true,"not_hydraulic_simulation":true},"geometry":{"type":"Polygon","coordinates":[[[129.39583333333334,35.995],[129.39583333333334,35.99583333333334],[129.395,35.99583333333334],[129.395,35.995],[129.39583333333334,35.995]]]}},{"type":"Feature","properties":{"grid_id":"dem-005-031","layer_role":"hand_flood_envelope","status":"TEMPORARY","source_type":"DERIVED_APPROXIMATION","stage_index":7,"time":"2022-09-06T07:40:00+09:00","state":"missing_report","label":"Missing persons reported","hand_m":0.0,"hand_threshold_m":0.25,"stage_fraction":1.0,"mean_elevation_m":6.91,"distance_to_primary_river_m":510.7,"stage_driver":"REPORTED_ORDER_ONLY","not_official_flood_extent":true,"not_hydraulic_simulation":true},"geometry":{"type":"Polygon","coordinates":[[[129.39666666666668,35.995],[129.39666666666668,35.99583333333334],[129.39583333333334,35.99583333333334],[129.39583333333334,35.995],[129.39666666666668,35.995]]]}},{"type":"Feature","properties":{"grid_id":"dem-005-032","layer_role":"hand_flood_envelope","status":"TEMPORARY","source_type":"DERIVED_APPROXIMATION","stage_index":7,"time":"2022-09-06T07:40:00+09:00","state":"missing_report","label":"Missing persons reported","hand_m":0.0,"hand_threshold_m":0.25,"stage_fraction":1.0,"mean_elevation_m":6.87,"distance_to_primary_river_m":438.0,"stage_driver":"REPORTED_ORDER_ONLY","not_official_flood_extent":true,"not_hydraulic_simulation":true},"geometry":{"type":"Polygon","coordinates":[[[129.3975,35.995],[129.3975,35.99583333333334],[129.39666666666668,35.99583333333334],[129.39666666666668,35.995],[129.3975,35.995]]]}},{"type":"Feature","properties":{"grid_id":"dem-005-033","layer_role":"hand_flood_envelope","status":"TEMPORARY","source_type":"DERIVED_APPROXIMATION","stage_index":7,"time":"2022-09-06T07:40:00+09:00","state":"missing_report","label":"Missing persons reported","hand_m":0.0,"hand_threshold_m":0.25,"stage_fraction":1.0,"mean_elevation_m":6.32,"distance_to_primary_river_m":365.2,"stage_driver":"REPORTED_ORDER_ONLY","not_official_flood_extent":true,"not_hydraulic_simulation":true},"geometry":{"type":"Polygon","coordinates":[[[129.39833333333334,35.995],[129.39833333333334,35.99583333333334],[129.3975,35.99583333333334],[129.3975,35.995],[129.39833333333334,35.995]]]}},{"type":"Feature","properties":{"grid_id":"dem-005-034","layer_role":"hand_flood_envelope","status":"TEMPORARY","source_type":"DERIVED_APPROXIMATION","stage_index":7,"time":"2022-09-06T07:40:00+09:00","state":"missing_report","label":"Missing persons reported","hand_m":0.0,"hand_threshold_m":0.25,"stage_fraction":1.0,"mean_elevation_m":11.98,"distance_to_primary_river_m":292.5,"stage_driver":"REPORTED_ORDER_ONLY","not_official_flood_extent":true,"not_hydraulic_simulation":true},"geometry":{"type":"Polygon","coordinates":[[[129.39916666666667,35.995],[129.39916666666667,35.99583333333334],[129.39833333333334,35.99583333333334],[129.39833333333334,35.995],[129.39916666666667,35.995]]]}},{"type":"Feature","properties":{"grid_id":"dem-005-035","layer_role":"hand_flood_envelope","status":"TEMPORARY","source_type":"DERIVED_APPROXIMATION","stage_index":7,"time":"2022-09-06T07:40:00+09:00","state":"missing_report","label":"Missing persons reported","hand_m":0.0,"hand_threshold_m":0.25,"stage_fraction":1.0,"mean_elevation_m":11.91,"distance_to_primary_river_m":220.2,"stage_driver":"REPORTED_ORDER_ONLY","not_official_flood_extent":true,"not_hydraulic_simulation":true},"geometry":{"type":"Polygon","coordinates":[[[129.4,35.995],[129.4,35.99583333333334],[129.39916666666667,35.99583333333334],[129.39916666666667,35.995],[129.4,35.995]]]}},{"type":"Feature","properties":{"grid_id":"dem-005-037","layer_role":"hand_flood_envelope","status":"TEMPORARY","source_type":"DERIVED_APPROXIMATION","stage_index":7,"time":"2022-09-06T07:40:00+09:00","state":"missing_report","label":"Missing persons reported","hand_m":0.0,"hand_threshold_m":0.25,"stage_fraction":1.0,"mean_elevation_m":5.33,"distance_to_primary_river_m":80.7,"stage_driver":"REPORTED_ORDER_ONLY","not_official_flood_extent":true,"not_hydraulic_simulation":true},"geometry":{"type":"Polygon","coordinates":[[[129.40166666666667,35.995],[129.40166666666667,35.99583333333334],[129.40083333333334,35.99583333333334],[129.40083333333334,35.995],[129.40166666666667,35.995]]]}},{"type":"Feature","properties":{"grid_id":"dem-005-038","layer_role":"hand_flood_envelope","status":"TEMPORARY","source_type":"DERIVED_APPROXIMATION","stage_index":7,"time":"2022-09-06T07:40:00+09:00","state":"missing_report","label":"Missing persons reported","hand_m":0.0,"hand_threshold_m":0.25,"stage_fraction":1.0,"mean_elevation_m":3.63,"distance_to_primary_river_m":11.3,"stage_driver":"REPORTED_ORDER_ONLY","not_official_flood_extent":true,"not_hydraulic_simulation":true},"geometry":{"type":"Polygon","coordinates":[[[129.4025,35.995],[129.4025,35.99583333333334],[129.40166666666667,35.99583333333334],[129.40166666666667,35.995],[129.4025,35.995]]]}},{"type":"Feature","properties":{"grid_id":"dem-005-039","layer_role":"hand_flood_envelope","status":"TEMPORARY","source_type":"DERIVED_APPROXIMATION","stage_index":7,"time":"2022-09-06T07:40:00+09:00","state":"missing_report","label":"Missing persons reported","hand_m":0.0,"hand_threshold_m":0.25,"stage_fraction":1.0,"mean_elevation_m":5.01,"distance_to_primary_river_m":55.7,"stage_driver":"REPORTED_ORDER_ONLY","not_official_flood_extent":true,"not_hydraulic_simulation":true},"geometry":{"type":"Polygon","coordinates":[[[129.40333333333334,35.995],[129.40333333333334,35.99583333333334],[129.4025,35.99583333333334],[129.4025,35.995],[129.40333333333334,35.995]]]}},{"type":"Feature","properties":{"grid_id":"dem-005-040","layer_role":"hand_flood_envelope","status":"TEMPORARY","source_type":"DERIVED_APPROXIMATION","stage_index":7,"time":"2022-09-06T07:40:00+09:00","state":"missing_report","label":"Missing persons reported","hand_m":0.0,"hand_threshold_m":0.25,"stage_fraction":1.0,"mean_elevation_m":9.03,"distance_to_primary_river_m":120.7,"stage_driver":"REPORTED_ORDER_ONLY","not_official_flood_extent":true,"not_hydraulic_simulation":true},"geometry":{"type":"Polygon","coordinates":[[[129.40416666666667,35.995],[129.40416666666667,35.99583333333334],[129.40333333333334,35.99583333333334],[129.40333333333334,35.995],[129.40416666666667,35.995]]]}},{"type":"Feature","properties":{"grid_id":"dem-005-041","layer_role":"hand_flood_envelope","status":"TEMPORARY","source_type":"DERIVED_APPROXIMATION","stage_index":7,"time":"2022-09-06T07:40:00+09:00","state":"missing_report","label":"Missing persons reported","hand_m":0.17,"hand_threshold_m":0.25,"stage_fraction":1.0,"mean_elevation_m":9.2,"distance_to_primary_river_m":185.7,"stage_driver":"REPORTED_ORDER_ONLY","not_official_flood_extent":true,"not_hydraulic_simulation":true},"geometry":{"type":"Polygon","coordinates":[[[129.405,35.995],[129.405,35.99583333333334],[129.40416666666667,35.99583333333334],[129.40416666666667,35.995],[129.405,35.995]]]}},{"type":"Feature","properties":{"grid_id":"dem-006-028","layer_role":"hand_flood_envelope","status":"TEMPORARY","source_type":"DERIVED_APPROXIMATION","stage_index":7,"time":"2022-09-06T07:40:00+09:00","state":"missing_report","label":"Missing persons reported","hand_m":0.0,"hand_threshold_m":0.25,"stage_fraction":1.0,"mean_elevation_m":6.42,"distance_to_primary_river_m":699.6,"stage_driver":"REPORTED_ORDER_ONLY","not_official_flood_extent":true,"not_hydraulic_simulation":true},"geometry":{"type":"Polygon","coordinates":[[[129.39416666666668,35.994166666666665],[129.39416666666668,35.995],[129.39333333333335,35.995],[129.39333333333335,35.994166666666665],[129.39416666666668,35.994166666666665]]]}},{"type":"Feature","properties":{"grid_id":"dem-006-029","layer_role":"hand_flood_envelope","status":"TEMPORARY","source_type":"DERIVED_APPROXIMATION","stage_index":7,"time":"2022-09-06T07:40:00+09:00","state":"missing_report","label":"Missing persons reported","hand_m":0.0,"hand_threshold_m":0.25,"stage_fraction":1.0,"mean_elevation_m":5.97,"distance_to_primary_river_m":627.3,"stage_driver":"REPORTED_ORDER_ONLY","not_official_flood_extent":true,"not_hydraulic_simulation":true},"geometry":{"type":"Polygon","coordinates":[[[129.395,35.994166666666665],[129.395,35.995],[129.39416666666668,35.995],[129.39416666666668,35.994166666666665],[129.395,35.994166666666665]]]}},{"type":"Feature","properties":{"grid_id":"dem-006-030","layer_role":"hand_flood_envelope","status":"TEMPORARY","source_type":"DERIVED_APPROXIMATION","stage_index":7,"time":"2022-09-06T07:40:00+09:00","state":"missing_report","label":"Missing persons reported","hand_m":0.0,"hand_threshold_m":0.25,"stage_fraction":1.0,"mean_elevation_m":6.76,"distance_to_primary_river_m":555.5,"stage_driver":"REPORTED_ORDER_ONLY","not_official_flood_extent":true,"not_hydraulic_simulation":true},"geometry":{"type":"Polygon","coordinates":[[[129.39583333333334,35.994166666666665],[129.39583333333334,35.995],[129.395,35.995],[129.395,35.994166666666665],[129.39583333333334,35.994166666666665]]]}},{"type":"Feature","properties":{"grid_id":"dem-006-031","layer_role":"hand_flood_envelope","status":"TEMPORARY","source_type":"DERIVED_APPROXIMATION","stage_index":7,"time":"2022-09-06T07:40:00+09:00","state":"missing_report","label":"Missing persons reported","hand_m":0.0,"hand_threshold_m":0.25,"stage_fraction":1.0,"mean_elevation_m":6.92,"distance_to_primary_river_m":483.7,"stage_driver":"REPORTED_ORDER_ONLY","not_official_flood_extent":true,"not_hydraulic_simulation":true},"geometry":{"type":"Polygon","coordinates":[[[129.39666666666668,35.994166666666665],[129.39666666666668,35.995],[129.39583333333334,35.995],[129.39583333333334,35.994166666666665],[129.39666666666668,35.994166666666665]]]}},{"type":"Feature","properties":{"grid_id":"dem-006-036","layer_role":"hand_flood_envelope","status":"TEMPORARY","source_type":"DERIVED_APPROXIMATION","stage_index":7,"time":"2022-09-06T07:40:00+09:00","state":"missing_report","label":"Missing persons reported","hand_m":0.0,"hand_threshold_m":0.25,"stage_fraction":1.0,"mean_elevation_m":16.04,"distance_to_primary_river_m":123.8,"stage_driver":"REPORTED_ORDER_ONLY","not_official_flood_extent":true,"not_hydraulic_simulation":true},"geometry":{"type":"Polygon","coordinates":[[[129.40083333333334,35.994166666666665],[129.40083333333334,35.995],[129.4,35.995],[129.4,35.994166666666665],[129.40083333333334,35.994166666666665]]]}},{"type":"Feature","properties":{"grid_id":"dem-006-037","layer_role":"hand_flood_envelope","status":"TEMPORARY","source_type":"DERIVED_APPROXIMATION","stage_index":7,"time":"2022-09-06T07:40:00+09:00","state":"missing_report","label":"Missing persons reported","hand_m":0.0,"hand_threshold_m":0.25,"stage_fraction":1.0,"mean_elevation_m":5.93,"distance_to_primary_river_m":51.1,"stage_driver":"REPORTED_ORDER_ONLY","not_official_flood_extent":true,"not_hydraulic_simulation":true},"geometry":{"type":"Polygon","coordinates":[[[129.40166666666667,35.994166666666665],[129.40166666666667,35.995],[129.40083333333334,35.995],[129.40083333333334,35.994166666666665],[129.40166666666667,35.994166666666665]]]}},{"type":"Feature","properties":{"grid_id":"dem-006-038","layer_role":"hand_flood_envelope","status":"TEMPORARY","source_type":"DERIVED_APPROXIMATION","stage_index":7,"time":"2022-09-06T07:40:00+09:00","state":"missing_report","label":"Missing persons reported","hand_m":0.0,"hand_threshold_m":0.25,"stage_fraction":1.0,"mean_elevation_m":3.14,"distance_to_primary_river_m":21.6,"stage_driver":"REPORTED_ORDER_ONLY","not_official_flood_extent":true,"not_hydraulic_simulation":true},"geometry":{"type":"Polygon","coordinates":[[[129.4025,35.994166666666665],[129.4025,35.995],[129.40166666666667,35.995],[129.40166666666667,35.994166666666665],[129.4025,35.994166666666665]]]}},{"type":"Feature","properties":{"grid_id":"dem-006-039","layer_role":"hand_flood_envelope","status":"TEMPORARY","source_type":"DERIVED_APPROXIMATION","stage_index":7,"time":"2022-09-06T07:40:00+09:00","state":"missing_report","label":"Missing persons reported","hand_m":0.0,"hand_threshold_m":0.25,"stage_fraction":1.0,"mean_elevation_m":7.74,"distance_to_primary_river_m":93.6,"stage_driver":"REPORTED_ORDER_ONLY","not_official_flood_extent":true,"not_hydraulic_simulation":true},"geometry":{"type":"Polygon","coordinates":[[[129.40333333333334,35.994166666666665],[129.40333333333334,35.995],[129.4025,35.995],[129.4025,35.994166666666665],[129.40333333333334,35.994166666666665]]]}},{"type":"Feature","properties":{"grid_id":"dem-006-040","layer_role":"hand_flood_envelope","status":"TEMPORARY","source_type":"DERIVED_APPROXIMATION","stage_index":7,"time":"2022-09-06T07:40:00+09:00","state":"missing_report","label":"Missing persons reported","hand_m":0.03,"hand_threshold_m":0.25,"stage_fraction":1.0,"mean_elevation_m":7.77,"distance_to_primary_river_m":162.9,"stage_driver":"REPORTED_ORDER_ONLY","not_official_flood_extent":true,"not_hydraulic_simulation":true},"geometry":{"type":"Polygon","coordinates":[[[129.40416666666667,35.994166666666665],[129.40416666666667,35.995],[129.40333333333334,35.995],[129.40333333333334,35.994166666666665],[129.40416666666667,35.994166666666665]]]}},{"type":"Feature","properties":{"grid_id":"dem-006-041","layer_role":"hand_flood_envelope","status":"TEMPORARY","source_type":"DERIVED_APPROXIMATION","stage_index":7,"time":"2022-09-06T07:40:00+09:00","state":"missing_report","label":"Missing persons reported","hand_m":0.0,"hand_threshold_m":0.25,"stage_fraction":1.0,"mean_elevation_m":6.25,"distance_to_primary_river_m":232.1,"stage_driver":"REPORTED_ORDER_ONLY","not_official_flood_extent":true,"not_hydraulic_simulation":true},"geometry":{"type":"Polygon","coordinates":[[[129.405,35.994166666666665],[129.405,35.995],[129.40416666666667,35.995],[129.40416666666667,35.994166666666665],[129.405,35.994166666666665]]]}},{"type":"Feature","properties":{"grid_id":"dem-006-042","layer_role":"hand_flood_envelope","status":"TEMPORARY","source_type":"DERIVED_APPROXIMATION","stage_index":7,"time":"2022-09-06T07:40:00+09:00","state":"missing_report","label":"Missing persons reported","hand_m":0.0,"hand_threshold_m":0.25,"stage_fraction":1.0,"mean_elevation_m":7.63,"distance_to_primary_river_m":297.1,"stage_driver":"REPORTED_ORDER_ONLY","not_official_flood_extent":true,"not_hydraulic_simulation":true},"geometry":{"type":"Polygon","coordinates":[[[129.40583333333333,35.994166666666665],[129.40583333333333,35.995],[129.405,35.995],[129.405,35.994166666666665],[129.40583333333333,35.994166666666665]]]}},{"type":"Feature","properties":{"grid_id":"dem-007-029","layer_role":"hand_flood_envelope","status":"TEMPORARY","source_type":"DERIVED_APPROXIMATION","stage_index":7,"time":"2022-09-06T07:40:00+09:00","state":"missing_report","label":"Missing persons reported","hand_m":0.0,"hand_threshold_m":0.25,"stage_fraction":1.0,"mean_elevation_m":6.53,"distance_to_primary_river_m":602.7,"stage_driver":"REPORTED_ORDER_ONLY","not_official_flood_extent":true,"not_hydraulic_simulation":true},"geometry":{"type":"Polygon","coordinates":[[[129.395,35.99333333333333],[129.395,35.994166666666665],[129.39416666666668,35.994166666666665],[129.39416666666668,35.99333333333333],[129.395,35.99333333333333]]]}},{"type":"Feature","properties":{"grid_id":"dem-007-030","layer_role":"hand_flood_envelope","status":"TEMPORARY","source_type":"DERIVED_APPROXIMATION","stage_index":7,"time":"2022-09-06T07:40:00+09:00","state":"missing_report","label":"Missing persons reported","hand_m":0.0,"hand_threshold_m":0.25,"stage_fraction":1.0,"mean_elevation_m":6.96,"distance_to_primary_river_m":530.3,"stage_driver":"REPORTED_ORDER_ONLY","not_official_flood_extent":true,"not_hydraulic_simulation":true},"geometry":{"type":"Polygon","coordinates":[[[129.39583333333334,35.99333333333333],[129.39583333333334,35.994166666666665],[129.395,35.994166666666665],[129.395,35.99333333333333],[129.39583333333334,35.99333333333333]]]}},{"type":"Feature","properties":{"grid_id":"dem-007-036","layer_role":"hand_flood_envelope","status":"TEMPORARY","source_type":"DERIVED_APPROXIMATION","stage_index":7,"time":"2022-09-06T07:40:00+09:00","state":"missing_report","label":"Missing persons reported","hand_m":0.0,"hand_threshold_m":0.25,"stage_fraction":1.0,"mean_elevation_m":13.54,"distance_to_primary_river_m":97.4,"stage_driver":"REPORTED_ORDER_ONLY","not_official_flood_extent":true,"not_hydraulic_simulation":true},"geometry":{"type":"Polygon","coordinates":[[[129.40083333333334,35.99333333333333],[129.40083333333334,35.994166666666665],[129.4,35.994166666666665],[129.4,35.99333333333333],[129.40083333333334,35.99333333333333]]]}},{"type":"Feature","properties":{"grid_id":"dem-007-037","layer_role":"hand_flood_envelope","status":"TEMPORARY","source_type":"DERIVED_APPROXIMATION","stage_index":7,"time":"2022-09-06T07:40:00+09:00","state":"missing_report","label":"Missing persons reported","hand_m":0.0,"hand_threshold_m":0.25,"stage_fraction":1.0,"mean_elevation_m":6.37,"distance_to_primary_river_m":25.6,"stage_driver":"REPORTED_ORDER_ONLY","not_official_flood_extent":true,"not_hydraulic_simulation":true},"geometry":{"type":"Polygon","coordinates":[[[129.40166666666667,35.99333333333333],[129.40166666666667,35.994166666666665],[129.40083333333334,35.994166666666665],[129.40083333333334,35.99333333333333],[129.40166666666667,35.99333333333333]]]}},{"type":"Feature","properties":{"grid_id":"dem-007-038","layer_role":"hand_flood_envelope","status":"TEMPORARY","source_type":"DERIVED_APPROXIMATION","stage_index":7,"time":"2022-09-06T07:40:00+09:00","state":"missing_report","label":"Missing persons reported","hand_m":0.0,"hand_threshold_m":0.25,"stage_fraction":1.0,"mean_elevation_m":6.79,"distance_to_primary_river_m":46.2,"stage_driver":"REPORTED_ORDER_ONLY","not_official_flood_extent":true,"not_hydraulic_simulation":true},"geometry":{"type":"Polygon","coordinates":[[[129.4025,35.99333333333333],[129.4025,35.994166666666665],[129.40166666666667,35.994166666666665],[129.40166666666667,35.99333333333333],[129.4025,35.99333333333333]]]}},{"type":"Feature","properties":{"grid_id":"dem-007-039","layer_role":"hand_flood_envelope","status":"TEMPORARY","source_type":"DERIVED_APPROXIMATION","stage_index":7,"time":"2022-09-06T07:40:00+09:00","state":"missing_report","label":"Missing persons reported","hand_m":0.0,"hand_threshold_m":0.25,"stage_fraction":1.0,"mean_elevation_m":9.85,"distance_to_primary_river_m":118.0,"stage_driver":"REPORTED_ORDER_ONLY","not_official_flood_extent":true,"not_hydraulic_simulation":true},"geometry":{"type":"Polygon","coordinates":[[[129.40333333333334,35.99333333333333],[129.40333333333334,35.994166666666665],[129.4025,35.994166666666665],[129.4025,35.99333333333333],[129.40333333333334,35.99333333333333]]]}},{"type":"Feature","properties":{"grid_id":"dem-007-040","layer_role":"hand_flood_envelope","status":"TEMPORARY","source_type":"DERIVED_APPROXIMATION","stage_index":7,"time":"2022-09-06T07:40:00+09:00","state":"missing_report","label":"Missing persons reported","hand_m":0.0,"hand_threshold_m":0.25,"stage_fraction":1.0,"mean_elevation_m":9.25,"distance_to_primary_river_m":190.3,"stage_driver":"REPORTED_ORDER_ONLY","not_official_flood_extent":true,"not_hydraulic_simulation":true},"geometry":{"type":"Polygon","coordinates":[[[129.40416666666667,35.99333333333333],[129.40416666666667,35.994166666666665],[129.40333333333334,35.994166666666665],[129.40333333333334,35.99333333333333],[129.40416666666667,35.99333333333333]]]}},{"type":"Feature","properties":{"grid_id":"dem-007-041","layer_role":"hand_flood_envelope","status":"TEMPORARY","source_type":"DERIVED_APPROXIMATION","stage_index":7,"time":"2022-09-06T07:40:00+09:00","state":"missing_report","label":"Missing persons reported","hand_m":0.0,"hand_threshold_m":0.25,"stage_fraction":1.0,"mean_elevation_m":9.21,"distance_to_primary_river_m":263.0,"stage_driver":"REPORTED_ORDER_ONLY","not_official_flood_extent":true,"not_hydraulic_simulation":true},"geometry":{"type":"Polygon","coordinates":[[[129.405,35.99333333333333],[129.405,35.994166666666665],[129.40416666666667,35.994166666666665],[129.40416666666667,35.99333333333333],[129.405,35.99333333333333]]]}},{"type":"Feature","properties":{"grid_id":"dem-007-042","layer_role":"hand_flood_envelope","status":"TEMPORARY","source_type":"DERIVED_APPROXIMATION","stage_index":7,"time":"2022-09-06T07:40:00+09:00","state":"missing_report","label":"Missing persons reported","hand_m":0.0,"hand_threshold_m":0.25,"stage_fraction":1.0,"mean_elevation_m":8.29,"distance_to_primary_river_m":335.8,"stage_driver":"REPORTED_ORDER_ONLY","not_official_flood_extent":true,"not_hydraulic_simulation":true},"geometry":{"type":"Polygon","coordinates":[[[129.40583333333333,35.99333333333333],[129.40583333333333,35.994166666666665],[129.405,35.994166666666665],[129.405,35.99333333333333],[129.40583333333333,35.99333333333333]]]}},{"type":"Feature","properties":{"grid_id":"dem-007-043","layer_role":"hand_flood_envelope","status":"TEMPORARY","source_type":"DERIVED_APPROXIMATION","stage_index":7,"time":"2022-09-06T07:40:00+09:00","state":"missing_report","label":"Missing persons reported","hand_m":0.0,"hand_threshold_m":0.25,"stage_fraction":1.0,"mean_elevation_m":8.0,"distance_to_primary_river_m":406.6,"stage_driver":"REPORTED_ORDER_ONLY","not_official_flood_extent":true,"not_hydraulic_simulation":true},"geometry":{"type":"Polygon","coordinates":[[[129.40666666666667,35.99333333333333],[129.40666666666667,35.994166666666665],[129.40583333333333,35.994166666666665],[129.40583333333333,35.99333333333333],[129.40666666666667,35.99333333333333]]]}},{"type":"Feature","properties":{"grid_id":"dem-008-030","layer_role":"hand_flood_envelope","status":"TEMPORARY","source_type":"DERIVED_APPROXIMATION","stage_index":7,"time":"2022-09-06T07:40:00+09:00","state":"missing_report","label":"Missing persons reported","hand_m":0.18,"hand_threshold_m":0.25,"stage_fraction":1.0,"mean_elevation_m":7.57,"distance_to_primary_river_m":505.9,"stage_driver":"REPORTED_ORDER_ONLY","not_official_flood_extent":true,"not_hydraulic_simulation":true},"geometry":{"type":"Polygon","coordinates":[[[129.39583333333334,35.9925],[129.39583333333334,35.99333333333333],[129.395,35.99333333333333],[129.395,35.9925],[129.39583333333334,35.9925]]]}},{"type":"Feature","properties":{"grid_id":"dem-008-031","layer_role":"hand_flood_envelope","status":"TEMPORARY","source_type":"DERIVED_APPROXIMATION","stage_index":7,"time":"2022-09-06T07:40:00+09:00","state":"missing_report","label":"Missing persons reported","hand_m":0.0,"hand_threshold_m":0.25,"stage_fraction":1.0,"mean_elevation_m":7.04,"distance_to_primary_river_m":433.4,"stage_driver":"REPORTED_ORDER_ONLY","not_official_flood_extent":true,"not_hydraulic_simulation":true},"geometry":{"type":"Polygon","coordinates":[[[129.39666666666668,35.9925],[129.39666666666668,35.99333333333333],[129.39583333333334,35.99333333333333],[129.39583333333334,35.9925],[129.39666666666668,35.9925]]]}},{"type":"Feature","properties":{"grid_id":"dem-008-032","layer_role":"hand_flood_envelope","status":"TEMPORARY","source_type":"DERIVED_APPROXIMATION","stage_index":7,"time":"2022-09-06T07:40:00+09:00","state":"missing_report","label":"Missing persons reported","hand_m":0.0,"hand_threshold_m":0.25,"stage_fraction":1.0,"mean_elevation_m":6.69,"distance_to_primary_river_m":360.9,"stage_driver":"REPORTED_ORDER_ONLY","not_official_flood_extent":true,"not_hydraulic_simulation":true},"geometry":{"type":"Polygon","coordinates":[[[129.3975,35.9925],[129.3975,35.99333333333333],[129.39666666666668,35.99333333333333],[129.39666666666668,35.9925],[129.3975,35.9925]]]}},{"type":"Feature","properties":{"grid_id":"dem-008-033","layer_role":"hand_flood_envelope","status":"TEMPORARY","source_type":"DERIVED_APPROXIMATION","stage_index":7,"time":"2022-09-06T07:40:00+09:00","state":"missing_report","label":"Missing persons reported","hand_m":0.0,"hand_threshold_m":0.25,"stage_fraction":1.0,"mean_elevation_m":6.78,"distance_to_primary_river_m":288.4,"stage_driver":"REPORTED_ORDER_ONLY","not_official_flood_extent":true,"not_hydraulic_simulation":true},"geometry":{"type":"Polygon","coordinates":[[[129.39833333333334,35.9925],[129.39833333333334,35.99333333333333],[129.3975,35.99333333333333],[129.3975,35.9925],[129.39833333333334,35.9925]]]}},{"type":"Feature","properties":{"grid_id":"dem-008-034","layer_role":"hand_flood_envelope","status":"TEMPORARY","source_type":"DERIVED_APPROXIMATION","stage_index":7,"time":"2022-09-06T07:40:00+09:00","state":"missing_report","label":"Missing persons reported","hand_m":0.0,"hand_threshold_m":0.25,"stage_fraction":1.0,"mean_elevation_m":6.01,"distance_to_primary_river_m":216.0,"stage_driver":"REPORTED_ORDER_ONLY","not_official_flood_extent":true,"not_hydraulic_simulation":true},"geometry":{"type":"Polygon","coordinates":[[[129.39916666666667,35.9925],[129.39916666666667,35.99333333333333],[129.39833333333334,35.99333333333333],[129.39833333333334,35.9925],[129.39916666666667,35.9925]]]}},{"type":"Feature","properties":{"grid_id":"dem-008-035","layer_role":"hand_flood_envelope","status":"TEMPORARY","source_type":"DERIVED_APPROXIMATION","stage_index":7,"time":"2022-09-06T07:40:00+09:00","state":"missing_report","label":"Missing persons reported","hand_m":0.0,"hand_threshold_m":0.25,"stage_fraction":1.0,"mean_elevation_m":7.39,"distance_to_primary_river_m":143.5,"stage_driver":"REPORTED_ORDER_ONLY","not_official_flood_extent":true,"not_hydraulic_simulation":true},"geometry":{"type":"Polygon","coordinates":[[[129.4,35.9925],[129.4,35.99333333333333],[129.39916666666667,35.99333333333333],[129.39916666666667,35.9925],[129.4,35.9925]]]}},{"type":"Feature","properties":{"grid_id":"dem-008-036","layer_role":"hand_flood_envelope","status":"TEMPORARY","source_type":"DERIVED_APPROXIMATION","stage_index":7,"time":"2022-09-06T07:40:00+09:00","state":"missing_report","label":"Missing persons reported","hand_m":0.0,"hand_threshold_m":0.25,"stage_fraction":1.0,"mean_elevation_m":8.56,"distance_to_primary_river_m":71.0,"stage_driver":"REPORTED_ORDER_ONLY","not_official_flood_extent":true,"not_hydraulic_simulation":true},"geometry":{"type":"Polygon","coordinates":[[[129.40083333333334,35.9925],[129.40083333333334,35.99333333333333],[129.4,35.99333333333333],[129.4,35.9925],[129.40083333333334,35.9925]]]}},{"type":"Feature","properties":{"grid_id":"dem-008-037","layer_role":"hand_flood_envelope","status":"TEMPORARY","source_type":"DERIVED_APPROXIMATION","stage_index":7,"time":"2022-09-06T07:40:00+09:00","state":"missing_report","label":"Missing persons reported","hand_m":0.0,"hand_threshold_m":0.25,"stage_fraction":1.0,"mean_elevation_m":4.45,"distance_to_primary_river_m":1.4,"stage_driver":"REPORTED_ORDER_ONLY","not_official_flood_extent":true,"not_hydraulic_simulation":true},"geometry":{"type":"Polygon","coordinates":[[[129.40166666666667,35.9925],[129.40166666666667,35.99333333333333],[129.40083333333334,35.99333333333333],[129.40083333333334,35.9925],[129.40166666666667,35.9925]]]}},{"type":"Feature","properties":{"grid_id":"dem-008-038","layer_role":"hand_flood_envelope","status":"TEMPORARY","source_type":"DERIVED_APPROXIMATION","stage_index":7,"time":"2022-09-06T07:40:00+09:00","state":"missing_report","label":"Missing persons reported","hand_m":0.0,"hand_threshold_m":0.25,"stage_fraction":1.0,"mean_elevation_m":8.4,"distance_to_primary_river_m":73.5,"stage_driver":"REPORTED_ORDER_ONLY","not_official_flood_extent":true,"not_hydraulic_simulation":true},"geometry":{"type":"Polygon","coordinates":[[[129.4025,35.9925],[129.4025,35.99333333333333],[129.40166666666667,35.99333333333333],[129.40166666666667,35.9925],[129.4025,35.9925]]]}},{"type":"Feature","properties":{"grid_id":"dem-008-039","layer_role":"hand_flood_envelope","status":"TEMPORARY","source_type":"DERIVED_APPROXIMATION","stage_index":7,"time":"2022-09-06T07:40:00+09:00","state":"missing_report","label":"Missing persons reported","hand_m":0.0,"hand_threshold_m":0.25,"stage_fraction":1.0,"mean_elevation_m":10.28,"distance_to_primary_river_m":145.3,"stage_driver":"REPORTED_ORDER_ONLY","not_official_flood_extent":true,"not_hydraulic_simulation":true},"geometry":{"type":"Polygon","coordinates":[[[129.40333333333334,35.9925],[129.40333333333334,35.99333333333333],[129.4025,35.99333333333333],[129.4025,35.9925],[129.40333333333334,35.9925]]]}},{"type":"Feature","properties":{"grid_id":"dem-008-040","layer_role":"hand_flood_envelope","status":"TEMPORARY","source_type":"DERIVED_APPROXIMATION","stage_index":7,"time":"2022-09-06T07:40:00+09:00","state":"missing_report","label":"Missing persons reported","hand_m":0.0,"hand_threshold_m":0.25,"stage_fraction":1.0,"mean_elevation_m":9.91,"distance_to_primary_river_m":217.1,"stage_driver":"REPORTED_ORDER_ONLY","not_official_flood_extent":true,"not_hydraulic_simulation":true},"geometry":{"type":"Polygon","coordinates":[[[129.40416666666667,35.9925],[129.40416666666667,35.99333333333333],[129.40333333333334,35.99333333333333],[129.40333333333334,35.9925],[129.40416666666667,35.9925]]]}},{"type":"Feature","properties":{"grid_id":"dem-008-042","layer_role":"hand_flood_envelope","status":"TEMPORARY","source_type":"DERIVED_APPROXIMATION","stage_index":7,"time":"2022-09-06T07:40:00+09:00","state":"missing_report","label":"Missing persons reported","hand_m":0.0,"hand_threshold_m":0.25,"stage_fraction":1.0,"mean_elevation_m":9.06,"distance_to_primary_river_m":360.7,"stage_driver":"REPORTED_ORDER_ONLY","not_official_flood_extent":true,"not_hydraulic_simulation":true},"geometry":{"type":"Polygon","coordinates":[[[129.40583333333333,35.9925],[129.40583333333333,35.99333333333333],[129.405,35.99333333333333],[129.405,35.9925],[129.40583333333333,35.9925]]]}},{"type":"Feature","properties":{"grid_id":"dem-008-043","layer_role":"hand_flood_envelope","status":"TEMPORARY","source_type":"DERIVED_APPROXIMATION","stage_index":7,"time":"2022-09-06T07:40:00+09:00","state":"missing_report","label":"Missing persons reported","hand_m":0.0,"hand_threshold_m":0.25,"stage_fraction":1.0,"mean_elevation_m":8.32,"distance_to_primary_river_m":432.5,"stage_driver":"REPORTED_ORDER_ONLY","not_official_flood_extent":true,"not_hydraulic_simulation":true},"geometry":{"type":"Polygon","coordinates":[[[129.40666666666667,35.9925],[129.40666666666667,35.99333333333333],[129.40583333333333,35.99333333333333],[129.40583333333333,35.9925],[129.40666666666667,35.9925]]]}},{"type":"Feature","properties":{"grid_id":"dem-008-044","layer_role":"hand_flood_envelope","status":"TEMPORARY","source_type":"DERIVED_APPROXIMATION","stage_index":7,"time":"2022-09-06T07:40:00+09:00","state":"missing_report","label":"Missing persons reported","hand_m":0.0,"hand_threshold_m":0.25,"stage_fraction":1.0,"mean_elevation_m":8.95,"distance_to_primary_river_m":504.5,"stage_driver":"REPORTED_ORDER_ONLY","not_official_flood_extent":true,"not_hydraulic_simulation":true},"geometry":{"type":"Polygon","coordinates":[[[129.4075,35.9925],[129.4075,35.99333333333333],[129.40666666666667,35.99333333333333],[129.40666666666667,35.9925],[129.4075,35.9925]]]}},{"type":"Feature","properties":{"grid_id":"dem-009-030","layer_role":"hand_flood_envelope","status":"TEMPORARY","source_type":"DERIVED_APPROXIMATION","stage_index":7,"time":"2022-09-06T07:40:00+09:00","state":"missing_report","label":"Missing persons reported","hand_m":0.07,"hand_threshold_m":0.25,"stage_fraction":1.0,"mean_elevation_m":9.45,"distance_to_primary_river_m":486.1,"stage_driver":"REPORTED_ORDER_ONLY","not_official_flood_extent":true,"not_hydraulic_simulation":true},"geometry":{"type":"Polygon","coordinates":[[[129.39583333333334,35.99166666666667],[129.39583333333334,35.9925],[129.395,35.9925],[129.395,35.99166666666667],[129.39583333333334,35.99166666666667]]]}},{"type":"Feature","properties":{"grid_id":"dem-009-032","layer_role":"hand_flood_envelope","status":"TEMPORARY","source_type":"DERIVED_APPROXIMATION","stage_index":7,"time":"2022-09-06T07:40:00+09:00","state":"missing_report","label":"Missing persons reported","hand_m":0.0,"hand_threshold_m":0.25,"stage_fraction":1.0,"mean_elevation_m":8.8,"distance_to_primary_river_m":337.6,"stage_driver":"REPORTED_ORDER_ONLY","not_official_flood_extent":true,"not_hydraulic_simulation":true},"geometry":{"type":"Polygon","coordinates":[[[129.3975,35.99166666666667],[129.3975,35.9925],[129.39666666666668,35.9925],[129.39666666666668,35.99166666666667],[129.3975,35.99166666666667]]]}},{"type":"Feature","properties":{"grid_id":"dem-009-033","layer_role":"hand_flood_envelope","status":"TEMPORARY","source_type":"DERIVED_APPROXIMATION","stage_index":7,"time":"2022-09-06T07:40:00+09:00","state":"missing_report","label":"Missing persons reported","hand_m":0.0,"hand_threshold_m":0.25,"stage_fraction":1.0,"mean_elevation_m":7.32,"distance_to_primary_river_m":264.1,"stage_driver":"REPORTED_ORDER_ONLY","not_official_flood_extent":true,"not_hydraulic_simulation":true},"geometry":{"type":"Polygon","coordinates":[[[129.39833333333334,35.99166666666667],[129.39833333333334,35.9925],[129.3975,35.9925],[129.3975,35.99166666666667],[129.39833333333334,35.99166666666667]]]}},{"type":"Feature","properties":{"grid_id":"dem-009-034","layer_role":"hand_flood_envelope","status":"TEMPORARY","source_type":"DERIVED_APPROXIMATION","stage_index":7,"time":"2022-09-06T07:40:00+09:00","state":"missing_report","label":"Missing persons reported","hand_m":0.0,"hand_threshold_m":0.25,"stage_fraction":1.0,"mean_elevation_m":9.1,"distance_to_primary_river_m":191.5,"stage_driver":"REPORTED_ORDER_ONLY","not_official_flood_extent":true,"not_hydraulic_simulation":true},"geometry":{"type":"Polygon","coordinates":[[[129.39916666666667,35.99166666666667],[129.39916666666667,35.9925],[129.39833333333334,35.9925],[129.39833333333334,35.99166666666667],[129.39916666666667,35.99166666666667]]]}},{"type":"Feature","properties":{"grid_id":"dem-009-035","layer_role":"hand_flood_envelope","status":"TEMPORARY","source_type":"DERIVED_APPROXIMATION","stage_index":7,"time":"2022-09-06T07:40:00+09:00","state":"missing_report","label":"Missing persons reported","hand_m":0.0,"hand_threshold_m":0.25,"stage_fraction":1.0,"mean_elevation_m":9.37,"distance_to_primary_river_m":119.1,"stage_driver":"REPORTED_ORDER_ONLY","not_official_flood_extent":true,"not_hydraulic_simulation":true},"geometry":{"type":"Polygon","coordinates":[[[129.4,35.99166666666667],[129.4,35.9925],[129.39916666666667,35.9925],[129.39916666666667,35.99166666666667],[129.4,35.99166666666667]]]}},{"type":"Feature","properties":{"grid_id":"dem-009-036","layer_role":"hand_flood_envelope","status":"TEMPORARY","source_type":"DERIVED_APPROXIMATION","stage_index":7,"time":"2022-09-06T07:40:00+09:00","state":"missing_report","label":"Missing persons reported","hand_m":0.0,"hand_threshold_m":0.25,"stage_fraction":1.0,"mean_elevation_m":7.74,"distance_to_primary_river_m":46.6,"stage_driver":"REPORTED_ORDER_ONLY","not_official_flood_extent":true,"not_hydraulic_simulation":true},"geometry":{"type":"Polygon","coordinates":[[[129.40083333333334,35.99166666666667],[129.40083333333334,35.9925],[129.4,35.9925],[129.4,35.99166666666667],[129.40083333333334,35.99166666666667]]]}},{"type":"Feature","properties":{"grid_id":"dem-009-037","layer_role":"hand_flood_envelope","status":"TEMPORARY","source_type":"DERIVED_APPROXIMATION","stage_index":7,"time":"2022-09-06T07:40:00+09:00","state":"missing_report","label":"Missing persons reported","hand_m":0.0,"hand_threshold_m":0.25,"stage_fraction":1.0,"mean_elevation_m":4.44,"distance_to_primary_river_m":25.9,"stage_driver":"REPORTED_ORDER_ONLY","not_official_flood_extent":true,"not_hydraulic_simulation":true},"geometry":{"type":"Polygon","coordinates":[[[129.40166666666667,35.99166666666667],[129.40166666666667,35.9925],[129.40083333333334,35.9925],[129.40083333333334,35.99166666666667],[129.40166666666667,35.99166666666667]]]}},{"type":"Feature","properties":{"grid_id":"dem-009-038","layer_role":"hand_flood_envelope","status":"TEMPORARY","source_type":"DERIVED_APPROXIMATION","stage_index":7,"time":"2022-09-06T07:40:00+09:00","state":"missing_report","label":"Missing persons reported","hand_m":0.0,"hand_threshold_m":0.25,"stage_fraction":1.0,"mean_elevation_m":10.27,"distance_to_primary_river_m":98.3,"stage_driver":"REPORTED_ORDER_ONLY","not_official_flood_extent":true,"not_hydraulic_simulation":true},"geometry":{"type":"Polygon","coordinates":[[[129.4025,35.99166666666667],[129.4025,35.9925],[129.40166666666667,35.9925],[129.40166666666667,35.99166666666667],[129.4025,35.99166666666667]]]}},{"type":"Feature","properties":{"grid_id":"dem-009-039","layer_role":"hand_flood_envelope","status":"TEMPORARY","source_type":"DERIVED_APPROXIMATION","stage_index":7,"time":"2022-09-06T07:40:00+09:00","state":"missing_report","label":"Missing persons reported","hand_m":0.01,"hand_threshold_m":0.25,"stage_fraction":1.0,"mean_elevation_m":10.28,"distance_to_primary_river_m":170.8,"stage_driver":"REPORTED_ORDER_ONLY","not_official_flood_extent":true,"not_hydraulic_simulation":true},"geometry":{"type":"Polygon","coordinates":[[[129.40333333333334,35.99166666666667],[129.40333333333334,35.9925],[129.4025,35.9925],[129.4025,35.99166666666667],[129.40333333333334,35.99166666666667]]]}},{"type":"Feature","properties":{"grid_id":"dem-009-040","layer_role":"hand_flood_envelope","status":"TEMPORARY","source_type":"DERIVED_APPROXIMATION","stage_index":7,"time":"2022-09-06T07:40:00+09:00","state":"missing_report","label":"Missing persons reported","hand_m":0.0,"hand_threshold_m":0.25,"stage_fraction":1.0,"mean_elevation_m":9.9,"distance_to_primary_river_m":243.3,"stage_driver":"REPORTED_ORDER_ONLY","not_official_flood_extent":true,"not_hydraulic_simulation":true},"geometry":{"type":"Polygon","coordinates":[[[129.40416666666667,35.99166666666667],[129.40416666666667,35.9925],[129.40333333333334,35.9925],[129.40333333333334,35.99166666666667],[129.40416666666667,35.99166666666667]]]}},{"type":"Feature","properties":{"grid_id":"dem-009-043","layer_role":"hand_flood_envelope","status":"TEMPORARY","source_type":"DERIVED_APPROXIMATION","stage_index":7,"time":"2022-09-06T07:40:00+09:00","state":"missing_report","label":"Missing persons reported","hand_m":0.0,"hand_threshold_m":0.25,"stage_fraction":1.0,"mean_elevation_m":9.4,"distance_to_primary_river_m":459.7,"stage_driver":"REPORTED_ORDER_ONLY","not_official_flood_extent":true,"not_hydraulic_simulation":true},"geometry":{"type":"Polygon","coordinates":[[[129.40666666666667,35.99166666666667],[129.40666666666667,35.9925],[129.40583333333333,35.9925],[129.40583333333333,35.99166666666667],[129.40666666666667,35.99166666666667]]]}},{"type":"Feature","properties":{"grid_id":"dem-009-044","layer_role":"hand_flood_envelope","status":"TEMPORARY","source_type":"DERIVED_APPROXIMATION","stage_index":7,"time":"2022-09-06T07:40:00+09:00","state":"missing_report","label":"Missing persons reported","hand_m":0.0,"hand_threshold_m":0.25,"stage_fraction":1.0,"mean_elevation_m":9.15,"distance_to_primary_river_m":531.5,"stage_driver":"REPORTED_ORDER_ONLY","not_official_flood_extent":true,"not_hydraulic_simulation":true},"geometry":{"type":"Polygon","coordinates":[[[129.4075,35.99166666666667],[129.4075,35.9925],[129.40666666666667,35.9925],[129.40666666666667,35.99166666666667],[129.4075,35.99166666666667]]]}},{"type":"Feature","properties":{"grid_id":"dem-010-030","layer_role":"hand_flood_envelope","status":"TEMPORARY","source_type":"DERIVED_APPROXIMATION","stage_index":7,"time":"2022-09-06T07:40:00+09:00","state":"missing_report","label":"Missing persons reported","hand_m":0.0,"hand_threshold_m":0.25,"stage_fraction":1.0,"mean_elevation_m":14.63,"distance_to_primary_river_m":475.9,"stage_driver":"REPORTED_ORDER_ONLY","not_official_flood_extent":true,"not_hydraulic_simulation":true},"geometry":{"type":"Polygon","coordinates":[[[129.39583333333334,35.990833333333335],[129.39583333333334,35.99166666666667],[129.395,35.99166666666667],[129.395,35.990833333333335],[129.39583333333334,35.990833333333335]]]}},{"type":"Feature","properties":{"grid_id":"dem-010-031","layer_role":"hand_flood_envelope","status":"TEMPORARY","source_type":"DERIVED_APPROXIMATION","stage_index":7,"time":"2022-09-06T07:40:00+09:00","state":"missing_report","label":"Missing persons reported","hand_m":0.0,"hand_threshold_m":0.25,"stage_fraction":1.0,"mean_elevation_m":9.27,"distance_to_primary_river_m":401.2,"stage_driver":"REPORTED_ORDER_ONLY","not_official_flood_extent":true,"not_hydraulic_simulation":true},"geometry":{"type":"Polygon","coordinates":[[[129.39666666666668,35.990833333333335],[129.39666666666668,35.99166666666667],[129.39583333333334,35.99166666666667],[129.39583333333334,35.990833333333335],[129.39666666666668,35.990833333333335]]]}},{"type":"Feature","properties":{"grid_id":"dem-010-032","layer_role":"hand_flood_envelope","status":"TEMPORARY","source_type":"DERIVED_APPROXIMATION","stage_index":7,"time":"2022-09-06T07:40:00+09:00","state":"missing_report","label":"Missing persons reported","hand_m":0.0,"hand_threshold_m":0.25,"stage_fraction":1.0,"mean_elevation_m":8.24,"distance_to_primary_river_m":326.5,"stage_driver":"REPORTED_ORDER_ONLY","not_official_flood_extent":true,"not_hydraulic_simulation":true},"geometry":{"type":"Polygon","coordinates":[[[129.3975,35.990833333333335],[129.3975,35.99166666666667],[129.39666666666668,35.99166666666667],[129.39666666666668,35.990833333333335],[129.3975,35.990833333333335]]]}},{"type":"Feature","properties":{"grid_id":"dem-010-033","layer_role":"hand_flood_envelope","status":"TEMPORARY","source_type":"DERIVED_APPROXIMATION","stage_index":7,"time":"2022-09-06T07:40:00+09:00","state":"missing_report","label":"Missing persons reported","hand_m":0.0,"hand_threshold_m":0.25,"stage_fraction":1.0,"mean_elevation_m":6.67,"distance_to_primary_river_m":251.8,"stage_driver":"REPORTED_ORDER_ONLY","not_official_flood_extent":true,"not_hydraulic_simulation":true},"geometry":{"type":"Polygon","coordinates":[[[129.39833333333334,35.990833333333335],[129.39833333333334,35.99166666666667],[129.3975,35.99166666666667],[129.3975,35.990833333333335],[129.39833333333334,35.990833333333335]]]}},{"type":"Feature","properties":{"grid_id":"dem-010-034","layer_role":"hand_flood_envelope","status":"TEMPORARY","source_type":"DERIVED_APPROXIMATION","stage_index":7,"time":"2022-09-06T07:40:00+09:00","state":"missing_report","label":"Missing persons reported","hand_m":0.12,"hand_threshold_m":0.25,"stage_fraction":1.0,"mean_elevation_m":15.03,"distance_to_primary_river_m":177.1,"stage_driver":"REPORTED_ORDER_ONLY","not_official_flood_extent":true,"not_hydraulic_simulation":true},"geometry":{"type":"Polygon","coordinates":[[[129.39916666666667,35.990833333333335],[129.39916666666667,35.99166666666667],[129.39833333333334,35.99166666666667],[129.39833333333334,35.990833333333335],[129.39916666666667,35.990833333333335]]]}},{"type":"Feature","properties":{"grid_id":"dem-010-035","layer_role":"hand_flood_envelope","status":"TEMPORARY","source_type":"DERIVED_APPROXIMATION","stage_index":7,"time":"2022-09-06T07:40:00+09:00","state":"missing_report","label":"Missing persons reported","hand_m":0.0,"hand_threshold_m":0.25,"stage_fraction":1.0,"mean_elevation_m":14.91,"distance_to_primary_river_m":102.4,"stage_driver":"REPORTED_ORDER_ONLY","not_official_flood_extent":true,"not_hydraulic_simulation":true},"geometry":{"type":"Polygon","coordinates":[[[129.4,35.990833333333335],[129.4,35.99166666666667],[129.39916666666667,35.99166666666667],[129.39916666666667,35.990833333333335],[129.4,35.990833333333335]]]}},{"type":"Feature","properties":{"grid_id":"dem-010-036","layer_role":"hand_flood_envelope","status":"TEMPORARY","source_type":"DERIVED_APPROXIMATION","stage_index":7,"time":"2022-09-06T07:40:00+09:00","state":"missing_report","label":"Missing persons reported","hand_m":0.0,"hand_threshold_m":0.25,"stage_fraction":1.0,"mean_elevation_m":4.68,"distance_to_primary_river_m":27.8,"stage_driver":"REPORTED_ORDER_ONLY","not_official_flood_extent":true,"not_hydraulic_simulation":true},"geometry":{"type":"Polygon","coordinates":[[[129.40083333333334,35.990833333333335],[129.40083333333334,35.99166666666667],[129.4,35.99166666666667],[129.4,35.990833333333335],[129.40083333333334,35.990833333333335]]]}},{"type":"Feature","properties":{"grid_id":"dem-010-037","layer_role":"hand_flood_envelope","status":"TEMPORARY","source_type":"DERIVED_APPROXIMATION","stage_index":7,"time":"2022-09-06T07:40:00+09:00","state":"missing_report","label":"Missing persons reported","hand_m":0.0,"hand_threshold_m":0.25,"stage_fraction":1.0,"mean_elevation_m":5.74,"distance_to_primary_river_m":46.9,"stage_driver":"REPORTED_ORDER_ONLY","not_official_flood_extent":true,"not_hydraulic_simulation":true},"geometry":{"type":"Polygon","coordinates":[[[129.40166666666667,35.990833333333335],[129.40166666666667,35.99166666666667],[129.40083333333334,35.99166666666667],[129.40083333333334,35.990833333333335],[129.40166666666667,35.990833333333335]]]}},{"type":"Feature","properties":{"grid_id":"dem-010-038","layer_role":"hand_flood_envelope","status":"TEMPORARY","source_type":"DERIVED_APPROXIMATION","stage_index":7,"time":"2022-09-06T07:40:00+09:00","state":"missing_report","label":"Missing persons reported","hand_m":0.0,"hand_threshold_m":0.25,"stage_fraction":1.0,"mean_elevation_m":8.18,"distance_to_primary_river_m":121.6,"stage_driver":"REPORTED_ORDER_ONLY","not_official_flood_extent":true,"not_hydraulic_simulation":true},"geometry":{"type":"Polygon","coordinates":[[[129.4025,35.990833333333335],[129.4025,35.99166666666667],[129.40166666666667,35.99166666666667],[129.40166666666667,35.990833333333335],[129.4025,35.990833333333335]]]}},{"type":"Feature","properties":{"grid_id":"dem-010-044","layer_role":"hand_flood_envelope","status":"TEMPORARY","source_type":"DERIVED_APPROXIMATION","stage_index":7,"time":"2022-09-06T07:40:00+09:00","state":"missing_report","label":"Missing persons reported","hand_m":0.0,"hand_threshold_m":0.25,"stage_fraction":1.0,"mean_elevation_m":10.06,"distance_to_primary_river_m":557.6,"stage_driver":"REPORTED_ORDER_ONLY","not_official_flood_extent":true,"not_hydraulic_simulation":true},"geometry":{"type":"Polygon","coordinates":[[[129.4075,35.990833333333335],[129.4075,35.99166666666667],[129.40666666666667,35.99166666666667],[129.40666666666667,35.990833333333335],[129.4075,35.990833333333335]]]}},{"type":"Feature","properties":{"grid_id":"dem-011-031","layer_role":"hand_flood_envelope","status":"TEMPORARY","source_type":"DERIVED_APPROXIMATION","stage_index":7,"time":"2022-09-06T07:40:00+09:00","state":"missing_report","label":"Missing persons reported","hand_m":0.18,"hand_threshold_m":0.25,"stage_fraction":1.0,"mean_elevation_m":9.41,"distance_to_primary_river_m":397.5,"stage_driver":"REPORTED_ORDER_ONLY","not_official_flood_extent":true,"not_hydraulic_simulation":true},"geometry":{"type":"Polygon","coordinates":[[[129.39666666666668,35.99],[129.39666666666668,35.990833333333335],[129.39583333333334,35.990833333333335],[129.39583333333334,35.99],[129.39666666666668,35.99]]]}},{"type":"Feature","properties":{"grid_id":"dem-011-032","layer_role":"hand_flood_envelope","status":"TEMPORARY","source_type":"DERIVED_APPROXIMATION","stage_index":7,"time":"2022-09-06T07:40:00+09:00","state":"missing_report","label":"Missing persons reported","hand_m":0.0,"hand_threshold_m":0.25,"stage_fraction":1.0,"mean_elevation_m":8.27,"distance_to_primary_river_m":322.6,"stage_driver":"REPORTED_ORDER_ONLY","not_official_flood_extent":true,"not_hydraulic_simulation":true},"geometry":{"type":"Polygon","coordinates":[[[129.3975,35.99],[129.3975,35.990833333333335],[129.39666666666668,35.990833333333335],[129.39666666666668,35.99],[129.3975,35.99]]]}},{"type":"Feature","properties":{"grid_id":"dem-011-033","layer_role":"hand_flood_envelope","status":"TEMPORARY","source_type":"DERIVED_APPROXIMATION","stage_index":7,"time":"2022-09-06T07:40:00+09:00","state":"missing_report","label":"Missing persons reported","hand_m":0.0,"hand_threshold_m":0.25,"stage_fraction":1.0,"mean_elevation_m":7.41,"distance_to_primary_river_m":247.8,"stage_driver":"REPORTED_ORDER_ONLY","not_official_flood_extent":true,"not_hydraulic_simulation":true},"geometry":{"type":"Polygon","coordinates":[[[129.39833333333334,35.99],[129.39833333333334,35.990833333333335],[129.3975,35.990833333333335],[129.3975,35.99],[129.39833333333334,35.99]]]}},{"type":"Feature","properties":{"grid_id":"dem-011-034","layer_role":"hand_flood_envelope","status":"TEMPORARY","source_type":"DERIVED_APPROXIMATION","stage_index":7,"time":"2022-09-06T07:40:00+09:00","state":"missing_report","label":"Missing persons reported","hand_m":0.0,"hand_threshold_m":0.25,"stage_fraction":1.0,"mean_elevation_m":8.54,"distance_to_primary_river_m":173.3,"stage_driver":"REPORTED_ORDER_ONLY","not_official_flood_extent":true,"not_hydraulic_simulation":true},"geometry":{"type":"Polygon","coordinates":[[[129.39916666666667,35.99],[129.39916666666667,35.990833333333335],[129.39833333333334,35.990833333333335],[129.39833333333334,35.99],[129.39916666666667,35.99]]]}},{"type":"Feature","properties":{"grid_id":"dem-011-035","layer_role":"hand_flood_envelope","status":"TEMPORARY","source_type":"DERIVED_APPROXIMATION","stage_index":7,"time":"2022-09-06T07:40:00+09:00","state":"missing_report","label":"Missing persons reported","hand_m":0.0,"hand_threshold_m":0.25,"stage_fraction":1.0,"mean_elevation_m":9.23,"distance_to_primary_river_m":98.9,"stage_driver":"REPORTED_ORDER_ONLY","not_official_flood_extent":true,"not_hydraulic_simulation":true},"geometry":{"type":"Polygon","coordinates":[[[129.4,35.99],[129.4,35.990833333333335],[129.39916666666667,35.990833333333335],[129.39916666666667,35.99],[129.4,35.99]]]}},{"type":"Feature","properties":{"grid_id":"dem-011-036","layer_role":"hand_flood_envelope","status":"TEMPORARY","source_type":"DERIVED_APPROXIMATION","stage_index":7,"time":"2022-09-06T07:40:00+09:00","state":"missing_report","label":"Missing persons reported","hand_m":0.0,"hand_threshold_m":0.25,"stage_fraction":1.0,"mean_elevation_m":4.81,"distance_to_primary_river_m":24.6,"stage_driver":"REPORTED_ORDER_ONLY","not_official_flood_extent":true,"not_hydraulic_simulation":true},"geometry":{"type":"Polygon","coordinates":[[[129.40083333333334,35.99],[129.40083333333334,35.990833333333335],[129.4,35.990833333333335],[129.4,35.99],[129.40083333333334,35.99]]]}},{"type":"Feature","properties":{"grid_id":"dem-011-037","layer_role":"hand_flood_envelope","status":"TEMPORARY","source_type":"DERIVED_APPROXIMATION","stage_index":7,"time":"2022-09-06T07:40:00+09:00","state":"missing_report","label":"Missing persons reported","hand_m":0.0,"hand_threshold_m":0.25,"stage_fraction":1.0,"mean_elevation_m":6.23,"distance_to_primary_river_m":49.8,"stage_driver":"REPORTED_ORDER_ONLY","not_official_flood_extent":true,"not_hydraulic_simulation":true},"geometry":{"type":"Polygon","coordinates":[[[129.40166666666667,35.99],[129.40166666666667,35.990833333333335],[129.40083333333334,35.990833333333335],[129.40083333333334,35.99],[129.40166666666667,35.99]]]}},{"type":"Feature","properties":{"grid_id":"dem-011-038","layer_role":"hand_flood_envelope","status":"TEMPORARY","source_type":"DERIVED_APPROXIMATION","stage_index":7,"time":"2022-09-06T07:40:00+09:00","state":"missing_report","label":"Missing persons reported","hand_m":0.0,"hand_threshold_m":0.25,"stage_fraction":1.0,"mean_elevation_m":10.04,"distance_to_primary_river_m":123.1,"stage_driver":"REPORTED_ORDER_ONLY","not_official_flood_extent":true,"not_hydraulic_simulation":true},"geometry":{"type":"Polygon","coordinates":[[[129.4025,35.99],[129.4025,35.990833333333335],[129.40166666666667,35.990833333333335],[129.40166666666667,35.99],[129.4025,35.99]]]}},{"type":"Feature","properties":{"grid_id":"dem-011-039","layer_role":"hand_flood_envelope","status":"TEMPORARY","source_type":"DERIVED_APPROXIMATION","stage_index":7,"time":"2022-09-06T07:40:00+09:00","state":"missing_report","label":"Missing persons reported","hand_m":0.0,"hand_threshold_m":0.25,"stage_fraction":1.0,"mean_elevation_m":8.7,"distance_to_primary_river_m":189.8,"stage_driver":"REPORTED_ORDER_ONLY","not_official_flood_extent":true,"not_hydraulic_simulation":true},"geometry":{"type":"Polygon","coordinates":[[[129.40333333333334,35.99],[129.40333333333334,35.990833333333335],[129.4025,35.990833333333335],[129.4025,35.99],[129.40333333333334,35.99]]]}},{"type":"Feature","properties":{"grid_id":"dem-012-032","layer_role":"hand_flood_envelope","status":"TEMPORARY","source_type":"DERIVED_APPROXIMATION","stage_index":7,"time":"2022-09-06T07:40:00+09:00","state":"missing_report","label":"Missing persons reported","hand_m":0.05,"hand_threshold_m":0.25,"stage_fraction":1.0,"mean_elevation_m":10.86,"distance_to_primary_river_m":335.5,"stage_driver":"REPORTED_ORDER_ONLY","not_official_flood_extent":true,"not_hydraulic_simulation":true},"geometry":{"type":"Polygon","coordinates":[[[129.3975,35.98916666666667],[129.3975,35.99],[129.39666666666668,35.99],[129.39666666666668,35.98916666666667],[129.3975,35.98916666666667]]]}},{"type":"Feature","properties":{"grid_id":"dem-012-033","layer_role":"hand_flood_envelope","status":"TEMPORARY","source_type":"DERIVED_APPROXIMATION","stage_index":7,"time":"2022-09-06T07:40:00+09:00","state":"missing_report","label":"Missing persons reported","hand_m":0.0,"hand_threshold_m":0.25,"stage_fraction":1.0,"mean_elevation_m":10.38,"distance_to_primary_river_m":261.7,"stage_driver":"REPORTED_ORDER_ONLY","not_official_flood_extent":true,"not_hydraulic_simulation":true},"geometry":{"type":"Polygon","coordinates":[[[129.39833333333334,35.98916666666667],[129.39833333333334,35.99],[129.3975,35.99],[129.3975,35.98916666666667],[129.39833333333334,35.98916666666667]]]}},{"type":"Feature","properties":{"grid_id":"dem-012-035","layer_role":"hand_flood_envelope","status":"TEMPORARY","source_type":"DERIVED_APPROXIMATION","stage_index":7,"time":"2022-09-06T07:40:00+09:00","state":"missing_report","label":"Missing persons reported","hand_m":0.0,"hand_threshold_m":0.25,"stage_fraction":1.0,"mean_elevation_m":10.81,"distance_to_primary_river_m":119.6,"stage_driver":"REPORTED_ORDER_ONLY","not_official_flood_extent":true,"not_hydraulic_simulation":true},"geometry":{"type":"Polygon","coordinates":[[[129.4,35.98916666666667],[129.4,35.99],[129.39916666666667,35.99],[129.39916666666667,35.98916666666667],[129.4,35.98916666666667]]]}},{"type":"Feature","properties":{"grid_id":"dem-012-036","layer_role":"hand_flood_envelope","status":"TEMPORARY","source_type":"DERIVED_APPROXIMATION","stage_index":7,"time":"2022-09-06T07:40:00+09:00","state":"missing_report","label":"Missing persons reported","hand_m":0.0,"hand_threshold_m":0.25,"stage_fraction":1.0,"mean_elevation_m":6.47,"distance_to_primary_river_m":52.9,"stage_driver":"REPORTED_ORDER_ONLY","not_official_flood_extent":true,"not_hydraulic_simulation":true},"geometry":{"type":"Polygon","coordinates":[[[129.40083333333334,35.98916666666667],[129.40083333333334,35.99],[129.4,35.99],[129.4,35.98916666666667],[129.40083333333334,35.98916666666667]]]}},{"type":"Feature","properties":{"grid_id":"dem-012-037","layer_role":"hand_flood_envelope","status":"TEMPORARY","source_type":"DERIVED_APPROXIMATION","stage_index":7,"time":"2022-09-06T07:40:00+09:00","state":"missing_report","label":"Missing persons reported","hand_m":0.0,"hand_threshold_m":0.25,"stage_fraction":1.0,"mean_elevation_m":4.42,"distance_to_primary_river_m":13.8,"stage_driver":"REPORTED_ORDER_ONLY","not_official_flood_extent":true,"not_hydraulic_simulation":true},"geometry":{"type":"Polygon","coordinates":[[[129.40166666666667,35.98916666666667],[129.40166666666667,35.99],[129.40083333333334,35.99],[129.40083333333334,35.98916666666667],[129.40166666666667,35.98916666666667]]]}},{"type":"Feature","properties":{"grid_id":"dem-012-038","layer_role":"hand_flood_envelope","status":"TEMPORARY","source_type":"DERIVED_APPROXIMATION","stage_index":7,"time":"2022-09-06T07:40:00+09:00","state":"missing_report","label":"Missing persons reported","hand_m":0.0,"hand_threshold_m":0.25,"stage_fraction":1.0,"mean_elevation_m":10.62,"distance_to_primary_river_m":80.5,"stage_driver":"REPORTED_ORDER_ONLY","not_official_flood_extent":true,"not_hydraulic_simulation":true},"geometry":{"type":"Polygon","coordinates":[[[129.4025,35.98916666666667],[129.4025,35.99],[129.40166666666667,35.99],[129.40166666666667,35.98916666666667],[129.4025,35.98916666666667]]]}},{"type":"Feature","properties":{"grid_id":"dem-012-039","layer_role":"hand_flood_envelope","status":"TEMPORARY","source_type":"DERIVED_APPROXIMATION","stage_index":7,"time":"2022-09-06T07:40:00+09:00","state":"missing_report","label":"Missing persons reported","hand_m":0.0,"hand_threshold_m":0.25,"stage_fraction":1.0,"mean_elevation_m":8.39,"distance_to_primary_river_m":147.6,"stage_driver":"REPORTED_ORDER_ONLY","not_official_flood_extent":true,"not_hydraulic_simulation":true},"geometry":{"type":"Polygon","coordinates":[[[129.40333333333334,35.98916666666667],[129.40333333333334,35.99],[129.4025,35.99],[129.4025,35.98916666666667],[129.40333333333334,35.98916666666667]]]}},{"type":"Feature","properties":{"grid_id":"dem-012-040","layer_role":"hand_flood_envelope","status":"TEMPORARY","source_type":"DERIVED_APPROXIMATION","stage_index":7,"time":"2022-09-06T07:40:00+09:00","state":"missing_report","label":"Missing persons reported","hand_m":0.0,"hand_threshold_m":0.25,"stage_fraction":1.0,"mean_elevation_m":8.07,"distance_to_primary_river_m":214.8,"stage_driver":"REPORTED_ORDER_ONLY","not_official_flood_extent":true,"not_hydraulic_simulation":true},"geometry":{"type":"Polygon","coordinates":[[[129.40416666666667,35.98916666666667],[129.40416666666667,35.99],[129.40333333333334,35.99],[129.40333333333334,35.98916666666667],[129.40416666666667,35.98916666666667]]]}},{"type":"Feature","properties":{"grid_id":"dem-013-031","layer_role":"hand_flood_envelope","status":"TEMPORARY","source_type":"DERIVED_APPROXIMATION","stage_index":7,"time":"2022-09-06T07:40:00+09:00","state":"missing_report","label":"Missing persons reported","hand_m":0.0,"hand_threshold_m":0.25,"stage_fraction":1.0,"mean_elevation_m":10.44,"distance_to_primary_river_m":432.4,"stage_driver":"REPORTED_ORDER_ONLY","not_official_flood_extent":true,"not_hydraulic_simulation":true},"geometry":{"type":"Polygon","coordinates":[[[129.39666666666668,35.98833333333334],[129.39666666666668,35.98916666666667],[129.39583333333334,35.98916666666667],[129.39583333333334,35.98833333333334],[129.39666666666668,35.98833333333334]]]}},{"type":"Feature","properties":{"grid_id":"dem-013-032","layer_role":"hand_flood_envelope","status":"TEMPORARY","source_type":"DERIVED_APPROXIMATION","stage_index":7,"time":"2022-09-06T07:40:00+09:00","state":"missing_report","label":"Missing persons reported","hand_m":0.0,"hand_threshold_m":0.25,"stage_fraction":1.0,"mean_elevation_m":10.55,"distance_to_primary_river_m":362.9,"stage_driver":"REPORTED_ORDER_ONLY","not_official_flood_extent":true,"not_hydraulic_simulation":true},"geometry":{"type":"Polygon","coordinates":[[[129.3975,35.98833333333334],[129.3975,35.98916666666667],[129.39666666666668,35.98916666666667],[129.39666666666668,35.98833333333334],[129.3975,35.98833333333334]]]}},{"type":"Feature","properties":{"grid_id":"dem-013-036","layer_role":"hand_flood_envelope","status":"TEMPORARY","source_type":"DERIVED_APPROXIMATION","stage_index":7,"time":"2022-09-06T07:40:00+09:00","state":"missing_report","label":"Missing persons reported","hand_m":0.0,"hand_threshold_m":0.25,"stage_fraction":1.0,"mean_elevation_m":8.2,"distance_to_primary_river_m":95.4,"stage_driver":"REPORTED_ORDER_ONLY","not_official_flood_extent":true,"not_hydraulic_simulation":true},"geometry":{"type":"Polygon","coordinates":[[[129.40083333333334,35.98833333333334],[129.40083333333334,35.98916666666667],[129.4,35.98916666666667],[129.4,35.98833333333334],[129.40083333333334,35.98833333333334]]]}},{"type":"Feature","properties":{"grid_id":"dem-013-037","layer_role":"hand_flood_envelope","status":"TEMPORARY","source_type":"DERIVED_APPROXIMATION","stage_index":7,"time":"2022-09-06T07:40:00+09:00","state":"missing_report","label":"Missing persons reported","hand_m":0.0,"hand_threshold_m":0.25,"stage_fraction":1.0,"mean_elevation_m":4.88,"distance_to_primary_river_m":28.2,"stage_driver":"REPORTED_ORDER_ONLY","not_official_flood_extent":true,"not_hydraulic_simulation":true},"geometry":{"type":"Polygon","coordinates":[[[129.40166666666667,35.98833333333334],[129.40166666666667,35.98916666666667],[129.40083333333334,35.98916666666667],[129.40083333333334,35.98833333333334],[129.40166666666667,35.98833333333334]]]}},{"type":"Feature","properties":{"grid_id":"dem-013-038","layer_role":"hand_flood_envelope","status":"TEMPORARY","source_type":"DERIVED_APPROXIMATION","stage_index":7,"time":"2022-09-06T07:40:00+09:00","state":"missing_report","label":"Missing persons reported","hand_m":0.0,"hand_threshold_m":0.25,"stage_fraction":1.0,"mean_elevation_m":6.89,"distance_to_primary_river_m":39.0,"stage_driver":"REPORTED_ORDER_ONLY","not_official_flood_extent":true,"not_hydraulic_simulation":true},"geometry":{"type":"Polygon","coordinates":[[[129.4025,35.98833333333334],[129.4025,35.98916666666667],[129.40166666666667,35.98916666666667],[129.40166666666667,35.98833333333334],[129.4025,35.98833333333334]]]}},{"type":"Feature","properties":{"grid_id":"dem-013-039","layer_role":"hand_flood_envelope","status":"TEMPORARY","source_type":"DERIVED_APPROXIMATION","stage_index":7,"time":"2022-09-06T07:40:00+09:00","state":"missing_report","label":"Missing persons reported","hand_m":0.0,"hand_threshold_m":0.25,"stage_fraction":1.0,"mean_elevation_m":9.21,"distance_to_primary_river_m":106.2,"stage_driver":"REPORTED_ORDER_ONLY","not_official_flood_extent":true,"not_hydraulic_simulation":true},"geometry":{"type":"Polygon","coordinates":[[[129.40333333333334,35.98833333333334],[129.40333333333334,35.98916666666667],[129.4025,35.98916666666667],[129.4025,35.98833333333334],[129.40333333333334,35.98833333333334]]]}},{"type":"Feature","properties":{"grid_id":"dem-013-040","layer_role":"hand_flood_envelope","status":"TEMPORARY","source_type":"DERIVED_APPROXIMATION","stage_index":7,"time":"2022-09-06T07:40:00+09:00","state":"missing_report","label":"Missing persons reported","hand_m":0.0,"hand_threshold_m":0.25,"stage_fraction":1.0,"mean_elevation_m":9.15,"distance_to_primary_river_m":173.4,"stage_driver":"REPORTED_ORDER_ONLY","not_official_flood_extent":true,"not_hydraulic_simulation":true},"geometry":{"type":"Polygon","coordinates":[[[129.40416666666667,35.98833333333334],[129.40416666666667,35.98916666666667],[129.40333333333334,35.98916666666667],[129.40333333333334,35.98833333333334],[129.40416666666667,35.98833333333334]]]}},{"type":"Feature","properties":{"grid_id":"dem-013-041","layer_role":"hand_flood_envelope","status":"TEMPORARY","source_type":"DERIVED_APPROXIMATION","stage_index":7,"time":"2022-09-06T07:40:00+09:00","state":"missing_report","label":"Missing persons reported","hand_m":0.0,"hand_threshold_m":0.25,"stage_fraction":1.0,"mean_elevation_m":9.87,"distance_to_primary_river_m":240.6,"stage_driver":"REPORTED_ORDER_ONLY","not_official_flood_extent":true,"not_hydraulic_simulation":true},"geometry":{"type":"Polygon","coordinates":[[[129.405,35.98833333333334],[129.405,35.98916666666667],[129.40416666666667,35.98916666666667],[129.40416666666667,35.98833333333334],[129.405,35.98833333333334]]]}},{"type":"Feature","properties":{"grid_id":"dem-013-042","layer_role":"hand_flood_envelope","status":"TEMPORARY","source_type":"DERIVED_APPROXIMATION","stage_index":7,"time":"2022-09-06T07:40:00+09:00","state":"missing_report","label":"Missing persons reported","hand_m":0.0,"hand_threshold_m":0.25,"stage_fraction":1.0,"mean_elevation_m":9.81,"distance_to_primary_river_m":308.0,"stage_driver":"REPORTED_ORDER_ONLY","not_official_flood_extent":true,"not_hydraulic_simulation":true},"geometry":{"type":"Polygon","coordinates":[[[129.40583333333333,35.98833333333334],[129.40583333333333,35.98916666666667],[129.405,35.98916666666667],[129.405,35.98833333333334],[129.40583333333333,35.98833333333334]]]}},{"type":"Feature","properties":{"grid_id":"dem-014-032","layer_role":"hand_flood_envelope","status":"TEMPORARY","source_type":"DERIVED_APPROXIMATION","stage_index":7,"time":"2022-09-06T07:40:00+09:00","state":"missing_report","label":"Missing persons reported","hand_m":0.0,"hand_threshold_m":0.25,"stage_fraction":1.0,"mean_elevation_m":10.24,"distance_to_primary_river_m":404.9,"stage_driver":"REPORTED_ORDER_ONLY","not_official_flood_extent":true,"not_hydraulic_simulation":true},"geometry":{"type":"Polygon","coordinates":[[[129.3975,35.987500000000004],[129.3975,35.98833333333334],[129.39666666666668,35.98833333333334],[129.39666666666668,35.987500000000004],[129.3975,35.987500000000004]]]}},{"type":"Feature","properties":{"grid_id":"dem-014-036","layer_role":"hand_flood_envelope","status":"TEMPORARY","source_type":"DERIVED_APPROXIMATION","stage_index":7,"time":"2022-09-06T07:40:00+09:00","state":"missing_report","label":"Missing persons reported","hand_m":0.0,"hand_threshold_m":0.25,"stage_fraction":1.0,"mean_elevation_m":9.35,"distance_to_primary_river_m":136.8,"stage_driver":"REPORTED_ORDER_ONLY","not_official_flood_extent":true,"not_hydraulic_simulation":true},"geometry":{"type":"Polygon","coordinates":[[[129.40083333333334,35.987500000000004],[129.40083333333334,35.98833333333334],[129.4,35.98833333333334],[129.4,35.987500000000004],[129.40083333333334,35.987500000000004]]]}},{"type":"Feature","properties":{"grid_id":"dem-014-037","layer_role":"hand_flood_envelope","status":"TEMPORARY","source_type":"DERIVED_APPROXIMATION","stage_index":7,"time":"2022-09-06T07:40:00+09:00","state":"missing_report","label":"Missing persons reported","hand_m":0.0,"hand_threshold_m":0.25,"stage_fraction":1.0,"mean_elevation_m":6.34,"distance_to_primary_river_m":69.6,"stage_driver":"REPORTED_ORDER_ONLY","not_official_flood_extent":true,"not_hydraulic_simulation":true},"geometry":{"type":"Polygon","coordinates":[[[129.40166666666667,35.987500000000004],[129.40166666666667,35.98833333333334],[129.40083333333334,35.98833333333334],[129.40083333333334,35.987500000000004],[129.40166666666667,35.987500000000004]]]}},{"type":"Feature","properties":{"grid_id":"dem-014-038","layer_role":"hand_flood_envelope","status":"TEMPORARY","source_type":"DERIVED_APPROXIMATION","stage_index":7,"time":"2022-09-06T07:40:00+09:00","state":"missing_report","label":"Missing persons reported","hand_m":0.0,"hand_threshold_m":0.25,"stage_fraction":1.0,"mean_elevation_m":4.74,"distance_to_primary_river_m":2.4,"stage_driver":"REPORTED_ORDER_ONLY","not_official_flood_extent":true,"not_hydraulic_simulation":true},"geometry":{"type":"Polygon","coordinates":[[[129.4025,35.987500000000004],[129.4025,35.98833333333334],[129.40166666666667,35.98833333333334],[129.40166666666667,35.987500000000004],[129.4025,35.987500000000004]]]}},{"type":"Feature","properties":{"grid_id":"dem-014-039","layer_role":"hand_flood_envelope","status":"TEMPORARY","source_type":"DERIVED_APPROXIMATION","stage_index":7,"time":"2022-09-06T07:40:00+09:00","state":"missing_report","label":"Missing persons reported","hand_m":0.0,"hand_threshold_m":0.25,"stage_fraction":1.0,"mean_elevation_m":10.74,"distance_to_primary_river_m":64.8,"stage_driver":"REPORTED_ORDER_ONLY","not_official_flood_extent":true,"not_hydraulic_simulation":true},"geometry":{"type":"Polygon","coordinates":[[[129.40333333333334,35.987500000000004],[129.40333333333334,35.98833333333334],[129.4025,35.98833333333334],[129.4025,35.987500000000004],[129.40333333333334,35.987500000000004]]]}},{"type":"Feature","properties":{"grid_id":"dem-014-040","layer_role":"hand_flood_envelope","status":"TEMPORARY","source_type":"DERIVED_APPROXIMATION","stage_index":7,"time":"2022-09-06T07:40:00+09:00","state":"missing_report","label":"Missing persons reported","hand_m":0.0,"hand_threshold_m":0.25,"stage_fraction":1.0,"mean_elevation_m":10.52,"distance_to_primary_river_m":133.2,"stage_driver":"REPORTED_ORDER_ONLY","not_official_flood_extent":true,"not_hydraulic_simulation":true},"geometry":{"type":"Polygon","coordinates":[[[129.40416666666667,35.987500000000004],[129.40416666666667,35.98833333333334],[129.40333333333334,35.98833333333334],[129.40333333333334,35.987500000000004],[129.40416666666667,35.987500000000004]]]}},{"type":"Feature","properties":{"grid_id":"dem-014-041","layer_role":"hand_flood_envelope","status":"TEMPORARY","source_type":"DERIVED_APPROXIMATION","stage_index":7,"time":"2022-09-06T07:40:00+09:00","state":"missing_report","label":"Missing persons reported","hand_m":0.0,"hand_threshold_m":0.25,"stage_fraction":1.0,"mean_elevation_m":9.73,"distance_to_primary_river_m":202.2,"stage_driver":"REPORTED_ORDER_ONLY","not_official_flood_extent":true,"not_hydraulic_simulation":true},"geometry":{"type":"Polygon","coordinates":[[[129.405,35.987500000000004],[129.405,35.98833333333334],[129.40416666666667,35.98833333333334],[129.40416666666667,35.987500000000004],[129.405,35.987500000000004]]]}},{"type":"Feature","properties":{"grid_id":"dem-014-042","layer_role":"hand_flood_envelope","status":"TEMPORARY","source_type":"DERIVED_APPROXIMATION","stage_index":7,"time":"2022-09-06T07:40:00+09:00","state":"missing_report","label":"Missing persons reported","hand_m":0.0,"hand_threshold_m":0.25,"stage_fraction":1.0,"mean_elevation_m":9.79,"distance_to_primary_river_m":271.2,"stage_driver":"REPORTED_ORDER_ONLY","not_official_flood_extent":true,"not_hydraulic_simulation":true},"geometry":{"type":"Polygon","coordinates":[[[129.40583333333333,35.987500000000004],[129.40583333333333,35.98833333333334],[129.405,35.98833333333334],[129.405,35.987500000000004],[129.40583333333333,35.987500000000004]]]}},{"type":"Feature","properties":{"grid_id":"dem-015-034","layer_role":"hand_flood_envelope","status":"TEMPORARY","source_type":"DERIVED_APPROXIMATION","stage_index":7,"time":"2022-09-06T07:40:00+09:00","state":"missing_report","label":"Missing persons reported","hand_m":0.0,"hand_threshold_m":0.25,"stage_fraction":1.0,"mean_elevation_m":8.93,"distance_to_primary_river_m":312.6,"stage_driver":"REPORTED_ORDER_ONLY","not_official_flood_extent":true,"not_hydraulic_simulation":true},"geometry":{"type":"Polygon","coordinates":[[[129.39916666666667,35.986666666666665],[129.39916666666667,35.987500000000004],[129.39833333333334,35.987500000000004],[129.39833333333334,35.986666666666665],[129.39916666666667,35.986666666666665]]]}},{"type":"Feature","properties":{"grid_id":"dem-015-035","layer_role":"hand_flood_envelope","status":"TEMPORARY","source_type":"DERIVED_APPROXIMATION","stage_index":7,"time":"2022-09-06T07:40:00+09:00","state":"missing_report","label":"Missing persons reported","hand_m":0.0,"hand_threshold_m":0.25,"stage_fraction":1.0,"mean_elevation_m":8.96,"distance_to_primary_river_m":245.4,"stage_driver":"REPORTED_ORDER_ONLY","not_official_flood_extent":true,"not_hydraulic_simulation":true},"geometry":{"type":"Polygon","coordinates":[[[129.4,35.986666666666665],[129.4,35.987500000000004],[129.39916666666667,35.987500000000004],[129.39916666666667,35.986666666666665],[129.4,35.986666666666665]]]}},{"type":"Feature","properties":{"grid_id":"dem-015-037","layer_role":"hand_flood_envelope","status":"TEMPORARY","source_type":"DERIVED_APPROXIMATION","stage_index":7,"time":"2022-09-06T07:40:00+09:00","state":"missing_report","label":"Missing persons reported","hand_m":0.0,"hand_threshold_m":0.25,"stage_fraction":1.0,"mean_elevation_m":7.68,"distance_to_primary_river_m":110.4,"stage_driver":"REPORTED_ORDER_ONLY","not_official_flood_extent":true,"not_hydraulic_simulation":true},"geometry":{"type":"Polygon","coordinates":[[[129.40166666666667,35.986666666666665],[129.40166666666667,35.987500000000004],[129.40083333333334,35.987500000000004],[129.40083333333334,35.986666666666665],[129.40166666666667,35.986666666666665]]]}},{"type":"Feature","properties":{"grid_id":"dem-015-038","layer_role":"hand_flood_envelope","status":"TEMPORARY","source_type":"DERIVED_APPROXIMATION","stage_index":7,"time":"2022-09-06T07:40:00+09:00","state":"missing_report","label":"Missing persons reported","hand_m":0.0,"hand_threshold_m":0.25,"stage_fraction":1.0,"mean_elevation_m":5.77,"distance_to_primary_river_m":41.4,"stage_driver":"REPORTED_ORDER_ONLY","not_official_flood_extent":true,"not_hydraulic_simulation":true},"geometry":{"type":"Polygon","coordinates":[[[129.4025,35.986666666666665],[129.4025,35.987500000000004],[129.40166666666667,35.987500000000004],[129.40166666666667,35.986666666666665],[129.4025,35.986666666666665]]]}},{"type":"Feature","properties":{"grid_id":"dem-015-039","layer_role":"hand_flood_envelope","status":"TEMPORARY","source_type":"DERIVED_APPROXIMATION","stage_index":7,"time":"2022-09-06T07:40:00+09:00","state":"missing_report","label":"Missing persons reported","hand_m":0.0,"hand_threshold_m":0.25,"stage_fraction":1.0,"mean_elevation_m":6.2,"distance_to_primary_river_m":27.5,"stage_driver":"REPORTED_ORDER_ONLY","not_official_flood_extent":true,"not_hydraulic_simulation":true},"geometry":{"type":"Polygon","coordinates":[[[129.40333333333334,35.986666666666665],[129.40333333333334,35.987500000000004],[129.4025,35.987500000000004],[129.4025,35.986666666666665],[129.40333333333334,35.986666666666665]]]}},{"type":"Feature","properties":{"grid_id":"dem-015-040","layer_role":"hand_flood_envelope","status":"TEMPORARY","source_type":"DERIVED_APPROXIMATION","stage_index":7,"time":"2022-09-06T07:40:00+09:00","state":"missing_report","label":"Missing persons reported","hand_m":0.0,"hand_threshold_m":0.25,"stage_fraction":1.0,"mean_elevation_m":10.31,"distance_to_primary_river_m":96.5,"stage_driver":"REPORTED_ORDER_ONLY","not_official_flood_extent":true,"not_hydraulic_simulation":true},"geometry":{"type":"Polygon","coordinates":[[[129.40416666666667,35.986666666666665],[129.40416666666667,35.987500000000004],[129.40333333333334,35.987500000000004],[129.40333333333334,35.986666666666665],[129.40416666666667,35.986666666666665]]]}},{"type":"Feature","properties":{"grid_id":"dem-015-041","layer_role":"hand_flood_envelope","status":"TEMPORARY","source_type":"DERIVED_APPROXIMATION","stage_index":7,"time":"2022-09-06T07:40:00+09:00","state":"missing_report","label":"Missing persons reported","hand_m":0.0,"hand_threshold_m":0.25,"stage_fraction":1.0,"mean_elevation_m":10.2,"distance_to_primary_river_m":165.4,"stage_driver":"REPORTED_ORDER_ONLY","not_official_flood_extent":true,"not_hydraulic_simulation":true},"geometry":{"type":"Polygon","coordinates":[[[129.405,35.986666666666665],[129.405,35.987500000000004],[129.40416666666667,35.987500000000004],[129.40416666666667,35.986666666666665],[129.405,35.986666666666665]]]}},{"type":"Feature","properties":{"grid_id":"dem-015-042","layer_role":"hand_flood_envelope","status":"TEMPORARY","source_type":"DERIVED_APPROXIMATION","stage_index":7,"time":"2022-09-06T07:40:00+09:00","state":"missing_report","label":"Missing persons reported","hand_m":0.0,"hand_threshold_m":0.25,"stage_fraction":1.0,"mean_elevation_m":9.68,"distance_to_primary_river_m":234.4,"stage_driver":"REPORTED_ORDER_ONLY","not_official_flood_extent":true,"not_hydraulic_simulation":true},"geometry":{"type":"Polygon","coordinates":[[[129.40583333333333,35.986666666666665],[129.40583333333333,35.987500000000004],[129.405,35.987500000000004],[129.405,35.986666666666665],[129.40583333333333,35.986666666666665]]]}},{"type":"Feature","properties":{"grid_id":"dem-016-034","layer_role":"hand_flood_envelope","status":"TEMPORARY","source_type":"DERIVED_APPROXIMATION","stage_index":7,"time":"2022-09-06T07:40:00+09:00","state":"missing_report","label":"Missing persons reported","hand_m":0.0,"hand_threshold_m":0.25,"stage_fraction":1.0,"mean_elevation_m":8.71,"distance_to_primary_river_m":354.0,"stage_driver":"REPORTED_ORDER_ONLY","not_official_flood_extent":true,"not_hydraulic_simulation":true},"geometry":{"type":"Polygon","coordinates":[[[129.39916666666667,35.98583333333333],[129.39916666666667,35.986666666666665],[129.39833333333334,35.986666666666665],[129.39833333333334,35.98583333333333],[129.39916666666667,35.98583333333333]]]}},{"type":"Feature","properties":{"grid_id":"dem-016-035","layer_role":"hand_flood_envelope","status":"TEMPORARY","source_type":"DERIVED_APPROXIMATION","stage_index":7,"time":"2022-09-06T07:40:00+09:00","state":"missing_report","label":"Missing persons reported","hand_m":0.0,"hand_threshold_m":0.25,"stage_fraction":1.0,"mean_elevation_m":8.51,"distance_to_primary_river_m":285.0,"stage_driver":"REPORTED_ORDER_ONLY","not_official_flood_extent":true,"not_hydraulic_simulation":true},"geometry":{"type":"Polygon","coordinates":[[[129.4,35.98583333333333],[129.4,35.986666666666665],[129.39916666666667,35.986666666666665],[129.39916666666667,35.98583333333333],[129.4,35.98583333333333]]]}},{"type":"Feature","properties":{"grid_id":"dem-016-036","layer_role":"hand_flood_envelope","status":"TEMPORARY","source_type":"DERIVED_APPROXIMATION","stage_index":7,"time":"2022-09-06T07:40:00+09:00","state":"missing_report","label":"Missing persons reported","hand_m":0.0,"hand_threshold_m":0.25,"stage_fraction":1.0,"mean_elevation_m":8.82,"distance_to_primary_river_m":216.1,"stage_driver":"REPORTED_ORDER_ONLY","not_official_flood_extent":true,"not_hydraulic_simulation":true},"geometry":{"type":"Polygon","coordinates":[[[129.40083333333334,35.98583333333333],[129.40083333333334,35.986666666666665],[129.4,35.986666666666665],[129.4,35.98583333333333],[129.40083333333334,35.98583333333333]]]}},{"type":"Feature","properties":{"grid_id":"dem-016-037","layer_role":"hand_flood_envelope","status":"TEMPORARY","source_type":"DERIVED_APPROXIMATION","stage_index":7,"time":"2022-09-06T07:40:00+09:00","state":"missing_report","label":"Missing persons reported","hand_m":0.0,"hand_threshold_m":0.25,"stage_fraction":1.0,"mean_elevation_m":10.51,"distance_to_primary_river_m":147.1,"stage_driver":"REPORTED_ORDER_ONLY","not_official_flood_extent":true,"not_hydraulic_simulation":true},"geometry":{"type":"Polygon","coordinates":[[[129.40166666666667,35.98583333333333],[129.40166666666667,35.986666666666665],[129.40083333333334,35.986666666666665],[129.40083333333334,35.98583333333333],[129.40166666666667,35.98583333333333]]]}},{"type":"Feature","properties":{"grid_id":"dem-016-038","layer_role":"hand_flood_envelope","status":"TEMPORARY","source_type":"DERIVED_APPROXIMATION","stage_index":7,"time":"2022-09-06T07:40:00+09:00","state":"missing_report","label":"Missing persons reported","hand_m":0.0,"hand_threshold_m":0.25,"stage_fraction":1.0,"mean_elevation_m":6.95,"distance_to_primary_river_m":78.2,"stage_driver":"REPORTED_ORDER_ONLY","not_official_flood_extent":true,"not_hydraulic_simulation":true},"geometry":{"type":"Polygon","coordinates":[[[129.4025,35.98583333333333],[129.4025,35.986666666666665],[129.40166666666667,35.986666666666665],[129.40166666666667,35.98583333333333],[129.4025,35.98583333333333]]]}},{"type":"Feature","properties":{"grid_id":"dem-016-039","layer_role":"hand_flood_envelope","status":"TEMPORARY","source_type":"DERIVED_APPROXIMATION","stage_index":7,"time":"2022-09-06T07:40:00+09:00","state":"missing_report","label":"Missing persons reported","hand_m":0.0,"hand_threshold_m":0.25,"stage_fraction":1.0,"mean_elevation_m":5.66,"distance_to_primary_river_m":9.2,"stage_driver":"REPORTED_ORDER_ONLY","not_official_flood_extent":true,"not_hydraulic_simulation":true},"geometry":{"type":"Polygon","coordinates":[[[129.40333333333334,35.98583333333333],[129.40333333333334,35.986666666666665],[129.4025,35.986666666666665],[129.4025,35.98583333333333],[129.40333333333334,35.98583333333333]]]}},{"type":"Feature","properties":{"grid_id":"dem-016-040","layer_role":"hand_flood_envelope","status":"TEMPORARY","source_type":"DERIVED_APPROXIMATION","stage_index":7,"time":"2022-09-06T07:40:00+09:00","state":"missing_report","label":"Missing persons reported","hand_m":0.0,"hand_threshold_m":0.25,"stage_fraction":1.0,"mean_elevation_m":9.02,"distance_to_primary_river_m":59.7,"stage_driver":"REPORTED_ORDER_ONLY","not_official_flood_extent":true,"not_hydraulic_simulation":true},"geometry":{"type":"Polygon","coordinates":[[[129.40416666666667,35.98583333333333],[129.40416666666667,35.986666666666665],[129.40333333333334,35.986666666666665],[129.40333333333334,35.98583333333333],[129.40416666666667,35.98583333333333]]]}},{"type":"Feature","properties":{"grid_id":"dem-016-041","layer_role":"hand_flood_envelope","status":"TEMPORARY","source_type":"DERIVED_APPROXIMATION","stage_index":7,"time":"2022-09-06T07:40:00+09:00","state":"missing_report","label":"Missing persons reported","hand_m":0.0,"hand_threshold_m":0.25,"stage_fraction":1.0,"mean_elevation_m":11.66,"distance_to_primary_river_m":129.1,"stage_driver":"REPORTED_ORDER_ONLY","not_official_flood_extent":true,"not_hydraulic_simulation":true},"geometry":{"type":"Polygon","coordinates":[[[129.405,35.98583333333333],[129.405,35.986666666666665],[129.40416666666667,35.986666666666665],[129.40416666666667,35.98583333333333],[129.405,35.98583333333333]]]}},{"type":"Feature","properties":{"grid_id":"dem-016-042","layer_role":"hand_flood_envelope","status":"TEMPORARY","source_type":"DERIVED_APPROXIMATION","stage_index":7,"time":"2022-09-06T07:40:00+09:00","state":"missing_report","label":"Missing persons reported","hand_m":0.0,"hand_threshold_m":0.25,"stage_fraction":1.0,"mean_elevation_m":10.67,"distance_to_primary_river_m":198.7,"stage_driver":"REPORTED_ORDER_ONLY","not_official_flood_extent":true,"not_hydraulic_simulation":true},"geometry":{"type":"Polygon","coordinates":[[[129.40583333333333,35.98583333333333],[129.40583333333333,35.986666666666665],[129.405,35.986666666666665],[129.405,35.98583333333333],[129.40583333333333,35.98583333333333]]]}},{"type":"Feature","properties":{"grid_id":"dem-017-036","layer_role":"hand_flood_envelope","status":"TEMPORARY","source_type":"DERIVED_APPROXIMATION","stage_index":7,"time":"2022-09-06T07:40:00+09:00","state":"missing_report","label":"Missing persons reported","hand_m":0.0,"hand_threshold_m":0.25,"stage_fraction":1.0,"mean_elevation_m":10.19,"distance_to_primary_river_m":252.8,"stage_driver":"REPORTED_ORDER_ONLY","not_official_flood_extent":true,"not_hydraulic_simulation":true},"geometry":{"type":"Polygon","coordinates":[[[129.40083333333334,35.985],[129.40083333333334,35.98583333333333],[129.4,35.98583333333333],[129.4,35.985],[129.40083333333334,35.985]]]}},{"type":"Feature","properties":{"grid_id":"dem-017-038","layer_role":"hand_flood_envelope","status":"TEMPORARY","source_type":"DERIVED_APPROXIMATION","stage_index":7,"time":"2022-09-06T07:40:00+09:00","state":"missing_report","label":"Missing persons reported","hand_m":0.0,"hand_threshold_m":0.25,"stage_fraction":1.0,"mean_elevation_m":10.78,"distance_to_primary_river_m":114.5,"stage_driver":"REPORTED_ORDER_ONLY","not_official_flood_extent":true,"not_hydraulic_simulation":true},"geometry":{"type":"Polygon","coordinates":[[[129.4025,35.985],[129.4025,35.98583333333333],[129.40166666666667,35.98583333333333],[129.40166666666667,35.985],[129.4025,35.985]]]}},{"type":"Feature","properties":{"grid_id":"dem-017-039","layer_role":"hand_flood_envelope","status":"TEMPORARY","source_type":"DERIVED_APPROXIMATION","stage_index":7,"time":"2022-09-06T07:40:00+09:00","state":"missing_report","label":"Missing persons reported","hand_m":0.0,"hand_threshold_m":0.25,"stage_fraction":1.0,"mean_elevation_m":7.82,"distance_to_primary_river_m":45.0,"stage_driver":"REPORTED_ORDER_ONLY","not_official_flood_extent":true,"not_hydraulic_simulation":true},"geometry":{"type":"Polygon","coordinates":[[[129.40333333333334,35.985],[129.40333333333334,35.98583333333333],[129.4025,35.98583333333333],[129.4025,35.985],[129.40333333333334,35.985]]]}}]}