{"type": "FeatureCollection", "features": [{"type": "Feature", "properties": {"name": "형산큰다리", "osm_id": 37388471, "origin": "OBSERVED", "highway": "primary"}, "geometry": {"type": "LineString", "coordinates": [[129.375451, 36.009721], [129.371477, 36.012126]]}}, {"type": "Feature", "properties": {"name": "동해안로", "osm_id": 64147217, "origin": "OBSERVED", "highway": "primary"}, "geometry": {"type": "LineString", "coordinates": [[129.401851, 35.9936], [129.402152, 35.993747], [129.402292, 35.993859], [129.402474, 35.993989], [129.40264, 35.994155], [129.402736, 35.994291], [129.402797, 35.994383], [129.403104, 35.995041], [129.403195, 35.995237], [129.403399, 35.99565], [129.403794, 35.99616], [129.404245, 35.996479], [129.404303, 35.99652], [129.404528, 35.996659], [129.404971, 35.99678], [129.405542, 35.996836], [129.405963, 35.996852], [129.406301, 35.996821], [129.406834, 35.996738], [129.40736, 35.996643], [129.407747, 35.996533], [129.407853, 35.996502], [129.40788, 35.996495], [129.40802, 35.99645], [129.40964, 35.995933], [129.411201, 35.995381], [129.411675, 35.99523], [129.412925, 35.994811], [129.413182, 35.994725], [129.413636, 35.994605], [129.414, 35.994509], [129.414228, 35.994453], [129.415302, 35.994136], [129.415596, 35.994043], [129.416304, 35.99382], [129.418516, 35.992994], [129.418869, 35.99288], [129.419677, 35.992621], [129.420041, 35.992499], [129.420527, 35.992363], [129.421959, 35.991988], [129.424293, 35.991414], [129.42623, 35.990985], [129.427422, 35.990745], [129.428538, 35.990497], [129.428975, 35.99039], [129.429247, 35.990315], [129.430195, 35.990089], [129.430653, 35.989971], [129.431468, 35.989761], [129.432224, 35.989715], [129.432959, 35.989782], [129.433407, 35.989878], [129.43362, 35.989923]]}}, {"type": "Feature", "properties": {"name": "동해안로", "osm_id": 86125616, "origin": "OBSERVED", "highway": "primary"}, "geometry": {"type": "LineString", "coordinates": [[129.375286, 36.009497], [129.375388, 36.009429], [129.375772, 36.009172], [129.376066, 36.008949], [129.376351, 36.008681], [129.37657, 36.008398], [129.376644, 36.008291], [129.376689, 36.008228], [129.376923, 36.007877], [129.377057, 36.007611], [129.377396, 36.006854], [129.37744, 36.006773], [129.377521, 36.006626], [129.377632, 36.006452], [129.377667, 36.006397], [129.37793, 36.006013], [129.378483, 36.00546], [129.379545, 36.004614], [129.381125, 36.003403], [129.381216, 36.003334], [129.381972, 36.002733], [129.382392, 36.002414], [129.382412, 36.002398], [129.382731, 36.002168], [129.383461, 36.001602], [129.384281, 36.000993], [129.384397, 36.000907], [129.384534, 36.000799], [129.388504, 35.997693]]}}, {"type": "Feature", "properties": {"name": "대송로", "osm_id": 86125634, "origin": "OBSERVED", "highway": "primary"}, "geometry": {"type": "LineString", "coordinates": [[129.373679, 35.996307], [129.374952, 35.997506], [129.37828, 36.00064], [129.381057, 36.003187], [129.381216, 36.003334], [129.381335, 36.003441]]}}, {"type": "Feature", "properties": {"name": "냉천로", "osm_id": 134832268, "origin": "OBSERVED", "highway": "tertiary"}, "geometry": {"type": "LineString", "coordinates": [[129.402699, 35.985132], [129.402224, 35.985547], [129.401634, 35.985974], [129.401414, 35.986179], [129.401223, 35.986427], [129.40112, 35.986597], [129.401012, 35.986803], [129.400684, 35.987433], [129.400196, 35.988393], [129.399931, 35.988996], [129.399867, 35.989174], [129.399816, 35.989364], [129.399781, 35.989514], [129.399727, 35.989866], [129.399707, 35.990157], [129.399701, 35.990572], [129.399701, 35.990632], [129.399701, 35.990728], [129.399719, 35.990883], [129.399753, 35.99113], [129.399796, 35.991313], [129.399862, 35.991526], [129.400009, 35.991905], [129.400059, 35.992038], [129.400189, 35.992382], [129.400311, 35.992706], [129.40032, 35.99273], [129.40037, 35.992953]]}}, {"type": "Feature", "properties": {"name": "철강로", "osm_id": 143605642, "origin": "OBSERVED", "highway": "primary"}, "geometry": {"type": "LineString", "coordinates": [[129.370238, 35.981891], [129.371071, 35.980985], [129.371954, 35.9803], [129.372307, 35.980131], [129.372888, 35.979879], [129.373561, 35.979661], [129.375469, 35.979031], [129.376398, 35.978851], [129.376769, 35.978795], [129.377605, 35.978766], [129.378567, 35.978817], [129.378688, 35.978823], [129.37929, 35.978864], [129.379357, 35.978869], [129.37969, 35.978849], [129.379954, 35.978798], [129.38013, 35.978675], [129.380322, 35.978498], [129.38073, 35.978122], [129.381515, 35.977376], [129.382199, 35.97663], [129.383179, 35.975625], [129.383769, 35.974935], [129.383949, 35.974617], [129.384059, 35.974367], [129.384301, 35.972929], [129.384381, 35.972287], [129.384373, 35.971999], [129.384338, 35.971814], [129.38392, 35.970142], [129.383807, 35.969686], [129.383775, 35.969465], [129.383947, 35.968927], [129.384099, 35.968686], [129.384311, 35.96841], [129.384914, 35.967724], [129.387277, 35.964992], [129.387578, 35.964715], [129.387824, 35.964549], [129.388152, 35.964342], [129.388417, 35.964239], [129.388699, 35.964146], [129.389986, 35.963907], [129.391269, 35.963638], [129.391956, 35.963556], [129.395834, 35.963981], [129.396773, 35.964047], [129.399539, 35.96351], [129.400525, 35.963329], [129.401439, 35.963146], [129.402988, 35.962836]]}}, {"type": "Feature", "properties": {"name": "대송로", "osm_id": 143605644, "origin": "OBSERVED", "highway": "primary"}, "geometry": {"type": "LineString", "coordinates": [[129.363291, 35.986602], [129.365926, 35.989059], [129.366201, 35.989327], [129.36731, 35.99039], [129.369192, 35.992138], [129.371033, 35.993851], [129.371284, 35.994084], [129.371626, 35.994401], [129.37347, 35.99611]]}}, {"type": "Feature", "properties": {"name": "괴동로", "osm_id": 160437250, "origin": "OBSERVED", "highway": "tertiary"}, "geometry": {"type": "LineString", "coordinates": [[129.382731, 36.002168], [129.382555, 36.002009], [129.38084, 36.000452], [129.380521, 36.000139], [129.380448, 36.000044], [129.380358, 35.999861], [129.380281, 35.99961], [129.380265, 35.999435], [129.380281, 35.998213], [129.380262, 35.997942], [129.380237, 35.997657], [129.380165, 35.99731], [129.380047, 35.997041], [129.379903, 35.996883], [129.376581, 35.993897], [129.37643, 35.993758]]}}, {"type": "Feature", "properties": {"name": "", "osm_id": 160437253, "origin": "OBSERVED", "highway": "service"}, "geometry": {"type": "LineString", "coordinates": [[129.388504, 35.997693], [129.388284, 35.997477], [129.388148, 35.997342], [129.387558, 35.996758], [129.387496, 35.996697], [129.387317, 35.99652], [129.387238, 35.99644], [129.387075, 35.996476], [129.386757, 35.996546], [129.386622, 35.996611], [129.385965, 35.996908], [129.38589, 35.996951]]}}, {"type": "Feature", "properties": {"name": "", "osm_id": 160437255, "origin": "OBSERVED", "highway": "service"}, "geometry": {"type": "LineString", "coordinates": [[129.38748, 35.996263], [129.387491, 35.996201], [129.387478, 35.99605], [129.38748, 35.995926], [129.387485, 35.995766], [129.387646, 35.995755], [129.387654, 35.995926], [129.387668, 35.996059], [129.387653, 35.996206], [129.387491, 35.996201]]}}, {"type": "Feature", "properties": {"name": "", "osm_id": 160437256, "origin": "OBSERVED", "highway": "service"}, "geometry": {"type": "LineString", "coordinates": [[129.382166, 35.998224], [129.382066, 35.998126], [129.381969, 35.998024], [129.381839, 35.997913], [129.381698, 35.997803], [129.381577, 35.997695], [129.381445, 35.997575], [129.381886, 35.997271], [129.382002, 35.997373], [129.382012, 35.997382], [129.38213, 35.997485], [129.382238, 35.997587], [129.382366, 35.997711], [129.382484, 35.997827], [129.382602, 35.997925]]}}, {"type": "Feature", "properties": {"name": "", "osm_id": 160437260, "origin": "OBSERVED", "highway": "service"}, "geometry": {"type": "LineString", "coordinates": [[129.384397, 36.000907], [129.384268, 36.000805], [129.383516, 36.000214], [129.383326, 36.00013], [129.383277, 36.000108], [129.383058, 35.999938], [129.381731, 35.998858], [129.38159, 35.998715]]}}, {"type": "Feature", "properties": {"name": "동해안로", "osm_id": 160437261, "origin": "OBSERVED", "highway": "service"}, "geometry": {"type": "LineString", "coordinates": [[129.392048, 35.995461], [129.392149, 35.994959], [129.392142, 35.994703], [129.392013, 35.994416], [129.391888, 35.993937], [129.391711, 35.993593], [129.391625, 35.993067], [129.391659, 35.99274], [129.391863, 35.992323], [129.392122, 35.991958], [129.393034, 35.991341], [129.393321, 35.991321], [129.393686, 35.991378], [129.393883, 35.991367], [129.394043, 35.991192], [129.394091, 35.99097], [129.394053, 35.990729]]}}, {"type": "Feature", "properties": {"name": "", "osm_id": 160437265, "origin": "OBSERVED", "highway": "service"}, "geometry": {"type": "LineString", "coordinates": [[129.38051, 35.997796], [129.380924, 35.997506]]}}, {"type": "Feature", "properties": {"name": "", "osm_id": 160437267, "origin": "OBSERVED", "highway": "service"}, "geometry": {"type": "LineString", "coordinates": [[129.38503, 35.997006], [129.385583, 35.99666]]}}, {"type": "Feature", "properties": {"name": "", "osm_id": 160437273, "origin": "OBSERVED", "highway": "service"}, "geometry": {"type": "LineString", "coordinates": [[129.380632, 35.997925], [129.381058, 35.997619]]}}, {"type": "Feature", "properties": {"name": "", "osm_id": 160437275, "origin": "OBSERVED", "highway": "service"}, "geometry": {"type": "LineString", "coordinates": [[129.385237, 35.997196], [129.385768, 35.996838]]}}, {"type": "Feature", "properties": {"name": "", "osm_id": 160437276, "origin": "OBSERVED", "highway": "service"}, "geometry": {"type": "LineString", "coordinates": [[129.380407, 35.997727], [129.380809, 35.997393]]}}, {"type": "Feature", "properties": {"name": "괴동로", "osm_id": 160437279, "origin": "OBSERVED", "highway": "tertiary"}, "geometry": {"type": "LineString", "coordinates": [[129.376245, 35.993587], [129.372176, 35.989839], [129.369274, 35.987165], [129.37205, 35.98544], [129.372074, 35.985331], [129.372011, 35.985206], [129.371701, 35.984728], [129.370981, 35.983592], [129.370666, 35.982965], [129.370238, 35.981891]]}}, {"type": "Feature", "properties": {"name": "호동로", "osm_id": 160437283, "origin": "OBSERVED", "highway": "tertiary"}, "geometry": {"type": "LineString", "coordinates": [[129.376581, 35.993897], [129.376823, 35.99365], [129.377045, 35.993471], [129.377273, 35.993344], [129.381891, 35.991046], [129.382141, 35.990898], [129.38239, 35.990728], [129.382656, 35.990522], [129.383324, 35.989932], [129.38381, 35.989465], [129.383951, 35.989297], [129.383955, 35.989096], [129.38389, 35.988848], [129.383795, 35.98861], [129.382423, 35.985181], [129.381883, 35.983855], [129.380176, 35.979656], [129.38016, 35.979605], [129.380084, 35.979351], [129.379954, 35.978798]]}}, {"type": "Feature", "properties": {"name": "", "osm_id": 160437287, "origin": "OBSERVED", "highway": "service"}, "geometry": {"type": "LineString", "coordinates": [[129.381969, 35.998024], [129.382366, 35.997711], [129.382704, 35.997473]]}}, {"type": "Feature", "properties": {"name": "", "osm_id": 160437288, "origin": "OBSERVED", "highway": "service"}, "geometry": {"type": "LineString", "coordinates": [[129.381181, 35.997706], [129.380762, 35.998034], [129.380565, 35.998198]]}}, {"type": "Feature", "properties": {"name": "", "osm_id": 160437289, "origin": "OBSERVED", "highway": "service"}, "geometry": {"type": "LineString", "coordinates": [[129.381698, 35.997803], [129.38213, 35.997485], [129.382458, 35.997243], [129.382642, 35.997109]]}}, {"type": "Feature", "properties": {"name": "인덕로", "osm_id": 160437290, "origin": "OBSERVED", "highway": "tertiary"}, "geometry": {"type": "LineString", "coordinates": [[129.397439, 35.992669], [129.397438, 35.992612], [129.397436, 35.992482], [129.397435, 35.992402], [129.397431, 35.992147], [129.397429, 35.992032], [129.397406, 35.990555], [129.397405, 35.989995], [129.397402, 35.988512], [129.397401, 35.988085], [129.3974, 35.987965], [129.397399, 35.987646], [129.397411, 35.987248], [129.397431, 35.986587], [129.397469, 35.985819], [129.397452, 35.98507]]}}, {"type": "Feature", "properties": {"name": "", "osm_id": 160437292, "origin": "OBSERVED", "highway": "service"}, "geometry": {"type": "LineString", "coordinates": [[129.382066, 35.998126], [129.382484, 35.997827], [129.382709, 35.997653]]}}, {"type": "Feature", "properties": {"name": "", "osm_id": 160437294, "origin": "OBSERVED", "highway": "service"}, "geometry": {"type": "LineString", "coordinates": [[129.381839, 35.997913], [129.382238, 35.997587], [129.382685, 35.99729]]}}, {"type": "Feature", "properties": {"name": "", "osm_id": 160437296, "origin": "OBSERVED", "highway": "service"}, "geometry": {"type": "LineString", "coordinates": [[129.381386, 35.997928], [129.381014, 35.998261], [129.380588, 35.998589]]}}, {"type": "Feature", "properties": {"name": "", "osm_id": 160437297, "origin": "OBSERVED", "highway": "service"}, "geometry": {"type": "LineString", "coordinates": [[129.387238, 35.99644], [129.387011, 35.996143], [129.386916, 35.995678], [129.386693, 35.995178]]}}, {"type": "Feature", "properties": {"name": "", "osm_id": 160437298, "origin": "OBSERVED", "highway": "service"}, "geometry": {"type": "LineString", "coordinates": [[129.383217, 35.997951], [129.38333, 35.997862], [129.383511, 35.998022], [129.383978, 35.998425], [129.38419, 35.998613], [129.384083, 35.998702]]}}, {"type": "Feature", "properties": {"name": "", "osm_id": 160437300, "origin": "OBSERVED", "highway": "service"}, "geometry": {"type": "LineString", "coordinates": [[129.380431, 35.997502], [129.38069, 35.997297], [129.380588, 35.99718], [129.380394, 35.997326]]}}, {"type": "Feature", "properties": {"name": "", "osm_id": 160437303, "origin": "OBSERVED", "highway": "service"}, "geometry": {"type": "LineString", "coordinates": [[129.38159, 35.998715], [129.382166, 35.998224], [129.382602, 35.997925], [129.38286, 35.99783], [129.383012, 35.99793]]}}, {"type": "Feature", "properties": {"name": "", "osm_id": 160437304, "origin": "OBSERVED", "highway": "service"}, "geometry": {"type": "LineString", "coordinates": [[129.381731, 35.998858], [129.381866, 35.998752], [129.382397, 35.998337], [129.383012, 35.99793], [129.383147, 35.997991], [129.383217, 35.997951], [129.384083, 35.998702], [129.38445, 35.999088]]}}, {"type": "Feature", "properties": {"name": "인덕로37번길", "osm_id": 160437309, "origin": "OBSERVED", "highway": "unclassified"}, "geometry": {"type": "LineString", "coordinates": [[129.397402, 35.988512], [129.396657, 35.988882], [129.396048, 35.989196], [129.395513, 35.989455], [129.395391, 35.989534], [129.395335, 35.989804], [129.395346, 35.99055]]}}, {"type": "Feature", "properties": {"name": "", "osm_id": 320322484, "origin": "OBSERVED", "highway": "path"}, "geometry": {"type": "LineString", "coordinates": [[129.419244, 35.991965], [129.419329, 35.991955]]}}, {"type": "Feature", "properties": {"name": "", "osm_id": 320322486, "origin": "OBSERVED", "highway": "service"}, "geometry": {"type": "LineString", "coordinates": [[129.433656, 35.989197], [129.433238, 35.989241], [129.432564, 35.989202], [129.431983, 35.989147], [129.431887, 35.989173], [129.431755, 35.989183], [129.43168, 35.989189], [129.431448, 35.9893], [129.431228, 35.98936], [129.430537, 35.989581], [129.430002, 35.989741], [129.429497, 35.989854], [129.428756, 35.99003], [129.428265, 35.990178], [129.427829, 35.990259], [129.427232, 35.990277], [129.426116, 35.99029], [129.4253, 35.990258], [129.425093, 35.990134], [129.424824, 35.990035], [129.424098, 35.990126], [129.423648, 35.990188], [129.422059, 35.990456], [129.420565, 35.990722], [129.420329, 35.99078], [129.419836, 35.990872], [129.419142, 35.991137], [129.418669, 35.991346], [129.418375, 35.991488], [129.418072, 35.99158], [129.417336, 35.991541], [129.415295, 35.991532]]}}, {"type": "Feature", "properties": {"name": "", "osm_id": 320322489, "origin": "OBSERVED", "highway": "service"}, "geometry": {"type": "LineString", "coordinates": [[129.418375, 35.991488], [129.418397, 35.991561], [129.418582, 35.991884], [129.418649, 35.992065], [129.418907, 35.992244], [129.419178, 35.992298], [129.419523, 35.992425]]}}, {"type": "Feature", "properties": {"name": "", "osm_id": 362969739, "origin": "OBSERVED", "highway": "unclassified"}, "geometry": {"type": "LineString", "coordinates": [[129.373561, 35.979661], [129.37216, 35.97705], [129.372054, 35.974619], [129.372048, 35.974449]]}}, {"type": "Feature", "properties": {"name": "장흥로", "osm_id": 362969740, "origin": "OBSERVED", "highway": "tertiary"}, "geometry": {"type": "LineString", "coordinates": [[129.367648, 35.976545], [129.368073, 35.976078], [129.368775, 35.9755], [129.369575, 35.974953], [129.370191, 35.974666], [129.370991, 35.974504], [129.371744, 35.974455], [129.372048, 35.974449], [129.376609, 35.974347], [129.378521, 35.974336], [129.378627, 35.974352], [129.378733, 35.974384], [129.378829, 35.974439], [129.380884, 35.97578], [129.382199, 35.97663]]}}, {"type": "Feature", "properties": {"name": "철강산단로", "osm_id": 362969741, "origin": "OBSERVED", "highway": "secondary"}, "geometry": {"type": "LineString", "coordinates": [[129.376769, 35.978795], [129.376712, 35.977691], [129.376655, 35.976615], [129.376609, 35.974347], [129.376538, 35.973143], [129.376485, 35.972847], [129.376431, 35.972669], [129.376298, 35.972448], [129.371077, 35.964468], [129.369146, 35.961483], [129.367821, 35.959436], [129.366222, 35.957026], [129.364395, 35.954143], [129.363893, 35.953471]]}}, {"type": "Feature", "properties": {"name": "철강로", "osm_id": 392374049, "origin": "OBSERVED", "highway": "primary"}, "geometry": {"type": "LineString", "coordinates": [[129.363291, 35.986602], [129.363726, 35.986362], [129.363855, 35.986291], [129.364816, 35.985629], [129.365534, 35.985134], [129.370238, 35.981891]]}}, {"type": "Feature", "properties": {"name": "", "osm_id": 392374056, "origin": "OBSERVED", "highway": "unclassified"}, "geometry": {"type": "LineString", "coordinates": [[129.376655, 35.976615], [129.373077, 35.976702], [129.372851, 35.976739], [129.372452, 35.976911], [129.37216, 35.97705], [129.368599, 35.978621]]}}, {"type": "Feature", "properties": {"name": "철강로492번길", "osm_id": 392374059, "origin": "OBSERVED", "highway": "residential"}, "geometry": {"type": "LineString", "coordinates": [[129.383775, 35.969465], [129.383637, 35.969267], [129.383527, 35.969075], [129.382889, 35.966653], [129.382123, 35.963826], [129.381829, 35.962846], [129.38172, 35.962621], [129.380329, 35.960536], [129.378181, 35.957614]]}}, {"type": "Feature", "properties": {"name": "해병로301번길", "osm_id": 392376612, "origin": "OBSERVED", "highway": "residential"}, "geometry": {"type": "LineString", "coordinates": [[129.41591, 35.967224], [129.414858, 35.967351], [129.414802, 35.967356], [129.414178, 35.967394], [129.413801, 35.96741], [129.41372, 35.967428], [129.413571, 35.967453], [129.413419, 35.967494], [129.412947, 35.967753], [129.412614, 35.96795], [129.412417, 35.968101], [129.412268, 35.968257]]}}, {"type": "Feature", "properties": {"name": "하원로", "osm_id": 392376618, "origin": "OBSERVED", "highway": "residential"}, "geometry": {"type": "LineString", "coordinates": [[129.404434, 35.975993], [129.404464, 35.975564], [129.404507, 35.974943], [129.404584, 35.973842], [129.404613, 35.973432], [129.404643, 35.973003], [129.40478, 35.97104], [129.404808, 35.970636]]}}, {"type": "Feature", "properties": {"name": "냉천로302번길", "osm_id": 392376619, "origin": "OBSERVED", "highway": "residential"}, "geometry": {"type": "LineString", "coordinates": [[129.400496, 35.9674], [129.402178, 35.967463], [129.402802, 35.967486], [129.405037, 35.967574], [129.407299, 35.967656], [129.40978, 35.967749]]}}, {"type": "Feature", "properties": {"name": "", "osm_id": 392376620, "origin": "OBSERVED", "highway": "residential"}, "geometry": {"type": "LineString", "coordinates": [[129.406682, 35.976097], [129.406713, 35.975654], [129.406833, 35.973936], [129.406862, 35.973524], [129.406892, 35.973101], [129.406962, 35.972095], [129.407029, 35.971143], [129.407057, 35.970741], [129.407092, 35.970374], [129.40727, 35.96808], [129.407299, 35.967656], [129.407318, 35.96726], [129.407385, 35.966187], [129.40747, 35.965071], [129.407488, 35.964749]]}}, {"type": "Feature", "properties": {"name": "남원로", "osm_id": 392376623, "origin": "OBSERVED", "highway": "residential"}, "geometry": {"type": "LineString", "coordinates": [[129.400306, 35.970436], [129.400378, 35.969289], [129.400427, 35.9685], [129.400496, 35.9674], [129.400556, 35.966719], [129.400598, 35.96624], [129.400636, 35.965814]]}}, {"type": "Feature", "properties": {"name": "남원로", "osm_id": 392376624, "origin": "OBSERVED", "highway": "tertiary"}, "geometry": {"type": "LineString", "coordinates": [[129.398198, 35.970347], [129.400306, 35.970436], [129.402557, 35.970531], [129.404808, 35.970636], [129.407057, 35.970741], [129.409868, 35.970872]]}}, {"type": "Feature", "properties": {"name": "냉천로320번길", "osm_id": 392376625, "origin": "OBSERVED", "highway": "residential"}, "geometry": {"type": "LineString", "coordinates": [[129.409159, 35.966269], [129.408613, 35.966241], [129.408497, 35.966232], [129.407959, 35.966212], [129.407385, 35.966187], [129.406949, 35.966159], [129.406387, 35.966123], [129.405723, 35.966086], [129.405144, 35.966053], [129.404551, 35.966028], [129.403978, 35.966004], [129.403398, 35.965975], [129.402919, 35.96595], [129.40185, 35.965884], [129.400636, 35.965814]]}}, {"type": "Feature", "properties": {"name": "형산큰다리", "osm_id": 430814042, "origin": "OBSERVED", "highway": "primary"}, "geometry": {"type": "LineString", "coordinates": [[129.371232, 36.011926], [129.375286, 36.009497]]}}, {"type": "Feature", "properties": {"name": "정몽주로646번길", "osm_id": 468292974, "origin": "OBSERVED", "highway": "residential"}, "geometry": {"type": "LineString", "coordinates": [[129.414008, 35.975524], [129.414904, 35.975508], [129.41576, 35.975493], [129.415893, 35.975494], [129.416347, 35.975497], [129.416928, 35.97549]]}}, {"type": "Feature", "properties": {"name": "해병로269번길", "osm_id": 469027858, "origin": "OBSERVED", "highway": "residential"}, "geometry": {"type": "LineString", "coordinates": [[129.411325, 35.970919], [129.411652, 35.970915], [129.412124, 35.97091], [129.413608, 35.970894], [129.413754, 35.970893], [129.414314, 35.970887], [129.415931, 35.970866]]}}, {"type": "Feature", "properties": {"name": "", "osm_id": 469033649, "origin": "OBSERVED", "highway": "residential"}, "geometry": {"type": "LineString", "coordinates": [[129.411728, 35.969761], [129.412099, 35.969864], [129.412441, 35.969958], [129.412346, 35.970242], [129.412288, 35.970418], [129.412124, 35.97091]]}}, {"type": "Feature", "properties": {"name": "", "osm_id": 469033685, "origin": "OBSERVED", "highway": "residential"}, "geometry": {"type": "LineString", "coordinates": [[129.412346, 35.970242], [129.412006, 35.97014], [129.411896, 35.970457], [129.412111, 35.970504]]}}, {"type": "Feature", "properties": {"name": "", "osm_id": 469033817, "origin": "OBSERVED", "highway": "residential"}, "geometry": {"type": "LineString", "coordinates": [[129.412006, 35.97014], [129.412099, 35.969864]]}}, {"type": "Feature", "properties": {"name": "", "osm_id": 469033898, "origin": "OBSERVED", "highway": "residential"}, "geometry": {"type": "LineString", "coordinates": [[129.414259, 35.968973], [129.41436, 35.968995], [129.414478, 35.969103], [129.414555, 35.969858], [129.414508, 35.970065], [129.414478, 35.970212], [129.414302, 35.970444]]}}, {"type": "Feature", "properties": {"name": "해병로", "osm_id": 469034060, "origin": "OBSERVED", "highway": "secondary"}, "geometry": {"type": "LineString", "coordinates": [[129.402292, 35.993859], [129.402185, 35.993614], [129.402071, 35.993301], [129.402064, 35.993281], [129.401802, 35.992635], [129.401624, 35.992199], [129.401521, 35.991603], [129.401502, 35.990923], [129.401605, 35.990238], [129.401734, 35.989966], [129.402091, 35.989314], [129.40293, 35.987781], [129.404389, 35.985169], [129.405674, 35.983103], [129.407129, 35.980765], [129.407715, 35.979779], [129.408452, 35.978539], [129.408997, 35.977622], [129.40941, 35.976843], [129.409516, 35.976492], [129.409599, 35.976214], [129.409806, 35.975566], [129.410125, 35.974566], [129.410364, 35.973818], [129.410372, 35.973794], [129.410475, 35.973469], [129.410677, 35.972837], [129.411021, 35.971819], [129.411325, 35.970919], [129.411728, 35.969761], [129.412106, 35.968674], [129.412123, 35.968635], [129.412268, 35.968257], [129.412153, 35.968178]]}}, {"type": "Feature", "properties": {"name": "세계길", "osm_id": 469034662, "origin": "OBSERVED", "highway": "residential"}, "geometry": {"type": "LineString", "coordinates": [[129.41587, 35.96681], [129.415622, 35.965218], [129.415472, 35.964259], [129.415317, 35.963266], [129.415304, 35.963182], [129.415217, 35.962624], [129.415167, 35.962017]]}}, {"type": "Feature", "properties": {"name": "충무로", "osm_id": 469072902, "origin": "OBSERVED", "highway": "tertiary"}, "geometry": {"type": "LineString", "coordinates": [[129.416957, 35.97618], [129.416335, 35.97619], [129.415973, 35.976195], [129.415723, 35.9762], [129.415324, 35.976209], [129.415001, 35.976205], [129.414761, 35.976201], [129.414015, 35.976191], [129.413663, 35.976194], [129.413109, 35.976194], [129.413039, 35.976194], [129.412022, 35.9762], [129.411466, 35.976203], [129.409599, 35.976214], [129.40942, 35.976207]]}}, {"type": "Feature", "properties": {"name": "충무로", "osm_id": 469077509, "origin": "OBSERVED", "highway": "residential"}, "geometry": {"type": "LineString", "coordinates": [[129.415188, 35.977124], [129.415327, 35.976807], [129.415324, 35.976209]]}}, {"type": "Feature", "properties": {"name": "충무로", "osm_id": 469077510, "origin": "OBSERVED", "highway": "residential"}, "geometry": {"type": "LineString", "coordinates": [[129.415188, 35.977124], [129.415043, 35.976804], [129.414921, 35.976547], [129.414761, 35.976201]]}}, {"type": "Feature", "properties": {"name": "정몽주로660번길", "osm_id": 469078240, "origin": "OBSERVED", "highway": "residential"}, "geometry": {"type": "LineString", "coordinates": [[129.413405, 35.976757], [129.413839, 35.976798], [129.414186, 35.976802], [129.415043, 35.976804], [129.415327, 35.976807], [129.416264, 35.976811]]}}, {"type": "Feature", "properties": {"name": "", "osm_id": 469078241, "origin": "OBSERVED", "highway": "residential"}, "geometry": {"type": "LineString", "coordinates": [[129.416264, 35.976811], [129.416553, 35.976791]]}}, {"type": "Feature", "properties": {"name": "냉천로298번길", "osm_id": 469234029, "origin": "OBSERVED", "highway": "residential"}, "geometry": {"type": "LineString", "coordinates": [[129.40938, 35.968184], [129.408978, 35.968165], [129.408393, 35.968136], [129.407811, 35.968107], [129.40727, 35.96808]]}}, {"type": "Feature", "properties": {"name": "냉천로270번길", "osm_id": 469234036, "origin": "OBSERVED", "highway": "residential"}, "geometry": {"type": "LineString", "coordinates": [[129.407092, 35.970374], [129.406521, 35.970349], [129.405951, 35.970323], [129.405411, 35.970299], [129.404837, 35.970273], [129.404255, 35.970247], [129.403673, 35.970221], [129.403091, 35.970195], [129.402588, 35.970173]]}}, {"type": "Feature", "properties": {"name": "", "osm_id": 469234143, "origin": "OBSERVED", "highway": "residential"}, "geometry": {"type": "LineString", "coordinates": [[129.406117, 35.968042], [129.406086, 35.968472], [129.406036, 35.969164], [129.40602, 35.969382], [129.406008, 35.969543], [129.405951, 35.970323]]}}, {"type": "Feature", "properties": {"name": "", "osm_id": 469234428, "origin": "OBSERVED", "highway": "residential"}, "geometry": {"type": "LineString", "coordinates": [[129.412124, 35.97091], [129.411957, 35.971447], [129.41178, 35.972018], [129.412763, 35.972237], [129.413852, 35.972479], [129.41433, 35.972585], [129.414367, 35.973182], [129.41501, 35.97306]]}}, {"type": "Feature", "properties": {"name": "", "osm_id": 469235154, "origin": "OBSERVED", "highway": "residential"}, "geometry": {"type": "LineString", "coordinates": [[129.412123, 35.968635], [129.413392, 35.968235], [129.414249, 35.968129], [129.414178, 35.967394]]}}, {"type": "Feature", "properties": {"name": "", "osm_id": 469235163, "origin": "OBSERVED", "highway": "residential"}, "geometry": {"type": "LineString", "coordinates": [[129.414259, 35.968973], [129.414249, 35.968129]]}}, {"type": "Feature", "properties": {"name": "", "osm_id": 469235428, "origin": "OBSERVED", "highway": "residential"}, "geometry": {"type": "LineString", "coordinates": [[129.412288, 35.970418], [129.41301, 35.97059], [129.413051, 35.970597], [129.413388, 35.970656], [129.413608, 35.970894]]}}, {"type": "Feature", "properties": {"name": "", "osm_id": 469235521, "origin": "OBSERVED", "highway": "residential"}, "geometry": {"type": "LineString", "coordinates": [[129.413754, 35.970893], [129.413758, 35.970866], [129.413746, 35.970442], [129.4143, 35.970382]]}}, {"type": "Feature", "properties": {"name": "", "osm_id": 469235742, "origin": "OBSERVED", "highway": "residential"}, "geometry": {"type": "LineString", "coordinates": [[129.41433, 35.972585], [129.414314, 35.970887], [129.414222, 35.971169], [129.414216, 35.971379], [129.414214, 35.971485], [129.413852, 35.972479]]}}, {"type": "Feature", "properties": {"name": "", "osm_id": 469252142, "origin": "OBSERVED", "highway": "residential"}, "geometry": {"type": "LineString", "coordinates": [[129.411957, 35.971447], [129.413044, 35.971414], [129.414216, 35.971379]]}}, {"type": "Feature", "properties": {"name": "", "osm_id": 469252380, "origin": "OBSERVED", "highway": "residential"}, "geometry": {"type": "LineString", "coordinates": [[129.412763, 35.972237], [129.413044, 35.971414]]}}, {"type": "Feature", "properties": {"name": "", "osm_id": 469253118, "origin": "OBSERVED", "highway": "footway"}, "geometry": {"type": "LineString", "coordinates": [[129.413051, 35.970597], [129.413033, 35.969625]]}}, {"type": "Feature", "properties": {"name": "", "osm_id": 469253153, "origin": "OBSERVED", "highway": "residential"}, "geometry": {"type": "LineString", "coordinates": [[129.41433, 35.972585], [129.415147, 35.972761]]}}, {"type": "Feature", "properties": {"name": "", "osm_id": 469272182, "origin": "OBSERVED", "highway": "residential"}, "geometry": {"type": "LineString", "coordinates": [[129.414367, 35.973182], [129.413501, 35.973414], [129.413281, 35.973545], [129.413163, 35.973631], [129.413024, 35.973701], [129.412804, 35.973783], [129.412589, 35.973818], [129.412332, 35.973844], [129.412208, 35.973824], [129.412117, 35.973809], [129.412015, 35.973796], [129.411715, 35.973696], [129.411592, 35.973575], [129.411125, 35.973692], [129.410878, 35.974556], [129.410551, 35.975585], [129.409806, 35.975566]]}}, {"type": "Feature", "properties": {"name": "", "osm_id": 469272219, "origin": "OBSERVED", "highway": "residential"}, "geometry": {"type": "LineString", "coordinates": [[129.412208, 35.973824], [129.412763, 35.972237]]}}, {"type": "Feature", "properties": {"name": "", "osm_id": 469272623, "origin": "OBSERVED", "highway": "residential"}, "geometry": {"type": "LineString", "coordinates": [[129.416037, 35.968432], [129.415524, 35.968608], [129.415416, 35.968708], [129.41562, 35.970284]]}}, {"type": "Feature", "properties": {"name": "", "osm_id": 469272876, "origin": "OBSERVED", "highway": "service"}, "geometry": {"type": "LineString", "coordinates": [[129.422254, 35.966178], [129.421226, 35.966101], [129.420942, 35.966157], [129.420529, 35.966288], [129.420325, 35.966374], [129.41989, 35.966496], [129.419638, 35.966657], [129.419413, 35.966869], [129.419279, 35.966978], [129.418732, 35.967112], [129.418539, 35.967086], [129.418303, 35.967086], [129.41804, 35.96716], [129.41775, 35.96723], [129.417348, 35.967095], [129.417042, 35.967095], [129.41591, 35.967224]]}}, {"type": "Feature", "properties": {"name": "", "osm_id": 469273001, "origin": "OBSERVED", "highway": "footway"}, "geometry": {"type": "LineString", "coordinates": [[129.416016, 35.966424], [129.416833, 35.966461], [129.417342, 35.966466], [129.418195, 35.966396], [129.418962, 35.966409], [129.419778, 35.966331], [129.420534, 35.966222], [129.420942, 35.966157]]}}, {"type": "Feature", "properties": {"name": "", "osm_id": 469273093, "origin": "OBSERVED", "highway": "residential"}, "geometry": {"type": "LineString", "coordinates": [[129.409228, 35.962634], [129.409822, 35.962646], [129.410331, 35.962656], [129.4106, 35.963346], [129.410977, 35.96431], [129.411359, 35.965274], [129.41173, 35.96621], [129.412106, 35.967159], [129.412303, 35.967653], [129.4119, 35.967823], [129.411734, 35.967893]]}}, {"type": "Feature", "properties": {"name": "해병로307번길", "osm_id": 469273096, "origin": "OBSERVED", "highway": "residential"}, "geometry": {"type": "LineString", "coordinates": [[129.412303, 35.967653], [129.412742, 35.967466], [129.413137, 35.967296], [129.413372, 35.967196], [129.413573, 35.967105], [129.413606, 35.96709], [129.41529, 35.966258]]}}, {"type": "Feature", "properties": {"name": "", "osm_id": 469273841, "origin": "OBSERVED", "highway": "residential"}, "geometry": {"type": "LineString", "coordinates": [[129.412256, 35.965027], [129.411859, 35.964063], [129.411452, 35.963106], [129.411027, 35.963228], [129.4106, 35.963346], [129.410139, 35.963465], [129.409618, 35.963598]]}}, {"type": "Feature", "properties": {"name": "", "osm_id": 469274163, "origin": "OBSERVED", "highway": "residential"}, "geometry": {"type": "LineString", "coordinates": [[129.414367, 35.973182], [129.414361, 35.973349], [129.413946, 35.974274], [129.413607, 35.97503], [129.413565, 35.975125], [129.413406, 35.975498], [129.413109, 35.976194]]}}, {"type": "Feature", "properties": {"name": "정몽주로616번길", "osm_id": 469274253, "origin": "OBSERVED", "highway": "residential"}, "geometry": {"type": "LineString", "coordinates": [[129.41501, 35.97306], [129.415693, 35.972876], [129.415708, 35.972872], [129.416318, 35.972464], [129.416706, 35.972195], [129.416919, 35.972141], [129.417403, 35.971998], [129.417502, 35.971959], [129.417745, 35.971769], [129.418031, 35.971556], [129.418245, 35.971305]]}}, {"type": "Feature", "properties": {"name": "정몽주로624번길", "osm_id": 469274292, "origin": "OBSERVED", "highway": "residential"}, "geometry": {"type": "LineString", "coordinates": [[129.416901, 35.973785], [129.416336, 35.973765], [129.4157, 35.973774], [129.415665, 35.973775], [129.414784, 35.973598]]}}, {"type": "Feature", "properties": {"name": "", "osm_id": 469274343, "origin": "OBSERVED", "highway": "residential"}, "geometry": {"type": "LineString", "coordinates": [[129.416901, 35.973785], [129.41695, 35.97476], [129.416928, 35.97549]]}}, {"type": "Feature", "properties": {"name": "충무로60번길", "osm_id": 469274408, "origin": "OBSERVED", "highway": "residential"}, "geometry": {"type": "LineString", "coordinates": [[129.416335, 35.97619], [129.416347, 35.975497], [129.41636, 35.974993], [129.416336, 35.973765], [129.416318, 35.972464]]}}, {"type": "Feature", "properties": {"name": "", "osm_id": 469740053, "origin": "OBSERVED", "highway": "residential"}, "geometry": {"type": "LineString", "coordinates": [[129.396657, 35.988882], [129.396935, 35.988277], [129.397399, 35.987646]]}}, {"type": "Feature", "properties": {"name": "", "osm_id": 469740054, "origin": "OBSERVED", "highway": "residential"}, "geometry": {"type": "LineString", "coordinates": [[129.396935, 35.988277], [129.396634, 35.988172]]}}, {"type": "Feature", "properties": {"name": "인덕로16번길", "osm_id": 469740055, "origin": "OBSERVED", "highway": "residential"}, "geometry": {"type": "LineString", "coordinates": [[129.397431, 35.986587], [129.398962, 35.986535], [129.400217, 35.986531]]}}, {"type": "Feature", "properties": {"name": "", "osm_id": 469740057, "origin": "OBSERVED", "highway": "residential"}, "geometry": {"type": "LineString", "coordinates": [[129.401038, 35.98558], [129.401223, 35.986427]]}}, {"type": "Feature", "properties": {"name": "", "osm_id": 469740058, "origin": "OBSERVED", "highway": "residential"}, "geometry": {"type": "LineString", "coordinates": [[129.400217, 35.986531], [129.399815, 35.986744], [129.39967, 35.986974], [129.399244, 35.987294]]}}, {"type": "Feature", "properties": {"name": "", "osm_id": 469740059, "origin": "OBSERVED", "highway": "residential"}, "geometry": {"type": "LineString", "coordinates": [[129.397399, 35.987646], [129.397808, 35.987451], [129.398049, 35.987261], [129.398962, 35.986535]]}}, {"type": "Feature", "properties": {"name": "", "osm_id": 469740060, "origin": "OBSERVED", "highway": "residential"}, "geometry": {"type": "LineString", "coordinates": [[129.397808, 35.987451], [129.397888, 35.987492], [129.398078, 35.987412], [129.398645, 35.987273], [129.398963, 35.987238], [129.399244, 35.987294]]}}, {"type": "Feature", "properties": {"name": "인덕로16번길", "osm_id": 469740061, "origin": "OBSERVED", "highway": "residential"}, "geometry": {"type": "LineString", "coordinates": [[129.398963, 35.987238], [129.398962, 35.986535]]}}, {"type": "Feature", "properties": {"name": "", "osm_id": 469740062, "origin": "OBSERVED", "highway": "residential"}, "geometry": {"type": "LineString", "coordinates": [[129.398962, 35.986535], [129.3993, 35.986279], [129.399681, 35.98624], [129.400304, 35.986427]]}}, {"type": "Feature", "properties": {"name": "인덕로7번길", "osm_id": 469740063, "origin": "OBSERVED", "highway": "residential"}, "geometry": {"type": "LineString", "coordinates": [[129.397469, 35.985819], [129.396612, 35.985641], [129.39606, 35.986952], [129.396048, 35.989196]]}}, {"type": "Feature", "properties": {"name": "인덕로37번길", "osm_id": 469740064, "origin": "OBSERVED", "highway": "residential"}, "geometry": {"type": "LineString", "coordinates": [[129.395346, 35.99055], [129.396006, 35.990546], [129.397406, 35.990555]]}}, {"type": "Feature", "properties": {"name": "", "osm_id": 469740065, "origin": "OBSERVED", "highway": "residential"}, "geometry": {"type": "LineString", "coordinates": [[129.397406, 35.990555], [129.399701, 35.990572]]}}, {"type": "Feature", "properties": {"name": "", "osm_id": 469740066, "origin": "OBSERVED", "highway": "residential"}, "geometry": {"type": "LineString", "coordinates": [[129.396006, 35.990546], [129.396007, 35.989812], [129.396048, 35.989196]]}}, {"type": "Feature", "properties": {"name": "", "osm_id": 469740067, "origin": "OBSERVED", "highway": "residential"}, "geometry": {"type": "LineString", "coordinates": [[129.395335, 35.989804], [129.396007, 35.989812], [129.396435, 35.98983], [129.396634, 35.989951], [129.397405, 35.989995]]}}, {"type": "Feature", "properties": {"name": "", "osm_id": 470238043, "origin": "OBSERVED", "highway": "residential"}, "geometry": {"type": "LineString", "coordinates": [[129.40324, 35.967947], [129.403091, 35.970195]]}}, {"type": "Feature", "properties": {"name": "", "osm_id": 470238044, "origin": "OBSERVED", "highway": "residential"}, "geometry": {"type": "LineString", "coordinates": [[129.403673, 35.970221], [129.403828, 35.967966]]}}, {"type": "Feature", "properties": {"name": "", "osm_id": 470238046, "origin": "OBSERVED", "highway": "residential"}, "geometry": {"type": "LineString", "coordinates": [[129.409437, 35.970464], [129.409819, 35.969364], [129.409713, 35.968923], [129.409575, 35.968618], [129.40938, 35.968184]]}}, {"type": "Feature", "properties": {"name": "냉천로270번길", "osm_id": 470238048, "origin": "OBSERVED", "highway": "residential"}, "geometry": {"type": "LineString", "coordinates": [[129.407092, 35.970374], [129.407636, 35.970395], [129.408231, 35.970418], [129.408767, 35.970439], [129.409202, 35.970455], [129.409437, 35.970464]]}}, {"type": "Feature", "properties": {"name": "", "osm_id": 470238049, "origin": "OBSERVED", "highway": "residential"}, "geometry": {"type": "LineString", "coordinates": [[129.408393, 35.968136], [129.408231, 35.970418]]}}, {"type": "Feature", "properties": {"name": "", "osm_id": 470238051, "origin": "OBSERVED", "highway": "residential"}, "geometry": {"type": "LineString", "coordinates": [[129.408767, 35.970439], [129.408938, 35.968602], [129.408978, 35.968165]]}}, {"type": "Feature", "properties": {"name": "", "osm_id": 470238052, "origin": "OBSERVED", "highway": "residential"}, "geometry": {"type": "LineString", "coordinates": [[129.407636, 35.970395], [129.407811, 35.968107]]}}, {"type": "Feature", "properties": {"name": "", "osm_id": 470238053, "origin": "OBSERVED", "highway": "residential"}, "geometry": {"type": "LineString", "coordinates": [[129.406521, 35.970349], [129.406617, 35.969191], [129.406668, 35.968497], [129.406707, 35.968061]]}}, {"type": "Feature", "properties": {"name": "", "osm_id": 470238054, "origin": "OBSERVED", "highway": "residential"}, "geometry": {"type": "LineString", "coordinates": [[129.405411, 35.970299], [129.405582, 35.968024]]}}, {"type": "Feature", "properties": {"name": "", "osm_id": 470238056, "origin": "OBSERVED", "highway": "residential"}, "geometry": {"type": "LineString", "coordinates": [[129.404426, 35.967986], [129.404255, 35.970247]]}}, {"type": "Feature", "properties": {"name": "냉천로298번길", "osm_id": 470238058, "origin": "OBSERVED", "highway": "residential"}, "geometry": {"type": "LineString", "coordinates": [[129.40727, 35.96808], [129.406707, 35.968061], [129.406117, 35.968042], [129.405582, 35.968024], [129.405049, 35.968007], [129.405018, 35.968005], [129.404426, 35.967986], [129.403828, 35.967966], [129.40324, 35.967947]]}}, {"type": "Feature", "properties": {"name": "청림동길30번길", "osm_id": 471115902, "origin": "OBSERVED", "highway": "residential"}, "geometry": {"type": "LineString", "coordinates": [[129.41609, 35.995618], [129.416114, 35.995562], [129.416192, 35.995489], [129.416323, 35.995415], [129.416243, 35.995318], [129.416107, 35.995191], [129.415933, 35.995098]]}}, {"type": "Feature", "properties": {"name": "구정길", "osm_id": 471488152, "origin": "OBSERVED", "highway": "service"}, "geometry": {"type": "LineString", "coordinates": [[129.407715, 35.979779], [129.409638, 35.980504], [129.410033, 35.980653], [129.411509, 35.98121]]}}, {"type": "Feature", "properties": {"name": "충무로66번길", "osm_id": 471499134, "origin": "OBSERVED", "highway": "residential"}, "geometry": {"type": "LineString", "coordinates": [[129.416928, 35.97549], [129.416908, 35.975619], [129.416917, 35.975731], [129.416921, 35.975798], [129.416957, 35.97618]]}}, {"type": "Feature", "properties": {"name": "충무로66번길", "osm_id": 471499135, "origin": "OBSERVED", "highway": "residential"}, "geometry": {"type": "LineString", "coordinates": [[129.416908, 35.975619], [129.417226, 35.975487], [129.417483, 35.975048], [129.417693, 35.974689]]}}, {"type": "Feature", "properties": {"name": "", "osm_id": 471499136, "origin": "OBSERVED", "highway": "residential"}, "geometry": {"type": "LineString", "coordinates": [[129.416901, 35.973785], [129.417763, 35.973809], [129.417922, 35.973635], [129.418137, 35.973703], [129.418351, 35.97405], [129.417626, 35.974613]]}}, {"type": "Feature", "properties": {"name": "", "osm_id": 471499137, "origin": "OBSERVED", "highway": "residential"}, "geometry": {"type": "LineString", "coordinates": [[129.416913, 35.973147], [129.418052, 35.973151]]}}, {"type": "Feature", "properties": {"name": "", "osm_id": 471499138, "origin": "OBSERVED", "highway": "residential"}, "geometry": {"type": "LineString", "coordinates": [[129.416706, 35.972195], [129.416311, 35.971877], [129.416161, 35.971734], [129.41589, 35.971643], [129.415627, 35.971576]]}}, {"type": "Feature", "properties": {"name": "", "osm_id": 471499139, "origin": "OBSERVED", "highway": "residential"}, "geometry": {"type": "LineString", "coordinates": [[129.416708, 35.971443], [129.416413, 35.971496], [129.416161, 35.971734]]}}, {"type": "Feature", "properties": {"name": "정몽주로", "osm_id": 471499140, "origin": "OBSERVED", "highway": "residential"}, "geometry": {"type": "LineString", "coordinates": [[129.41646, 35.970437], [129.416361, 35.970063], [129.416228, 35.969882]]}}, {"type": "Feature", "properties": {"name": "동해안로", "osm_id": 475214376, "origin": "OBSERVED", "highway": "residential"}, "geometry": {"type": "LineString", "coordinates": [[129.411201, 35.995381], [129.411276, 35.995509], [129.411583, 35.996039]]}}, {"type": "Feature", "properties": {"name": "청림서길22번길", "osm_id": 475214378, "origin": "OBSERVED", "highway": "residential"}, "geometry": {"type": "LineString", "coordinates": [[129.412192, 35.996934], [129.412436, 35.997273], [129.412916, 35.997686], [129.413098, 35.997779], [129.413225, 35.997809], [129.413581, 35.99792], [129.414069, 35.997974], [129.414536, 35.99794], [129.415108, 35.997893]]}}, {"type": "Feature", "properties": {"name": "청림서길10번길", "osm_id": 475214380, "origin": "OBSERVED", "highway": "residential"}, "geometry": {"type": "LineString", "coordinates": [[129.415108, 35.997893], [129.415039, 35.99784], [129.414734, 35.997651], [129.414531, 35.997484], [129.414457, 35.997369], [129.414163, 35.99713], [129.414041, 35.997], [129.413876, 35.996823], [129.413608, 35.996521], [129.41336, 35.996234], [129.413248, 35.996091], [129.413124, 35.995932], [129.412908, 35.995656], [129.412648, 35.995373]]}}, {"type": "Feature", "properties": {"name": "청림로", "osm_id": 475214382, "origin": "OBSERVED", "highway": "residential"}, "geometry": {"type": "LineString", "coordinates": [[129.414384, 35.995935], [129.415102, 35.99651], [129.415266, 35.996641], [129.416405, 35.997552]]}}, {"type": "Feature", "properties": {"name": "청림로", "osm_id": 475214383, "origin": "OBSERVED", "highway": "residential"}, "geometry": {"type": "LineString", "coordinates": [[129.416405, 35.997552], [129.419061, 35.999727]]}}, {"type": "Feature", "properties": {"name": "동해안로5932번길", "osm_id": 475214384, "origin": "OBSERVED", "highway": "residential"}, "geometry": {"type": "LineString", "coordinates": [[129.415022, 35.995577], [129.415, 35.995275], [129.414891, 35.995057], [129.414708, 35.994806], [129.414392, 35.994517]]}}, {"type": "Feature", "properties": {"name": "동해안로5932번길", "osm_id": 475214385, "origin": "OBSERVED", "highway": "residential"}, "geometry": {"type": "LineString", "coordinates": [[129.415022, 35.995577], [129.415629, 35.995655]]}}, {"type": "Feature", "properties": {"name": "동해안로5924번길", "osm_id": 475215098, "origin": "OBSERVED", "highway": "residential"}, "geometry": {"type": "LineString", "coordinates": [[129.415684, 35.994907], [129.415769, 35.994882], [129.415974, 35.994889], [129.416068, 35.99476], [129.416146, 35.994671]]}}, {"type": "Feature", "properties": {"name": "", "osm_id": 475215099, "origin": "OBSERVED", "highway": "residential"}, "geometry": {"type": "LineString", "coordinates": [[129.416026, 35.994436], [129.415403, 35.994612], [129.414708, 35.994806]]}}, {"type": "Feature", "properties": {"name": "", "osm_id": 475215100, "origin": "OBSERVED", "highway": "residential"}, "geometry": {"type": "LineString", "coordinates": [[129.416146, 35.994671], [129.416309, 35.994915], [129.416363, 35.99494]]}}, {"type": "Feature", "properties": {"name": "동해안로5924번길", "osm_id": 475215101, "origin": "OBSERVED", "highway": "residential"}, "geometry": {"type": "LineString", "coordinates": [[129.416146, 35.994671], [129.416268, 35.994672], [129.416559, 35.99459], [129.416848, 35.994508], [129.41728, 35.994369]]}}, {"type": "Feature", "properties": {"name": "동해안로5924번길", "osm_id": 475215102, "origin": "OBSERVED", "highway": "residential"}, "geometry": {"type": "LineString", "coordinates": [[129.41728, 35.994369], [129.41734, 35.994555], [129.417421, 35.994703], [129.417512, 35.994807], [129.417583, 35.99489]]}}, {"type": "Feature", "properties": {"name": "청림동길30번길", "osm_id": 475215103, "origin": "OBSERVED", "highway": "residential"}, "geometry": {"type": "LineString", "coordinates": [[129.417334, 35.995274], [129.417066, 35.995257], [129.416831, 35.995248], [129.416532, 35.995316]]}}, {"type": "Feature", "properties": {"name": "청림동길30번길", "osm_id": 475215104, "origin": "OBSERVED", "highway": "residential"}, "geometry": {"type": "LineString", "coordinates": [[129.416532, 35.995316], [129.416431, 35.995358], [129.416323, 35.995415]]}}, {"type": "Feature", "properties": {"name": "청림동길30번길", "osm_id": 475215105, "origin": "OBSERVED", "highway": "residential"}, "geometry": {"type": "LineString", "coordinates": [[129.417334, 35.995274], [129.417519, 35.995343], [129.417746, 35.995401], [129.418043, 35.995431], [129.418474, 35.995456], [129.418569, 35.995522]]}}, {"type": "Feature", "properties": {"name": "청림동길", "osm_id": 475215106, "origin": "OBSERVED", "highway": "residential"}, "geometry": {"type": "LineString", "coordinates": [[129.418569, 35.995522], [129.418397, 35.995695], [129.418265, 35.99585]]}}, {"type": "Feature", "properties": {"name": "청림동길", "osm_id": 475215107, "origin": "OBSERVED", "highway": "residential"}, "geometry": {"type": "LineString", "coordinates": [[129.418265, 35.99585], [129.41813, 35.995992], [129.41798, 35.996171]]}}, {"type": "Feature", "properties": {"name": "동해안로5932번길", "osm_id": 475215108, "origin": "OBSERVED", "highway": "residential"}, "geometry": {"type": "LineString", "coordinates": [[129.417594, 35.995954], [129.41731, 35.995884], [129.417008, 35.99579], [129.41668, 35.99572]]}}, {"type": "Feature", "properties": {"name": "동해안로5932번길", "osm_id": 475215109, "origin": "OBSERVED", "highway": "residential"}, "geometry": {"type": "LineString", "coordinates": [[129.41668, 35.99572], [129.416396, 35.995667], [129.41609, 35.995618]]}}, {"type": "Feature", "properties": {"name": "동해안로5924번길", "osm_id": 475215468, "origin": "OBSERVED", "highway": "residential"}, "geometry": {"type": "LineString", "coordinates": [[129.41728, 35.994369], [129.417583, 35.994278]]}}, {"type": "Feature", "properties": {"name": "", "osm_id": 475215469, "origin": "OBSERVED", "highway": "residential"}, "geometry": {"type": "LineString", "coordinates": [[129.417583, 35.994278], [129.417456, 35.994013], [129.416976, 35.994171], [129.416467, 35.994331], [129.416026, 35.994436]]}}, {"type": "Feature", "properties": {"name": "동해안로5906번길", "osm_id": 475215470, "origin": "OBSERVED", "highway": "residential"}, "geometry": {"type": "LineString", "coordinates": [[129.417583, 35.994278], [129.418248, 35.994369], [129.41831, 35.994628], [129.418035, 35.994755], [129.417744, 35.994829], [129.417583, 35.99489]]}}, {"type": "Feature", "properties": {"name": "동해안로5906번길", "osm_id": 475215471, "origin": "OBSERVED", "highway": "residential"}, "geometry": {"type": "LineString", "coordinates": [[129.418248, 35.994369], [129.418384, 35.994397], [129.418851, 35.994257]]}}, {"type": "Feature", "properties": {"name": "청림동길", "osm_id": 475215472, "origin": "OBSERVED", "highway": "residential"}, "geometry": {"type": "LineString", "coordinates": [[129.419239, 35.99478], [129.418569, 35.995522]]}}, {"type": "Feature", "properties": {"name": "청림동길", "osm_id": 475215473, "origin": "OBSERVED", "highway": "residential"}, "geometry": {"type": "LineString", "coordinates": [[129.419239, 35.99478], [129.419402, 35.994714], [129.41997, 35.994554], [129.420294, 35.994204], [129.420453, 35.993996]]}}, {"type": "Feature", "properties": {"name": "동해안로5876번길", "osm_id": 475215475, "origin": "OBSERVED", "highway": "residential"}, "geometry": {"type": "LineString", "coordinates": [[129.420915, 35.993653], [129.420901, 35.99353], [129.420698, 35.993438], [129.420365, 35.993284], [129.420247, 35.993028], [129.420084, 35.992622], [129.420041, 35.992499]]}}, {"type": "Feature", "properties": {"name": "청림서길", "osm_id": 475215477, "origin": "OBSERVED", "highway": "residential"}, "geometry": {"type": "LineString", "coordinates": [[129.413323, 35.994948], [129.413244, 35.994998], [129.412648, 35.995373], [129.411583, 35.996039], [129.410964, 35.99641], [129.410372, 35.996756], [129.410169, 35.996882], [129.408697, 35.997863], [129.4083, 35.997991], [129.408142, 35.997999], [129.407147, 35.997957], [129.405706, 35.997921]]}}, {"type": "Feature", "properties": {"name": "청림서길35번길", "osm_id": 475215478, "origin": "OBSERVED", "highway": "residential"}, "geometry": {"type": "LineString", "coordinates": [[129.410169, 35.996882], [129.409931, 35.996627], [129.40966, 35.996383], [129.409402, 35.996162]]}}, {"type": "Feature", "properties": {"name": "청림서길36번길", "osm_id": 475215479, "origin": "OBSERVED", "highway": "residential"}, "geometry": {"type": "LineString", "coordinates": [[129.410169, 35.996882], [129.410465, 35.997097], [129.410699, 35.997241], [129.411021, 35.997426], [129.411133, 35.997456], [129.411654, 35.997409], [129.411778, 35.997371], [129.412192, 35.996934]]}}, {"type": "Feature", "properties": {"name": "신항로", "osm_id": 475219550, "origin": "OBSERVED", "highway": "tertiary"}, "geometry": {"type": "LineString", "coordinates": [[129.41294, 36.00262], [129.412869, 36.002442], [129.412762, 36.002261], [129.41272, 36.002189], [129.41235, 36.001959], [129.411361, 36.001427], [129.410992, 36.001272], [129.410113, 36.000759], [129.40949, 36.000358], [129.408586, 35.99978], [129.407402, 35.99901], [129.406453, 35.998412], [129.406114, 35.998187], [129.405706, 35.997921], [129.405502, 35.997788], [129.404987, 35.997458], [129.404784, 35.997307], [129.404541, 35.997098], [129.404416, 35.996886], [129.404339, 35.996756], [129.404303, 35.99652]]}}, {"type": "Feature", "properties": {"name": "정몽주로880번길", "osm_id": 475219556, "origin": "OBSERVED", "highway": "residential"}, "geometry": {"type": "LineString", "coordinates": [[129.40491, 35.993485], [129.405532, 35.993862], [129.40557, 35.993885], [129.40636, 35.994368]]}}, {"type": "Feature", "properties": {"name": "", "osm_id": 475219557, "origin": "OBSERVED", "highway": "residential"}, "geometry": {"type": "LineString", "coordinates": [[129.40636, 35.994368], [129.406381, 35.99462], [129.406263, 35.994958], [129.405978, 35.995123], [129.405872, 35.995185], [129.405263, 35.995074], [129.405039, 35.995606]]}}, {"type": "Feature", "properties": {"name": "", "osm_id": 475219558, "origin": "OBSERVED", "highway": "residential"}, "geometry": {"type": "LineString", "coordinates": [[129.405039, 35.995606], [129.405023, 35.995919], [129.40512, 35.996419], [129.4051, 35.9966], [129.404971, 35.99678]]}}, {"type": "Feature", "properties": {"name": "청림남길", "osm_id": 475219559, "origin": "OBSERVED", "highway": "residential"}, "geometry": {"type": "LineString", "coordinates": [[129.40557, 35.993885], [129.405986, 35.993455]]}}, {"type": "Feature", "properties": {"name": "청림남길", "osm_id": 475219560, "origin": "OBSERVED", "highway": "residential"}, "geometry": {"type": "LineString", "coordinates": [[129.405986, 35.993455], [129.406469, 35.992959], [129.406721, 35.992658], [129.406778, 35.99259], [129.407785, 35.991596]]}}, {"type": "Feature", "properties": {"name": "정몽주로848번길", "osm_id": 475219561, "origin": "OBSERVED", "highway": "residential"}, "geometry": {"type": "LineString", "coordinates": [[129.406546, 35.993788], [129.407148, 35.993511], [129.407408, 35.993366], [129.407574, 35.993177], [129.407635, 35.993107], [129.407847, 35.992824], [129.407831, 35.992327]]}}, {"type": "Feature", "properties": {"name": "정몽주로848번길", "osm_id": 475219562, "origin": "OBSERVED", "highway": "residential"}, "geometry": {"type": "LineString", "coordinates": [[129.407831, 35.992327], [129.407867, 35.991714], [129.407785, 35.991596], [129.407117, 35.991143]]}}, {"type": "Feature", "properties": {"name": "정몽주로879번길", "osm_id": 475219563, "origin": "OBSERVED", "highway": "residential"}, "geometry": {"type": "LineString", "coordinates": [[129.40491, 35.993485], [129.40406, 35.992944], [129.403929, 35.992865], [129.403294, 35.992427]]}}, {"type": "Feature", "properties": {"name": "정몽주로879번길", "osm_id": 475219564, "origin": "OBSERVED", "highway": "residential"}, "geometry": {"type": "LineString", "coordinates": [[129.403294, 35.992427], [129.402843, 35.992174], [129.402514, 35.991954]]}}, {"type": "Feature", "properties": {"name": "정몽주로879번길", "osm_id": 475219565, "origin": "OBSERVED", "highway": "residential"}, "geometry": {"type": "LineString", "coordinates": [[129.402514, 35.991954], [129.402863, 35.991542], [129.403, 35.991403]]}}, {"type": "Feature", "properties": {"name": "정몽주로", "osm_id": 475219566, "origin": "OBSERVED", "highway": "residential"}, "geometry": {"type": "LineString", "coordinates": [[129.40499, 35.989302], [129.406189, 35.989312], [129.406299, 35.989311], [129.406931, 35.989302]]}}, {"type": "Feature", "properties": {"name": "정몽주로847번길", "osm_id": 475219567, "origin": "OBSERVED", "highway": "residential"}, "geometry": {"type": "LineString", "coordinates": [[129.404689, 35.989657], [129.405482, 35.990171], [129.406299, 35.989311]]}}, {"type": "Feature", "properties": {"name": "정몽주로847번길", "osm_id": 475219568, "origin": "OBSERVED", "highway": "residential"}, "geometry": {"type": "LineString", "coordinates": [[129.405482, 35.990171], [129.404437, 35.991269]]}}, {"type": "Feature", "properties": {"name": "", "osm_id": 475219569, "origin": "OBSERVED", "highway": "residential"}, "geometry": {"type": "LineString", "coordinates": [[129.405217, 35.991733], [129.40406, 35.992944], [129.402736, 35.994291]]}}, {"type": "Feature", "properties": {"name": "", "osm_id": 475219570, "origin": "OBSERVED", "highway": "residential"}, "geometry": {"type": "LineString", "coordinates": [[129.403294, 35.992427], [129.404437, 35.991269]]}}, {"type": "Feature", "properties": {"name": "정몽주로861번길", "osm_id": 475219571, "origin": "OBSERVED", "highway": "residential"}, "geometry": {"type": "LineString", "coordinates": [[129.405217, 35.991733], [129.406042, 35.992206], [129.406721, 35.992658], [129.407574, 35.993177]]}}, {"type": "Feature", "properties": {"name": "", "osm_id": 475219572, "origin": "OBSERVED", "highway": "residential"}, "geometry": {"type": "LineString", "coordinates": [[129.405217, 35.991733], [129.406233, 35.990665], [129.406871, 35.989995], [129.407048, 35.989834], [129.407245, 35.989763]]}}, {"type": "Feature", "properties": {"name": "정몽주로847번길", "osm_id": 475219573, "origin": "OBSERVED", "highway": "residential"}, "geometry": {"type": "LineString", "coordinates": [[129.405482, 35.990171], [129.406233, 35.990665], [129.407117, 35.991143]]}}, {"type": "Feature", "properties": {"name": "", "osm_id": 475240168, "origin": "OBSERVED", "highway": "residential"}, "geometry": {"type": "LineString", "coordinates": [[129.413323, 35.994948], [129.41325, 35.994838], [129.413182, 35.994725]]}}, {"type": "Feature", "properties": {"name": "", "osm_id": 480724612, "origin": "OBSERVED", "highway": "residential"}, "geometry": {"type": "LineString", "coordinates": [[129.411361, 36.001427], [129.411968, 36.000754], [129.41279, 36.000048], [129.413075, 35.999787]]}}, {"type": "Feature", "properties": {"name": "", "osm_id": 480731762, "origin": "OBSERVED", "highway": "primary_link"}, "geometry": {"type": "LineString", "coordinates": [[129.38016, 35.979605], [129.379829, 35.979171], [129.379671, 35.979053], [129.379574, 35.978997], [129.379478, 35.978943], [129.37929, 35.978864]]}}, {"type": "Feature", "properties": {"name": "", "osm_id": 480732505, "origin": "OBSERVED", "highway": "tertiary_link"}, "geometry": {"type": "LineString", "coordinates": [[129.383795, 35.98861], [129.383941, 35.988741], [129.384057, 35.988795], [129.384166, 35.988828], [129.384276, 35.988821], [129.384467, 35.988779]]}}, {"type": "Feature", "properties": {"name": "", "osm_id": 480743942, "origin": "OBSERVED", "highway": "secondary_link"}, "geometry": {"type": "LineString", "coordinates": [[129.371039, 35.99432], [129.371078, 35.994174], [129.371087, 35.99407], [129.371078, 35.993991], [129.371033, 35.993851]]}}, {"type": "Feature", "properties": {"name": "", "osm_id": 480743943, "origin": "OBSERVED", "highway": "secondary_link"}, "geometry": {"type": "LineString", "coordinates": [[129.371626, 35.994401], [129.371426, 35.994336], [129.371254, 35.994318], [129.371132, 35.994347], [129.370929, 35.994427]]}}, {"type": "Feature", "properties": {"name": "", "osm_id": 481059856, "origin": "OBSERVED", "highway": "residential"}, "geometry": {"type": "LineString", "coordinates": [[129.414302, 35.970444], [129.4143, 35.970382], [129.414259, 35.968973]]}}, {"type": "Feature", "properties": {"name": "", "osm_id": 481059857, "origin": "OBSERVED", "highway": "residential"}, "geometry": {"type": "LineString", "coordinates": [[129.414314, 35.970887], [129.414302, 35.970444]]}}, {"type": "Feature", "properties": {"name": "동해안로", "osm_id": 481066725, "origin": "OBSERVED", "highway": "primary"}, "geometry": {"type": "LineString", "coordinates": [[129.388752, 35.997726], [129.388573, 35.997871], [129.384837, 36.000764], [129.384662, 36.0009], [129.384521, 36.001014], [129.383627, 36.001688], [129.38349, 36.001795], [129.383139, 36.002069], [129.38289, 36.002264], [129.382849, 36.002296], [129.382558, 36.002524], [129.381983, 36.002954], [129.381636, 36.003214], [129.381353, 36.003427], [129.381335, 36.003441], [129.379803, 36.004633], [129.379155, 36.005124], [129.378504, 36.005651], [129.378075, 36.006079], [129.377978, 36.006218], [129.377796, 36.006482], [129.377763, 36.006536], [129.377686, 36.006662], [129.377591, 36.006856], [129.377505, 36.007054], [129.377064, 36.00796], [129.37705, 36.007988], [129.376884, 36.008247], [129.376863, 36.008279], [129.376838, 36.008329], [129.37674, 36.008488], [129.376512, 36.008855], [129.376393, 36.009007], [129.376298, 36.009128], [129.376054, 36.009331], [129.375451, 36.009721]]}}, {"type": "Feature", "properties": {"name": "", "osm_id": 481068203, "origin": "OBSERVED", "highway": "primary_link"}, "geometry": {"type": "LineString", "coordinates": [[129.401851, 35.9936], [129.401959, 35.993564], [129.402005, 35.99351], [129.402045, 35.993447], [129.40205, 35.993393], [129.402071, 35.993301]]}}, {"type": "Feature", "properties": {"name": "", "osm_id": 481068204, "origin": "OBSERVED", "highway": "primary_link"}, "geometry": {"type": "LineString", "coordinates": [[129.399717, 35.992723], [129.399891, 35.992674], [129.40002, 35.99262], [129.400105, 35.992538], [129.400189, 35.992382]]}}, {"type": "Feature", "properties": {"name": "장흥로", "osm_id": 489771826, "origin": "OBSERVED", "highway": "primary"}, "geometry": {"type": "LineString", "coordinates": [[129.370238, 35.981891], [129.369145, 35.98043], [129.368997, 35.980194], [129.368915, 35.980027], [129.368805, 35.979713], [129.368683, 35.97924], [129.368619, 35.978765], [129.368599, 35.978621], [129.36858, 35.978075], [129.368541, 35.977795], [129.368487, 35.977581], [129.368428, 35.977458], [129.368329, 35.977311], [129.367974, 35.976824], [129.367835, 35.97667], [129.367648, 35.976545]]}}, {"type": "Feature", "properties": {"name": "제내교", "osm_id": 489771829, "origin": "OBSERVED", "highway": "primary"}, "geometry": {"type": "LineString", "coordinates": [[129.37347, 35.99611], [129.373679, 35.996307]]}}, {"type": "Feature", "properties": {"name": "대송로253번길", "osm_id": 489779022, "origin": "OBSERVED", "highway": "residential"}, "geometry": {"type": "LineString", "coordinates": [[129.37828, 36.00064], [129.378105, 36.00076], [129.374432, 36.003276], [129.371049, 36.005593]]}}, {"type": "Feature", "properties": {"name": "정몽주로", "osm_id": 489779023, "origin": "OBSERVED", "highway": "primary"}, "geometry": {"type": "LineString", "coordinates": [[129.40161, 35.94169], [129.4022, 35.94249], [129.40227, 35.94253], [129.40257, 35.94266], [129.40269, 35.9427], [129.40312, 35.94268], [129.40531, 35.94243], [129.40642, 35.94234], [129.406513, 35.942393], [129.406646, 35.942482], [129.407193, 35.943187], [129.407959, 35.944249], [129.408422, 35.944894], [129.408949, 35.945628], [129.409023, 35.945771], [129.409072, 35.945915], [129.409051, 35.946469], [129.409018, 35.947119], [129.40898, 35.947538], [129.408951, 35.947685], [129.409001, 35.947886], [129.409447, 35.948758], [129.409698, 35.949247], [129.409985, 35.949649], [129.410034, 35.949727], [129.410263, 35.950085], [129.410427, 35.950555], [129.410451, 35.950641], [129.410591, 35.951136], [129.410629, 35.951276], [129.410638, 35.951342], [129.410642, 35.951379], [129.410641, 35.951417], [129.410633, 35.951475], [129.410615, 35.951529], [129.410594, 35.951581], [129.410568, 35.951633], [129.410556, 35.95165], [129.410473, 35.951774], [129.410429, 35.951836], [129.410289, 35.952033], [129.409999, 35.952473], [129.409975, 35.952513], [129.409794, 35.95282], [129.409665, 35.953158], [129.409523, 35.953856], [129.40945, 35.954215], [129.40939, 35.954499], [129.409204, 35.955368], [129.409089, 35.955906], [129.408901, 35.956361], [129.40885, 35.95667], [129.408868, 35.956887], [129.409027, 35.957191], [129.40976, 35.95809], [129.410125, 35.958506], [129.41033, 35.95874], [129.410679, 35.95912], [129.411157, 35.959602], [129.411951, 35.960437], [129.41254, 35.96094], [129.41287, 35.961287], [129.41319, 35.96163], [129.41373, 35.9621], [129.413809, 35.962189], [129.41391, 35.962348], [129.413975, 35.962655], [129.41415, 35.963275], [129.414189, 35.963451], [129.414365, 35.964296], [129.414456, 35.964686], [129.414622, 35.965305], [129.41466, 35.965428], [129.414762, 35.965702], [129.41487, 35.96585], [129.41507, 35.96607], [129.41529, 35.966258], [129.41541, 35.96636], [129.41547, 35.96644], [129.41587, 35.96681], [129.41591, 35.967224], [129.41592, 35.96732], [129.416021, 35.968278], [129.416037, 35.968432], [129.41604, 35.96846], [129.41615, 35.96922], [129.416228, 35.969882], [129.41611, 35.97047], [129.415931, 35.970866], [129.4157, 35.97138], [129.415627, 35.971576], [129.41535, 35.97232], [129.415147, 35.972761], [129.41501, 35.97306], [129.41499, 35.97312], [129.41497, 35.97314], [129.414784, 35.973598], [129.41435, 35.97467], [129.41401, 35.97552], [129.414008, 35.975524], [129.413663, 35.976194], [129.413405, 35.976757], [129.412901, 35.977946], [129.412805, 35.97817], [129.412705, 35.978451]]}}, {"type": "Feature", "properties": {"name": "", "osm_id": 531366642, "origin": "OBSERVED", "highway": "residential"}, "geometry": {"type": "LineString", "coordinates": [[129.409638, 35.980504], [129.40856, 35.982321], [129.408145, 35.982979], [129.407117, 35.984724], [129.405693, 35.984709], [129.405567, 35.984728], [129.405539, 35.984796], [129.405533, 35.985194]]}}, {"type": "Feature", "properties": {"name": "", "osm_id": 531366643, "origin": "OBSERVED", "highway": "residential"}, "geometry": {"type": "LineString", "coordinates": [[129.405674, 35.983103], [129.40619, 35.983276], [129.406335, 35.983269], [129.40799, 35.982903], [129.408145, 35.982979]]}}, {"type": "Feature", "properties": {"name": "냉천로236번길", "osm_id": 531366644, "origin": "OBSERVED", "highway": "residential"}, "geometry": {"type": "LineString", "coordinates": [[129.400063, 35.973247], [129.400596, 35.973271], [129.402353, 35.973352], [129.404613, 35.973432], [129.406862, 35.973524], [129.408068, 35.973588], [129.408934, 35.973635]]}}, {"type": "Feature", "properties": {"name": "중원로", "osm_id": 532446830, "origin": "OBSERVED", "highway": "tertiary"}, "geometry": {"type": "LineString", "coordinates": [[129.408244, 35.976167], [129.408083, 35.976162], [129.406682, 35.976097], [129.404434, 35.975993], [129.403514, 35.975954], [129.402181, 35.975897], [129.400854, 35.97584], [129.399893, 35.975799], [129.399517, 35.975806], [129.397771, 35.975692], [129.397604, 35.975611]]}}, {"type": "Feature", "properties": {"name": "원용교", "osm_id": 532446831, "origin": "OBSERVED", "highway": "tertiary"}, "geometry": {"type": "LineString", "coordinates": [[129.40942, 35.976207], [129.408244, 35.976167]]}}, {"type": "Feature", "properties": {"name": "철강로", "osm_id": 532446832, "origin": "OBSERVED", "highway": "tertiary"}, "geometry": {"type": "LineString", "coordinates": [[129.398198, 35.970347], [129.398256, 35.970042], [129.398405, 35.969262], [129.398828, 35.967045], [129.398897, 35.966681], [129.399323, 35.964389], [129.399367, 35.964342], [129.399393, 35.964301], [129.399435, 35.964203], [129.399513, 35.963784], [129.399539, 35.96351]]}}, {"type": "Feature", "properties": {"name": "형산강남로", "osm_id": 532446838, "origin": "OBSERVED", "highway": "secondary"}, "geometry": {"type": "LineString", "coordinates": [[129.369028, 36.004404], [129.371049, 36.005593], [129.372548, 36.006662], [129.373504, 36.007472], [129.374217, 36.008132], [129.374771, 36.008688], [129.374847, 36.008764], [129.375388, 36.009429]]}}, {"type": "Feature", "properties": {"name": "", "osm_id": 532446840, "origin": "OBSERVED", "highway": "residential"}, "geometry": {"type": "LineString", "coordinates": [[129.374771, 36.008688], [129.374629, 36.008942], [129.374493, 36.009065], [129.374414, 36.009163], [129.374386, 36.009254], [129.374381, 36.009335], [129.374419, 36.009414], [129.374507, 36.009505], [129.375098, 36.010022], [129.37529, 36.010428], [129.375377, 36.010523], [129.375534, 36.010625], [129.375691, 36.010671], [129.375822, 36.010689], [129.375987, 36.010685], [129.376127, 36.01065], [129.376493, 36.01046]]}}, {"type": "Feature", "properties": {"name": "", "osm_id": 532446841, "origin": "OBSERVED", "highway": "service"}, "geometry": {"type": "LineString", "coordinates": [[129.38534, 36.027663], [129.385076, 36.027165], [129.384286, 36.025676], [129.38331, 36.023836], [129.381834, 36.021073], [129.381773, 36.02097], [129.380647, 36.019088], [129.380174, 36.018235], [129.379876, 36.017621], [129.37963, 36.017031], [129.37909, 36.015517], [129.37905, 36.015404], [129.378407, 36.013682], [129.378371, 36.013562], [129.378326, 36.013415], [129.378224, 36.013148], [129.378031, 36.012822], [129.377055, 36.011386], [129.376781, 36.011002], [129.37655, 36.010618], [129.376493, 36.01046], [129.376504, 36.010283], [129.376574, 36.010019], [129.376773, 36.00965], [129.377004, 36.009203], [129.377084, 36.009049], [129.37725, 36.008781], [129.377503, 36.008589], [129.377711, 36.008437], [129.37891, 36.007506], [129.378999, 36.007438], [129.379781, 36.006839], [129.380739, 36.006096], [129.381646, 36.005401], [129.383006, 36.004336], [129.383399, 36.004029], [129.38365, 36.003833], [129.384454, 36.003227], [129.385375, 36.002533], [129.385672, 36.00231], [129.385781, 36.002156], [129.3859, 36.001988], [129.385994, 36.001855], [129.386455, 36.001494], [129.387197, 36.000912], [129.387305, 36.000828], [129.387652, 36.000555], [129.387833, 36.000413], [129.387909, 36.000346], [129.388012, 36.000265], [129.38809, 36.000276], [129.388131, 36.000282], [129.38819, 36.000357], [129.39016, 36.002052], [129.390641, 36.002177], [129.39117, 36.002221], [129.391325, 36.002352], [129.391465, 36.002503]]}}, {"type": "Feature", "properties": {"name": "", "osm_id": 532446842, "origin": "OBSERVED", "highway": "service"}, "geometry": {"type": "LineString", "coordinates": [[129.377503, 36.008589], [129.377143, 36.008502], [129.377099, 36.008477], [129.376838, 36.008329], [129.376689, 36.008228]]}}, {"type": "Feature", "properties": {"name": "", "osm_id": 532446843, "origin": "OBSERVED", "highway": "service"}, "geometry": {"type": "LineString", "coordinates": [[129.376689, 36.008228], [129.376884, 36.008247], [129.377199, 36.008319], [129.377711, 36.008437]]}}, {"type": "Feature", "properties": {"name": "", "osm_id": 532446844, "origin": "OBSERVED", "highway": "service"}, "geometry": {"type": "LineString", "coordinates": [[129.41184, 36.003519], [129.409149, 36.005587], [129.406948, 36.007278], [129.406219, 36.007838], [129.406067, 36.007964], [129.404334, 36.00929], [129.403358, 36.010036], [129.403132, 36.010209], [129.399388, 36.013073], [129.399247, 36.013176], [129.399133, 36.013227], [129.39902, 36.013253], [129.398921, 36.01323], [129.398822, 36.013196], [129.398716, 36.013138], [129.398608, 36.01305], [129.397729, 36.012353], [129.396256, 36.011078], [129.396105, 36.010952], [129.395778, 36.010676], [129.394834, 36.009883], [129.393702, 36.008929], [129.393633, 36.008872], [129.393149, 36.008451], [129.392927, 36.008257], [129.392784, 36.008134], [129.390935, 36.006586], [129.390206, 36.005947], [129.389156, 36.005024], [129.388725, 36.004646], [129.385781, 36.002156], [129.384627, 36.001097], [129.384602, 36.001074], [129.384521, 36.001014]]}}, {"type": "Feature", "properties": {"name": "", "osm_id": 532446845, "origin": "OBSERVED", "highway": "service"}, "geometry": {"type": "LineString", "coordinates": [[129.384662, 36.0009], [129.384741, 36.000969], [129.385196, 36.00137], [129.3859, 36.001988], [129.388926, 36.004492], [129.38936, 36.004873], [129.390408, 36.005792], [129.391114, 36.006411], [129.392991, 36.008042], [129.393098, 36.008136], [129.393821, 36.008762], [129.393865, 36.008799], [129.395001, 36.009768], [129.39594, 36.010568], [129.396264, 36.010844], [129.396425, 36.010981], [129.39788, 36.012239], [129.398756, 36.012971], [129.398843, 36.013043], [129.398929, 36.01308], [129.399004, 36.013085], [129.39909, 36.013069], [129.399211, 36.013018], [129.399314, 36.012962], [129.403032, 36.010135], [129.403273, 36.009951], [129.404246, 36.009211], [129.405982, 36.007891], [129.406136, 36.007767], [129.406857, 36.007201], [129.409013, 36.00551], [129.409647, 36.005013], [129.411721, 36.003451]]}}, {"type": "Feature", "properties": {"name": "", "osm_id": 532446846, "origin": "OBSERVED", "highway": "service"}, "geometry": {"type": "LineString", "coordinates": [[129.391914, 35.995542], [129.392043, 35.995656], [129.392229, 35.99582], [129.392935, 35.99644], [129.393565, 35.997007], [129.393882, 35.997292], [129.394024, 35.99742], [129.394868, 35.998051], [129.395082, 35.99827], [129.395155, 35.998383], [129.395266, 35.998479], [129.396064, 35.999167], [129.39693, 35.999904], [129.398708, 36.001416], [129.3996, 36.002175], [129.399715, 36.002274], [129.401378, 36.003704], [129.402529, 36.004692], [129.403988, 36.005912], [129.405497, 36.007215], [129.406136, 36.007767], [129.406219, 36.007838]]}}, {"type": "Feature", "properties": {"name": "", "osm_id": 532446847, "origin": "OBSERVED", "highway": "service"}, "geometry": {"type": "LineString", "coordinates": [[129.406067, 36.007964], [129.405982, 36.007891], [129.405341, 36.007332], [129.40383, 36.006015], [129.402357, 36.004769], [129.401246, 36.003811], [129.399535, 36.002336], [129.399448, 36.002261], [129.398567, 36.001514], [129.396772, 35.999992], [129.396575, 35.999825], [129.395916, 35.999266], [129.395005, 35.99849], [129.394911, 35.99841], [129.394688, 35.99812], [129.393912, 35.997557], [129.393711, 35.997386], [129.393404, 35.997125], [129.392716, 35.996541], [129.392079, 35.995947], [129.391978, 35.995853], [129.391878, 35.995759], [129.391751, 35.995641]]}}, {"type": "Feature", "properties": {"name": "", "osm_id": 532446848, "origin": "OBSERVED", "highway": "service"}, "geometry": {"type": "LineString", "coordinates": [[129.388725, 36.004646], [129.388926, 36.004492], [129.391465, 36.002503], [129.392854, 36.001472], [129.394129, 36.000525], [129.394297, 36.000398], [129.393528, 35.999764], [129.393479, 35.999693], [129.393445, 35.999605], [129.393449, 35.999518], [129.393524, 35.999425], [129.393631, 35.999349], [129.394911, 35.99841], [129.395082, 35.99827]]}}, {"type": "Feature", "properties": {"name": "", "osm_id": 532446849, "origin": "OBSERVED", "highway": "service"}, "geometry": {"type": "LineString", "coordinates": [[129.41184, 36.003519], [129.411721, 36.003451], [129.411292, 36.003135], [129.410143, 36.002426], [129.408603, 36.00143], [129.408303, 36.001229], [129.406513, 36.000062], [129.406459, 36.000028], [129.405111, 35.999192], [129.405068, 35.999164], [129.404339, 35.998693], [129.403645, 35.998211], [129.403105, 35.997851], [129.402988, 35.997745], [129.402776, 35.997551], [129.402483, 35.997287], [129.402225, 35.997023], [129.401916, 35.996712], [129.401619, 35.996319], [129.401457, 35.996009], [129.401418, 35.995935], [129.401141, 35.995233], [129.401024, 35.994862], [129.40045, 35.993418], [129.400323, 35.993223], [129.400301, 35.993088]]}}, {"type": "Feature", "properties": {"name": "동해안로", "osm_id": 550101066, "origin": "OBSERVED", "highway": "primary"}, "geometry": {"type": "LineString", "coordinates": [[129.433537, 35.990017], [129.432964, 35.989888], [129.43231, 35.989808], [129.431929, 35.989815], [129.431545, 35.989859], [129.430718, 35.990055], [129.430256, 35.990202], [129.429265, 35.990448], [129.42906, 35.990499], [129.428735, 35.990578], [129.427585, 35.990836], [129.426333, 35.991076], [129.424347, 35.991527], [129.422025, 35.992088], [129.420336, 35.992559], [129.420084, 35.992622], [129.418944, 35.992982], [129.41863, 35.993081], [129.417271, 35.993595], [129.416392, 35.993927], [129.415324, 35.99424], [129.414392, 35.994517], [129.413662, 35.994721], [129.413623, 35.994732], [129.41325, 35.994838], [129.411853, 35.995293], [129.411276, 35.995509], [129.409842, 35.995986], [129.40959, 35.996083], [129.409402, 35.996162], [129.408319, 35.99652], [129.408019, 35.996619], [129.407929, 35.996645], [129.407451, 35.996762], [129.406925, 35.996858], [129.406392, 35.996932], [129.406094, 35.996963], [129.40568, 35.996961], [129.404994, 35.996907], [129.404711, 35.996842], [129.404339, 35.996756], [129.404056, 35.99664], [129.403364, 35.995974], [129.403135, 35.995629], [129.403064, 35.995477], [129.403016, 35.995374], [129.402887, 35.995096], [129.402695, 35.994722], [129.402424, 35.994217], [129.402256, 35.994028], [129.401952, 35.993845]]}}, {"type": "Feature", "properties": {"name": "냉천로", "osm_id": 550106354, "origin": "OBSERVED", "highway": "secondary"}, "geometry": {"type": "LineString", "coordinates": [[129.407328, 35.961972], [129.407808, 35.963121], [129.407898, 35.963336], [129.408499, 35.964709], [129.409159, 35.966269], [129.409611, 35.967339], [129.40978, 35.967749], [129.410013, 35.968313], [129.410244, 35.968871], [129.410325, 35.969165], [129.410334, 35.969337], [129.410276, 35.969675], [129.409868, 35.970872], [129.409644, 35.971531], [129.409419, 35.972198], [129.408934, 35.973635], [129.408808, 35.974011], [129.408083, 35.976162]]}}, {"type": "Feature", "properties": {"name": "철강로", "osm_id": 550106357, "origin": "OBSERVED", "highway": "primary"}, "geometry": {"type": "LineString", "coordinates": [[129.416976, 35.963082], [129.417851, 35.963557], [129.418467, 35.963841], [129.418914, 35.963971], [129.419653, 35.964063], [129.420487, 35.964019], [129.420898, 35.963923], [129.421026, 35.963879], [129.421354, 35.964433], [129.421566, 35.964792], [129.421962, 35.965584]]}}, {"type": "Feature", "properties": {"name": "신항로", "osm_id": 576817067, "origin": "OBSERVED", "highway": "tertiary"}, "geometry": {"type": "LineString", "coordinates": [[129.413246, 36.003903], [129.41353, 36.004892], [129.413658, 36.005111], [129.414377, 36.005519]]}}, {"type": "Feature", "properties": {"name": "항만교", "osm_id": 576817069, "origin": "OBSERVED", "highway": "tertiary"}, "geometry": {"type": "LineString", "coordinates": [[129.41294, 36.00262], [129.413246, 36.003903]]}}, {"type": "Feature", "properties": {"name": "신항로", "osm_id": 576817072, "origin": "OBSERVED", "highway": "residential"}, "geometry": {"type": "LineString", "coordinates": [[129.412762, 36.002261], [129.41304, 36.002401], [129.413331, 36.002505], [129.413609, 36.002539], [129.413765, 36.002505], [129.414185, 36.002298], [129.419061, 35.999727]]}}, {"type": "Feature", "properties": {"name": "", "osm_id": 642875030, "origin": "OBSERVED", "highway": "residential"}, "geometry": {"type": "LineString", "coordinates": [[129.40406, 35.96482], [129.404038, 35.965138], [129.403978, 35.966004], [129.403887, 35.967107]]}}, {"type": "Feature", "properties": {"name": "냉천로308번길", "osm_id": 642875031, "origin": "OBSERVED", "highway": "residential"}, "geometry": {"type": "LineString", "coordinates": [[129.403305, 35.967077], [129.403887, 35.967107], [129.404473, 35.967139], [129.405061, 35.96717], [129.405637, 35.967194], [129.406311, 35.967221], [129.406875, 35.967243], [129.407318, 35.96726], [129.407875, 35.967284], [129.408431, 35.967308], [129.409069, 35.967335]]}}, {"type": "Feature", "properties": {"name": "", "osm_id": 642875032, "origin": "OBSERVED", "highway": "residential"}, "geometry": {"type": "LineString", "coordinates": [[129.404551, 35.966028], [129.404473, 35.967139]]}}, {"type": "Feature", "properties": {"name": "", "osm_id": 642875033, "origin": "OBSERVED", "highway": "residential"}, "geometry": {"type": "LineString", "coordinates": [[129.405637, 35.967194], [129.405723, 35.966086]]}}, {"type": "Feature", "properties": {"name": "", "osm_id": 642875034, "origin": "OBSERVED", "highway": "residential"}, "geometry": {"type": "LineString", "coordinates": [[129.406311, 35.967221], [129.406358, 35.966548], [129.406387, 35.966123], [129.406456, 35.96514], [129.406478, 35.964786]]}}, {"type": "Feature", "properties": {"name": "", "osm_id": 642875035, "origin": "OBSERVED", "highway": "residential"}, "geometry": {"type": "LineString", "coordinates": [[129.406875, 35.967243], [129.406921, 35.966566], [129.406949, 35.966159], [129.407032, 35.96516], [129.406456, 35.96514]]}}, {"type": "Feature", "properties": {"name": "", "osm_id": 642875036, "origin": "OBSERVED", "highway": "residential"}, "geometry": {"type": "LineString", "coordinates": [[129.407875, 35.967284], [129.407923, 35.966683], [129.407959, 35.966212], [129.408012, 35.965304], [129.408026, 35.96507]]}}, {"type": "Feature", "properties": {"name": "냉천로308번길", "osm_id": 642875037, "origin": "OBSERVED", "highway": "residential"}, "geometry": {"type": "LineString", "coordinates": [[129.408431, 35.967308], [129.408478, 35.966727], [129.408443, 35.966707], [129.407923, 35.966683]]}}, {"type": "Feature", "properties": {"name": "하원로47번길", "osm_id": 642875038, "origin": "OBSERVED", "highway": "residential"}, "geometry": {"type": "LineString", "coordinates": [[129.404507, 35.974943], [129.404014, 35.974921], [129.403577, 35.974902], [129.40301, 35.974878], [129.402747, 35.974867], [129.402248, 35.974845]]}}, {"type": "Feature", "properties": {"name": "하원로36번길", "osm_id": 642875039, "origin": "OBSERVED", "highway": "residential"}, "geometry": {"type": "LineString", "coordinates": [[129.40824, 35.97401], [129.408191, 35.973995], [129.40737, 35.973959], [129.406833, 35.973936], [129.406246, 35.973911], [129.405701, 35.973889], [129.405149, 35.973866], [129.404584, 35.973842]]}}, {"type": "Feature", "properties": {"name": "", "osm_id": 642875040, "origin": "OBSERVED", "highway": "residential"}, "geometry": {"type": "LineString", "coordinates": [[129.403973, 35.975465], [129.403544, 35.975448], [129.40298, 35.975426]]}}, {"type": "Feature", "properties": {"name": "중원로", "osm_id": 642875041, "origin": "OBSERVED", "highway": "residential"}, "geometry": {"type": "LineString", "coordinates": [[129.403514, 35.975954], [129.403544, 35.975448]]}}, {"type": "Feature", "properties": {"name": "냉천로252번길", "osm_id": 642875042, "origin": "OBSERVED", "highway": "residential"}, "geometry": {"type": "LineString", "coordinates": [[129.409419, 35.972198], [129.408868, 35.972175], [129.408621, 35.972165], [129.408158, 35.972146], [129.408093, 35.972143], [129.407537, 35.972119], [129.406962, 35.972095]]}}, {"type": "Feature", "properties": {"name": "", "osm_id": 642875043, "origin": "OBSERVED", "highway": "residential"}, "geometry": {"type": "LineString", "coordinates": [[129.408158, 35.972146], [129.408068, 35.973588]]}}, {"type": "Feature", "properties": {"name": "하원로4번길", "osm_id": 642875044, "origin": "OBSERVED", "highway": "residential"}, "geometry": {"type": "LineString", "coordinates": [[129.409188, 35.971247], [129.408681, 35.971223], [129.408143, 35.971197], [129.407583, 35.97117], [129.407029, 35.971143], [129.406454, 35.971116], [129.405904, 35.971091], [129.405357, 35.971066], [129.40478, 35.97104]]}}, {"type": "Feature", "properties": {"name": "", "osm_id": 642875045, "origin": "OBSERVED", "highway": "residential"}, "geometry": {"type": "LineString", "coordinates": [[129.409575, 35.968618], [129.409433, 35.968627], [129.40934, 35.968622], [129.408938, 35.968602]]}}, {"type": "Feature", "properties": {"name": "", "osm_id": 642875046, "origin": "OBSERVED", "highway": "residential"}, "geometry": {"type": "LineString", "coordinates": [[129.40934, 35.968622], [129.409202, 35.970455]]}}, {"type": "Feature", "properties": {"name": "", "osm_id": 642875050, "origin": "OBSERVED", "highway": "residential"}, "geometry": {"type": "LineString", "coordinates": [[129.403612, 35.970981], [129.403464, 35.97296]]}}, {"type": "Feature", "properties": {"name": "", "osm_id": 642875052, "origin": "OBSERVED", "highway": "residential"}, "geometry": {"type": "LineString", "coordinates": [[129.400596, 35.973271], [129.400565, 35.973663], [129.400521, 35.974211], [129.400477, 35.974765], [129.400441, 35.975311], [129.400888, 35.975331], [129.401443, 35.975356], [129.401482, 35.974811]]}}, {"type": "Feature", "properties": {"name": "중원로", "osm_id": 642875053, "origin": "OBSERVED", "highway": "residential"}, "geometry": {"type": "LineString", "coordinates": [[129.400854, 35.97584], [129.400888, 35.975331]]}}, {"type": "Feature", "properties": {"name": "", "osm_id": 642875054, "origin": "OBSERVED", "highway": "residential"}, "geometry": {"type": "LineString", "coordinates": [[129.400521, 35.974211], [129.401796, 35.974266], [129.401839, 35.973724], [129.400565, 35.973663]]}}, {"type": "Feature", "properties": {"name": "", "osm_id": 642875056, "origin": "OBSERVED", "highway": "residential"}, "geometry": {"type": "LineString", "coordinates": [[129.40285, 35.966861], [129.400556, 35.966719]]}}, {"type": "Feature", "properties": {"name": "", "osm_id": 642878180, "origin": "OBSERVED", "highway": "residential"}, "geometry": {"type": "LineString", "coordinates": [[129.408681, 35.971223], [129.408621, 35.972165]]}}, {"type": "Feature", "properties": {"name": "", "osm_id": 642878181, "origin": "OBSERVED", "highway": "residential"}, "geometry": {"type": "LineString", "coordinates": [[129.408093, 35.972143], [129.408143, 35.971197]]}}, {"type": "Feature", "properties": {"name": "", "osm_id": 642878182, "origin": "OBSERVED", "highway": "residential"}, "geometry": {"type": "LineString", "coordinates": [[129.407583, 35.97117], [129.407537, 35.972119]]}}, {"type": "Feature", "properties": {"name": "", "osm_id": 642878183, "origin": "OBSERVED", "highway": "residential"}, "geometry": {"type": "LineString", "coordinates": [[129.406454, 35.971116], [129.406311, 35.973076]]}}, {"type": "Feature", "properties": {"name": "", "osm_id": 642878184, "origin": "OBSERVED", "highway": "residential"}, "geometry": {"type": "LineString", "coordinates": [[129.405904, 35.971091], [129.405841, 35.972018], [129.405784, 35.972871], [129.405772, 35.973052]]}}, {"type": "Feature", "properties": {"name": "", "osm_id": 642878185, "origin": "OBSERVED", "highway": "residential"}, "geometry": {"type": "LineString", "coordinates": [[129.405357, 35.971066], [129.405287, 35.971994], [129.405223, 35.972846], [129.40521, 35.973028]]}}, {"type": "Feature", "properties": {"name": "", "osm_id": 642878186, "origin": "OBSERVED", "highway": "residential"}, "geometry": {"type": "LineString", "coordinates": [[129.405149, 35.973866], [129.405031, 35.975587]]}}, {"type": "Feature", "properties": {"name": "", "osm_id": 642878187, "origin": "OBSERVED", "highway": "residential"}, "geometry": {"type": "LineString", "coordinates": [[129.405584, 35.975609], [129.405701, 35.973889]]}}, {"type": "Feature", "properties": {"name": "", "osm_id": 642878188, "origin": "OBSERVED", "highway": "residential"}, "geometry": {"type": "LineString", "coordinates": [[129.406246, 35.973911], [129.406128, 35.975631]]}}, {"type": "Feature", "properties": {"name": "", "osm_id": 642878189, "origin": "OBSERVED", "highway": "residential"}, "geometry": {"type": "LineString", "coordinates": [[129.407236, 35.975682], [129.40737, 35.973959]]}}, {"type": "Feature", "properties": {"name": "", "osm_id": 642878190, "origin": "OBSERVED", "highway": "residential"}, "geometry": {"type": "LineString", "coordinates": [[129.413501, 35.973414], [129.413289, 35.974095], [129.413946, 35.974274]]}}, {"type": "Feature", "properties": {"name": "", "osm_id": 642878191, "origin": "OBSERVED", "highway": "residential"}, "geometry": {"type": "LineString", "coordinates": [[129.41178, 35.972018], [129.41172, 35.971973], [129.411021, 35.971819]]}}, {"type": "Feature", "properties": {"name": "", "osm_id": 642878192, "origin": "OBSERVED", "highway": "residential"}, "geometry": {"type": "LineString", "coordinates": [[129.413039, 35.976194], [129.41254, 35.977328], [129.412287, 35.978056], [129.412211, 35.978276]]}}, {"type": "Feature", "properties": {"name": "", "osm_id": 642878193, "origin": "OBSERVED", "highway": "residential"}, "geometry": {"type": "LineString", "coordinates": [[129.410992, 35.980106], [129.411436, 35.979686], [129.411571, 35.979564], [129.411666, 35.979433], [129.411692, 35.979376], [129.412211, 35.978276]]}}, {"type": "Feature", "properties": {"name": "", "osm_id": 642878194, "origin": "OBSERVED", "highway": "residential"}, "geometry": {"type": "LineString", "coordinates": [[129.413826, 35.979931], [129.41284, 35.97968], [129.412242, 35.979528], [129.411692, 35.979376]]}}, {"type": "Feature", "properties": {"name": "", "osm_id": 642878195, "origin": "OBSERVED", "highway": "residential"}, "geometry": {"type": "LineString", "coordinates": [[129.414396, 35.978965], [129.414614, 35.97844], [129.414813, 35.977961], [129.415188, 35.977124]]}}, {"type": "Feature", "properties": {"name": "", "osm_id": 642878196, "origin": "OBSERVED", "highway": "service"}, "geometry": {"type": "LineString", "coordinates": [[129.414614, 35.97844], [129.414257, 35.978343], [129.413937, 35.978255], [129.413606, 35.978164], [129.412901, 35.977946]]}}, {"type": "Feature", "properties": {"name": "", "osm_id": 642878197, "origin": "OBSERVED", "highway": "service"}, "geometry": {"type": "LineString", "coordinates": [[129.41284, 35.97968], [129.413103, 35.979225], [129.413381, 35.978671], [129.413606, 35.978164], [129.413812, 35.977688]]}}, {"type": "Feature", "properties": {"name": "", "osm_id": 642878198, "origin": "OBSERVED", "highway": "service"}, "geometry": {"type": "LineString", "coordinates": [[129.413723, 35.97877], [129.413937, 35.978255], [129.414137, 35.97777]]}}, {"type": "Feature", "properties": {"name": "", "osm_id": 642878199, "origin": "OBSERVED", "highway": "service"}, "geometry": {"type": "LineString", "coordinates": [[129.414041, 35.978862], [129.414257, 35.978343], [129.414463, 35.977883]]}}, {"type": "Feature", "properties": {"name": "", "osm_id": 642878200, "origin": "OBSERVED", "highway": "residential"}, "geometry": {"type": "LineString", "coordinates": [[129.397431, 35.992147], [129.396492, 35.992147], [129.396445, 35.9921]]}}, {"type": "Feature", "properties": {"name": "", "osm_id": 642878201, "origin": "OBSERVED", "highway": "residential"}, "geometry": {"type": "LineString", "coordinates": [[129.400059, 35.992038], [129.399657, 35.992037], [129.399458, 35.992037], [129.399121, 35.992036], [129.398567, 35.992035], [129.398266, 35.992034]]}}, {"type": "Feature", "properties": {"name": "섬안로46번길", "osm_id": 643346014, "origin": "OBSERVED", "highway": "residential"}, "geometry": {"type": "LineString", "coordinates": [[129.374432, 36.003276], [129.370501, 35.999585]]}}, {"type": "Feature", "properties": {"name": "", "osm_id": 643451560, "origin": "OBSERVED", "highway": "residential"}, "geometry": {"type": "LineString", "coordinates": [[129.410802, 35.982917], [129.410883, 35.982923], [129.411209, 35.98262], [129.411287, 35.982545], [129.411387, 35.982395], [129.411565, 35.982098], [129.411661, 35.982011], [129.412073, 35.981735]]}}, {"type": "Feature", "properties": {"name": "", "osm_id": 643451564, "origin": "OBSERVED", "highway": "residential"}, "geometry": {"type": "LineString", "coordinates": [[129.380884, 35.97578], [129.37944, 35.977246], [129.379394, 35.977287], [129.379313, 35.977356], [129.379209, 35.977421], [129.379051, 35.977498], [129.378936, 35.977545], [129.378778, 35.977593], [129.378614, 35.977637], [129.378533, 35.977655], [129.378483, 35.977663], [129.378365, 35.977671], [129.376712, 35.977691]]}}, {"type": "Feature", "properties": {"name": "", "osm_id": 643451565, "origin": "OBSERVED", "highway": "residential"}, "geometry": {"type": "LineString", "coordinates": [[129.378533, 35.977655], [129.378567, 35.978817]]}}, {"type": "Feature", "properties": {"name": "", "osm_id": 643451566, "origin": "OBSERVED", "highway": "residential"}, "geometry": {"type": "LineString", "coordinates": [[129.38073, 35.978122], [129.379394, 35.977287]]}}, {"type": "Feature", "properties": {"name": "", "osm_id": 643451578, "origin": "OBSERVED", "highway": "residential"}, "geometry": {"type": "LineString", "coordinates": [[129.372176, 35.989839], [129.374564, 35.988208], [129.375816, 35.987296]]}}, {"type": "Feature", "properties": {"name": "", "osm_id": 643451579, "origin": "OBSERVED", "highway": "residential"}, "geometry": {"type": "LineString", "coordinates": [[129.387041, 35.987067], [129.383831, 35.983356], [129.383766, 35.983314], [129.383707, 35.983299], [129.383607, 35.983323], [129.382183, 35.983762]]}}, {"type": "Feature", "properties": {"name": "", "osm_id": 643455269, "origin": "OBSERVED", "highway": "residential"}, "geometry": {"type": "LineString", "coordinates": [[129.415693, 35.972876], [129.4157, 35.973774]]}}, {"type": "Feature", "properties": {"name": "", "osm_id": 643455270, "origin": "OBSERVED", "highway": "residential"}, "geometry": {"type": "LineString", "coordinates": [[129.416916, 35.972548], [129.417539, 35.972555]]}}, {"type": "Feature", "properties": {"name": "", "osm_id": 643455271, "origin": "OBSERVED", "highway": "residential"}, "geometry": {"type": "LineString", "coordinates": [[129.414802, 35.967356], [129.414867, 35.967929]]}}, {"type": "Feature", "properties": {"name": "", "osm_id": 643455272, "origin": "OBSERVED", "highway": "service"}, "geometry": {"type": "LineString", "coordinates": [[129.410821, 35.962699], [129.411027, 35.963228], [129.411403, 35.964191], [129.411795, 35.965159], [129.412172, 35.966092], [129.41255, 35.967036], [129.412742, 35.967466]]}}, {"type": "Feature", "properties": {"name": "해병로337번길", "osm_id": 643455273, "origin": "OBSERVED", "highway": "residential"}, "geometry": {"type": "LineString", "coordinates": [[129.414456, 35.964686], [129.412712, 35.96514], [129.412333, 35.965258], [129.412256, 35.965027]]}}, {"type": "Feature", "properties": {"name": "", "osm_id": 645323366, "origin": "OBSERVED", "highway": "residential"}, "geometry": {"type": "LineString", "coordinates": [[129.412617, 35.965958], [129.412989, 35.96692], [129.413137, 35.967296]]}}, {"type": "Feature", "properties": {"name": "해병로325번길", "osm_id": 645323367, "origin": "OBSERVED", "highway": "service"}, "geometry": {"type": "LineString", "coordinates": [[129.41466, 35.965428], [129.412928, 35.96589], [129.412617, 35.965958], [129.412172, 35.966092], [129.41173, 35.96621], [129.411281, 35.96633], [129.410778, 35.966465]]}}, {"type": "Feature", "properties": {"name": "해병로337번길", "osm_id": 645323369, "origin": "OBSERVED", "highway": "service"}, "geometry": {"type": "LineString", "coordinates": [[129.412256, 35.965027], [129.411795, 35.965159], [129.411359, 35.965274], [129.410902, 35.965395], [129.410399, 35.965528]]}}, {"type": "Feature", "properties": {"name": "", "osm_id": 645323371, "origin": "OBSERVED", "highway": "service"}, "geometry": {"type": "LineString", "coordinates": [[129.413372, 35.967196], [129.413254, 35.96685], [129.412928, 35.96589], [129.412712, 35.96514]]}}, {"type": "Feature", "properties": {"name": "해병로315번길", "osm_id": 645323374, "origin": "OBSERVED", "highway": "service"}, "geometry": {"type": "LineString", "coordinates": [[129.411151, 35.967402], [129.411655, 35.967274], [129.412106, 35.967159], [129.41255, 35.967036], [129.412989, 35.96692], [129.413254, 35.96685]]}}, {"type": "Feature", "properties": {"name": "", "osm_id": 645323376, "origin": "OBSERVED", "highway": "service"}, "geometry": {"type": "LineString", "coordinates": [[129.409822, 35.962646], [129.410139, 35.963465], [129.410521, 35.964438], [129.410902, 35.965395], [129.411281, 35.96633], [129.411655, 35.967274], [129.4119, 35.967823]]}}, {"type": "Feature", "properties": {"name": "", "osm_id": 645323378, "origin": "OBSERVED", "highway": "service"}, "geometry": {"type": "LineString", "coordinates": [[129.414981, 35.966631], [129.414549, 35.96686], [129.413774, 35.9673], [129.413749, 35.967317], [129.413419, 35.967494]]}}, {"type": "Feature", "properties": {"name": "", "osm_id": 645323380, "origin": "OBSERVED", "highway": "service"}, "geometry": {"type": "LineString", "coordinates": [[129.413736, 35.967305], [129.413749, 35.967317], [129.413801, 35.96741]]}}, {"type": "Feature", "properties": {"name": "", "osm_id": 645323382, "origin": "OBSERVED", "highway": "service"}, "geometry": {"type": "LineString", "coordinates": [[129.416395, 35.966053], [129.416281, 35.965132]]}}, {"type": "Feature", "properties": {"name": "정몽주로562번길", "osm_id": 645323386, "origin": "OBSERVED", "highway": "residential"}, "geometry": {"type": "LineString", "coordinates": [[129.416021, 35.968278], [129.417351, 35.968159]]}}, {"type": "Feature", "properties": {"name": "냉천로", "osm_id": 653544340, "origin": "OBSERVED", "highway": "secondary"}, "geometry": {"type": "LineString", "coordinates": [[129.408083, 35.976162], [129.407994, 35.976541], [129.406925, 35.978334], [129.406394, 35.97926], [129.405799, 35.980299], [129.405434, 35.980897], [129.40443, 35.982456], [129.403684, 35.983688], [129.403042, 35.984702], [129.402911, 35.984885], [129.402699, 35.985132]]}}, {"type": "Feature", "properties": {"name": "원동로", "osm_id": 653544341, "origin": "OBSERVED", "highway": "tertiary"}, "geometry": {"type": "LineString", "coordinates": [[129.402181, 35.975897], [129.402109, 35.977014], [129.402064, 35.97771], [129.402045, 35.978006], [129.40203, 35.978419], [129.401775, 35.980716], [129.401752, 35.980876], [129.401691, 35.981829], [129.401636, 35.982211], [129.401555, 35.982903], [129.401442, 35.983662], [129.401389, 35.983954], [129.401228, 35.985113]]}}, {"type": "Feature", "properties": {"name": "원동로230번길", "osm_id": 653544342, "origin": "OBSERVED", "highway": "residential"}, "geometry": {"type": "LineString", "coordinates": [[129.401442, 35.983662], [129.401948, 35.983674], [129.403116, 35.98367], [129.403684, 35.983688]]}}, {"type": "Feature", "properties": {"name": "북원로", "osm_id": 653544343, "origin": "OBSERVED", "highway": "residential"}, "geometry": {"type": "LineString", "coordinates": [[129.405434, 35.980897], [129.40414, 35.980819], [129.403428, 35.980786], [129.401775, 35.980716], [129.401158, 35.98068], [129.400633, 35.980653]]}}, {"type": "Feature", "properties": {"name": "북원로9번길", "osm_id": 653544344, "origin": "OBSERVED", "highway": "residential"}, "geometry": {"type": "LineString", "coordinates": [[129.404434, 35.975993], [129.404335, 35.977128], [129.404278, 35.978516], [129.404254, 35.978943], [129.404231, 35.979202], [129.404124, 35.980453], [129.40414, 35.980819]]}}, {"type": "Feature", "properties": {"name": "원동로155번길", "osm_id": 653544345, "origin": "OBSERVED", "highway": "residential"}, "geometry": {"type": "LineString", "coordinates": [[129.400854, 35.97584], [129.400824, 35.976299], [129.400758, 35.976959], [129.40139, 35.976992], [129.401567, 35.976995], [129.402109, 35.977014]]}}, {"type": "Feature", "properties": {"name": "원동로155번길", "osm_id": 653544346, "origin": "OBSERVED", "highway": "residential"}, "geometry": {"type": "LineString", "coordinates": [[129.400824, 35.976299], [129.401556, 35.976339], [129.401597, 35.976359], [129.401621, 35.976415], [129.401567, 35.976995]]}}, {"type": "Feature", "properties": {"name": "원동로156번길", "osm_id": 653544347, "origin": "OBSERVED", "highway": "residential"}, "geometry": {"type": "LineString", "coordinates": [[129.403514, 35.975954], [129.403474, 35.976428], [129.403438, 35.977092]]}}, {"type": "Feature", "properties": {"name": "원동로156번길", "osm_id": 653544348, "origin": "OBSERVED", "highway": "residential"}, "geometry": {"type": "LineString", "coordinates": [[129.402627, 35.977032], [129.402691, 35.976447], [129.402704, 35.976419], [129.402748, 35.976404], [129.403474, 35.976428], [129.403852, 35.976459], [129.403893, 35.976487], [129.403914, 35.97653], [129.403877, 35.977105]]}}, {"type": "Feature", "properties": {"name": "원동로168번길", "osm_id": 653544349, "origin": "OBSERVED", "highway": "residential"}, "geometry": {"type": "LineString", "coordinates": [[129.402045, 35.978006], [129.403359, 35.978074]]}}, {"type": "Feature", "properties": {"name": "원동로172번길", "osm_id": 653544350, "origin": "OBSERVED", "highway": "residential"}, "geometry": {"type": "LineString", "coordinates": [[129.403877, 35.977105], [129.403803, 35.978109]]}}, {"type": "Feature", "properties": {"name": "원동로168번길", "osm_id": 653544351, "origin": "OBSERVED", "highway": "residential"}, "geometry": {"type": "LineString", "coordinates": [[129.403359, 35.978074], [129.403803, 35.978109]]}}, {"type": "Feature", "properties": {"name": "원동로171번길", "osm_id": 653544352, "origin": "OBSERVED", "highway": "residential"}, "geometry": {"type": "LineString", "coordinates": [[129.40203, 35.978419], [129.401334, 35.978404], [129.400769, 35.978374], [129.400201, 35.978352]]}}, {"type": "Feature", "properties": {"name": "원동로172번길", "osm_id": 653544353, "origin": "OBSERVED", "highway": "residential"}, "geometry": {"type": "LineString", "coordinates": [[129.403803, 35.978109], [129.403824, 35.978502]]}}, {"type": "Feature", "properties": {"name": "북원로25번길", "osm_id": 653544354, "origin": "OBSERVED", "highway": "residential"}, "geometry": {"type": "LineString", "coordinates": [[129.404124, 35.980453], [129.40352, 35.980408], [129.402984, 35.980387], [129.402474, 35.980394], [129.40241, 35.98037], [129.402377, 35.980311], [129.402487, 35.978922], [129.402493, 35.978892]]}}, {"type": "Feature", "properties": {"name": "북원로25번길", "osm_id": 653544355, "origin": "OBSERVED", "highway": "residential"}, "geometry": {"type": "LineString", "coordinates": [[129.402984, 35.980387], [129.403051, 35.978892]]}}, {"type": "Feature", "properties": {"name": "북원로25번길", "osm_id": 653544356, "origin": "OBSERVED", "highway": "residential"}, "geometry": {"type": "LineString", "coordinates": [[129.40352, 35.980408], [129.403616, 35.978931]]}}, {"type": "Feature", "properties": {"name": "원동로171번길", "osm_id": 653544357, "origin": "OBSERVED", "highway": "residential"}, "geometry": {"type": "LineString", "coordinates": [[129.40139, 35.976992], [129.40137, 35.977415], [129.401334, 35.978404], [129.401158, 35.98068]]}}, {"type": "Feature", "properties": {"name": "북원로41번길", "osm_id": 653544358, "origin": "OBSERVED", "highway": "residential"}, "geometry": {"type": "LineString", "coordinates": [[129.399517, 35.975806], [129.399484, 35.976196], [129.399507, 35.97623], [129.399554, 35.976255], [129.400285, 35.976296], [129.400333, 35.976324], [129.400347, 35.976378], [129.400315, 35.976918], [129.400278, 35.977357], [129.400274, 35.977411], [129.400201, 35.978352], [129.400203, 35.978443], [129.400213, 35.978638], [129.400225, 35.978669], [129.400257, 35.978692], [129.400347, 35.978693], [129.400724, 35.978721], [129.400743, 35.978742], [129.400756, 35.978783], [129.400696, 35.979699], [129.400633, 35.980653]]}}, {"type": "Feature", "properties": {"name": "원동로155번길", "osm_id": 653544359, "origin": "OBSERVED", "highway": "residential"}, "geometry": {"type": "LineString", "coordinates": [[129.400758, 35.976959], [129.400315, 35.976918]]}}, {"type": "Feature", "properties": {"name": "북원로41번길", "osm_id": 653544360, "origin": "OBSERVED", "highway": "residential"}, "geometry": {"type": "LineString", "coordinates": [[129.400278, 35.977357], [129.400819, 35.977384], [129.40137, 35.977415]]}}, {"type": "Feature", "properties": {"name": "원동로171번길", "osm_id": 653544361, "origin": "OBSERVED", "highway": "residential"}, "geometry": {"type": "LineString", "coordinates": [[129.400769, 35.978374], [129.400819, 35.977384]]}}, {"type": "Feature", "properties": {"name": "원동로216번길", "osm_id": 653544362, "origin": "OBSERVED", "highway": "residential"}, "geometry": {"type": "LineString", "coordinates": [[129.403428, 35.980786], [129.403379, 35.981139], [129.403908, 35.98115], [129.404587, 35.9812], [129.404106, 35.982036], [129.403919, 35.982389]]}}, {"type": "Feature", "properties": {"name": "원동로216번길", "osm_id": 653544365, "origin": "OBSERVED", "highway": "residential"}, "geometry": {"type": "LineString", "coordinates": [[129.403379, 35.981139], [129.402835, 35.9811], [129.402302, 35.981087], [129.402194, 35.981919], [129.402133, 35.982252]]}}, {"type": "Feature", "properties": {"name": "원동로216번길", "osm_id": 653544367, "origin": "OBSERVED", "highway": "residential"}, "geometry": {"type": "LineString", "coordinates": [[129.403919, 35.982389], [129.403354, 35.982362], [129.402407, 35.982266], [129.402133, 35.982252], [129.401636, 35.982211]]}}, {"type": "Feature", "properties": {"name": "원동로216번길", "osm_id": 653544369, "origin": "OBSERVED", "highway": "residential"}, "geometry": {"type": "LineString", "coordinates": [[129.402194, 35.981919], [129.402593, 35.981938], [129.402764, 35.981946], [129.403332, 35.981979], [129.403829, 35.981992], [129.404106, 35.982036]]}}, {"type": "Feature", "properties": {"name": "원동로216번길", "osm_id": 653544371, "origin": "OBSERVED", "highway": "residential"}, "geometry": {"type": "LineString", "coordinates": [[129.402764, 35.981946], [129.402835, 35.9811]]}}, {"type": "Feature", "properties": {"name": "원동로216번길", "osm_id": 653544372, "origin": "OBSERVED", "highway": "residential"}, "geometry": {"type": "LineString", "coordinates": [[129.403379, 35.981139], [129.403332, 35.981979]]}}, {"type": "Feature", "properties": {"name": "원동로216번길", "osm_id": 653544374, "origin": "OBSERVED", "highway": "residential"}, "geometry": {"type": "LineString", "coordinates": [[129.403908, 35.98115], [129.403829, 35.981992]]}}, {"type": "Feature", "properties": {"name": "북원로42번길", "osm_id": 653544376, "origin": "OBSERVED", "highway": "residential"}, "geometry": {"type": "LineString", "coordinates": [[129.400633, 35.980653], [129.400547, 35.981755]]}}, {"type": "Feature", "properties": {"name": "북원로36번길", "osm_id": 653544378, "origin": "OBSERVED", "highway": "residential"}, "geometry": {"type": "LineString", "coordinates": [[129.401158, 35.98068], [129.401078, 35.981777]]}}, {"type": "Feature", "properties": {"name": "북원로36번길", "osm_id": 653544380, "origin": "OBSERVED", "highway": "residential"}, "geometry": {"type": "LineString", "coordinates": [[129.401078, 35.981777], [129.400947, 35.982892]]}}, {"type": "Feature", "properties": {"name": "북원로42번길", "osm_id": 653544382, "origin": "OBSERVED", "highway": "residential"}, "geometry": {"type": "LineString", "coordinates": [[129.400547, 35.981755], [129.400509, 35.982199], [129.400461, 35.982875]]}}, {"type": "Feature", "properties": {"name": "원동로221번길", "osm_id": 653544383, "origin": "OBSERVED", "highway": "residential"}, "geometry": {"type": "LineString", "coordinates": [[129.400947, 35.982892], [129.400788, 35.983962]]}}, {"type": "Feature", "properties": {"name": "원동로221번길", "osm_id": 653544384, "origin": "OBSERVED", "highway": "residential"}, "geometry": {"type": "LineString", "coordinates": [[129.400461, 35.982875], [129.400298, 35.983945]]}}, {"type": "Feature", "properties": {"name": "인덕로8번길", "osm_id": 653544386, "origin": "OBSERVED", "highway": "residential"}, "geometry": {"type": "LineString", "coordinates": [[129.397469, 35.985819], [129.398989, 35.985827], [129.400754, 35.985893]]}}, {"type": "Feature", "properties": {"name": "원동로221번길", "osm_id": 653544387, "origin": "OBSERVED", "highway": "residential"}, "geometry": {"type": "LineString", "coordinates": [[129.397452, 35.98507], [129.397476, 35.984374], [129.397505, 35.983752], [129.397606, 35.983567], [129.397747, 35.983491], [129.398012, 35.983441], [129.398536, 35.983429], [129.398582, 35.982816], [129.39911, 35.982839], [129.399763, 35.982858], [129.400461, 35.982875]]}}, {"type": "Feature", "properties": {"name": "원동로233번길", "osm_id": 653544388, "origin": "OBSERVED", "highway": "residential"}, "geometry": {"type": "LineString", "coordinates": [[129.399069, 35.983925], [129.39973, 35.983936], [129.400298, 35.983945]]}}, {"type": "Feature", "properties": {"name": "원동로221번길", "osm_id": 653544389, "origin": "OBSERVED", "highway": "residential"}, "geometry": {"type": "LineString", "coordinates": [[129.39973, 35.983936], [129.399763, 35.982858]]}}, {"type": "Feature", "properties": {"name": "원동로233번길", "osm_id": 653544390, "origin": "OBSERVED", "highway": "residential"}, "geometry": {"type": "LineString", "coordinates": [[129.400788, 35.983962], [129.400652, 35.984842], [129.400631, 35.984877], [129.400178, 35.984864], [129.399041, 35.984856], [129.397804, 35.984822], [129.397808, 35.984376]]}}, {"type": "Feature", "properties": {"name": "원동로221번길", "osm_id": 653544391, "origin": "OBSERVED", "highway": "residential"}, "geometry": {"type": "LineString", "coordinates": [[129.397476, 35.984374], [129.397808, 35.984376], [129.397999, 35.984373], [129.398517, 35.984383], [129.399068, 35.984388], [129.400242, 35.98442]]}}, {"type": "Feature", "properties": {"name": "원동로233번길", "osm_id": 653544392, "origin": "OBSERVED", "highway": "residential"}, "geometry": {"type": "LineString", "coordinates": [[129.400242, 35.98442], [129.400178, 35.984864]]}}, {"type": "Feature", "properties": {"name": "원동로221번길", "osm_id": 653544393, "origin": "OBSERVED", "highway": "residential"}, "geometry": {"type": "LineString", "coordinates": [[129.397999, 35.984373], [129.398012, 35.983441]]}}, {"type": "Feature", "properties": {"name": "원동로221번길", "osm_id": 653544394, "origin": "OBSERVED", "highway": "residential"}, "geometry": {"type": "LineString", "coordinates": [[129.398536, 35.983429], [129.398517, 35.984383]]}}, {"type": "Feature", "properties": {"name": "원동로221번길", "osm_id": 653544395, "origin": "OBSERVED", "highway": "residential"}, "geometry": {"type": "LineString", "coordinates": [[129.399069, 35.983925], [129.399068, 35.984388]]}}, {"type": "Feature", "properties": {"name": "원동로221번길", "osm_id": 653544396, "origin": "OBSERVED", "highway": "residential"}, "geometry": {"type": "LineString", "coordinates": [[129.399068, 35.984388], [129.399041, 35.984856]]}}, {"type": "Feature", "properties": {"name": "원동로", "osm_id": 653727307, "origin": "OBSERVED", "highway": "tertiary"}, "geometry": {"type": "LineString", "coordinates": [[129.402988, 35.962836], [129.403006, 35.963944], [129.403018, 35.964719], [129.402919, 35.96595], [129.40285, 35.966861], [129.402802, 35.967486], [129.402684, 35.969043], [129.402676, 35.969145], [129.402588, 35.970173], [129.402557, 35.970531], [129.402353, 35.973352], [129.402248, 35.974845], [129.402181, 35.975897]]}}, {"type": "Feature", "properties": {"name": "", "osm_id": 653727314, "origin": "OBSERVED", "highway": "residential"}, "geometry": {"type": "LineString", "coordinates": [[129.402799, 35.974175], [129.404062, 35.974227]]}}, {"type": "Feature", "properties": {"name": "", "osm_id": 659523247, "origin": "OBSERVED", "highway": "tertiary"}, "geometry": {"type": "LineString", "coordinates": [[129.37643, 35.993758], [129.376245, 35.993587]]}}, {"type": "Feature", "properties": {"name": "해병로", "osm_id": 660690623, "origin": "OBSERVED", "highway": "secondary"}, "geometry": {"type": "LineString", "coordinates": [[129.411788, 35.967929], [129.411734, 35.967893], [129.411369, 35.967667], [129.411278, 35.967579], [129.411176, 35.967441], [129.411151, 35.967402], [129.411131, 35.967371], [129.411076, 35.967264], [129.410778, 35.966465], [129.410399, 35.965528], [129.410015, 35.96458], [129.409618, 35.963598], [129.409228, 35.962634], [129.408884, 35.961782]]}}, {"type": "Feature", "properties": {"name": "강변교", "osm_id": 660690624, "origin": "OBSERVED", "highway": "secondary"}, "geometry": {"type": "LineString", "coordinates": [[129.412153, 35.968178], [129.411788, 35.967929]]}}, {"type": "Feature", "properties": {"name": "포은교", "osm_id": 663820660, "origin": "OBSERVED", "highway": "footway"}, "geometry": {"type": "LineString", "coordinates": [[129.410013, 35.968313], [129.410385, 35.968259], [129.411082, 35.967923], [129.411734, 35.967893]]}}, {"type": "Feature", "properties": {"name": "", "osm_id": 663823460, "origin": "OBSERVED", "highway": "residential"}, "geometry": {"type": "LineString", "coordinates": [[129.400427, 35.9685], [129.400899, 35.968528], [129.401397, 35.968561], [129.401508, 35.968564], [129.401986, 35.968593], [129.401967, 35.96882]]}}, {"type": "Feature", "properties": {"name": "", "osm_id": 663823461, "origin": "OBSERVED", "highway": "residential"}, "geometry": {"type": "LineString", "coordinates": [[129.401397, 35.968561], [129.401379, 35.968272], [129.401388, 35.968158], [129.401243, 35.968143], [129.401276, 35.967822], [129.400926, 35.96781], [129.400903, 35.968226], [129.401206, 35.968237]]}}, {"type": "Feature", "properties": {"name": "", "osm_id": 663823462, "origin": "OBSERVED", "highway": "residential"}, "geometry": {"type": "LineString", "coordinates": [[129.401276, 35.967822], [129.401809, 35.967863], [129.402047, 35.967882], [129.402028, 35.968048]]}}, {"type": "Feature", "properties": {"name": "", "osm_id": 663823463, "origin": "OBSERVED", "highway": "residential"}, "geometry": {"type": "LineString", "coordinates": [[129.401809, 35.967863], [129.401799, 35.968037]]}}, {"type": "Feature", "properties": {"name": "", "osm_id": 663823464, "origin": "OBSERVED", "highway": "residential"}, "geometry": {"type": "LineString", "coordinates": [[129.400899, 35.968528], [129.400907, 35.9684], [129.401202, 35.968426]]}}, {"type": "Feature", "properties": {"name": "", "osm_id": 663823465, "origin": "OBSERVED", "highway": "residential"}, "geometry": {"type": "LineString", "coordinates": [[129.401397, 35.968561], [129.401422, 35.968686], [129.401463, 35.968903], [129.401126, 35.968883], [129.400734, 35.968861], [129.400702, 35.969058], [129.401103, 35.969065], [129.401337, 35.969069]]}}, {"type": "Feature", "properties": {"name": "", "osm_id": 663823466, "origin": "OBSERVED", "highway": "residential"}, "geometry": {"type": "LineString", "coordinates": [[129.401103, 35.969065], [129.401126, 35.968883]]}}, {"type": "Feature", "properties": {"name": "", "osm_id": 663823467, "origin": "OBSERVED", "highway": "residential"}, "geometry": {"type": "LineString", "coordinates": [[129.401463, 35.968903], [129.401433, 35.969136], [129.401402, 35.969367], [129.400543, 35.969303]]}}, {"type": "Feature", "properties": {"name": "", "osm_id": 663823468, "origin": "OBSERVED", "highway": "residential"}, "geometry": {"type": "LineString", "coordinates": [[129.401402, 35.969367], [129.402005, 35.969417]]}}, {"type": "Feature", "properties": {"name": "", "osm_id": 663823469, "origin": "OBSERVED", "highway": "residential"}, "geometry": {"type": "LineString", "coordinates": [[129.401433, 35.969136], [129.402061, 35.969179], [129.402107, 35.969027], [129.402684, 35.969043]]}}, {"type": "Feature", "properties": {"name": "", "osm_id": 663823479, "origin": "OBSERVED", "highway": "residential"}, "geometry": {"type": "LineString", "coordinates": [[129.401379, 35.968272], [129.401558, 35.968283], [129.402037, 35.968312], [129.402009, 35.968443]]}}, {"type": "Feature", "properties": {"name": "", "osm_id": 663823480, "origin": "OBSERVED", "highway": "residential"}, "geometry": {"type": "LineString", "coordinates": [[129.401558, 35.968283], [129.401549, 35.968391], [129.40172, 35.968407]]}}, {"type": "Feature", "properties": {"name": "장기로", "osm_id": 683498635, "origin": "OBSERVED", "highway": "secondary"}, "geometry": {"type": "LineString", "coordinates": [[129.439721, 35.951349], [129.439213, 35.951338], [129.43853, 35.951378], [129.437986, 35.951438], [129.437541, 35.951532], [129.437243, 35.951607], [129.436899, 35.951767], [129.436717, 35.951839], [129.436435, 35.95202], [129.436369, 35.952097], [129.436282, 35.952217], [129.436227, 35.952346], [129.436156, 35.952462], [129.436038, 35.952663], [129.435831, 35.953045], [129.435227, 35.954129], [129.435023, 35.954479], [129.434898, 35.954658], [129.434718, 35.954899], [129.434113, 35.95562], [129.433695, 35.956061], [129.43293, 35.95691], [129.43283, 35.95701], [129.43186, 35.95763], [129.431492, 35.957876], [129.430177, 35.958685], [129.429194, 35.9592], [129.428297, 35.959737], [129.427443, 35.960264], [129.427252, 35.960378], [129.426581, 35.960777], [129.425979, 35.961156], [129.425606, 35.961391], [129.42488, 35.961835], [129.423306, 35.962797], [129.42281, 35.96311], [129.421694, 35.963662], [129.421026, 35.963879], [129.42086, 35.96403], [129.42023, 35.96441], [129.41972, 35.96468], [129.4189, 35.96503], [129.418532, 35.965122], [129.41762, 35.96527], [129.41735, 35.96537], [129.41717, 35.96545], [129.417, 35.965547], [129.416862, 35.96564], [129.416428, 35.966024], [129.416395, 35.966053], [129.416096, 35.966271], [129.416031, 35.966383], [129.416016, 35.966424], [129.41587, 35.96681]]}}, {"type": "Feature", "properties": {"name": "", "osm_id": 683501513, "origin": "OBSERVED", "highway": "tertiary"}, "geometry": {"type": "LineString", "coordinates": [[129.402699, 35.985132], [129.404389, 35.985169]]}}, {"type": "Feature", "properties": {"name": "서원재로", "osm_id": 683501514, "origin": "OBSERVED", "highway": "tertiary"}, "geometry": {"type": "LineString", "coordinates": [[129.396372, 35.985122], [129.397452, 35.98507], [129.400936, 35.985113], [129.401228, 35.985113], [129.402252, 35.985146], [129.402699, 35.985132]]}}, {"type": "Feature", "properties": {"name": "서원재터널", "osm_id": 683501515, "origin": "OBSERVED", "highway": "tertiary"}, "geometry": {"type": "LineString", "coordinates": [[129.394271, 35.985165], [129.396372, 35.985122]]}}, {"type": "Feature", "properties": {"name": "서원재로", "osm_id": 683501516, "origin": "OBSERVED", "highway": "tertiary"}, "geometry": {"type": "LineString", "coordinates": [[129.383951, 35.989297], [129.384467, 35.988779], [129.384754, 35.988491], [129.38532, 35.988038], [129.386245, 35.987493], [129.387041, 35.987067], [129.390119, 35.985419], [129.390956, 35.984992], [129.391289, 35.984908], [129.391519, 35.984912], [129.391853, 35.984917], [129.391981, 35.984937], [129.392346, 35.984992], [129.392403, 35.984999], [129.392896, 35.98505], [129.393471, 35.985074], [129.394271, 35.985165]]}}, {"type": "Feature", "properties": {"name": "", "osm_id": 699180067, "origin": "OBSERVED", "highway": "unclassified"}, "geometry": {"type": "LineString", "coordinates": [[129.410125, 35.974566], [129.409931, 35.974217]]}}, {"type": "Feature", "properties": {"name": "", "osm_id": 699180068, "origin": "OBSERVED", "highway": "unclassified"}, "geometry": {"type": "LineString", "coordinates": [[129.408808, 35.974011], [129.408945, 35.974036]]}}, {"type": "Feature", "properties": {"name": "", "osm_id": 699180069, "origin": "OBSERVED", "highway": "unclassified"}, "geometry": {"type": "LineString", "coordinates": [[129.409931, 35.974217], [129.410372, 35.973794]]}}, {"type": "Feature", "properties": {"name": "", "osm_id": 699180074, "origin": "OBSERVED", "highway": "living_street"}, "geometry": {"type": "LineString", "coordinates": [[129.410475, 35.973469], [129.411152, 35.973599], [129.411125, 35.973692]]}}, {"type": "Feature", "properties": {"name": "", "osm_id": 699180076, "origin": "OBSERVED", "highway": "living_street"}, "geometry": {"type": "LineString", "coordinates": [[129.415893, 35.975494], [129.415727, 35.975692], [129.415723, 35.9762]]}}, {"type": "Feature", "properties": {"name": "", "osm_id": 699180077, "origin": "OBSERVED", "highway": "living_street"}, "geometry": {"type": "LineString", "coordinates": [[129.415893, 35.975494], [129.416152, 35.975121], [129.41636, 35.974993]]}}, {"type": "Feature", "properties": {"name": "", "osm_id": 699180078, "origin": "OBSERVED", "highway": "living_street"}, "geometry": {"type": "LineString", "coordinates": [[129.41636, 35.974993], [129.41695, 35.97476]]}}, {"type": "Feature", "properties": {"name": "굴다리", "osm_id": 706888091, "origin": "OBSERVED", "highway": "unclassified"}, "geometry": {"type": "LineString", "coordinates": [[129.408945, 35.974036], [129.409912, 35.974214]]}}, {"type": "Feature", "properties": {"name": "", "osm_id": 834555678, "origin": "OBSERVED", "highway": "service"}, "geometry": {"type": "LineString", "coordinates": [[129.413592, 35.967133], [129.413736, 35.967305]]}}, {"type": "Feature", "properties": {"name": "", "osm_id": 834555679, "origin": "OBSERVED", "highway": "service"}, "geometry": {"type": "LineString", "coordinates": [[129.413573, 35.967105], [129.413592, 35.967133]]}}, {"type": "Feature", "properties": {"name": "청림서길22번길", "osm_id": 839151840, "origin": "OBSERVED", "highway": "residential"}, "geometry": {"type": "LineString", "coordinates": [[129.411583, 35.996039], [129.411865, 35.996436], [129.412079, 35.996771], [129.412192, 35.996934]]}}, {"type": "Feature", "properties": {"name": "청림서길22번길", "osm_id": 839151841, "origin": "OBSERVED", "highway": "service"}, "geometry": {"type": "LineString", "coordinates": [[129.413225, 35.997809], [129.413348, 35.997555], [129.41347, 35.997406], [129.413813, 35.997233], [129.41389, 35.997163], [129.414041, 35.997]]}}, {"type": "Feature", "properties": {"name": "청림로", "osm_id": 839151842, "origin": "OBSERVED", "highway": "residential"}, "geometry": {"type": "LineString", "coordinates": [[129.413323, 35.994948], [129.413412, 35.995031], [129.414384, 35.995935]]}}, {"type": "Feature", "properties": {"name": "", "osm_id": 839151843, "origin": "OBSERVED", "highway": "residential"}, "geometry": {"type": "LineString", "coordinates": [[129.414384, 35.995935], [129.413608, 35.996521]]}}, {"type": "Feature", "properties": {"name": "청림서길57번길", "osm_id": 839151844, "origin": "OBSERVED", "highway": "residential"}, "geometry": {"type": "LineString", "coordinates": [[129.4083, 35.997991], [129.408235, 35.997878], [129.407947, 35.996714], [129.407929, 35.996645], [129.40788, 35.996495]]}}, {"type": "Feature", "properties": {"name": "굴다리", "osm_id": 855833336, "origin": "OBSERVED", "highway": "unclassified"}, "geometry": {"type": "LineString", "coordinates": [[129.409912, 35.974214], [129.409931, 35.974217]]}}, {"type": "Feature", "properties": {"name": "도솔로", "osm_id": 855896553, "origin": "OBSERVED", "highway": "tertiary"}, "geometry": {"type": "LineString", "coordinates": [[129.425496, 35.962814], [129.426077, 35.963688], [129.426699, 35.964594], [129.42704, 35.964962], [129.427743, 35.965479], [129.428289, 35.965949], [129.428599, 35.9664], [129.428771, 35.966716]]}}, {"type": "Feature", "properties": {"name": "하원로25번길", "osm_id": 897317135, "origin": "OBSERVED", "highway": "residential"}, "geometry": {"type": "LineString", "coordinates": [[129.40297, 35.971905], [129.402887, 35.972939]]}}, {"type": "Feature", "properties": {"name": "하원로3번길", "osm_id": 897317136, "origin": "OBSERVED", "highway": "residential"}, "geometry": {"type": "LineString", "coordinates": [[129.403046, 35.970953], [129.40297, 35.971905]]}}, {"type": "Feature", "properties": {"name": "하원로25번길", "osm_id": 897317137, "origin": "OBSERVED", "highway": "residential"}, "geometry": {"type": "LineString", "coordinates": [[129.402887, 35.972939], [129.403464, 35.97296], [129.404643, 35.973003]]}}, {"type": "Feature", "properties": {"name": "하원로3번길", "osm_id": 897317138, "origin": "OBSERVED", "highway": "residential"}, "geometry": {"type": "LineString", "coordinates": [[129.40478, 35.97104], [129.403612, 35.970981], [129.403046, 35.970953]]}}, {"type": "Feature", "properties": {"name": "북원로9번길", "osm_id": 897317139, "origin": "OBSERVED", "highway": "residential"}, "geometry": {"type": "LineString", "coordinates": [[129.402493, 35.978892], [129.40256, 35.97887], [129.403051, 35.978892], [129.403616, 35.978931], [129.404254, 35.978943]]}}, {"type": "Feature", "properties": {"name": "원동로168번길", "osm_id": 897317140, "origin": "OBSERVED", "highway": "residential"}, "geometry": {"type": "LineString", "coordinates": [[129.403438, 35.977092], [129.403381, 35.977801], [129.403359, 35.978074]]}}, {"type": "Feature", "properties": {"name": "원동로172번길", "osm_id": 897317141, "origin": "OBSERVED", "highway": "residential"}, "geometry": {"type": "LineString", "coordinates": [[129.404278, 35.978516], [129.403824, 35.978502], [129.40203, 35.978419]]}}, {"type": "Feature", "properties": {"name": "하원로4번길", "osm_id": 897317142, "origin": "OBSERVED", "highway": "residential"}, "geometry": {"type": "LineString", "coordinates": [[129.409061, 35.971614], [129.409188, 35.971247]]}}, {"type": "Feature", "properties": {"name": "냉천로252번길", "osm_id": 897317143, "origin": "OBSERVED", "highway": "residential"}, "geometry": {"type": "LineString", "coordinates": [[129.408868, 35.972175], [129.409061, 35.971614]]}}, {"type": "Feature", "properties": {"name": "하원로26번길", "osm_id": 897317144, "origin": "OBSERVED", "highway": "residential"}, "geometry": {"type": "LineString", "coordinates": [[129.404643, 35.973003], [129.40521, 35.973028], [129.405772, 35.973052], [129.406311, 35.973076], [129.406892, 35.973101]]}}, {"type": "Feature", "properties": {"name": "", "osm_id": 897317145, "origin": "OBSERVED", "highway": "residential"}, "geometry": {"type": "LineString", "coordinates": [[129.404808, 35.970636], [129.404834, 35.970308], [129.404837, 35.970273], [129.405018, 35.968005], [129.405037, 35.967574], [129.405061, 35.96717], [129.405144, 35.966053]]}}, {"type": "Feature", "properties": {"name": "하원로47번길", "osm_id": 897317146, "origin": "OBSERVED", "highway": "residential"}, "geometry": {"type": "LineString", "coordinates": [[129.403544, 35.975448], [129.403577, 35.974902]]}}, {"type": "Feature", "properties": {"name": "하원로47번길", "osm_id": 897317147, "origin": "OBSERVED", "highway": "residential"}, "geometry": {"type": "LineString", "coordinates": [[129.40298, 35.975426], [129.40301, 35.974878]]}}, {"type": "Feature", "properties": {"name": "하원로47번길", "osm_id": 897317148, "origin": "OBSERVED", "highway": "residential"}, "geometry": {"type": "LineString", "coordinates": [[129.404014, 35.974921], [129.403973, 35.975465]]}}, {"type": "Feature", "properties": {"name": "", "osm_id": 897317149, "origin": "OBSERVED", "highway": "residential"}, "geometry": {"type": "LineString", "coordinates": [[129.404062, 35.974227], [129.404014, 35.974921]]}}, {"type": "Feature", "properties": {"name": "", "osm_id": 897317150, "origin": "OBSERVED", "highway": "residential"}, "geometry": {"type": "LineString", "coordinates": [[129.404089, 35.973825], [129.404062, 35.974227]]}}, {"type": "Feature", "properties": {"name": "원동로131번길", "osm_id": 897317151, "origin": "OBSERVED", "highway": "residential"}, "geometry": {"type": "LineString", "coordinates": [[129.402248, 35.974845], [129.401482, 35.974811], [129.400925, 35.974786], [129.400477, 35.974765], [129.399965, 35.974743]]}}, {"type": "Feature", "properties": {"name": "하원로47번길", "osm_id": 897317152, "origin": "OBSERVED", "highway": "residential"}, "geometry": {"type": "LineString", "coordinates": [[129.402799, 35.974175], [129.402747, 35.974867]]}}, {"type": "Feature", "properties": {"name": "하원로35번길", "osm_id": 897317153, "origin": "OBSERVED", "highway": "residential"}, "geometry": {"type": "LineString", "coordinates": [[129.402828, 35.973782], [129.402799, 35.974175]]}}, {"type": "Feature", "properties": {"name": "하원로35번길", "osm_id": 897317154, "origin": "OBSERVED", "highway": "residential"}, "geometry": {"type": "LineString", "coordinates": [[129.404584, 35.973842], [129.404089, 35.973825], [129.402828, 35.973782]]}}, {"type": "Feature", "properties": {"name": "", "osm_id": 897317155, "origin": "OBSERVED", "highway": "residential"}, "geometry": {"type": "LineString", "coordinates": [[129.407661, 35.975705], [129.40824, 35.97401]]}}, {"type": "Feature", "properties": {"name": "하원로54번길", "osm_id": 897317156, "origin": "OBSERVED", "highway": "residential"}, "geometry": {"type": "LineString", "coordinates": [[129.404464, 35.975564], [129.405031, 35.975587], [129.405584, 35.975609], [129.406128, 35.975631], [129.406713, 35.975654], [129.407236, 35.975682], [129.407661, 35.975705]]}}, {"type": "Feature", "properties": {"name": "원동로156번길", "osm_id": 897317157, "origin": "OBSERVED", "highway": "residential"}, "geometry": {"type": "LineString", "coordinates": [[129.402109, 35.977014], [129.402627, 35.977032], [129.403438, 35.977092], [129.403877, 35.977105], [129.404335, 35.977128]]}}, {"type": "Feature", "properties": {"name": "원동로131번길", "osm_id": 897317158, "origin": "OBSERVED", "highway": "residential"}, "geometry": {"type": "LineString", "coordinates": [[129.400888, 35.975331], [129.400925, 35.974786]]}}, {"type": "Feature", "properties": {"name": "남원로", "osm_id": 897317159, "origin": "OBSERVED", "highway": "residential"}, "geometry": {"type": "LineString", "coordinates": [[129.400063, 35.973247], [129.400146, 35.972283], [129.4002, 35.97166], [129.400306, 35.970436]]}}, {"type": "Feature", "properties": {"name": "중원로", "osm_id": 897317160, "origin": "OBSERVED", "highway": "residential"}, "geometry": {"type": "LineString", "coordinates": [[129.399893, 35.975799], [129.399965, 35.974743], [129.400063, 35.973247]]}}, {"type": "Feature", "properties": {"name": "냉천로340번길", "osm_id": 897317161, "origin": "OBSERVED", "highway": "residential"}, "geometry": {"type": "LineString", "coordinates": [[129.400636, 35.965814], [129.400748, 35.964514]]}}, {"type": "Feature", "properties": {"name": "중원로", "osm_id": 897317162, "origin": "OBSERVED", "highway": "tertiary"}, "geometry": {"type": "LineString", "coordinates": [[129.397604, 35.975611], [129.397558, 35.975493], [129.397553, 35.973579], [129.397604, 35.973209], [129.3978, 35.972244], [129.398198, 35.970347]]}}, {"type": "Feature", "properties": {"name": "냉천로340번길", "osm_id": 897317163, "origin": "OBSERVED", "highway": "residential"}, "geometry": {"type": "LineString", "coordinates": [[129.408026, 35.96507], [129.40747, 35.965071]]}}, {"type": "Feature", "properties": {"name": "냉천로308번길", "osm_id": 897317164, "origin": "OBSERVED", "highway": "residential"}, "geometry": {"type": "LineString", "coordinates": [[129.409069, 35.967335], [129.408836, 35.966776]]}}, {"type": "Feature", "properties": {"name": "냉천로308번길", "osm_id": 897317165, "origin": "OBSERVED", "highway": "residential"}, "geometry": {"type": "LineString", "coordinates": [[129.403398, 35.965975], [129.403305, 35.967077]]}}, {"type": "Feature", "properties": {"name": "냉천로320번길", "osm_id": 897317166, "origin": "OBSERVED", "highway": "residential"}, "geometry": {"type": "LineString", "coordinates": [[129.408836, 35.966776], [129.408613, 35.966241], [129.408569, 35.966131], [129.408222, 35.965255], [129.408194, 35.965183], [129.408153, 35.965094], [129.408132, 35.965077], [129.408026, 35.96507]]}}, {"type": "Feature", "properties": {"name": "냉천로320번길", "osm_id": 897317167, "origin": "OBSERVED", "highway": "residential"}, "geometry": {"type": "LineString", "coordinates": [[129.404038, 35.965138], [129.403491, 35.9651], [129.403398, 35.965975]]}}, {"type": "Feature", "properties": {"name": "정몽주로632번길", "osm_id": 897388924, "origin": "OBSERVED", "highway": "residential"}, "geometry": {"type": "LineString", "coordinates": [[129.417693, 35.974689], [129.417626, 35.974613], [129.417562, 35.974542], [129.41695, 35.97476]]}}, {"type": "Feature", "properties": {"name": "충무로66번길", "osm_id": 897388925, "origin": "OBSERVED", "highway": "residential"}, "geometry": {"type": "LineString", "coordinates": [[129.416919, 35.972141], [129.416916, 35.972548], [129.416913, 35.973147], [129.416901, 35.973785]]}}, {"type": "Feature", "properties": {"name": "동해안로", "osm_id": 897474141, "origin": "OBSERVED", "highway": "unclassified"}, "geometry": {"type": "LineString", "coordinates": [[129.395346, 35.99055], [129.395333, 35.992021], [129.395309, 35.992884]]}}, {"type": "Feature", "properties": {"name": "인덕로38번길", "osm_id": 897474142, "origin": "OBSERVED", "highway": "residential"}, "geometry": {"type": "LineString", "coordinates": [[129.399028, 35.987604], [129.398885, 35.987884]]}}, {"type": "Feature", "properties": {"name": "인덕로38번길", "osm_id": 897474143, "origin": "OBSERVED", "highway": "unclassified"}, "geometry": {"type": "LineString", "coordinates": [[129.400196, 35.988393], [129.398885, 35.987884], [129.398757, 35.987835], [129.398603, 35.987929], [129.397402, 35.988512]]}}, {"type": "Feature", "properties": {"name": "인덕로8번길", "osm_id": 897474144, "origin": "OBSERVED", "highway": "residential"}, "geometry": {"type": "LineString", "coordinates": [[129.398962, 35.986535], [129.398989, 35.985827]]}}, {"type": "Feature", "properties": {"name": "", "osm_id": 897474145, "origin": "OBSERVED", "highway": "residential"}, "geometry": {"type": "LineString", "coordinates": [[129.400217, 35.986531], [129.401012, 35.986803]]}}, {"type": "Feature", "properties": {"name": "", "osm_id": 897474146, "origin": "OBSERVED", "highway": "residential"}, "geometry": {"type": "LineString", "coordinates": [[129.399244, 35.987294], [129.399058, 35.98756], [129.399028, 35.987604]]}}, {"type": "Feature", "properties": {"name": "서원재로167번길", "osm_id": 897474147, "origin": "OBSERVED", "highway": "residential"}, "geometry": {"type": "LineString", "coordinates": [[129.400754, 35.985893], [129.400304, 35.986427], [129.400217, 35.986531]]}}, {"type": "Feature", "properties": {"name": "서원재로167번길", "osm_id": 897474148, "origin": "OBSERVED", "highway": "residential"}, "geometry": {"type": "LineString", "coordinates": [[129.400754, 35.985893], [129.401038, 35.98558], [129.400936, 35.985113]]}}, {"type": "Feature", "properties": {"name": "원동로233번길", "osm_id": 897474149, "origin": "OBSERVED", "highway": "residential"}, "geometry": {"type": "LineString", "coordinates": [[129.400242, 35.98442], [129.400298, 35.983945]]}}, {"type": "Feature", "properties": {"name": "원동로233번길", "osm_id": 897474150, "origin": "OBSERVED", "highway": "residential"}, "geometry": {"type": "LineString", "coordinates": [[129.400298, 35.983945], [129.400788, 35.983962]]}}, {"type": "Feature", "properties": {"name": "원동로221번길", "osm_id": 897474151, "origin": "OBSERVED", "highway": "residential"}, "geometry": {"type": "LineString", "coordinates": [[129.39911, 35.982839], [129.399069, 35.983925]]}}, {"type": "Feature", "properties": {"name": "원동로233번길", "osm_id": 897474152, "origin": "OBSERVED", "highway": "residential"}, "geometry": {"type": "LineString", "coordinates": [[129.400788, 35.983962], [129.401389, 35.983954]]}}, {"type": "Feature", "properties": {"name": "원동로221번길", "osm_id": 897474153, "origin": "OBSERVED", "highway": "residential"}, "geometry": {"type": "LineString", "coordinates": [[129.400461, 35.982875], [129.400947, 35.982892]]}}, {"type": "Feature", "properties": {"name": "원동로209번길", "osm_id": 897474154, "origin": "OBSERVED", "highway": "residential"}, "geometry": {"type": "LineString", "coordinates": [[129.400547, 35.981755], [129.401078, 35.981777]]}}, {"type": "Feature", "properties": {"name": "원동로221번길", "osm_id": 897474155, "origin": "OBSERVED", "highway": "residential"}, "geometry": {"type": "LineString", "coordinates": [[129.400947, 35.982892], [129.401555, 35.982903]]}}, {"type": "Feature", "properties": {"name": "원동로209번길", "osm_id": 897474156, "origin": "OBSERVED", "highway": "residential"}, "geometry": {"type": "LineString", "coordinates": [[129.401078, 35.981777], [129.401691, 35.981829]]}}, {"type": "Feature", "properties": {"name": "원동로230번길", "osm_id": 897474157, "origin": "OBSERVED", "highway": "residential"}, "geometry": {"type": "LineString", "coordinates": [[129.402133, 35.982252], [129.401948, 35.983674]]}}, {"type": "Feature", "properties": {"name": "", "osm_id": 897474158, "origin": "OBSERVED", "highway": "residential"}, "geometry": {"type": "LineString", "coordinates": [[129.40443, 35.982456], [129.403919, 35.982389]]}}, {"type": "Feature", "properties": {"name": "원동로230번길", "osm_id": 897474159, "origin": "OBSERVED", "highway": "residential"}, "geometry": {"type": "LineString", "coordinates": [[129.403919, 35.982389], [129.403116, 35.98367]]}}, {"type": "Feature", "properties": {"name": "", "osm_id": 897474160, "origin": "OBSERVED", "highway": "residential"}, "geometry": {"type": "LineString", "coordinates": [[129.40636, 35.994368], [129.406453, 35.994222], [129.406473, 35.993978], [129.406546, 35.993788]]}}, {"type": "Feature", "properties": {"name": "정몽주로879번길", "osm_id": 897474161, "origin": "OBSERVED", "highway": "residential"}, "geometry": {"type": "LineString", "coordinates": [[129.403294, 35.992427], [129.402874, 35.992895]]}}, {"type": "Feature", "properties": {"name": "해병로", "osm_id": 897474162, "origin": "OBSERVED", "highway": "residential"}, "geometry": {"type": "LineString", "coordinates": [[129.402874, 35.992895], [129.40266, 35.993134], [129.402185, 35.993614]]}}, {"type": "Feature", "properties": {"name": "해병로", "osm_id": 897474163, "origin": "OBSERVED", "highway": "residential"}, "geometry": {"type": "LineString", "coordinates": [[129.402514, 35.991954], [129.401802, 35.992635]]}}, {"type": "Feature", "properties": {"name": "정몽주로861번길", "osm_id": 897474164, "origin": "OBSERVED", "highway": "residential"}, "geometry": {"type": "LineString", "coordinates": [[129.404437, 35.991269], [129.405217, 35.991733]]}}, {"type": "Feature", "properties": {"name": "정몽주로861번길", "osm_id": 897474165, "origin": "OBSERVED", "highway": "residential"}, "geometry": {"type": "LineString", "coordinates": [[129.404437, 35.991269], [129.40363, 35.990762]]}}, {"type": "Feature", "properties": {"name": "정몽주로861번길", "osm_id": 897474166, "origin": "OBSERVED", "highway": "residential"}, "geometry": {"type": "LineString", "coordinates": [[129.403, 35.991403], [129.40363, 35.990762]]}}, {"type": "Feature", "properties": {"name": "정몽주로847번길", "osm_id": 897474167, "origin": "OBSERVED", "highway": "residential"}, "geometry": {"type": "LineString", "coordinates": [[129.40363, 35.990762], [129.403778, 35.990611], [129.404689, 35.989657]]}}, {"type": "Feature", "properties": {"name": "정몽주로847번길", "osm_id": 897474168, "origin": "OBSERVED", "highway": "residential"}, "geometry": {"type": "LineString", "coordinates": [[129.404689, 35.989657], [129.40499, 35.989302]]}}, {"type": "Feature", "properties": {"name": "", "osm_id": 897474169, "origin": "OBSERVED", "highway": "residential"}, "geometry": {"type": "LineString", "coordinates": [[129.418851, 35.994257], [129.418933, 35.994221], [129.419239, 35.99478]]}}, {"type": "Feature", "properties": {"name": "", "osm_id": 897474170, "origin": "OBSERVED", "highway": "residential"}, "geometry": {"type": "LineString", "coordinates": [[129.417583, 35.99489], [129.41742, 35.995102], [129.417334, 35.995274]]}}, {"type": "Feature", "properties": {"name": "", "osm_id": 897474171, "origin": "OBSERVED", "highway": "residential"}, "geometry": {"type": "LineString", "coordinates": [[129.414384, 35.995935], [129.414559, 35.995909], [129.415022, 35.995577]]}}, {"type": "Feature", "properties": {"name": "동해안로5932번길", "osm_id": 897474172, "origin": "OBSERVED", "highway": "residential"}, "geometry": {"type": "LineString", "coordinates": [[129.415468, 35.995368], [129.415495, 35.99547], [129.415629, 35.995655], [129.415822, 35.995644], [129.415991, 35.995639], [129.41609, 35.995618]]}}, {"type": "Feature", "properties": {"name": "동해안로5924번길", "osm_id": 897474173, "origin": "OBSERVED", "highway": "residential"}, "geometry": {"type": "LineString", "coordinates": [[129.415324, 35.99424], [129.415403, 35.994612], [129.415457, 35.994846], [129.415425, 35.995165], [129.41546, 35.995292], [129.415468, 35.995368]]}}, {"type": "Feature", "properties": {"name": "", "osm_id": 897474174, "origin": "OBSERVED", "highway": "residential"}, "geometry": {"type": "LineString", "coordinates": [[129.416146, 35.994671], [129.416026, 35.994436]]}}, {"type": "Feature", "properties": {"name": "동해안로5924번길", "osm_id": 897474175, "origin": "OBSERVED", "highway": "residential"}, "geometry": {"type": "LineString", "coordinates": [[129.415933, 35.995098], [129.415846, 35.995022], [129.41575, 35.994975], [129.415684, 35.994907], [129.415457, 35.994846]]}}, {"type": "Feature", "properties": {"name": "동해안로5932번길", "osm_id": 897474176, "origin": "OBSERVED", "highway": "residential"}, "geometry": {"type": "LineString", "coordinates": [[129.41798, 35.996171], [129.417764, 35.996021], [129.417594, 35.995954]]}}, {"type": "Feature", "properties": {"name": "청림동길", "osm_id": 897474177, "origin": "OBSERVED", "highway": "residential"}, "geometry": {"type": "LineString", "coordinates": [[129.420453, 35.993996], [129.420915, 35.993653]]}}, {"type": "Feature", "properties": {"name": "철강로", "osm_id": 931634177, "origin": "OBSERVED", "highway": "primary"}, "geometry": {"type": "LineString", "coordinates": [[129.422077, 35.965804], [129.422254, 35.966178], [129.422302, 35.966276], [129.42233, 35.966333]]}}, {"type": "Feature", "properties": {"name": "철강로", "osm_id": 931634178, "origin": "OBSERVED", "highway": "primary"}, "geometry": {"type": "LineString", "coordinates": [[129.421962, 35.965584], [129.422077, 35.965804]]}}, {"type": "Feature", "properties": {"name": "", "osm_id": 931634183, "origin": "OBSERVED", "highway": "service"}, "geometry": {"type": "LineString", "coordinates": [[129.415304, 35.963182], [129.415866, 35.96322], [129.416355, 35.963643], [129.416606, 35.96404], [129.416639, 35.964173], [129.41677, 35.96469], [129.416729, 35.964895], [129.416587, 35.965092]]}}, {"type": "Feature", "properties": {"name": "", "osm_id": 931634184, "origin": "OBSERVED", "highway": "service"}, "geometry": {"type": "LineString", "coordinates": [[129.41466, 35.965428], [129.414939, 35.965306], [129.415622, 35.965218], [129.416281, 35.965132], [129.416587, 35.965092], [129.416751, 35.96514], [129.416882, 35.965337], [129.417, 35.965547]]}}, {"type": "Feature", "properties": {"name": "", "osm_id": 931634185, "origin": "OBSERVED", "highway": "residential"}, "geometry": {"type": "LineString", "coordinates": [[129.412617, 35.965958], [129.412333, 35.965258]]}}, {"type": "Feature", "properties": {"name": "", "osm_id": 931634186, "origin": "OBSERVED", "highway": "service"}, "geometry": {"type": "LineString", "coordinates": [[129.421354, 35.964433], [129.420931, 35.964438], [129.420692, 35.964468], [129.420397, 35.964601], [129.42012, 35.964901], [129.418599, 35.965676], [129.418488, 35.965732]]}}, {"type": "Feature", "properties": {"name": "", "osm_id": 931634187, "origin": "OBSERVED", "highway": "service"}, "geometry": {"type": "LineString", "coordinates": [[129.420257, 35.966063], [129.420203, 35.965772], [129.420128, 35.965372], [129.42012, 35.964901]]}}, {"type": "Feature", "properties": {"name": "", "osm_id": 931634188, "origin": "OBSERVED", "highway": "service"}, "geometry": {"type": "LineString", "coordinates": [[129.420257, 35.966063], [129.418697, 35.966212], [129.418388, 35.966015], [129.418413, 35.965944], [129.418488, 35.965732]]}}, {"type": "Feature", "properties": {"name": "장기로1690번길", "osm_id": 931634189, "origin": "OBSERVED", "highway": "service"}, "geometry": {"type": "LineString", "coordinates": [[129.416428, 35.966024], [129.416564, 35.966094], [129.416909, 35.966025], [129.417513, 35.966002], [129.418413, 35.965944], [129.418889, 35.965936], [129.420203, 35.965772]]}}, {"type": "Feature", "properties": {"name": "", "osm_id": 931634190, "origin": "OBSERVED", "highway": "service"}, "geometry": {"type": "LineString", "coordinates": [[129.418599, 35.965676], [129.41857, 35.965541], [129.418515, 35.965433], [129.418564, 35.965286], [129.418532, 35.965122]]}}, {"type": "Feature", "properties": {"name": "", "osm_id": 954465289, "origin": "OBSERVED", "highway": "residential"}, "geometry": {"type": "LineString", "coordinates": [[129.424293, 35.991414], [129.424347, 35.991527], [129.426369, 35.994523], [129.426618, 35.99489], [129.426698, 35.995009], [129.426984, 35.995433], [129.427161, 35.995695], [129.427571, 35.996303], [129.427735, 35.996545]]}}, {"type": "Feature", "properties": {"name": "", "osm_id": 954465300, "origin": "OBSERVED", "highway": "service"}, "geometry": {"type": "LineString", "coordinates": [[129.40499, 35.989302], [129.402091, 35.989314]]}}, {"type": "Feature", "properties": {"name": "", "osm_id": 954465301, "origin": "OBSERVED", "highway": "tertiary"}, "geometry": {"type": "LineString", "coordinates": [[129.404389, 35.985169], [129.405533, 35.985194], [129.409385, 35.98528]]}}, {"type": "Feature", "properties": {"name": "", "osm_id": 954465302, "origin": "OBSERVED", "highway": "residential"}, "geometry": {"type": "LineString", "coordinates": [[129.408452, 35.978539], [129.41011, 35.978951], [129.410604, 35.979073]]}}, {"type": "Feature", "properties": {"name": "", "osm_id": 954465303, "origin": "OBSERVED", "highway": "service"}, "geometry": {"type": "LineString", "coordinates": [[129.410033, 35.980653], [129.410292, 35.979833], [129.410604, 35.979073], [129.411043, 35.978008], [129.411211, 35.977553], [129.411196, 35.977227], [129.411145, 35.977045], [129.411466, 35.976203]]}}, {"type": "Feature", "properties": {"name": "", "osm_id": 954465304, "origin": "OBSERVED", "highway": "service"}, "geometry": {"type": "LineString", "coordinates": [[129.41011, 35.978951], [129.410537, 35.977525], [129.410782, 35.976847], [129.409516, 35.976492]]}}, {"type": "Feature", "properties": {"name": "정몽주로", "osm_id": 954465305, "origin": "OBSERVED", "highway": "primary"}, "geometry": {"type": "LineString", "coordinates": [[129.412705, 35.978451], [129.41225, 35.97951], [129.412242, 35.979528], [129.411509, 35.98121], [129.41147, 35.9813], [129.41087, 35.98275], [129.410802, 35.982917], [129.41062, 35.98336], [129.410606, 35.983386], [129.4103, 35.98398], [129.40955, 35.98505], [129.409385, 35.98528], [129.40899, 35.98583], [129.408854, 35.985928], [129.40866, 35.986049], [129.408243, 35.986247], [129.407666, 35.986584], [129.407074, 35.986867], [129.40663, 35.987001], [129.406297, 35.987168], [129.406171, 35.987277], [129.406081, 35.987405], [129.406, 35.987603], [129.405979, 35.987842], [129.406021, 35.98804], [129.406468, 35.988625], [129.406702, 35.988974], [129.406931, 35.989302], [129.40708, 35.9895], [129.407245, 35.989763], [129.40752, 35.9902], [129.40767, 35.99051], [129.40765, 35.99056], [129.407634, 35.990611], [129.407287, 35.990978], [129.407117, 35.991143], [129.407041, 35.991232], [129.406553, 35.991726], [129.406042, 35.992206], [129.40491, 35.993485], [129.40371, 35.99473], [129.403371, 35.995069], [129.40336, 35.99508], [129.403195, 35.995237], [129.403095, 35.995314], [129.403016, 35.995374]]}}, {"type": "Feature", "properties": {"name": "", "osm_id": 954465306, "origin": "OBSERVED", "highway": "residential"}, "geometry": {"type": "LineString", "coordinates": [[129.412705, 35.978451], [129.413381, 35.978671], [129.413723, 35.97877], [129.414041, 35.978862], [129.414396, 35.978965], [129.414729, 35.979061]]}}, {"type": "Feature", "properties": {"name": "", "osm_id": 954465307, "origin": "OBSERVED", "highway": "service"}, "geometry": {"type": "LineString", "coordinates": [[129.412705, 35.978451], [129.412211, 35.978276]]}}, {"type": "Feature", "properties": {"name": "", "osm_id": 954465308, "origin": "OBSERVED", "highway": "service"}, "geometry": {"type": "LineString", "coordinates": [[129.412287, 35.978056], [129.412089, 35.977376], [129.412023, 35.976612], [129.412022, 35.9762]]}}, {"type": "Feature", "properties": {"name": "", "osm_id": 954465309, "origin": "OBSERVED", "highway": "service"}, "geometry": {"type": "LineString", "coordinates": [[129.413289, 35.974095], [129.413037, 35.9749], [129.412849, 35.975501], [129.413406, 35.975498]]}}, {"type": "Feature", "properties": {"name": "", "osm_id": 954465310, "origin": "OBSERVED", "highway": "service"}, "geometry": {"type": "LineString", "coordinates": [[129.413607, 35.97503], [129.413037, 35.9749], [129.411691, 35.974584]]}}, {"type": "Feature", "properties": {"name": "동해안로", "osm_id": 954465312, "origin": "OBSERVED", "highway": "primary"}, "geometry": {"type": "LineString", "coordinates": [[129.388504, 35.997693], [129.390566, 35.996356], [129.391581, 35.995744], [129.391751, 35.995641], [129.391914, 35.995542], [129.392048, 35.995461], [129.392242, 35.995303], [129.393436, 35.994126], [129.393953, 35.993592], [129.394266, 35.993345], [129.394537, 35.99318], [129.394829, 35.993043], [129.395309, 35.992884], [129.39576, 35.992778], [129.396417, 35.99271], [129.39666, 35.9927], [129.397226, 35.992678], [129.397439, 35.992669], [129.397598, 35.99266], [129.398606, 35.992617], [129.399269, 35.992632], [129.399717, 35.992723], [129.400134, 35.992878], [129.400166, 35.99289], [129.40037, 35.992953], [129.400752, 35.993111]]}}, {"type": "Feature", "properties": {"name": "냉천교", "osm_id": 954465313, "origin": "OBSERVED", "highway": "primary"}, "geometry": {"type": "LineString", "coordinates": [[129.400752, 35.993111], [129.401851, 35.9936]]}}, {"type": "Feature", "properties": {"name": "동해안로", "osm_id": 954465314, "origin": "OBSERVED", "highway": "primary"}, "geometry": {"type": "LineString", "coordinates": [[129.400565, 35.993211], [129.400327, 35.993103], [129.400301, 35.993088], [129.399925, 35.99298], [129.399647, 35.992883], [129.399402, 35.992832], [129.39874, 35.992791], [129.397774, 35.992815], [129.397693, 35.992815], [129.397565, 35.992817], [129.397448, 35.992821], [129.396535, 35.992856], [129.395931, 35.992906], [129.395394, 35.992998], [129.394974, 35.993135], [129.394724, 35.993253], [129.394445, 35.993415], [129.394121, 35.993642], [129.393794, 35.99397], [129.393572, 35.994202], [129.393207, 35.994617], [129.392678, 35.995133], [129.392376, 35.995425], [129.392251, 35.995511], [129.392043, 35.995656], [129.391878, 35.995759], [129.390759, 35.996463], [129.388752, 35.997726]]}}, {"type": "Feature", "properties": {"name": "냉천교", "osm_id": 954465315, "origin": "OBSERVED", "highway": "primary"}, "geometry": {"type": "LineString", "coordinates": [[129.401952, 35.993845], [129.400619, 35.993236], [129.400565, 35.993211]]}}, {"type": "Feature", "properties": {"name": "", "osm_id": 989914207, "origin": "OBSERVED", "highway": "residential"}, "geometry": {"type": "LineString", "coordinates": [[129.414457, 35.997369], [129.415266, 35.996641]]}}, {"type": "Feature", "properties": {"name": "", "osm_id": 989914208, "origin": "OBSERVED", "highway": "service"}, "geometry": {"type": "LineString", "coordinates": [[129.414041, 35.997], [129.414431, 35.996868], [129.414607, 35.996847], [129.415102, 35.99651]]}}, {"type": "Feature", "properties": {"name": "", "osm_id": 989914209, "origin": "OBSERVED", "highway": "residential"}, "geometry": {"type": "LineString", "coordinates": [[129.412079, 35.996771], [129.413248, 35.996091]]}}, {"type": "Feature", "properties": {"name": "", "osm_id": 989914210, "origin": "OBSERVED", "highway": "residential"}, "geometry": {"type": "LineString", "coordinates": [[129.417456, 35.994013], [129.417271, 35.993595]]}}, {"type": "Feature", "properties": {"name": "", "osm_id": 996515171, "origin": "OBSERVED", "highway": "residential"}, "geometry": {"type": "LineString", "coordinates": [[129.414377, 36.005519], [129.41444, 36.005562], [129.416545, 36.006989], [129.417381, 36.007535], [129.418765, 36.00844], [129.420224, 36.009394], [129.420048, 36.009596], [129.418544, 36.010696], [129.417793, 36.011406]]}}, {"type": "Feature", "properties": {"name": "", "osm_id": 996515172, "origin": "OBSERVED", "highway": "residential"}, "geometry": {"type": "LineString", "coordinates": [[129.417793, 36.011406], [129.42129, 36.011768], [129.422156, 36.011827], [129.422928, 36.011879], [129.422885, 36.011289], [129.422777, 36.011138], [129.420224, 36.009394]]}}, {"type": "Feature", "properties": {"name": "", "osm_id": 996515189, "origin": "OBSERVED", "highway": "residential"}, "geometry": {"type": "LineString", "coordinates": [[129.406857, 36.007201], [129.406948, 36.007278], [129.407603, 36.007804], [129.408345, 36.0084], [129.408679, 36.008668], [129.411057, 36.010718]]}}, {"type": "Feature", "properties": {"name": "", "osm_id": 996515190, "origin": "OBSERVED", "highway": "residential"}, "geometry": {"type": "LineString", "coordinates": [[129.408345, 36.0084], [129.407859, 36.008151], [129.407558, 36.008074], [129.407493, 36.008078], [129.407168, 36.008099], [129.406841, 36.008214], [129.406538, 36.008408], [129.405812, 36.008994], [129.403591, 36.010695], [129.403233, 36.010968], [129.402555, 36.011461]]}}, {"type": "Feature", "properties": {"name": "", "osm_id": 996515943, "origin": "OBSERVED", "highway": "residential"}, "geometry": {"type": "LineString", "coordinates": [[129.374432, 36.003276], [129.374528, 36.003365], [129.37477, 36.003589], [129.375024, 36.003824], [129.375664, 36.004439], [129.375703, 36.004476], [129.376507, 36.005293], [129.37678, 36.00557], [129.377306, 36.006103], [129.377509, 36.00632], [129.377544, 36.006358], [129.377632, 36.006452], [129.377763, 36.006536]]}}, {"type": "Feature", "properties": {"name": "", "osm_id": 996515944, "origin": "OBSERVED", "highway": "residential"}, "geometry": {"type": "LineString", "coordinates": [[129.376507, 36.005293], [129.376281, 36.005463], [129.374823, 36.00652]]}}, {"type": "Feature", "properties": {"name": "", "osm_id": 996515945, "origin": "OBSERVED", "highway": "residential"}, "geometry": {"type": "LineString", "coordinates": [[129.375664, 36.004439], [129.375346, 36.004654], [129.374841, 36.005017]]}}, {"type": "Feature", "properties": {"name": "", "osm_id": 996515946, "origin": "OBSERVED", "highway": "residential"}, "geometry": {"type": "LineString", "coordinates": [[129.37477, 36.003589], [129.37417, 36.004051], [129.374394, 36.004249], [129.374448, 36.004292], [129.374548, 36.004371]]}}, {"type": "Feature", "properties": {"name": "", "osm_id": 996515947, "origin": "OBSERVED", "highway": "residential"}, "geometry": {"type": "LineString", "coordinates": [[129.374448, 36.004292], [129.374179, 36.00451]]}}, {"type": "Feature", "properties": {"name": "", "osm_id": 996515948, "origin": "OBSERVED", "highway": "residential"}, "geometry": {"type": "LineString", "coordinates": [[129.377306, 36.006103], [129.37707, 36.006177], [129.377016, 36.006194], [129.37666, 36.006433], [129.376763, 36.006527], [129.376951, 36.006759], [129.37705, 36.006732], [129.377063, 36.006361], [129.37707, 36.006177]]}}, {"type": "Feature", "properties": {"name": "", "osm_id": 996515949, "origin": "OBSERVED", "highway": "residential"}, "geometry": {"type": "LineString", "coordinates": [[129.376763, 36.006527], [129.377063, 36.006361]]}}, {"type": "Feature", "properties": {"name": "", "osm_id": 996515950, "origin": "OBSERVED", "highway": "service"}, "geometry": {"type": "LineString", "coordinates": [[129.385196, 36.00137], [129.385487, 36.00117], [129.385662, 36.001051], [129.386279, 36.000563]]}}, {"type": "Feature", "properties": {"name": "", "osm_id": 996515951, "origin": "OBSERVED", "highway": "service"}, "geometry": {"type": "LineString", "coordinates": [[129.385487, 36.00117], [129.385207, 36.000919], [129.38517, 36.000847], [129.385178, 36.000785]]}}, {"type": "Feature", "properties": {"name": "", "osm_id": 996515952, "origin": "OBSERVED", "highway": "service"}, "geometry": {"type": "LineString", "coordinates": [[129.387652, 36.000555], [129.386909, 35.99989], [129.387353, 35.999517]]}}, {"type": "Feature", "properties": {"name": "", "osm_id": 996515953, "origin": "OBSERVED", "highway": "service"}, "geometry": {"type": "LineString", "coordinates": [[129.387197, 36.000912], [129.387703, 36.00133], [129.38709, 36.001788], [129.386906, 36.001826], [129.386455, 36.001494]]}}, {"type": "Feature", "properties": {"name": "", "osm_id": 996515954, "origin": "OBSERVED", "highway": "service"}, "geometry": {"type": "LineString", "coordinates": [[129.387305, 36.000828], [129.387739, 36.001169]]}}, {"type": "Feature", "properties": {"name": "", "osm_id": 996515955, "origin": "OBSERVED", "highway": "residential"}, "geometry": {"type": "LineString", "coordinates": [[129.398266, 35.992034], [129.39826, 35.992171]]}}, {"type": "Feature", "properties": {"name": "", "osm_id": 996515956, "origin": "OBSERVED", "highway": "residential"}, "geometry": {"type": "LineString", "coordinates": [[129.39826, 35.992171], [129.398271, 35.992236], [129.398273, 35.992385], [129.398082, 35.992398], [129.398062, 35.99234], [129.398062, 35.992182], [129.39826, 35.992171]]}}, {"type": "Feature", "properties": {"name": "", "osm_id": 996515957, "origin": "OBSERVED", "highway": "residential"}, "geometry": {"type": "LineString", "coordinates": [[129.398062, 35.992182], [129.397646, 35.992184]]}}, {"type": "Feature", "properties": {"name": "", "osm_id": 996515958, "origin": "OBSERVED", "highway": "residential"}, "geometry": {"type": "LineString", "coordinates": [[129.399657, 35.992037], [129.399644, 35.992369], [129.399476, 35.992378], [129.399458, 35.992037]]}}, {"type": "Feature", "properties": {"name": "", "osm_id": 996515959, "origin": "OBSERVED", "highway": "residential"}, "geometry": {"type": "LineString", "coordinates": [[129.398266, 35.992034], [129.398267, 35.991315], [129.398267, 35.991295], [129.398252, 35.990799], [129.398249, 35.990729], [129.39828, 35.990658], [129.398342, 35.990632], [129.398668, 35.99063], [129.398758, 35.99063], [129.399701, 35.990632]]}}, {"type": "Feature", "properties": {"name": "", "osm_id": 996515960, "origin": "OBSERVED", "highway": "residential"}, "geometry": {"type": "LineString", "coordinates": [[129.399121, 35.992036], [129.399121, 35.992165]]}}, {"type": "Feature", "properties": {"name": "", "osm_id": 996515961, "origin": "OBSERVED", "highway": "residential"}, "geometry": {"type": "LineString", "coordinates": [[129.398569, 35.992175], [129.398567, 35.992035]]}}, {"type": "Feature", "properties": {"name": "", "osm_id": 996515962, "origin": "OBSERVED", "highway": "residential"}, "geometry": {"type": "LineString", "coordinates": [[129.398569, 35.992175], [129.398758, 35.992171], [129.398934, 35.992168], [129.399121, 35.992165], [129.399299, 35.992179], [129.399301, 35.992298], [129.399282, 35.992382], [129.399115, 35.992386], [129.398936, 35.99239], [129.398756, 35.992395], [129.398595, 35.992399], [129.398563, 35.992364], [129.398569, 35.992175]]}}, {"type": "Feature", "properties": {"name": "", "osm_id": 996515963, "origin": "OBSERVED", "highway": "residential"}, "geometry": {"type": "LineString", "coordinates": [[129.399115, 35.992386], [129.399121, 35.992165]]}}, {"type": "Feature", "properties": {"name": "", "osm_id": 996515964, "origin": "OBSERVED", "highway": "residential"}, "geometry": {"type": "LineString", "coordinates": [[129.398936, 35.99239], [129.398934, 35.992168]]}}, {"type": "Feature", "properties": {"name": "", "osm_id": 996515965, "origin": "OBSERVED", "highway": "residential"}, "geometry": {"type": "LineString", "coordinates": [[129.398756, 35.992395], [129.398758, 35.992171]]}}, {"type": "Feature", "properties": {"name": "", "osm_id": 996515966, "origin": "OBSERVED", "highway": "residential"}, "geometry": {"type": "LineString", "coordinates": [[129.398758, 35.99063], [129.398769, 35.990738], [129.399009, 35.990757], [129.399335, 35.990765], [129.399357, 35.990817]]}}, {"type": "Feature", "properties": {"name": "", "osm_id": 996515967, "origin": "OBSERVED", "highway": "residential"}, "geometry": {"type": "LineString", "coordinates": [[129.397983, 35.992033], [129.397986, 35.991873]]}}, {"type": "Feature", "properties": {"name": "", "osm_id": 996515968, "origin": "OBSERVED", "highway": "residential"}, "geometry": {"type": "LineString", "coordinates": [[129.397983, 35.992033], [129.397429, 35.992032]]}}, {"type": "Feature", "properties": {"name": "", "osm_id": 996515969, "origin": "OBSERVED", "highway": "residential"}, "geometry": {"type": "LineString", "coordinates": [[129.398266, 35.992034], [129.397983, 35.992033]]}}, {"type": "Feature", "properties": {"name": "", "osm_id": 996515970, "origin": "OBSERVED", "highway": "residential"}, "geometry": {"type": "LineString", "coordinates": [[129.398267, 35.991315], [129.398149, 35.991324], [129.398157, 35.991857], [129.397986, 35.991873]]}}, {"type": "Feature", "properties": {"name": "", "osm_id": 996515971, "origin": "OBSERVED", "highway": "residential"}, "geometry": {"type": "LineString", "coordinates": [[129.398149, 35.991324], [129.397976, 35.991327], [129.397798, 35.99133], [129.397632, 35.991332], [129.397619, 35.991864], [129.397802, 35.991869], [129.397986, 35.991873]]}}, {"type": "Feature", "properties": {"name": "", "osm_id": 996515972, "origin": "OBSERVED", "highway": "residential"}, "geometry": {"type": "LineString", "coordinates": [[129.398149, 35.991324], [129.398137, 35.990781], [129.398144, 35.990699], [129.398122, 35.990665], [129.397976, 35.990657], [129.397796, 35.990655], [129.397745, 35.990655], [129.397648, 35.990652], [129.397615, 35.990673], [129.397632, 35.991332]]}}, {"type": "Feature", "properties": {"name": "", "osm_id": 996515973, "origin": "OBSERVED", "highway": "residential"}, "geometry": {"type": "LineString", "coordinates": [[129.397798, 35.99133], [129.397802, 35.991869]]}}, {"type": "Feature", "properties": {"name": "", "osm_id": 996515974, "origin": "OBSERVED", "highway": "residential"}, "geometry": {"type": "LineString", "coordinates": [[129.397976, 35.991327], [129.397986, 35.991873]]}}, {"type": "Feature", "properties": {"name": "", "osm_id": 996515975, "origin": "OBSERVED", "highway": "residential"}, "geometry": {"type": "LineString", "coordinates": [[129.397796, 35.990655], [129.397798, 35.99133]]}}, {"type": "Feature", "properties": {"name": "", "osm_id": 996515976, "origin": "OBSERVED", "highway": "residential"}, "geometry": {"type": "LineString", "coordinates": [[129.397976, 35.990657], [129.397976, 35.991327]]}}, {"type": "Feature", "properties": {"name": "", "osm_id": 996515977, "origin": "OBSERVED", "highway": "residential"}, "geometry": {"type": "LineString", "coordinates": [[129.398252, 35.990799], [129.398515, 35.990843], [129.399038, 35.990894], [129.399348, 35.990898], [129.399341, 35.991006]]}}, {"type": "Feature", "properties": {"name": "", "osm_id": 996515978, "origin": "OBSERVED", "highway": "residential"}, "geometry": {"type": "LineString", "coordinates": [[129.399341, 35.991006], [129.399342, 35.991023], [129.399355, 35.991156], [129.399361, 35.991213], [129.39945, 35.99121], [129.399478, 35.991714], [129.399458, 35.992037]]}}, {"type": "Feature", "properties": {"name": "", "osm_id": 996515979, "origin": "OBSERVED", "highway": "residential"}, "geometry": {"type": "LineString", "coordinates": [[129.399342, 35.991023], [129.39868, 35.991009], [129.398614, 35.991015], [129.398583, 35.991034], [129.398578, 35.991153], [129.398572, 35.991282], [129.39857, 35.99134], [129.398575, 35.991433], [129.398582, 35.99155], [129.398583, 35.991576], [129.398588, 35.991741], [129.399272, 35.991739], [129.399284, 35.991582], [129.399296, 35.991431], [129.399307, 35.991294], [129.399312, 35.991235], [129.399361, 35.991213]]}}, {"type": "Feature", "properties": {"name": "", "osm_id": 996515980, "origin": "OBSERVED", "highway": "residential"}, "geometry": {"type": "LineString", "coordinates": [[129.398578, 35.991153], [129.399355, 35.991156]]}}, {"type": "Feature", "properties": {"name": "", "osm_id": 996515981, "origin": "OBSERVED", "highway": "residential"}, "geometry": {"type": "LineString", "coordinates": [[129.398583, 35.991576], [129.399284, 35.991582]]}}, {"type": "Feature", "properties": {"name": "", "osm_id": 996515982, "origin": "OBSERVED", "highway": "residential"}, "geometry": {"type": "LineString", "coordinates": [[129.398575, 35.991433], [129.399296, 35.991431]]}}, {"type": "Feature", "properties": {"name": "", "osm_id": 996515983, "origin": "OBSERVED", "highway": "residential"}, "geometry": {"type": "LineString", "coordinates": [[129.398572, 35.991282], [129.399307, 35.991294]]}}, {"type": "Feature", "properties": {"name": "", "osm_id": 996515985, "origin": "OBSERVED", "highway": "residential"}, "geometry": {"type": "LineString", "coordinates": [[129.396445, 35.9921], [129.395557, 35.992096], [129.395554, 35.992022]]}}, {"type": "Feature", "properties": {"name": "", "osm_id": 996515986, "origin": "OBSERVED", "highway": "residential"}, "geometry": {"type": "LineString", "coordinates": [[129.395554, 35.992022], [129.395333, 35.992021]]}}, {"type": "Feature", "properties": {"name": "", "osm_id": 996515987, "origin": "OBSERVED", "highway": "residential"}, "geometry": {"type": "LineString", "coordinates": [[129.395554, 35.992022], [129.396372, 35.992026], [129.396445, 35.9921]]}}, {"type": "Feature", "properties": {"name": "", "osm_id": 996515988, "origin": "OBSERVED", "highway": "residential"}, "geometry": {"type": "LineString", "coordinates": [[129.397435, 35.992402], [129.396685, 35.99241]]}}, {"type": "Feature", "properties": {"name": "인덕로", "osm_id": 996515989, "origin": "OBSERVED", "highway": "tertiary"}, "geometry": {"type": "LineString", "coordinates": [[129.397448, 35.992821], [129.397443, 35.992739], [129.397439, 35.992669]]}}, {"type": "Feature", "properties": {"name": "", "osm_id": 996515990, "origin": "OBSERVED", "highway": "residential"}, "geometry": {"type": "LineString", "coordinates": [[129.39666, 35.9927], [129.396672, 35.992563], [129.396685, 35.99241], [129.396683, 35.992244]]}}, {"type": "Feature", "properties": {"name": "", "osm_id": 996515991, "origin": "OBSERVED", "highway": "residential"}, "geometry": {"type": "LineString", "coordinates": [[129.396672, 35.992563], [129.395956, 35.992533], [129.395728, 35.992537], [129.39554, 35.992541]]}}, {"type": "Feature", "properties": {"name": "냉천로", "osm_id": 996517400, "origin": "OBSERVED", "highway": "tertiary"}, "geometry": {"type": "LineString", "coordinates": [[129.40037, 35.992953], [129.400301, 35.993088]]}}, {"type": "Feature", "properties": {"name": "", "osm_id": 996517401, "origin": "OBSERVED", "highway": "service"}, "geometry": {"type": "LineString", "coordinates": [[129.384521, 36.001014], [129.384397, 36.000907]]}}, {"type": "Feature", "properties": {"name": "괴동로", "osm_id": 996517402, "origin": "OBSERVED", "highway": "tertiary"}, "geometry": {"type": "LineString", "coordinates": [[129.382731, 36.002168], [129.382849, 36.002296]]}}, {"type": "Feature", "properties": {"name": "", "osm_id": 996517403, "origin": "OBSERVED", "highway": "cycleway"}, "geometry": {"type": "LineString", "coordinates": [[129.376393, 36.009007], [129.376665, 36.009078], [129.37658, 36.009213], [129.376341, 36.009518], [129.375879, 36.009935], [129.375636, 36.010104]]}}, {"type": "Feature", "properties": {"name": "", "osm_id": 996557272, "origin": "OBSERVED", "highway": "service"}, "geometry": {"type": "LineString", "coordinates": [[129.393404, 35.997125], [129.393565, 35.997007], [129.395896, 35.995217], [129.396279, 35.994923], [129.397478, 35.993932], [129.398111, 35.993494], [129.398524, 35.993292], [129.398851, 35.993267], [129.399351, 35.993263], [129.399632, 35.993337], [129.400265, 35.99373], [129.400545, 35.993973], [129.400755, 35.994423], [129.400816, 35.994601], [129.401037, 35.995233], [129.401043, 35.995253], [129.401144, 35.99562], [129.401245, 35.995768], [129.401418, 35.995935]]}}, {"type": "Feature", "properties": {"name": "", "osm_id": 996557273, "origin": "OBSERVED", "highway": "service"}, "geometry": {"type": "LineString", "coordinates": [[129.401245, 35.995768], [129.401006, 35.99584], [129.399966, 35.996602]]}}, {"type": "Feature", "properties": {"name": "", "osm_id": 996557274, "origin": "OBSERVED", "highway": "service"}, "geometry": {"type": "LineString", "coordinates": [[129.41184, 36.003519], [129.412309, 36.003735], [129.412644, 36.003975], [129.412948, 36.004211], [129.413086, 36.004367], [129.413167, 36.004627], [129.4133, 36.004981], [129.413664, 36.005257]]}}, {"type": "Feature", "properties": {"name": "", "osm_id": 996557275, "origin": "OBSERVED", "highway": "service"}, "geometry": {"type": "LineString", "coordinates": [[129.413664, 36.005257], [129.414259, 36.005694], [129.414753, 36.006028], [129.415269, 36.006352], [129.416204, 36.006993]]}}, {"type": "Feature", "properties": {"name": "", "osm_id": 996557276, "origin": "OBSERVED", "highway": "service"}, "geometry": {"type": "LineString", "coordinates": [[129.416204, 36.006993], [129.41739, 36.007757], [129.418068, 36.008269]]}}, {"type": "Feature", "properties": {"name": "", "osm_id": 996557277, "origin": "OBSERVED", "highway": "service"}, "geometry": {"type": "LineString", "coordinates": [[129.416204, 36.006993], [129.414965, 36.007959], [129.414271, 36.008525]]}}, {"type": "Feature", "properties": {"name": "", "osm_id": 996557278, "origin": "OBSERVED", "highway": "service"}, "geometry": {"type": "LineString", "coordinates": [[129.409013, 36.00551], [129.409149, 36.005587], [129.41051, 36.006658], [129.410747, 36.006913], [129.41088, 36.006955], [129.411117, 36.00685], [129.41137, 36.006697], [129.411635, 36.006519], [129.41176, 36.006503], [129.412054, 36.006693], [129.412368, 36.006963], [129.412903, 36.007365], [129.413294, 36.007675], [129.413883, 36.008195], [129.414144, 36.00841], [129.414271, 36.008525]]}}, {"type": "Feature", "properties": {"name": "", "osm_id": 996557279, "origin": "OBSERVED", "highway": "service"}, "geometry": {"type": "LineString", "coordinates": [[129.414271, 36.008525], [129.415171, 36.009274], [129.415931, 36.009961], [129.416045, 36.010073], [129.416656, 36.010673]]}}, {"type": "Feature", "properties": {"name": "", "osm_id": 996557280, "origin": "OBSERVED", "highway": "service"}, "geometry": {"type": "LineString", "coordinates": [[129.390935, 36.006586], [129.391114, 36.006411], [129.392085, 36.005641]]}}, {"type": "Feature", "properties": {"name": "", "osm_id": 996557281, "origin": "OBSERVED", "highway": "service"}, "geometry": {"type": "LineString", "coordinates": [[129.390935, 36.006586], [129.389782, 36.007477]]}}, {"type": "Feature", "properties": {"name": "", "osm_id": 996557282, "origin": "OBSERVED", "highway": "service"}, "geometry": {"type": "LineString", "coordinates": [[129.392927, 36.008257], [129.393098, 36.008136], [129.394117, 36.007369], [129.394314, 36.007221], [129.394511, 36.007359]]}}, {"type": "Feature", "properties": {"name": "", "osm_id": 996557283, "origin": "OBSERVED", "highway": "service"}, "geometry": {"type": "LineString", "coordinates": [[129.392085, 36.005641], [129.393203, 36.006598], [129.393768, 36.007074], [129.394117, 36.007369]]}}, {"type": "Feature", "properties": {"name": "", "osm_id": 996557284, "origin": "OBSERVED", "highway": "service"}, "geometry": {"type": "LineString", "coordinates": [[129.389782, 36.007477], [129.390146, 36.007874], [129.389891, 36.008055]]}}, {"type": "Feature", "properties": {"name": "", "osm_id": 996557285, "origin": "OBSERVED", "highway": "service"}, "geometry": {"type": "LineString", "coordinates": [[129.390146, 36.007874], [129.39068, 36.00833], [129.390925, 36.008539], [129.39101, 36.008613]]}}, {"type": "Feature", "properties": {"name": "", "osm_id": 996557286, "origin": "OBSERVED", "highway": "service"}, "geometry": {"type": "LineString", "coordinates": [[129.39101, 36.008613], [129.390167, 36.009332], [129.390046, 36.00924], [129.389918, 36.009136], [129.389797, 36.009037], [129.390434, 36.008527], [129.39068, 36.00833]]}}, {"type": "Feature", "properties": {"name": "", "osm_id": 996557287, "origin": "OBSERVED", "highway": "service"}, "geometry": {"type": "LineString", "coordinates": [[129.390046, 36.00924], [129.390678, 36.008736], [129.390925, 36.008539]]}}, {"type": "Feature", "properties": {"name": "", "osm_id": 996557288, "origin": "OBSERVED", "highway": "service"}, "geometry": {"type": "LineString", "coordinates": [[129.390678, 36.008736], [129.390551, 36.008627], [129.390434, 36.008527]]}}, {"type": "Feature", "properties": {"name": "", "osm_id": 996557289, "origin": "OBSERVED", "highway": "service"}, "geometry": {"type": "LineString", "coordinates": [[129.390551, 36.008627], [129.389918, 36.009136]]}}, {"type": "Feature", "properties": {"name": "", "osm_id": 996557290, "origin": "OBSERVED", "highway": "service"}, "geometry": {"type": "LineString", "coordinates": [[129.389782, 36.007477], [129.389426, 36.007583], [129.38928, 36.00774], [129.389438, 36.007907], [129.389402, 36.007978], [129.389162, 36.00815]]}}, {"type": "Feature", "properties": {"name": "", "osm_id": 996557291, "origin": "OBSERVED", "highway": "residential"}, "geometry": {"type": "LineString", "coordinates": [[129.407493, 36.008078], [129.407567, 36.007936], [129.407603, 36.007804]]}}, {"type": "Feature", "properties": {"name": "", "osm_id": 996557292, "origin": "OBSERVED", "highway": "service"}, "geometry": {"type": "LineString", "coordinates": [[129.38936, 36.004873], [129.389156, 36.005024], [129.388256, 36.005728], [129.387076, 36.00663], [129.385823, 36.007632], [129.385434, 36.008061], [129.385269, 36.008266], [129.384863, 36.00877], [129.384351, 36.00945], [129.38433, 36.009479], [129.383808, 36.010179], [129.383672, 36.010361], [129.38303, 36.011179], [129.382774, 36.011494], [129.382532, 36.011792], [129.382457, 36.011877], [129.382341, 36.012019], [129.381904, 36.012189], [129.381529, 36.012276], [129.381201, 36.012396], [129.380789, 36.012591], [129.380082, 36.012886], [129.379468, 36.013093], [129.378771, 36.013392], [129.378518, 36.0135], [129.378371, 36.013562]]}}, {"type": "Feature", "properties": {"name": "", "osm_id": 996557293, "origin": "OBSERVED", "highway": "service"}, "geometry": {"type": "LineString", "coordinates": [[129.395001, 36.009768], [129.394834, 36.009883], [129.393849, 36.010365], [129.392836, 36.010868], [129.392013, 36.011266], [129.391503, 36.011519], [129.390948, 36.011806], [129.390789, 36.011935]]}}, {"type": "Feature", "properties": {"name": "", "osm_id": 996557308, "origin": "OBSERVED", "highway": "service"}, "geometry": {"type": "LineString", "coordinates": [[129.409013, 36.00551], [129.40798, 36.004615], [129.407628, 36.004306], [129.406571, 36.0035], [129.405321, 36.002353]]}}, {"type": "Feature", "properties": {"name": "", "osm_id": 996557309, "origin": "OBSERVED", "highway": "service"}, "geometry": {"type": "LineString", "coordinates": [[129.405321, 36.002353], [129.40428, 36.001448], [129.403366, 36.002117]]}}, {"type": "Feature", "properties": {"name": "", "osm_id": 996557310, "origin": "OBSERVED", "highway": "service"}, "geometry": {"type": "LineString", "coordinates": [[129.40428, 36.001448], [129.403726, 36.00097], [129.402902, 36.000289], [129.402295, 36.000715]]}}, {"type": "Feature", "properties": {"name": "", "osm_id": 996557311, "origin": "OBSERVED", "highway": "service"}, "geometry": {"type": "LineString", "coordinates": [[129.402902, 36.000289], [129.402072, 35.999573], [129.401322, 35.998876], [129.400627, 35.998331], [129.400021, 35.997796], [129.399614, 35.997447], [129.39957, 35.997024], [129.39972, 35.996757], [129.399759, 35.996733], [129.399966, 35.996602]]}}, {"type": "Feature", "properties": {"name": "", "osm_id": 996557312, "origin": "OBSERVED", "highway": "service"}, "geometry": {"type": "LineString", "coordinates": [[129.400816, 35.994601], [129.400115, 35.995107], [129.399626, 35.995448], [129.399426, 35.995613], [129.399286, 35.995777]]}}, {"type": "Feature", "properties": {"name": "", "osm_id": 996557313, "origin": "OBSERVED", "highway": "service"}, "geometry": {"type": "LineString", "coordinates": [[129.399286, 35.995777], [129.399101, 35.996146], [129.399759, 35.996733]]}}, {"type": "Feature", "properties": {"name": "", "osm_id": 996557314, "origin": "OBSERVED", "highway": "service"}, "geometry": {"type": "LineString", "coordinates": [[129.399101, 35.996146], [129.398846, 35.995905], [129.398752, 35.995851], [129.39864, 35.995861], [129.398485, 35.995962], [129.398382, 35.996175], [129.398345, 35.996246], [129.397655, 35.996778], [129.397399, 35.996975], [129.397062, 35.997211]]}}, {"type": "Feature", "properties": {"name": "", "osm_id": 996557315, "origin": "OBSERVED", "highway": "service"}, "geometry": {"type": "LineString", "coordinates": [[129.398461, 35.997427], [129.397655, 35.996778]]}}, {"type": "Feature", "properties": {"name": "", "osm_id": 996557316, "origin": "OBSERVED", "highway": "service"}, "geometry": {"type": "LineString", "coordinates": [[129.398737, 35.996575], [129.398345, 35.996246]]}}, {"type": "Feature", "properties": {"name": "", "osm_id": 996557317, "origin": "OBSERVED", "highway": "service"}, "geometry": {"type": "LineString", "coordinates": [[129.397062, 35.997211], [129.396749, 35.997172], [129.396133, 35.996654]]}}, {"type": "Feature", "properties": {"name": "", "osm_id": 996557318, "origin": "OBSERVED", "highway": "service"}, "geometry": {"type": "LineString", "coordinates": [[129.396133, 35.996654], [129.397605, 35.995496], [129.397735, 35.995546], [129.398382, 35.996175]]}}, {"type": "Feature", "properties": {"name": "", "osm_id": 996557319, "origin": "OBSERVED", "highway": "service"}, "geometry": {"type": "LineString", "coordinates": [[129.396133, 35.996654], [129.395556, 35.997064], [129.395436, 35.997192]]}}, {"type": "Feature", "properties": {"name": "", "osm_id": 996557320, "origin": "OBSERVED", "highway": "service"}, "geometry": {"type": "LineString", "coordinates": [[129.397062, 35.997211], [129.395897, 35.99799], [129.395631, 35.998192], [129.395481, 35.998306], [129.395266, 35.998479]]}}, {"type": "Feature", "properties": {"name": "", "osm_id": 996557321, "origin": "OBSERVED", "highway": "service"}, "geometry": {"type": "LineString", "coordinates": [[129.395082, 35.99827], [129.395655, 35.997932], [129.395843, 35.99786], [129.396749, 35.997172]]}}, {"type": "Feature", "properties": {"name": "", "osm_id": 996557322, "origin": "OBSERVED", "highway": "service"}, "geometry": {"type": "LineString", "coordinates": [[129.395631, 35.998192], [129.395808, 35.998401], [129.395894, 35.998518], [129.396762, 35.999222], [129.396859, 35.999222], [129.397232, 35.999553], [129.397339, 35.99948], [129.396979, 35.999179], [129.396859, 35.999222]]}}, {"type": "Feature", "properties": {"name": "", "osm_id": 996557323, "origin": "OBSERVED", "highway": "service"}, "geometry": {"type": "LineString", "coordinates": [[129.397232, 35.999553], [129.39693, 35.999904], [129.396772, 35.999992]]}}, {"type": "Feature", "properties": {"name": "", "osm_id": 996557324, "origin": "OBSERVED", "highway": "service"}, "geometry": {"type": "LineString", "coordinates": [[129.397339, 35.99948], [129.397755, 35.999243]]}}, {"type": "Feature", "properties": {"name": "", "osm_id": 996557325, "origin": "OBSERVED", "highway": "service"}, "geometry": {"type": "LineString", "coordinates": [[129.402988, 35.997745], [129.402466, 35.998137]]}}, {"type": "Feature", "properties": {"name": "", "osm_id": 996557326, "origin": "OBSERVED", "highway": "service"}, "geometry": {"type": "LineString", "coordinates": [[129.405068, 35.999164], [129.404825, 35.999378], [129.404689, 35.999498]]}}, {"type": "Feature", "properties": {"name": "", "osm_id": 996557327, "origin": "OBSERVED", "highway": "service"}, "geometry": {"type": "LineString", "coordinates": [[129.404825, 35.999378], [129.404571, 35.999172]]}}, {"type": "Feature", "properties": {"name": "", "osm_id": 996557328, "origin": "OBSERVED", "highway": "service"}, "geometry": {"type": "LineString", "coordinates": [[129.404689, 35.999498], [129.405283, 36.000017], [129.40574, 36.000377], [129.405875, 36.000476], [129.406459, 36.000028]]}}, {"type": "Feature", "properties": {"name": "", "osm_id": 996557329, "origin": "OBSERVED", "highway": "service"}, "geometry": {"type": "LineString", "coordinates": [[129.416045, 36.010073], [129.416377, 36.009825], [129.416737, 36.009776], [129.417431, 36.009245], [129.41834, 36.008563], [129.418329, 36.008495], [129.418068, 36.008269]]}}, {"type": "Feature", "properties": {"name": "", "osm_id": 996557330, "origin": "OBSERVED", "highway": "service"}, "geometry": {"type": "LineString", "coordinates": [[129.405497, 36.007215], [129.405341, 36.007332], [129.404661, 36.007906], [129.404201, 36.00821], [129.404176, 36.00839], [129.403951, 36.008603], [129.403808, 36.008737], [129.404246, 36.009211], [129.404334, 36.00929]]}}, {"type": "Feature", "properties": {"name": "", "osm_id": 996557331, "origin": "OBSERVED", "highway": "service"}, "geometry": {"type": "LineString", "coordinates": [[129.403358, 36.010036], [129.403273, 36.009951], [129.402692, 36.009406], [129.403124, 36.009074], [129.403267, 36.008964], [129.403378, 36.008879], [129.403506, 36.008781]]}}, {"type": "Feature", "properties": {"name": "", "osm_id": 996557332, "origin": "OBSERVED", "highway": "service"}, "geometry": {"type": "LineString", "coordinates": [[129.403506, 36.008781], [129.403558, 36.008802], [129.403614, 36.008868], [129.403365, 36.009038], [129.403267, 36.008964]]}}, {"type": "Feature", "properties": {"name": "", "osm_id": 996557333, "origin": "OBSERVED", "highway": "service"}, "geometry": {"type": "LineString", "coordinates": [[129.403267, 36.008964], [129.403146, 36.008878]]}}, {"type": "Feature", "properties": {"name": "", "osm_id": 996557334, "origin": "OBSERVED", "highway": "service"}, "geometry": {"type": "LineString", "coordinates": [[129.403124, 36.009074], [129.403019, 36.00897]]}}, {"type": "Feature", "properties": {"name": "", "osm_id": 996557335, "origin": "OBSERVED", "highway": "service"}, "geometry": {"type": "LineString", "coordinates": [[129.403506, 36.008781], [129.40342, 36.008668]]}}, {"type": "Feature", "properties": {"name": "", "osm_id": 996557336, "origin": "OBSERVED", "highway": "service"}, "geometry": {"type": "LineString", "coordinates": [[129.403378, 36.008879], [129.40327, 36.008762]]}}, {"type": "Feature", "properties": {"name": "", "osm_id": 996557337, "origin": "OBSERVED", "highway": "service"}, "geometry": {"type": "LineString", "coordinates": [[129.402692, 36.009406], [129.401955, 36.008788], [129.400963, 36.007953], [129.400487, 36.00759]]}}, {"type": "Feature", "properties": {"name": "", "osm_id": 996557338, "origin": "OBSERVED", "highway": "service"}, "geometry": {"type": "LineString", "coordinates": [[129.400487, 36.00759], [129.399833, 36.007658], [129.39943, 36.00796], [129.399587, 36.008117]]}}, {"type": "Feature", "properties": {"name": "", "osm_id": 996557339, "origin": "OBSERVED", "highway": "service"}, "geometry": {"type": "LineString", "coordinates": [[129.39943, 36.00796], [129.398844, 36.008365], [129.398531, 36.008571], [129.397135, 36.009637], [129.39594, 36.010568], [129.395778, 36.010676]]}}, {"type": "Feature", "properties": {"name": "", "osm_id": 996557340, "origin": "OBSERVED", "highway": "service"}, "geometry": {"type": "LineString", "coordinates": [[129.400487, 36.00759], [129.400372, 36.00733], [129.39932, 36.006441], [129.399046, 36.006646], [129.398827, 36.006569], [129.397993, 36.005852], [129.397642, 36.00555], [129.397467, 36.0054], [129.397204, 36.005173], [129.396638, 36.004687], [129.395976, 36.004117], [129.394045, 36.002452], [129.393841, 36.002282], [129.393645, 36.002119], [129.395053, 36.00109], [129.394947, 36.000992], [129.394297, 36.000398]]}}, {"type": "Feature", "properties": {"name": "", "osm_id": 996557341, "origin": "OBSERVED", "highway": "service"}, "geometry": {"type": "LineString", "coordinates": [[129.397642, 36.00555], [129.397494, 36.005685], [129.397167, 36.005416]]}}, {"type": "Feature", "properties": {"name": "", "osm_id": 996557342, "origin": "OBSERVED", "highway": "service"}, "geometry": {"type": "LineString", "coordinates": [[129.397494, 36.005685], [129.397644, 36.005821]]}}, {"type": "Feature", "properties": {"name": "", "osm_id": 996557343, "origin": "OBSERVED", "highway": "service"}, "geometry": {"type": "LineString", "coordinates": [[129.393645, 36.002119], [129.392854, 36.001472]]}}, {"type": "Feature", "properties": {"name": "", "osm_id": 996557344, "origin": "OBSERVED", "highway": "service"}, "geometry": {"type": "LineString", "coordinates": [[129.395053, 36.00109], [129.395791, 36.001695], [129.396367, 36.002205], [129.39614, 36.002364]]}}, {"type": "Feature", "properties": {"name": "", "osm_id": 996557345, "origin": "OBSERVED", "highway": "service"}, "geometry": {"type": "LineString", "coordinates": [[129.396367, 36.002205], [129.397452, 36.003138], [129.397306, 36.003258]]}}, {"type": "Feature", "properties": {"name": "", "osm_id": 996557346, "origin": "OBSERVED", "highway": "service"}, "geometry": {"type": "LineString", "coordinates": [[129.397452, 36.003138], [129.397763, 36.003411], [129.39818, 36.003751], [129.398268, 36.003824], [129.398554, 36.003617]]}}, {"type": "Feature", "properties": {"name": "", "osm_id": 996557347, "origin": "OBSERVED", "highway": "service"}, "geometry": {"type": "LineString", "coordinates": [[129.397763, 36.003411], [129.397554, 36.003582]]}}, {"type": "Feature", "properties": {"name": "", "osm_id": 996557348, "origin": "OBSERVED", "highway": "service"}, "geometry": {"type": "LineString", "coordinates": [[129.39818, 36.003751], [129.397947, 36.003904]]}}, {"type": "Feature", "properties": {"name": "", "osm_id": 996557349, "origin": "OBSERVED", "highway": "service"}, "geometry": {"type": "LineString", "coordinates": [[129.398268, 36.003824], [129.398541, 36.004071], [129.398307, 36.004234]]}}, {"type": "Feature", "properties": {"name": "", "osm_id": 996557350, "origin": "OBSERVED", "highway": "service"}, "geometry": {"type": "LineString", "coordinates": [[129.398541, 36.004071], [129.398901, 36.004414], [129.398957, 36.004527], [129.399343, 36.004251]]}}, {"type": "Feature", "properties": {"name": "", "osm_id": 996557351, "origin": "OBSERVED", "highway": "service"}, "geometry": {"type": "LineString", "coordinates": [[129.398957, 36.004527], [129.39909, 36.00483], [129.399422, 36.005026], [129.399598, 36.004884]]}}, {"type": "Feature", "properties": {"name": "", "osm_id": 996557352, "origin": "OBSERVED", "highway": "service"}, "geometry": {"type": "LineString", "coordinates": [[129.399422, 36.005026], [129.399529, 36.005125], [129.399938, 36.004799]]}}, {"type": "Feature", "properties": {"name": "", "osm_id": 996557353, "origin": "OBSERVED", "highway": "service"}, "geometry": {"type": "LineString", "coordinates": [[129.399529, 36.005125], [129.400114, 36.005625], [129.400525, 36.005286]]}}, {"type": "Feature", "properties": {"name": "", "osm_id": 996557354, "origin": "OBSERVED", "highway": "service"}, "geometry": {"type": "LineString", "coordinates": [[129.397467, 36.0054], [129.397688, 36.005212], [129.398236, 36.005656], [129.397993, 36.005852]]}}, {"type": "Feature", "properties": {"name": "", "osm_id": 996557355, "origin": "OBSERVED", "highway": "service"}, "geometry": {"type": "LineString", "coordinates": [[129.396975, 36.005365], [129.397204, 36.005173]]}}, {"type": "Feature", "properties": {"name": "", "osm_id": 996557356, "origin": "OBSERVED", "highway": "service"}, "geometry": {"type": "LineString", "coordinates": [[129.393768, 36.007074], [129.394605, 36.00639], [129.394871, 36.006083], [129.394225, 36.005521], [129.394477, 36.005251], [129.39506, 36.004839], [129.395976, 36.004117]]}}, {"type": "Feature", "properties": {"name": "", "osm_id": 996557357, "origin": "OBSERVED", "highway": "service"}, "geometry": {"type": "LineString", "coordinates": [[129.390408, 36.005792], [129.390206, 36.005947], [129.389398, 36.006563], [129.389386, 36.006941], [129.390059, 36.006437]]}}, {"type": "Feature", "properties": {"name": "", "osm_id": 996557358, "origin": "OBSERVED", "highway": "service"}, "geometry": {"type": "LineString", "coordinates": [[129.393865, 36.008799], [129.393702, 36.008929], [129.393285, 36.009154], [129.392383, 36.009594], [129.392161, 36.009674], [129.392043, 36.009531], [129.391887, 36.009388], [129.391753, 36.009265], [129.391642, 36.009188]]}}, {"type": "Feature", "properties": {"name": "", "osm_id": 996557359, "origin": "OBSERVED", "highway": "service"}, "geometry": {"type": "LineString", "coordinates": [[129.39101, 36.008613], [129.391642, 36.009188]]}}, {"type": "Feature", "properties": {"name": "", "osm_id": 996557360, "origin": "OBSERVED", "highway": "service"}, "geometry": {"type": "LineString", "coordinates": [[129.391887, 36.009388], [129.392255, 36.009093], [129.392381, 36.009204]]}}, {"type": "Feature", "properties": {"name": "", "osm_id": 996557361, "origin": "OBSERVED", "highway": "service"}, "geometry": {"type": "LineString", "coordinates": [[129.393149, 36.008451], [129.392255, 36.009093]]}}, {"type": "Feature", "properties": {"name": "", "osm_id": 996557362, "origin": "OBSERVED", "highway": "service"}, "geometry": {"type": "LineString", "coordinates": [[129.392161, 36.009674], [129.391237, 36.01016], [129.391198, 36.010169], [129.391075, 36.010196], [129.390829, 36.010163], [129.390427, 36.01038]]}}, {"type": "Feature", "properties": {"name": "", "osm_id": 996557364, "origin": "OBSERVED", "highway": "service"}, "geometry": {"type": "LineString", "coordinates": [[129.392085, 36.005641], [129.39148, 36.005137], [129.391442, 36.005131], [129.391031, 36.005443]]}}, {"type": "Feature", "properties": {"name": "", "osm_id": 996557365, "origin": "OBSERVED", "highway": "service"}, "geometry": {"type": "LineString", "coordinates": [[129.391442, 36.005131], [129.390995, 36.00471], [129.390748, 36.004541], [129.390487, 36.004712]]}}, {"type": "Feature", "properties": {"name": "", "osm_id": 996557366, "origin": "OBSERVED", "highway": "service"}, "geometry": {"type": "LineString", "coordinates": [[129.390748, 36.004541], [129.391398, 36.003946], [129.392307, 36.003257], [129.392414, 36.003176], [129.392677, 36.003007]]}}, {"type": "Feature", "properties": {"name": "", "osm_id": 996557367, "origin": "OBSERVED", "highway": "service"}, "geometry": {"type": "LineString", "coordinates": [[129.392307, 36.003257], [129.391465, 36.002503]]}}, {"type": "Feature", "properties": {"name": "", "osm_id": 996557368, "origin": "OBSERVED", "highway": "service"}, "geometry": {"type": "LineString", "coordinates": [[129.393841, 36.002282], [129.393477, 36.002634], [129.393311, 36.002735], [129.393092, 36.002892]]}}, {"type": "Feature", "properties": {"name": "", "osm_id": 996557369, "origin": "OBSERVED", "highway": "service"}, "geometry": {"type": "LineString", "coordinates": [[129.38433, 36.009479], [129.383512, 36.009083], [129.3834, 36.009073], [129.381803, 36.009622], [129.381305, 36.009863], [129.382117, 36.011383], [129.382247, 36.011594], [129.382323, 36.011718], [129.382457, 36.011877]]}}, {"type": "Feature", "properties": {"name": "", "osm_id": 996557371, "origin": "OBSERVED", "highway": "service"}, "geometry": {"type": "LineString", "coordinates": [[129.381305, 36.009863], [129.381082, 36.00954], [129.381572, 36.009331]]}}, {"type": "Feature", "properties": {"name": "", "osm_id": 996557372, "origin": "OBSERVED", "highway": "service"}, "geometry": {"type": "LineString", "coordinates": [[129.381082, 36.00954], [129.380569, 36.009542], [129.379839, 36.009758]]}}, {"type": "Feature", "properties": {"name": "", "osm_id": 996557373, "origin": "OBSERVED", "highway": "service"}, "geometry": {"type": "LineString", "coordinates": [[129.381305, 36.009863], [129.379783, 36.010435], [129.378652, 36.010864], [129.378529, 36.010913], [129.378623, 36.011085]]}}, {"type": "Feature", "properties": {"name": "", "osm_id": 996557375, "origin": "OBSERVED", "highway": "service"}, "geometry": {"type": "LineString", "coordinates": [[129.377004, 36.009203], [129.377221, 36.00926], [129.377232, 36.009263], [129.377437, 36.009317], [129.377713, 36.009631], [129.377965, 36.009639], [129.378322, 36.009494], [129.378478, 36.009538]]}}, {"type": "Feature", "properties": {"name": "", "osm_id": 996557376, "origin": "OBSERVED", "highway": "service"}, "geometry": {"type": "LineString", "coordinates": [[129.380739, 36.006096], [129.38099, 36.006294], [129.381648, 36.006818], [129.38194, 36.007053], [129.382228, 36.007026], [129.383163, 36.006663], [129.383296, 36.006769], [129.383706, 36.007503], [129.383967, 36.008084], [129.384037, 36.008344], [129.384244, 36.008343], [129.384903, 36.008231], [129.385269, 36.008266]]}}, {"type": "Feature", "properties": {"name": "", "osm_id": 996557377, "origin": "OBSERVED", "highway": "service"}, "geometry": {"type": "LineString", "coordinates": [[129.38194, 36.007053], [129.38188, 36.007211], [129.380852, 36.007544]]}}, {"type": "Feature", "properties": {"name": "", "osm_id": 996557378, "origin": "OBSERVED", "highway": "service"}, "geometry": {"type": "LineString", "coordinates": [[129.38809, 36.000276], [129.388202, 36.000059], [129.388097, 35.999838], [129.387655, 35.999443], [129.38753, 35.999365], [129.387353, 35.999517]]}}, {"type": "Feature", "properties": {"name": "", "osm_id": 996557379, "origin": "OBSERVED", "highway": "service"}, "geometry": {"type": "LineString", "coordinates": [[129.38753, 35.999365], [129.387497, 35.999257], [129.388398, 35.998564], [129.388694, 35.998341], [129.389296, 35.997889], [129.389345, 35.997852], [129.390049, 35.997276], [129.390409, 35.997069], [129.390605, 35.997001], [129.390779, 35.996989], [129.39084, 35.997013]]}}, {"type": "Feature", "properties": {"name": "", "osm_id": 996557380, "origin": "OBSERVED", "highway": "service"}, "geometry": {"type": "LineString", "coordinates": [[129.388694, 35.998341], [129.388891, 35.998502], [129.389056, 35.998378]]}}, {"type": "Feature", "properties": {"name": "", "osm_id": 996557381, "origin": "OBSERVED", "highway": "service"}, "geometry": {"type": "LineString", "coordinates": [[129.389296, 35.997889], [129.389516, 35.998048]]}}, {"type": "Feature", "properties": {"name": "", "osm_id": 996746681, "origin": "OBSERVED", "highway": "service"}, "geometry": {"type": "LineString", "coordinates": [[129.407896, 35.996047], [129.407911, 35.995897], [129.407926, 35.995464], [129.407939, 35.99508], [129.407942, 35.994973], [129.407943, 35.994954], [129.407887, 35.994789], [129.407849, 35.994677], [129.40781, 35.994599], [129.40761, 35.994207], [129.40751, 35.994011], [129.407756, 35.993559], [129.4093, 35.993716]]}}, {"type": "Feature", "properties": {"name": "", "osm_id": 996746682, "origin": "OBSERVED", "highway": "service"}, "geometry": {"type": "LineString", "coordinates": [[129.4093, 35.993716], [129.409457, 35.993598], [129.40979, 35.993603], [129.410298, 35.993682]]}}, {"type": "Feature", "properties": {"name": "", "osm_id": 996746683, "origin": "OBSERVED", "highway": "service"}, "geometry": {"type": "LineString", "coordinates": [[129.407896, 35.996047], [129.407945, 35.996099], [129.407968, 35.996122], [129.407994, 35.996286], [129.40802, 35.99645]]}}, {"type": "Feature", "properties": {"name": "", "osm_id": 996746684, "origin": "OBSERVED", "highway": "service"}, "geometry": {"type": "LineString", "coordinates": [[129.407853, 35.996502], [129.407869, 35.996337], [129.407896, 35.996047]]}}, {"type": "Feature", "properties": {"name": "", "osm_id": 996746685, "origin": "OBSERVED", "highway": "service"}, "geometry": {"type": "LineString", "coordinates": [[129.40979, 35.993603], [129.409828, 35.993294], [129.4101, 35.993301], [129.410358, 35.993341]]}}, {"type": "Feature", "properties": {"name": "", "osm_id": 996746686, "origin": "OBSERVED", "highway": "service"}, "geometry": {"type": "LineString", "coordinates": [[129.409828, 35.993294], [129.409754, 35.993255], [129.409772, 35.993071], [129.409709, 35.993044], [129.409636, 35.992968]]}}, {"type": "Feature", "properties": {"name": "", "osm_id": 996746687, "origin": "OBSERVED", "highway": "service"}, "geometry": {"type": "LineString", "coordinates": [[129.409772, 35.993071], [129.409815, 35.993025], [129.409921, 35.992958], [129.410396, 35.992987]]}}, {"type": "Feature", "properties": {"name": "", "osm_id": 996746688, "origin": "OBSERVED", "highway": "service"}, "geometry": {"type": "LineString", "coordinates": [[129.409921, 35.992958], [129.409932, 35.992734], [129.409941, 35.992698]]}}, {"type": "Feature", "properties": {"name": "", "osm_id": 996746689, "origin": "OBSERVED", "highway": "service"}, "geometry": {"type": "LineString", "coordinates": [[129.40761, 35.994207], [129.407898, 35.994204], [129.408016, 35.994206], [129.408041, 35.994344], [129.408003, 35.994602], [129.40781, 35.994599]]}}, {"type": "Feature", "properties": {"name": "", "osm_id": 996746690, "origin": "OBSERVED", "highway": "service"}, "geometry": {"type": "LineString", "coordinates": [[129.407869, 35.996337], [129.407546, 35.9963], [129.406648, 35.996188], [129.406257, 35.996132], [129.406296, 35.995936], [129.406211, 35.99594], [129.406104, 35.995963], [129.406028, 35.996002], [129.405982, 35.996052], [129.405989, 35.996114], [129.40604, 35.996139], [129.406257, 35.996132]]}}, {"type": "Feature", "properties": {"name": "", "osm_id": 996746691, "origin": "OBSERVED", "highway": "service"}, "geometry": {"type": "LineString", "coordinates": [[129.40751, 35.994011], [129.407253, 35.994047]]}}, {"type": "Feature", "properties": {"name": "", "osm_id": 996746692, "origin": "OBSERVED", "highway": "service"}, "geometry": {"type": "LineString", "coordinates": [[129.40751, 35.994011], [129.407423, 35.994111], [129.407051, 35.994687], [129.406951, 35.994823], [129.406589, 35.995414], [129.406331, 35.995819], [129.406296, 35.995936]]}}, {"type": "Feature", "properties": {"name": "", "osm_id": 996746693, "origin": "OBSERVED", "highway": "service"}, "geometry": {"type": "LineString", "coordinates": [[129.407945, 35.996099], [129.408119, 35.996096], [129.408132, 35.996233]]}}, {"type": "Feature", "properties": {"name": "", "osm_id": 996746694, "origin": "OBSERVED", "highway": "service"}, "geometry": {"type": "LineString", "coordinates": [[129.407887, 35.994789], [129.407778, 35.994808], [129.407553, 35.994783], [129.407215, 35.994737], [129.407186, 35.994883], [129.407535, 35.994921], [129.407942, 35.994973]]}}, {"type": "Feature", "properties": {"name": "", "osm_id": 996746695, "origin": "OBSERVED", "highway": "service"}, "geometry": {"type": "LineString", "coordinates": [[129.407553, 35.994783], [129.407535, 35.994921], [129.407522, 35.995021], [129.407298, 35.994996]]}}, {"type": "Feature", "properties": {"name": "", "osm_id": 996746696, "origin": "OBSERVED", "highway": "service"}, "geometry": {"type": "LineString", "coordinates": [[129.407522, 35.995021], [129.407939, 35.99508]]}}, {"type": "Feature", "properties": {"name": "", "osm_id": 996746697, "origin": "OBSERVED", "highway": "service"}, "geometry": {"type": "LineString", "coordinates": [[129.406849, 35.995359], [129.407183, 35.995381], [129.407603, 35.995433], [129.407926, 35.995464]]}}, {"type": "Feature", "properties": {"name": "", "osm_id": 996746698, "origin": "OBSERVED", "highway": "service"}, "geometry": {"type": "LineString", "coordinates": [[129.4093, 35.993716], [129.409301, 35.993944], [129.409756, 35.994005]]}}, {"type": "Feature", "properties": {"name": "", "osm_id": 996746699, "origin": "OBSERVED", "highway": "service"}, "geometry": {"type": "LineString", "coordinates": [[129.409301, 35.993944], [129.409274, 35.99401], [129.409259, 35.994288], [129.409258, 35.994321], [129.409225, 35.994445], [129.408852, 35.994404], [129.408873, 35.994258], [129.409259, 35.994288]]}}, {"type": "Feature", "properties": {"name": "", "osm_id": 996746700, "origin": "OBSERVED", "highway": "service"}, "geometry": {"type": "LineString", "coordinates": [[129.408873, 35.994258], [129.408529, 35.994221], [129.408498, 35.99424], [129.408489, 35.994344]]}}, {"type": "Feature", "properties": {"name": "", "osm_id": 996746701, "origin": "OBSERVED", "highway": "service"}, "geometry": {"type": "LineString", "coordinates": [[129.409225, 35.994445], [129.409159, 35.994712], [129.408246, 35.994629], [129.408003, 35.994602]]}}, {"type": "Feature", "properties": {"name": "", "osm_id": 996746702, "origin": "OBSERVED", "highway": "service"}, "geometry": {"type": "LineString", "coordinates": [[129.409159, 35.994712], [129.40955, 35.994748], [129.409741, 35.994764], [129.409942, 35.994783], [129.409981, 35.994483], [129.410236, 35.994494]]}}, {"type": "Feature", "properties": {"name": "", "osm_id": 996746703, "origin": "OBSERVED", "highway": "service"}, "geometry": {"type": "LineString", "coordinates": [[129.407939, 35.99508], [129.408114, 35.995074], [129.408659, 35.995131], [129.408991, 35.995163], [129.409989, 35.995287], [129.41045, 35.995357]]}}, {"type": "Feature", "properties": {"name": "", "osm_id": 996746704, "origin": "OBSERVED", "highway": "service"}, "geometry": {"type": "LineString", "coordinates": [[129.407926, 35.995464], [129.408435, 35.995518], [129.408731, 35.995545]]}}, {"type": "Feature", "properties": {"name": "", "osm_id": 996746705, "origin": "OBSERVED", "highway": "service"}, "geometry": {"type": "LineString", "coordinates": [[129.413182, 35.994725], [129.413173, 35.994535], [129.413164, 35.994346], [129.413156, 35.994164], [129.413143, 35.993741], [129.413143, 35.993714], [129.413143, 35.993138], [129.413056, 35.993125], [129.412262, 35.993146], [129.411433, 35.993115], [129.411015, 35.993113], [129.41103, 35.992659], [129.410904, 35.992659], [129.410348, 35.992638], [129.410021, 35.992613], [129.409947, 35.992646], [129.409941, 35.992698]]}}, {"type": "Feature", "properties": {"name": "", "osm_id": 996746706, "origin": "OBSERVED", "highway": "service"}, "geometry": {"type": "LineString", "coordinates": [[129.411015, 35.993113], [129.411003, 35.993458], [129.411199, 35.99352], [129.4112, 35.993569], [129.411204, 35.994051], [129.411965, 35.994028], [129.411993, 35.994028], [129.412562, 35.994036], [129.41257, 35.993887], [129.41258, 35.993716], [129.413143, 35.993714]]}}, {"type": "Feature", "properties": {"name": "", "osm_id": 996746707, "origin": "OBSERVED", "highway": "service"}, "geometry": {"type": "LineString", "coordinates": [[129.41258, 35.993716], [129.412026, 35.993712], [129.411992, 35.993699], [129.411926, 35.993675], [129.411909, 35.99358], [129.4112, 35.993569]]}}, {"type": "Feature", "properties": {"name": "", "osm_id": 996746708, "origin": "OBSERVED", "highway": "service"}, "geometry": {"type": "LineString", "coordinates": [[129.411993, 35.994028], [129.411993, 35.993888], [129.411992, 35.993699]]}}, {"type": "Feature", "properties": {"name": "", "osm_id": 996746709, "origin": "OBSERVED", "highway": "service"}, "geometry": {"type": "LineString", "coordinates": [[129.411993, 35.993888], [129.412375, 35.993881], [129.41257, 35.993887]]}}, {"type": "Feature", "properties": {"name": "", "osm_id": 996746710, "origin": "OBSERVED", "highway": "service"}, "geometry": {"type": "LineString", "coordinates": [[129.411204, 35.994051], [129.411177, 35.994179]]}}, {"type": "Feature", "properties": {"name": "", "osm_id": 996746711, "origin": "OBSERVED", "highway": "service"}, "geometry": {"type": "LineString", "coordinates": [[129.413166, 35.992483], [129.413164, 35.992527], [129.413151, 35.992898], [129.413143, 35.993138]]}}, {"type": "Feature", "properties": {"name": "", "osm_id": 996746712, "origin": "OBSERVED", "highway": "service"}, "geometry": {"type": "LineString", "coordinates": [[129.413194, 35.991501], [129.413166, 35.992483]]}}, {"type": "Feature", "properties": {"name": "", "osm_id": 996746713, "origin": "OBSERVED", "highway": "service"}, "geometry": {"type": "LineString", "coordinates": [[129.413164, 35.992527], [129.414253, 35.992529], [129.414235, 35.992905], [129.413151, 35.992898]]}}, {"type": "Feature", "properties": {"name": "", "osm_id": 996746714, "origin": "OBSERVED", "highway": "service"}, "geometry": {"type": "LineString", "coordinates": [[129.414235, 35.992905], [129.414217, 35.993183], [129.414184, 35.993714], [129.413883, 35.993726], [129.413885, 35.993196], [129.414217, 35.993183]]}}, {"type": "Feature", "properties": {"name": "", "osm_id": 996746715, "origin": "OBSERVED", "highway": "service"}, "geometry": {"type": "LineString", "coordinates": [[129.41103, 35.992659], [129.411029, 35.992534], [129.410905, 35.99245], [129.41086, 35.992351], [129.410864, 35.992103], [129.410907, 35.991957], [129.411036, 35.991851], [129.411061, 35.991957], [129.411029, 35.992534]]}}, {"type": "Feature", "properties": {"name": "", "osm_id": 996746716, "origin": "OBSERVED", "highway": "service"}, "geometry": {"type": "LineString", "coordinates": [[129.411036, 35.991851], [129.411063, 35.991748], [129.411072, 35.991714], [129.411073, 35.991637], [129.411074, 35.991485]]}}, {"type": "Feature", "properties": {"name": "", "osm_id": 996746717, "origin": "OBSERVED", "highway": "service"}, "geometry": {"type": "LineString", "coordinates": [[129.410021, 35.992613], [129.41005, 35.991937], [129.410061, 35.991766], [129.410068, 35.991651], [129.41008, 35.991467], [129.411074, 35.991485]]}}, {"type": "Feature", "properties": {"name": "", "osm_id": 996746718, "origin": "OBSERVED", "highway": "service"}, "geometry": {"type": "LineString", "coordinates": [[129.410068, 35.991651], [129.410541, 35.991642], [129.410679, 35.991639], [129.411073, 35.991637]]}}, {"type": "Feature", "properties": {"name": "", "osm_id": 996746719, "origin": "OBSERVED", "highway": "service"}, "geometry": {"type": "LineString", "coordinates": [[129.410061, 35.991766], [129.410447, 35.991773], [129.410548, 35.991767], [129.410717, 35.991757], [129.411063, 35.991748]]}}, {"type": "Feature", "properties": {"name": "", "osm_id": 996746720, "origin": "OBSERVED", "highway": "service"}, "geometry": {"type": "LineString", "coordinates": [[129.410548, 35.991767], [129.410541, 35.991642]]}}, {"type": "Feature", "properties": {"name": "", "osm_id": 996746721, "origin": "OBSERVED", "highway": "service"}, "geometry": {"type": "LineString", "coordinates": [[129.407756, 35.993559], [129.40862, 35.992198], [129.409068, 35.991454], [129.409075, 35.991442], [129.41008, 35.991467]]}}, {"type": "Feature", "properties": {"name": "", "osm_id": 996746722, "origin": "OBSERVED", "highway": "service"}, "geometry": {"type": "LineString", "coordinates": [[129.413194, 35.991501], [129.413786, 35.991506], [129.414271, 35.99151], [129.414253, 35.992529]]}}, {"type": "Feature", "properties": {"name": "", "osm_id": 996746723, "origin": "OBSERVED", "highway": "service"}, "geometry": {"type": "LineString", "coordinates": [[129.413786, 35.991506], [129.413785, 35.991349], [129.413784, 35.990946]]}}, {"type": "Feature", "properties": {"name": "", "osm_id": 996746724, "origin": "OBSERVED", "highway": "service"}, "geometry": {"type": "LineString", "coordinates": [[129.414271, 35.99151], [129.415009, 35.991526], [129.415257, 35.991531], [129.415295, 35.991532]]}}, {"type": "Feature", "properties": {"name": "", "osm_id": 996746725, "origin": "OBSERVED", "highway": "service"}, "geometry": {"type": "LineString", "coordinates": [[129.411074, 35.991485], [129.411472, 35.991479], [129.412214, 35.991507], [129.413194, 35.991501]]}}, {"type": "Feature", "properties": {"name": "", "osm_id": 996746726, "origin": "OBSERVED", "highway": "service"}, "geometry": {"type": "LineString", "coordinates": [[129.415257, 35.991531], [129.415244, 35.99235], [129.415244, 35.99292], [129.415165, 35.993095], [129.415153, 35.993122], [129.415109, 35.993225], [129.415023, 35.993411], [129.415002, 35.993538], [129.415008, 35.993644], [129.414974, 35.993677], [129.414864, 35.993677], [129.41483, 35.993573], [129.414856, 35.993569], [129.415002, 35.993538]]}}, {"type": "Feature", "properties": {"name": "", "osm_id": 996746727, "origin": "OBSERVED", "highway": "service"}, "geometry": {"type": "LineString", "coordinates": [[129.415153, 35.993122], [129.415012, 35.993119], [129.414819, 35.993117], [129.414637, 35.993114], [129.414667, 35.993665], [129.414864, 35.993677]]}}, {"type": "Feature", "properties": {"name": "", "osm_id": 996746728, "origin": "OBSERVED", "highway": "service"}, "geometry": {"type": "LineString", "coordinates": [[129.41483, 35.993573], [129.414819, 35.993117]]}}, {"type": "Feature", "properties": {"name": "", "osm_id": 996746729, "origin": "OBSERVED", "highway": "service"}, "geometry": {"type": "LineString", "coordinates": [[129.415023, 35.993411], [129.415012, 35.993119]]}}, {"type": "Feature", "properties": {"name": "", "osm_id": 996746730, "origin": "OBSERVED", "highway": "service"}, "geometry": {"type": "LineString", "coordinates": [[129.415009, 35.991526], [129.415009, 35.9916], [129.415092, 35.991615], [129.415099, 35.991854]]}}, {"type": "Feature", "properties": {"name": "", "osm_id": 996746731, "origin": "OBSERVED", "highway": "service"}, "geometry": {"type": "LineString", "coordinates": [[129.413785, 35.991349], [129.414666, 35.991362], [129.415246, 35.991374], [129.415641, 35.991383], [129.416111, 35.99137], [129.417037, 35.991395], [129.417573, 35.991416], [129.417698, 35.99142], [129.417728, 35.991374], [129.417741, 35.991083], [129.417958, 35.990966]]}}, {"type": "Feature", "properties": {"name": "", "osm_id": 996746732, "origin": "OBSERVED", "highway": "service"}, "geometry": {"type": "LineString", "coordinates": [[129.415246, 35.991374], [129.415251, 35.991246], [129.415389, 35.99124], [129.415393, 35.991102], [129.415399, 35.990955], [129.416024, 35.990947], [129.416019, 35.991098], [129.416014, 35.99124], [129.415389, 35.99124]]}}, {"type": "Feature", "properties": {"name": "", "osm_id": 996746733, "origin": "OBSERVED", "highway": "service"}, "geometry": {"type": "LineString", "coordinates": [[129.415393, 35.991102], [129.416019, 35.991098]]}}, {"type": "Feature", "properties": {"name": "", "osm_id": 996746734, "origin": "OBSERVED", "highway": "service"}, "geometry": {"type": "LineString", "coordinates": [[129.416014, 35.99124], [129.4161, 35.991246], [129.416111, 35.99137]]}}, {"type": "Feature", "properties": {"name": "", "osm_id": 996746735, "origin": "OBSERVED", "highway": "service"}, "geometry": {"type": "LineString", "coordinates": [[129.416024, 35.990947], [129.416103, 35.990953], [129.4161, 35.991246]]}}, {"type": "Feature", "properties": {"name": "", "osm_id": 996746736, "origin": "OBSERVED", "highway": "service"}, "geometry": {"type": "LineString", "coordinates": [[129.417958, 35.990966], [129.418199, 35.990926], [129.418445, 35.990939], [129.418711, 35.990921]]}}, {"type": "Feature", "properties": {"name": "", "osm_id": 996746744, "origin": "OBSERVED", "highway": "service"}, "geometry": {"type": "LineString", "coordinates": [[129.428771, 35.966716], [129.428978, 35.96695], [129.429054, 35.9672]]}}, {"type": "Feature", "properties": {"name": "", "osm_id": 996746745, "origin": "OBSERVED", "highway": "service"}, "geometry": {"type": "LineString", "coordinates": [[129.429054, 35.9672], [129.428881, 35.96713], [129.428814, 35.966935], [129.428771, 35.966716]]}}, {"type": "Feature", "properties": {"name": "", "osm_id": 996746746, "origin": "OBSERVED", "highway": "service"}, "geometry": {"type": "LineString", "coordinates": [[129.429054, 35.9672], [129.429228, 35.967584], [129.429382, 35.967938], [129.42945, 35.968094], [129.429712, 35.968666], [129.429958, 35.969257], [129.430652, 35.970802], [129.431004, 35.971628], [129.43104, 35.971708], [129.431277, 35.972231], [129.431639, 35.972972], [129.43165, 35.972998], [129.4318, 35.973338]]}}, {"type": "Feature", "properties": {"name": "", "osm_id": 996746748, "origin": "OBSERVED", "highway": "service"}, "geometry": {"type": "LineString", "coordinates": [[129.429382, 35.967938], [129.430902, 35.967478], [129.431014, 35.967442], [129.431794, 35.967214], [129.432142, 35.967117], [129.432262, 35.967152], [129.432644, 35.967919], [129.432601, 35.968016], [129.431369, 35.968402], [129.430902, 35.967478]]}}, {"type": "Feature", "properties": {"name": "", "osm_id": 996746749, "origin": "OBSERVED", "highway": "service"}, "geometry": {"type": "LineString", "coordinates": [[129.431369, 35.968402], [129.431528, 35.968781], [129.429958, 35.969257], [129.427872, 35.969882]]}}, {"type": "Feature", "properties": {"name": "", "osm_id": 996746750, "origin": "OBSERVED", "highway": "service"}, "geometry": {"type": "LineString", "coordinates": [[129.429382, 35.967938], [129.428992, 35.96806], [129.428707, 35.96815], [129.428231, 35.9683], [129.427297, 35.968593], [129.427357, 35.968745], [129.427692, 35.969586], [129.427843, 35.969835], [129.427872, 35.969882], [129.428014, 35.970281], [129.42803, 35.970319], [129.428477, 35.971393], [129.428679, 35.971768], [129.429177, 35.972848], [129.430498, 35.97246], [129.430843, 35.972358], [129.431277, 35.972231]]}}, {"type": "Feature", "properties": {"name": "", "osm_id": 996746751, "origin": "OBSERVED", "highway": "service"}, "geometry": {"type": "LineString", "coordinates": [[129.427164, 35.973473], [129.428463, 35.973069], [129.429177, 35.972848]]}}, {"type": "Feature", "properties": {"name": "", "osm_id": 996746752, "origin": "OBSERVED", "highway": "service"}, "geometry": {"type": "LineString", "coordinates": [[129.426419, 35.970532], [129.42803, 35.970319]]}}, {"type": "Feature", "properties": {"name": "", "osm_id": 996746753, "origin": "OBSERVED", "highway": "service"}, "geometry": {"type": "LineString", "coordinates": [[129.426204, 35.969768], [129.427843, 35.969835]]}}, {"type": "Feature", "properties": {"name": "", "osm_id": 996746754, "origin": "OBSERVED", "highway": "service"}, "geometry": {"type": "LineString", "coordinates": [[129.423299, 35.969525], [129.423589, 35.969546], [129.423792, 35.96956], [129.424741, 35.969671], [129.425664, 35.969761], [129.426204, 35.969768]]}}, {"type": "Feature", "properties": {"name": "", "osm_id": 996746755, "origin": "OBSERVED", "highway": "service"}, "geometry": {"type": "LineString", "coordinates": [[129.426662, 35.96729], [129.426894, 35.967808], [129.427297, 35.968593]]}}, {"type": "Feature", "properties": {"name": "", "osm_id": 996746756, "origin": "OBSERVED", "highway": "service"}, "geometry": {"type": "LineString", "coordinates": [[129.428707, 35.96815], [129.428688, 35.968254], [129.428641, 35.968311], [129.428579, 35.968346], [129.428474, 35.968379], [129.428392, 35.968379], [129.428326, 35.968346], [129.428231, 35.9683]]}}, {"type": "Feature", "properties": {"name": "", "osm_id": 996746772, "origin": "OBSERVED", "highway": "service"}, "geometry": {"type": "LineString", "coordinates": [[129.429177, 35.972848], [129.429344, 35.973132], [129.429635, 35.973774], [129.429818, 35.974176], [129.430652, 35.973883], [129.431071, 35.973736]]}}, {"type": "Feature", "properties": {"name": "", "osm_id": 996746773, "origin": "OBSERVED", "highway": "service"}, "geometry": {"type": "LineString", "coordinates": [[129.427542, 35.974947], [129.428271, 35.974709], [129.429205, 35.974404], [129.429818, 35.974176]]}}, {"type": "Feature", "properties": {"name": "", "osm_id": 996746774, "origin": "OBSERVED", "highway": "service"}, "geometry": {"type": "LineString", "coordinates": [[129.430652, 35.973883], [129.431056, 35.974747], [129.431073, 35.974783], [129.431343, 35.975386], [129.431376, 35.975458], [129.431589, 35.975887], [129.431616, 35.975934], [129.431701, 35.976083], [129.431843, 35.976278], [129.432011, 35.976506], [129.432332, 35.976343], [129.432451, 35.976314], [129.432599, 35.976372], [129.432794, 35.97672], [129.432893, 35.976861], [129.4331, 35.977159], [129.433328, 35.977488], [129.433328, 35.977572], [129.433256, 35.977622], [129.431921, 35.978218], [129.431235, 35.97851], [129.43078, 35.977812], [129.430384, 35.977204], [129.430272, 35.977032], [129.430109, 35.976734], [129.430012, 35.976568], [129.429936, 35.976188], [129.429889, 35.976127], [129.429647, 35.976141], [129.428258, 35.976276], [129.428306, 35.976433], [129.428484, 35.977014], [129.428676, 35.97764], [129.428687, 35.977683], [129.428752, 35.977939], [129.428956, 35.978747], [129.428969, 35.978796], [129.429113, 35.979444], [129.430123, 35.979], [129.430785, 35.978708], [129.431235, 35.97851]]}}, {"type": "Feature", "properties": {"name": "", "osm_id": 996746780, "origin": "OBSERVED", "highway": "service"}, "geometry": {"type": "LineString", "coordinates": [[129.428258, 35.976276], [129.428212, 35.976166], [129.428059, 35.975805], [129.427896, 35.97551], [129.427689, 35.975249], [129.427542, 35.974947]]}}, {"type": "Feature", "properties": {"name": "", "osm_id": 996746781, "origin": "OBSERVED", "highway": "service"}, "geometry": {"type": "LineString", "coordinates": [[129.427542, 35.974947], [129.427425, 35.974687], [129.427398, 35.974628], [129.427351, 35.974397], [129.427244, 35.973865], [129.427164, 35.973473]]}}, {"type": "Feature", "properties": {"name": "", "osm_id": 996746782, "origin": "OBSERVED", "highway": "service"}, "geometry": {"type": "LineString", "coordinates": [[129.426419, 35.970532], [129.426664, 35.97146], [129.426846, 35.972111], [129.42697, 35.972651], [129.427164, 35.973473]]}}, {"type": "Feature", "properties": {"name": "", "osm_id": 996746839, "origin": "OBSERVED", "highway": "service"}, "geometry": {"type": "LineString", "coordinates": [[129.424772, 35.976237], [129.425176, 35.97625], [129.425267, 35.976253], [129.425352, 35.97626], [129.425939, 35.976306], [129.427426, 35.976423], [129.428075, 35.97643], [129.428306, 35.976433]]}}, {"type": "Feature", "properties": {"name": "", "osm_id": 996746840, "origin": "OBSERVED", "highway": "service"}, "geometry": {"type": "LineString", "coordinates": [[129.425176, 35.97625], [129.425155, 35.976328], [129.425114, 35.976881]]}}, {"type": "Feature", "properties": {"name": "", "osm_id": 996746841, "origin": "OBSERVED", "highway": "service"}, "geometry": {"type": "LineString", "coordinates": [[129.423589, 35.969546], [129.42391, 35.970508], [129.424568, 35.97226], [129.42467, 35.972929], [129.42466, 35.973722], [129.424705, 35.974144], [129.424721, 35.974296], [129.424723, 35.974371], [129.424757, 35.975675], [129.424759, 35.975755], [129.424772, 35.976237]]}}, {"type": "Feature", "properties": {"name": "", "osm_id": 996746842, "origin": "OBSERVED", "highway": "service"}, "geometry": {"type": "LineString", "coordinates": [[129.424705, 35.974144], [129.425317, 35.97407], [129.425987, 35.97399], [129.42642, 35.973947], [129.427244, 35.973865]]}}, {"type": "Feature", "properties": {"name": "", "osm_id": 996746843, "origin": "OBSERVED", "highway": "service"}, "geometry": {"type": "LineString", "coordinates": [[129.424759, 35.975755], [129.425092, 35.975755], [129.42623, 35.975711]]}}, {"type": "Feature", "properties": {"name": "", "osm_id": 996746844, "origin": "OBSERVED", "highway": "service"}, "geometry": {"type": "LineString", "coordinates": [[129.416957, 35.97618], [129.417334, 35.976176], [129.41804, 35.976117], [129.418116, 35.976106], [129.418175, 35.976117], [129.418664, 35.976099], [129.419132, 35.976113], [129.419543, 35.976101], [129.419716, 35.976096], [129.420083, 35.976117], [129.420278, 35.976127], [129.421089, 35.976158], [129.421769, 35.976188], [129.422065, 35.9762], [129.422303, 35.976211], [129.423341, 35.976204], [129.424772, 35.976237]]}}, {"type": "Feature", "properties": {"name": "", "osm_id": 996746845, "origin": "OBSERVED", "highway": "service"}, "geometry": {"type": "LineString", "coordinates": [[129.421246, 35.974972], [129.421325, 35.974981], [129.421404, 35.975097], [129.421556, 35.975453], [129.421704, 35.975743], [129.421744, 35.975858], [129.421769, 35.976188]]}}, {"type": "Feature", "properties": {"name": "", "osm_id": 996746846, "origin": "OBSERVED", "highway": "service"}, "geometry": {"type": "LineString", "coordinates": [[129.421089, 35.976158], [129.421246, 35.974972]]}}, {"type": "Feature", "properties": {"name": "", "osm_id": 996746847, "origin": "OBSERVED", "highway": "service"}, "geometry": {"type": "LineString", "coordinates": [[129.419553, 35.974741], [129.420096, 35.97479], [129.419993, 35.975527], [129.42016, 35.975536], [129.420083, 35.976117]]}}, {"type": "Feature", "properties": {"name": "", "osm_id": 996746848, "origin": "OBSERVED", "highway": "service"}, "geometry": {"type": "LineString", "coordinates": [[129.420083, 35.976117], [129.420072, 35.976465], [129.421052, 35.976497], [129.421089, 35.976158]]}}, {"type": "Feature", "properties": {"name": "", "osm_id": 996746849, "origin": "OBSERVED", "highway": "service"}, "geometry": {"type": "LineString", "coordinates": [[129.42233, 35.966333], [129.422336, 35.966406], [129.422348, 35.966565], [129.422236, 35.967419], [129.422194, 35.967733], [129.422142, 35.968114], [129.422084, 35.96859], [129.422022, 35.9691], [129.421979, 35.969423], [129.421889, 35.970115], [129.421816, 35.970637], [129.42173, 35.971255], [129.421709, 35.97141], [129.421618, 35.97231]]}}, {"type": "Feature", "properties": {"name": "", "osm_id": 996746850, "origin": "OBSERVED", "highway": "service"}, "geometry": {"type": "LineString", "coordinates": [[129.421246, 35.974972], [129.421276, 35.97475], [129.421319, 35.97443], [129.421355, 35.974166], [129.421368, 35.974071], [129.421437, 35.973556], [129.421525, 35.972901], [129.421567, 35.972591], [129.421618, 35.97231]]}}, {"type": "Feature", "properties": {"name": "", "osm_id": 996746851, "origin": "OBSERVED", "highway": "service"}, "geometry": {"type": "LineString", "coordinates": [[129.422065, 35.9762], [129.422065, 35.976445], [129.422498, 35.976431]]}}, {"type": "Feature", "properties": {"name": "", "osm_id": 996746852, "origin": "OBSERVED", "highway": "service"}, "geometry": {"type": "LineString", "coordinates": [[129.422065, 35.976445], [129.421443, 35.976413]]}}, {"type": "Feature", "properties": {"name": "", "osm_id": 996746853, "origin": "OBSERVED", "highway": "service"}, "geometry": {"type": "LineString", "coordinates": [[129.421052, 35.976497], [129.420956, 35.977181], [129.420912, 35.977493], [129.420787, 35.97843], [129.420621, 35.979669], [129.420597, 35.979894], [129.422114, 35.980046], [129.423653, 35.980167], [129.424554, 35.980238], [129.424918, 35.980301], [129.424908, 35.979034], [129.424793, 35.976603], [129.424772, 35.976237]]}}, {"type": "Feature", "properties": {"name": "", "osm_id": 996746854, "origin": "OBSERVED", "highway": "service"}, "geometry": {"type": "LineString", "coordinates": [[129.424918, 35.980301], [129.424991, 35.980312], [129.425365, 35.980364], [129.425439, 35.980374], [129.426258, 35.98033], [129.426747, 35.980177], [129.426952, 35.980113], [129.427484, 35.979947], [129.427848, 35.979845], [129.428282, 35.979723], [129.428747, 35.979593], [129.429113, 35.979444]]}}, {"type": "Feature", "properties": {"name": "", "osm_id": 996746857, "origin": "OBSERVED", "highway": "service"}, "geometry": {"type": "LineString", "coordinates": [[129.420006, 35.984204], [129.420164, 35.982902], [129.420236, 35.982372], [129.420392, 35.981218], [129.420395, 35.981197], [129.420597, 35.979894]]}}, {"type": "Feature", "properties": {"name": "", "osm_id": 996746858, "origin": "OBSERVED", "highway": "service"}, "geometry": {"type": "LineString", "coordinates": [[129.420597, 35.979894], [129.419384, 35.979781], [129.418999, 35.979745], [129.419062, 35.979253], [129.419068, 35.97921], [129.419151, 35.978625], [129.419192, 35.978342]]}}, {"type": "Feature", "properties": {"name": "", "osm_id": 996750305, "origin": "OBSERVED", "highway": "service"}, "geometry": {"type": "LineString", "coordinates": [[129.415681, 35.979496], [129.415898, 35.979496], [129.416429, 35.979529], [129.417335, 35.979605], [129.418001, 35.97966], [129.418162, 35.979673], [129.418968, 35.97974], [129.418999, 35.979745]]}}, {"type": "Feature", "properties": {"name": "", "osm_id": 996750306, "origin": "OBSERVED", "highway": "service"}, "geometry": {"type": "LineString", "coordinates": [[129.419195, 35.981107], [129.419272, 35.98059], [129.41932, 35.980188], [129.419384, 35.979781]]}}, {"type": "Feature", "properties": {"name": "", "osm_id": 996750307, "origin": "OBSERVED", "highway": "service"}, "geometry": {"type": "LineString", "coordinates": [[129.418162, 35.979673], [129.418098, 35.980171], [129.417983, 35.980973], [129.419195, 35.981107]]}}, {"type": "Feature", "properties": {"name": "", "osm_id": 996750308, "origin": "OBSERVED", "highway": "service"}, "geometry": {"type": "LineString", "coordinates": [[129.419195, 35.981107], [129.419703, 35.981146], [129.419723, 35.981148], [129.420392, 35.981218]]}}, {"type": "Feature", "properties": {"name": "", "osm_id": 996750309, "origin": "OBSERVED", "highway": "service"}, "geometry": {"type": "LineString", "coordinates": [[129.419723, 35.981148], [129.41967, 35.98159]]}}, {"type": "Feature", "properties": {"name": "", "osm_id": 996750310, "origin": "OBSERVED", "highway": "service"}, "geometry": {"type": "LineString", "coordinates": [[129.42475, 35.981613], [129.424882, 35.980562], [129.424918, 35.980301]]}}, {"type": "Feature", "properties": {"name": "", "osm_id": 996750311, "origin": "OBSERVED", "highway": "service"}, "geometry": {"type": "LineString", "coordinates": [[129.420392, 35.981218], [129.421025, 35.981286], [129.421581, 35.981344], [129.421729, 35.981359], [129.422029, 35.981391], [129.42293, 35.981454], [129.423115, 35.981467], [129.423685, 35.981513], [129.424222, 35.981557], [129.42475, 35.981613]]}}, {"type": "Feature", "properties": {"name": "", "osm_id": 996750312, "origin": "OBSERVED", "highway": "service"}, "geometry": {"type": "LineString", "coordinates": [[129.420164, 35.982902], [129.421029, 35.982943], [129.421085, 35.982942], [129.422724, 35.982908], [129.424466, 35.982887], [129.4246, 35.98287], [129.424706, 35.981979], [129.42475, 35.981613]]}}, {"type": "Feature", "properties": {"name": "", "osm_id": 996750313, "origin": "OBSERVED", "highway": "service"}, "geometry": {"type": "LineString", "coordinates": [[129.420006, 35.984204], [129.421106, 35.984228], [129.422934, 35.984273], [129.424256, 35.984248], [129.424428, 35.984186], [129.424484, 35.983884], [129.4246, 35.98287]]}}, {"type": "Feature", "properties": {"name": "", "osm_id": 996750314, "origin": "OBSERVED", "highway": "service"}, "geometry": {"type": "LineString", "coordinates": [[129.421106, 35.984228], [129.421099, 35.983908], [129.421093, 35.983624], [129.421085, 35.982942]]}}, {"type": "Feature", "properties": {"name": "", "osm_id": 996750315, "origin": "OBSERVED", "highway": "service"}, "geometry": {"type": "LineString", "coordinates": [[129.421099, 35.983908], [129.422085, 35.98388]]}}, {"type": "Feature", "properties": {"name": "", "osm_id": 996750316, "origin": "OBSERVED", "highway": "service"}, "geometry": {"type": "LineString", "coordinates": [[129.420164, 35.982902], [129.419385, 35.982866], [129.418956, 35.982823], [129.418519, 35.98278], [129.41819, 35.982747], [129.417536, 35.982682], [129.41663, 35.982613], [129.41627, 35.982613], [129.416047, 35.982579], [129.415789, 35.98254], [129.415167, 35.982512], [129.414411, 35.982436], [129.41433, 35.982429], [129.413566, 35.982363], [129.412915, 35.982317], [129.412847, 35.982313], [129.412772, 35.982307]]}}, {"type": "Feature", "properties": {"name": "", "osm_id": 996750317, "origin": "OBSERVED", "highway": "service"}, "geometry": {"type": "LineString", "coordinates": [[129.41433, 35.982429], [129.414263, 35.982972], [129.414223, 35.983294], [129.414101, 35.984257], [129.414063, 35.98456], [129.414047, 35.98469], [129.414024, 35.984856], [129.414656, 35.984887], [129.415248, 35.984895], [129.415673, 35.984863], [129.415982, 35.98469], [129.416321, 35.984401], [129.416566, 35.98421], [129.416819, 35.984179], [129.419613, 35.984203], [129.420006, 35.984204]]}}, {"type": "Feature", "properties": {"name": "", "osm_id": 996750318, "origin": "OBSERVED", "highway": "service"}, "geometry": {"type": "LineString", "coordinates": [[129.412915, 35.982317], [129.412932, 35.982195], [129.412967, 35.98194], [129.413187, 35.981932], [129.413169, 35.982174], [129.413047, 35.982194], [129.412932, 35.982195]]}}, {"type": "Feature", "properties": {"name": "", "osm_id": 996750319, "origin": "OBSERVED", "highway": "service"}, "geometry": {"type": "LineString", "coordinates": [[129.412772, 35.982307], [129.412826, 35.981902]]}}, {"type": "Feature", "properties": {"name": "", "osm_id": 996750320, "origin": "OBSERVED", "highway": "service"}, "geometry": {"type": "LineString", "coordinates": [[129.412816, 35.982825], [129.413905, 35.982965], [129.414263, 35.982972]]}}, {"type": "Feature", "properties": {"name": "", "osm_id": 996750321, "origin": "OBSERVED", "highway": "service"}, "geometry": {"type": "LineString", "coordinates": [[129.412816, 35.982825], [129.412847, 35.982313]]}}, {"type": "Feature", "properties": {"name": "", "osm_id": 996750322, "origin": "OBSERVED", "highway": "service"}, "geometry": {"type": "LineString", "coordinates": [[129.412563, 35.983774], [129.412606, 35.983219], [129.412657, 35.982813], [129.412816, 35.982825]]}}, {"type": "Feature", "properties": {"name": "", "osm_id": 996750323, "origin": "OBSERVED", "highway": "service"}, "geometry": {"type": "LineString", "coordinates": [[129.413158, 35.98446], [129.414063, 35.98456]]}}, {"type": "Feature", "properties": {"name": "", "osm_id": 996750324, "origin": "OBSERVED", "highway": "service"}, "geometry": {"type": "LineString", "coordinates": [[129.414101, 35.984257], [129.414302, 35.98425], [129.414501, 35.98418], [129.414717, 35.98418], [129.41497, 35.984212], [129.415219, 35.984046]]}}, {"type": "Feature", "properties": {"name": "", "osm_id": 996750325, "origin": "OBSERVED", "highway": "service"}, "geometry": {"type": "LineString", "coordinates": [[129.417536, 35.982682], [129.417438, 35.983427]]}}, {"type": "Feature", "properties": {"name": "", "osm_id": 996750326, "origin": "OBSERVED", "highway": "service"}, "geometry": {"type": "LineString", "coordinates": [[129.416233, 35.981029], [129.416316, 35.980883], [129.416356, 35.980863], [129.417983, 35.980973]]}}, {"type": "Feature", "properties": {"name": "", "osm_id": 996750327, "origin": "OBSERVED", "highway": "service"}, "geometry": {"type": "LineString", "coordinates": [[129.415349, 35.980264], [129.415547, 35.980299], [129.415886, 35.980344], [129.415955, 35.980349], [129.416392, 35.980375], [129.417135, 35.980428], [129.417247, 35.980442], [129.417335, 35.979605]]}}, {"type": "Feature", "properties": {"name": "", "osm_id": 996750328, "origin": "OBSERVED", "highway": "service"}, "geometry": {"type": "LineString", "coordinates": [[129.41627, 35.982613], [129.416284, 35.982314], [129.41624, 35.982159], [129.416132, 35.982081], [129.416233, 35.981029]]}}, {"type": "Feature", "properties": {"name": "", "osm_id": 996750329, "origin": "OBSERVED", "highway": "service"}, "geometry": {"type": "LineString", "coordinates": [[129.416047, 35.982579], [129.416132, 35.982081]]}}, {"type": "Feature", "properties": {"name": "", "osm_id": 996750330, "origin": "OBSERVED", "highway": "service"}, "geometry": {"type": "LineString", "coordinates": [[129.415067, 35.982013], [129.415454, 35.982025], [129.416132, 35.982081]]}}, {"type": "Feature", "properties": {"name": "", "osm_id": 996750331, "origin": "OBSERVED", "highway": "service"}, "geometry": {"type": "LineString", "coordinates": [[129.415067, 35.982013], [129.41501, 35.982005], [129.41497, 35.982066], [129.414541, 35.982031]]}}, {"type": "Feature", "properties": {"name": "", "osm_id": 996750332, "origin": "OBSERVED", "highway": "service"}, "geometry": {"type": "LineString", "coordinates": [[129.418956, 35.982823], [129.419023, 35.982431], [129.419044, 35.982297], [129.420236, 35.982372]]}}, {"type": "Feature", "properties": {"name": "", "osm_id": 996750334, "origin": "OBSERVED", "highway": "service"}, "geometry": {"type": "LineString", "coordinates": [[129.424991, 35.980312], [129.425201, 35.980473], [129.425214, 35.980489], [129.425253, 35.980536], [129.42564, 35.981002], [129.425854, 35.981282], [129.426028, 35.981704], [129.426188, 35.98229], [129.426359, 35.983116], [129.426439, 35.983494], [129.426444, 35.984326], [129.425966, 35.984314], [129.4248, 35.984307], [129.424724, 35.984324], [129.424676, 35.984348], [129.424668, 35.984471], [129.424673, 35.984636], [129.424686, 35.984786], [129.42478, 35.984941], [129.424925, 35.985071], [129.424956, 35.985164], [129.424948, 35.985453], [129.424948, 35.985643], [129.424956, 35.985765]]}}, {"type": "Feature", "properties": {"name": "", "osm_id": 996750335, "origin": "OBSERVED", "highway": "service"}, "geometry": {"type": "LineString", "coordinates": [[129.424956, 35.985765], [129.424965, 35.985788], [129.425752, 35.985766]]}}, {"type": "Feature", "properties": {"name": "", "osm_id": 996750336, "origin": "OBSERVED", "highway": "service"}, "geometry": {"type": "LineString", "coordinates": [[129.426747, 35.980177], [129.426814, 35.980484], [129.426893, 35.980854], [129.426916, 35.980948], [129.426961, 35.98113], [129.427, 35.981287]]}}, {"type": "Feature", "properties": {"name": "", "osm_id": 996750337, "origin": "OBSERVED", "highway": "service"}, "geometry": {"type": "LineString", "coordinates": [[129.425854, 35.981282], [129.426015, 35.981271], [129.426257, 35.981278], [129.426944, 35.9813], [129.427, 35.981287], [129.427191, 35.981281], [129.427322, 35.981273], [129.428381, 35.98137], [129.428406, 35.981405], [129.428373, 35.981678]]}}, {"type": "Feature", "properties": {"name": "", "osm_id": 996750338, "origin": "OBSERVED", "highway": "service"}, "geometry": {"type": "LineString", "coordinates": [[129.427191, 35.981281], [129.427186, 35.981485], [129.427143, 35.981861]]}}, {"type": "Feature", "properties": {"name": "", "osm_id": 996750339, "origin": "OBSERVED", "highway": "service"}, "geometry": {"type": "LineString", "coordinates": [[129.425932, 35.980995], [129.426893, 35.980854]]}}, {"type": "Feature", "properties": {"name": "", "osm_id": 996750340, "origin": "OBSERVED", "highway": "service"}, "geometry": {"type": "LineString", "coordinates": [[129.427001, 35.980673], [129.427062, 35.980933], [129.427108, 35.981133]]}}, {"type": "Feature", "properties": {"name": "", "osm_id": 996750341, "origin": "OBSERVED", "highway": "service"}, "geometry": {"type": "LineString", "coordinates": [[129.426916, 35.980948], [129.427062, 35.980933]]}}, {"type": "Feature", "properties": {"name": "", "osm_id": 996750342, "origin": "OBSERVED", "highway": "service"}, "geometry": {"type": "LineString", "coordinates": [[129.426952, 35.980113], [129.427044, 35.980336], [129.427925, 35.980068], [129.427848, 35.979845]]}}, {"type": "Feature", "properties": {"name": "", "osm_id": 996750343, "origin": "OBSERVED", "highway": "service"}, "geometry": {"type": "LineString", "coordinates": [[129.428956, 35.978747], [129.429958, 35.97857], [129.429998, 35.978669], [129.430123, 35.979]]}}, {"type": "Feature", "properties": {"name": "", "osm_id": 996750354, "origin": "OBSERVED", "highway": "service"}, "geometry": {"type": "LineString", "coordinates": [[129.427819, 35.977856], [129.428687, 35.977683]]}}, {"type": "Feature", "properties": {"name": "", "osm_id": 996750355, "origin": "OBSERVED", "highway": "service"}, "geometry": {"type": "LineString", "coordinates": [[129.428282, 35.979723], [129.428131, 35.979287], [129.42798, 35.978853], [129.427759, 35.977893], [129.427819, 35.977856]]}}, {"type": "Feature", "properties": {"name": "", "osm_id": 996750356, "origin": "OBSERVED", "highway": "service"}, "geometry": {"type": "LineString", "coordinates": [[129.428131, 35.979287], [129.427583, 35.979418], [129.426973, 35.979523], [129.426645, 35.979568], [129.426747, 35.980177]]}}, {"type": "Feature", "properties": {"name": "", "osm_id": 996750357, "origin": "OBSERVED", "highway": "service"}, "geometry": {"type": "LineString", "coordinates": [[129.426257, 35.981278], [129.426451, 35.981194], [129.426734, 35.981164], [129.426961, 35.98113]]}}, {"type": "Feature", "properties": {"name": "", "osm_id": 996750358, "origin": "OBSERVED", "highway": "service"}, "geometry": {"type": "LineString", "coordinates": [[129.419192, 35.978342], [129.419257, 35.978282], [129.419719, 35.978307], [129.419778, 35.97839], [129.419995, 35.978426], [129.420101, 35.978362], [129.420324, 35.978384], [129.420787, 35.97843]]}}, {"type": "Feature", "properties": {"name": "", "osm_id": 996750359, "origin": "OBSERVED", "highway": "service"}, "geometry": {"type": "LineString", "coordinates": [[129.419719, 35.978307], [129.420101, 35.978362]]}}, {"type": "Feature", "properties": {"name": "", "osm_id": 996750360, "origin": "OBSERVED", "highway": "service"}, "geometry": {"type": "LineString", "coordinates": [[129.418001, 35.97966], [129.418055, 35.979193], [129.418129, 35.978544], [129.419151, 35.978625]]}}, {"type": "Feature", "properties": {"name": "", "osm_id": 996750361, "origin": "OBSERVED", "highway": "service"}, "geometry": {"type": "LineString", "coordinates": [[129.41895, 35.97925], [129.418602, 35.979228], [129.418317, 35.979209], [129.418272, 35.979206], [129.418055, 35.979193]]}}, {"type": "Feature", "properties": {"name": "", "osm_id": 996750362, "origin": "OBSERVED", "highway": "service"}, "geometry": {"type": "LineString", "coordinates": [[129.419062, 35.979253], [129.419249, 35.979258], [129.419257, 35.979212], [129.41928, 35.979084]]}}, {"type": "Feature", "properties": {"name": "", "osm_id": 996750363, "origin": "OBSERVED", "highway": "service"}, "geometry": {"type": "LineString", "coordinates": [[129.419249, 35.979258], [129.419226, 35.979535]]}}, {"type": "Feature", "properties": {"name": "", "osm_id": 996750364, "origin": "OBSERVED", "highway": "service"}, "geometry": {"type": "LineString", "coordinates": [[129.418602, 35.979228], [129.418583, 35.979469]]}}, {"type": "Feature", "properties": {"name": "", "osm_id": 996750365, "origin": "OBSERVED", "highway": "service"}, "geometry": {"type": "LineString", "coordinates": [[129.419257, 35.979212], [129.420068, 35.979297], [129.420211, 35.979301], [129.42024, 35.979068], [129.420254, 35.978953], [129.420294, 35.978623], [129.420324, 35.978384]]}}, {"type": "Feature", "properties": {"name": "", "osm_id": 996750366, "origin": "OBSERVED", "highway": "service"}, "geometry": {"type": "LineString", "coordinates": [[129.420254, 35.978953], [129.420441, 35.978968], [129.420497, 35.978649], [129.420426, 35.978626], [129.420294, 35.978623]]}}, {"type": "Feature", "properties": {"name": "", "osm_id": 996750367, "origin": "OBSERVED", "highway": "service"}, "geometry": {"type": "LineString", "coordinates": [[129.42024, 35.979068], [129.420432, 35.979082], [129.42041, 35.979324], [129.420211, 35.979301]]}}, {"type": "Feature", "properties": {"name": "", "osm_id": 996750368, "origin": "OBSERVED", "highway": "service"}, "geometry": {"type": "LineString", "coordinates": [[129.420211, 35.979301], [129.420172, 35.979638], [129.420368, 35.979652], [129.42041, 35.979324]]}}, {"type": "Feature", "properties": {"name": "", "osm_id": 996750369, "origin": "OBSERVED", "highway": "service"}, "geometry": {"type": "LineString", "coordinates": [[129.418272, 35.979206], [129.418282, 35.979082]]}}, {"type": "Feature", "properties": {"name": "", "osm_id": 996750370, "origin": "OBSERVED", "highway": "service"}, "geometry": {"type": "LineString", "coordinates": [[129.418317, 35.979209], [129.418312, 35.979313], [129.418367, 35.979323], [129.41835, 35.979469]]}}, {"type": "Feature", "properties": {"name": "", "osm_id": 996750371, "origin": "OBSERVED", "highway": "service"}, "geometry": {"type": "LineString", "coordinates": [[129.418312, 35.979313], [129.418247, 35.979318], [129.418218, 35.979547]]}}, {"type": "Feature", "properties": {"name": "", "osm_id": 996750372, "origin": "OBSERVED", "highway": "service"}, "geometry": {"type": "LineString", "coordinates": [[129.419052, 35.977092], [129.419484, 35.977102], [129.420017, 35.977114], [129.420698, 35.977162], [129.420956, 35.977181]]}}, {"type": "Feature", "properties": {"name": "", "osm_id": 996750373, "origin": "OBSERVED", "highway": "service"}, "geometry": {"type": "LineString", "coordinates": [[129.421729, 35.981359], [129.421719, 35.981626], [129.421785, 35.981711], [129.421773, 35.981769]]}}, {"type": "Feature", "properties": {"name": "", "osm_id": 996750374, "origin": "OBSERVED", "highway": "service"}, "geometry": {"type": "LineString", "coordinates": [[129.423653, 35.980167], [129.423642, 35.980449], [129.423551, 35.981007], [129.423496, 35.981208]]}}, {"type": "Feature", "properties": {"name": "", "osm_id": 996750375, "origin": "OBSERVED", "highway": "service"}, "geometry": {"type": "LineString", "coordinates": [[129.421581, 35.981344], [129.4216, 35.981245], [129.421718, 35.981132], [129.421782, 35.980889], [129.421921, 35.980881], [129.422352, 35.980916], [129.422443, 35.980923], [129.423551, 35.981007]]}}, {"type": "Feature", "properties": {"name": "", "osm_id": 996750376, "origin": "OBSERVED", "highway": "service"}, "geometry": {"type": "LineString", "coordinates": [[129.422352, 35.980916], [129.422306, 35.981186], [129.421718, 35.981132]]}}, {"type": "Feature", "properties": {"name": "", "osm_id": 996750377, "origin": "OBSERVED", "highway": "service"}, "geometry": {"type": "LineString", "coordinates": [[129.422306, 35.981186], [129.42234, 35.981235], [129.422926, 35.981282], [129.42293, 35.981454], [129.422962, 35.98163], [129.423651, 35.981667], [129.423685, 35.981513]]}}, {"type": "Feature", "properties": {"name": "", "osm_id": 996750378, "origin": "OBSERVED", "highway": "service"}, "geometry": {"type": "LineString", "coordinates": [[129.423651, 35.981667], [129.424279, 35.981743], [129.424297, 35.981955], [129.424706, 35.981979]]}}, {"type": "Feature", "properties": {"name": "", "osm_id": 996750379, "origin": "OBSERVED", "highway": "service"}, "geometry": {"type": "LineString", "coordinates": [[129.421719, 35.981626], [129.421466, 35.981662], [129.421421, 35.981881], [129.421378, 35.982072], [129.420732, 35.982028], [129.420768, 35.981824], [129.421421, 35.981881]]}}, {"type": "Feature", "properties": {"name": "", "osm_id": 996750380, "origin": "OBSERVED", "highway": "service"}, "geometry": {"type": "LineString", "coordinates": [[129.421466, 35.981662], [129.420877, 35.981584], [129.420826, 35.981598], [129.420768, 35.981824]]}}, {"type": "Feature", "properties": {"name": "", "osm_id": 996750381, "origin": "OBSERVED", "highway": "service"}, "geometry": {"type": "LineString", "coordinates": [[129.410606, 35.983386], [129.41086, 35.983539], [129.411279, 35.98391], [129.411618, 35.984111]]}}, {"type": "Feature", "properties": {"name": "", "osm_id": 996750382, "origin": "OBSERVED", "highway": "service"}, "geometry": {"type": "LineString", "coordinates": [[129.414024, 35.984856], [129.412857, 35.984842], [129.412222, 35.984852], [129.411604, 35.984858], [129.411206, 35.985034], [129.410872, 35.985216], [129.410589, 35.985329], [129.409943, 35.985505], [129.409453, 35.985697], [129.409144, 35.985889], [129.408619, 35.986171], [129.407768, 35.986616], [129.407705, 35.986649], [129.406919, 35.987062], [129.406582, 35.987219], [129.406432, 35.987298], [129.406327, 35.987446], [129.406268, 35.98762], [129.406268, 35.987692], [129.406271, 35.987886], [129.406337, 35.988176], [129.4066, 35.988618], [129.406929, 35.989065], [129.407104, 35.989326], [129.407624, 35.990047], [129.407936, 35.990356], [129.408297, 35.990724], [129.409068, 35.991454]]}}, {"type": "Feature", "properties": {"name": "", "osm_id": 996750383, "origin": "OBSERVED", "highway": "service"}, "geometry": {"type": "LineString", "coordinates": [[129.407768, 35.986616], [129.407955, 35.986839], [129.408141, 35.986922], [129.408276, 35.986938], [129.408651, 35.986827], [129.408999, 35.98665], [129.409151, 35.986526]]}}, {"type": "Feature", "properties": {"name": "", "osm_id": 996750384, "origin": "OBSERVED", "highway": "service"}, "geometry": {"type": "LineString", "coordinates": [[129.421319, 35.97443], [129.421807, 35.974423], [129.422234, 35.974418], [129.423584, 35.974399], [129.424723, 35.974371]]}}, {"type": "Feature", "properties": {"name": "", "osm_id": 996750385, "origin": "OBSERVED", "highway": "service"}, "geometry": {"type": "LineString", "coordinates": [[129.421437, 35.973556], [129.422547, 35.973642]]}}, {"type": "Feature", "properties": {"name": "", "osm_id": 996750386, "origin": "OBSERVED", "highway": "service"}, "geometry": {"type": "LineString", "coordinates": [[129.421525, 35.972901], [129.422036, 35.972908], [129.423395, 35.972804], [129.423538, 35.972793]]}}, {"type": "Feature", "properties": {"name": "", "osm_id": 996750387, "origin": "OBSERVED", "highway": "service"}, "geometry": {"type": "LineString", "coordinates": [[129.421618, 35.97231], [129.422923, 35.972423], [129.422979, 35.972293], [129.423017, 35.972264], [129.423283, 35.972262], [129.423405, 35.97229], [129.423438, 35.972356], [129.423415, 35.972557], [129.423395, 35.972804]]}}, {"type": "Feature", "properties": {"name": "", "osm_id": 996750388, "origin": "OBSERVED", "highway": "service"}, "geometry": {"type": "LineString", "coordinates": [[129.421816, 35.970637], [129.420794, 35.970578], [129.420296, 35.970523], [129.420224, 35.970552], [129.420184, 35.970846], [129.420148, 35.971112], [129.420487, 35.971127], [129.42173, 35.971255]]}}, {"type": "Feature", "properties": {"name": "", "osm_id": 996750389, "origin": "OBSERVED", "highway": "service"}, "geometry": {"type": "LineString", "coordinates": [[129.420148, 35.971112], [129.419948, 35.971102], [129.419987, 35.970845], [129.420184, 35.970846]]}}, {"type": "Feature", "properties": {"name": "", "osm_id": 996750390, "origin": "OBSERVED", "highway": "service"}, "geometry": {"type": "LineString", "coordinates": [[129.419796, 35.974042], [129.420828, 35.974141], [129.421355, 35.974166]]}}, {"type": "Feature", "properties": {"name": "", "osm_id": 996750391, "origin": "OBSERVED", "highway": "service"}, "geometry": {"type": "LineString", "coordinates": [[129.419502, 35.974594], [129.419536, 35.974325], [129.419725, 35.974325], [129.419714, 35.974608], [129.420077, 35.97466], [129.420912, 35.974718], [129.421276, 35.97475]]}}, {"type": "Feature", "properties": {"name": "", "osm_id": 996750392, "origin": "OBSERVED", "highway": "service"}, "geometry": {"type": "LineString", "coordinates": [[129.419502, 35.974594], [129.419714, 35.974608]]}}, {"type": "Feature", "properties": {"name": "", "osm_id": 996750393, "origin": "OBSERVED", "highway": "service"}, "geometry": {"type": "LineString", "coordinates": [[129.419796, 35.974042], [129.419725, 35.974325]]}}, {"type": "Feature", "properties": {"name": "", "osm_id": 996750394, "origin": "OBSERVED", "highway": "service"}, "geometry": {"type": "LineString", "coordinates": [[129.421368, 35.974071], [129.422145, 35.974149], [129.42227, 35.974162], [129.422234, 35.974418]]}}, {"type": "Feature", "properties": {"name": "", "osm_id": 996750395, "origin": "OBSERVED", "highway": "service"}, "geometry": {"type": "LineString", "coordinates": [[129.422145, 35.974149], [129.422158, 35.973928]]}}, {"type": "Feature", "properties": {"name": "", "osm_id": 996750396, "origin": "OBSERVED", "highway": "service"}, "geometry": {"type": "LineString", "coordinates": [[129.41999, 35.971293], [129.420409, 35.971207], [129.420773, 35.971229], [129.421327, 35.971347], [129.421709, 35.97141]]}}, {"type": "Feature", "properties": {"name": "", "osm_id": 996750397, "origin": "OBSERVED", "highway": "service"}, "geometry": {"type": "LineString", "coordinates": [[129.417461, 35.975782], [129.417916, 35.975376], [129.41795, 35.975287], [129.418125, 35.974827], [129.418237, 35.974742], [129.418491, 35.974778], [129.418575, 35.974647], [129.41862, 35.974578], [129.418676, 35.974475], [129.418892, 35.974415], [129.419013, 35.974253]]}}, {"type": "Feature", "properties": {"name": "", "osm_id": 996750398, "origin": "OBSERVED", "highway": "service"}, "geometry": {"type": "LineString", "coordinates": [[129.418116, 35.976106], [129.418206, 35.975477], [129.418244, 35.975291], [129.41795, 35.975287]]}}, {"type": "Feature", "properties": {"name": "", "osm_id": 996750399, "origin": "OBSERVED", "highway": "service"}, "geometry": {"type": "LineString", "coordinates": [[129.418175, 35.976117], [129.418197, 35.976364], [129.417836, 35.976408]]}}, {"type": "Feature", "properties": {"name": "", "osm_id": 996750400, "origin": "OBSERVED", "highway": "service"}, "geometry": {"type": "LineString", "coordinates": [[129.418244, 35.975291], [129.418358, 35.975185], [129.418432, 35.975037], [129.418432, 35.974956]]}}, {"type": "Feature", "properties": {"name": "", "osm_id": 996750401, "origin": "OBSERVED", "highway": "service"}, "geometry": {"type": "LineString", "coordinates": [[129.415886, 35.980344], [129.415821, 35.980594], [129.4153, 35.980538], [129.415309, 35.980294], [129.415349, 35.980264]]}}, {"type": "Feature", "properties": {"name": "", "osm_id": 996750402, "origin": "OBSERVED", "highway": "service"}, "geometry": {"type": "LineString", "coordinates": [[129.417189, 35.980619], [129.417247, 35.980442]]}}, {"type": "Feature", "properties": {"name": "", "osm_id": 996750403, "origin": "OBSERVED", "highway": "service"}, "geometry": {"type": "LineString", "coordinates": [[129.419195, 35.981107], [129.419077, 35.981808], [129.419044, 35.982297]]}}, {"type": "Feature", "properties": {"name": "", "osm_id": 996750404, "origin": "OBSERVED", "highway": "service"}, "geometry": {"type": "LineString", "coordinates": [[129.418116, 35.9835], [129.41819, 35.982747]]}}, {"type": "Feature", "properties": {"name": "", "osm_id": 996750405, "origin": "OBSERVED", "highway": "service"}, "geometry": {"type": "LineString", "coordinates": [[129.418116, 35.9835], [129.417812, 35.983472], [129.417666, 35.983489], [129.417612, 35.983803]]}}, {"type": "Feature", "properties": {"name": "", "osm_id": 996750406, "origin": "OBSERVED", "highway": "service"}, "geometry": {"type": "LineString", "coordinates": [[129.418116, 35.9835], [129.418103, 35.983616], [129.418314, 35.983687], [129.41938, 35.98376], [129.419601, 35.983734], [129.419683, 35.98315]]}}, {"type": "Feature", "properties": {"name": "", "osm_id": 996750407, "origin": "OBSERVED", "highway": "service"}, "geometry": {"type": "LineString", "coordinates": [[129.41627, 35.982613], [129.416173, 35.983395], [129.416053, 35.984004], [129.415941, 35.984068], [129.415219, 35.984046]]}}, {"type": "Feature", "properties": {"name": "", "osm_id": 996750408, "origin": "OBSERVED", "highway": "service"}, "geometry": {"type": "LineString", "coordinates": [[129.425317, 35.97407], [129.425335, 35.974392], [129.425338, 35.974438], [129.425363, 35.975142]]}}, {"type": "Feature", "properties": {"name": "", "osm_id": 996750409, "origin": "OBSERVED", "highway": "service"}, "geometry": {"type": "LineString", "coordinates": [[129.427216, 35.974683], [129.427191, 35.974712], [129.426729, 35.974719], [129.426729, 35.974553], [129.427168, 35.974553], [129.427216, 35.974683]]}}, {"type": "Feature", "properties": {"name": "", "osm_id": 996750410, "origin": "OBSERVED", "highway": "service"}, "geometry": {"type": "LineString", "coordinates": [[129.427425, 35.974687], [129.427216, 35.974683]]}}, {"type": "Feature", "properties": {"name": "", "osm_id": 996750411, "origin": "OBSERVED", "highway": "service"}, "geometry": {"type": "LineString", "coordinates": [[129.426578, 35.974419], [129.426987, 35.974394], [129.427351, 35.974397]]}}, {"type": "Feature", "properties": {"name": "", "osm_id": 996750412, "origin": "OBSERVED", "highway": "service"}, "geometry": {"type": "LineString", "coordinates": [[129.426729, 35.974553], [129.426688, 35.974479], [129.426578, 35.974419]]}}, {"type": "Feature", "properties": {"name": "", "osm_id": 996750413, "origin": "OBSERVED", "highway": "service"}, "geometry": {"type": "LineString", "coordinates": [[129.426578, 35.974419], [129.426475, 35.974437], [129.426359, 35.974456], [129.426252, 35.974516], [129.426004, 35.974541], [129.425782, 35.974531], [129.425606, 35.974465], [129.425335, 35.974392]]}}, {"type": "Feature", "properties": {"name": "", "osm_id": 996750414, "origin": "OBSERVED", "highway": "service"}, "geometry": {"type": "LineString", "coordinates": [[129.426359, 35.974456], [129.425902, 35.974452], [129.425606, 35.974465]]}}, {"type": "Feature", "properties": {"name": "", "osm_id": 996750415, "origin": "OBSERVED", "highway": "service"}, "geometry": {"type": "LineString", "coordinates": [[129.426475, 35.974437], [129.42642, 35.973947]]}}, {"type": "Feature", "properties": {"name": "", "osm_id": 996750416, "origin": "OBSERVED", "highway": "service"}, "geometry": {"type": "LineString", "coordinates": [[129.428271, 35.974709], [129.428405, 35.974914]]}}, {"type": "Feature", "properties": {"name": "", "osm_id": 996750417, "origin": "OBSERVED", "highway": "service"}, "geometry": {"type": "LineString", "coordinates": [[129.428075, 35.97643], [129.428153, 35.976349], [129.428212, 35.976166]]}}, {"type": "Feature", "properties": {"name": "", "osm_id": 996750418, "origin": "OBSERVED", "highway": "service"}, "geometry": {"type": "LineString", "coordinates": [[129.425365, 35.980364], [129.425299, 35.980428], [129.425253, 35.980536]]}}, {"type": "Feature", "properties": {"name": "", "osm_id": 996750419, "origin": "OBSERVED", "highway": "service"}, "geometry": {"type": "LineString", "coordinates": [[129.425214, 35.980489], [129.425142, 35.980487], [129.425048, 35.980481], [129.4249, 35.980533], [129.424882, 35.980562]]}}, {"type": "Feature", "properties": {"name": "", "osm_id": 996750420, "origin": "OBSERVED", "highway": "service"}, "geometry": {"type": "LineString", "coordinates": [[129.426359, 35.983116], [129.426077, 35.983229], [129.426058, 35.983446]]}}, {"type": "Feature", "properties": {"name": "", "osm_id": 996750423, "origin": "OBSERVED", "highway": "service"}, "geometry": {"type": "LineString", "coordinates": [[129.429205, 35.974404], [129.429642, 35.975271], [129.430619, 35.97499]]}}, {"type": "Feature", "properties": {"name": "", "osm_id": 996750430, "origin": "OBSERVED", "highway": "service"}, "geometry": {"type": "LineString", "coordinates": [[129.428992, 35.96806], [129.42891, 35.967863]]}}, {"type": "Feature", "properties": {"name": "", "osm_id": 996750431, "origin": "OBSERVED", "highway": "service"}, "geometry": {"type": "LineString", "coordinates": [[129.429712, 35.968666], [129.429528, 35.968704], [129.429393, 35.968711], [129.429288, 35.968716], [129.429185, 35.968694], [129.428981, 35.968237], [129.429061, 35.968219], [129.429148, 35.968199], [129.429393, 35.968711]]}}, {"type": "Feature", "properties": {"name": "", "osm_id": 996750432, "origin": "OBSERVED", "highway": "service"}, "geometry": {"type": "LineString", "coordinates": [[129.428992, 35.96806], [129.429061, 35.968219]]}}, {"type": "Feature", "properties": {"name": "", "osm_id": 996750433, "origin": "OBSERVED", "highway": "service"}, "geometry": {"type": "LineString", "coordinates": [[129.426329, 35.96894], [129.427108, 35.968792], [129.427357, 35.968745]]}}, {"type": "Feature", "properties": {"name": "", "osm_id": 996750434, "origin": "OBSERVED", "highway": "service"}, "geometry": {"type": "LineString", "coordinates": [[129.421979, 35.969423], [129.423299, 35.969525]]}}, {"type": "Feature", "properties": {"name": "", "osm_id": 996750435, "origin": "OBSERVED", "highway": "service"}, "geometry": {"type": "LineString", "coordinates": [[129.423299, 35.969525], [129.423338, 35.969379], [129.423428, 35.968684], [129.422316, 35.968606], [129.422084, 35.96859]]}}, {"type": "Feature", "properties": {"name": "", "osm_id": 996750436, "origin": "OBSERVED", "highway": "service"}, "geometry": {"type": "LineString", "coordinates": [[129.423428, 35.968684], [129.424583, 35.968748]]}}, {"type": "Feature", "properties": {"name": "", "osm_id": 996750437, "origin": "OBSERVED", "highway": "service"}, "geometry": {"type": "LineString", "coordinates": [[129.426204, 35.969768], [129.426162, 35.969604], [129.426052, 35.969175], [129.425951, 35.968383], [129.42583, 35.967945], [129.42581, 35.967869], [129.425698, 35.967373]]}}, {"type": "Feature", "properties": {"name": "", "osm_id": 996750438, "origin": "OBSERVED", "highway": "service"}, "geometry": {"type": "LineString", "coordinates": [[129.42511, 35.967948], [129.42583, 35.967945]]}}, {"type": "Feature", "properties": {"name": "", "osm_id": 996750439, "origin": "OBSERVED", "highway": "service"}, "geometry": {"type": "LineString", "coordinates": [[129.427108, 35.968792], [129.426986, 35.968407]]}}, {"type": "Feature", "properties": {"name": "", "osm_id": 996750440, "origin": "OBSERVED", "highway": "service"}, "geometry": {"type": "LineString", "coordinates": [[129.426286, 35.968807], [129.426329, 35.96894]]}}, {"type": "Feature", "properties": {"name": "", "osm_id": 996750441, "origin": "OBSERVED", "highway": "service"}, "geometry": {"type": "LineString", "coordinates": [[129.42481, 35.969105], [129.426052, 35.969175]]}}, {"type": "Feature", "properties": {"name": "", "osm_id": 996750442, "origin": "OBSERVED", "highway": "service"}, "geometry": {"type": "LineString", "coordinates": [[129.425561, 35.969619], [129.425919, 35.969616], [129.426162, 35.969604]]}}, {"type": "Feature", "properties": {"name": "", "osm_id": 996750443, "origin": "OBSERVED", "highway": "service"}, "geometry": {"type": "LineString", "coordinates": [[129.422316, 35.968606], [129.422355, 35.968719], [129.422388, 35.968815], [129.422753, 35.968865], [129.422785, 35.968867], [129.423074, 35.968885]]}}, {"type": "Feature", "properties": {"name": "", "osm_id": 996750444, "origin": "OBSERVED", "highway": "service"}, "geometry": {"type": "LineString", "coordinates": [[129.422355, 35.968719], [129.422798, 35.968748], [129.423075, 35.968774], [129.423074, 35.968885]]}}, {"type": "Feature", "properties": {"name": "", "osm_id": 996750445, "origin": "OBSERVED", "highway": "service"}, "geometry": {"type": "LineString", "coordinates": [[129.422785, 35.968867], [129.422798, 35.968748]]}}, {"type": "Feature", "properties": {"name": "", "osm_id": 996750446, "origin": "OBSERVED", "highway": "service"}, "geometry": {"type": "LineString", "coordinates": [[129.419507, 35.968311], [129.419626, 35.967872], [129.419695, 35.967793], [129.41979, 35.967761], [129.42111, 35.967754], [129.422194, 35.967733]]}}, {"type": "Feature", "properties": {"name": "", "osm_id": 996750447, "origin": "OBSERVED", "highway": "service"}, "geometry": {"type": "LineString", "coordinates": [[129.421979, 35.969423], [129.421869, 35.969381], [129.420594, 35.969285], [129.419511, 35.969209], [129.419408, 35.969157], [129.419399, 35.968914], [129.419413, 35.968858], [129.419487, 35.96855], [129.419507, 35.968311]]}}, {"type": "Feature", "properties": {"name": "", "osm_id": 996750448, "origin": "OBSERVED", "highway": "service"}, "geometry": {"type": "LineString", "coordinates": [[129.419413, 35.968858], [129.418675, 35.968762], [129.418789, 35.968257], [129.419507, 35.968311]]}}, {"type": "Feature", "properties": {"name": "", "osm_id": 996750449, "origin": "OBSERVED", "highway": "service"}, "geometry": {"type": "LineString", "coordinates": [[129.429635, 35.973774], [129.429199, 35.973871], [129.429071, 35.973441], [129.428655, 35.973546], [129.428463, 35.973069]]}}, {"type": "Feature", "properties": {"name": "", "osm_id": 996750675, "origin": "OBSERVED", "highway": "service"}, "geometry": {"type": "LineString", "coordinates": [[129.428752, 35.977939], [129.429138, 35.977873], [129.429339, 35.977839], [129.430307, 35.977675]]}}, {"type": "Feature", "properties": {"name": "", "osm_id": 996750676, "origin": "OBSERVED", "highway": "service"}, "geometry": {"type": "LineString", "coordinates": [[129.429339, 35.977839], [129.429263, 35.977535], [129.430222, 35.977368], [129.430116, 35.977112], [129.429928, 35.97708], [129.429579, 35.977105], [129.429448, 35.977115], [129.42923, 35.977043], [129.428484, 35.977014]]}}, {"type": "Feature", "properties": {"name": "", "osm_id": 996750677, "origin": "OBSERVED", "highway": "service"}, "geometry": {"type": "LineString", "coordinates": [[129.429263, 35.977535], [129.429078, 35.977498], [129.429138, 35.977873]]}}, {"type": "Feature", "properties": {"name": "", "osm_id": 996778608, "origin": "OBSERVED", "highway": "service"}, "geometry": {"type": "LineString", "coordinates": [[129.380553, 35.99841], [129.380888, 35.998148], [129.381282, 35.997817], [129.381181, 35.997706]]}}, {"type": "Feature", "properties": {"name": "", "osm_id": 996778609, "origin": "OBSERVED", "highway": "service"}, "geometry": {"type": "LineString", "coordinates": [[129.38069, 35.997297], [129.380809, 35.997393], [129.380924, 35.997506], [129.381058, 35.997619], [129.381181, 35.997706]]}}, {"type": "Feature", "properties": {"name": "", "osm_id": 996778610, "origin": "OBSERVED", "highway": "service"}, "geometry": {"type": "LineString", "coordinates": [[129.381181, 35.997706], [129.381342, 35.997594], [129.381397, 35.997566], [129.381445, 35.997575]]}}, {"type": "Feature", "properties": {"name": "", "osm_id": 996778611, "origin": "OBSERVED", "highway": "service"}, "geometry": {"type": "LineString", "coordinates": [[129.386736, 35.996928], [129.386852, 35.9968], [129.387215, 35.996629], [129.387413, 35.996794], [129.387558, 35.996758]]}}, {"type": "Feature", "properties": {"name": "", "osm_id": 996778612, "origin": "OBSERVED", "highway": "service"}, "geometry": {"type": "LineString", "coordinates": [[129.387317, 35.99652], [129.387426, 35.996349], [129.38748, 35.996263]]}}, {"type": "Feature", "properties": {"name": "", "osm_id": 996778613, "origin": "OBSERVED", "highway": "service"}, "geometry": {"type": "LineString", "coordinates": [[129.38589, 35.996951], [129.385361, 35.99731], [129.385237, 35.997196], [129.385134, 35.997102], [129.38503, 35.997006], [129.384916, 35.996896], [129.385456, 35.996546], [129.385583, 35.99666], [129.385768, 35.996838], [129.38589, 35.996951]]}}, {"type": "Feature", "properties": {"name": "", "osm_id": 996778614, "origin": "OBSERVED", "highway": "service"}, "geometry": {"type": "LineString", "coordinates": [[129.388148, 35.997342], [129.387886, 35.997561], [129.387393, 35.997844], [129.387097, 35.998032], [129.386681, 35.998367], [129.386365, 35.998658], [129.385962, 35.998864], [129.385242, 35.999176], [129.385051, 35.999266], [129.384796, 35.999385], [129.384762, 35.999401], [129.383823, 35.999855], [129.383706, 36.000014]]}}, {"type": "Feature", "properties": {"name": "", "osm_id": 996778615, "origin": "OBSERVED", "highway": "service"}, "geometry": {"type": "LineString", "coordinates": [[129.383706, 36.000014], [129.384137, 36.000408], [129.384406, 36.000673], [129.384429, 36.000695], [129.384534, 36.000799], [129.384662, 36.0009]]}}, {"type": "Feature", "properties": {"name": "", "osm_id": 996778616, "origin": "OBSERVED", "highway": "service"}, "geometry": {"type": "LineString", "coordinates": [[129.38159, 35.998715], [129.381251, 35.998476], [129.381164, 35.998407], [129.381014, 35.998261], [129.380888, 35.998148], [129.380762, 35.998034], [129.380632, 35.997925], [129.38051, 35.997796], [129.380407, 35.997727], [129.380237, 35.997657]]}}, {"type": "Feature", "properties": {"name": "", "osm_id": 996778617, "origin": "OBSERVED", "highway": "service"}, "geometry": {"type": "LineString", "coordinates": [[129.381866, 35.998752], [129.382044, 35.998876], [129.382615, 35.999318], [129.383082, 35.999713], [129.383112, 35.999739], [129.383332, 35.999928], [129.383706, 36.000014]]}}, {"type": "Feature", "properties": {"name": "", "osm_id": 996778618, "origin": "OBSERVED", "highway": "service"}, "geometry": {"type": "LineString", "coordinates": [[129.382704, 35.997473], [129.382685, 35.99729], [129.38267, 35.997142], [129.382642, 35.997109]]}}, {"type": "Feature", "properties": {"name": "", "osm_id": 996778619, "origin": "OBSERVED", "highway": "service"}, "geometry": {"type": "LineString", "coordinates": [[129.382002, 35.997373], [129.382341, 35.997118], [129.382624, 35.996912]]}}, {"type": "Feature", "properties": {"name": "", "osm_id": 996778620, "origin": "OBSERVED", "highway": "service"}, "geometry": {"type": "LineString", "coordinates": [[129.382458, 35.997243], [129.382341, 35.997118], [129.382303, 35.997042], [129.382347, 35.996962], [129.382456, 35.996856], [129.382576, 35.996757]]}}, {"type": "Feature", "properties": {"name": "", "osm_id": 996778621, "origin": "OBSERVED", "highway": "service"}, "geometry": {"type": "LineString", "coordinates": [[129.381886, 35.997271], [129.381755, 35.997184], [129.381728, 35.997178], [129.381684, 35.997169], [129.381201, 35.99753], [129.381104, 35.997487], [129.381068, 35.997433], [129.381513, 35.997097], [129.381562, 35.997054], [129.381634, 35.997079], [129.381728, 35.997178]]}}, {"type": "Feature", "properties": {"name": "", "osm_id": 996778622, "origin": "OBSERVED", "highway": "service"}, "geometry": {"type": "LineString", "coordinates": [[129.381577, 35.997695], [129.382012, 35.997382]]}}, {"type": "Feature", "properties": {"name": "", "osm_id": 996778623, "origin": "OBSERVED", "highway": "service"}, "geometry": {"type": "LineString", "coordinates": [[129.387075, 35.996476], [129.386974, 35.996565], [129.386453, 35.996873], [129.385971, 35.997168], [129.385862, 35.997248], [129.385752, 35.997438], [129.385703, 35.997531], [129.385535, 35.997746], [129.385359, 35.997923], [129.385124, 35.998225], [129.385088, 35.998458], [129.385104, 35.998677], [129.385119, 35.998743], [129.385241, 35.998755], [129.385438, 35.998609]]}}, {"type": "Feature", "properties": {"name": "", "osm_id": 996778624, "origin": "OBSERVED", "highway": "service"}, "geometry": {"type": "LineString", "coordinates": [[129.385438, 35.998609], [129.385581, 35.998318], [129.385691, 35.998289], [129.385775, 35.998338], [129.385836, 35.998442], [129.385759, 35.998518], [129.385622, 35.998559], [129.385438, 35.998609]]}}, {"type": "Feature", "properties": {"name": "", "osm_id": 996778625, "origin": "OBSERVED", "highway": "service"}, "geometry": {"type": "LineString", "coordinates": [[129.385051, 35.999266], [129.385074, 35.999285], [129.38514, 35.999338], [129.384891, 35.999468], [129.384817, 35.999403], [129.384796, 35.999385]]}}, {"type": "Feature", "properties": {"name": "", "osm_id": 996778626, "origin": "OBSERVED", "highway": "service"}, "geometry": {"type": "LineString", "coordinates": [[129.388284, 35.997477], [129.38877, 35.997092], [129.38935, 35.996677], [129.389702, 35.996527]]}}, {"type": "Feature", "properties": {"name": "", "osm_id": 996778627, "origin": "OBSERVED", "highway": "service"}, "geometry": {"type": "LineString", "coordinates": [[129.387485, 35.995766], [129.387318, 35.995764], [129.387318, 35.996147], [129.387491, 35.996201]]}}, {"type": "Feature", "properties": {"name": "", "osm_id": 996778628, "origin": "OBSERVED", "highway": "service"}, "geometry": {"type": "LineString", "coordinates": [[129.387646, 35.995755], [129.387781, 35.99576], [129.387828, 35.995799], [129.387835, 35.996145], [129.387821, 35.996164], [129.387653, 35.996206]]}}, {"type": "Feature", "properties": {"name": "", "osm_id": 996778629, "origin": "OBSERVED", "highway": "service"}, "geometry": {"type": "LineString", "coordinates": [[129.387426, 35.996349], [129.387603, 35.996323], [129.387785, 35.996299], [129.387949, 35.996227], [129.388173, 35.996215], [129.388294, 35.996207], [129.388409, 35.996151], [129.388476, 35.996074], [129.388557, 35.995729], [129.388635, 35.99555], [129.388794, 35.995347], [129.389044, 35.994794], [129.389117, 35.99461]]}}, {"type": "Feature", "properties": {"name": "", "osm_id": 996778630, "origin": "OBSERVED", "highway": "service"}, "geometry": {"type": "LineString", "coordinates": [[129.388476, 35.996074], [129.388823, 35.99611]]}}, {"type": "Feature", "properties": {"name": "", "osm_id": 996778631, "origin": "OBSERVED", "highway": "service"}, "geometry": {"type": "LineString", "coordinates": [[129.387011, 35.996143], [129.387076, 35.996039], [129.387117, 35.995734], [129.387159, 35.995598], [129.387157, 35.995423], [129.387106, 35.995096]]}}, {"type": "Feature", "properties": {"name": "", "osm_id": 996778632, "origin": "OBSERVED", "highway": "service"}, "geometry": {"type": "LineString", "coordinates": [[129.386693, 35.995178], [129.386598, 35.994976], [129.386601, 35.994858], [129.386547, 35.994474], [129.386515, 35.994341], [129.386493, 35.994249], [129.386471, 35.994191], [129.386376, 35.994176], [129.386175, 35.994192]]}}, {"type": "Feature", "properties": {"name": "", "osm_id": 996778633, "origin": "OBSERVED", "highway": "service"}, "geometry": {"type": "LineString", "coordinates": [[129.393034, 35.991341], [129.393053, 35.991479], [129.392913, 35.991601], [129.392718, 35.99192], [129.392548, 35.9922], [129.39248, 35.99253]]}}, {"type": "Feature", "properties": {"name": "", "osm_id": 996778634, "origin": "OBSERVED", "highway": "service"}, "geometry": {"type": "LineString", "coordinates": [[129.401246, 36.003811], [129.401378, 36.003704], [129.40192, 36.003285], [129.402351, 36.002948]]}}, {"type": "Feature", "properties": {"name": "", "osm_id": 996778635, "origin": "OBSERVED", "highway": "service"}, "geometry": {"type": "LineString", "coordinates": [[129.399535, 36.002336], [129.399715, 36.002274], [129.399995, 36.002072], [129.400669, 36.001529]]}}, {"type": "Feature", "properties": {"name": "", "osm_id": 996778636, "origin": "OBSERVED", "highway": "service"}, "geometry": {"type": "LineString", "coordinates": [[129.400669, 36.001529], [129.400755, 36.001563], [129.401116, 36.00183], [129.401298, 36.002037], [129.401738, 36.002417], [129.401925, 36.002581], [129.402266, 36.002881], [129.402351, 36.002948]]}}, {"type": "Feature", "properties": {"name": "", "osm_id": 996778637, "origin": "OBSERVED", "highway": "service"}, "geometry": {"type": "LineString", "coordinates": [[129.401925, 36.002581], [129.402136, 36.002415]]}}, {"type": "Feature", "properties": {"name": "", "osm_id": 996778638, "origin": "OBSERVED", "highway": "service"}, "geometry": {"type": "LineString", "coordinates": [[129.398567, 36.001514], [129.398708, 36.001416], [129.399677, 36.000605], [129.400042, 36.000966], [129.400436, 36.001305], [129.400669, 36.001529]]}}, {"type": "Feature", "properties": {"name": "", "osm_id": 996778639, "origin": "OBSERVED", "highway": "service"}, "geometry": {"type": "LineString", "coordinates": [[129.399677, 36.000605], [129.399702, 36.000512], [129.39911, 35.999969], [129.39925, 35.999798]]}}, {"type": "Feature", "properties": {"name": "", "osm_id": 996778640, "origin": "OBSERVED", "highway": "service"}, "geometry": {"type": "LineString", "coordinates": [[129.395952, 36.000168], [129.396267, 35.999966], [129.396505, 35.999862], [129.396575, 35.999825]]}}, {"type": "Feature", "properties": {"name": "", "osm_id": 996778641, "origin": "OBSERVED", "highway": "service"}, "geometry": {"type": "LineString", "coordinates": [[129.392674, 35.998199], [129.393134, 35.997861], [129.393189, 35.99782], [129.393711, 35.997386], [129.393882, 35.997292]]}}, {"type": "Feature", "properties": {"name": "", "osm_id": 996778642, "origin": "OBSERVED", "highway": "service"}, "geometry": {"type": "LineString", "coordinates": [[129.393134, 35.997861], [129.392827, 35.997577], [129.392561, 35.99735], [129.392713, 35.997211], [129.392801, 35.997142]]}}, {"type": "Feature", "properties": {"name": "", "osm_id": 996778643, "origin": "OBSERVED", "highway": "service"}, "geometry": {"type": "LineString", "coordinates": [[129.384454, 36.003227], [129.384325, 36.003029], [129.384242, 36.002775], [129.384335, 36.002588], [129.384361, 36.002448], [129.384087, 36.002189], [129.384021, 36.002127], [129.384534, 36.001712], [129.384628, 36.001753], [129.384718, 36.00187], [129.384931, 36.002051], [129.385075, 36.002103], [129.385231, 36.002197], [129.385306, 36.002264], [129.38536, 36.002372], [129.385375, 36.002533]]}}, {"type": "Feature", "properties": {"name": "", "osm_id": 996778644, "origin": "OBSERVED", "highway": "service"}, "geometry": {"type": "LineString", "coordinates": [[129.383616, 36.00306], [129.383514, 36.00293], [129.383386, 36.002707], [129.383682, 36.002451], [129.383818, 36.002345], [129.384087, 36.002189]]}}, {"type": "Feature", "properties": {"name": "", "osm_id": 996778645, "origin": "OBSERVED", "highway": "service"}, "geometry": {"type": "LineString", "coordinates": [[129.382475, 36.003845], [129.382948, 36.00428], [129.383006, 36.004336]]}}, {"type": "Feature", "properties": {"name": "", "osm_id": 996778646, "origin": "OBSERVED", "highway": "service"}, "geometry": {"type": "LineString", "coordinates": [[129.382475, 36.003845], [129.382542, 36.003792], [129.382909, 36.003502], [129.382932, 36.003483], [129.383014, 36.003415], [129.383228, 36.003564], [129.383233, 36.003688], [129.383111, 36.003628], [129.382932, 36.003483]]}}, {"type": "Feature", "properties": {"name": "", "osm_id": 996778647, "origin": "OBSERVED", "highway": "service"}, "geometry": {"type": "LineString", "coordinates": [[129.382932, 36.003483], [129.382846, 36.003395], [129.383032, 36.003277]]}}, {"type": "Feature", "properties": {"name": "", "osm_id": 996778648, "origin": "OBSERVED", "highway": "service"}, "geometry": {"type": "LineString", "coordinates": [[129.382542, 36.003792], [129.382026, 36.003341], [129.382149, 36.003221], [129.382297, 36.00313]]}}, {"type": "Feature", "properties": {"name": "", "osm_id": 996778649, "origin": "OBSERVED", "highway": "service"}, "geometry": {"type": "LineString", "coordinates": [[129.382026, 36.003341], [129.381929, 36.003395], [129.381815, 36.003486]]}}, {"type": "Feature", "properties": {"name": "", "osm_id": 996778650, "origin": "OBSERVED", "highway": "service"}, "geometry": {"type": "LineString", "coordinates": [[129.382475, 36.003845], [129.382315, 36.003938], [129.381807, 36.003589], [129.381687, 36.00363], [129.380728, 36.004346], [129.380373, 36.004644]]}}, {"type": "Feature", "properties": {"name": "", "osm_id": 996778651, "origin": "OBSERVED", "highway": "service"}, "geometry": {"type": "LineString", "coordinates": [[129.378722, 36.007168], [129.378999, 36.007438]]}}, {"type": "Feature", "properties": {"name": "", "osm_id": 996778653, "origin": "OBSERVED", "highway": "service"}, "geometry": {"type": "LineString", "coordinates": [[129.38433, 36.009479], [129.384601, 36.009809], [129.384756, 36.010077], [129.384783, 36.010123]]}}, {"type": "Feature", "properties": {"name": "", "osm_id": 996778660, "origin": "OBSERVED", "highway": "service"}, "geometry": {"type": "LineString", "coordinates": [[129.425352, 35.97626], [129.42548, 35.976456], [129.425909, 35.976464], [129.425939, 35.976306]]}}, {"type": "Feature", "properties": {"name": "", "osm_id": 996778687, "origin": "OBSERVED", "highway": "residential"}, "geometry": {"type": "LineString", "coordinates": [[129.426618, 35.99489], [129.42652, 35.994937], [129.42626, 35.994595], [129.426369, 35.994523]]}}, {"type": "Feature", "properties": {"name": "", "osm_id": 996778688, "origin": "OBSERVED", "highway": "residential"}, "geometry": {"type": "LineString", "coordinates": [[129.427161, 35.995695], [129.42746, 35.995551], [129.428584, 35.99501], [129.429043, 35.995602], [129.42927, 35.995503]]}}, {"type": "Feature", "properties": {"name": "", "osm_id": 996778689, "origin": "OBSERVED", "highway": "residential"}, "geometry": {"type": "LineString", "coordinates": [[129.429043, 35.995602], [129.428841, 35.995716], [129.427887, 35.996157], [129.427768, 35.996212], [129.427571, 35.996303]]}}, {"type": "Feature", "properties": {"name": "", "osm_id": 996778690, "origin": "OBSERVED", "highway": "residential"}, "geometry": {"type": "LineString", "coordinates": [[129.42746, 35.995551], [129.427887, 35.996157]]}}, {"type": "Feature", "properties": {"name": "", "osm_id": 996778691, "origin": "OBSERVED", "highway": "residential"}, "geometry": {"type": "LineString", "coordinates": [[129.42927, 35.995503], [129.429519, 35.99586], [129.429494, 35.995893], [129.4293, 35.99598]]}}, {"type": "Feature", "properties": {"name": "", "osm_id": 996778692, "origin": "OBSERVED", "highway": "residential"}, "geometry": {"type": "LineString", "coordinates": [[129.427161, 35.995695], [129.427129, 35.995739], [129.426472, 35.996041], [129.425093, 35.996671], [129.424758, 35.99684], [129.424642, 35.996783], [129.424487, 35.996519], [129.424928, 35.996327], [129.425142, 35.996234], [129.425404, 35.996119], [129.425741, 35.995972], [129.426522, 35.995632], [129.426876, 35.995477], [129.426984, 35.995433]]}}, {"type": "Feature", "properties": {"name": "", "osm_id": 996778693, "origin": "OBSERVED", "highway": "residential"}, "geometry": {"type": "LineString", "coordinates": [[129.426522, 35.995632], [129.426464, 35.995539], [129.426618, 35.995468]]}}, {"type": "Feature", "properties": {"name": "", "osm_id": 996778694, "origin": "OBSERVED", "highway": "residential"}, "geometry": {"type": "LineString", "coordinates": [[129.426464, 35.995539], [129.426352, 35.995588]]}}, {"type": "Feature", "properties": {"name": "", "osm_id": 996778695, "origin": "OBSERVED", "highway": "residential"}, "geometry": {"type": "LineString", "coordinates": [[129.425404, 35.996119], [129.425361, 35.996041], [129.425674, 35.995908], [129.425741, 35.995972]]}}, {"type": "Feature", "properties": {"name": "", "osm_id": 996778696, "origin": "OBSERVED", "highway": "residential"}, "geometry": {"type": "LineString", "coordinates": [[129.424928, 35.996327], [129.424876, 35.996223], [129.424633, 35.996329]]}}, {"type": "Feature", "properties": {"name": "", "osm_id": 996778697, "origin": "OBSERVED", "highway": "residential"}, "geometry": {"type": "LineString", "coordinates": [[129.427768, 35.996212], [129.427846, 35.996326]]}}, {"type": "Feature", "properties": {"name": "", "osm_id": 996778698, "origin": "OBSERVED", "highway": "service"}, "geometry": {"type": "LineString", "coordinates": [[129.418869, 35.99288], [129.418944, 35.992982], [129.419017, 35.993163], [129.418877, 35.993227], [129.418722, 35.993303], [129.418579, 35.993363], [129.41852, 35.99347], [129.418433, 35.993541], [129.418326, 35.9936], [129.418142, 35.993679], [129.418035, 35.993456]]}}, {"type": "Feature", "properties": {"name": "", "osm_id": 997921299, "origin": "OBSERVED", "highway": "service"}, "geometry": {"type": "LineString", "coordinates": [[129.394966, 35.994359], [129.395616, 35.994912], [129.395896, 35.995217]]}}, {"type": "Feature", "properties": {"name": "", "osm_id": 1004306957, "origin": "OBSERVED", "highway": "service"}, "geometry": {"type": "LineString", "coordinates": [[129.418237, 35.974742], [129.418288, 35.974617], [129.418387, 35.974622], [129.418575, 35.974647]]}}, {"type": "Feature", "properties": {"name": "", "osm_id": 1004311316, "origin": "OBSERVED", "highway": "service"}, "geometry": {"type": "LineString", "coordinates": [[129.386279, 36.000563], [129.386272, 36.000408], [129.38642, 36.000353], [129.386485, 36.000414], [129.386445, 36.000505], [129.386279, 36.000563]]}}, {"type": "Feature", "properties": {"name": "", "osm_id": 1006120198, "origin": "OBSERVED", "highway": "residential"}, "geometry": {"type": "LineString", "coordinates": [[129.398645, 35.987273], [129.398049, 35.987261], [129.397411, 35.987248]]}}, {"type": "Feature", "properties": {"name": "", "osm_id": 1006120199, "origin": "OBSERVED", "highway": "footway"}, "geometry": {"type": "LineString", "coordinates": [[129.397888, 35.987492], [129.397783, 35.987597], [129.397501, 35.987883], [129.3974, 35.987965]]}}, {"type": "Feature", "properties": {"name": "", "osm_id": 1006120200, "origin": "OBSERVED", "highway": "footway"}, "geometry": {"type": "LineString", "coordinates": [[129.397401, 35.988085], [129.397513, 35.988049], [129.397873, 35.987863], [129.398281, 35.987689], [129.398489, 35.98761], [129.398781, 35.987564], [129.399058, 35.98756]]}}, {"type": "Feature", "properties": {"name": "중원로82번길", "osm_id": 1006120201, "origin": "OBSERVED", "highway": "residential"}, "geometry": {"type": "LineString", "coordinates": [[129.400274, 35.977411], [129.400194, 35.977454], [129.400081, 35.977591], [129.400003, 35.977772], [129.400028, 35.977883], [129.400095, 35.978061], [129.400115, 35.978243], [129.40012, 35.978505], [129.400118, 35.97876], [129.400162, 35.978823], [129.40026, 35.978996], [129.400309, 35.979132], [129.400242, 35.979348], [129.400178, 35.979533], [129.400192, 35.97962], [129.400306, 35.979675], [129.400407, 35.979695], [129.400548, 35.979692], [129.400696, 35.979699]]}}, {"type": "Feature", "properties": {"name": "", "osm_id": 1006120203, "origin": "OBSERVED", "highway": "residential"}, "geometry": {"type": "LineString", "coordinates": [[129.400598, 35.96624], [129.399721, 35.966167], [129.399484, 35.96615], [129.399374, 35.966221], [129.399289, 35.967699], [129.399239, 35.968255], [129.399317, 35.968393], [129.399349, 35.96843], [129.400427, 35.9685]]}}, {"type": "Feature", "properties": {"name": "섬안로", "osm_id": 1007021647, "origin": "OBSERVED", "highway": "secondary"}, "geometry": {"type": "LineString", "coordinates": [[129.367998, 35.997255], [129.368167, 35.997092], [129.370929, 35.994427], [129.371039, 35.99432], [129.371284, 35.994084]]}}, {"type": "Feature", "properties": {"name": "", "osm_id": 1007145986, "origin": "OBSERVED", "highway": "cycleway"}, "geometry": {"type": "LineString", "coordinates": [[129.376665, 36.009078], [129.376835, 36.009141], [129.377004, 36.009203]]}}, {"type": "Feature", "properties": {"name": "섬안로46번길", "osm_id": 1011924220, "origin": "OBSERVED", "highway": "residential"}, "geometry": {"type": "LineString", "coordinates": [[129.370259, 35.999363], [129.368169, 35.997414], [129.367998, 35.997255]]}}, {"type": "Feature", "properties": {"name": "섬안로46번길", "osm_id": 1011924221, "origin": "OBSERVED", "highway": "residential"}, "geometry": {"type": "LineString", "coordinates": [[129.370501, 35.999585], [129.370259, 35.999363]]}}, {"type": "Feature", "properties": {"name": "", "osm_id": 1011924224, "origin": "OBSERVED", "highway": "residential"}, "geometry": {"type": "LineString", "coordinates": [[129.38209, 35.983791], [129.381883, 35.983855]]}}, {"type": "Feature", "properties": {"name": "", "osm_id": 1011924225, "origin": "OBSERVED", "highway": "residential"}, "geometry": {"type": "LineString", "coordinates": [[129.382183, 35.983762], [129.38209, 35.983791]]}}, {"type": "Feature", "properties": {"name": "", "osm_id": 1011924234, "origin": "OBSERVED", "highway": "service"}, "geometry": {"type": "LineString", "coordinates": [[129.374952, 35.997506], [129.375568, 35.99701], [129.375482, 35.996702], [129.375322, 35.996431], [129.375074, 35.996191]]}}, {"type": "Feature", "properties": {"name": "", "osm_id": 1011924235, "origin": "OBSERVED", "highway": "steps"}, "geometry": {"type": "LineString", "coordinates": [[129.38341, 35.999631], [129.383112, 35.999739]]}}, {"type": "Feature", "properties": {"name": "", "osm_id": 1011924236, "origin": "OBSERVED", "highway": "footway"}, "geometry": {"type": "LineString", "coordinates": [[129.38341, 35.999631], [129.383961, 35.999378], [129.383933, 35.999309], [129.38397, 35.999258], [129.384047, 35.999241], [129.384132, 35.99924], [129.384155, 35.999302], [129.38416, 35.999356], [129.384132, 35.999387], [129.384071, 35.999402], [129.384007, 35.999402], [129.383961, 35.999378]]}}, {"type": "Feature", "properties": {"name": "", "osm_id": 1011924238, "origin": "OBSERVED", "highway": "service"}, "geometry": {"type": "LineString", "coordinates": [[129.387106, 35.995096], [129.386995, 35.995008], [129.386964, 35.994907], [129.387172, 35.994834], [129.387307, 35.994787], [129.387427, 35.994992], [129.387286, 35.995003], [129.387172, 35.994834]]}}, {"type": "Feature", "properties": {"name": "", "osm_id": 1011924239, "origin": "OBSERVED", "highway": "service"}, "geometry": {"type": "LineString", "coordinates": [[129.386964, 35.994907], [129.386912, 35.994777], [129.386893, 35.994706]]}}, {"type": "Feature", "properties": {"name": "", "osm_id": 1011924240, "origin": "OBSERVED", "highway": "service"}, "geometry": {"type": "LineString", "coordinates": [[129.386673, 35.99396], [129.386486, 35.993976], [129.386471, 35.994191]]}}, {"type": "Feature", "properties": {"name": "", "osm_id": 1011924241, "origin": "OBSERVED", "highway": "service"}, "geometry": {"type": "LineString", "coordinates": [[129.386515, 35.994341], [129.386167, 35.994362]]}}, {"type": "Feature", "properties": {"name": "", "osm_id": 1011924242, "origin": "OBSERVED", "highway": "footway"}, "geometry": {"type": "LineString", "coordinates": [[129.383511, 35.998022], [129.383428, 35.99785], [129.383435, 35.997665], [129.384491, 35.996856], [129.384704, 35.996848], [129.384948, 35.997024], [129.385089, 35.997143], [129.385134, 35.997102]]}}, {"type": "Feature", "properties": {"name": "", "osm_id": 1011924243, "origin": "OBSERVED", "highway": "footway"}, "geometry": {"type": "LineString", "coordinates": [[129.383978, 35.998425], [129.38423, 35.998502], [129.384424, 35.998476], [129.385392, 35.997755], [129.385458, 35.997625], [129.385462, 35.997481], [129.385396, 35.997399], [129.385089, 35.997143]]}}, {"type": "Feature", "properties": {"name": "", "osm_id": 1011924244, "origin": "OBSERVED", "highway": "service"}, "geometry": {"type": "LineString", "coordinates": [[129.383326, 36.00013], [129.383148, 36.000254], [129.383053, 36.000318]]}}, {"type": "Feature", "properties": {"name": "", "osm_id": 1011924245, "origin": "OBSERVED", "highway": "service"}, "geometry": {"type": "LineString", "coordinates": [[129.383053, 36.000318], [129.382946, 36.000245], [129.382931, 36.000232], [129.382698, 36.00003], [129.382518, 35.999873], [129.382444, 35.99989], [129.382303, 36.000002], [129.382514, 36.000169], [129.382526, 36.000223], [129.382577, 36.000318], [129.382707, 36.000419], [129.382782, 36.000477], [129.382933, 36.0006], [129.383052, 36.000538], [129.383149, 36.000464], [129.383134, 36.000405], [129.383053, 36.000318]]}}, {"type": "Feature", "properties": {"name": "", "osm_id": 1011924246, "origin": "OBSERVED", "highway": "service"}, "geometry": {"type": "LineString", "coordinates": [[129.382707, 36.000419], [129.382931, 36.000232]]}}, {"type": "Feature", "properties": {"name": "", "osm_id": 1011924247, "origin": "OBSERVED", "highway": "service"}, "geometry": {"type": "LineString", "coordinates": [[129.382698, 36.00003], [129.382514, 36.000169], [129.382052, 36.000523], [129.381788, 36.000725]]}}, {"type": "Feature", "properties": {"name": "", "osm_id": 1011924248, "origin": "OBSERVED", "highway": "service"}, "geometry": {"type": "LineString", "coordinates": [[129.382052, 36.000523], [129.381194, 35.999795], [129.381005, 35.999617], [129.381399, 35.999329], [129.381468, 35.999285], [129.381656, 35.999167]]}}, {"type": "Feature", "properties": {"name": "", "osm_id": 1011924249, "origin": "OBSERVED", "highway": "service"}, "geometry": {"type": "LineString", "coordinates": [[129.38165, 35.999462], [129.381468, 35.999285]]}}, {"type": "Feature", "properties": {"name": "", "osm_id": 1011924250, "origin": "OBSERVED", "highway": "service"}, "geometry": {"type": "LineString", "coordinates": [[129.380895, 36.000019], [129.381194, 35.999795]]}}, {"type": "Feature", "properties": {"name": "", "osm_id": 1011924251, "origin": "OBSERVED", "highway": "service"}, "geometry": {"type": "LineString", "coordinates": [[129.38514, 35.999338], [129.38526, 35.999443]]}}, {"type": "Feature", "properties": {"name": "", "osm_id": 1011924252, "origin": "OBSERVED", "highway": "residential"}, "geometry": {"type": "LineString", "coordinates": [[129.37707, 36.006177], [129.376824, 36.006019], [129.376366, 36.005547], [129.376281, 36.005463]]}}, {"type": "Feature", "properties": {"name": "", "osm_id": 1011924253, "origin": "OBSERVED", "highway": "residential"}, "geometry": {"type": "LineString", "coordinates": [[129.377306, 36.006103], [129.377445, 36.005862], [129.378297, 36.005263], [129.378976, 36.004791], [129.379669, 36.004199], [129.380449, 36.003662], [129.380691, 36.003483], [129.380741, 36.003361], [129.380435, 36.003101], [129.380012, 36.002678], [129.380078, 36.002564], [129.379704, 36.002182], [129.379436, 36.001944], [129.378549, 36.001164], [129.378125, 36.000778], [129.378105, 36.00076]]}}, {"type": "Feature", "properties": {"name": "", "osm_id": 1024715448, "origin": "OBSERVED", "highway": "service"}, "geometry": {"type": "LineString", "coordinates": [[129.415596, 35.994043], [129.415564, 35.993565], [129.415541, 35.993085], [129.415502, 35.992983], [129.415392, 35.99294], [129.415244, 35.99292]]}}, {"type": "Feature", "properties": {"name": "", "osm_id": 1026567047, "origin": "OBSERVED", "highway": "service"}, "geometry": {"type": "LineString", "coordinates": [[129.383516, 36.000214], [129.383706, 36.000014]]}}]}