{
"type": "FeatureCollection",
"name": "seoul_osm_facilities_2022",
"crs": { "type": "name", "properties": { "name": "urn:ogc:def:crs:OGC:1.3:CRS84" } },
"xy_coordinate_resolution": 1e-06,
"features": [
{ "type": "Feature", "properties": { "name": "금천경찰서", "amenity": "police", "osm_id": 368601545, "origin": "OBSERVED" }, "geometry": { "type": "Point", "coordinates": [ 126.894327, 37.467477 ] } },
{ "type": "Feature", "properties": { "name": "관악경찰서", "amenity": "police", "osm_id": 368601745, "origin": "OBSERVED" }, "geometry": { "type": "Point", "coordinates": [ 126.930578, 37.470352 ] } },
{ "type": "Feature", "properties": { "name": "신림지구대", "amenity": "police", "osm_id": 368601755, "origin": "OBSERVED" }, "geometry": { "type": "Point", "coordinates": [ 126.933342, 37.483999 ] } },
{ "type": "Feature", "properties": { "name": "금천경찰서", "amenity": "police", "osm_id": 368601880, "origin": "OBSERVED" }, "geometry": { "type": "Point", "coordinates": [ 126.896602, 37.467291 ] } },
{ "type": "Feature", "properties": { "name": "영등포경찰서 대림3파출소", "amenity": "police", "osm_id": 368601989, "origin": "OBSERVED" }, "geometry": { "type": "Point", "coordinates": [ 126.89804, 37.498413 ] } },
{ "type": "Feature", "properties": { "name": "독산4치안센터", "amenity": "police", "osm_id": 368602099, "origin": "OBSERVED" }, "geometry": { "type": "Point", "coordinates": [ 126.901127, 37.469214 ] } },
{ "type": "Feature", "properties": { "name": "신길5치안센터", "amenity": "police", "osm_id": 368602356, "origin": "OBSERVED" }, "geometry": { "type": "Point", "coordinates": [ 126.907689, 37.497907 ] } },
{ "type": "Feature", "properties": { "name": "신림본치안센타", "amenity": "police", "osm_id": 368602429, "origin": "OBSERVED" }, "geometry": { "type": "Point", "coordinates": [ 126.929114, 37.481837 ] } },
{ "type": "Feature", "properties": { "name": "상도3치안센터", "amenity": "police", "osm_id": 368602493, "origin": "OBSERVED" }, "geometry": { "type": "Point", "coordinates": [ 126.952628, 37.502521 ] } },
{ "type": "Feature", "properties": { "name": "가리봉치안센터", "amenity": "police", "osm_id": 368602521, "origin": "OBSERVED" }, "geometry": { "type": "Point", "coordinates": [ 126.892792, 37.47961 ] } },
{ "type": "Feature", "properties": { "name": "상도5치안센터", "amenity": "police", "osm_id": 368602737, "origin": "OBSERVED" }, "geometry": { "type": "Point", "coordinates": [ 126.951323, 37.502834 ] } },
{ "type": "Feature", "properties": { "name": "신림9치안센터", "amenity": "police", "osm_id": 368602754, "origin": "OBSERVED" }, "geometry": { "type": "Point", "coordinates": [ 126.937431, 37.468593 ] } },
{ "type": "Feature", "properties": { "name": "신림4치안센터", "amenity": "police", "osm_id": 368602787, "origin": "OBSERVED" }, "geometry": { "type": "Point", "coordinates": [ 126.914108, 37.487314 ] } },
{ "type": "Feature", "properties": { "name": "독산2치안센터", "amenity": "police", "osm_id": 368602789, "origin": "OBSERVED" }, "geometry": { "type": "Point", "coordinates": [ 126.901276, 37.469354 ] } },
{ "type": "Feature", "properties": { "name": "신독산치안센터", "amenity": "police", "osm_id": 368602898, "origin": "OBSERVED" }, "geometry": { "type": "Point", "coordinates": [ 126.900936, 37.469349 ] } },
{ "type": "Feature", "properties": { "name": "독산3동치안센터", "amenity": "police", "osm_id": 368602991, "origin": "OBSERVED" }, "geometry": { "type": "Point", "coordinates": [ 126.907751, 37.47655 ] } },
{ "type": "Feature", "properties": { "name": "청룡동치안센터", "amenity": "police", "osm_id": 368603022, "origin": "OBSERVED" }, "geometry": { "type": "Point", "coordinates": [ 126.951732, 37.476579 ] } },
{ "type": "Feature", "properties": { "name": "신길3치안센터", "amenity": "police", "osm_id": 368603090, "origin": "OBSERVED" }, "geometry": { "type": "Point", "coordinates": [ 126.910637, 37.508288 ] } },
{ "type": "Feature", "properties": { "name": "대림2동치안센터", "amenity": "police", "osm_id": 368603134, "origin": "OBSERVED" }, "geometry": { "type": "Point", "coordinates": [ 126.898616, 37.493407 ] } },
{ "type": "Feature", "properties": { "name": "대림치안센터", "amenity": "police", "osm_id": 368603174, "origin": "OBSERVED" }, "geometry": { "type": "Point", "coordinates": [ 126.900912, 37.494176 ] } },
{ "type": "Feature", "properties": { "name": "신원치안센터", "amenity": "police", "osm_id": 368603306, "origin": "OBSERVED" }, "geometry": { "type": "Point", "coordinates": [ 126.926254, 37.47931 ] } },
{ "type": "Feature", "properties": { "name": "난곡치안센터", "amenity": "police", "osm_id": 368603345, "origin": "OBSERVED" }, "geometry": { "type": "Point", "coordinates": [ 126.91996, 37.471237 ] } },
{ "type": "Feature", "properties": { "name": "대방치안센터", "amenity": "police", "osm_id": 368603372, "origin": "OBSERVED" }, "geometry": { "type": "Point", "coordinates": [ 126.925714, 37.498929 ] } },
{ "type": "Feature", "properties": { "name": "상도치안센터", "amenity": "police", "osm_id": 368603437, "origin": "OBSERVED" }, "geometry": { "type": "Point", "coordinates": [ 126.942098, 37.499328 ] } },
{ "type": "Feature", "properties": { "name": "봉천1치안센터", "amenity": "police", "osm_id": 368603475, "origin": "OBSERVED" }, "geometry": { "type": "Point", "coordinates": [ 126.932195, 37.487821 ] } },
{ "type": "Feature", "properties": { "name": "상도2동자율방범초소", "amenity": "police", "osm_id": 368603784, "origin": "OBSERVED" }, "geometry": { "type": "Point", "coordinates": [ 126.93894, 37.504256 ] } },
{ "type": "Feature", "properties": { "name": "서울여자상업고등학교", "amenity": "school", "osm_id": 368621681, "origin": "OBSERVED" }, "geometry": { "type": "Point", "coordinates": [ 126.95047, 37.472691 ] } },
{ "type": "Feature", "properties": { "name": "대영고등학교", "amenity": "school", "osm_id": 368622461, "origin": "OBSERVED" }, "geometry": { "type": "Point", "coordinates": [ 126.912783, 37.506226 ] } },
{ "type": "Feature", "properties": { "name": "태양극장", "amenity": "cinema", "osm_id": 368634630, "origin": "OBSERVED" }, "geometry": { "type": "Point", "coordinates": [ 126.891256, 37.480218 ] } },
{ "type": "Feature", "properties": { "name": "롯데시네마 서울대입구", "amenity": "cinema", "osm_id": 368634883, "origin": "OBSERVED" }, "geometry": { "type": "Point", "coordinates": [ 126.952105, 37.480975 ] } },
{ "type": "Feature", "properties": { "name": "관악농협 신림지점", "amenity": "bank", "osm_id": 368638824, "origin": "OBSERVED" }, "geometry": { "type": "Point", "coordinates": [ 126.933576, 37.471156 ] } },
{ "type": "Feature", "properties": { "name": "관악농협", "amenity": "bank", "osm_id": 368638835, "origin": "OBSERVED" }, "geometry": { "type": "Point", "coordinates": [ 126.929326, 37.486795 ] } },
{ "type": "Feature", "properties": { "name": "영등포동작지점농협", "amenity": "bank", "osm_id": 368638878, "origin": "OBSERVED" }, "geometry": { "type": "Point", "coordinates": [ 126.944714, 37.505454 ] } },
{ "type": "Feature", "properties": { "name": "영등포농협", "amenity": "bank", "osm_id": 368638989, "origin": "OBSERVED" }, "geometry": { "type": "Point", "coordinates": [ 126.890138, 37.478594 ] } },
{ "type": "Feature", "properties": { "name": "영등포농협", "amenity": "bank", "osm_id": 368638998, "origin": "OBSERVED" }, "geometry": { "type": "Point", "coordinates": [ 126.951916, 37.497658 ] } },
{ "type": "Feature", "properties": { "name": "영등포농협", "amenity": "bank", "osm_id": 368639081, "origin": "OBSERVED" }, "geometry": { "type": "Point", "coordinates": [ 126.941275, 37.500726 ] } },
{ "type": "Feature", "properties": { "name": "한국양봉농협", "amenity": "bank", "osm_id": 368639115, "origin": "OBSERVED" }, "geometry": { "type": "Point", "coordinates": [ 126.909802, 37.500386 ] } },
{ "type": "Feature", "properties": { "name": "서울우유농협", "amenity": "bank", "osm_id": 368639200, "origin": "OBSERVED" }, "geometry": { "type": "Point", "coordinates": [ 126.92101, 37.499678 ] } },
{ "type": "Feature", "properties": { "name": "관악단위농협", "amenity": "bank", "osm_id": 368639220, "origin": "OBSERVED" }, "geometry": { "type": "Point", "coordinates": [ 126.900952, 37.490671 ] } },
{ "type": "Feature", "properties": { "name": "갈산농협", "amenity": "bank", "osm_id": 368639512, "origin": "OBSERVED" }, "geometry": { "type": "Point", "coordinates": [ 126.923022, 37.498984 ] } },
{ "type": "Feature", "properties": { "name": "갈산농협", "amenity": "bank", "osm_id": 368639536, "origin": "OBSERVED" }, "geometry": { "type": "Point", "coordinates": [ 126.923797, 37.498532 ] } },
{ "type": "Feature", "properties": { "name": "공덕농협", "amenity": "bank", "osm_id": 368639794, "origin": "OBSERVED" }, "geometry": { "type": "Point", "coordinates": [ 126.931012, 37.478754 ] } },
{ "type": "Feature", "properties": { "name": "신대방1동문고", "amenity": "library", "osm_id": 368652947, "origin": "OBSERVED" }, "geometry": { "type": "Point", "coordinates": [ 126.909968, 37.488925 ] } },
{ "type": "Feature", "properties": { "name": "신림본동문고", "amenity": "library", "osm_id": 368652969, "origin": "OBSERVED" }, "geometry": { "type": "Point", "coordinates": [ 126.93103, 37.479872 ] } },
{ "type": "Feature", "properties": { "name": "신길3동새마을문고", "amenity": "library", "osm_id": 368654003, "origin": "OBSERVED" }, "geometry": { "type": "Point", "coordinates": [ 126.907686, 37.507422 ] } },
{ "type": "Feature", "properties": { "name": "신길4동새마을문고", "amenity": "library", "osm_id": 368654010, "origin": "OBSERVED" }, "geometry": { "type": "Point", "coordinates": [ 126.911111, 37.508373 ] } },
{ "type": "Feature", "properties": { "name": "신길5동새마을문고", "amenity": "library", "osm_id": 368654020, "origin": "OBSERVED" }, "geometry": { "type": "Point", "coordinates": [ 126.906499, 37.498824 ] } },
{ "type": "Feature", "properties": { "name": "신길6동새마을문고", "amenity": "library", "osm_id": 368654025, "origin": "OBSERVED" }, "geometry": { "type": "Point", "coordinates": [ 126.912515, 37.498924 ] } },
{ "type": "Feature", "properties": { "name": "신길7동새마을문고", "amenity": "library", "osm_id": 368654033, "origin": "OBSERVED" }, "geometry": { "type": "Point", "coordinates": [ 126.921679, 37.505037 ] } },
{ "type": "Feature", "properties": { "name": "봉천1동문고", "amenity": "library", "osm_id": 368654358, "origin": "OBSERVED" }, "geometry": { "type": "Point", "coordinates": [ 126.931946, 37.487819 ] } },
{ "type": "Feature", "properties": { "name": "봉천2동문고", "amenity": "library", "osm_id": 368654364, "origin": "OBSERVED" }, "geometry": { "type": "Point", "coordinates": [ 126.953072, 37.48854 ] } },
{ "type": "Feature", "properties": { "name": "은천동자치회관", "amenity": "community_centre", "osm_id": 368654394, "origin": "OBSERVED" }, "geometry": { "type": "Point", "coordinates": [ 126.941514, 37.486932 ] } },
{ "type": "Feature", "properties": { "name": "관악어린이창작놀이터", "amenity": "arts_centre", "osm_id": 368654411, "origin": "OBSERVED" }, "geometry": { "type": "Point", "coordinates": [ 126.940704, 37.485897 ] } },
{ "type": "Feature", "properties": { "name": "신림13동문고", "amenity": "library", "osm_id": 368654427, "origin": "OBSERVED" }, "geometry": { "type": "Point", "coordinates": [ 126.920089, 37.469292 ] } },
{ "type": "Feature", "properties": { "name": "신림4동문고", "amenity": "library", "osm_id": 368654437, "origin": "OBSERVED" }, "geometry": { "type": "Point", "coordinates": [ 126.918096, 37.485332 ] } },
{ "type": "Feature", "properties": { "name": "신림5동문고", "amenity": "library", "osm_id": 368654439, "origin": "OBSERVED" }, "geometry": { "type": "Point", "coordinates": [ 126.927032, 37.487423 ] } },
{ "type": "Feature", "properties": { "name": "신림6동문고", "amenity": "library", "osm_id": 368654448, "origin": "OBSERVED" }, "geometry": { "type": "Point", "coordinates": [ 126.932787, 37.470029 ] } },
{ "type": "Feature", "properties": { "name": "신림9동문고", "amenity": "library", "osm_id": 368654450, "origin": "OBSERVED" }, "geometry": { "type": "Point", "coordinates": [ 126.936926, 37.470591 ] } },
{ "type": "Feature", "properties": { "name": "신림12동문고", "amenity": "library", "osm_id": 368654469, "origin": "OBSERVED" }, "geometry": { "type": "Point", "coordinates": [ 126.915489, 37.476261 ] } },
{ "type": "Feature", "properties": { "name": "가산동문고", "amenity": "library", "osm_id": 368654615, "origin": "OBSERVED" }, "geometry": { "type": "Point", "coordinates": [ 126.891667, 37.476887 ] } },
{ "type": "Feature", "properties": { "name": "독산1동문고", "amenity": "library", "osm_id": 368654617, "origin": "OBSERVED" }, "geometry": { "type": "Point", "coordinates": [ 126.896944, 37.470223 ] } },
{ "type": "Feature", "properties": { "name": "독산2동문고", "amenity": "library", "osm_id": 368654627, "origin": "OBSERVED" }, "geometry": { "type": "Point", "coordinates": [ 126.899661, 37.466067 ] } },
{ "type": "Feature", "properties": { "name": "독산3동문고", "amenity": "library", "osm_id": 368654642, "origin": "OBSERVED" }, "geometry": { "type": "Point", "coordinates": [ 126.907762, 37.476577 ] } },
{ "type": "Feature", "properties": { "name": "솔로몬문고", "amenity": "library", "osm_id": 368654801, "origin": "OBSERVED" }, "geometry": { "type": "Point", "coordinates": [ 126.911957, 37.482807 ] } },
{ "type": "Feature", "properties": { "name": "신대방2동문고", "amenity": "library", "osm_id": 368654832, "origin": "OBSERVED" }, "geometry": { "type": "Point", "coordinates": [ 126.925745, 37.49893 ] } },
{ "type": "Feature", "properties": { "name": "상도1동문고", "amenity": "library", "osm_id": 368654869, "origin": "OBSERVED" }, "geometry": { "type": "Point", "coordinates": [ 126.95304, 37.498065 ] } },
{ "type": "Feature", "properties": { "name": "상도3동문고", "amenity": "library", "osm_id": 368654881, "origin": "OBSERVED" }, "geometry": { "type": "Point", "coordinates": [ 126.9313, 37.499165 ] } },
{ "type": "Feature", "properties": { "name": "대림1동 새마을 문고", "amenity": "library", "osm_id": 368655019, "origin": "OBSERVED" }, "geometry": { "type": "Point", "coordinates": [ 126.905892, 37.495466 ] } },
{ "type": "Feature", "properties": { "name": "도림2동 새마을 문고", "amenity": "library", "osm_id": 368655046, "origin": "OBSERVED" }, "geometry": { "type": "Point", "coordinates": [ 126.895869, 37.509512 ] } },
{ "type": "Feature", "properties": { "name": "대림2동 새마을 문고", "amenity": "library", "osm_id": 368655048, "origin": "OBSERVED" }, "geometry": { "type": "Point", "coordinates": [ 126.898129, 37.492708 ] } },
{ "type": "Feature", "properties": { "name": "대림정보문화도서관", "amenity": "library", "osm_id": 368655107, "origin": "OBSERVED" }, "geometry": { "type": "Point", "coordinates": [ 126.895991, 37.504295 ] } },
{ "type": "Feature", "properties": { "name": "금천구립정보도서관", "amenity": "library", "osm_id": 368655273, "origin": "OBSERVED" }, "geometry": { "type": "Point", "coordinates": [ 126.892034, 37.473466 ] } },
{ "type": "Feature", "properties": { "name": "예술표구화랑", "amenity": "arts_centre", "osm_id": 368726312, "origin": "OBSERVED" }, "geometry": { "type": "Point", "coordinates": [ 126.939628, 37.503622 ] } },
{ "type": "Feature", "properties": { "name": "우진화랑", "amenity": "arts_centre", "osm_id": 368726873, "origin": "OBSERVED" }, "geometry": { "type": "Point", "coordinates": [ 126.928195, 37.497887 ] } },
{ "type": "Feature", "properties": { "name": "세이화랑", "amenity": "arts_centre", "osm_id": 368728052, "origin": "OBSERVED" }, "geometry": { "type": "Point", "coordinates": [ 126.92605, 37.499994 ] } },
{ "type": "Feature", "properties": { "name": "화이트치과의원", "amenity": "dentist", "osm_id": 368737792, "origin": "OBSERVED" }, "geometry": { "type": "Point", "coordinates": [ 126.89858, 37.49371 ] } },
{ "type": "Feature", "properties": { "name": "강한피부과 신림클리닉", "amenity": "doctors", "osm_id": 368737927, "origin": "OBSERVED" }, "geometry": { "type": "Point", "coordinates": [ 126.929188, 37.484532 ] } },
{ "type": "Feature", "properties": { "name": "감초당한의원", "amenity": "doctors", "osm_id": 368738018, "origin": "OBSERVED" }, "geometry": { "type": "Point", "coordinates": [ 126.907288, 37.506022 ] } },
{ "type": "Feature", "properties": { "name": "서울e병원", "amenity": "hospital", "osm_id": 368738025, "origin": "OBSERVED" }, "geometry": { "type": "Point", "coordinates": [ 126.940539, 37.486319 ] } },
{ "type": "Feature", "properties": { "name": "동의보감한의원", "amenity": "doctors", "osm_id": 368738139, "origin": "OBSERVED" }, "geometry": { "type": "Point", "coordinates": [ 126.929978, 37.4833 ] } },
{ "type": "Feature", "properties": { "name": "연세미소그린치과", "amenity": "dentist", "osm_id": 368738372, "origin": "OBSERVED" }, "geometry": { "type": "Point", "coordinates": [ 126.95272, 37.49795 ] } },
{ "type": "Feature", "properties": { "name": "기분좋은치과", "amenity": "dentist", "osm_id": 368738532, "origin": "OBSERVED" }, "geometry": { "type": "Point", "coordinates": [ 126.890321, 37.489813 ] } },
{ "type": "Feature", "properties": { "name": "이앤오 리더스 치과", "amenity": "dentist", "osm_id": 368738545, "origin": "OBSERVED" }, "geometry": { "type": "Point", "coordinates": [ 126.8909, 37.48951 ] } },
{ "type": "Feature", "properties": { "name": "고운얼굴피부과성형외과", "amenity": "doctors", "osm_id": 368738593, "origin": "OBSERVED" }, "geometry": { "type": "Point", "coordinates": [ 126.952934, 37.479831 ] } },
{ "type": "Feature", "properties": { "name": "서울CL치과 보라매점", "amenity": "dentist", "osm_id": 368738782, "origin": "OBSERVED" }, "geometry": { "type": "Point", "coordinates": [ 126.9248, 37.48965 ] } },
{ "type": "Feature", "properties": { "name": "민들레한의원", "amenity": "doctors", "osm_id": 368738808, "origin": "OBSERVED" }, "geometry": { "type": "Point", "coordinates": [ 126.912769, 37.486094 ] } },
{ "type": "Feature", "properties": { "name": "스마일치과의원", "amenity": "dentist", "osm_id": 368739091, "origin": "OBSERVED" }, "geometry": { "type": "Point", "coordinates": [ 126.9539, 37.4805 ] } },
{ "type": "Feature", "properties": { "name": "CF클리닉", "amenity": "doctors", "osm_id": 368739194, "origin": "OBSERVED" }, "geometry": { "type": "Point", "coordinates": [ 126.940513, 37.487409 ] } },
{ "type": "Feature", "properties": { "name": "김정화 산부인과", "amenity": "doctors", "osm_id": 368739369, "origin": "OBSERVED" }, "geometry": { "type": "Point", "coordinates": [ 126.947259, 37.486136 ] } },
{ "type": "Feature", "properties": { "name": "뉴욕비엔에스치과", "amenity": "dentist", "osm_id": 368739550, "origin": "OBSERVED" }, "geometry": { "type": "Point", "coordinates": [ 126.89532, 37.48364 ] } },
{ "type": "Feature", "properties": { "name": "제니스치과", "amenity": "dentist", "osm_id": 368739594, "origin": "OBSERVED" }, "geometry": { "type": "Point", "coordinates": [ 126.91383, 37.48714 ] } },
{ "type": "Feature", "properties": { "name": "프라임피부과", "amenity": "doctors", "osm_id": 368739774, "origin": "OBSERVED" }, "geometry": { "type": "Point", "coordinates": [ 126.938381, 37.504314 ] } },
{ "type": "Feature", "properties": { "name": "리더스치과", "amenity": "dentist", "osm_id": 368739799, "origin": "OBSERVED" }, "geometry": { "type": "Point", "coordinates": [ 126.953742, 37.483131 ] } },
{ "type": "Feature", "properties": { "name": "다온의원", "amenity": "doctors", "osm_id": 368739884, "origin": "OBSERVED" }, "geometry": { "type": "Point", "coordinates": [ 126.947172, 37.486548 ] } },
{ "type": "Feature", "properties": { "name": "하나로치과", "amenity": "dentist", "osm_id": 368740186, "origin": "OBSERVED" }, "geometry": { "type": "Point", "coordinates": [ 126.92759, 37.49047 ] } },
{ "type": "Feature", "properties": { "name": "정성요양병원", "amenity": "hospital", "osm_id": 368740334, "origin": "OBSERVED" }, "geometry": { "type": "Point", "coordinates": [ 126.893717, 37.478943 ] } },
{ "type": "Feature", "properties": { "name": "가연산부인과", "amenity": "doctors", "osm_id": 368740407, "origin": "OBSERVED" }, "geometry": { "type": "Point", "coordinates": [ 126.931983, 37.478051 ] } },
{ "type": "Feature", "properties": { "name": "신항장외과의원", "amenity": "doctors", "osm_id": 368740408, "origin": "OBSERVED" }, "geometry": { "type": "Point", "coordinates": [ 126.927882, 37.499991 ] } },
{ "type": "Feature", "properties": { "name": "고운미소치과 관악점", "amenity": "dentist", "osm_id": 368740421, "origin": "OBSERVED" }, "geometry": { "type": "Point", "coordinates": [ 126.95204, 37.48011 ] } },
{ "type": "Feature", "properties": { "name": "서울연세탑의원", "amenity": "doctors", "osm_id": 368740673, "origin": "OBSERVED" }, "geometry": { "type": "Point", "coordinates": [ 126.953692, 37.483072 ] } },
{ "type": "Feature", "properties": { "name": "일맥한의원 신림점", "amenity": "doctors", "osm_id": 368740805, "origin": "OBSERVED" }, "geometry": { "type": "Point", "coordinates": [ 126.929111, 37.485974 ] } },
{ "type": "Feature", "properties": { "name": "온누리내과", "amenity": "doctors", "osm_id": 368740826, "origin": "OBSERVED" }, "geometry": { "type": "Point", "coordinates": [ 126.928753, 37.484344 ] } },
{ "type": "Feature", "properties": { "name": "CF클리닉", "amenity": "hospital", "osm_id": 368740908, "origin": "OBSERVED" }, "geometry": { "type": "Point", "coordinates": [ 126.947473, 37.486706 ] } },
{ "type": "Feature", "properties": { "name": "제이스타피부과의원", "amenity": "doctors", "osm_id": 368741101, "origin": "OBSERVED" }, "geometry": { "type": "Point", "coordinates": [ 126.928055, 37.499986 ] } },
{ "type": "Feature", "properties": { "name": "함초롬피부과", "amenity": "doctors", "osm_id": 368741164, "origin": "OBSERVED" }, "geometry": { "type": "Point", "coordinates": [ 126.929255, 37.486975 ] } },
{ "type": "Feature", "properties": { "name": "참맑은한의원", "amenity": "doctors", "osm_id": 368741441, "origin": "OBSERVED" }, "geometry": { "type": "Point", "coordinates": [ 126.895265, 37.483652 ] } },
{ "type": "Feature", "properties": { "name": "안피부과비뇨기과", "amenity": "doctors", "osm_id": 368741682, "origin": "OBSERVED" }, "geometry": { "type": "Point", "coordinates": [ 126.901108, 37.483139 ] } },
{ "type": "Feature", "properties": { "name": "정정균치과", "amenity": "dentist", "osm_id": 368741717, "origin": "OBSERVED" }, "geometry": { "type": "Point", "coordinates": [ 126.90142, 37.46629 ] } },
{ "type": "Feature", "properties": { "name": "우리들치과의원", "amenity": "dentist", "osm_id": 368741728, "origin": "OBSERVED" }, "geometry": { "type": "Point", "coordinates": [ 126.90016, 37.49221 ] } },
{ "type": "Feature", "properties": { "name": "고려에이스비뇨기과", "amenity": "doctors", "osm_id": 368741819, "origin": "OBSERVED" }, "geometry": { "type": "Point", "coordinates": [ 126.927372, 37.484254 ] } },
{ "type": "Feature", "properties": { "name": "조이치과", "amenity": "dentist", "osm_id": 368741839, "origin": "OBSERVED" }, "geometry": { "type": "Point", "coordinates": [ 126.94287, 37.482 ] } },
{ "type": "Feature", "properties": { "name": "유영조내과", "amenity": "doctors", "osm_id": 368741897, "origin": "OBSERVED" }, "geometry": { "type": "Point", "coordinates": [ 126.937724, 37.504633 ] } },
{ "type": "Feature", "properties": { "name": "연세해맑은치과", "amenity": "dentist", "osm_id": 368742030, "origin": "OBSERVED" }, "geometry": { "type": "Point", "coordinates": [ 126.95129, 37.48177 ] } },
{ "type": "Feature", "properties": { "name": "본디올 경희한의원", "amenity": "doctors", "osm_id": 368742072, "origin": "OBSERVED" }, "geometry": { "type": "Point", "coordinates": [ 126.934653, 37.502002 ] } },
{ "type": "Feature", "properties": { "name": "선앤민치과", "amenity": "dentist", "osm_id": 368742142, "origin": "OBSERVED" }, "geometry": { "type": "Point", "coordinates": [ 126.94717, 37.50604 ] } },
{ "type": "Feature", "properties": { "name": "뉴욕치과", "amenity": "dentist", "osm_id": 368742267, "origin": "OBSERVED" }, "geometry": { "type": "Point", "coordinates": [ 126.90164, 37.48403 ] } },
{ "type": "Feature", "properties": { "name": "웰치과의원", "amenity": "dentist", "osm_id": 368742288, "origin": "OBSERVED" }, "geometry": { "type": "Point", "coordinates": [ 126.8974, 37.46995 ] } },
{ "type": "Feature", "properties": { "name": "제이미즈산부인과", "amenity": "doctors", "osm_id": 368742336, "origin": "OBSERVED" }, "geometry": { "type": "Point", "coordinates": [ 126.897385, 37.469434 ] } },
{ "type": "Feature", "properties": { "name": "고은경희한의원 구로점", "amenity": "doctors", "osm_id": 368742436, "origin": "OBSERVED" }, "geometry": { "type": "Point", "coordinates": [ 126.899244, 37.485284 ] } },
{ "type": "Feature", "properties": { "name": "비비한의원", "amenity": "doctors", "osm_id": 368742531, "origin": "OBSERVED" }, "geometry": { "type": "Point", "coordinates": [ 126.927427, 37.490689 ] } },
{ "type": "Feature", "properties": { "name": "관악이비인후과", "amenity": "doctors", "osm_id": 368742862, "origin": "OBSERVED" }, "geometry": { "type": "Point", "coordinates": [ 126.953851, 37.481411 ] } },
{ "type": "Feature", "properties": { "name": "여디디야치과", "amenity": "dentist", "osm_id": 368742978, "origin": "OBSERVED" }, "geometry": { "type": "Point", "coordinates": [ 126.95497, 37.48006 ] } },
{ "type": "Feature", "properties": { "name": "자연닮은 한의원", "amenity": "doctors", "osm_id": 368743025, "origin": "OBSERVED" }, "geometry": { "type": "Point", "coordinates": [ 126.897177, 37.485932 ] } },
{ "type": "Feature", "properties": { "name": "세종사우나", "amenity": "public_bath", "osm_id": 368857531, "origin": "OBSERVED" }, "geometry": { "type": "Point", "coordinates": [ 126.950754, 37.479168 ] } },
{ "type": "Feature", "properties": { "name": "청룡사우나", "amenity": "public_bath", "osm_id": 368858018, "origin": "OBSERVED" }, "geometry": { "type": "Point", "coordinates": [ 126.947868, 37.478905 ] } },
{ "type": "Feature", "properties": { "name": "신림동성당", "amenity": "place_of_worship", "osm_id": 368864489, "origin": "OBSERVED" }, "geometry": { "type": "Point", "coordinates": [ 126.933255, 37.478459 ] } },
{ "type": "Feature", "properties": { "name": "공군중앙성당", "amenity": "place_of_worship", "osm_id": 368864560, "origin": "OBSERVED" }, "geometry": { "type": "Point", "coordinates": [ 126.92271, 37.508645 ] } },
{ "type": "Feature", "properties": { "name": "사회문화연구소", "amenity": "research_institute", "osm_id": 368872331, "origin": "OBSERVED" }, "geometry": { "type": "Point", "coordinates": [ 126.933114, 37.469275 ] } },
{ "type": "Feature", "properties": { "name": "한국SGI관악문화회관", "amenity": "arts_centre", "osm_id": 368874322, "origin": "OBSERVED" }, "geometry": { "type": "Point", "coordinates": [ 126.90823, 37.484061 ] } },
{ "type": "Feature", "properties": { "name": "한국SGI구로문화회관", "amenity": "arts_centre", "osm_id": 368874354, "origin": "OBSERVED" }, "geometry": { "type": "Point", "coordinates": [ 126.890892, 37.501832 ] } },
{ "type": "Feature", "properties": { "name": "한국SGI동작문화회관", "amenity": "arts_centre", "osm_id": 368874369, "origin": "OBSERVED" }, "geometry": { "type": "Point", "coordinates": [ 126.949092, 37.504671 ] } },
{ "type": "Feature", "properties": { "name": "한국SGI영등포문화회관", "amenity": "arts_centre", "osm_id": 368874390, "origin": "OBSERVED" }, "geometry": { "type": "Point", "coordinates": [ 126.90657, 37.508755 ] } },
{ "type": "Feature", "properties": { "name": "서울관악우체국", "amenity": "post_office", "osm_id": 368875073, "origin": "OBSERVED" }, "geometry": { "type": "Point", "coordinates": [ 126.933186, 37.485034 ] } },
{ "type": "Feature", "properties": { "name": "서울신림동우체국", "amenity": "post_office", "osm_id": 368875179, "origin": "OBSERVED" }, "geometry": { "type": "Point", "coordinates": [ 126.939958, 37.469175 ] } },
{ "type": "Feature", "properties": { "name": "서울대림동우체국", "amenity": "post_office", "osm_id": 368875224, "origin": "OBSERVED" }, "geometry": { "type": "Point", "coordinates": [ 126.904588, 37.489699 ] } },
{ "type": "Feature", "properties": { "name": "서울신길동우체국", "amenity": "post_office", "osm_id": 368875408, "origin": "OBSERVED" }, "geometry": { "type": "Point", "coordinates": [ 126.920556, 37.50158 ] } },
{ "type": "Feature", "properties": { "name": "서울신길5동우체국", "amenity": "post_office", "osm_id": 368875451, "origin": "OBSERVED" }, "geometry": { "type": "Point", "coordinates": [ 126.908003, 37.498437 ] } },
{ "type": "Feature", "properties": { "name": "서울난곡우체국", "amenity": "post_office", "osm_id": 368875630, "origin": "OBSERVED" }, "geometry": { "type": "Point", "coordinates": [ 126.914945, 37.478576 ] } },
{ "type": "Feature", "properties": { "name": "서울행운동우체국", "amenity": "post_office", "osm_id": 368875686, "origin": "OBSERVED" }, "geometry": { "type": "Point", "coordinates": [ 126.954719, 37.480841 ] } },
{ "type": "Feature", "properties": { "name": "서울구로디지털단지우체국", "amenity": "post_office", "osm_id": 368875749, "origin": "OBSERVED" }, "geometry": { "type": "Point", "coordinates": [ 126.898492, 37.483319 ] } },
{ "type": "Feature", "properties": { "name": "서울동작우성우편취급국", "amenity": "post_office", "osm_id": 368876086, "origin": "OBSERVED" }, "geometry": { "type": "Point", "coordinates": [ 126.911873, 37.494818 ] } },
{ "type": "Feature", "properties": { "name": "동작약수우편취급국", "amenity": "post_office", "osm_id": 368876099, "origin": "OBSERVED" }, "geometry": { "type": "Point", "coordinates": [ 126.943374, 37.498627 ] } },
{ "type": "Feature", "properties": { "name": "서울대림1동우편취급국", "amenity": "post_office", "osm_id": 368876160, "origin": "OBSERVED" }, "geometry": { "type": "Point", "coordinates": [ 126.900781, 37.494169 ] } },
{ "type": "Feature", "properties": { "name": "양문유치원", "amenity": "kindergarten", "osm_id": 368883100, "origin": "OBSERVED" }, "geometry": { "type": "Point", "coordinates": [ 126.907227, 37.489215 ] } },
{ "type": "Feature", "properties": { "name": "송이유치원", "amenity": "kindergarten", "osm_id": 368883136, "origin": "OBSERVED" }, "geometry": { "type": "Point", "coordinates": [ 126.930168, 37.475289 ] } },
{ "type": "Feature", "properties": { "name": "세나유치원", "amenity": "kindergarten", "osm_id": 368883208, "origin": "OBSERVED" }, "geometry": { "type": "Point", "coordinates": [ 126.930078, 37.499111 ] } },
{ "type": "Feature", "properties": { "name": "하늘 유치원", "amenity": "kindergarten;sauna", "osm_id": 368883221, "origin": "OBSERVED" }, "geometry": { "type": "Point", "coordinates": [ 126.933776, 37.474615 ] } },
{ "type": "Feature", "properties": { "name": "세희 유치원", "amenity": "kindergarten", "osm_id": 368883290, "origin": "OBSERVED" }, "geometry": { "type": "Point", "coordinates": [ 126.893396, 37.492009 ] } },
{ "type": "Feature", "properties": { "name": "서울두산초등학교병설유치원", "amenity": "kindergarten", "osm_id": 368883479, "origin": "OBSERVED" }, "geometry": { "type": "Point", "coordinates": [ 126.890604, 37.46729 ] } },
{ "type": "Feature", "properties": { "name": "서울도신초등학교병설유치원", "amenity": "kindergarten", "osm_id": 368883524, "origin": "OBSERVED" }, "geometry": { "type": "Point", "coordinates": [ 126.900897, 37.49882 ] } },
{ "type": "Feature", "properties": { "name": "서울대동초등학교병설유치원", "amenity": "kindergarten", "osm_id": 368883533, "origin": "OBSERVED" }, "geometry": { "type": "Point", "coordinates": [ 126.900427, 37.49339 ] } },
{ "type": "Feature", "properties": { "name": "서울난곡초등학교병설유치원", "amenity": "kindergarten", "osm_id": 368883536, "origin": "OBSERVED" }, "geometry": { "type": "Point", "coordinates": [ 126.916959, 37.4692 ] } },
{ "type": "Feature", "properties": { "name": "서울은천초등학교병설유치원", "amenity": "kindergarten", "osm_id": 368883622, "origin": "OBSERVED" }, "geometry": { "type": "Point", "coordinates": [ 126.941478, 37.488707 ] } },
{ "type": "Feature", "properties": { "name": "서원동주민센터", "amenity": "townhall", "osm_id": 368898856, "origin": "OBSERVED" }, "geometry": { "type": "Point", "coordinates": [ 126.93111, 37.479809 ] } },
{ "type": "Feature", "properties": { "name": "대림1동 주민센터", "amenity": "townhall", "osm_id": 368899462, "origin": "OBSERVED" }, "geometry": { "type": "Point", "coordinates": [ 126.905892, 37.495466 ] } },
{ "type": "Feature", "properties": { "name": "도림동 주민센터", "amenity": "townhall", "osm_id": 368899463, "origin": "OBSERVED" }, "geometry": { "type": "Point", "coordinates": [ 126.896042, 37.509462 ] } },
{ "type": "Feature", "properties": { "name": "신길3동 주민센터", "amenity": "townhall", "osm_id": 368899474, "origin": "OBSERVED" }, "geometry": { "type": "Point", "coordinates": [ 126.907686, 37.507422 ] } },
{ "type": "Feature", "properties": { "name": "신길4동 주민센터", "amenity": "townhall", "osm_id": 368899481, "origin": "OBSERVED" }, "geometry": { "type": "Point", "coordinates": [ 126.911111, 37.508373 ] } },
{ "type": "Feature", "properties": { "name": "신대방1동 주민센터", "amenity": "townhall", "osm_id": 368899603, "origin": "OBSERVED" }, "geometry": { "type": "Point", "coordinates": [ 126.909968, 37.488925 ] } },
{ "type": "Feature", "properties": { "name": "신대방2동 주민센터", "amenity": "townhall", "osm_id": 368899604, "origin": "OBSERVED" }, "geometry": { "type": "Point", "coordinates": [ 126.925746, 37.498949 ] } },
{ "type": "Feature", "properties": { "name": "보라매동주민센터", "amenity": "townhall", "osm_id": 368899694, "origin": "OBSERVED" }, "geometry": { "type": "Point", "coordinates": [ 126.932608, 37.488158 ] } },
{ "type": "Feature", "properties": { "name": "성현동 주민센터", "amenity": "townhall", "osm_id": 368899806, "origin": "OBSERVED" }, "geometry": { "type": "Point", "coordinates": [ 126.948173, 37.489532 ] } },
{ "type": "Feature", "properties": { "name": "삼성동주민센터", "amenity": "townhall", "osm_id": 368899825, "origin": "OBSERVED" }, "geometry": { "type": "Point", "coordinates": [ 126.932865, 37.470095 ] } },
{ "type": "Feature", "properties": { "name": "신원동주민센터", "amenity": "townhall", "osm_id": 368899866, "origin": "OBSERVED" }, "geometry": { "type": "Point", "coordinates": [ 126.927606, 37.481338 ] } },
{ "type": "Feature", "properties": { "name": "신사동 주민센터", "amenity": "townhall", "osm_id": 368899873, "origin": "OBSERVED" }, "geometry": { "type": "Point", "coordinates": [ 126.918117, 37.485419 ] } },
{ "type": "Feature", "properties": { "name": "조원동주민센터", "amenity": "townhall", "osm_id": 368899879, "origin": "OBSERVED" }, "geometry": { "type": "Point", "coordinates": [ 126.907875, 37.482716 ] } },
{ "type": "Feature", "properties": { "name": "대학동주민센터", "amenity": "townhall", "osm_id": 368899884, "origin": "OBSERVED" }, "geometry": { "type": "Point", "coordinates": [ 126.936804, 37.470606 ] } },
{ "type": "Feature", "properties": { "name": "가산동 주민센터", "amenity": "townhall", "osm_id": 368899899, "origin": "OBSERVED" }, "geometry": { "type": "Point", "coordinates": [ 126.891667, 37.476887 ] } },
{ "type": "Feature", "properties": { "name": "독산1동주민센터", "amenity": "townhall", "osm_id": 368900066, "origin": "OBSERVED" }, "geometry": { "type": "Point", "coordinates": [ 126.897076, 37.470278 ] } },
{ "type": "Feature", "properties": { "name": "우성주유소", "amenity": "fuel", "osm_id": 368903969, "origin": "OBSERVED" }, "geometry": { "type": "Point", "coordinates": [ 126.918909, 37.497901 ] } },
{ "type": "Feature", "properties": { "name": "SK 유정주유소", "amenity": "fuel", "osm_id": 368904046, "origin": "OBSERVED" }, "geometry": { "type": "Point", "coordinates": [ 126.938555, 37.484103 ] } },
{ "type": "Feature", "properties": { "name": "한성주유소", "amenity": "fuel", "osm_id": 368904261, "origin": "OBSERVED" }, "geometry": { "type": "Point", "coordinates": [ 126.922791, 37.507192 ] } },
{ "type": "Feature", "properties": { "name": "동신주유소", "amenity": "fuel", "osm_id": 368904307, "origin": "OBSERVED" }, "geometry": { "type": "Point", "coordinates": [ 126.903429, 37.486035 ] } },
{ "type": "Feature", "properties": { "name": "알뜰 삼화주유소", "amenity": "fuel", "osm_id": 368904399, "origin": "OBSERVED" }, "geometry": { "type": "Point", "coordinates": [ 126.926731, 37.493178 ] } },
{ "type": "Feature", "properties": { "name": "도림주유소", "amenity": "fuel", "osm_id": 368904489, "origin": "OBSERVED" }, "geometry": { "type": "Point", "coordinates": [ 126.900125, 37.507776 ] } },
{ "type": "Feature", "properties": { "name": "이가주유소", "amenity": "fuel", "osm_id": 368904501, "origin": "OBSERVED" }, "geometry": { "type": "Point", "coordinates": [ 126.897819, 37.473016 ] } },
{ "type": "Feature", "properties": { "name": "신풍주유소", "amenity": "fuel", "osm_id": 368904593, "origin": "OBSERVED" }, "geometry": { "type": "Point", "coordinates": [ 126.906108, 37.508615 ] } },
{ "type": "Feature", "properties": { "name": "S-OIL", "amenity": "fuel", "osm_id": 368904613, "origin": "OBSERVED" }, "geometry": { "type": "Point", "coordinates": [ 126.945105, 37.482329 ] } },
{ "type": "Feature", "properties": { "name": "남부주유소", "amenity": "fuel", "osm_id": 368904632, "origin": "OBSERVED" }, "geometry": { "type": "Point", "coordinates": [ 126.899729, 37.481513 ] } },
{ "type": "Feature", "properties": { "name": "신관주유소", "amenity": "fuel", "osm_id": 368904647, "origin": "OBSERVED" }, "geometry": { "type": "Point", "coordinates": [ 126.930559, 37.480399 ] } },
{ "type": "Feature", "properties": { "name": "살피제주유소", "amenity": "fuel", "osm_id": 368904685, "origin": "OBSERVED" }, "geometry": { "type": "Point", "coordinates": [ 126.942098, 37.499328 ] } },
{ "type": "Feature", "properties": { "name": "가리봉주유소", "amenity": "fuel", "osm_id": 368904903, "origin": "OBSERVED" }, "geometry": { "type": "Point", "coordinates": [ 126.892071, 37.478666 ] } },
{ "type": "Feature", "properties": { "name": "살피재주유소", "amenity": "fuel", "osm_id": 368904909, "origin": "OBSERVED" }, "geometry": { "type": "Point", "coordinates": [ 126.942098, 37.499328 ] } },
{ "type": "Feature", "properties": { "name": "신대림주유소", "amenity": "fuel", "osm_id": 368904918, "origin": "OBSERVED" }, "geometry": { "type": "Point", "coordinates": [ 126.899408, 37.4888 ] } },
{ "type": "Feature", "properties": { "name": "대림동주유소", "amenity": "fuel", "osm_id": 368904948, "origin": "OBSERVED" }, "geometry": { "type": "Point", "coordinates": [ 126.897347, 37.501289 ] } },
{ "type": "Feature", "properties": { "name": "금천제일주유소", "amenity": "fuel", "osm_id": 368905097, "origin": "OBSERVED" }, "geometry": { "type": "Point", "coordinates": [ 126.907488, 37.48026 ] } },
{ "type": "Feature", "properties": { "name": "한경석유경덕주유소", "amenity": "fuel", "osm_id": 368905350, "origin": "OBSERVED" }, "geometry": { "type": "Point", "coordinates": [ 126.919637, 37.498386 ] } },
{ "type": "Feature", "properties": { "name": "대한통운직영주유소", "amenity": "fuel", "osm_id": 368905386, "origin": "OBSERVED" }, "geometry": { "type": "Point", "coordinates": [ 126.918842, 37.482942 ] } },
{ "type": "Feature", "properties": { "name": "지에스칼텍스난곡주유소", "amenity": "fuel", "osm_id": 368905586, "origin": "OBSERVED" }, "geometry": { "type": "Point", "coordinates": [ 126.918674, 37.473361 ] } },
{ "type": "Feature", "properties": { "name": "현대오일뱅크신구로주유소", "amenity": "fuel", "osm_id": 368905653, "origin": "OBSERVED" }, "geometry": { "type": "Point", "coordinates": [ 126.892347, 37.497503 ] } },
{ "type": "Feature", "properties": { "name": "(주)백두에너지성락주유소 (Baekdu Energy Seongnak Gas Station)", "amenity": "fuel", "osm_id": 368905679, "origin": "OBSERVED" }, "geometry": { "type": "Point", "coordinates": [ 126.903012, 37.504029 ] } },
{ "type": "Feature", "properties": { "name": "에스케이에너지판매대청주유소", "amenity": "fuel", "osm_id": 368905709, "origin": "OBSERVED" }, "geometry": { "type": "Point", "coordinates": [ 126.895646, 37.498534 ] } },
{ "type": "Feature", "properties": { "name": "(주)한화이에스직영진영주유소 (Hanhwaieseujikyeongjinyeong Gas Station)", "amenity": "fuel", "osm_id": 368905732, "origin": "OBSERVED" }, "geometry": { "type": "Point", "coordinates": [ 126.919357, 37.482451 ] } },
{ "type": "Feature", "properties": { "name": "영남중학교", "amenity": "school", "osm_id": 368921867, "origin": "OBSERVED" }, "geometry": { "type": "Point", "coordinates": [ 126.895886, 37.497581 ] } },
{ "type": "Feature", "properties": { "name": "영남중학교", "amenity": "school", "osm_id": 368922572, "origin": "OBSERVED" }, "geometry": { "type": "Point", "coordinates": [ 126.900912, 37.494176 ] } },
{ "type": "Feature", "properties": { "name": "태평양회집", "amenity": "restaurant", "osm_id": 368954844, "origin": "OBSERVED" }, "geometry": { "type": "Point", "coordinates": [ 126.933318, 37.47162 ] } },
{ "type": "Feature", "properties": { "name": "소문난회집", "amenity": "restaurant", "osm_id": 368954848, "origin": "OBSERVED" }, "geometry": { "type": "Point", "coordinates": [ 126.92727, 37.484235 ] } },
{ "type": "Feature", "properties": { "name": "동해회집", "amenity": "restaurant", "osm_id": 368954900, "origin": "OBSERVED" }, "geometry": { "type": "Point", "coordinates": [ 126.901171, 37.484248 ] } },
{ "type": "Feature", "properties": { "name": "장군회집", "amenity": "restaurant", "osm_id": 368954903, "origin": "OBSERVED" }, "geometry": { "type": "Point", "coordinates": [ 126.902526, 37.506789 ] } },
{ "type": "Feature", "properties": { "name": "명당회집", "amenity": "restaurant", "osm_id": 368954905, "origin": "OBSERVED" }, "geometry": { "type": "Point", "coordinates": [ 126.910985, 37.480401 ] } },
{ "type": "Feature", "properties": { "name": "신림회집", "amenity": "restaurant", "osm_id": 368954918, "origin": "OBSERVED" }, "geometry": { "type": "Point", "coordinates": [ 126.927249, 37.484938 ] } },
{ "type": "Feature", "properties": { "name": "우도회집", "amenity": "restaurant", "osm_id": 368954975, "origin": "OBSERVED" }, "geometry": { "type": "Point", "coordinates": [ 126.901515, 37.483873 ] } },
{ "type": "Feature", "properties": { "name": "소문난회집", "amenity": "restaurant", "osm_id": 368955010, "origin": "OBSERVED" }, "geometry": { "type": "Point", "coordinates": [ 126.939275, 37.470934 ] } },
{ "type": "Feature", "properties": { "name": "바다회집", "amenity": "restaurant", "osm_id": 368955037, "origin": "OBSERVED" }, "geometry": { "type": "Point", "coordinates": [ 126.899324, 37.472885 ] } },
{ "type": "Feature", "properties": { "name": "섬마을회집", "amenity": "restaurant", "osm_id": 368955126, "origin": "OBSERVED" }, "geometry": { "type": "Point", "coordinates": [ 126.903939, 37.492907 ] } },
{ "type": "Feature", "properties": { "name": "유명한횟집", "amenity": "restaurant", "osm_id": 368956103, "origin": "OBSERVED" }, "geometry": { "type": "Point", "coordinates": [ 126.929202, 37.485181 ] } },
{ "type": "Feature", "properties": { "name": "수산횟집", "amenity": "restaurant", "osm_id": 368956197, "origin": "OBSERVED" }, "geometry": { "type": "Point", "coordinates": [ 126.927466, 37.483183 ] } },
{ "type": "Feature", "properties": { "name": "해미횟집", "amenity": "restaurant", "osm_id": 368956384, "origin": "OBSERVED" }, "geometry": { "type": "Point", "coordinates": [ 126.890139, 37.480054 ] } },
{ "type": "Feature", "properties": { "name": "풍미횟집", "amenity": "restaurant", "osm_id": 368956418, "origin": "OBSERVED" }, "geometry": { "type": "Point", "coordinates": [ 126.916423, 37.496176 ] } },
{ "type": "Feature", "properties": { "name": "대방횟집", "amenity": "restaurant", "osm_id": 368956421, "origin": "OBSERVED" }, "geometry": { "type": "Point", "coordinates": [ 126.927413, 37.497961 ] } },
{ "type": "Feature", "properties": { "name": "삼해횟집", "amenity": "restaurant", "osm_id": 368956461, "origin": "OBSERVED" }, "geometry": { "type": "Point", "coordinates": [ 126.89556, 37.47285 ] } },
{ "type": "Feature", "properties": { "name": "동해안횟집", "amenity": "restaurant", "osm_id": 368956493, "origin": "OBSERVED" }, "geometry": { "type": "Point", "coordinates": [ 126.913102, 37.48416 ] } },
{ "type": "Feature", "properties": { "name": "동해안횟집", "amenity": "restaurant", "osm_id": 368956553, "origin": "OBSERVED" }, "geometry": { "type": "Point", "coordinates": [ 126.926458, 37.487137 ] } },
{ "type": "Feature", "properties": { "name": "삼학도횟집", "amenity": "restaurant", "osm_id": 368956579, "origin": "OBSERVED" }, "geometry": { "type": "Point", "coordinates": [ 126.898552, 37.498543 ] } },
{ "type": "Feature", "properties": { "name": "롯데시네마 신림", "amenity": "cinema", "osm_id": 1053735784, "origin": "OBSERVED" }, "geometry": { "type": "Point", "coordinates": [ 126.930127, 37.48384 ] } },
{ "type": "Feature", "properties": { "name": "관악문화관도서관", "amenity": "library", "osm_id": 1454685906, "origin": "OBSERVED" }, "geometry": { "type": "Point", "coordinates": [ 126.944892, 37.467547 ] } },
{ "type": "Feature", "properties": { "name": "건영유치원", "amenity": "kindergarten", "osm_id": 1654302297, "origin": "OBSERVED" }, "geometry": { "type": "Point", "coordinates": [ 126.915064, 37.48477 ] } },
{ "type": "Feature", "properties": { "name": "G cafe", "amenity": "cafe", "osm_id": 1762664241, "origin": "OBSERVED" }, "geometry": { "type": "Point", "coordinates": [ 126.913893, 37.496735 ] } },
{ "type": "Feature", "properties": { "name": "농협", "amenity": "bank", "osm_id": 1778799890, "origin": "OBSERVED" }, "geometry": { "type": "Point", "coordinates": [ 126.924168, 37.491886 ] } },
{ "type": "Feature", "properties": { "name": "The Coffee Bean & Tea Leaf", "amenity": "cafe", "osm_id": 1778799893, "origin": "OBSERVED" }, "geometry": { "type": "Point", "coordinates": [ 126.923288, 37.491989 ] } },
{ "type": "Feature", "properties": { "name": "Starbucks", "amenity": "cafe", "osm_id": 1778799894, "origin": "OBSERVED" }, "geometry": { "type": "Point", "coordinates": [ 126.923615, 37.491537 ] } },
{ "type": "Feature", "properties": { "name": "", "amenity": "atm", "osm_id": 1778799895, "origin": "OBSERVED" }, "geometry": { "type": "Point", "coordinates": [ 126.923889, 37.492401 ] } },
{ "type": "Feature", "properties": { "name": "KEB하나은행", "amenity": "bank", "osm_id": 1778799896, "origin": "OBSERVED" }, "geometry": { "type": "Point", "coordinates": [ 126.924302, 37.491401 ] } },
{ "type": "Feature", "properties": { "name": "국민은행", "amenity": "bank", "osm_id": 1778799898, "origin": "OBSERVED" }, "geometry": { "type": "Point", "coordinates": [ 126.924688, 37.491052 ] } },
{ "type": "Feature", "properties": { "name": "KFC", "amenity": "fast_food", "osm_id": 1780047902, "origin": "OBSERVED" }, "geometry": { "type": "Point", "coordinates": [ 126.924824, 37.491767 ] } },
{ "type": "Feature", "properties": { "name": "보라매대학약국", "amenity": "pharmacy", "osm_id": 1780047906, "origin": "OBSERVED" }, "geometry": { "type": "Point", "coordinates": [ 126.924003, 37.492725 ] } },
{ "type": "Feature", "properties": { "name": "새마을식당", "amenity": "restaurant", "osm_id": 1780047923, "origin": "OBSERVED" }, "geometry": { "type": "Point", "coordinates": [ 126.923553, 37.491916 ] } },
{ "type": "Feature", "properties": { "name": "Pascucci", "amenity": "cafe", "osm_id": 1780047925, "origin": "OBSERVED" }, "geometry": { "type": "Point", "coordinates": [ 126.925157, 37.49172 ] } },
{ "type": "Feature", "properties": { "name": "시네Q 신도림", "amenity": "cinema", "osm_id": 1918445691, "origin": "OBSERVED" }, "geometry": { "type": "Point", "coordinates": [ 126.890036, 37.507362 ] } },
{ "type": "Feature", "properties": { "name": "KB국민은행 구로벤처센터지점", "amenity": "bank", "osm_id": 1924627749, "origin": "OBSERVED" }, "geometry": { "type": "Point", "coordinates": [ 126.897645, 37.48494 ] } },
{ "type": "Feature", "properties": { "name": "TOM N TOMS", "amenity": "cafe", "osm_id": 2295366346, "origin": "OBSERVED" }, "geometry": { "type": "Point", "coordinates": [ 126.893971, 37.483345 ] } },
{ "type": "Feature", "properties": { "name": "", "amenity": "post_box", "osm_id": 2295366536, "origin": "OBSERVED" }, "geometry": { "type": "Point", "coordinates": [ 126.89392, 37.483153 ] } },
{ "type": "Feature", "properties": { "name": "", "amenity": "atm", "osm_id": 2295366546, "origin": "OBSERVED" }, "geometry": { "type": "Point", "coordinates": [ 126.893885, 37.483181 ] } },
{ "type": "Feature", "properties": { "name": "", "amenity": "fountain", "osm_id": 2295366547, "origin": "OBSERVED" }, "geometry": { "type": "Point", "coordinates": [ 126.894352, 37.483596 ] } },
{ "type": "Feature", "properties": { "name": "구로3파출소", "amenity": "police", "osm_id": 2296549371, "origin": "OBSERVED" }, "geometry": { "type": "Point", "coordinates": [ 126.891419, 37.486682 ] } },
{ "type": "Feature", "properties": { "name": "우리은행", "amenity": "bank", "osm_id": 2296550627, "origin": "OBSERVED" }, "geometry": { "type": "Point", "coordinates": [ 126.894289, 37.483723 ] } },
{ "type": "Feature", "properties": { "name": "스타벅스", "amenity": "cafe", "osm_id": 2296550663, "origin": "OBSERVED" }, "geometry": { "type": "Point", "coordinates": [ 126.894643, 37.484217 ] } },
{ "type": "Feature", "properties": { "name": "KB국민은행(구로디지털지점)", "amenity": "bank", "osm_id": 2296551316, "origin": "OBSERVED" }, "geometry": { "type": "Point", "coordinates": [ 126.892886, 37.485487 ] } },
{ "type": "Feature", "properties": { "name": "맥도날드", "amenity": "fast_food", "osm_id": 2296551528, "origin": "OBSERVED" }, "geometry": { "type": "Point", "coordinates": [ 126.89482, 37.485102 ] } },
{ "type": "Feature", "properties": { "name": "", "amenity": "fountain", "osm_id": 2296552104, "origin": "OBSERVED" }, "geometry": { "type": "Point", "coordinates": [ 126.894198, 37.486601 ] } },
{ "type": "Feature", "properties": { "name": "", "amenity": "fountain", "osm_id": 2296552105, "origin": "OBSERVED" }, "geometry": { "type": "Point", "coordinates": [ 126.895121, 37.486584 ] } },
{ "type": "Feature", "properties": { "name": "버거킹", "amenity": "fast_food", "osm_id": 2297803608, "origin": "OBSERVED" }, "geometry": { "type": "Point", "coordinates": [ 126.895678, 37.484077 ] } },
{ "type": "Feature", "properties": { "name": "NH 농협", "amenity": "bank", "osm_id": 2297804617, "origin": "OBSERVED" }, "geometry": { "type": "Point", "coordinates": [ 126.893763, 37.486444 ] } },
{ "type": "Feature", "properties": { "name": "LPG station", "amenity": "fuel", "osm_id": 2297807971, "origin": "OBSERVED" }, "geometry": { "type": "Point", "coordinates": [ 126.902073, 37.48423 ] } },
{ "type": "Feature", "properties": { "name": "Burger King", "amenity": "fast_food", "osm_id": 2297807974, "origin": "OBSERVED" }, "geometry": { "type": "Point", "coordinates": [ 126.900694, 37.482506 ] } },
{ "type": "Feature", "properties": { "name": "스타벅스", "amenity": "cafe", "osm_id": 2297807978, "origin": "OBSERVED" }, "geometry": { "type": "Point", "coordinates": [ 126.897399, 37.483138 ] } },
{ "type": "Feature", "properties": { "name": "", "amenity": "fountain", "osm_id": 2297807982, "origin": "OBSERVED" }, "geometry": { "type": "Point", "coordinates": [ 126.893264, 37.485345 ] } },
{ "type": "Feature", "properties": { "name": "", "amenity": "parking", "osm_id": 2583219714, "origin": "OBSERVED" }, "geometry": { "type": "Point", "coordinates": [ 126.949583, 37.466207 ] } },
{ "type": "Feature", "properties": { "name": "이디야커피 신도림테크노마트점", "amenity": "cafe", "osm_id": 2610498619, "origin": "OBSERVED" }, "geometry": { "type": "Point", "coordinates": [ 126.890668, 37.506573 ] } },
{ "type": "Feature", "properties": { "name": "유치원", "amenity": "kindergarten", "osm_id": 3130831644, "origin": "OBSERVED" }, "geometry": { "type": "Point", "coordinates": [ 126.911908, 37.494104 ] } },
{ "type": "Feature", "properties": { "name": "Cafe Tospia", "amenity": "restaurant", "osm_id": 3185597661, "origin": "OBSERVED" }, "geometry": { "type": "Point", "coordinates": [ 126.943199, 37.486261 ] } },
{ "type": "Feature", "properties": { "name": "설기야 Rice Cake & Coffee", "amenity": "restaurant", "osm_id": 3185597662, "origin": "OBSERVED" }, "geometry": { "type": "Point", "coordinates": [ 126.942977, 37.485584 ] } },
{ "type": "Feature", "properties": { "name": "고고스윙빠", "amenity": "bar", "osm_id": 3205112126, "origin": "OBSERVED" }, "geometry": { "type": "Point", "coordinates": [ 126.907036, 37.488322 ] } },
{ "type": "Feature", "properties": { "name": "", "amenity": "bench", "osm_id": 3227540164, "origin": "OBSERVED" }, "geometry": { "type": "Point", "coordinates": [ 126.929207, 37.505595 ] } },
{ "type": "Feature", "properties": { "name": "", "amenity": "restaurant", "osm_id": 3521850846, "origin": "OBSERVED" }, "geometry": { "type": "Point", "coordinates": [ 126.939792, 37.484398 ] } },
{ "type": "Feature", "properties": { "name": "", "amenity": "childcare", "osm_id": 3521850848, "origin": "OBSERVED" }, "geometry": { "type": "Point", "coordinates": [ 126.941972, 37.485667 ] } },
{ "type": "Feature", "properties": { "name": "", "amenity": "fire_station", "osm_id": 3521851262, "origin": "OBSERVED" }, "geometry": { "type": "Point", "coordinates": [ 126.941538, 37.48603 ] } },
{ "type": "Feature", "properties": { "name": "실로암시각장애인복지관", "amenity": "social_facility", "osm_id": 4101295651, "origin": "OBSERVED" }, "geometry": { "type": "Point", "coordinates": [ 126.941117, 37.482923 ] } },
{ "type": "Feature", "properties": { "name": "EDIYA COFFEE", "amenity": "cafe", "osm_id": 4101319553, "origin": "OBSERVED" }, "geometry": { "type": "Point", "coordinates": [ 126.941815, 37.482659 ] } },
{ "type": "Feature", "properties": { "name": "고창복의 낙지세상", "amenity": "restaurant", "osm_id": 4101344418, "origin": "OBSERVED" }, "geometry": { "type": "Point", "coordinates": [ 126.941959, 37.482633 ] } },
{ "type": "Feature", "properties": { "name": "A Twosome Place", "amenity": "cafe", "osm_id": 4101352807, "origin": "OBSERVED" }, "geometry": { "type": "Point", "coordinates": [ 126.942742, 37.48252 ] } },
{ "type": "Feature", "properties": { "name": "LOTTERIA", "amenity": "fast_food", "osm_id": 4104212242, "origin": "OBSERVED" }, "geometry": { "type": "Point", "coordinates": [ 126.941677, 37.482222 ] } },
{ "type": "Feature", "properties": { "name": "", "amenity": "toilets", "osm_id": 4373612924, "origin": "OBSERVED" }, "geometry": { "type": "Point", "coordinates": [ 126.950979, 37.466646 ] } },
{ "type": "Feature", "properties": { "name": "", "amenity": "restaurant", "osm_id": 4392870390, "origin": "OBSERVED" }, "geometry": { "type": "Point", "coordinates": [ 126.896445, 37.48542 ] } },
{ "type": "Feature", "properties": { "name": "무한조개구이까까", "amenity": "restaurant", "osm_id": 4414080155, "origin": "OBSERVED" }, "geometry": { "type": "Point", "coordinates": [ 126.94427, 37.483282 ] } },
{ "type": "Feature", "properties": { "name": "", "amenity": "atm", "osm_id": 4510208894, "origin": "OBSERVED" }, "geometry": { "type": "Point", "coordinates": [ 126.905025, 37.465097 ] } },
{ "type": "Feature", "properties": { "name": "", "amenity": "toilets", "osm_id": 4543196121, "origin": "OBSERVED" }, "geometry": { "type": "Point", "coordinates": [ 126.952139, 37.466492 ] } },
{ "type": "Feature", "properties": { "name": "", "amenity": "toilets", "osm_id": 4543196122, "origin": "OBSERVED" }, "geometry": { "type": "Point", "coordinates": [ 126.949629, 37.466529 ] } },
{ "type": "Feature", "properties": { "name": "새벽의 에스프레소", "amenity": "cafe", "osm_id": 4631152613, "origin": "OBSERVED" }, "geometry": { "type": "Point", "coordinates": [ 126.923838, 37.492597 ] } },
{ "type": "Feature", "properties": { "name": "탁초밥", "amenity": "restaurant", "osm_id": 4631190255, "origin": "OBSERVED" }, "geometry": { "type": "Point", "coordinates": [ 126.903388, 37.468581 ] } },
{ "type": "Feature", "properties": { "name": "성보장", "amenity": "restaurant", "osm_id": 4631393044, "origin": "OBSERVED" }, "geometry": { "type": "Point", "coordinates": [ 126.927186, 37.479342 ] } },
{ "type": "Feature", "properties": { "name": "성은교회", "amenity": "place_of_worship", "osm_id": 4631393046, "origin": "OBSERVED" }, "geometry": { "type": "Point", "coordinates": [ 126.926891, 37.479094 ] } },
{ "type": "Feature", "properties": { "name": "", "amenity": "pharmacy", "osm_id": 4631393048, "origin": "OBSERVED" }, "geometry": { "type": "Point", "coordinates": [ 126.928248, 37.479474 ] } },
{ "type": "Feature", "properties": { "name": "", "amenity": "cafe", "osm_id": 4631393049, "origin": "OBSERVED" }, "geometry": { "type": "Point", "coordinates": [ 126.928127, 37.479555 ] } },
{ "type": "Feature", "properties": { "name": "도미노피자", "amenity": "fast_food", "osm_id": 4631434948, "origin": "OBSERVED" }, "geometry": { "type": "Point", "coordinates": [ 126.891053, 37.478349 ] } },
{ "type": "Feature", "properties": { "name": "몽구비어", "amenity": "bar", "osm_id": 4631434949, "origin": "OBSERVED" }, "geometry": { "type": "Point", "coordinates": [ 126.890621, 37.478349 ] } },
{ "type": "Feature", "properties": { "name": "돈보스코", "amenity": "place_of_worship", "osm_id": 4631436958, "origin": "OBSERVED" }, "geometry": { "type": "Point", "coordinates": [ 126.913003, 37.497301 ] } },
{ "type": "Feature", "properties": { "name": "파리바게트", "amenity": "cafe", "osm_id": 4631437565, "origin": "OBSERVED" }, "geometry": { "type": "Point", "coordinates": [ 126.912841, 37.496875 ] } },
{ "type": "Feature", "properties": { "name": "바로세움의원", "amenity": "doctors", "osm_id": 4631972897, "origin": "OBSERVED" }, "geometry": { "type": "Point", "coordinates": [ 126.905881, 37.481732 ] } },
{ "type": "Feature", "properties": { "name": "구일지구대", "amenity": "police", "osm_id": 4632244571, "origin": "OBSERVED" }, "geometry": { "type": "Point", "coordinates": [ 126.890726, 37.489269 ] } },
{ "type": "Feature", "properties": { "name": "투썸플레이스", "amenity": "cafe", "osm_id": 4633776042, "origin": "OBSERVED" }, "geometry": { "type": "Point", "coordinates": [ 126.897107, 37.485822 ] } },
{ "type": "Feature", "properties": { "name": "공차", "amenity": "cafe", "osm_id": 4633776043, "origin": "OBSERVED" }, "geometry": { "type": "Point", "coordinates": [ 126.897035, 37.485857 ] } },
{ "type": "Feature", "properties": { "name": "엔젤리너스", "amenity": "cafe", "osm_id": 4633776132, "origin": "OBSERVED" }, "geometry": { "type": "Point", "coordinates": [ 126.898239, 37.485258 ] } },
{ "type": "Feature", "properties": { "name": "분수대", "amenity": "fountain", "osm_id": 4633790172, "origin": "OBSERVED" }, "geometry": { "type": "Point", "coordinates": [ 126.896057, 37.486134 ] } },
{ "type": "Feature", "properties": { "name": "COMPOSE COFFEE", "amenity": "cafe", "osm_id": 4633791045, "origin": "OBSERVED" }, "geometry": { "type": "Point", "coordinates": [ 126.896193, 37.485964 ] } },
{ "type": "Feature", "properties": { "name": "스타벅스", "amenity": "cafe", "osm_id": 4633792991, "origin": "OBSERVED" }, "geometry": { "type": "Point", "coordinates": [ 126.895673, 37.485597 ] } },
{ "type": "Feature", "properties": { "name": "이디야", "amenity": "cafe", "osm_id": 4633792992, "origin": "OBSERVED" }, "geometry": { "type": "Point", "coordinates": [ 126.895545, 37.485891 ] } },
{ "type": "Feature", "properties": { "name": "양평 해장국", "amenity": "restaurant", "osm_id": 4633801967, "origin": "OBSERVED" }, "geometry": { "type": "Point", "coordinates": [ 126.892898, 37.485188 ] } },
{ "type": "Feature", "properties": { "name": "산돌교회", "amenity": "place_of_worship", "osm_id": 4634107272, "origin": "OBSERVED" }, "geometry": { "type": "Point", "coordinates": [ 126.915444, 37.47974 ] } },
{ "type": "Feature", "properties": { "name": "신림교회", "amenity": "place_of_worship", "osm_id": 4634310233, "origin": "OBSERVED" }, "geometry": { "type": "Point", "coordinates": [ 126.938518, 37.468856 ] } },
{ "type": "Feature", "properties": { "name": "국수집", "amenity": "restaurant", "osm_id": 4634358724, "origin": "OBSERVED" }, "geometry": { "type": "Point", "coordinates": [ 126.900648, 37.474956 ] } },
{ "type": "Feature", "properties": { "name": "그린약국", "amenity": "pharmacy", "osm_id": 4634449211, "origin": "OBSERVED" }, "geometry": { "type": "Point", "coordinates": [ 126.902545, 37.473872 ] } },
{ "type": "Feature", "properties": { "name": "독산보건분소", "amenity": "hospital", "osm_id": 4634449224, "origin": "OBSERVED" }, "geometry": { "type": "Point", "coordinates": [ 126.902316, 37.473664 ] } },
{ "type": "Feature", "properties": { "name": "성불암", "amenity": "place_of_worship", "osm_id": 4634864409, "origin": "OBSERVED" }, "geometry": { "type": "Point", "coordinates": [ 126.94465, 37.467535 ] } },
{ "type": "Feature", "properties": { "name": "미성동 자치회관", "amenity": "townhall", "osm_id": 4634871145, "origin": "OBSERVED" }, "geometry": { "type": "Point", "coordinates": [ 126.916196, 37.478274 ] } },
{ "type": "Feature", "properties": { "name": "구립청룡어린이집", "amenity": "kindergarten", "osm_id": 4636929259, "origin": "OBSERVED" }, "geometry": { "type": "Point", "coordinates": [ 126.943027, 37.479462 ] } },
{ "type": "Feature", "properties": { "name": "신신메디칼약국", "amenity": "pharmacy", "osm_id": 4636930595, "origin": "OBSERVED" }, "geometry": { "type": "Point", "coordinates": [ 126.943103, 37.47974 ] } },
{ "type": "Feature", "properties": { "name": "새들한의원", "amenity": "doctors", "osm_id": 4636936938, "origin": "OBSERVED" }, "geometry": { "type": "Point", "coordinates": [ 126.942766, 37.47954 ] } },
{ "type": "Feature", "properties": { "name": "튼튼한의원", "amenity": "doctors", "osm_id": 4636939440, "origin": "OBSERVED" }, "geometry": { "type": "Point", "coordinates": [ 126.941915, 37.479337 ] } },
{ "type": "Feature", "properties": { "name": "축복교회", "amenity": "place_of_worship", "osm_id": 4636944778, "origin": "OBSERVED" }, "geometry": { "type": "Point", "coordinates": [ 126.942981, 37.481331 ] } },
{ "type": "Feature", "properties": { "name": "둘둘치킨", "amenity": "restaurant", "osm_id": 4636945800, "origin": "OBSERVED" }, "geometry": { "type": "Point", "coordinates": [ 126.942553, 37.481658 ] } },
{ "type": "Feature", "properties": { "name": "BHC", "amenity": "restaurant", "osm_id": 4636947747, "origin": "OBSERVED" }, "geometry": { "type": "Point", "coordinates": [ 126.942545, 37.479563 ] } },
{ "type": "Feature", "properties": { "name": "쑥고개떡집", "amenity": "restaurant", "osm_id": 4636972893, "origin": "OBSERVED" }, "geometry": { "type": "Point", "coordinates": [ 126.94305, 37.479746 ] } },
{ "type": "Feature", "properties": { "name": "꿀벌식당", "amenity": "restaurant", "osm_id": 4636977402, "origin": "OBSERVED" }, "geometry": { "type": "Point", "coordinates": [ 126.942357, 37.479576 ] } },
{ "type": "Feature", "properties": { "name": "죽이야기", "amenity": "restaurant", "osm_id": 4636980894, "origin": "OBSERVED" }, "geometry": { "type": "Point", "coordinates": [ 126.942785, 37.479776 ] } },
{ "type": "Feature", "properties": { "name": "안동장", "amenity": "restaurant", "osm_id": 4636992036, "origin": "OBSERVED" }, "geometry": { "type": "Point", "coordinates": [ 126.943617, 37.47943 ] } },
{ "type": "Feature", "properties": { "name": "황금오리농장", "amenity": "restaurant", "osm_id": 4637153059, "origin": "OBSERVED" }, "geometry": { "type": "Point", "coordinates": [ 126.897508, 37.501027 ] } },
{ "type": "Feature", "properties": { "name": "명지춘혜병원", "amenity": "hospital", "osm_id": 4637166525, "origin": "OBSERVED" }, "geometry": { "type": "Point", "coordinates": [ 126.897116, 37.50064 ] } },
{ "type": "Feature", "properties": { "name": "우리은행", "amenity": "bank", "osm_id": 4637169817, "origin": "OBSERVED" }, "geometry": { "type": "Point", "coordinates": [ 126.898495, 37.500397 ] } },
{ "type": "Feature", "properties": { "name": "KB국민은행 대림3동지점", "amenity": "bank", "osm_id": 4637173024, "origin": "OBSERVED" }, "geometry": { "type": "Point", "coordinates": [ 126.898944, 37.501025 ] } },
{ "type": "Feature", "properties": { "name": "신일교회", "amenity": "place_of_worship", "osm_id": 4639139606, "origin": "OBSERVED" }, "geometry": { "type": "Point", "coordinates": [ 126.916922, 37.475379 ] } },
{ "type": "Feature", "properties": { "name": "롯데시네마 독산", "amenity": "cinema", "osm_id": 4639231475, "origin": "OBSERVED" }, "geometry": { "type": "Point", "coordinates": [ 126.897318, 37.469307 ] } },
{ "type": "Feature", "properties": { "name": "신애제일교회", "amenity": "place_of_worship", "osm_id": 4641505432, "origin": "OBSERVED" }, "geometry": { "type": "Point", "coordinates": [ 126.913175, 37.48077 ] } },
{ "type": "Feature", "properties": { "name": "동원베네스트 경비실", "amenity": "place_of_worship", "osm_id": 4643426437, "origin": "OBSERVED" }, "geometry": { "type": "Point", "coordinates": [ 126.94422, 37.503175 ] } },
{ "type": "Feature", "properties": { "name": "성림교회", "amenity": "place_of_worship", "osm_id": 4643552168, "origin": "OBSERVED" }, "geometry": { "type": "Point", "coordinates": [ 126.929864, 37.466316 ] } },
{ "type": "Feature", "properties": { "name": "봉덕사", "amenity": "place_of_worship", "osm_id": 4644091599, "origin": "OBSERVED" }, "geometry": { "type": "Point", "coordinates": [ 126.919258, 37.467641 ] } },
{ "type": "Feature", "properties": { "name": "주차장", "amenity": "parking", "osm_id": 4644689387, "origin": "OBSERVED" }, "geometry": { "type": "Point", "coordinates": [ 126.914024, 37.475071 ] } },
{ "type": "Feature", "properties": { "name": "주차장", "amenity": "parking", "osm_id": 4644812455, "origin": "OBSERVED" }, "geometry": { "type": "Point", "coordinates": [ 126.900339, 37.469701 ] } },
{ "type": "Feature", "properties": { "name": "상도중앙교회 교육관", "amenity": "place_of_worship", "osm_id": 4654272193, "origin": "OBSERVED" }, "geometry": { "type": "Point", "coordinates": [ 126.954418, 37.49722 ] } },
{ "type": "Feature", "properties": { "name": "양모리교회", "amenity": "place_of_worship", "osm_id": 4655057668, "origin": "OBSERVED" }, "geometry": { "type": "Point", "coordinates": [ 126.936459, 37.504346 ] } },
{ "type": "Feature", "properties": { "name": "주연승교회", "amenity": "place_of_worship", "osm_id": 4655057669, "origin": "OBSERVED" }, "geometry": { "type": "Point", "coordinates": [ 126.937601, 37.503538 ] } },
{ "type": "Feature", "properties": { "name": "가비사랑방", "amenity": "cafe", "osm_id": 4655059985, "origin": "OBSERVED" }, "geometry": { "type": "Point", "coordinates": [ 126.937412, 37.46594 ] } },
{ "type": "Feature", "properties": { "name": "복고다방", "amenity": "cafe", "osm_id": 4655193199, "origin": "OBSERVED" }, "geometry": { "type": "Point", "coordinates": [ 126.9418, 37.505374 ] } },
{ "type": "Feature", "properties": { "name": "떡사랑", "amenity": "restaurant", "osm_id": 4656262599, "origin": "OBSERVED" }, "geometry": { "type": "Point", "coordinates": [ 126.91927, 37.474365 ] } },
{ "type": "Feature", "properties": { "name": "개경목장", "amenity": "restaurant", "osm_id": 4656423508, "origin": "OBSERVED" }, "geometry": { "type": "Point", "coordinates": [ 126.899743, 37.477132 ] } },
{ "type": "Feature", "properties": { "name": "농협", "amenity": "bank", "osm_id": 4656637156, "origin": "OBSERVED" }, "geometry": { "type": "Point", "coordinates": [ 126.91075, 37.487296 ] } },
{ "type": "Feature", "properties": { "name": "푸른초장교회", "amenity": "place_of_worship", "osm_id": 4657131053, "origin": "OBSERVED" }, "geometry": { "type": "Point", "coordinates": [ 126.930056, 37.497879 ] } },
{ "type": "Feature", "properties": { "name": "믿음교회", "amenity": "place_of_worship", "osm_id": 4657131054, "origin": "OBSERVED" }, "geometry": { "type": "Point", "coordinates": [ 126.930308, 37.497779 ] } },
{ "type": "Feature", "properties": { "name": "모든삐아제 어린이집", "amenity": "kindergarten", "osm_id": 4657131061, "origin": "OBSERVED" }, "geometry": { "type": "Point", "coordinates": [ 126.930617, 37.497805 ] } },
{ "type": "Feature", "properties": { "name": "상원교회", "amenity": "place_of_worship", "osm_id": 4657131062, "origin": "OBSERVED" }, "geometry": { "type": "Point", "coordinates": [ 126.93158, 37.498435 ] } },
{ "type": "Feature", "properties": { "name": "EDIYA COFFEE", "amenity": "cafe", "osm_id": 4658645429, "origin": "OBSERVED" }, "geometry": { "type": "Point", "coordinates": [ 126.927814, 37.480855 ] } },
{ "type": "Feature", "properties": { "name": "경일교회", "amenity": "place_of_worship", "osm_id": 4659669575, "origin": "OBSERVED" }, "geometry": { "type": "Point", "coordinates": [ 126.892249, 37.495954 ] } },
{ "type": "Feature", "properties": { "name": "59쌀피자", "amenity": "fast_food", "osm_id": 4661307327, "origin": "OBSERVED" }, "geometry": { "type": "Point", "coordinates": [ 126.909905, 37.488183 ] } },
{ "type": "Feature", "properties": { "name": "본죽 대림점", "amenity": "restaurant", "osm_id": 4663040673, "origin": "OBSERVED" }, "geometry": { "type": "Point", "coordinates": [ 126.90804, 37.490441 ] } },
{ "type": "Feature", "properties": { "name": "다락", "amenity": "cafe", "osm_id": 4663049504, "origin": "OBSERVED" }, "geometry": { "type": "Point", "coordinates": [ 126.910381, 37.488048 ] } },
{ "type": "Feature", "properties": { "name": "남자커피를말하다", "amenity": "cafe", "osm_id": 4665397566, "origin": "OBSERVED" }, "geometry": { "type": "Point", "coordinates": [ 126.896474, 37.47981 ] } },
{ "type": "Feature", "properties": { "name": "", "amenity": "fast_food", "osm_id": 4665397567, "origin": "OBSERVED" }, "geometry": { "type": "Point", "coordinates": [ 126.896552, 37.479868 ] } },
{ "type": "Feature", "properties": { "name": "가빈카페", "amenity": "cafe", "osm_id": 4665431481, "origin": "OBSERVED" }, "geometry": { "type": "Point", "coordinates": [ 126.896392, 37.479953 ] } },
{ "type": "Feature", "properties": { "name": "성락교회", "amenity": "place_of_worship", "osm_id": 4667325835, "origin": "OBSERVED" }, "geometry": { "type": "Point", "coordinates": [ 126.902081, 37.504824 ] } },
{ "type": "Feature", "properties": { "name": "LG 아파트 시계탑", "amenity": "clock", "osm_id": 4668268743, "origin": "OBSERVED" }, "geometry": { "type": "Point", "coordinates": [ 126.894173, 37.49205 ] } },
{ "type": "Feature", "properties": { "name": "신길7동 주민센터", "amenity": "townhall", "osm_id": 4676776748, "origin": "OBSERVED" }, "geometry": { "type": "Point", "coordinates": [ 126.921452, 37.506383 ] } },
{ "type": "Feature", "properties": { "name": "재영교회", "amenity": "place_of_worship", "osm_id": 4685575368, "origin": "OBSERVED" }, "geometry": { "type": "Point", "coordinates": [ 126.936998, 37.508228 ] } },
{ "type": "Feature", "properties": { "name": "신한은행 신림동 지점", "amenity": "bank", "osm_id": 4687109289, "origin": "OBSERVED" }, "geometry": { "type": "Point", "coordinates": [ 126.928245, 37.481223 ] } },
{ "type": "Feature", "properties": { "name": "라밥", "amenity": "fast_food", "osm_id": 4689770662, "origin": "OBSERVED" }, "geometry": { "type": "Point", "coordinates": [ 126.951778, 37.478865 ] } },
{ "type": "Feature", "properties": { "name": "지구당", "amenity": "restaurant", "osm_id": 4689770664, "origin": "OBSERVED" }, "geometry": { "type": "Point", "coordinates": [ 126.952751, 37.478223 ] } },
{ "type": "Feature", "properties": { "name": "파랑새문고", "amenity": "library", "osm_id": 4711654901, "origin": "OBSERVED" }, "geometry": { "type": "Point", "coordinates": [ 126.948201, 37.489409 ] } },
{ "type": "Feature", "properties": { "name": "전박사어린이집", "amenity": "kindergarten", "osm_id": 4792815146, "origin": "OBSERVED" }, "geometry": { "type": "Point", "coordinates": [ 126.927613, 37.493392 ] } },
{ "type": "Feature", "properties": { "name": "새소망교회", "amenity": "place_of_worship", "osm_id": 4792815411, "origin": "OBSERVED" }, "geometry": { "type": "Point", "coordinates": [ 126.927624, 37.493472 ] } },
{ "type": "Feature", "properties": { "name": "모모루덴스", "amenity": "cinema", "osm_id": 4796636123, "origin": "OBSERVED" }, "geometry": { "type": "Point", "coordinates": [ 126.935692, 37.468172 ] } },
{ "type": "Feature", "properties": { "name": "", "amenity": "parking_entrance", "osm_id": 4878438315, "origin": "OBSERVED" }, "geometry": { "type": "Point", "coordinates": [ 126.896431, 37.468196 ] } },
{ "type": "Feature", "properties": { "name": "", "amenity": "parking_entrance", "osm_id": 4878439222, "origin": "OBSERVED" }, "geometry": { "type": "Point", "coordinates": [ 126.897021, 37.469137 ] } },
{ "type": "Feature", "properties": { "name": "난곡동주민센터", "amenity": "townhall", "osm_id": 4881890752, "origin": "OBSERVED" }, "geometry": { "type": "Point", "coordinates": [ 126.921641, 37.47093 ] } },
{ "type": "Feature", "properties": { "name": "미성동주민센터", "amenity": "townhall", "osm_id": 4881890754, "origin": "OBSERVED" }, "geometry": { "type": "Point", "coordinates": [ 126.915558, 37.476189 ] } },
{ "type": "Feature", "properties": { "name": "", "amenity": "parking_entrance", "osm_id": 4893080775, "origin": "OBSERVED" }, "geometry": { "type": "Point", "coordinates": [ 126.896821, 37.468228 ] } },
{ "type": "Feature", "properties": { "name": "자연별곡", "amenity": "restaurant", "osm_id": 5053656982, "origin": "OBSERVED" }, "geometry": { "type": "Point", "coordinates": [ 126.953126, 37.482443 ] } },
{ "type": "Feature", "properties": { "name": "", "amenity": "library", "osm_id": 5126091548, "origin": "OBSERVED" }, "geometry": { "type": "Point", "coordinates": [ 126.952094, 37.497179 ] } },
{ "type": "Feature", "properties": { "name": "남자가 쏘세지 굽는 집", "amenity": "bar", "osm_id": 5136977428, "origin": "OBSERVED" }, "geometry": { "type": "Point", "coordinates": [ 126.937895, 37.469285 ] } },
{ "type": "Feature", "properties": { "name": "", "amenity": "parking_entrance", "osm_id": 5146407701, "origin": "OBSERVED" }, "geometry": { "type": "Point", "coordinates": [ 126.896439, 37.469148 ] } },
{ "type": "Feature", "properties": { "name": "맘c 좋은 아저씨가 내려주는 기분 좋은 커피", "amenity": "cafe", "osm_id": 5148945908, "origin": "OBSERVED" }, "geometry": { "type": "Point", "coordinates": [ 126.952451, 37.478255 ] } },
{ "type": "Feature", "properties": { "name": "파리바게뜨", "amenity": "fast_food", "osm_id": 5160169413, "origin": "OBSERVED" }, "geometry": { "type": "Point", "coordinates": [ 126.928115, 37.479593 ] } },
{ "type": "Feature", "properties": { "name": "McDonald's", "amenity": "fast_food", "osm_id": 5160174598, "origin": "OBSERVED" }, "geometry": { "type": "Point", "coordinates": [ 126.930149, 37.481883 ] } },
{ "type": "Feature", "properties": { "name": "피자마루", "amenity": "fast_food", "osm_id": 5160294148, "origin": "OBSERVED" }, "geometry": { "type": "Point", "coordinates": [ 126.928081, 37.479723 ] } },
{ "type": "Feature", "properties": { "name": "육감선생", "amenity": "restaurant", "osm_id": 5160324158, "origin": "OBSERVED" }, "geometry": { "type": "Point", "coordinates": [ 126.928166, 37.479244 ] } },
{ "type": "Feature", "properties": { "name": "낀 알로이 알로이", "amenity": "restaurant", "osm_id": 5179328569, "origin": "OBSERVED" }, "geometry": { "type": "Point", "coordinates": [ 126.94455, 37.481352 ] } },
{ "type": "Feature", "properties": { "name": "옷살", "amenity": "restaurant", "osm_id": 5224440225, "origin": "OBSERVED" }, "geometry": { "type": "Point", "coordinates": [ 126.952781, 37.47969 ] } },
{ "type": "Feature", "properties": { "name": "", "amenity": "parking_entrance", "osm_id": 5271103559, "origin": "OBSERVED" }, "geometry": { "type": "Point", "coordinates": [ 126.945368, 37.479742 ] } },
{ "type": "Feature", "properties": { "name": "이태리상회", "amenity": "restaurant", "osm_id": 5271265184, "origin": "OBSERVED" }, "geometry": { "type": "Point", "coordinates": [ 126.94609, 37.480337 ] } },
{ "type": "Feature", "properties": { "name": "IBK기업은행 365", "amenity": "atm", "osm_id": 5298585040, "origin": "OBSERVED" }, "geometry": { "type": "Point", "coordinates": [ 126.943681, 37.479424 ] } },
{ "type": "Feature", "properties": { "name": "참사랑교회", "amenity": "place_of_worship", "osm_id": 5309564321, "origin": "OBSERVED" }, "geometry": { "type": "Point", "coordinates": [ 126.901995, 37.472511 ] } },
{ "type": "Feature", "properties": { "name": "", "amenity": "parking_entrance", "osm_id": 5331125713, "origin": "OBSERVED" }, "geometry": { "type": "Point", "coordinates": [ 126.897482, 37.484222 ] } },
{ "type": "Feature", "properties": { "name": "", "amenity": "parking_entrance", "osm_id": 5331125719, "origin": "OBSERVED" }, "geometry": { "type": "Point", "coordinates": [ 126.898522, 37.484446 ] } },
{ "type": "Feature", "properties": { "name": "서울뷰치과의원 (Seoul Byu Dental Clinic)", "amenity": "dentist", "osm_id": 5338227917, "origin": "OBSERVED" }, "geometry": { "type": "Point", "coordinates": [ 126.941397, 37.500727 ] } },
{ "type": "Feature", "properties": { "name": "하나로교회", "amenity": "place_of_worship", "osm_id": 5406981742, "origin": "OBSERVED" }, "geometry": { "type": "Point", "coordinates": [ 126.902133, 37.506865 ] } },
{ "type": "Feature", "properties": { "name": "", "amenity": "restaurant", "osm_id": 5464385021, "origin": "OBSERVED" }, "geometry": { "type": "Point", "coordinates": [ 126.928719, 37.487811 ] } },
{ "type": "Feature", "properties": { "name": "서울삼성내과의원", "amenity": "doctors", "osm_id": 5467420422, "origin": "OBSERVED" }, "geometry": { "type": "Point", "coordinates": [ 126.947113, 37.486503 ] } },
{ "type": "Feature", "properties": { "name": "", "amenity": "parking_entrance", "osm_id": 5523656871, "origin": "OBSERVED" }, "geometry": { "type": "Point", "coordinates": [ 126.931815, 37.495451 ] } },
{ "type": "Feature", "properties": { "name": "독산2동주민센터", "amenity": "townhall", "osm_id": 5524687314, "origin": "OBSERVED" }, "geometry": { "type": "Point", "coordinates": [ 126.899782, 37.466098 ] } },
{ "type": "Feature", "properties": { "name": "가리봉동주민센터", "amenity": "townhall", "osm_id": 5526630084, "origin": "OBSERVED" }, "geometry": { "type": "Point", "coordinates": [ 126.893321, 37.481708 ] } },
{ "type": "Feature", "properties": { "name": "we trust coffee", "amenity": "cafe", "osm_id": 5552630221, "origin": "OBSERVED" }, "geometry": { "type": "Point", "coordinates": [ 126.899155, 37.484818 ] } },
{ "type": "Feature", "properties": { "name": "연소바", "amenity": "restaurant", "osm_id": 5599497021, "origin": "OBSERVED" }, "geometry": { "type": "Point", "coordinates": [ 126.950296, 37.481283 ] } },
{ "type": "Feature", "properties": { "name": "맥도날드", "amenity": "fast_food", "osm_id": 5605837121, "origin": "OBSERVED" }, "geometry": { "type": "Point", "coordinates": [ 126.891075, 37.507246 ] } },
{ "type": "Feature", "properties": { "name": "이화피부과병원", "amenity": "courthouse", "osm_id": 5613188521, "origin": "OBSERVED" }, "geometry": { "type": "Point", "coordinates": [ 126.950495, 37.504829 ] } },
{ "type": "Feature", "properties": { "name": "신림동 순대타운", "amenity": "restaurant", "osm_id": 5614418522, "origin": "OBSERVED" }, "geometry": { "type": "Point", "coordinates": [ 126.929008, 37.483143 ] } },
{ "type": "Feature", "properties": { "name": "논밭골", "amenity": "restaurant", "osm_id": 5620913023, "origin": "OBSERVED" }, "geometry": { "type": "Point", "coordinates": [ 126.945951, 37.480443 ] } },
{ "type": "Feature", "properties": { "name": "", "amenity": "restaurant", "osm_id": 5676744326, "origin": "OBSERVED" }, "geometry": { "type": "Point", "coordinates": [ 126.894869, 37.466486 ] } },
{ "type": "Feature", "properties": { "name": "스튜디오 기린", "amenity": "studio", "osm_id": 5733272320, "origin": "OBSERVED" }, "geometry": { "type": "Point", "coordinates": [ 126.946426, 37.48057 ] } },
{ "type": "Feature", "properties": { "name": "Starbucks", "amenity": "cafe", "osm_id": 5750687120, "origin": "OBSERVED" }, "geometry": { "type": "Point", "coordinates": [ 126.95131, 37.481159 ] } },
{ "type": "Feature", "properties": { "name": "Starbucks", "amenity": "cafe", "osm_id": 5750687521, "origin": "OBSERVED" }, "geometry": { "type": "Point", "coordinates": [ 126.952044, 37.481614 ] } },
{ "type": "Feature", "properties": { "name": "영락의료과학고등학교", "amenity": "school", "osm_id": 5752867000, "origin": "OBSERVED" }, "geometry": { "type": "Point", "coordinates": [ 126.944815, 37.476594 ] } },
{ "type": "Feature", "properties": { "name": "영락고등학교", "amenity": "school", "osm_id": 5752867001, "origin": "OBSERVED" }, "geometry": { "type": "Point", "coordinates": [ 126.943985, 37.47619 ] } },
{ "type": "Feature", "properties": { "name": "중앙시장", "amenity": "marketplace", "osm_id": 5752905460, "origin": "OBSERVED" }, "geometry": { "type": "Point", "coordinates": [ 126.954231, 37.483896 ] } },
{ "type": "Feature", "properties": { "name": "서울관악초등학교병설유치원", "amenity": "kindergarten", "osm_id": 5752905462, "origin": "OBSERVED" }, "geometry": { "type": "Point", "coordinates": [ 126.943151, 37.480377 ] } },
{ "type": "Feature", "properties": { "name": "", "amenity": "hospital", "osm_id": 5765162453, "origin": "OBSERVED" }, "geometry": { "type": "Point", "coordinates": [ 126.897316, 37.505191 ] } },
{ "type": "Feature", "properties": { "name": "다다화실", "amenity": "studio", "osm_id": 5765710587, "origin": "OBSERVED" }, "geometry": { "type": "Point", "coordinates": [ 126.94659, 37.480683 ] } },
{ "type": "Feature", "properties": { "name": "", "amenity": "parking_entrance", "osm_id": 5810223275, "origin": "OBSERVED" }, "geometry": { "type": "Point", "coordinates": [ 126.895023, 37.470459 ] } },
{ "type": "Feature", "properties": { "name": "", "amenity": "parking_entrance", "osm_id": 5810223276, "origin": "OBSERVED" }, "geometry": { "type": "Point", "coordinates": [ 126.896295, 37.470705 ] } },
{ "type": "Feature", "properties": { "name": "서울청룡동우편취급국", "amenity": "post_office", "osm_id": 5819345713, "origin": "OBSERVED" }, "geometry": { "type": "Point", "coordinates": [ 126.94629, 37.479146 ] } },
{ "type": "Feature", "properties": { "name": "", "amenity": "fountain", "osm_id": 5819711934, "origin": "OBSERVED" }, "geometry": { "type": "Point", "coordinates": [ 126.917059, 37.491769 ] } },
{ "type": "Feature", "properties": { "name": "", "amenity": "fountain", "osm_id": 5826231801, "origin": "OBSERVED" }, "geometry": { "type": "Point", "coordinates": [ 126.916961, 37.491812 ] } },
{ "type": "Feature", "properties": { "name": "", "amenity": "fountain", "osm_id": 5826231802, "origin": "OBSERVED" }, "geometry": { "type": "Point", "coordinates": [ 126.917012, 37.49179 ] } },
{ "type": "Feature", "properties": { "name": "", "amenity": "fountain", "osm_id": 5826231803, "origin": "OBSERVED" }, "geometry": { "type": "Point", "coordinates": [ 126.917113, 37.491746 ] } },
{ "type": "Feature", "properties": { "name": "", "amenity": "fountain", "osm_id": 5826231804, "origin": "OBSERVED" }, "geometry": { "type": "Point", "coordinates": [ 126.917162, 37.491724 ] } },
{ "type": "Feature", "properties": { "name": "", "amenity": "fountain", "osm_id": 5826419066, "origin": "OBSERVED" }, "geometry": { "type": "Point", "coordinates": [ 126.920735, 37.494241 ] } },
{ "type": "Feature", "properties": { "name": "", "amenity": "drinking_water", "osm_id": 5826428139, "origin": "OBSERVED" }, "geometry": { "type": "Point", "coordinates": [ 126.917669, 37.492045 ] } },
{ "type": "Feature", "properties": { "name": "Starbucks", "amenity": "cafe", "osm_id": 5826440455, "origin": "OBSERVED" }, "geometry": { "type": "Point", "coordinates": [ 126.9256, 37.491203 ] } },
{ "type": "Feature", "properties": { "name": "봉천역 2번출구", "amenity": "bicycle_rental", "osm_id": 5840854685, "origin": "OBSERVED" }, "geometry": { "type": "Point", "coordinates": [ 126.942076, 37.482221 ] } },
{ "type": "Feature", "properties": { "name": "정구일정형외과의원", "amenity": "doctors", "osm_id": 5855482983, "origin": "OBSERVED" }, "geometry": { "type": "Point", "coordinates": [ 126.948203, 37.48147 ] } },
{ "type": "Feature", "properties": { "name": "청룡동자치회관", "amenity": "community_centre", "osm_id": 5866934584, "origin": "OBSERVED" }, "geometry": { "type": "Point", "coordinates": [ 126.946489, 37.478053 ] } },
{ "type": "Feature", "properties": { "name": "성요셉어린이집", "amenity": "kindergarten", "osm_id": 5893769021, "origin": "OBSERVED" }, "geometry": { "type": "Point", "coordinates": [ 126.945211, 37.479672 ] } },
{ "type": "Feature", "properties": { "name": "포말커피", "amenity": "cafe", "osm_id": 5913931322, "origin": "OBSERVED" }, "geometry": { "type": "Point", "coordinates": [ 126.927835, 37.485768 ] } },
{ "type": "Feature", "properties": { "name": "", "amenity": "bench", "osm_id": 6215490145, "origin": "OBSERVED" }, "geometry": { "type": "Point", "coordinates": [ 126.895371, 37.48092 ] } },
{ "type": "Feature", "properties": { "name": "하이엔드타워 분수대", "amenity": "fountain", "osm_id": 6215499915, "origin": "OBSERVED" }, "geometry": { "type": "Point", "coordinates": [ 126.895516, 37.480818 ] } },
{ "type": "Feature", "properties": { "name": "", "amenity": "nightclub", "osm_id": 6373353585, "origin": "OBSERVED" }, "geometry": { "type": "Point", "coordinates": [ 126.91368, 37.482269 ] } },
{ "type": "Feature", "properties": { "name": "명륜진사갈비 상도점", "amenity": "restaurant", "osm_id": 6717977085, "origin": "OBSERVED" }, "geometry": { "type": "Point", "coordinates": [ 126.934235, 37.501826 ] } },
{ "type": "Feature", "properties": { "name": "롯데리아 신림역점", "amenity": "fast_food", "osm_id": 6787511889, "origin": "OBSERVED" }, "geometry": { "type": "Point", "coordinates": [ 126.929433, 37.483973 ] } },
{ "type": "Feature", "properties": { "name": "서울김밥", "amenity": "restaurant", "osm_id": 6787531185, "origin": "OBSERVED" }, "geometry": { "type": "Point", "coordinates": [ 126.929931, 37.483475 ] } },
{ "type": "Feature", "properties": { "name": "Burger King", "amenity": "fast_food", "osm_id": 6789919790, "origin": "OBSERVED" }, "geometry": { "type": "Point", "coordinates": [ 126.930106, 37.482457 ] } },
{ "type": "Feature", "properties": { "name": "보라매종합요양병원", "amenity": "nursing_home", "osm_id": 6789922285, "origin": "OBSERVED" }, "geometry": { "type": "Point", "coordinates": [ 126.926303, 37.493087 ] } },
{ "type": "Feature", "properties": { "name": "성대전통시장", "amenity": "marketplace", "osm_id": 7054152072, "origin": "OBSERVED" }, "geometry": { "type": "Point", "coordinates": [ 126.931153, 37.499281 ] } },
{ "type": "Feature", "properties": { "name": "스타벅스", "amenity": "cafe", "osm_id": 7054152073, "origin": "OBSERVED" }, "geometry": { "type": "Point", "coordinates": [ 126.931879, 37.500315 ] } },
{ "type": "Feature", "properties": { "name": "스카이피자", "amenity": "fast_food", "osm_id": 7215765124, "origin": "OBSERVED" }, "geometry": { "type": "Point", "coordinates": [ 126.937064, 37.509581 ] } },
{ "type": "Feature", "properties": { "name": "카페 넥타르", "amenity": "cafe", "osm_id": 7224591511, "origin": "OBSERVED" }, "geometry": { "type": "Point", "coordinates": [ 126.938751, 37.469718 ] } },
{ "type": "Feature", "properties": { "name": "왕약국", "amenity": "pharmacy", "osm_id": 7224591512, "origin": "OBSERVED" }, "geometry": { "type": "Point", "coordinates": [ 126.938737, 37.469309 ] } },
{ "type": "Feature", "properties": { "name": "성호분식", "amenity": "restaurant", "osm_id": 7224591519, "origin": "OBSERVED" }, "geometry": { "type": "Point", "coordinates": [ 126.941703, 37.469859 ] } },
{ "type": "Feature", "properties": { "name": "동학", "amenity": "pub", "osm_id": 7224661887, "origin": "OBSERVED" }, "geometry": { "type": "Point", "coordinates": [ 126.939536, 37.469372 ] } },
{ "type": "Feature", "properties": { "name": "백년초 왕갈비탕", "amenity": "restaurant", "osm_id": 7226614316, "origin": "OBSERVED" }, "geometry": { "type": "Point", "coordinates": [ 126.941354, 37.470138 ] } },
{ "type": "Feature", "properties": { "name": "", "amenity": "parking_entrance", "osm_id": 7252276600, "origin": "OBSERVED" }, "geometry": { "type": "Point", "coordinates": [ 126.94705, 37.5052 ] } },
{ "type": "Feature", "properties": { "name": "Xoni akemno", "amenity": "car_wash", "osm_id": 7255498286, "origin": "OBSERVED" }, "geometry": { "type": "Point", "coordinates": [ 126.912095, 37.483633 ] } },
{ "type": "Feature", "properties": { "name": "", "amenity": "toilets", "osm_id": 7256733458, "origin": "OBSERVED" }, "geometry": { "type": "Point", "coordinates": [ 126.94351, 37.49254 ] } },
{ "type": "Feature", "properties": { "name": "", "amenity": "bench", "osm_id": 7256809171, "origin": "OBSERVED" }, "geometry": { "type": "Point", "coordinates": [ 126.941065, 37.492736 ] } },
{ "type": "Feature", "properties": { "name": "", "amenity": "shelter", "osm_id": 7256852974, "origin": "OBSERVED" }, "geometry": { "type": "Point", "coordinates": [ 126.949761, 37.492997 ] } },
{ "type": "Feature", "properties": { "name": "", "amenity": "shelter", "osm_id": 7256862409, "origin": "OBSERVED" }, "geometry": { "type": "Point", "coordinates": [ 126.93971, 37.492897 ] } },
{ "type": "Feature", "properties": { "name": "", "amenity": "shelter", "osm_id": 7256864846, "origin": "OBSERVED" }, "geometry": { "type": "Point", "coordinates": [ 126.940106, 37.492841 ] } },
{ "type": "Feature", "properties": { "name": "", "amenity": "bench", "osm_id": 7256869690, "origin": "OBSERVED" }, "geometry": { "type": "Point", "coordinates": [ 126.939929, 37.494976 ] } },
{ "type": "Feature", "properties": { "name": "", "amenity": "parking", "osm_id": 7259723010, "origin": "OBSERVED" }, "geometry": { "type": "Point", "coordinates": [ 126.922297, 37.489028 ] } },
{ "type": "Feature", "properties": { "name": "", "amenity": "parking_entrance", "osm_id": 7259731269, "origin": "OBSERVED" }, "geometry": { "type": "Point", "coordinates": [ 126.923308, 37.487334 ] } },
{ "type": "Feature", "properties": { "name": "김영자나주곰탕", "amenity": "restaurant", "osm_id": 7270606085, "origin": "OBSERVED" }, "geometry": { "type": "Point", "coordinates": [ 126.935027, 37.472763 ] } },
{ "type": "Feature", "properties": { "name": "TPS coffee lab", "amenity": "cafe", "osm_id": 7475816987, "origin": "OBSERVED" }, "geometry": { "type": "Point", "coordinates": [ 126.950088, 37.486456 ] } },
{ "type": "Feature", "properties": { "name": "온정돈까스", "amenity": "restaurant", "osm_id": 7545708885, "origin": "OBSERVED" }, "geometry": { "type": "Point", "coordinates": [ 126.908961, 37.483659 ] } },
{ "type": "Feature", "properties": { "name": "해맑은어린이집", "amenity": "kindergarten", "osm_id": 7545727085, "origin": "OBSERVED" }, "geometry": { "type": "Point", "coordinates": [ 126.909254, 37.482779 ] } },
{ "type": "Feature", "properties": { "name": "이조숯불갈비", "amenity": "restaurant", "osm_id": 7546755385, "origin": "OBSERVED" }, "geometry": { "type": "Point", "coordinates": [ 126.908468, 37.48364 ] } },
{ "type": "Feature", "properties": { "name": "물찬조개", "amenity": "restaurant", "osm_id": 7546758385, "origin": "OBSERVED" }, "geometry": { "type": "Point", "coordinates": [ 126.907534, 37.48369 ] } },
{ "type": "Feature", "properties": { "name": "청송얼음막걸리", "amenity": "pub", "osm_id": 7546760285, "origin": "OBSERVED" }, "geometry": { "type": "Point", "coordinates": [ 126.907602, 37.483611 ] } },
{ "type": "Feature", "properties": { "name": "킹카 노래방", "amenity": "bar", "osm_id": 7557532715, "origin": "OBSERVED" }, "geometry": { "type": "Point", "coordinates": [ 126.908979, 37.500022 ] } },
{ "type": "Feature", "properties": { "name": "큰맘할매 순대국-24h", "amenity": "restaurant", "osm_id": 7557536200, "origin": "OBSERVED" }, "geometry": { "type": "Point", "coordinates": [ 126.909808, 37.500008 ] } },
{ "type": "Feature", "properties": { "name": "코인노래방-24h", "amenity": "bar", "osm_id": 7557542886, "origin": "OBSERVED" }, "geometry": { "type": "Point", "coordinates": [ 126.909798, 37.499908 ] } },
{ "type": "Feature", "properties": { "name": "24시간 원조 할메순대국.만화방.돈가스집", "amenity": "restaurant", "osm_id": 7557597490, "origin": "OBSERVED" }, "geometry": { "type": "Point", "coordinates": [ 126.929248, 37.499065 ] } },
{ "type": "Feature", "properties": { "name": "빈", "amenity": "bar", "osm_id": 7558391599, "origin": "OBSERVED" }, "geometry": { "type": "Point", "coordinates": [ 126.92554, 37.499001 ] } },
{ "type": "Feature", "properties": { "name": "시크릿", "amenity": "bar", "osm_id": 7558411020, "origin": "OBSERVED" }, "geometry": { "type": "Point", "coordinates": [ 126.926676, 37.499158 ] } },
{ "type": "Feature", "properties": { "name": "초원", "amenity": "bar", "osm_id": 7558411021, "origin": "OBSERVED" }, "geometry": { "type": "Point", "coordinates": [ 126.926784, 37.499178 ] } },
{ "type": "Feature", "properties": { "name": "환타지", "amenity": "bar", "osm_id": 7558411022, "origin": "OBSERVED" }, "geometry": { "type": "Point", "coordinates": [ 126.926858, 37.499159 ] } },
{ "type": "Feature", "properties": { "name": "생돈까스", "amenity": "restaurant", "osm_id": 7558411023, "origin": "OBSERVED" }, "geometry": { "type": "Point", "coordinates": [ 126.925914, 37.499128 ] } },
{ "type": "Feature", "properties": { "name": "신대방2치안센터", "amenity": "police", "osm_id": 7558411024, "origin": "OBSERVED" }, "geometry": { "type": "Point", "coordinates": [ 126.925637, 37.498911 ] } },
{ "type": "Feature", "properties": { "name": "구립은하어린이집", "amenity": "kindergarten", "osm_id": 7558417125, "origin": "OBSERVED" }, "geometry": { "type": "Point", "coordinates": [ 126.926413, 37.49927 ] } },
{ "type": "Feature", "properties": { "name": "", "amenity": "toilets", "osm_id": 7558448693, "origin": "OBSERVED" }, "geometry": { "type": "Point", "coordinates": [ 126.926565, 37.499281 ] } },
{ "type": "Feature", "properties": { "name": "일진아구찜", "amenity": "restaurant", "osm_id": 7558456108, "origin": "OBSERVED" }, "geometry": { "type": "Point", "coordinates": [ 126.925278, 37.498904 ] } },
{ "type": "Feature", "properties": { "name": "전라도시래기국밥", "amenity": "restaurant", "osm_id": 7558456109, "origin": "OBSERVED" }, "geometry": { "type": "Point", "coordinates": [ 126.925412, 37.49895 ] } },
{ "type": "Feature", "properties": { "name": "김밥이맛있는집", "amenity": "restaurant", "osm_id": 7558553101, "origin": "OBSERVED" }, "geometry": { "type": "Point", "coordinates": [ 126.93294, 37.499618 ] } },
{ "type": "Feature", "properties": { "name": "코인노래24시", "amenity": "bar", "osm_id": 7558553102, "origin": "OBSERVED" }, "geometry": { "type": "Point", "coordinates": [ 126.932496, 37.499787 ] } },
{ "type": "Feature", "properties": { "name": "성신의원", "amenity": "doctors", "osm_id": 7558553103, "origin": "OBSERVED" }, "geometry": { "type": "Point", "coordinates": [ 126.932603, 37.499693 ] } },
{ "type": "Feature", "properties": { "name": "삼겹싸롱", "amenity": "restaurant", "osm_id": 7558553104, "origin": "OBSERVED" }, "geometry": { "type": "Point", "coordinates": [ 126.932823, 37.499698 ] } },
{ "type": "Feature", "properties": { "name": "삼겹싸롱2F", "amenity": "restaurant", "osm_id": 7558553105, "origin": "OBSERVED" }, "geometry": { "type": "Point", "coordinates": [ 126.932819, 37.49969 ] } },
{ "type": "Feature", "properties": { "name": "장수참맛두부.잡곡쌀", "amenity": "restaurant", "osm_id": 7558553106, "origin": "OBSERVED" }, "geometry": { "type": "Point", "coordinates": [ 126.932756, 37.499403 ] } },
{ "type": "Feature", "properties": { "name": "딱이야노래연습장2F", "amenity": "bar", "osm_id": 7558553107, "origin": "OBSERVED" }, "geometry": { "type": "Point", "coordinates": [ 126.933341, 37.499185 ] } },
{ "type": "Feature", "properties": { "name": "IBK기업은행", "amenity": "bank", "osm_id": 7558553108, "origin": "OBSERVED" }, "geometry": { "type": "Point", "coordinates": [ 126.93356, 37.499058 ] } },
{ "type": "Feature", "properties": { "name": "NH농협", "amenity": "bank", "osm_id": 7558553111, "origin": "OBSERVED" }, "geometry": { "type": "Point", "coordinates": [ 126.928224, 37.499017 ] } },
{ "type": "Feature", "properties": { "name": "상도119", "amenity": "fire_station", "osm_id": 7558553112, "origin": "OBSERVED" }, "geometry": { "type": "Point", "coordinates": [ 126.92942, 37.499066 ] } },
{ "type": "Feature", "properties": { "name": "유료주차장", "amenity": "car_rental", "osm_id": 7558553114, "origin": "OBSERVED" }, "geometry": { "type": "Point", "coordinates": [ 126.930335, 37.499627 ] } },
{ "type": "Feature", "properties": { "name": "금호회집", "amenity": "restaurant", "osm_id": 7558558927, "origin": "OBSERVED" }, "geometry": { "type": "Point", "coordinates": [ 126.932436, 37.499857 ] } },
{ "type": "Feature", "properties": { "name": "시온교회", "amenity": "place_of_worship", "osm_id": 7558558928, "origin": "OBSERVED" }, "geometry": { "type": "Point", "coordinates": [ 126.932732, 37.49951 ] } },
{ "type": "Feature", "properties": { "name": "종로떡집", "amenity": "restaurant", "osm_id": 7558558930, "origin": "OBSERVED" }, "geometry": { "type": "Point", "coordinates": [ 126.933781, 37.498487 ] } },
{ "type": "Feature", "properties": { "name": "맛나분식", "amenity": "restaurant", "osm_id": 7558558932, "origin": "OBSERVED" }, "geometry": { "type": "Point", "coordinates": [ 126.934588, 37.497925 ] } },
{ "type": "Feature", "properties": { "name": "엉터리생고기2F               우리독도참치", "amenity": "restaurant", "osm_id": 7558558935, "origin": "OBSERVED" }, "geometry": { "type": "Point", "coordinates": [ 126.928081, 37.499062 ] } },
{ "type": "Feature", "properties": { "name": "KB국민은행", "amenity": "bank", "osm_id": 7558558936, "origin": "OBSERVED" }, "geometry": { "type": "Point", "coordinates": [ 126.928696, 37.49894 ] } },
{ "type": "Feature", "properties": { "name": "스밀", "amenity": "restaurant", "osm_id": 7558558938, "origin": "OBSERVED" }, "geometry": { "type": "Point", "coordinates": [ 126.930557, 37.499153 ] } },
{ "type": "Feature", "properties": { "name": "상도3치안센터", "amenity": "police", "osm_id": 7558558940, "origin": "OBSERVED" }, "geometry": { "type": "Point", "coordinates": [ 126.930292, 37.499786 ] } },
{ "type": "Feature", "properties": { "name": "피자마루", "amenity": "restaurant", "osm_id": 7558571889, "origin": "OBSERVED" }, "geometry": { "type": "Point", "coordinates": [ 126.932902, 37.499359 ] } },
{ "type": "Feature", "properties": { "name": "성대경희한의원", "amenity": "doctors", "osm_id": 7558575896, "origin": "OBSERVED" }, "geometry": { "type": "Point", "coordinates": [ 126.932703, 37.499839 ] } },
{ "type": "Feature", "properties": { "name": "서울요양병원2.3.4.5.6F        홈플러스이스프레스", "amenity": "doctors", "osm_id": 7558575897, "origin": "OBSERVED" }, "geometry": { "type": "Point", "coordinates": [ 126.933684, 37.498944 ] } },
{ "type": "Feature", "properties": { "name": "이층호프            예하약국", "amenity": "pub", "osm_id": 7558605288, "origin": "OBSERVED" }, "geometry": { "type": "Point", "coordinates": [ 126.932665, 37.499601 ] } },
{ "type": "Feature", "properties": { "name": "피자마루", "amenity": "restaurant", "osm_id": 7558605289, "origin": "OBSERVED" }, "geometry": { "type": "Point", "coordinates": [ 126.93288, 37.499393 ] } },
{ "type": "Feature", "properties": { "name": "부어치킨", "amenity": "restaurant", "osm_id": 7558605290, "origin": "OBSERVED" }, "geometry": { "type": "Point", "coordinates": [ 126.933855, 37.4984 ] } },
{ "type": "Feature", "properties": { "name": "스미래(돈가스우동초밥)", "amenity": "restaurant", "osm_id": 7558605291, "origin": "OBSERVED" }, "geometry": { "type": "Point", "coordinates": [ 126.930449, 37.499119 ] } },
{ "type": "Feature", "properties": { "name": "Pomatpspoon-24h", "amenity": "restaurant", "osm_id": 7558612686, "origin": "OBSERVED" }, "geometry": { "type": "Point", "coordinates": [ 126.930936, 37.499241 ] } },
{ "type": "Feature", "properties": { "name": "늘사랑약국", "amenity": "pharmacy", "osm_id": 7558679585, "origin": "OBSERVED" }, "geometry": { "type": "Point", "coordinates": [ 126.930667, 37.499898 ] } },
{ "type": "Feature", "properties": { "name": "SK LPG", "amenity": "fuel", "osm_id": 7558801585, "origin": "OBSERVED" }, "geometry": { "type": "Point", "coordinates": [ 126.928365, 37.499644 ] } },
{ "type": "Feature", "properties": { "name": "Cafe93", "amenity": "cafe", "osm_id": 7559554493, "origin": "OBSERVED" }, "geometry": { "type": "Point", "coordinates": [ 126.934179, 37.50133 ] } },
{ "type": "Feature", "properties": { "name": "이모네포차", "amenity": "pub", "osm_id": 7559554494, "origin": "OBSERVED" }, "geometry": { "type": "Point", "coordinates": [ 126.933242, 37.500644 ] } },
{ "type": "Feature", "properties": { "name": "돈찌(삼겹살소갈비쭈꾸미)", "amenity": "restaurant", "osm_id": 7559554495, "origin": "OBSERVED" }, "geometry": { "type": "Point", "coordinates": [ 126.932651, 37.500425 ] } },
{ "type": "Feature", "properties": { "name": "맛있는집소풍(김밥돈까스)", "amenity": "restaurant", "osm_id": 7559554496, "origin": "OBSERVED" }, "geometry": { "type": "Point", "coordinates": [ 126.932017, 37.499916 ] } },
{ "type": "Feature", "properties": { "name": "계령약국", "amenity": "pharmacy", "osm_id": 7559554497, "origin": "OBSERVED" }, "geometry": { "type": "Point", "coordinates": [ 126.9331, 37.499199 ] } },
{ "type": "Feature", "properties": { "name": "산촌쭈꾸미", "amenity": "restaurant", "osm_id": 7559554502, "origin": "OBSERVED" }, "geometry": { "type": "Point", "coordinates": [ 126.93353, 37.47399 ] } },
{ "type": "Feature", "properties": { "name": "옛날보리밥", "amenity": "restaurant", "osm_id": 7559554503, "origin": "OBSERVED" }, "geometry": { "type": "Point", "coordinates": [ 126.93344, 37.474262 ] } },
{ "type": "Feature", "properties": { "name": "동해식당", "amenity": "restaurant", "osm_id": 7559554504, "origin": "OBSERVED" }, "geometry": { "type": "Point", "coordinates": [ 126.933354, 37.474137 ] } },
{ "type": "Feature", "properties": { "name": "금비", "amenity": "restaurant", "osm_id": 7559554505, "origin": "OBSERVED" }, "geometry": { "type": "Point", "coordinates": [ 126.93392, 37.473541 ] } },
{ "type": "Feature", "properties": { "name": "캉스떡볶이", "amenity": "restaurant", "osm_id": 7559559087, "origin": "OBSERVED" }, "geometry": { "type": "Point", "coordinates": [ 126.930393, 37.499295 ] } },
{ "type": "Feature", "properties": { "name": "신대방약국", "amenity": "pharmacy", "osm_id": 7559559089, "origin": "OBSERVED" }, "geometry": { "type": "Point", "coordinates": [ 126.929344, 37.499713 ] } },
{ "type": "Feature", "properties": { "name": "금호횟집 지하24시간 코인노래방", "amenity": "restaurant", "osm_id": 7559559101, "origin": "OBSERVED" }, "geometry": { "type": "Point", "coordinates": [ 126.932606, 37.499648 ] } },
{ "type": "Feature", "properties": { "name": "대우당약국", "amenity": "pharmacy", "osm_id": 7559559110, "origin": "OBSERVED" }, "geometry": { "type": "Point", "coordinates": [ 126.932207, 37.500069 ] } },
{ "type": "Feature", "properties": { "name": "24시간코인노래방", "amenity": "bar", "osm_id": 7559559394, "origin": "OBSERVED" }, "geometry": { "type": "Point", "coordinates": [ 126.931369, 37.498145 ] } },
{ "type": "Feature", "properties": { "name": "엘가커피", "amenity": "cafe", "osm_id": 7559559406, "origin": "OBSERVED" }, "geometry": { "type": "Point", "coordinates": [ 126.934488, 37.501507 ] } },
{ "type": "Feature", "properties": { "name": "축산정육식당", "amenity": "restaurant", "osm_id": 7559559407, "origin": "OBSERVED" }, "geometry": { "type": "Point", "coordinates": [ 126.934263, 37.501556 ] } },
{ "type": "Feature", "properties": { "name": "구름산추어탕", "amenity": "restaurant", "osm_id": 7559559408, "origin": "OBSERVED" }, "geometry": { "type": "Point", "coordinates": [ 126.934369, 37.501304 ] } },
{ "type": "Feature", "properties": { "name": "신용건강원", "amenity": "hunting_stand", "osm_id": 7559559409, "origin": "OBSERVED" }, "geometry": { "type": "Point", "coordinates": [ 126.932887, 37.500439 ] } },
{ "type": "Feature", "properties": { "name": "토마토모텔2F              상도면옥", "amenity": "restaurant", "osm_id": 7559559410, "origin": "OBSERVED" }, "geometry": { "type": "Point", "coordinates": [ 126.932514, 37.500307 ] } },
{ "type": "Feature", "properties": { "name": "파크노래방2F              대패삼겹살2900원", "amenity": "restaurant", "osm_id": 7559559411, "origin": "OBSERVED" }, "geometry": { "type": "Point", "coordinates": [ 126.932598, 37.500172 ] } },
{ "type": "Feature", "properties": { "name": "성대약국", "amenity": "pharmacy", "osm_id": 7559559412, "origin": "OBSERVED" }, "geometry": { "type": "Point", "coordinates": [ 126.93256, 37.49996 ] } },
{ "type": "Feature", "properties": { "name": "자금성2F                낙원떡집", "amenity": "restaurant", "osm_id": 7559559414, "origin": "OBSERVED" }, "geometry": { "type": "Point", "coordinates": [ 126.932005, 37.499635 ] } },
{ "type": "Feature", "properties": { "name": "MG새마을금고", "amenity": "bank", "osm_id": 7559559416, "origin": "OBSERVED" }, "geometry": { "type": "Point", "coordinates": [ 126.931115, 37.49932 ] } },
{ "type": "Feature", "properties": { "name": "오렌지김밥", "amenity": "restaurant", "osm_id": 7559559418, "origin": "OBSERVED" }, "geometry": { "type": "Point", "coordinates": [ 126.931203, 37.498963 ] } },
{ "type": "Feature", "properties": { "name": "소문난만두", "amenity": "restaurant", "osm_id": 7559559420, "origin": "OBSERVED" }, "geometry": { "type": "Point", "coordinates": [ 126.931275, 37.49859 ] } },
{ "type": "Feature", "properties": { "name": "안일약국", "amenity": "pharmacy", "osm_id": 7559559422, "origin": "OBSERVED" }, "geometry": { "type": "Point", "coordinates": [ 126.934669, 37.497705 ] } },
{ "type": "Feature", "properties": { "name": "24시기사님식당", "amenity": "restaurant", "osm_id": 7559559429, "origin": "OBSERVED" }, "geometry": { "type": "Point", "coordinates": [ 126.936905, 37.477397 ] } },
{ "type": "Feature", "properties": { "name": "뷔페식기사식당-24h", "amenity": "restaurant", "osm_id": 7559559430, "origin": "OBSERVED" }, "geometry": { "type": "Point", "coordinates": [ 126.937995, 37.47716 ] } },
{ "type": "Feature", "properties": { "name": "뷔페식기사식당-24h", "amenity": "restaurant", "osm_id": 7559559433, "origin": "OBSERVED" }, "geometry": { "type": "Point", "coordinates": [ 126.937397, 37.477008 ] } },
{ "type": "Feature", "properties": { "name": "쑥고개기사식당-24h", "amenity": "restaurant", "osm_id": 7559559434, "origin": "OBSERVED" }, "geometry": { "type": "Point", "coordinates": [ 126.937414, 37.476909 ] } },
{ "type": "Feature", "properties": { "name": "순대국닭곰탕", "amenity": "restaurant", "osm_id": 7559559437, "origin": "OBSERVED" }, "geometry": { "type": "Point", "coordinates": [ 126.937909, 37.477137 ] } },
{ "type": "Feature", "properties": { "name": "천하중화요리", "amenity": "restaurant", "osm_id": 7559559438, "origin": "OBSERVED" }, "geometry": { "type": "Point", "coordinates": [ 126.937425, 37.476536 ] } },
{ "type": "Feature", "properties": { "name": "가교의원", "amenity": "doctors", "osm_id": 7559559440, "origin": "OBSERVED" }, "geometry": { "type": "Point", "coordinates": [ 126.936769, 37.475106 ] } },
{ "type": "Feature", "properties": { "name": "중고가전가구", "amenity": "recycling", "osm_id": 7559559441, "origin": "OBSERVED" }, "geometry": { "type": "Point", "coordinates": [ 126.937121, 37.47559 ] } },
{ "type": "Feature", "properties": { "name": "우리은행", "amenity": "bank", "osm_id": 7559559442, "origin": "OBSERVED" }, "geometry": { "type": "Point", "coordinates": [ 126.937267, 37.475805 ] } },
{ "type": "Feature", "properties": { "name": "국민은행atm", "amenity": "bank", "osm_id": 7559559999, "origin": "OBSERVED" }, "geometry": { "type": "Point", "coordinates": [ 126.932521, 37.50006 ] } },
{ "type": "Feature", "properties": { "name": "옛날장터순대국", "amenity": "restaurant", "osm_id": 7559560005, "origin": "OBSERVED" }, "geometry": { "type": "Point", "coordinates": [ 126.933926, 37.500912 ] } },
{ "type": "Feature", "properties": { "name": "삼성식당(주물럭청국장)", "amenity": "restaurant", "osm_id": 7559560006, "origin": "OBSERVED" }, "geometry": { "type": "Point", "coordinates": [ 126.934132, 37.50093 ] } },
{ "type": "Feature", "properties": { "name": "봉구비어", "amenity": "pub", "osm_id": 7559560007, "origin": "OBSERVED" }, "geometry": { "type": "Point", "coordinates": [ 126.934454, 37.50141 ] } },
{ "type": "Feature", "properties": { "name": "논산상회", "amenity": "restaurant", "osm_id": 7559560008, "origin": "OBSERVED" }, "geometry": { "type": "Point", "coordinates": [ 126.933106, 37.500592 ] } },
{ "type": "Feature", "properties": { "name": "서울소망의원2.3.4.5F           하나치과", "amenity": "doctors", "osm_id": 7559560010, "origin": "OBSERVED" }, "geometry": { "type": "Point", "coordinates": [ 126.934452, 37.497779 ] } },
{ "type": "Feature", "properties": { "name": "부산약국", "amenity": "pharmacy", "osm_id": 7559560011, "origin": "OBSERVED" }, "geometry": { "type": "Point", "coordinates": [ 126.934375, 37.497879 ] } },
{ "type": "Feature", "properties": { "name": "김한의원", "amenity": "doctors", "osm_id": 7559560019, "origin": "OBSERVED" }, "geometry": { "type": "Point", "coordinates": [ 126.936928, 37.475289 ] } },
{ "type": "Feature", "properties": { "name": "광성고물상", "amenity": "recycling", "osm_id": 7559560021, "origin": "OBSERVED" }, "geometry": { "type": "Point", "coordinates": [ 126.935825, 37.474245 ] } },
{ "type": "Feature", "properties": { "name": "동태찜탕", "amenity": "restaurant", "osm_id": 7559560022, "origin": "OBSERVED" }, "geometry": { "type": "Point", "coordinates": [ 126.935835, 37.474118 ] } },
{ "type": "Feature", "properties": { "name": "관악산지구대", "amenity": "police", "osm_id": 7559560024, "origin": "OBSERVED" }, "geometry": { "type": "Point", "coordinates": [ 126.93535, 37.474025 ] } },
{ "type": "Feature", "properties": { "name": "에스오일", "amenity": "fuel", "osm_id": 7559560025, "origin": "OBSERVED" }, "geometry": { "type": "Point", "coordinates": [ 126.934879, 37.473887 ] } },
{ "type": "Feature", "properties": { "name": "현대오일뱅크", "amenity": "fuel", "osm_id": 7559560026, "origin": "OBSERVED" }, "geometry": { "type": "Point", "coordinates": [ 126.934114, 37.473701 ] } },
{ "type": "Feature", "properties": { "name": "서울민플러스치과", "amenity": "dentist", "osm_id": 7559560386, "origin": "OBSERVED" }, "geometry": { "type": "Point", "coordinates": [ 126.929413, 37.499487 ] } },
{ "type": "Feature", "properties": { "name": "목포홍어", "amenity": "restaurant", "osm_id": 7559560393, "origin": "OBSERVED" }, "geometry": { "type": "Point", "coordinates": [ 126.932787, 37.500345 ] } },
{ "type": "Feature", "properties": { "name": "꿀버거컵밥", "amenity": "restaurant", "osm_id": 7559560394, "origin": "OBSERVED" }, "geometry": { "type": "Point", "coordinates": [ 126.931519, 37.498681 ] } },
{ "type": "Feature", "properties": { "name": "쑥고개기사식당-24h", "amenity": "restaurant", "osm_id": 7559560400, "origin": "OBSERVED" }, "geometry": { "type": "Point", "coordinates": [ 126.937948, 37.477045 ] } },
{ "type": "Feature", "properties": { "name": "24시코인노래방", "amenity": "karaoke_box", "osm_id": 7559570985, "origin": "OBSERVED" }, "geometry": { "type": "Point", "coordinates": [ 126.928931, 37.49867 ] } },
{ "type": "Feature", "properties": { "name": "신협365", "amenity": "bank", "osm_id": 7559573285, "origin": "OBSERVED" }, "geometry": { "type": "Point", "coordinates": [ 126.932091, 37.500025 ] } },
{ "type": "Feature", "properties": { "name": "인애요양원", "amenity": "nursing_home", "osm_id": 7559573287, "origin": "OBSERVED" }, "geometry": { "type": "Point", "coordinates": [ 126.933681, 37.474116 ] } },
{ "type": "Feature", "properties": { "name": "관악산지구대", "amenity": "police", "osm_id": 7559583985, "origin": "OBSERVED" }, "geometry": { "type": "Point", "coordinates": [ 126.93541, 37.474044 ] } },
{ "type": "Feature", "properties": { "name": "상도지구대", "amenity": "police", "osm_id": 7603609775, "origin": "OBSERVED" }, "geometry": { "type": "Point", "coordinates": [ 126.936264, 37.505969 ] } },
{ "type": "Feature", "properties": { "name": "영등포제일셀프주유소", "amenity": "fuel", "osm_id": 7622182829, "origin": "OBSERVED" }, "geometry": { "type": "Point", "coordinates": [ 126.899542, 37.50238 ] } },
{ "type": "Feature", "properties": { "name": "대림3동 주민센터", "amenity": "townhall", "osm_id": 7806083033, "origin": "OBSERVED" }, "geometry": { "type": "Point", "coordinates": [ 126.898059, 37.498298 ] } },
{ "type": "Feature", "properties": { "name": "대림2동 주민센터", "amenity": "townhall", "osm_id": 7806083034, "origin": "OBSERVED" }, "geometry": { "type": "Point", "coordinates": [ 126.898271, 37.492746 ] } },
{ "type": "Feature", "properties": { "name": "신길6동 주민센터", "amenity": "townhall", "osm_id": 7808176104, "origin": "OBSERVED" }, "geometry": { "type": "Point", "coordinates": [ 126.909852, 37.499374 ] } },
{ "type": "Feature", "properties": { "name": "노래빠B1", "amenity": "bar", "osm_id": 7831486085, "origin": "OBSERVED" }, "geometry": { "type": "Point", "coordinates": [ 126.9526, 37.481746 ] } },
{ "type": "Feature", "properties": { "name": "김기철의장수왕만두", "amenity": "restaurant", "osm_id": 7831487185, "origin": "OBSERVED" }, "geometry": { "type": "Point", "coordinates": [ 126.952716, 37.481867 ] } },
{ "type": "Feature", "properties": { "name": "배스킨라빈스", "amenity": "ice_cream", "osm_id": 7831492185, "origin": "OBSERVED" }, "geometry": { "type": "Point", "coordinates": [ 126.952977, 37.482334 ] } },
{ "type": "Feature", "properties": { "name": "청개구리노래방", "amenity": "karaoke_box", "osm_id": 7831492187, "origin": "OBSERVED" }, "geometry": { "type": "Point", "coordinates": [ 126.953709, 37.482253 ] } },
{ "type": "Feature", "properties": { "name": "봉천곱창", "amenity": "restaurant", "osm_id": 7831497185, "origin": "OBSERVED" }, "geometry": { "type": "Point", "coordinates": [ 126.95367, 37.482106 ] } },
{ "type": "Feature", "properties": { "name": "관악수내과", "amenity": "hospital", "osm_id": 7831508185, "origin": "OBSERVED" }, "geometry": { "type": "Point", "coordinates": [ 126.953867, 37.481489 ] } },
{ "type": "Feature", "properties": { "name": "우장군보쌈장충왕족발", "amenity": "restaurant", "osm_id": 7831510686, "origin": "OBSERVED" }, "geometry": { "type": "Point", "coordinates": [ 126.954251, 37.481927 ] } },
{ "type": "Feature", "properties": { "name": "진미락", "amenity": "restaurant", "osm_id": 7831544485, "origin": "OBSERVED" }, "geometry": { "type": "Point", "coordinates": [ 126.954138, 37.48205 ] } },
{ "type": "Feature", "properties": { "name": "미팅닭발", "amenity": "restaurant", "osm_id": 7831553185, "origin": "OBSERVED" }, "geometry": { "type": "Point", "coordinates": [ 126.954086, 37.482051 ] } },
{ "type": "Feature", "properties": { "name": "수상한닭발", "amenity": "restaurant", "osm_id": 7831558285, "origin": "OBSERVED" }, "geometry": { "type": "Point", "coordinates": [ 126.954278, 37.482152 ] } },
{ "type": "Feature", "properties": { "name": "목포홍어", "amenity": "restaurant", "osm_id": 7831568188, "origin": "OBSERVED" }, "geometry": { "type": "Point", "coordinates": [ 126.954245, 37.482004 ] } },
{ "type": "Feature", "properties": { "name": "Park포차", "amenity": "restaurant", "osm_id": 7831569585, "origin": "OBSERVED" }, "geometry": { "type": "Point", "coordinates": [ 126.954323, 37.482569 ] } },
{ "type": "Feature", "properties": { "name": "가양양꼬치", "amenity": "restaurant", "osm_id": 7831583385, "origin": "OBSERVED" }, "geometry": { "type": "Point", "coordinates": [ 126.954218, 37.482658 ] } },
{ "type": "Feature", "properties": { "name": "경식이네알쌈쭈꾸미", "amenity": "restaurant", "osm_id": 7831583386, "origin": "OBSERVED" }, "geometry": { "type": "Point", "coordinates": [ 126.954265, 37.482093 ] } },
{ "type": "Feature", "properties": { "name": "골목길치킨호프", "amenity": "restaurant", "osm_id": 7831591285, "origin": "OBSERVED" }, "geometry": { "type": "Point", "coordinates": [ 126.954293, 37.482323 ] } },
{ "type": "Feature", "properties": { "name": "상구네포차", "amenity": "restaurant", "osm_id": 7831592485, "origin": "OBSERVED" }, "geometry": { "type": "Point", "coordinates": [ 126.954348, 37.482418 ] } },
{ "type": "Feature", "properties": { "name": "진우리참치", "amenity": "restaurant", "osm_id": 7831615285, "origin": "OBSERVED" }, "geometry": { "type": "Point", "coordinates": [ 126.952806, 37.482353 ] } },
{ "type": "Feature", "properties": { "name": "보영회관                  숯불갈비", "amenity": "restaurant", "osm_id": 7831632785, "origin": "OBSERVED" }, "geometry": { "type": "Point", "coordinates": [ 126.952565, 37.48193 ] } },
{ "type": "Feature", "properties": { "name": "장백산노래방B1    가주우육면24시", "amenity": "bar", "osm_id": 7899134685, "origin": "OBSERVED" }, "geometry": { "type": "Point", "coordinates": [ 126.897323, 37.492948 ] } },
{ "type": "Feature", "properties": { "name": "소백양샤브샤브전문점 무한리필2F", "amenity": "restaurant", "osm_id": 7899135085, "origin": "OBSERVED" }, "geometry": { "type": "Point", "coordinates": [ 126.897101, 37.492912 ] } },
{ "type": "Feature", "properties": { "name": "고려홍삼", "amenity": "hunting_stand", "osm_id": 7899136485, "origin": "OBSERVED" }, "geometry": { "type": "Point", "coordinates": [ 126.897556, 37.492472 ] } },
{ "type": "Feature", "properties": { "name": "대림찹쌀순대       대림커피호프b1", "amenity": "restaurant", "osm_id": 7899137185, "origin": "OBSERVED" }, "geometry": { "type": "Point", "coordinates": [ 126.897609, 37.492355 ] } },
{ "type": "Feature", "properties": { "name": "해림커피호프", "amenity": "pub", "osm_id": 7899142585, "origin": "OBSERVED" }, "geometry": { "type": "Point", "coordinates": [ 126.898201, 37.492183 ] } },
{ "type": "Feature", "properties": { "name": "명지성모병원주차장", "amenity": "car_rental", "osm_id": 7899145385, "origin": "OBSERVED" }, "geometry": { "type": "Point", "coordinates": [ 126.89886, 37.492484 ] } },
{ "type": "Feature", "properties": { "name": "서울커피숍B1", "amenity": "cafe", "osm_id": 7899162087, "origin": "OBSERVED" }, "geometry": { "type": "Point", "coordinates": [ 126.897963, 37.492801 ] } },
{ "type": "Feature", "properties": { "name": "대림2동어린이집", "amenity": "kindergarten", "osm_id": 7899164485, "origin": "OBSERVED" }, "geometry": { "type": "Point", "coordinates": [ 126.897973, 37.492668 ] } },
{ "type": "Feature", "properties": { "name": "일등약국", "amenity": "pharmacy", "osm_id": 7899185085, "origin": "OBSERVED" }, "geometry": { "type": "Point", "coordinates": [ 126.898985, 37.493576 ] } },
{ "type": "Feature", "properties": { "name": "해정약국", "amenity": "pharmacy", "osm_id": 7899185086, "origin": "OBSERVED" }, "geometry": { "type": "Point", "coordinates": [ 126.898647, 37.493928 ] } },
{ "type": "Feature", "properties": { "name": "녹십자약국", "amenity": "pharmacy", "osm_id": 7899188585, "origin": "OBSERVED" }, "geometry": { "type": "Point", "coordinates": [ 126.899825, 37.494921 ] } },
{ "type": "Feature", "properties": { "name": "제주석갈비", "amenity": "restaurant", "osm_id": 7899188685, "origin": "OBSERVED" }, "geometry": { "type": "Point", "coordinates": [ 126.899786, 37.49478 ] } },
{ "type": "Feature", "properties": { "name": "이충호산부인과", "amenity": "hospital", "osm_id": 7899190585, "origin": "OBSERVED" }, "geometry": { "type": "Point", "coordinates": [ 126.899915, 37.49467 ] } },
{ "type": "Feature", "properties": { "name": "신한은행", "amenity": "bank", "osm_id": 7899190586, "origin": "OBSERVED" }, "geometry": { "type": "Point", "coordinates": [ 126.900146, 37.494715 ] } },
{ "type": "Feature", "properties": { "name": "주차장", "amenity": "car_rental", "osm_id": 7899195885, "origin": "OBSERVED" }, "geometry": { "type": "Point", "coordinates": [ 126.90017, 37.495594 ] } },
{ "type": "Feature", "properties": { "name": "푸주옥설렁탕24시", "amenity": "restaurant", "osm_id": 7899197785, "origin": "OBSERVED" }, "geometry": { "type": "Point", "coordinates": [ 126.899314, 37.496019 ] } },
{ "type": "Feature", "properties": { "name": "원당감자탕24시", "amenity": "restaurant", "osm_id": 7899202386, "origin": "OBSERVED" }, "geometry": { "type": "Point", "coordinates": [ 126.899009, 37.496725 ] } },
{ "type": "Feature", "properties": { "name": "수협은행", "amenity": "bank", "osm_id": 7899210285, "origin": "OBSERVED" }, "geometry": { "type": "Point", "coordinates": [ 126.899019, 37.497055 ] } },
{ "type": "Feature", "properties": { "name": "국민통닭3마리12000원", "amenity": "restaurant", "osm_id": 7899221186, "origin": "OBSERVED" }, "geometry": { "type": "Point", "coordinates": [ 126.898938, 37.496921 ] } },
{ "type": "Feature", "properties": { "name": "IBK기업은행", "amenity": "bank", "osm_id": 7899373186, "origin": "OBSERVED" }, "geometry": { "type": "Point", "coordinates": [ 126.898477, 37.498018 ] } },
{ "type": "Feature", "properties": { "name": "수산약국", "amenity": "pharmacy", "osm_id": 7899400091, "origin": "OBSERVED" }, "geometry": { "type": "Point", "coordinates": [ 126.899634, 37.498678 ] } },
{ "type": "Feature", "properties": { "name": "김밥마을한식백반", "amenity": "restaurant", "osm_id": 7899400885, "origin": "OBSERVED" }, "geometry": { "type": "Point", "coordinates": [ 126.899072, 37.49844 ] } },
{ "type": "Feature", "properties": { "name": "이샘피아노", "amenity": "school", "osm_id": 7899415687, "origin": "OBSERVED" }, "geometry": { "type": "Point", "coordinates": [ 126.900971, 37.499596 ] } },
{ "type": "Feature", "properties": { "name": "기림약국", "amenity": "pharmacy", "osm_id": 7899415786, "origin": "OBSERVED" }, "geometry": { "type": "Point", "coordinates": [ 126.901058, 37.499829 ] } },
{ "type": "Feature", "properties": { "name": "수현분식", "amenity": "restaurant", "osm_id": 7899419185, "origin": "OBSERVED" }, "geometry": { "type": "Point", "coordinates": [ 126.90068, 37.499519 ] } },
{ "type": "Feature", "properties": { "name": "선호식당", "amenity": "restaurant", "osm_id": 7899429985, "origin": "OBSERVED" }, "geometry": { "type": "Point", "coordinates": [ 126.900035, 37.500602 ] } },
{ "type": "Feature", "properties": { "name": "쨍하고해뜰날", "amenity": "pub", "osm_id": 7899429986, "origin": "OBSERVED" }, "geometry": { "type": "Point", "coordinates": [ 126.899653, 37.500832 ] } },
{ "type": "Feature", "properties": { "name": "안동장.중화요리", "amenity": "restaurant", "osm_id": 7899431286, "origin": "OBSERVED" }, "geometry": { "type": "Point", "coordinates": [ 126.899942, 37.500658 ] } },
{ "type": "Feature", "properties": { "name": "해오름.오리고기", "amenity": "restaurant", "osm_id": 7899431287, "origin": "OBSERVED" }, "geometry": { "type": "Point", "coordinates": [ 126.899638, 37.501017 ] } },
{ "type": "Feature", "properties": { "name": "한양치킨호프", "amenity": "restaurant", "osm_id": 7899435586, "origin": "OBSERVED" }, "geometry": { "type": "Point", "coordinates": [ 126.899501, 37.500885 ] } },
{ "type": "Feature", "properties": { "name": "남서울셀프주유소", "amenity": "fuel", "osm_id": 7899441285, "origin": "OBSERVED" }, "geometry": { "type": "Point", "coordinates": [ 126.898967, 37.501483 ] } },
{ "type": "Feature", "properties": { "name": "초록나무요양병원", "amenity": "hospital", "osm_id": 7899444285, "origin": "OBSERVED" }, "geometry": { "type": "Point", "coordinates": [ 126.899199, 37.501314 ] } },
{ "type": "Feature", "properties": { "name": "beer호프포차", "amenity": "pub", "osm_id": 7899457285, "origin": "OBSERVED" }, "geometry": { "type": "Point", "coordinates": [ 126.897427, 37.502441 ] } },
{ "type": "Feature", "properties": { "name": "성심기사식당", "amenity": "restaurant", "osm_id": 7899464085, "origin": "OBSERVED" }, "geometry": { "type": "Point", "coordinates": [ 126.896788, 37.502247 ] } },
{ "type": "Feature", "properties": { "name": "서울중앙교회", "amenity": "place_of_worship", "osm_id": 7899466485, "origin": "OBSERVED" }, "geometry": { "type": "Point", "coordinates": [ 126.896598, 37.502767 ] } },
{ "type": "Feature", "properties": { "name": "옥광약국", "amenity": "pharmacy", "osm_id": 7899467985, "origin": "OBSERVED" }, "geometry": { "type": "Point", "coordinates": [ 126.896452, 37.502708 ] } },
{ "type": "Feature", "properties": { "name": "BONITAPIZZA", "amenity": "restaurant", "osm_id": 7899486985, "origin": "OBSERVED" }, "geometry": { "type": "Point", "coordinates": [ 126.896823, 37.503243 ] } },
{ "type": "Feature", "properties": { "name": "서울봉천역전우편취급국", "amenity": "post_office", "osm_id": 7933740362, "origin": "OBSERVED" }, "geometry": { "type": "Point", "coordinates": [ 126.941419, 37.482255 ] } },
{ "type": "Feature", "properties": { "name": "서울보라매우편취급국", "amenity": "post_office", "osm_id": 7933740363, "origin": "OBSERVED" }, "geometry": { "type": "Point", "coordinates": [ 126.925147, 37.491374 ] } },
{ "type": "Feature", "properties": { "name": "서울관악신사동우편취급국", "amenity": "post_office", "osm_id": 7933740365, "origin": "OBSERVED" }, "geometry": { "type": "Point", "coordinates": [ 126.915535, 37.48502 ] } },
{ "type": "Feature", "properties": { "name": "서울신림동부우편취급국", "amenity": "post_office", "osm_id": 7933740366, "origin": "OBSERVED" }, "geometry": { "type": "Point", "coordinates": [ 126.9285, 37.480677 ] } },
{ "type": "Feature", "properties": { "name": "서울신길3동우편취급국", "amenity": "post_office", "osm_id": 7941518785, "origin": "OBSERVED" }, "geometry": { "type": "Point", "coordinates": [ 126.900692, 37.503422 ] } },
{ "type": "Feature", "properties": { "name": "도깨비포차", "amenity": "pub", "osm_id": 8067112487, "origin": "OBSERVED" }, "geometry": { "type": "Point", "coordinates": [ 126.953012, 37.479109 ] } },
{ "type": "Feature", "properties": { "name": "새마을식당", "amenity": "restaurant", "osm_id": 8067124187, "origin": "OBSERVED" }, "geometry": { "type": "Point", "coordinates": [ 126.953293, 37.480407 ] } },
{ "type": "Feature", "properties": { "name": "착한포차", "amenity": "restaurant", "osm_id": 8067133885, "origin": "OBSERVED" }, "geometry": { "type": "Point", "coordinates": [ 126.953136, 37.48031 ] } },
{ "type": "Feature", "properties": { "name": "서울대곱창", "amenity": "restaurant", "osm_id": 8067133886, "origin": "OBSERVED" }, "geometry": { "type": "Point", "coordinates": [ 126.95312, 37.480226 ] } },
{ "type": "Feature", "properties": { "name": "순이네밥상", "amenity": "restaurant", "osm_id": 8067137488, "origin": "OBSERVED" }, "geometry": { "type": "Point", "coordinates": [ 126.953611, 37.479051 ] } },
{ "type": "Feature", "properties": { "name": "39포차2F                모든안주3900원", "amenity": "pub", "osm_id": 8067138185, "origin": "OBSERVED" }, "geometry": { "type": "Point", "coordinates": [ 126.953096, 37.47921 ] } },
{ "type": "Feature", "properties": { "name": "성민양꼬치", "amenity": "restaurant", "osm_id": 8067146885, "origin": "OBSERVED" }, "geometry": { "type": "Point", "coordinates": [ 126.953491, 37.479184 ] } },
{ "type": "Feature", "properties": { "name": "39포차2F                모는안주3900원", "amenity": "pub", "osm_id": 8067146886, "origin": "OBSERVED" }, "geometry": { "type": "Point", "coordinates": [ 126.953104, 37.479222 ] } },
{ "type": "Feature", "properties": { "name": "삼성약국", "amenity": "pharmacy", "osm_id": 8082284918, "origin": "OBSERVED" }, "geometry": { "type": "Point", "coordinates": [ 126.928045, 37.481246 ] } },
{ "type": "Feature", "properties": { "name": "새롬약국", "amenity": "pharmacy", "osm_id": 8082376117, "origin": "OBSERVED" }, "geometry": { "type": "Point", "coordinates": [ 126.927901, 37.481391 ] } },
{ "type": "Feature", "properties": { "name": "형제약국", "amenity": "pharmacy", "osm_id": 8082419217, "origin": "OBSERVED" }, "geometry": { "type": "Point", "coordinates": [ 126.925259, 37.483343 ] } },
{ "type": "Feature", "properties": { "name": "경아네집                  밥집", "amenity": "restaurant", "osm_id": 8082419218, "origin": "OBSERVED" }, "geometry": { "type": "Point", "coordinates": [ 126.925582, 37.483128 ] } },
{ "type": "Feature", "properties": { "name": "치킨뱅이", "amenity": "pub", "osm_id": 8082425220, "origin": "OBSERVED" }, "geometry": { "type": "Point", "coordinates": [ 126.925505, 37.483342 ] } },
{ "type": "Feature", "properties": { "name": "형제약국", "amenity": "pharmacy", "osm_id": 8082425221, "origin": "OBSERVED" }, "geometry": { "type": "Point", "coordinates": [ 126.925226, 37.483337 ] } },
{ "type": "Feature", "properties": { "name": "장수한의원", "amenity": "hospital", "osm_id": 8082427317, "origin": "OBSERVED" }, "geometry": { "type": "Point", "coordinates": [ 126.925383, 37.483239 ] } },
{ "type": "Feature", "properties": { "name": "신원포차", "amenity": "pub", "osm_id": 8082811617, "origin": "OBSERVED" }, "geometry": { "type": "Point", "coordinates": [ 126.926293, 37.482713 ] } },
{ "type": "Feature", "properties": { "name": "혜성식당", "amenity": "restaurant", "osm_id": 8082823417, "origin": "OBSERVED" }, "geometry": { "type": "Point", "coordinates": [ 126.92672, 37.482407 ] } },
{ "type": "Feature", "properties": { "name": "씽씽노래방                지하", "amenity": "bar", "osm_id": 8082828617, "origin": "OBSERVED" }, "geometry": { "type": "Point", "coordinates": [ 126.926906, 37.482355 ] } },
{ "type": "Feature", "properties": { "name": "할머니순대국밥", "amenity": "restaurant", "osm_id": 8082828618, "origin": "OBSERVED" }, "geometry": { "type": "Point", "coordinates": [ 126.926935, 37.48225 ] } },
{ "type": "Feature", "properties": { "name": "나눔lotto", "amenity": "casino", "osm_id": 8082828619, "origin": "OBSERVED" }, "geometry": { "type": "Point", "coordinates": [ 126.927218, 37.481938 ] } },
{ "type": "Feature", "properties": { "name": "큰집닭강정", "amenity": "restaurant", "osm_id": 8082863217, "origin": "OBSERVED" }, "geometry": { "type": "Point", "coordinates": [ 126.925578, 37.483464 ] } },
{ "type": "Feature", "properties": { "name": "테마노래연습장       지하", "amenity": "bar", "osm_id": 8082866617, "origin": "OBSERVED" }, "geometry": { "type": "Point", "coordinates": [ 126.925982, 37.483645 ] } },
{ "type": "Feature", "properties": { "name": "신림당약국1F", "amenity": "pharmacy", "osm_id": 8082883217, "origin": "OBSERVED" }, "geometry": { "type": "Point", "coordinates": [ 126.928534, 37.4816 ] } },
{ "type": "Feature", "properties": { "name": "55coffee", "amenity": "cafe", "osm_id": 8082889417, "origin": "OBSERVED" }, "geometry": { "type": "Point", "coordinates": [ 126.927559, 37.482386 ] } },
{ "type": "Feature", "properties": { "name": "왕돈까스", "amenity": "restaurant", "osm_id": 8082891917, "origin": "OBSERVED" }, "geometry": { "type": "Point", "coordinates": [ 126.927374, 37.482528 ] } },
{ "type": "Feature", "properties": { "name": ".", "amenity": "restaurant", "osm_id": 8082899917, "origin": "OBSERVED" }, "geometry": { "type": "Point", "coordinates": [ 126.928034, 37.481994 ] } },
{ "type": "Feature", "properties": { "name": "신초쭈꾸미                24시간", "amenity": "restaurant", "osm_id": 8082899918, "origin": "OBSERVED" }, "geometry": { "type": "Point", "coordinates": [ 126.926684, 37.483106 ] } },
{ "type": "Feature", "properties": { "name": "추어탕삼계탕", "amenity": "restaurant", "osm_id": 8082904618, "origin": "OBSERVED" }, "geometry": { "type": "Point", "coordinates": [ 126.927272, 37.482594 ] } },
{ "type": "Feature", "properties": { "name": "김치찜갈비찜", "amenity": "restaurant", "osm_id": 8082918317, "origin": "OBSERVED" }, "geometry": { "type": "Point", "coordinates": [ 126.926848, 37.482969 ] } },
{ "type": "Feature", "properties": { "name": "닭강정", "amenity": "restaurant", "osm_id": 8083197318, "origin": "OBSERVED" }, "geometry": { "type": "Point", "coordinates": [ 126.927868, 37.480128 ] } },
{ "type": "Feature", "properties": { "name": "왕족발.감자탕", "amenity": "restaurant", "osm_id": 8083205517, "origin": "OBSERVED" }, "geometry": { "type": "Point", "coordinates": [ 126.927637, 37.480921 ] } },
{ "type": "Feature", "properties": { "name": "김밥천국", "amenity": "restaurant", "osm_id": 8083206617, "origin": "OBSERVED" }, "geometry": { "type": "Point", "coordinates": [ 126.927789, 37.481023 ] } },
{ "type": "Feature", "properties": { "name": "춘형", "amenity": "restaurant", "osm_id": 8227383307, "origin": "OBSERVED" }, "geometry": { "type": "Point", "coordinates": [ 126.914447, 37.479762 ] } },
{ "type": "Feature", "properties": { "name": "애정제빵소", "amenity": "cafe", "osm_id": 8227402059, "origin": "OBSERVED" }, "geometry": { "type": "Point", "coordinates": [ 126.913323, 37.478595 ] } },
{ "type": "Feature", "properties": { "name": "소문난뼈해장국", "amenity": "restaurant", "osm_id": 8227426607, "origin": "OBSERVED" }, "geometry": { "type": "Point", "coordinates": [ 126.919213, 37.472086 ] } },
{ "type": "Feature", "properties": { "name": "지정환 피자", "amenity": "fast_food", "osm_id": 8227432766, "origin": "OBSERVED" }, "geometry": { "type": "Point", "coordinates": [ 126.918441, 37.47275 ] } },
{ "type": "Feature", "properties": { "name": "관악성결교회", "amenity": "place_of_worship", "osm_id": 8323782844, "origin": "OBSERVED" }, "geometry": { "type": "Point", "coordinates": [ 126.935656, 37.476501 ] } },
{ "type": "Feature", "properties": { "name": "구립관악어린이집", "amenity": "kindergarten", "osm_id": 8323782845, "origin": "OBSERVED" }, "geometry": { "type": "Point", "coordinates": [ 126.935872, 37.476572 ] } },
{ "type": "Feature", "properties": { "name": "우리은행", "amenity": "bank", "osm_id": 8323782858, "origin": "OBSERVED" }, "geometry": { "type": "Point", "coordinates": [ 126.951546, 37.481125 ] } },
{ "type": "Feature", "properties": { "name": "대림3동 성당", "amenity": "place_of_worship", "osm_id": 8392224882, "origin": "OBSERVED" }, "geometry": { "type": "Point", "coordinates": [ 126.900316, 37.497752 ] } },
{ "type": "Feature", "properties": { "name": "남부루터교회", "amenity": "place_of_worship", "osm_id": 8418049701, "origin": "OBSERVED" }, "geometry": { "type": "Point", "coordinates": [ 126.93201, 37.508546 ] } },
{ "type": "Feature", "properties": { "name": "신도림역 택시승강장", "amenity": "taxi", "osm_id": 8543573450, "origin": "OBSERVED" }, "geometry": { "type": "Point", "coordinates": [ 126.891635, 37.507271 ] } },
{ "type": "Feature", "properties": { "name": "임군치킨", "amenity": "fast_food", "osm_id": 8554909803, "origin": "OBSERVED" }, "geometry": { "type": "Point", "coordinates": [ 126.914967, 37.509374 ] } },
{ "type": "Feature", "properties": { "name": "우리도한번잘구워보세 중앙대후문점", "amenity": "restaurant", "osm_id": 8761605964, "origin": "OBSERVED" }, "geometry": { "type": "Point", "coordinates": [ 126.953013, 37.505015 ] } },
{ "type": "Feature", "properties": { "name": "이디야 중앙대후문점", "amenity": "cafe", "osm_id": 8761605965, "origin": "OBSERVED" }, "geometry": { "type": "Point", "coordinates": [ 126.95305, 37.504803 ] } },
{ "type": "Feature", "properties": { "name": "케이프로덕션", "amenity": "studio", "osm_id": 8891762324, "origin": "OBSERVED" }, "geometry": { "type": "Point", "coordinates": [ 126.929644, 37.487942 ] } },
{ "type": "Feature", "properties": { "name": "서천반석교회", "amenity": "place_of_worship", "osm_id": 9089923467, "origin": "OBSERVED" }, "geometry": { "type": "Point", "coordinates": [ 126.947342, 37.490961 ] } },
{ "type": "Feature", "properties": { "name": "관악중앙교회", "amenity": "place_of_worship", "osm_id": 9089923468, "origin": "OBSERVED" }, "geometry": { "type": "Point", "coordinates": [ 126.947068, 37.49089 ] } },
{ "type": "Feature", "properties": { "name": "서울-구로 테슬라 슈퍼차저", "amenity": "charging_station", "osm_id": 9119269202, "origin": "OBSERVED" }, "geometry": { "type": "Point", "coordinates": [ 126.895475, 37.479878 ] } },
{ "type": "Feature", "properties": { "name": "백지장 대림 지하창고", "amenity": "restaurant", "osm_id": 9398104589, "origin": "OBSERVED" }, "geometry": { "type": "Point", "coordinates": [ 126.893767, 37.495047 ] } },
{ "type": "Feature", "properties": { "name": "다복다복", "amenity": "cafe", "osm_id": 9655673673, "origin": "OBSERVED" }, "geometry": { "type": "Point", "coordinates": [ 126.943616, 37.47943 ] } },
{ "type": "Feature", "properties": { "name": "오르막길", "amenity": "cafe", "osm_id": 9655673674, "origin": "OBSERVED" }, "geometry": { "type": "Point", "coordinates": [ 126.94248, 37.479885 ] } },
{ "type": "Feature", "properties": { "name": "혼자커피", "amenity": "cafe", "osm_id": 9655673676, "origin": "OBSERVED" }, "geometry": { "type": "Point", "coordinates": [ 126.943504, 37.479455 ] } },
{ "type": "Feature", "properties": { "name": "포스트버거", "amenity": "fast_food", "osm_id": 9655673677, "origin": "OBSERVED" }, "geometry": { "type": "Point", "coordinates": [ 126.941517, 37.478541 ] } },
{ "type": "Feature", "properties": { "name": "88시장버거 관악점", "amenity": "fast_food", "osm_id": 9655673678, "origin": "OBSERVED" }, "geometry": { "type": "Point", "coordinates": [ 126.942403, 37.48165 ] } },
{ "type": "Feature", "properties": { "name": "샌드버거그리다", "amenity": "fast_food", "osm_id": 9655673679, "origin": "OBSERVED" }, "geometry": { "type": "Point", "coordinates": [ 126.94722, 37.479765 ] } },
{ "type": "Feature", "properties": { "name": "알렉스플레이스", "amenity": "fast_food", "osm_id": 9655673680, "origin": "OBSERVED" }, "geometry": { "type": "Point", "coordinates": [ 126.947384, 37.479033 ] } },
{ "type": "Feature", "properties": { "name": "럭키초밥", "amenity": "restaurant", "osm_id": 9655723718, "origin": "OBSERVED" }, "geometry": { "type": "Point", "coordinates": [ 126.945059, 37.479356 ] } },
{ "type": "Feature", "properties": { "name": "로얄피쉬", "amenity": "restaurant", "osm_id": 9655723719, "origin": "OBSERVED" }, "geometry": { "type": "Point", "coordinates": [ 126.944516, 37.480432 ] } },
{ "type": "Feature", "properties": { "name": "무모한초밥 봉천점", "amenity": "restaurant", "osm_id": 9655723720, "origin": "OBSERVED" }, "geometry": { "type": "Point", "coordinates": [ 126.943476, 37.482689 ] } },
{ "type": "Feature", "properties": { "name": "은행골 서울대입구역점", "amenity": "restaurant", "osm_id": 9655723721, "origin": "OBSERVED" }, "geometry": { "type": "Point", "coordinates": [ 126.953056, 37.480763 ] } },
{ "type": "Feature", "properties": { "name": "초와밥", "amenity": "restaurant", "osm_id": 9655723722, "origin": "OBSERVED" }, "geometry": { "type": "Point", "coordinates": [ 126.952089, 37.480348 ] } },
{ "type": "Feature", "properties": { "name": "스시쿠로네코", "amenity": "restaurant", "osm_id": 9655723723, "origin": "OBSERVED" }, "geometry": { "type": "Point", "coordinates": [ 126.951025, 37.480132 ] } },
{ "type": "Feature", "properties": { "name": "코코미", "amenity": "restaurant", "osm_id": 9655723724, "origin": "OBSERVED" }, "geometry": { "type": "Point", "coordinates": [ 126.952521, 37.480065 ] } },
{ "type": "Feature", "properties": { "name": "심통난초밥", "amenity": "restaurant", "osm_id": 9655723725, "origin": "OBSERVED" }, "geometry": { "type": "Point", "coordinates": [ 126.953276, 37.481351 ] } },
{ "type": "Feature", "properties": { "name": "탐나는 돼지", "amenity": "restaurant", "osm_id": 9838379518, "origin": "OBSERVED" }, "geometry": { "type": "Point", "coordinates": [ 126.89845, 37.486344 ] } },
{ "type": "Feature", "properties": { "name": "Toilet", "amenity": "toilets", "osm_id": 9878799166, "origin": "OBSERVED" }, "geometry": { "type": "Point", "coordinates": [ 126.92645, 37.484092 ] } },
{ "type": "Feature", "properties": { "name": "Public toilet", "amenity": "toilets", "osm_id": 9878817605, "origin": "OBSERVED" }, "geometry": { "type": "Point", "coordinates": [ 126.919771, 37.494065 ] } },
{ "type": "Feature", "properties": { "name": "Woori", "amenity": "bank", "osm_id": 9878898656, "origin": "OBSERVED" }, "geometry": { "type": "Point", "coordinates": [ 126.92943, 37.485326 ] } },
{ "type": "Feature", "properties": { "name": "Toilet", "amenity": "toilets", "osm_id": 9878922883, "origin": "OBSERVED" }, "geometry": { "type": "Point", "coordinates": [ 126.922257, 37.493239 ] } },
{ "type": "Feature", "properties": { "name": "Bike Station", "amenity": "bicycle_rental", "osm_id": 9878936222, "origin": "OBSERVED" }, "geometry": { "type": "Point", "coordinates": [ 126.926262, 37.484254 ] } },
{ "type": "Feature", "properties": { "name": "서울신대림초등학교", "amenity": "school", "osm_id": 153512036, "origin": "OBSERVED" }, "geometry": { "type": "Point", "coordinates": [ 126.905737, 37.491973 ] } },
{ "type": "Feature", "properties": { "name": "대림동성당", "amenity": "place_of_worship", "osm_id": 153682035, "origin": "OBSERVED" }, "geometry": { "type": "Point", "coordinates": [ 126.907789, 37.493628 ] } },
{ "type": "Feature", "properties": { "name": "한림대학교 강남성심병원", "amenity": "hospital", "osm_id": 153922069, "origin": "OBSERVED" }, "geometry": { "type": "Point", "coordinates": [ 126.908573, 37.493322 ] } },
{ "type": "Feature", "properties": { "name": "보라매청소년수련관", "amenity": "community_centre", "osm_id": 166431182, "origin": "OBSERVED" }, "geometry": { "type": "Point", "coordinates": [ 126.921418, 37.493858 ] } },
{ "type": "Feature", "properties": { "name": "", "amenity": "public_building", "osm_id": 166555382, "origin": "OBSERVED" }, "geometry": { "type": "Point", "coordinates": [ 126.920777, 37.490288 ] } },
{ "type": "Feature", "properties": { "name": "동작소방서", "amenity": "fire_station", "osm_id": 166555384, "origin": "OBSERVED" }, "geometry": { "type": "Point", "coordinates": [ 126.917679, 37.494761 ] } },
{ "type": "Feature", "properties": { "name": "상도동우체국", "amenity": "post_office", "osm_id": 172264357, "origin": "OBSERVED" }, "geometry": { "type": "Point", "coordinates": [ 126.94486, 37.505011 ] } },
{ "type": "Feature", "properties": { "name": "상도치안센터", "amenity": "police", "osm_id": 172264362, "origin": "OBSERVED" }, "geometry": { "type": "Point", "coordinates": [ 126.947293, 37.503409 ] } },
{ "type": "Feature", "properties": { "name": "서울관악초등학교", "amenity": "school", "osm_id": 172513354, "origin": "OBSERVED" }, "geometry": { "type": "Point", "coordinates": [ 126.943466, 37.480643 ] } },
{ "type": "Feature", "properties": { "name": "영락학원", "amenity": "school", "osm_id": 172517635, "origin": "OBSERVED" }, "geometry": { "type": "Point", "coordinates": [ 126.944342, 37.47641 ] } },
{ "type": "Feature", "properties": { "name": "서울청룡초등학교", "amenity": "school", "osm_id": 172605568, "origin": "OBSERVED" }, "geometry": { "type": "Point", "coordinates": [ 126.951125, 37.476166 ] } },
{ "type": "Feature", "properties": { "name": "서울관악경찰서", "amenity": "police", "osm_id": 172605569, "origin": "OBSERVED" }, "geometry": { "type": "Point", "coordinates": [ 126.951527, 37.474347 ] } },
{ "type": "Feature", "properties": { "name": "관악소방서", "amenity": "fire_station", "osm_id": 172606290, "origin": "OBSERVED" }, "geometry": { "type": "Point", "coordinates": [ 126.952631, 37.473898 ] } },
{ "type": "Feature", "properties": { "name": "신림중학교", "amenity": "school", "osm_id": 172632303, "origin": "OBSERVED" }, "geometry": { "type": "Point", "coordinates": [ 126.944895, 37.470259 ] } },
{ "type": "Feature", "properties": { "name": "봉림중학교", "amenity": "school", "osm_id": 175946302, "origin": "OBSERVED" }, "geometry": { "type": "Point", "coordinates": [ 126.938467, 37.480086 ] } },
{ "type": "Feature", "properties": { "name": "문영학원", "amenity": "school", "osm_id": 176588971, "origin": "OBSERVED" }, "geometry": { "type": "Point", "coordinates": [ 126.9516, 37.472883 ] } },
{ "type": "Feature", "properties": { "name": "쑥고개성당", "amenity": "place_of_worship", "osm_id": 176923415, "origin": "OBSERVED" }, "geometry": { "type": "Point", "coordinates": [ 126.945393, 37.479618 ] } },
{ "type": "Feature", "properties": { "name": "쑥고개주차장", "amenity": "parking", "osm_id": 177929581, "origin": "OBSERVED" }, "geometry": { "type": "Point", "coordinates": [ 126.939878, 37.478025 ] } },
{ "type": "Feature", "properties": { "name": "", "amenity": "parking", "osm_id": 178240228, "origin": "OBSERVED" }, "geometry": { "type": "Point", "coordinates": [ 126.948284, 37.480822 ] } },
{ "type": "Feature", "properties": { "name": "", "amenity": "parking", "osm_id": 178254716, "origin": "OBSERVED" }, "geometry": { "type": "Point", "coordinates": [ 126.949378, 37.479341 ] } },
{ "type": "Feature", "properties": { "name": "신한은행", "amenity": "bank", "osm_id": 180126059, "origin": "OBSERVED" }, "geometry": { "type": "Point", "coordinates": [ 126.947503, 37.481533 ] } },
{ "type": "Feature", "properties": { "name": "GS 주차장", "amenity": "parking", "osm_id": 181402441, "origin": "OBSERVED" }, "geometry": { "type": "Point", "coordinates": [ 126.891376, 37.50713 ] } },
{ "type": "Feature", "properties": { "name": "서부금융센터", "amenity": "public_building", "osm_id": 181526305, "origin": "OBSERVED" }, "geometry": { "type": "Point", "coordinates": [ 126.890381, 37.507648 ] } },
{ "type": "Feature", "properties": { "name": "신관중학교", "amenity": "school", "osm_id": 194088593, "origin": "OBSERVED" }, "geometry": { "type": "Point", "coordinates": [ 126.934135, 37.479884 ] } },
{ "type": "Feature", "properties": { "name": "관악중앙새마을금고", "amenity": "bank", "osm_id": 196617391, "origin": "OBSERVED" }, "geometry": { "type": "Point", "coordinates": [ 126.946324, 37.481153 ] } },
{ "type": "Feature", "properties": { "name": "", "amenity": "parking", "osm_id": 196656175, "origin": "OBSERVED" }, "geometry": { "type": "Point", "coordinates": [ 126.946398, 37.480472 ] } },
{ "type": "Feature", "properties": { "name": "", "amenity": "parking", "osm_id": 196656185, "origin": "OBSERVED" }, "geometry": { "type": "Point", "coordinates": [ 126.946315, 37.480292 ] } },
{ "type": "Feature", "properties": { "name": "", "amenity": "parking", "osm_id": 196656192, "origin": "OBSERVED" }, "geometry": { "type": "Point", "coordinates": [ 126.946315, 37.480511 ] } },
{ "type": "Feature", "properties": { "name": "", "amenity": "place_of_worship", "osm_id": 196656196, "origin": "OBSERVED" }, "geometry": { "type": "Point", "coordinates": [ 126.946132, 37.480343 ] } },
{ "type": "Feature", "properties": { "name": "관악감리교회", "amenity": "place_of_worship", "osm_id": 196656200, "origin": "OBSERVED" }, "geometry": { "type": "Point", "coordinates": [ 126.946166, 37.480209 ] } },
{ "type": "Feature", "properties": { "name": "", "amenity": "parking", "osm_id": 196656202, "origin": "OBSERVED" }, "geometry": { "type": "Point", "coordinates": [ 126.946433, 37.48019 ] } },
{ "type": "Feature", "properties": { "name": "", "amenity": "parking", "osm_id": 196656215, "origin": "OBSERVED" }, "geometry": { "type": "Point", "coordinates": [ 126.946282, 37.479883 ] } },
{ "type": "Feature", "properties": { "name": "", "amenity": "parking", "osm_id": 217623392, "origin": "OBSERVED" }, "geometry": { "type": "Point", "coordinates": [ 126.945912, 37.469602 ] } },
{ "type": "Feature", "properties": { "name": "구로중학교", "amenity": "school", "osm_id": 250489324, "origin": "OBSERVED" }, "geometry": { "type": "Point", "coordinates": [ 126.890959, 37.494423 ] } },
{ "type": "Feature", "properties": { "name": "서울대학교 미술관", "amenity": "arts_centre", "osm_id": 252233408, "origin": "OBSERVED" }, "geometry": { "type": "Point", "coordinates": [ 126.949724, 37.466382 ] } },
{ "type": "Feature", "properties": { "name": "", "amenity": "school", "osm_id": 252903425, "origin": "OBSERVED" }, "geometry": { "type": "Point", "coordinates": [ 126.890221, 37.494706 ] } },
{ "type": "Feature", "properties": { "name": "", "amenity": "school", "osm_id": 252903427, "origin": "OBSERVED" }, "geometry": { "type": "Point", "coordinates": [ 126.891323, 37.494696 ] } },
{ "type": "Feature", "properties": { "name": "", "amenity": "school", "osm_id": 252903428, "origin": "OBSERVED" }, "geometry": { "type": "Point", "coordinates": [ 126.890718, 37.493632 ] } },
{ "type": "Feature", "properties": { "name": "", "amenity": "school", "osm_id": 252995374, "origin": "OBSERVED" }, "geometry": { "type": "Point", "coordinates": [ 126.892326, 37.495297 ] } },
{ "type": "Feature", "properties": { "name": "", "amenity": "school", "osm_id": 252995375, "origin": "OBSERVED" }, "geometry": { "type": "Point", "coordinates": [ 126.892958, 37.494439 ] } },
{ "type": "Feature", "properties": { "name": "", "amenity": "school", "osm_id": 252995376, "origin": "OBSERVED" }, "geometry": { "type": "Point", "coordinates": [ 126.893298, 37.494764 ] } },
{ "type": "Feature", "properties": { "name": "서울동구로초등학교", "amenity": "school", "osm_id": 252995383, "origin": "OBSERVED" }, "geometry": { "type": "Point", "coordinates": [ 126.892428, 37.495027 ] } },
{ "type": "Feature", "properties": { "name": "", "amenity": "school", "osm_id": 252995384, "origin": "OBSERVED" }, "geometry": { "type": "Point", "coordinates": [ 126.890462, 37.498022 ] } },
{ "type": "Feature", "properties": { "name": "", "amenity": "school", "osm_id": 252995385, "origin": "OBSERVED" }, "geometry": { "type": "Point", "coordinates": [ 126.889953, 37.497545 ] } },
{ "type": "Feature", "properties": { "name": "", "amenity": "school", "osm_id": 252995386, "origin": "OBSERVED" }, "geometry": { "type": "Point", "coordinates": [ 126.890234, 37.497277 ] } },
{ "type": "Feature", "properties": { "name": "", "amenity": "school", "osm_id": 252995387, "origin": "OBSERVED" }, "geometry": { "type": "Point", "coordinates": [ 126.890586, 37.497174 ] } },
{ "type": "Feature", "properties": { "name": "영림중학교", "amenity": "school", "osm_id": 252995388, "origin": "OBSERVED" }, "geometry": { "type": "Point", "coordinates": [ 126.890365, 37.497537 ] } },
{ "type": "Feature", "properties": { "name": "", "amenity": "school", "osm_id": 252995392, "origin": "OBSERVED" }, "geometry": { "type": "Point", "coordinates": [ 126.889783, 37.498984 ] } },
{ "type": "Feature", "properties": { "name": "구로고등학교", "amenity": "school", "osm_id": 252995395, "origin": "OBSERVED" }, "geometry": { "type": "Point", "coordinates": [ 126.889671, 37.498588 ] } },
{ "type": "Feature", "properties": { "name": "서울신구로초등학교", "amenity": "school", "osm_id": 252995396, "origin": "OBSERVED" }, "geometry": { "type": "Point", "coordinates": [ 126.889284, 37.499449 ] } },
{ "type": "Feature", "properties": { "name": "영서중학교", "amenity": "school", "osm_id": 252995424, "origin": "OBSERVED" }, "geometry": { "type": "Point", "coordinates": [ 126.894564, 37.489334 ] } },
{ "type": "Feature", "properties": { "name": "서울영서초등학교", "amenity": "school", "osm_id": 252995425, "origin": "OBSERVED" }, "geometry": { "type": "Point", "coordinates": [ 126.895348, 37.48829 ] } },
{ "type": "Feature", "properties": { "name": "", "amenity": "school", "osm_id": 252995426, "origin": "OBSERVED" }, "geometry": { "type": "Point", "coordinates": [ 126.895195, 37.488417 ] } },
{ "type": "Feature", "properties": { "name": "창조관", "amenity": "school", "osm_id": 252995427, "origin": "OBSERVED" }, "geometry": { "type": "Point", "coordinates": [ 126.895138, 37.489356 ] } },
{ "type": "Feature", "properties": { "name": "", "amenity": "school", "osm_id": 252995428, "origin": "OBSERVED" }, "geometry": { "type": "Point", "coordinates": [ 126.894479, 37.489149 ] } },
{ "type": "Feature", "properties": { "name": "공단 119 안전센터", "amenity": "fire_station", "osm_id": 253040169, "origin": "OBSERVED" }, "geometry": { "type": "Point", "coordinates": [ 126.898443, 37.484223 ] } },
{ "type": "Feature", "properties": { "name": "", "amenity": "parking", "osm_id": 273962741, "origin": "OBSERVED" }, "geometry": { "type": "Point", "coordinates": [ 126.938208, 37.480402 ] } },
{ "type": "Feature", "properties": { "name": "", "amenity": "parking", "osm_id": 273962742, "origin": "OBSERVED" }, "geometry": { "type": "Point", "coordinates": [ 126.938196, 37.480165 ] } },
{ "type": "Feature", "properties": { "name": "", "amenity": "parking", "osm_id": 273962744, "origin": "OBSERVED" }, "geometry": { "type": "Point", "coordinates": [ 126.938081, 37.481011 ] } },
{ "type": "Feature", "properties": { "name": "", "amenity": "parking", "osm_id": 273990575, "origin": "OBSERVED" }, "geometry": { "type": "Point", "coordinates": [ 126.937807, 37.481394 ] } },
{ "type": "Feature", "properties": { "name": "", "amenity": "parking", "osm_id": 278003905, "origin": "OBSERVED" }, "geometry": { "type": "Point", "coordinates": [ 126.900508, 37.497964 ] } },
{ "type": "Feature", "properties": { "name": "양녕공영주차장", "amenity": "parking", "osm_id": 278134700, "origin": "OBSERVED" }, "geometry": { "type": "Point", "coordinates": [ 126.935618, 37.496665 ] } },
{ "type": "Feature", "properties": { "name": "빙수골공영주차장", "amenity": "parking", "osm_id": 278134702, "origin": "OBSERVED" }, "geometry": { "type": "Point", "coordinates": [ 126.931838, 37.495376 ] } },
{ "type": "Feature", "properties": { "name": "영도시장", "amenity": "marketplace", "osm_id": 278142931, "origin": "OBSERVED" }, "geometry": { "type": "Point", "coordinates": [ 126.940391, 37.504296 ] } },
{ "type": "Feature", "properties": { "name": "장승주차장", "amenity": "parking", "osm_id": 278142941, "origin": "OBSERVED" }, "geometry": { "type": "Point", "coordinates": [ 126.9394, 37.503168 ] } },
{ "type": "Feature", "properties": { "name": "약수작은도서관", "amenity": "library", "osm_id": 278142950, "origin": "OBSERVED" }, "geometry": { "type": "Point", "coordinates": [ 126.947413, 37.497808 ] } },
{ "type": "Feature", "properties": { "name": "서울상현초등학교", "amenity": "school", "osm_id": 278148512, "origin": "OBSERVED" }, "geometry": { "type": "Point", "coordinates": [ 126.952731, 37.494942 ] } },
{ "type": "Feature", "properties": { "name": "성현동성당", "amenity": "place_of_worship", "osm_id": 278307027, "origin": "OBSERVED" }, "geometry": { "type": "Point", "coordinates": [ 126.945748, 37.492961 ] } },
{ "type": "Feature", "properties": { "name": "동작도서관", "amenity": "library", "osm_id": 278565012, "origin": "OBSERVED" }, "geometry": { "type": "Point", "coordinates": [ 126.94011, 37.505958 ] } },
{ "type": "Feature", "properties": { "name": "성남정보도서관", "amenity": "library", "osm_id": 278752556, "origin": "OBSERVED" }, "geometry": { "type": "Point", "coordinates": [ 126.925686, 37.505356 ] } },
{ "type": "Feature", "properties": { "name": "대방동 주민센터", "amenity": "townhall", "osm_id": 278752569, "origin": "OBSERVED" }, "geometry": { "type": "Point", "coordinates": [ 126.926267, 37.508101 ] } },
{ "type": "Feature", "properties": { "name": "삼성중학교", "amenity": "school", "osm_id": 279275717, "origin": "OBSERVED" }, "geometry": { "type": "Point", "coordinates": [ 126.943047, 37.467862 ] } },
{ "type": "Feature", "properties": { "name": "서울삼성초등학교", "amenity": "school", "osm_id": 279275718, "origin": "OBSERVED" }, "geometry": { "type": "Point", "coordinates": [ 126.940998, 37.468163 ] } },
{ "type": "Feature", "properties": { "name": "삼성고등학교", "amenity": "school", "osm_id": 279275719, "origin": "OBSERVED" }, "geometry": { "type": "Point", "coordinates": [ 126.943438, 37.469865 ] } },
{ "type": "Feature", "properties": { "name": "중앙바닥분수", "amenity": "fountain", "osm_id": 282907453, "origin": "OBSERVED" }, "geometry": { "type": "Point", "coordinates": [ 126.920616, 37.493732 ] } },
{ "type": "Feature", "properties": { "name": "", "amenity": "parking", "osm_id": 282907457, "origin": "OBSERVED" }, "geometry": { "type": "Point", "coordinates": [ 126.917745, 37.49367 ] } },
{ "type": "Feature", "properties": { "name": "", "amenity": "yes", "osm_id": 283920712, "origin": "OBSERVED" }, "geometry": { "type": "Point", "coordinates": [ 126.930688, 37.505559 ] } },
{ "type": "Feature", "properties": { "name": "", "amenity": "yes", "osm_id": 283920713, "origin": "OBSERVED" }, "geometry": { "type": "Point", "coordinates": [ 126.929033, 37.506589 ] } },
{ "type": "Feature", "properties": { "name": "", "amenity": "yes", "osm_id": 283920714, "origin": "OBSERVED" }, "geometry": { "type": "Point", "coordinates": [ 126.930926, 37.507146 ] } },
{ "type": "Feature", "properties": { "name": "상가", "amenity": "marketplace", "osm_id": 283920718, "origin": "OBSERVED" }, "geometry": { "type": "Point", "coordinates": [ 126.94928, 37.48893 ] } },
{ "type": "Feature", "properties": { "name": "", "amenity": "parking", "osm_id": 283920736, "origin": "OBSERVED" }, "geometry": { "type": "Point", "coordinates": [ 126.941878, 37.495798 ] } },
{ "type": "Feature", "properties": { "name": "중앙대학교 서울캠퍼스", "amenity": "university", "osm_id": 284355223, "origin": "OBSERVED" }, "geometry": { "type": "Point", "coordinates": [ 126.956582, 37.504947 ] } },
{ "type": "Feature", "properties": { "name": "서울신상도초등학교", "amenity": "school", "osm_id": 284585432, "origin": "OBSERVED" }, "geometry": { "type": "Point", "coordinates": [ 126.94416, 37.500327 ] } },
{ "type": "Feature", "properties": { "name": "장승중학교", "amenity": "school", "osm_id": 284585434, "origin": "OBSERVED" }, "geometry": { "type": "Point", "coordinates": [ 126.940795, 37.5035 ] } },
{ "type": "Feature", "properties": { "name": "상도4동성당", "amenity": "place_of_worship", "osm_id": 284585439, "origin": "OBSERVED" }, "geometry": { "type": "Point", "coordinates": [ 126.936287, 37.499401 ] } },
{ "type": "Feature", "properties": { "name": "구암중학교", "amenity": "school", "osm_id": 284585443, "origin": "OBSERVED" }, "geometry": { "type": "Point", "coordinates": [ 126.947753, 37.492776 ] } },
{ "type": "Feature", "properties": { "name": "구암고등학교", "amenity": "school", "osm_id": 284585444, "origin": "OBSERVED" }, "geometry": { "type": "Point", "coordinates": [ 126.950172, 37.492158 ] } },
{ "type": "Feature", "properties": { "name": "당곡중학교", "amenity": "school", "osm_id": 284585453, "origin": "OBSERVED" }, "geometry": { "type": "Point", "coordinates": [ 126.932986, 37.491927 ] } },
{ "type": "Feature", "properties": { "name": "당곡고등학교", "amenity": "school", "osm_id": 284585454, "origin": "OBSERVED" }, "geometry": { "type": "Point", "coordinates": [ 126.934557, 37.492099 ] } },
{ "type": "Feature", "properties": { "name": "", "amenity": "school", "osm_id": 284585458, "origin": "OBSERVED" }, "geometry": { "type": "Point", "coordinates": [ 126.929186, 37.508037 ] } },
{ "type": "Feature", "properties": { "name": "", "amenity": "school", "osm_id": 284585459, "origin": "OBSERVED" }, "geometry": { "type": "Point", "coordinates": [ 126.926534, 37.50498 ] } },
{ "type": "Feature", "properties": { "name": "구립대방종합사회복지관", "amenity": "social_facility", "osm_id": 284793431, "origin": "OBSERVED" }, "geometry": { "type": "Point", "coordinates": [ 126.930028, 37.510153 ] } },
{ "type": "Feature", "properties": { "name": "영등포고등학교", "amenity": "school", "osm_id": 284793438, "origin": "OBSERVED" }, "geometry": { "type": "Point", "coordinates": [ 126.933738, 37.508494 ] } },
{ "type": "Feature", "properties": { "name": "영등포중학교", "amenity": "school", "osm_id": 284793439, "origin": "OBSERVED" }, "geometry": { "type": "Point", "coordinates": [ 126.933444, 37.507865 ] } },
{ "type": "Feature", "properties": { "name": "영화초등학교", "amenity": "school", "osm_id": 284793440, "origin": "OBSERVED" }, "geometry": { "type": "Point", "coordinates": [ 126.933173, 37.509106 ] } },
{ "type": "Feature", "properties": { "name": "", "amenity": "yes", "osm_id": 284793449, "origin": "OBSERVED" }, "geometry": { "type": "Point", "coordinates": [ 126.931859, 37.504969 ] } },
{ "type": "Feature", "properties": { "name": "국사봉중학교", "amenity": "school", "osm_id": 284793455, "origin": "OBSERVED" }, "geometry": { "type": "Point", "coordinates": [ 126.944576, 37.493804 ] } },
{ "type": "Feature", "properties": { "name": "서울상도초등학교", "amenity": "school", "osm_id": 284793456, "origin": "OBSERVED" }, "geometry": { "type": "Point", "coordinates": [ 126.937311, 37.499754 ] } },
{ "type": "Feature", "properties": { "name": "상도동성당(Sangdodong Catholic church)", "amenity": "place_of_worship", "osm_id": 284984027, "origin": "OBSERVED" }, "geometry": { "type": "Point", "coordinates": [ 126.947326, 37.504116 ] } },
{ "type": "Feature", "properties": { "name": "수도여자고등학교", "amenity": "school", "osm_id": 286555224, "origin": "OBSERVED" }, "geometry": { "type": "Point", "coordinates": [ 126.915173, 37.493006 ] } },
{ "type": "Feature", "properties": { "name": "문창중학교", "amenity": "school", "osm_id": 286555229, "origin": "OBSERVED" }, "geometry": { "type": "Point", "coordinates": [ 126.921743, 37.495713 ] } },
{ "type": "Feature", "properties": { "name": "서울특별시 보라매병원", "amenity": "hospital", "osm_id": 286555230, "origin": "OBSERVED" }, "geometry": { "type": "Point", "coordinates": [ 126.924429, 37.493564 ] } },
{ "type": "Feature", "properties": { "name": "", "amenity": "kindergarten", "osm_id": 294742289, "origin": "OBSERVED" }, "geometry": { "type": "Point", "coordinates": [ 126.944217, 37.497577 ] } },
{ "type": "Feature", "properties": { "name": "강현중학교", "amenity": "school", "osm_id": 296976581, "origin": "OBSERVED" }, "geometry": { "type": "Point", "coordinates": [ 126.931025, 37.503376 ] } },
{ "type": "Feature", "properties": { "name": "서울구암초등학교", "amenity": "school", "osm_id": 298285491, "origin": "OBSERVED" }, "geometry": { "type": "Point", "coordinates": [ 126.94693, 37.48933 ] } },
{ "type": "Feature", "properties": { "name": "서울신길초등학교", "amenity": "school", "osm_id": 305888881, "origin": "OBSERVED" }, "geometry": { "type": "Point", "coordinates": [ 126.926749, 37.510592 ] } },
{ "type": "Feature", "properties": { "name": "서울영본초등학교", "amenity": "school", "osm_id": 306877890, "origin": "OBSERVED" }, "geometry": { "type": "Point", "coordinates": [ 126.948701, 37.510655 ] } },
{ "type": "Feature", "properties": { "name": "서울봉현초등학교", "amenity": "school", "osm_id": 310456341, "origin": "OBSERVED" }, "geometry": { "type": "Point", "coordinates": [ 126.955212, 37.49095 ] } },
{ "type": "Feature", "properties": { "name": "", "amenity": "parking", "osm_id": 318459668, "origin": "OBSERVED" }, "geometry": { "type": "Point", "coordinates": [ 126.949002, 37.465083 ] } },
{ "type": "Feature", "properties": { "name": "", "amenity": "parking", "osm_id": 324689817, "origin": "OBSERVED" }, "geometry": { "type": "Point", "coordinates": [ 126.936269, 37.499513 ] } },
{ "type": "Feature", "properties": { "name": "상도4치안센터", "amenity": "police", "osm_id": 325008414, "origin": "OBSERVED" }, "geometry": { "type": "Point", "coordinates": [ 126.937856, 37.500498 ] } },
{ "type": "Feature", "properties": { "name": "숭실대학교", "amenity": "university", "osm_id": 367392487, "origin": "OBSERVED" }, "geometry": { "type": "Point", "coordinates": [ 126.957793, 37.496102 ] } },
{ "type": "Feature", "properties": { "name": "서울관광고등학교", "amenity": "school", "osm_id": 374057332, "origin": "OBSERVED" }, "geometry": { "type": "Point", "coordinates": [ 126.943495, 37.488458 ] } },
{ "type": "Feature", "properties": { "name": "버스차고지", "amenity": "parking", "osm_id": 374258467, "origin": "OBSERVED" }, "geometry": { "type": "Point", "coordinates": [ 126.941759, 37.491201 ] } },
{ "type": "Feature", "properties": { "name": "서울독산초등학교", "amenity": "school", "osm_id": 385840021, "origin": "OBSERVED" }, "geometry": { "type": "Point", "coordinates": [ 126.899987, 37.465304 ] } },
{ "type": "Feature", "properties": { "name": "서울문교초등학교", "amenity": "school", "osm_id": 385989546, "origin": "OBSERVED" }, "geometry": { "type": "Point", "coordinates": [ 126.908651, 37.466509 ] } },
{ "type": "Feature", "properties": { "name": "금천구 정보도서관", "amenity": "library", "osm_id": 385989547, "origin": "OBSERVED" }, "geometry": { "type": "Point", "coordinates": [ 126.90814, 37.467595 ] } },
{ "type": "Feature", "properties": { "name": "", "amenity": "parking", "osm_id": 389026559, "origin": "OBSERVED" }, "geometry": { "type": "Point", "coordinates": [ 126.939466, 37.485788 ] } },
{ "type": "Feature", "properties": { "name": "", "amenity": "school", "osm_id": 396334481, "origin": "OBSERVED" }, "geometry": { "type": "Point", "coordinates": [ 126.950578, 37.492273 ] } },
{ "type": "Feature", "properties": { "name": "서울두산초등학교", "amenity": "school", "osm_id": 407459009, "origin": "OBSERVED" }, "geometry": { "type": "Point", "coordinates": [ 126.89091, 37.467215 ] } },
{ "type": "Feature", "properties": { "name": "가산중학교", "amenity": "school", "osm_id": 407459036, "origin": "OBSERVED" }, "geometry": { "type": "Point", "coordinates": [ 126.894386, 37.468469 ] } },
{ "type": "Feature", "properties": { "name": "서울가산초등학교", "amenity": "school", "osm_id": 408595450, "origin": "OBSERVED" }, "geometry": { "type": "Point", "coordinates": [ 126.89638, 37.477961 ] } },
{ "type": "Feature", "properties": { "name": "세일중학교", "amenity": "school", "osm_id": 408595451, "origin": "OBSERVED" }, "geometry": { "type": "Point", "coordinates": [ 126.895616, 37.474459 ] } },
{ "type": "Feature", "properties": { "name": "서울문성초등학교", "amenity": "school", "osm_id": 408855822, "origin": "OBSERVED" }, "geometry": { "type": "Point", "coordinates": [ 126.899446, 37.474552 ] } },
{ "type": "Feature", "properties": { "name": "남문시장", "amenity": "marketplace", "osm_id": 408855833, "origin": "OBSERVED" }, "geometry": { "type": "Point", "coordinates": [ 126.900743, 37.47396 ] } },
{ "type": "Feature", "properties": { "name": "서울문성중학교", "amenity": "school", "osm_id": 409779777, "origin": "OBSERVED" }, "geometry": { "type": "Point", "coordinates": [ 126.908304, 37.475251 ] } },
{ "type": "Feature", "properties": { "name": "서울영남초등학교", "amenity": "school", "osm_id": 409779778, "origin": "OBSERVED" }, "geometry": { "type": "Point", "coordinates": [ 126.909594, 37.475868 ] } },
{ "type": "Feature", "properties": { "name": "독산고등학교", "amenity": "school", "osm_id": 409779779, "origin": "OBSERVED" }, "geometry": { "type": "Point", "coordinates": [ 126.910802, 37.476262 ] } },
{ "type": "Feature", "properties": { "name": "한울중학교", "amenity": "school", "osm_id": 409779790, "origin": "OBSERVED" }, "geometry": { "type": "Point", "coordinates": [ 126.906794, 37.47887 ] } },
{ "type": "Feature", "properties": { "name": "난곡중학교", "amenity": "school", "osm_id": 409779791, "origin": "OBSERVED" }, "geometry": { "type": "Point", "coordinates": [ 126.910526, 37.477912 ] } },
{ "type": "Feature", "properties": { "name": "난우중학교", "amenity": "school", "osm_id": 410556000, "origin": "OBSERVED" }, "geometry": { "type": "Point", "coordinates": [ 126.92262, 37.466767 ] } },
{ "type": "Feature", "properties": { "name": "서울난곡초등학교", "amenity": "school", "osm_id": 410680539, "origin": "OBSERVED" }, "geometry": { "type": "Point", "coordinates": [ 126.916996, 37.469204 ] } },
{ "type": "Feature", "properties": { "name": "남강중학교", "amenity": "school", "osm_id": 410683628, "origin": "OBSERVED" }, "geometry": { "type": "Point", "coordinates": [ 126.92444, 37.47142 ] } },
{ "type": "Feature", "properties": { "name": "남강고등학교", "amenity": "school", "osm_id": 410683629, "origin": "OBSERVED" }, "geometry": { "type": "Point", "coordinates": [ 126.924535, 37.472619 ] } },
{ "type": "Feature", "properties": { "name": "서울정심초등학교", "amenity": "school", "osm_id": 410974077, "origin": "OBSERVED" }, "geometry": { "type": "Point", "coordinates": [ 126.908312, 37.471514 ] } },
{ "type": "Feature", "properties": { "name": "미성중학교", "amenity": "school", "osm_id": 410982789, "origin": "OBSERVED" }, "geometry": { "type": "Point", "coordinates": [ 126.912414, 37.475399 ] } },
{ "type": "Feature", "properties": { "name": "서울난우초등학교", "amenity": "school", "osm_id": 410983056, "origin": "OBSERVED" }, "geometry": { "type": "Point", "coordinates": [ 126.917961, 37.476956 ] } },
{ "type": "Feature", "properties": { "name": "서울미성초등학교", "amenity": "school", "osm_id": 410983418, "origin": "OBSERVED" }, "geometry": { "type": "Point", "coordinates": [ 126.912312, 37.477833 ] } },
{ "type": "Feature", "properties": { "name": "서울강남초등학교", "amenity": "school", "osm_id": 418093219, "origin": "OBSERVED" }, "geometry": { "type": "Point", "coordinates": [ 126.953201, 37.506266 ] } },
{ "type": "Feature", "properties": { "name": "", "amenity": "parking", "osm_id": 424949435, "origin": "OBSERVED" }, "geometry": { "type": "Point", "coordinates": [ 126.950228, 37.466664 ] } },
{ "type": "Feature", "properties": { "name": "", "amenity": "parking", "osm_id": 424949940, "origin": "OBSERVED" }, "geometry": { "type": "Point", "coordinates": [ 126.945132, 37.46855 ] } },
{ "type": "Feature", "properties": { "name": "성보중학교", "amenity": "school", "osm_id": 439436040, "origin": "OBSERVED" }, "geometry": { "type": "Point", "coordinates": [ 126.921835, 37.480579 ] } },
{ "type": "Feature", "properties": { "name": "남서울중학교", "amenity": "school", "osm_id": 439436041, "origin": "OBSERVED" }, "geometry": { "type": "Point", "coordinates": [ 126.921519, 37.481902 ] } },
{ "type": "Feature", "properties": { "name": "서울신림초등학교", "amenity": "school", "osm_id": 439438509, "origin": "OBSERVED" }, "geometry": { "type": "Point", "coordinates": [ 126.927285, 37.477237 ] } },
{ "type": "Feature", "properties": { "name": "서울원신초등학교", "amenity": "school", "osm_id": 439667347, "origin": "OBSERVED" }, "geometry": { "type": "Point", "coordinates": [ 126.927122, 37.466623 ] } },
{ "type": "Feature", "properties": { "name": "서울신성초등학교", "amenity": "school", "osm_id": 439687806, "origin": "OBSERVED" }, "geometry": { "type": "Point", "coordinates": [ 126.937177, 37.471458 ] } },
{ "type": "Feature", "properties": { "name": "관악서울대학교치과병원", "amenity": "dentist", "osm_id": 439687813, "origin": "OBSERVED" }, "geometry": { "type": "Point", "coordinates": [ 126.952862, 37.468934 ] } },
{ "type": "Feature", "properties": { "name": "신림고등학교", "amenity": "school", "osm_id": 439880418, "origin": "OBSERVED" }, "geometry": { "type": "Point", "coordinates": [ 126.917076, 37.478578 ] } },
{ "type": "Feature", "properties": { "name": "서울본동초등학교", "amenity": "school", "osm_id": 466308693, "origin": "OBSERVED" }, "geometry": { "type": "Point", "coordinates": [ 126.953646, 37.51018 ] } },
{ "type": "Feature", "properties": { "name": "강남중학교", "amenity": "school", "osm_id": 466703398, "origin": "OBSERVED" }, "geometry": { "type": "Point", "coordinates": [ 126.922489, 37.502504 ] } },
{ "type": "Feature", "properties": { "name": "서울공업고등학교", "amenity": "school", "osm_id": 466703400, "origin": "OBSERVED" }, "geometry": { "type": "Point", "coordinates": [ 126.922541, 37.501495 ] } },
{ "type": "Feature", "properties": { "name": "서울대림초등학교", "amenity": "school", "osm_id": 466703521, "origin": "OBSERVED" }, "geometry": { "type": "Point", "coordinates": [ 126.92563, 37.500554 ] } },
{ "type": "Feature", "properties": { "name": "", "amenity": "school", "osm_id": 466713708, "origin": "OBSERVED" }, "geometry": { "type": "Point", "coordinates": [ 126.905921, 37.503305 ] } },
{ "type": "Feature", "properties": { "name": "천주교살레시 오여자수도회", "amenity": "place_of_worship", "osm_id": 466726989, "origin": "OBSERVED" }, "geometry": { "type": "Point", "coordinates": [ 126.908997, 37.501711 ] } },
{ "type": "Feature", "properties": { "name": "서울대방초등학교", "amenity": "school", "osm_id": 466730053, "origin": "OBSERVED" }, "geometry": { "type": "Point", "coordinates": [ 126.919539, 37.502507 ] } },
{ "type": "Feature", "properties": { "name": "공영주차장", "amenity": "parking", "osm_id": 466732763, "origin": "OBSERVED" }, "geometry": { "type": "Point", "coordinates": [ 126.911032, 37.502476 ] } },
{ "type": "Feature", "properties": { "name": "서울도림초등학교", "amenity": "school", "osm_id": 466810207, "origin": "OBSERVED" }, "geometry": { "type": "Point", "coordinates": [ 126.907252, 37.508022 ] } },
{ "type": "Feature", "properties": { "name": "서울우신초등학교", "amenity": "school", "osm_id": 466816586, "origin": "OBSERVED" }, "geometry": { "type": "Point", "coordinates": [ 126.911895, 37.509365 ] } },
{ "type": "Feature", "properties": { "name": "서울영신초등학교", "amenity": "school", "osm_id": 466817139, "origin": "OBSERVED" }, "geometry": { "type": "Point", "coordinates": [ 126.918278, 37.509883 ] } },
{ "type": "Feature", "properties": { "name": "서울신봉초등학교", "amenity": "school", "osm_id": 467310135, "origin": "OBSERVED" }, "geometry": { "type": "Point", "coordinates": [ 126.949137, 37.485453 ] } },
{ "type": "Feature", "properties": { "name": "서울당곡초등학교", "amenity": "school", "osm_id": 467317570, "origin": "OBSERVED" }, "geometry": { "type": "Point", "coordinates": [ 126.930115, 37.489993 ] } },
{ "type": "Feature", "properties": { "name": "서울신영초등학교", "amenity": "school", "osm_id": 467811983, "origin": "OBSERVED" }, "geometry": { "type": "Point", "coordinates": [ 126.896182, 37.500485 ] } },
{ "type": "Feature", "properties": { "name": "서울도신초등학교", "amenity": "school", "osm_id": 467834680, "origin": "OBSERVED" }, "geometry": { "type": "Point", "coordinates": [ 126.900721, 37.498859 ] } },
{ "type": "Feature", "properties": { "name": "", "amenity": "school", "osm_id": 467878771, "origin": "OBSERVED" }, "geometry": { "type": "Point", "coordinates": [ 126.895726, 37.497532 ] } },
{ "type": "Feature", "properties": { "name": "서울대동초등학교", "amenity": "school", "osm_id": 467881872, "origin": "OBSERVED" }, "geometry": { "type": "Point", "coordinates": [ 126.900156, 37.493376 ] } },
{ "type": "Feature", "properties": { "name": "서울영림초등학교", "amenity": "school", "osm_id": 467887009, "origin": "OBSERVED" }, "geometry": { "type": "Point", "coordinates": [ 126.903154, 37.487122 ] } },
{ "type": "Feature", "properties": { "name": "서울문창초등학교", "amenity": "school", "osm_id": 467893051, "origin": "OBSERVED" }, "geometry": { "type": "Point", "coordinates": [ 126.913564, 37.48884 ] } },
{ "type": "Feature", "properties": { "name": "대림중학교", "amenity": "school", "osm_id": 468014769, "origin": "OBSERVED" }, "geometry": { "type": "Point", "coordinates": [ 126.907835, 37.492042 ] } },
{ "type": "Feature", "properties": { "name": "영신고등학교", "amenity": "school", "osm_id": 468039363, "origin": "OBSERVED" }, "geometry": { "type": "Point", "coordinates": [ 126.909697, 37.497658 ] } },
{ "type": "Feature", "properties": { "name": "서울대길초등학교", "amenity": "school", "osm_id": 468039590, "origin": "OBSERVED" }, "geometry": { "type": "Point", "coordinates": [ 126.913992, 37.498263 ] } },
{ "type": "Feature", "properties": { "name": "서울남부초등학교", "amenity": "school", "osm_id": 468077768, "origin": "OBSERVED" }, "geometry": { "type": "Point", "coordinates": [ 126.922452, 37.484939 ] } },
{ "type": "Feature", "properties": { "name": "노량진2동 주민센터", "amenity": "townhall", "osm_id": 468205593, "origin": "OBSERVED" }, "geometry": { "type": "Point", "coordinates": [ 126.937367, 37.508407 ] } },
{ "type": "Feature", "properties": { "name": "신사시장", "amenity": "marketplace", "osm_id": 468609671, "origin": "OBSERVED" }, "geometry": { "type": "Point", "coordinates": [ 126.916788, 37.486308 ] } },
{ "type": "Feature", "properties": { "name": "새빛어린이집", "amenity": "kindergarten", "osm_id": 468609672, "origin": "OBSERVED" }, "geometry": { "type": "Point", "coordinates": [ 126.915139, 37.486367 ] } },
{ "type": "Feature", "properties": { "name": "독산4동 주민센터", "amenity": "townhall", "osm_id": 468612995, "origin": "OBSERVED" }, "geometry": { "type": "Point", "coordinates": [ 126.902111, 37.467599 ] } },
{ "type": "Feature", "properties": { "name": "동산감리교회", "amenity": "place_of_worship", "osm_id": 468615723, "origin": "OBSERVED" }, "geometry": { "type": "Point", "coordinates": [ 126.94346, 37.491993 ] } },
{ "type": "Feature", "properties": { "name": "은천제일 장로교회", "amenity": "place_of_worship", "osm_id": 468615724, "origin": "OBSERVED" }, "geometry": { "type": "Point", "coordinates": [ 126.944581, 37.49186 ] } },
{ "type": "Feature", "properties": { "name": "Bobby Chapel Sangdo-ro Hills", "amenity": "place_of_worship", "osm_id": 468618102, "origin": "OBSERVED" }, "geometry": { "type": "Point", "coordinates": [ 126.934262, 37.503616 ] } },
{ "type": "Feature", "properties": { "name": "샤브앤", "amenity": "restaurant", "osm_id": 468644385, "origin": "OBSERVED" }, "geometry": { "type": "Point", "coordinates": [ 126.91273, 37.497648 ] } },
{ "type": "Feature", "properties": { "name": "파리바게트", "amenity": "cafe", "osm_id": 468644599, "origin": "OBSERVED" }, "geometry": { "type": "Point", "coordinates": [ 126.912795, 37.496779 ] } },
{ "type": "Feature", "properties": { "name": "대림성모병원", "amenity": "hospital", "osm_id": 468720187, "origin": "OBSERVED" }, "geometry": { "type": "Point", "coordinates": [ 126.9068, 37.490388 ] } },
{ "type": "Feature", "properties": { "name": "성대교회", "amenity": "place_of_worship", "osm_id": 468773872, "origin": "OBSERVED" }, "geometry": { "type": "Point", "coordinates": [ 126.933446, 37.502379 ] } },
{ "type": "Feature", "properties": { "name": "독산3동 주민센터", "amenity": "townhall", "osm_id": 469027985, "origin": "OBSERVED" }, "geometry": { "type": "Point", "coordinates": [ 126.903195, 37.475168 ] } },
{ "type": "Feature", "properties": { "name": "독산보건분소", "amenity": "hospital", "osm_id": 469027990, "origin": "OBSERVED" }, "geometry": { "type": "Point", "coordinates": [ 126.902292, 37.473701 ] } },
{ "type": "Feature", "properties": { "name": "대광교회", "amenity": "place_of_worship", "osm_id": 469027995, "origin": "OBSERVED" }, "geometry": { "type": "Point", "coordinates": [ 126.903163, 37.473637 ] } },
{ "type": "Feature", "properties": { "name": "정내과", "amenity": "doctors", "osm_id": 469066776, "origin": "OBSERVED" }, "geometry": { "type": "Point", "coordinates": [ 126.892516, 37.491384 ] } },
{ "type": "Feature", "properties": { "name": "이재성치과의원", "amenity": "dentist", "osm_id": 469066777, "origin": "OBSERVED" }, "geometry": { "type": "Point", "coordinates": [ 126.892207, 37.491639 ] } },
{ "type": "Feature", "properties": { "name": "구로연세의원", "amenity": "doctors", "osm_id": 469068784, "origin": "OBSERVED" }, "geometry": { "type": "Point", "coordinates": [ 126.892033, 37.491849 ] } },
{ "type": "Feature", "properties": { "name": "베다니교회", "amenity": "place_of_worship", "osm_id": 469068789, "origin": "OBSERVED" }, "geometry": { "type": "Point", "coordinates": [ 126.892725, 37.489397 ] } },
{ "type": "Feature", "properties": { "name": "청룡동주민센터", "amenity": "townhall", "osm_id": 469352749, "origin": "OBSERVED" }, "geometry": { "type": "Point", "coordinates": [ 126.941625, 37.479074 ] } },
{ "type": "Feature", "properties": { "name": "관악중앙새마을금고 봉천역지점", "amenity": "bank", "osm_id": 469356778, "origin": "OBSERVED" }, "geometry": { "type": "Point", "coordinates": [ 126.942528, 37.481396 ] } },
{ "type": "Feature", "properties": { "name": "은혜로운교회", "amenity": "place_of_worship", "osm_id": 469357623, "origin": "OBSERVED" }, "geometry": { "type": "Point", "coordinates": [ 126.941327, 37.47895 ] } },
{ "type": "Feature", "properties": { "name": "천주교독산동성당", "amenity": "place_of_worship", "osm_id": 469620256, "origin": "OBSERVED" }, "geometry": { "type": "Point", "coordinates": [ 126.903455, 37.469356 ] } },
{ "type": "Feature", "properties": { "name": "제일성도교회", "amenity": "place_of_worship", "osm_id": 469846341, "origin": "OBSERVED" }, "geometry": { "type": "Point", "coordinates": [ 126.940231, 37.474518 ] } },
{ "type": "Feature", "properties": { "name": "경천장로교회", "amenity": "place_of_worship", "osm_id": 469927737, "origin": "OBSERVED" }, "geometry": { "type": "Point", "coordinates": [ 126.938386, 37.488737 ] } },
{ "type": "Feature", "properties": { "name": "보문사", "amenity": "place_of_worship", "osm_id": 469931202, "origin": "OBSERVED" }, "geometry": { "type": "Point", "coordinates": [ 126.939377, 37.494995 ] } },
{ "type": "Feature", "properties": { "name": "", "amenity": "parking", "osm_id": 469936976, "origin": "OBSERVED" }, "geometry": { "type": "Point", "coordinates": [ 126.9213, 37.501355 ] } },
{ "type": "Feature", "properties": { "name": "약수선원", "amenity": "place_of_worship", "osm_id": 470134135, "origin": "OBSERVED" }, "geometry": { "type": "Point", "coordinates": [ 126.941423, 37.494844 ] } },
{ "type": "Feature", "properties": { "name": "한우리교회", "amenity": "place_of_worship", "osm_id": 470185174, "origin": "OBSERVED" }, "geometry": { "type": "Point", "coordinates": [ 126.947987, 37.48395 ] } },
{ "type": "Feature", "properties": { "name": "중앙동주민센터", "amenity": "townhall", "osm_id": 470281412, "origin": "OBSERVED" }, "geometry": { "type": "Point", "coordinates": [ 126.949721, 37.484201 ] } },
{ "type": "Feature", "properties": { "name": "풍성교회", "amenity": "place_of_worship", "osm_id": 470634199, "origin": "OBSERVED" }, "geometry": { "type": "Point", "coordinates": [ 126.951771, 37.484264 ] } },
{ "type": "Feature", "properties": { "name": "식당들", "amenity": "restaurant", "osm_id": 471317127, "origin": "OBSERVED" }, "geometry": { "type": "Point", "coordinates": [ 126.891186, 37.495809 ] } },
{ "type": "Feature", "properties": { "name": "교회", "amenity": "place_of_worship", "osm_id": 471317132, "origin": "OBSERVED" }, "geometry": { "type": "Point", "coordinates": [ 126.890745, 37.495509 ] } },
{ "type": "Feature", "properties": { "name": "보명사", "amenity": "place_of_worship", "osm_id": 471354636, "origin": "OBSERVED" }, "geometry": { "type": "Point", "coordinates": [ 126.924246, 37.476704 ] } },
{ "type": "Feature", "properties": { "name": "MayB", "amenity": "restaurant", "osm_id": 471462006, "origin": "OBSERVED" }, "geometry": { "type": "Point", "coordinates": [ 126.900475, 37.484984 ] } },
{ "type": "Feature", "properties": { "name": "아름다운교회", "amenity": "place_of_worship", "osm_id": 471494632, "origin": "OBSERVED" }, "geometry": { "type": "Point", "coordinates": [ 126.892573, 37.496929 ] } },
{ "type": "Feature", "properties": { "name": "양문교회", "amenity": "place_of_worship", "osm_id": 471508021, "origin": "OBSERVED" }, "geometry": { "type": "Point", "coordinates": [ 126.90747, 37.489469 ] } },
{ "type": "Feature", "properties": { "name": "서림동 주민센터", "amenity": "townhall", "osm_id": 471508135, "origin": "OBSERVED" }, "geometry": { "type": "Point", "coordinates": [ 126.934928, 37.47499 ] } },
{ "type": "Feature", "properties": { "name": "대영교회", "amenity": "place_of_worship", "osm_id": 472044724, "origin": "OBSERVED" }, "geometry": { "type": "Point", "coordinates": [ 126.922341, 37.48249 ] } },
{ "type": "Feature", "properties": { "name": "신도교회", "amenity": "place_of_worship", "osm_id": 472044730, "origin": "OBSERVED" }, "geometry": { "type": "Point", "coordinates": [ 126.922116, 37.482858 ] } },
{ "type": "Feature", "properties": { "name": "국제신학대학원대학교", "amenity": "place_of_worship", "osm_id": 472044776, "origin": "OBSERVED" }, "geometry": { "type": "Point", "coordinates": [ 126.922944, 37.483117 ] } },
{ "type": "Feature", "properties": { "name": "찬양순복음교회본당", "amenity": "place_of_worship", "osm_id": 472044940, "origin": "OBSERVED" }, "geometry": { "type": "Point", "coordinates": [ 126.925359, 37.48348 ] } },
{ "type": "Feature", "properties": { "name": "신원예닮교회", "amenity": "place_of_worship", "osm_id": 472044960, "origin": "OBSERVED" }, "geometry": { "type": "Point", "coordinates": [ 126.925323, 37.482481 ] } },
{ "type": "Feature", "properties": { "name": "신원예닮교회", "amenity": "place_of_worship", "osm_id": 472045085, "origin": "OBSERVED" }, "geometry": { "type": "Point", "coordinates": [ 126.924964, 37.482275 ] } },
{ "type": "Feature", "properties": { "name": "성령사랑교회", "amenity": "place_of_worship", "osm_id": 472045102, "origin": "OBSERVED" }, "geometry": { "type": "Point", "coordinates": [ 126.92661, 37.482302 ] } },
{ "type": "Feature", "properties": { "name": "창일교회", "amenity": "place_of_worship", "osm_id": 472045107, "origin": "OBSERVED" }, "geometry": { "type": "Point", "coordinates": [ 126.924931, 37.483877 ] } },
{ "type": "Feature", "properties": { "name": "신림신원교회", "amenity": "place_of_worship", "osm_id": 472045189, "origin": "OBSERVED" }, "geometry": { "type": "Point", "coordinates": [ 126.927755, 37.48145 ] } },
{ "type": "Feature", "properties": { "name": "동부교회", "amenity": "place_of_worship", "osm_id": 472045203, "origin": "OBSERVED" }, "geometry": { "type": "Point", "coordinates": [ 126.927328, 37.481258 ] } },
{ "type": "Feature", "properties": { "name": "사랑나무교회", "amenity": "place_of_worship", "osm_id": 472045260, "origin": "OBSERVED" }, "geometry": { "type": "Point", "coordinates": [ 126.927634, 37.480233 ] } },
{ "type": "Feature", "properties": { "name": "소망교회", "amenity": "place_of_worship", "osm_id": 472045285, "origin": "OBSERVED" }, "geometry": { "type": "Point", "coordinates": [ 126.927814, 37.480107 ] } },
{ "type": "Feature", "properties": { "name": "예향교회", "amenity": "place_of_worship", "osm_id": 472045307, "origin": "OBSERVED" }, "geometry": { "type": "Point", "coordinates": [ 126.927572, 37.479185 ] } },
{ "type": "Feature", "properties": { "name": "초장교회", "amenity": "place_of_worship", "osm_id": 472045340, "origin": "OBSERVED" }, "geometry": { "type": "Point", "coordinates": [ 126.925503, 37.479159 ] } },
{ "type": "Feature", "properties": { "name": "신길5동 주민센터", "amenity": "townhall", "osm_id": 472475840, "origin": "OBSERVED" }, "geometry": { "type": "Point", "coordinates": [ 126.905166, 37.50165 ] } },
{ "type": "Feature", "properties": { "name": "신풍지구대 신길5치안센터", "amenity": "police", "osm_id": 472476771, "origin": "OBSERVED" }, "geometry": { "type": "Point", "coordinates": [ 126.907787, 37.500659 ] } },
{ "type": "Feature", "properties": { "name": "", "amenity": "place_of_worship", "osm_id": 472533381, "origin": "OBSERVED" }, "geometry": { "type": "Point", "coordinates": [ 126.932193, 37.483202 ] } },
{ "type": "Feature", "properties": { "name": "공영주차장", "amenity": "parking", "osm_id": 474718912, "origin": "OBSERVED" }, "geometry": { "type": "Point", "coordinates": [ 126.921061, 37.504335 ] } },
{ "type": "Feature", "properties": { "name": "은천동주민센터", "amenity": "townhall", "osm_id": 475211851, "origin": "OBSERVED" }, "geometry": { "type": "Point", "coordinates": [ 126.942391, 37.485255 ] } },
{ "type": "Feature", "properties": { "name": "서울은천동우체국", "amenity": "post_office", "osm_id": 475211852, "origin": "OBSERVED" }, "geometry": { "type": "Point", "coordinates": [ 126.941613, 37.485825 ] } },
{ "type": "Feature", "properties": { "name": "대방중학교", "amenity": "school", "osm_id": 479190888, "origin": "OBSERVED" }, "geometry": { "type": "Point", "coordinates": [ 126.913831, 37.49513 ] } },
{ "type": "Feature", "properties": { "name": "서울보라매초등학교", "amenity": "school", "osm_id": 479191496, "origin": "OBSERVED" }, "geometry": { "type": "Point", "coordinates": [ 126.916122, 37.495718 ] } },
{ "type": "Feature", "properties": { "name": "", "amenity": "place_of_worship", "osm_id": 499919419, "origin": "OBSERVED" }, "geometry": { "type": "Point", "coordinates": [ 126.920372, 37.504985 ] } },
{ "type": "Feature", "properties": { "name": "대방동성당", "amenity": "place_of_worship", "osm_id": 499919420, "origin": "OBSERVED" }, "geometry": { "type": "Point", "coordinates": [ 126.92072, 37.505149 ] } },
{ "type": "Feature", "properties": { "name": "신림닭꼬치", "amenity": "restaurant", "osm_id": 502434263, "origin": "OBSERVED" }, "geometry": { "type": "Point", "coordinates": [ 126.926033, 37.487203 ] } },
{ "type": "Feature", "properties": { "name": "서울구로남초등학교", "amenity": "school", "osm_id": 510365579, "origin": "OBSERVED" }, "geometry": { "type": "Point", "coordinates": [ 126.890841, 37.484843 ] } },
{ "type": "Feature", "properties": { "name": "왕성교회", "amenity": "place_of_worship", "osm_id": 531599771, "origin": "OBSERVED" }, "geometry": { "type": "Point", "coordinates": [ 126.930502, 37.48169 ] } },
{ "type": "Feature", "properties": { "name": "동산교회", "amenity": "place_of_worship", "osm_id": 531615695, "origin": "OBSERVED" }, "geometry": { "type": "Point", "coordinates": [ 126.929334, 37.478772 ] } },
{ "type": "Feature", "properties": { "name": "영산법화사", "amenity": "place_of_worship", "osm_id": 531617222, "origin": "OBSERVED" }, "geometry": { "type": "Point", "coordinates": [ 126.924948, 37.476296 ] } },
{ "type": "Feature", "properties": { "name": "광신학원", "amenity": "school", "osm_id": 544701953, "origin": "OBSERVED" }, "geometry": { "type": "Point", "coordinates": [ 126.925705, 37.464813 ] } },
{ "type": "Feature", "properties": { "name": "", "amenity": "parking", "osm_id": 545361414, "origin": "OBSERVED" }, "geometry": { "type": "Point", "coordinates": [ 126.942867, 37.480905 ] } },
{ "type": "Feature", "properties": { "name": "꿈꾸는교회", "amenity": "place_of_worship", "osm_id": 545362176, "origin": "OBSERVED" }, "geometry": { "type": "Point", "coordinates": [ 126.944225, 37.480807 ] } },
{ "type": "Feature", "properties": { "name": "꿈꾸는교회 교육관", "amenity": "place_of_worship", "osm_id": 545362178, "origin": "OBSERVED" }, "geometry": { "type": "Point", "coordinates": [ 126.944561, 37.480859 ] } },
{ "type": "Feature", "properties": { "name": "", "amenity": "parking", "osm_id": 545362180, "origin": "OBSERVED" }, "geometry": { "type": "Point", "coordinates": [ 126.944524, 37.480754 ] } },
{ "type": "Feature", "properties": { "name": "", "amenity": "parking", "osm_id": 545366844, "origin": "OBSERVED" }, "geometry": { "type": "Point", "coordinates": [ 126.945374, 37.479986 ] } },
{ "type": "Feature", "properties": { "name": "", "amenity": "parking", "osm_id": 545370824, "origin": "OBSERVED" }, "geometry": { "type": "Point", "coordinates": [ 126.944861, 37.480578 ] } },
{ "type": "Feature", "properties": { "name": "", "amenity": "parking", "osm_id": 545375928, "origin": "OBSERVED" }, "geometry": { "type": "Point", "coordinates": [ 126.944573, 37.479736 ] } },
{ "type": "Feature", "properties": { "name": "광신중학교", "amenity": "school", "osm_id": 546743572, "origin": "OBSERVED" }, "geometry": { "type": "Point", "coordinates": [ 126.925073, 37.465328 ] } },
{ "type": "Feature", "properties": { "name": "광신방송예술고등학교", "amenity": "school", "osm_id": 546743574, "origin": "OBSERVED" }, "geometry": { "type": "Point", "coordinates": [ 126.924411, 37.465588 ] } },
{ "type": "Feature", "properties": { "name": "", "amenity": "parking", "osm_id": 548473572, "origin": "OBSERVED" }, "geometry": { "type": "Point", "coordinates": [ 126.945477, 37.478603 ] } },
{ "type": "Feature", "properties": { "name": "", "amenity": "parking", "osm_id": 548473573, "origin": "OBSERVED" }, "geometry": { "type": "Point", "coordinates": [ 126.945973, 37.478429 ] } },
{ "type": "Feature", "properties": { "name": "", "amenity": "parking", "osm_id": 548473915, "origin": "OBSERVED" }, "geometry": { "type": "Point", "coordinates": [ 126.944447, 37.478034 ] } },
{ "type": "Feature", "properties": { "name": "", "amenity": "parking", "osm_id": 548640413, "origin": "OBSERVED" }, "geometry": { "type": "Point", "coordinates": [ 126.943072, 37.479956 ] } },
{ "type": "Feature", "properties": { "name": "", "amenity": "parking", "osm_id": 548641030, "origin": "OBSERVED" }, "geometry": { "type": "Point", "coordinates": [ 126.942812, 37.479846 ] } },
{ "type": "Feature", "properties": { "name": "명락사", "amenity": "place_of_worship", "osm_id": 548644032, "origin": "OBSERVED" }, "geometry": { "type": "Point", "coordinates": [ 126.947015, 37.481406 ] } },
{ "type": "Feature", "properties": { "name": "", "amenity": "parking", "osm_id": 548644038, "origin": "OBSERVED" }, "geometry": { "type": "Point", "coordinates": [ 126.946457, 37.481483 ] } },
{ "type": "Feature", "properties": { "name": "", "amenity": "parking", "osm_id": 548644039, "origin": "OBSERVED" }, "geometry": { "type": "Point", "coordinates": [ 126.947205, 37.481417 ] } },
{ "type": "Feature", "properties": { "name": "", "amenity": "parking", "osm_id": 548644040, "origin": "OBSERVED" }, "geometry": { "type": "Point", "coordinates": [ 126.946866, 37.481474 ] } },
{ "type": "Feature", "properties": { "name": "", "amenity": "parking", "osm_id": 548644041, "origin": "OBSERVED" }, "geometry": { "type": "Point", "coordinates": [ 126.947478, 37.481381 ] } },
{ "type": "Feature", "properties": { "name": "", "amenity": "parking", "osm_id": 548644042, "origin": "OBSERVED" }, "geometry": { "type": "Point", "coordinates": [ 126.947476, 37.481294 ] } },
{ "type": "Feature", "properties": { "name": "미림학원", "amenity": "school", "osm_id": 548789792, "origin": "OBSERVED" }, "geometry": { "type": "Point", "coordinates": [ 126.932446, 37.4668 ] } },
{ "type": "Feature", "properties": { "name": "", "amenity": "parking", "osm_id": 548793185, "origin": "OBSERVED" }, "geometry": { "type": "Point", "coordinates": [ 126.948551, 37.480932 ] } },
{ "type": "Feature", "properties": { "name": "", "amenity": "parking", "osm_id": 548793187, "origin": "OBSERVED" }, "geometry": { "type": "Point", "coordinates": [ 126.948621, 37.480609 ] } },
{ "type": "Feature", "properties": { "name": "명지성모병원", "amenity": "hospital", "osm_id": 553036222, "origin": "OBSERVED" }, "geometry": { "type": "Point", "coordinates": [ 126.899298, 37.493825 ] } },
{ "type": "Feature", "properties": { "name": "서울문영여자고등학교", "amenity": "school", "osm_id": 560245998, "origin": "OBSERVED" }, "geometry": { "type": "Point", "coordinates": [ 126.951039, 37.473457 ] } },
{ "type": "Feature", "properties": { "name": "서울문영여자중학교", "amenity": "school", "osm_id": 560245999, "origin": "OBSERVED" }, "geometry": { "type": "Point", "coordinates": [ 126.951367, 37.473839 ] } },
{ "type": "Feature", "properties": { "name": "실버캐슬요양원", "amenity": "social_facility", "osm_id": 568085546, "origin": "OBSERVED" }, "geometry": { "type": "Point", "coordinates": [ 126.8934, 37.475809 ] } },
{ "type": "Feature", "properties": { "name": "가산중앙교회", "amenity": "place_of_worship", "osm_id": 568085549, "origin": "OBSERVED" }, "geometry": { "type": "Point", "coordinates": [ 126.893667, 37.475879 ] } },
{ "type": "Feature", "properties": { "name": "KEB하나은행 구로디지털단지지점", "amenity": "bank", "osm_id": 568808744, "origin": "OBSERVED" }, "geometry": { "type": "Point", "coordinates": [ 126.895822, 37.484698 ] } },
{ "type": "Feature", "properties": { "name": "신림등대교회", "amenity": "place_of_worship", "osm_id": 583862858, "origin": "OBSERVED" }, "geometry": { "type": "Point", "coordinates": [ 126.939762, 37.473421 ] } },
{ "type": "Feature", "properties": { "name": "참포도나무교회", "amenity": "place_of_worship", "osm_id": 583864585, "origin": "OBSERVED" }, "geometry": { "type": "Point", "coordinates": [ 126.939336, 37.475777 ] } },
{ "type": "Feature", "properties": { "name": "용천사", "amenity": "place_of_worship", "osm_id": 583865111, "origin": "OBSERVED" }, "geometry": { "type": "Point", "coordinates": [ 126.94356, 37.474787 ] } },
{ "type": "Feature", "properties": { "name": "신계교회", "amenity": "place_of_worship", "osm_id": 583866221, "origin": "OBSERVED" }, "geometry": { "type": "Point", "coordinates": [ 126.938124, 37.471812 ] } },
{ "type": "Feature", "properties": { "name": "제일교회", "amenity": "place_of_worship", "osm_id": 583866469, "origin": "OBSERVED" }, "geometry": { "type": "Point", "coordinates": [ 126.93832, 37.471879 ] } },
{ "type": "Feature", "properties": { "name": "사랑의 교회", "amenity": "place_of_worship", "osm_id": 583889217, "origin": "OBSERVED" }, "geometry": { "type": "Point", "coordinates": [ 126.942093, 37.47491 ] } },
{ "type": "Feature", "properties": { "name": "여호와의증인의 왕국회관", "amenity": "place_of_worship", "osm_id": 583902484, "origin": "OBSERVED" }, "geometry": { "type": "Point", "coordinates": [ 126.938124, 37.474341 ] } },
{ "type": "Feature", "properties": { "name": "은하수다방", "amenity": "cafe", "osm_id": 583903388, "origin": "OBSERVED" }, "geometry": { "type": "Point", "coordinates": [ 126.938031, 37.474501 ] } },
{ "type": "Feature", "properties": { "name": "섬기는교회", "amenity": "place_of_worship", "osm_id": 583961454, "origin": "OBSERVED" }, "geometry": { "type": "Point", "coordinates": [ 126.940632, 37.478525 ] } },
{ "type": "Feature", "properties": { "name": "섬기는교회 교육관", "amenity": "place_of_worship", "osm_id": 583961908, "origin": "OBSERVED" }, "geometry": { "type": "Point", "coordinates": [ 126.940769, 37.478673 ] } },
{ "type": "Feature", "properties": { "name": "은성 온누리 약국", "amenity": "pharmacy", "osm_id": 583975225, "origin": "OBSERVED" }, "geometry": { "type": "Point", "coordinates": [ 126.937514, 37.476107 ] } },
{ "type": "Feature", "properties": { "name": "다인", "amenity": "restaurant", "osm_id": 583975227, "origin": "OBSERVED" }, "geometry": { "type": "Point", "coordinates": [ 126.937626, 37.475738 ] } },
{ "type": "Feature", "properties": { "name": "", "amenity": "shelter", "osm_id": 586150858, "origin": "OBSERVED" }, "geometry": { "type": "Point", "coordinates": [ 126.937125, 37.480122 ] } },
{ "type": "Feature", "properties": { "name": "", "amenity": "toilets", "osm_id": 586150859, "origin": "OBSERVED" }, "geometry": { "type": "Point", "coordinates": [ 126.937064, 37.479764 ] } },
{ "type": "Feature", "properties": { "name": "", "amenity": "shelter", "osm_id": 586150860, "origin": "OBSERVED" }, "geometry": { "type": "Point", "coordinates": [ 126.936685, 37.480731 ] } },
{ "type": "Feature", "properties": { "name": "", "amenity": "shelter", "osm_id": 586150861, "origin": "OBSERVED" }, "geometry": { "type": "Point", "coordinates": [ 126.937706, 37.479004 ] } },
{ "type": "Feature", "properties": { "name": "색동경로당", "amenity": "social_facility", "osm_id": 591693916, "origin": "OBSERVED" }, "geometry": { "type": "Point", "coordinates": [ 126.932588, 37.486584 ] } },
{ "type": "Feature", "properties": { "name": "", "amenity": "parking", "osm_id": 603915464, "origin": "OBSERVED" }, "geometry": { "type": "Point", "coordinates": [ 126.94762, 37.482266 ] } },
{ "type": "Feature", "properties": { "name": "", "amenity": "parking", "osm_id": 604090000, "origin": "OBSERVED" }, "geometry": { "type": "Point", "coordinates": [ 126.948565, 37.482037 ] } },
{ "type": "Feature", "properties": { "name": "남도 토속 시골 잔칫상", "amenity": "restaurant", "osm_id": 604428772, "origin": "OBSERVED" }, "geometry": { "type": "Point", "coordinates": [ 126.950892, 37.47923 ] } },
{ "type": "Feature", "properties": { "name": "함초롬", "amenity": "restaurant", "osm_id": 604428773, "origin": "OBSERVED" }, "geometry": { "type": "Point", "coordinates": [ 126.95086, 37.479033 ] } },
{ "type": "Feature", "properties": { "name": "", "amenity": "parking", "osm_id": 604428779, "origin": "OBSERVED" }, "geometry": { "type": "Point", "coordinates": [ 126.950621, 37.479269 ] } },
{ "type": "Feature", "properties": { "name": "새봉천교회", "amenity": "place_of_worship", "osm_id": 605764872, "origin": "OBSERVED" }, "geometry": { "type": "Point", "coordinates": [ 126.951891, 37.480525 ] } },
{ "type": "Feature", "properties": { "name": "", "amenity": "parking", "osm_id": 606174689, "origin": "OBSERVED" }, "geometry": { "type": "Point", "coordinates": [ 126.94724, 37.480728 ] } },
{ "type": "Feature", "properties": { "name": "", "amenity": "parking", "osm_id": 606175225, "origin": "OBSERVED" }, "geometry": { "type": "Point", "coordinates": [ 126.946226, 37.480957 ] } },
{ "type": "Feature", "properties": { "name": "대학촌교회", "amenity": "place_of_worship", "osm_id": 606352301, "origin": "OBSERVED" }, "geometry": { "type": "Point", "coordinates": [ 126.942239, 37.472296 ] } },
{ "type": "Feature", "properties": { "name": "구립장군봉어린이집", "amenity": "kindergarten", "osm_id": 606525261, "origin": "OBSERVED" }, "geometry": { "type": "Point", "coordinates": [ 126.939401, 37.478812 ] } },
{ "type": "Feature", "properties": { "name": "", "amenity": "parking", "osm_id": 607843342, "origin": "OBSERVED" }, "geometry": { "type": "Point", "coordinates": [ 126.949065, 37.479966 ] } },
{ "type": "Feature", "properties": { "name": "", "amenity": "parking", "osm_id": 607843354, "origin": "OBSERVED" }, "geometry": { "type": "Point", "coordinates": [ 126.950818, 37.479927 ] } },
{ "type": "Feature", "properties": { "name": "", "amenity": "parking", "osm_id": 607843359, "origin": "OBSERVED" }, "geometry": { "type": "Point", "coordinates": [ 126.950681, 37.480506 ] } },
{ "type": "Feature", "properties": { "name": "", "amenity": "parking", "osm_id": 607843360, "origin": "OBSERVED" }, "geometry": { "type": "Point", "coordinates": [ 126.950756, 37.480655 ] } },
{ "type": "Feature", "properties": { "name": "", "amenity": "parking", "osm_id": 607843373, "origin": "OBSERVED" }, "geometry": { "type": "Point", "coordinates": [ 126.951511, 37.480858 ] } },
{ "type": "Feature", "properties": { "name": "", "amenity": "parking", "osm_id": 607843375, "origin": "OBSERVED" }, "geometry": { "type": "Point", "coordinates": [ 126.951867, 37.480354 ] } },
{ "type": "Feature", "properties": { "name": "", "amenity": "shelter", "osm_id": 607852977, "origin": "OBSERVED" }, "geometry": { "type": "Point", "coordinates": [ 126.936872, 37.479614 ] } },
{ "type": "Feature", "properties": { "name": "", "amenity": "parking", "osm_id": 607871932, "origin": "OBSERVED" }, "geometry": { "type": "Point", "coordinates": [ 126.950793, 37.479052 ] } },
{ "type": "Feature", "properties": { "name": "한승주차장", "amenity": "parking", "osm_id": 607871933, "origin": "OBSERVED" }, "geometry": { "type": "Point", "coordinates": [ 126.951071, 37.479078 ] } },
{ "type": "Feature", "properties": { "name": "", "amenity": "place_of_worship", "osm_id": 615698754, "origin": "OBSERVED" }, "geometry": { "type": "Point", "coordinates": [ 126.905393, 37.475112 ] } },
{ "type": "Feature", "properties": { "name": "", "amenity": "place_of_worship", "osm_id": 615728194, "origin": "OBSERVED" }, "geometry": { "type": "Point", "coordinates": [ 126.904844, 37.475865 ] } },
{ "type": "Feature", "properties": { "name": "", "amenity": "place_of_worship", "osm_id": 615728205, "origin": "OBSERVED" }, "geometry": { "type": "Point", "coordinates": [ 126.904951, 37.476185 ] } },
{ "type": "Feature", "properties": { "name": "", "amenity": "place_of_worship", "osm_id": 615736896, "origin": "OBSERVED" }, "geometry": { "type": "Point", "coordinates": [ 126.905786, 37.474027 ] } },
{ "type": "Feature", "properties": { "name": "", "amenity": "parking", "osm_id": 615837872, "origin": "OBSERVED" }, "geometry": { "type": "Point", "coordinates": [ 126.939069, 37.478197 ] } },
{ "type": "Feature", "properties": { "name": "", "amenity": "parking", "osm_id": 615839959, "origin": "OBSERVED" }, "geometry": { "type": "Point", "coordinates": [ 126.939457, 37.47837 ] } },
{ "type": "Feature", "properties": { "name": "", "amenity": "toilets", "osm_id": 616208573, "origin": "OBSERVED" }, "geometry": { "type": "Point", "coordinates": [ 126.916251, 37.490759 ] } },
{ "type": "Feature", "properties": { "name": "", "amenity": "toilets", "osm_id": 616208598, "origin": "OBSERVED" }, "geometry": { "type": "Point", "coordinates": [ 126.919734, 37.494072 ] } },
{ "type": "Feature", "properties": { "name": "", "amenity": "parking", "osm_id": 616208599, "origin": "OBSERVED" }, "geometry": { "type": "Point", "coordinates": [ 126.91888, 37.494965 ] } },
{ "type": "Feature", "properties": { "name": "관악구 클린센터", "amenity": "waste_transfer_station", "osm_id": 616210212, "origin": "OBSERVED" }, "geometry": { "type": "Point", "coordinates": [ 126.92106, 37.490293 ] } },
{ "type": "Feature", "properties": { "name": "미림여자고등학교", "amenity": "school", "osm_id": 616215149, "origin": "OBSERVED" }, "geometry": { "type": "Point", "coordinates": [ 126.933176, 37.46711 ] } },
{ "type": "Feature", "properties": { "name": "미림여자정보과학고등학교", "amenity": "school", "osm_id": 616215151, "origin": "OBSERVED" }, "geometry": { "type": "Point", "coordinates": [ 126.932837, 37.466403 ] } },
{ "type": "Feature", "properties": { "name": "삼성산성당", "amenity": "place_of_worship", "osm_id": 616215157, "origin": "OBSERVED" }, "geometry": { "type": "Point", "coordinates": [ 126.931254, 37.466526 ] } },
{ "type": "Feature", "properties": { "name": "", "amenity": "toilets", "osm_id": 616230292, "origin": "OBSERVED" }, "geometry": { "type": "Point", "coordinates": [ 126.920991, 37.491044 ] } },
{ "type": "Feature", "properties": { "name": "", "amenity": "parking", "osm_id": 617326038, "origin": "OBSERVED" }, "geometry": { "type": "Point", "coordinates": [ 126.943885, 37.470338 ] } },
{ "type": "Feature", "properties": { "name": "서울평강교회", "amenity": "place_of_worship", "osm_id": 617920032, "origin": "OBSERVED" }, "geometry": { "type": "Point", "coordinates": [ 126.90812, 37.494934 ] } },
{ "type": "Feature", "properties": { "name": "백설경로당", "amenity": "social_facility", "osm_id": 621699042, "origin": "OBSERVED" }, "geometry": { "type": "Point", "coordinates": [ 126.953528, 37.47626 ] } },
{ "type": "Feature", "properties": { "name": "H+ 양지병원", "amenity": "hospital", "osm_id": 622935156, "origin": "OBSERVED" }, "geometry": { "type": "Point", "coordinates": [ 126.932656, 37.484264 ] } },
{ "type": "Feature", "properties": { "name": "구립신림청소년독서실", "amenity": "library", "osm_id": 626118096, "origin": "OBSERVED" }, "geometry": { "type": "Point", "coordinates": [ 126.916919, 37.479836 ] } },
{ "type": "Feature", "properties": { "name": "미성경로당", "amenity": "social_facility", "osm_id": 626118098, "origin": "OBSERVED" }, "geometry": { "type": "Point", "coordinates": [ 126.915724, 37.480019 ] } },
{ "type": "Feature", "properties": { "name": "미성파출소", "amenity": "police", "osm_id": 626118099, "origin": "OBSERVED" }, "geometry": { "type": "Point", "coordinates": [ 126.915611, 37.479919 ] } },
{ "type": "Feature", "properties": { "name": "대서울교회", "amenity": "place_of_worship", "osm_id": 644168917, "origin": "OBSERVED" }, "geometry": { "type": "Point", "coordinates": [ 126.933299, 37.471268 ] } },
{ "type": "Feature", "properties": { "name": "신대방지구대", "amenity": "police", "osm_id": 650897857, "origin": "OBSERVED" }, "geometry": { "type": "Point", "coordinates": [ 126.905904, 37.486638 ] } },
{ "type": "Feature", "properties": { "name": "신한은행", "amenity": "bank", "osm_id": 650897859, "origin": "OBSERVED" }, "geometry": { "type": "Point", "coordinates": [ 126.904757, 37.487629 ] } },
{ "type": "Feature", "properties": { "name": "신대방셀프주유소", "amenity": "fuel", "osm_id": 650942925, "origin": "OBSERVED" }, "geometry": { "type": "Point", "coordinates": [ 126.905534, 37.487236 ] } },
{ "type": "Feature", "properties": { "name": "오일뱅크", "amenity": "fuel", "osm_id": 650944703, "origin": "OBSERVED" }, "geometry": { "type": "Point", "coordinates": [ 126.90831, 37.487908 ] } },
{ "type": "Feature", "properties": { "name": "대림119안전센터", "amenity": "fire_station", "osm_id": 668969422, "origin": "OBSERVED" }, "geometry": { "type": "Point", "coordinates": [ 126.904091, 37.497345 ] } },
{ "type": "Feature", "properties": { "name": "신길중학교", "amenity": "school", "osm_id": 671227850, "origin": "OBSERVED" }, "geometry": { "type": "Point", "coordinates": [ 126.915486, 37.502081 ] } },
{ "type": "Feature", "properties": { "name": "시온교회", "amenity": "place_of_worship", "osm_id": 675956540, "origin": "OBSERVED" }, "geometry": { "type": "Point", "coordinates": [ 126.937734, 37.475592 ] } },
{ "type": "Feature", "properties": { "name": "용화사", "amenity": "place_of_worship", "osm_id": 675956803, "origin": "OBSERVED" }, "geometry": { "type": "Point", "coordinates": [ 126.938229, 37.478453 ] } },
{ "type": "Feature", "properties": { "name": "구로3동 주민센터", "amenity": "townhall", "osm_id": 678048517, "origin": "OBSERVED" }, "geometry": { "type": "Point", "coordinates": [ 126.890413, 37.487406 ] } },
{ "type": "Feature", "properties": { "name": "", "amenity": "social_facility", "osm_id": 696280559, "origin": "OBSERVED" }, "geometry": { "type": "Point", "coordinates": [ 126.941742, 37.476138 ] } },
{ "type": "Feature", "properties": { "name": "", "amenity": "parking", "osm_id": 744062053, "origin": "OBSERVED" }, "geometry": { "type": "Point", "coordinates": [ 126.951501, 37.501294 ] } },
{ "type": "Feature", "properties": { "name": "상도성결교회", "amenity": "place_of_worship", "osm_id": 744062054, "origin": "OBSERVED" }, "geometry": { "type": "Point", "coordinates": [ 126.9517, 37.501446 ] } },
{ "type": "Feature", "properties": { "name": "신길감리교회", "amenity": "place_of_worship", "osm_id": 754206845, "origin": "OBSERVED" }, "geometry": { "type": "Point", "coordinates": [ 126.911013, 37.500443 ] } },
{ "type": "Feature", "properties": { "name": "해군중앙성당", "amenity": "place_of_worship", "osm_id": 755120914, "origin": "OBSERVED" }, "geometry": { "type": "Point", "coordinates": [ 126.91718, 37.508708 ] } },
{ "type": "Feature", "properties": { "name": "통해사", "amenity": "place_of_worship", "osm_id": 755120916, "origin": "OBSERVED" }, "geometry": { "type": "Point", "coordinates": [ 126.917183, 37.509332 ] } },
{ "type": "Feature", "properties": { "name": "", "amenity": "place_of_worship", "osm_id": 755120917, "origin": "OBSERVED" }, "geometry": { "type": "Point", "coordinates": [ 126.917063, 37.509156 ] } },
{ "type": "Feature", "properties": { "name": "스타벅스", "amenity": "cafe", "osm_id": 755138688, "origin": "OBSERVED" }, "geometry": { "type": "Point", "coordinates": [ 126.910051, 37.50459 ] } },
{ "type": "Feature", "properties": { "name": "", "amenity": "parking", "osm_id": 755138691, "origin": "OBSERVED" }, "geometry": { "type": "Point", "coordinates": [ 126.910142, 37.504822 ] } },
{ "type": "Feature", "properties": { "name": "꿈마을 도서관", "amenity": "library", "osm_id": 758457821, "origin": "OBSERVED" }, "geometry": { "type": "Point", "coordinates": [ 126.890226, 37.487171 ] } },
{ "type": "Feature", "properties": { "name": "구로종합사회복지관", "amenity": "social_facility", "osm_id": 758496471, "origin": "OBSERVED" }, "geometry": { "type": "Point", "coordinates": [ 126.89084, 37.486846 ] } },
{ "type": "Feature", "properties": { "name": "구로3파출소", "amenity": "police", "osm_id": 758496472, "origin": "OBSERVED" }, "geometry": { "type": "Point", "coordinates": [ 126.891421, 37.486725 ] } },
{ "type": "Feature", "properties": { "name": "", "amenity": "ranger_station", "osm_id": 777222921, "origin": "OBSERVED" }, "geometry": { "type": "Point", "coordinates": [ 126.94834, 37.504558 ] } },
{ "type": "Feature", "properties": { "name": "", "amenity": "parking", "osm_id": 777879532, "origin": "OBSERVED" }, "geometry": { "type": "Point", "coordinates": [ 126.921992, 37.48921 ] } },
{ "type": "Feature", "properties": { "name": "", "amenity": "parking", "osm_id": 777879533, "origin": "OBSERVED" }, "geometry": { "type": "Point", "coordinates": [ 126.922192, 37.489099 ] } },
{ "type": "Feature", "properties": { "name": "신림 제1 공영 주차장", "amenity": "parking", "osm_id": 777881811, "origin": "OBSERVED" }, "geometry": { "type": "Point", "coordinates": [ 126.923432, 37.487365 ] } },
{ "type": "Feature", "properties": { "name": "신림동 주민센터", "amenity": "townhall", "osm_id": 778135828, "origin": "OBSERVED" }, "geometry": { "type": "Point", "coordinates": [ 126.927128, 37.487413 ] } },
{ "type": "Feature", "properties": { "name": "영도주차장", "amenity": "parking", "osm_id": 789727174, "origin": "OBSERVED" }, "geometry": { "type": "Point", "coordinates": [ 126.937213, 37.504203 ] } },
{ "type": "Feature", "properties": { "name": "상도2치안센터", "amenity": "police", "osm_id": 789727187, "origin": "OBSERVED" }, "geometry": { "type": "Point", "coordinates": [ 126.939116, 37.504148 ] } },
{ "type": "Feature", "properties": { "name": "상도감리교회", "amenity": "place_of_worship", "osm_id": 789963997, "origin": "OBSERVED" }, "geometry": { "type": "Point", "coordinates": [ 126.940588, 37.505677 ] } },
{ "type": "Feature", "properties": { "name": "상도2동 주민센터", "amenity": "townhall", "osm_id": 789964006, "origin": "OBSERVED" }, "geometry": { "type": "Point", "coordinates": [ 126.942289, 37.505465 ] } },
{ "type": "Feature", "properties": { "name": "S-OIL 매일주유소", "amenity": "fuel", "osm_id": 797344026, "origin": "OBSERVED" }, "geometry": { "type": "Point", "coordinates": [ 126.934991, 37.502618 ] } },
{ "type": "Feature", "properties": { "name": "동작경희병원", "amenity": "hospital", "osm_id": 797344031, "origin": "OBSERVED" }, "geometry": { "type": "Point", "coordinates": [ 126.935772, 37.502546 ] } },
{ "type": "Feature", "properties": { "name": "", "amenity": "parking", "osm_id": 797344032, "origin": "OBSERVED" }, "geometry": { "type": "Point", "coordinates": [ 126.9359, 37.502382 ] } },
{ "type": "Feature", "properties": { "name": "서울조원초등학교", "amenity": "school", "osm_id": 799279933, "origin": "OBSERVED" }, "geometry": { "type": "Point", "coordinates": [ 126.909498, 37.484096 ] } },
{ "type": "Feature", "properties": { "name": "행복한교회", "amenity": "place_of_worship", "osm_id": 814383857, "origin": "OBSERVED" }, "geometry": { "type": "Point", "coordinates": [ 126.952019, 37.486436 ] } },
{ "type": "Feature", "properties": { "name": "서울평안교회", "amenity": "place_of_worship", "osm_id": 814383858, "origin": "OBSERVED" }, "geometry": { "type": "Point", "coordinates": [ 126.951223, 37.486259 ] } },
{ "type": "Feature", "properties": { "name": "청화여성병원", "amenity": "hospital", "osm_id": 829275220, "origin": "OBSERVED" }, "geometry": { "type": "Point", "coordinates": [ 126.94028, 37.507188 ] } },
{ "type": "Feature", "properties": { "name": "사회복지법인 청운종합복지원", "amenity": "social_facility", "osm_id": 833469798, "origin": "OBSERVED" }, "geometry": { "type": "Point", "coordinates": [ 126.933474, 37.496013 ] } },
{ "type": "Feature", "properties": { "name": "장성교회", "amenity": "place_of_worship", "osm_id": 834036022, "origin": "OBSERVED" }, "geometry": { "type": "Point", "coordinates": [ 126.939636, 37.50772 ] } },
{ "type": "Feature", "properties": { "name": "동작 어린이 도서관", "amenity": "library", "osm_id": 834036027, "origin": "OBSERVED" }, "geometry": { "type": "Point", "coordinates": [ 126.943416, 37.509244 ] } },
{ "type": "Feature", "properties": { "name": "송학대교회", "amenity": "place_of_worship", "osm_id": 834036028, "origin": "OBSERVED" }, "geometry": { "type": "Point", "coordinates": [ 126.942749, 37.509032 ] } },
{ "type": "Feature", "properties": { "name": "", "amenity": "parking", "osm_id": 834694037, "origin": "OBSERVED" }, "geometry": { "type": "Point", "coordinates": [ 126.933821, 37.497327 ] } },
{ "type": "Feature", "properties": { "name": "국사봉숲속작은도서관", "amenity": "library", "osm_id": 835605609, "origin": "OBSERVED" }, "geometry": { "type": "Point", "coordinates": [ 126.940516, 37.495359 ] } },
{ "type": "Feature", "properties": { "name": "", "amenity": "toilets", "osm_id": 835605610, "origin": "OBSERVED" }, "geometry": { "type": "Point", "coordinates": [ 126.94064, 37.495461 ] } },
{ "type": "Feature", "properties": { "name": "사자암", "amenity": "place_of_worship", "osm_id": 838017600, "origin": "OBSERVED" }, "geometry": { "type": "Point", "coordinates": [ 126.936931, 37.492454 ] } },
{ "type": "Feature", "properties": { "name": "서울시립남부 장애인종합복지관", "amenity": "social_facility", "osm_id": 848424908, "origin": "OBSERVED" }, "geometry": { "type": "Point", "coordinates": [ 126.916669, 37.490261 ] } },
{ "type": "Feature", "properties": { "name": "보라매법당", "amenity": "place_of_worship", "osm_id": 848424911, "origin": "OBSERVED" }, "geometry": { "type": "Point", "coordinates": [ 126.91604, 37.492228 ] } },
{ "type": "Feature", "properties": { "name": "청룡사", "amenity": "place_of_worship", "osm_id": 885817297, "origin": "OBSERVED" }, "geometry": { "type": "Point", "coordinates": [ 126.936977, 37.493186 ] } },
{ "type": "Feature", "properties": { "name": "양평사", "amenity": "place_of_worship", "osm_id": 885817300, "origin": "OBSERVED" }, "geometry": { "type": "Point", "coordinates": [ 126.939059, 37.494679 ] } },
{ "type": "Feature", "properties": { "name": "상도1동주민센터", "amenity": "townhall", "osm_id": 895444308, "origin": "OBSERVED" }, "geometry": { "type": "Point", "coordinates": [ 126.953075, 37.4981 ] } },
{ "type": "Feature", "properties": { "name": "신도림역 자전거 주차장", "amenity": "bicycle_parking", "osm_id": 920051583, "origin": "OBSERVED" }, "geometry": { "type": "Point", "coordinates": [ 126.892176, 37.507626 ] } },
{ "type": "Feature", "properties": { "name": "신도림오페라하우스", "amenity": "theatre", "osm_id": 962091535, "origin": "OBSERVED" }, "geometry": { "type": "Point", "coordinates": [ 126.89109, 37.508187 ] } },
{ "type": "Feature", "properties": { "name": "상도교회", "amenity": "place_of_worship", "osm_id": 993577506, "origin": "OBSERVED" }, "geometry": { "type": "Point", "coordinates": [ 126.949595, 37.503536 ] } },
{ "type": "Feature", "properties": { "name": "하나님의교회 세계복음선교협회", "amenity": "place_of_worship", "osm_id": 1030662364, "origin": "OBSERVED" }, "geometry": { "type": "Point", "coordinates": [ 126.934097, 37.498633 ] } },
{ "type": "Feature", "properties": { "name": "", "amenity": "parking", "osm_id": 1030662371, "origin": "OBSERVED" }, "geometry": { "type": "Point", "coordinates": [ 126.931704, 37.499835 ] } },
{ "type": "Feature", "properties": { "name": "상도3동 주민센터", "amenity": "townhall", "osm_id": 1030662372, "origin": "OBSERVED" }, "geometry": { "type": "Point", "coordinates": [ 126.931366, 37.499083 ] } },
{ "type": "Feature", "properties": { "name": "서울 동작우체국", "amenity": "post_office", "osm_id": 1030895323, "origin": "OBSERVED" }, "geometry": { "type": "Point", "coordinates": [ 126.924455, 37.49807 ] } },
{ "type": "Feature", "properties": { "name": "신원시장", "amenity": "marketplace", "osm_id": 1043703849, "origin": "OBSERVED" }, "geometry": { "type": "Point", "coordinates": [ 126.927342, 37.482304 ] } },
{ "type": "Feature", "properties": { "name": "동작노인종합복지관", "amenity": "social_facility", "osm_id": 1051521457, "origin": "OBSERVED" }, "geometry": { "type": "Point", "coordinates": [ 126.929021, 37.500371 ] } },
{ "type": "Feature", "properties": { "name": "대방어린이도서관", "amenity": "library", "osm_id": 1054403366, "origin": "OBSERVED" }, "geometry": { "type": "Point", "coordinates": [ 126.92517, 37.503001 ] } },
{ "type": "Feature", "properties": { "name": "", "amenity": "parking", "osm_id": 1058138037, "origin": "OBSERVED" }, "geometry": { "type": "Point", "coordinates": [ 126.940244, 37.496898 ] } },
{ "type": "Feature", "properties": { "name": "동작교회", "amenity": "place_of_worship", "osm_id": 1073235615, "origin": "OBSERVED" }, "geometry": { "type": "Point", "coordinates": [ 126.928573, 37.495989 ] } },
{ "type": "Feature", "properties": { "name": "SK 보라매셀프주유소", "amenity": "fuel", "osm_id": 1073236399, "origin": "OBSERVED" }, "geometry": { "type": "Point", "coordinates": [ 126.927171, 37.49169 ] } },
{ "type": "Feature", "properties": { "name": "밥죤스 신학교", "amenity": "school", "osm_id": 1080486977, "origin": "OBSERVED" }, "geometry": { "type": "Point", "coordinates": [ 126.943541, 37.486153 ] } }
]
}
