{
"type": "FeatureCollection",
"name": "osong_dem_elevation_grid",
"crs": { "type": "name", "properties": { "name": "urn:ogc:def:crs:OGC:1.3:CRS84" } },
"features": [
{ "type": "Feature", "properties": { "grid_id": "dem-00-00", "mean_elevation_m": 97.78, "terrain_class": "TERRAIN_CONTEXT", "threshold_note": "LOW_ELEVATION_CONTEXT means <= AOI p25 elevation; it is not a flood extent." }, "geometry": { "type": "Polygon", "coordinates": [ [ [ 127.27325, 36.676875 ], [ 127.27325, 36.68 ], [ 127.27, 36.68 ], [ 127.27, 36.676875 ], [ 127.27325, 36.676875 ] ] ] } },
{ "type": "Feature", "properties": { "grid_id": "dem-00-01", "mean_elevation_m": 164.06, "terrain_class": "TERRAIN_CONTEXT", "threshold_note": "LOW_ELEVATION_CONTEXT means <= AOI p25 elevation; it is not a flood extent." }, "geometry": { "type": "Polygon", "coordinates": [ [ [ 127.2765, 36.676875 ], [ 127.2765, 36.68 ], [ 127.27325, 36.68 ], [ 127.27325, 36.676875 ], [ 127.2765, 36.676875 ] ] ] } },
{ "type": "Feature", "properties": { "grid_id": "dem-00-02", "mean_elevation_m": 99.6, "terrain_class": "TERRAIN_CONTEXT", "threshold_note": "LOW_ELEVATION_CONTEXT means <= AOI p25 elevation; it is not a flood extent." }, "geometry": { "type": "Polygon", "coordinates": [ [ [ 127.27975, 36.676875 ], [ 127.27975, 36.68 ], [ 127.2765, 36.68 ], [ 127.2765, 36.676875 ], [ 127.27975, 36.676875 ] ] ] } },
{ "type": "Feature", "properties": { "grid_id": "dem-00-03", "mean_elevation_m": 91.79, "terrain_class": "TERRAIN_CONTEXT", "threshold_note": "LOW_ELEVATION_CONTEXT means <= AOI p25 elevation; it is not a flood extent." }, "geometry": { "type": "Polygon", "coordinates": [ [ [ 127.283, 36.676875 ], [ 127.283, 36.68 ], [ 127.27975, 36.68 ], [ 127.27975, 36.676875 ], [ 127.283, 36.676875 ] ] ] } },
{ "type": "Feature", "properties": { "grid_id": "dem-00-04", "mean_elevation_m": 129.91, "terrain_class": "TERRAIN_CONTEXT", "threshold_note": "LOW_ELEVATION_CONTEXT means <= AOI p25 elevation; it is not a flood extent." }, "geometry": { "type": "Polygon", "coordinates": [ [ [ 127.28625, 36.676875 ], [ 127.28625, 36.68 ], [ 127.283, 36.68 ], [ 127.283, 36.676875 ], [ 127.28625, 36.676875 ] ] ] } },
{ "type": "Feature", "properties": { "grid_id": "dem-00-05", "mean_elevation_m": 139.75, "terrain_class": "TERRAIN_CONTEXT", "threshold_note": "LOW_ELEVATION_CONTEXT means <= AOI p25 elevation; it is not a flood extent." }, "geometry": { "type": "Polygon", "coordinates": [ [ [ 127.2895, 36.676875 ], [ 127.2895, 36.68 ], [ 127.28625, 36.68 ], [ 127.28625, 36.676875 ], [ 127.2895, 36.676875 ] ] ] } },
{ "type": "Feature", "properties": { "grid_id": "dem-00-06", "mean_elevation_m": 163.25, "terrain_class": "TERRAIN_CONTEXT", "threshold_note": "LOW_ELEVATION_CONTEXT means <= AOI p25 elevation; it is not a flood extent." }, "geometry": { "type": "Polygon", "coordinates": [ [ [ 127.29275, 36.676875 ], [ 127.29275, 36.68 ], [ 127.2895, 36.68 ], [ 127.2895, 36.676875 ], [ 127.29275, 36.676875 ] ] ] } },
{ "type": "Feature", "properties": { "grid_id": "dem-00-07", "mean_elevation_m": 194.71, "terrain_class": "TERRAIN_CONTEXT", "threshold_note": "LOW_ELEVATION_CONTEXT means <= AOI p25 elevation; it is not a flood extent." }, "geometry": { "type": "Polygon", "coordinates": [ [ [ 127.296, 36.676875 ], [ 127.296, 36.68 ], [ 127.29275, 36.68 ], [ 127.29275, 36.676875 ], [ 127.296, 36.676875 ] ] ] } },
{ "type": "Feature", "properties": { "grid_id": "dem-00-08", "mean_elevation_m": 243.4, "terrain_class": "TERRAIN_CONTEXT", "threshold_note": "LOW_ELEVATION_CONTEXT means <= AOI p25 elevation; it is not a flood extent." }, "geometry": { "type": "Polygon", "coordinates": [ [ [ 127.29925, 36.676875 ], [ 127.29925, 36.68 ], [ 127.296, 36.68 ], [ 127.296, 36.676875 ], [ 127.29925, 36.676875 ] ] ] } },
{ "type": "Feature", "properties": { "grid_id": "dem-00-09", "mean_elevation_m": 176.23, "terrain_class": "TERRAIN_CONTEXT", "threshold_note": "LOW_ELEVATION_CONTEXT means <= AOI p25 elevation; it is not a flood extent." }, "geometry": { "type": "Polygon", "coordinates": [ [ [ 127.3025, 36.676875 ], [ 127.3025, 36.68 ], [ 127.29925, 36.68 ], [ 127.29925, 36.676875 ], [ 127.3025, 36.676875 ] ] ] } },
{ "type": "Feature", "properties": { "grid_id": "dem-00-10", "mean_elevation_m": 222.08, "terrain_class": "TERRAIN_CONTEXT", "threshold_note": "LOW_ELEVATION_CONTEXT means <= AOI p25 elevation; it is not a flood extent." }, "geometry": { "type": "Polygon", "coordinates": [ [ [ 127.30575, 36.676875 ], [ 127.30575, 36.68 ], [ 127.3025, 36.68 ], [ 127.3025, 36.676875 ], [ 127.30575, 36.676875 ] ] ] } },
{ "type": "Feature", "properties": { "grid_id": "dem-00-11", "mean_elevation_m": 309.69, "terrain_class": "TERRAIN_CONTEXT", "threshold_note": "LOW_ELEVATION_CONTEXT means <= AOI p25 elevation; it is not a flood extent." }, "geometry": { "type": "Polygon", "coordinates": [ [ [ 127.309, 36.676875 ], [ 127.309, 36.68 ], [ 127.30575, 36.68 ], [ 127.30575, 36.676875 ], [ 127.309, 36.676875 ] ] ] } },
{ "type": "Feature", "properties": { "grid_id": "dem-00-12", "mean_elevation_m": 243.31, "terrain_class": "TERRAIN_CONTEXT", "threshold_note": "LOW_ELEVATION_CONTEXT means <= AOI p25 elevation; it is not a flood extent." }, "geometry": { "type": "Polygon", "coordinates": [ [ [ 127.31225, 36.676875 ], [ 127.31225, 36.68 ], [ 127.309, 36.68 ], [ 127.309, 36.676875 ], [ 127.31225, 36.676875 ] ] ] } },
{ "type": "Feature", "properties": { "grid_id": "dem-00-13", "mean_elevation_m": 171.58, "terrain_class": "TERRAIN_CONTEXT", "threshold_note": "LOW_ELEVATION_CONTEXT means <= AOI p25 elevation; it is not a flood extent." }, "geometry": { "type": "Polygon", "coordinates": [ [ [ 127.3155, 36.676875 ], [ 127.3155, 36.68 ], [ 127.31225, 36.68 ], [ 127.31225, 36.676875 ], [ 127.3155, 36.676875 ] ] ] } },
{ "type": "Feature", "properties": { "grid_id": "dem-00-14", "mean_elevation_m": 143.98, "terrain_class": "TERRAIN_CONTEXT", "threshold_note": "LOW_ELEVATION_CONTEXT means <= AOI p25 elevation; it is not a flood extent." }, "geometry": { "type": "Polygon", "coordinates": [ [ [ 127.31875, 36.676875 ], [ 127.31875, 36.68 ], [ 127.3155, 36.68 ], [ 127.3155, 36.676875 ], [ 127.31875, 36.676875 ] ] ] } },
{ "type": "Feature", "properties": { "grid_id": "dem-00-15", "mean_elevation_m": 125.12, "terrain_class": "TERRAIN_CONTEXT", "threshold_note": "LOW_ELEVATION_CONTEXT means <= AOI p25 elevation; it is not a flood extent." }, "geometry": { "type": "Polygon", "coordinates": [ [ [ 127.322, 36.676875 ], [ 127.322, 36.68 ], [ 127.31875, 36.68 ], [ 127.31875, 36.676875 ], [ 127.322, 36.676875 ] ] ] } },
{ "type": "Feature", "properties": { "grid_id": "dem-00-16", "mean_elevation_m": 125.52, "terrain_class": "TERRAIN_CONTEXT", "threshold_note": "LOW_ELEVATION_CONTEXT means <= AOI p25 elevation; it is not a flood extent." }, "geometry": { "type": "Polygon", "coordinates": [ [ [ 127.32525, 36.676875 ], [ 127.32525, 36.68 ], [ 127.322, 36.68 ], [ 127.322, 36.676875 ], [ 127.32525, 36.676875 ] ] ] } },
{ "type": "Feature", "properties": { "grid_id": "dem-00-17", "mean_elevation_m": 77.41, "terrain_class": "TERRAIN_CONTEXT", "threshold_note": "LOW_ELEVATION_CONTEXT means <= AOI p25 elevation; it is not a flood extent." }, "geometry": { "type": "Polygon", "coordinates": [ [ [ 127.3285, 36.676875 ], [ 127.3285, 36.68 ], [ 127.32525, 36.68 ], [ 127.32525, 36.676875 ], [ 127.3285, 36.676875 ] ] ] } },
{ "type": "Feature", "properties": { "grid_id": "dem-00-18", "mean_elevation_m": 45.94, "terrain_class": "TERRAIN_CONTEXT", "threshold_note": "LOW_ELEVATION_CONTEXT means <= AOI p25 elevation; it is not a flood extent." }, "geometry": { "type": "Polygon", "coordinates": [ [ [ 127.33175, 36.676875 ], [ 127.33175, 36.68 ], [ 127.3285, 36.68 ], [ 127.3285, 36.676875 ], [ 127.33175, 36.676875 ] ] ] } },
{ "type": "Feature", "properties": { "grid_id": "dem-00-19", "mean_elevation_m": 80.92, "terrain_class": "TERRAIN_CONTEXT", "threshold_note": "LOW_ELEVATION_CONTEXT means <= AOI p25 elevation; it is not a flood extent." }, "geometry": { "type": "Polygon", "coordinates": [ [ [ 127.335, 36.676875 ], [ 127.335, 36.68 ], [ 127.33175, 36.68 ], [ 127.33175, 36.676875 ], [ 127.335, 36.676875 ] ] ] } },
{ "type": "Feature", "properties": { "grid_id": "dem-00-20", "mean_elevation_m": 125.42, "terrain_class": "TERRAIN_CONTEXT", "threshold_note": "LOW_ELEVATION_CONTEXT means <= AOI p25 elevation; it is not a flood extent." }, "geometry": { "type": "Polygon", "coordinates": [ [ [ 127.33825, 36.676875 ], [ 127.33825, 36.68 ], [ 127.335, 36.68 ], [ 127.335, 36.676875 ], [ 127.33825, 36.676875 ] ] ] } },
{ "type": "Feature", "properties": { "grid_id": "dem-00-21", "mean_elevation_m": 80.17, "terrain_class": "TERRAIN_CONTEXT", "threshold_note": "LOW_ELEVATION_CONTEXT means <= AOI p25 elevation; it is not a flood extent." }, "geometry": { "type": "Polygon", "coordinates": [ [ [ 127.3415, 36.676875 ], [ 127.3415, 36.68 ], [ 127.33825, 36.68 ], [ 127.33825, 36.676875 ], [ 127.3415, 36.676875 ] ] ] } },
{ "type": "Feature", "properties": { "grid_id": "dem-00-22", "mean_elevation_m": 70.7, "terrain_class": "TERRAIN_CONTEXT", "threshold_note": "LOW_ELEVATION_CONTEXT means <= AOI p25 elevation; it is not a flood extent." }, "geometry": { "type": "Polygon", "coordinates": [ [ [ 127.34475, 36.676875 ], [ 127.34475, 36.68 ], [ 127.3415, 36.68 ], [ 127.3415, 36.676875 ], [ 127.34475, 36.676875 ] ] ] } },
{ "type": "Feature", "properties": { "grid_id": "dem-00-23", "mean_elevation_m": 82.48, "terrain_class": "TERRAIN_CONTEXT", "threshold_note": "LOW_ELEVATION_CONTEXT means <= AOI p25 elevation; it is not a flood extent." }, "geometry": { "type": "Polygon", "coordinates": [ [ [ 127.348, 36.676875 ], [ 127.348, 36.68 ], [ 127.34475, 36.68 ], [ 127.34475, 36.676875 ], [ 127.348, 36.676875 ] ] ] } },
{ "type": "Feature", "properties": { "grid_id": "dem-00-24", "mean_elevation_m": 56.42, "terrain_class": "TERRAIN_CONTEXT", "threshold_note": "LOW_ELEVATION_CONTEXT means <= AOI p25 elevation; it is not a flood extent." }, "geometry": { "type": "Polygon", "coordinates": [ [ [ 127.35125, 36.676875 ], [ 127.35125, 36.68 ], [ 127.348, 36.68 ], [ 127.348, 36.676875 ], [ 127.35125, 36.676875 ] ] ] } },
{ "type": "Feature", "properties": { "grid_id": "dem-00-25", "mean_elevation_m": 53.6, "terrain_class": "TERRAIN_CONTEXT", "threshold_note": "LOW_ELEVATION_CONTEXT means <= AOI p25 elevation; it is not a flood extent." }, "geometry": { "type": "Polygon", "coordinates": [ [ [ 127.3545, 36.676875 ], [ 127.3545, 36.68 ], [ 127.35125, 36.68 ], [ 127.35125, 36.676875 ], [ 127.3545, 36.676875 ] ] ] } },
{ "type": "Feature", "properties": { "grid_id": "dem-00-26", "mean_elevation_m": 46.97, "terrain_class": "TERRAIN_CONTEXT", "threshold_note": "LOW_ELEVATION_CONTEXT means <= AOI p25 elevation; it is not a flood extent." }, "geometry": { "type": "Polygon", "coordinates": [ [ [ 127.35775, 36.676875 ], [ 127.35775, 36.68 ], [ 127.3545, 36.68 ], [ 127.3545, 36.676875 ], [ 127.35775, 36.676875 ] ] ] } },
{ "type": "Feature", "properties": { "grid_id": "dem-00-27", "mean_elevation_m": 36.87, "terrain_class": "TERRAIN_CONTEXT", "threshold_note": "LOW_ELEVATION_CONTEXT means <= AOI p25 elevation; it is not a flood extent." }, "geometry": { "type": "Polygon", "coordinates": [ [ [ 127.361, 36.676875 ], [ 127.361, 36.68 ], [ 127.35775, 36.68 ], [ 127.35775, 36.676875 ], [ 127.361, 36.676875 ] ] ] } },
{ "type": "Feature", "properties": { "grid_id": "dem-00-28", "mean_elevation_m": 41.9, "terrain_class": "TERRAIN_CONTEXT", "threshold_note": "LOW_ELEVATION_CONTEXT means <= AOI p25 elevation; it is not a flood extent." }, "geometry": { "type": "Polygon", "coordinates": [ [ [ 127.36425, 36.676875 ], [ 127.36425, 36.68 ], [ 127.361, 36.68 ], [ 127.361, 36.676875 ], [ 127.36425, 36.676875 ] ] ] } },
{ "type": "Feature", "properties": { "grid_id": "dem-00-29", "mean_elevation_m": 54.2, "terrain_class": "TERRAIN_CONTEXT", "threshold_note": "LOW_ELEVATION_CONTEXT means <= AOI p25 elevation; it is not a flood extent." }, "geometry": { "type": "Polygon", "coordinates": [ [ [ 127.3675, 36.676875 ], [ 127.3675, 36.68 ], [ 127.36425, 36.68 ], [ 127.36425, 36.676875 ], [ 127.3675, 36.676875 ] ] ] } },
{ "type": "Feature", "properties": { "grid_id": "dem-00-30", "mean_elevation_m": 100.76, "terrain_class": "TERRAIN_CONTEXT", "threshold_note": "LOW_ELEVATION_CONTEXT means <= AOI p25 elevation; it is not a flood extent." }, "geometry": { "type": "Polygon", "coordinates": [ [ [ 127.37075, 36.676875 ], [ 127.37075, 36.68 ], [ 127.3675, 36.68 ], [ 127.3675, 36.676875 ], [ 127.37075, 36.676875 ] ] ] } },
{ "type": "Feature", "properties": { "grid_id": "dem-00-31", "mean_elevation_m": 71.8, "terrain_class": "TERRAIN_CONTEXT", "threshold_note": "LOW_ELEVATION_CONTEXT means <= AOI p25 elevation; it is not a flood extent." }, "geometry": { "type": "Polygon", "coordinates": [ [ [ 127.374, 36.676875 ], [ 127.374, 36.68 ], [ 127.37075, 36.68 ], [ 127.37075, 36.676875 ], [ 127.374, 36.676875 ] ] ] } },
{ "type": "Feature", "properties": { "grid_id": "dem-00-32", "mean_elevation_m": 106.43, "terrain_class": "TERRAIN_CONTEXT", "threshold_note": "LOW_ELEVATION_CONTEXT means <= AOI p25 elevation; it is not a flood extent." }, "geometry": { "type": "Polygon", "coordinates": [ [ [ 127.37725, 36.676875 ], [ 127.37725, 36.68 ], [ 127.374, 36.68 ], [ 127.374, 36.676875 ], [ 127.37725, 36.676875 ] ] ] } },
{ "type": "Feature", "properties": { "grid_id": "dem-00-33", "mean_elevation_m": 104.96, "terrain_class": "TERRAIN_CONTEXT", "threshold_note": "LOW_ELEVATION_CONTEXT means <= AOI p25 elevation; it is not a flood extent." }, "geometry": { "type": "Polygon", "coordinates": [ [ [ 127.3805, 36.676875 ], [ 127.3805, 36.68 ], [ 127.37725, 36.68 ], [ 127.37725, 36.676875 ], [ 127.3805, 36.676875 ] ] ] } },
{ "type": "Feature", "properties": { "grid_id": "dem-00-34", "mean_elevation_m": 106.51, "terrain_class": "TERRAIN_CONTEXT", "threshold_note": "LOW_ELEVATION_CONTEXT means <= AOI p25 elevation; it is not a flood extent." }, "geometry": { "type": "Polygon", "coordinates": [ [ [ 127.38375, 36.676875 ], [ 127.38375, 36.68 ], [ 127.3805, 36.68 ], [ 127.3805, 36.676875 ], [ 127.38375, 36.676875 ] ] ] } },
{ "type": "Feature", "properties": { "grid_id": "dem-00-35", "mean_elevation_m": 68.2, "terrain_class": "TERRAIN_CONTEXT", "threshold_note": "LOW_ELEVATION_CONTEXT means <= AOI p25 elevation; it is not a flood extent." }, "geometry": { "type": "Polygon", "coordinates": [ [ [ 127.387, 36.676875 ], [ 127.387, 36.68 ], [ 127.38375, 36.68 ], [ 127.38375, 36.676875 ], [ 127.387, 36.676875 ] ] ] } },
{ "type": "Feature", "properties": { "grid_id": "dem-00-36", "mean_elevation_m": 51.69, "terrain_class": "TERRAIN_CONTEXT", "threshold_note": "LOW_ELEVATION_CONTEXT means <= AOI p25 elevation; it is not a flood extent." }, "geometry": { "type": "Polygon", "coordinates": [ [ [ 127.39025, 36.676875 ], [ 127.39025, 36.68 ], [ 127.387, 36.68 ], [ 127.387, 36.676875 ], [ 127.39025, 36.676875 ] ] ] } },
{ "type": "Feature", "properties": { "grid_id": "dem-00-37", "mean_elevation_m": 43.44, "terrain_class": "TERRAIN_CONTEXT", "threshold_note": "LOW_ELEVATION_CONTEXT means <= AOI p25 elevation; it is not a flood extent." }, "geometry": { "type": "Polygon", "coordinates": [ [ [ 127.3935, 36.676875 ], [ 127.3935, 36.68 ], [ 127.39025, 36.68 ], [ 127.39025, 36.676875 ], [ 127.3935, 36.676875 ] ] ] } },
{ "type": "Feature", "properties": { "grid_id": "dem-00-38", "mean_elevation_m": 33.26, "terrain_class": "TERRAIN_CONTEXT", "threshold_note": "LOW_ELEVATION_CONTEXT means <= AOI p25 elevation; it is not a flood extent." }, "geometry": { "type": "Polygon", "coordinates": [ [ [ 127.39675, 36.676875 ], [ 127.39675, 36.68 ], [ 127.3935, 36.68 ], [ 127.3935, 36.676875 ], [ 127.39675, 36.676875 ] ] ] } },
{ "type": "Feature", "properties": { "grid_id": "dem-00-39", "mean_elevation_m": 33.1, "terrain_class": "TERRAIN_CONTEXT", "threshold_note": "LOW_ELEVATION_CONTEXT means <= AOI p25 elevation; it is not a flood extent." }, "geometry": { "type": "Polygon", "coordinates": [ [ [ 127.4, 36.676875 ], [ 127.4, 36.68 ], [ 127.39675, 36.68 ], [ 127.39675, 36.676875 ], [ 127.4, 36.676875 ] ] ] } },
{ "type": "Feature", "properties": { "grid_id": "dem-01-00", "mean_elevation_m": 98.54, "terrain_class": "TERRAIN_CONTEXT", "threshold_note": "LOW_ELEVATION_CONTEXT means <= AOI p25 elevation; it is not a flood extent." }, "geometry": { "type": "Polygon", "coordinates": [ [ [ 127.27325, 36.67375 ], [ 127.27325, 36.676875 ], [ 127.27, 36.676875 ], [ 127.27, 36.67375 ], [ 127.27325, 36.67375 ] ] ] } },
{ "type": "Feature", "properties": { "grid_id": "dem-01-01", "mean_elevation_m": 149.97, "terrain_class": "TERRAIN_CONTEXT", "threshold_note": "LOW_ELEVATION_CONTEXT means <= AOI p25 elevation; it is not a flood extent." }, "geometry": { "type": "Polygon", "coordinates": [ [ [ 127.2765, 36.67375 ], [ 127.2765, 36.676875 ], [ 127.27325, 36.676875 ], [ 127.27325, 36.67375 ], [ 127.2765, 36.67375 ] ] ] } },
{ "type": "Feature", "properties": { "grid_id": "dem-01-02", "mean_elevation_m": 75.4, "terrain_class": "TERRAIN_CONTEXT", "threshold_note": "LOW_ELEVATION_CONTEXT means <= AOI p25 elevation; it is not a flood extent." }, "geometry": { "type": "Polygon", "coordinates": [ [ [ 127.27975, 36.67375 ], [ 127.27975, 36.676875 ], [ 127.2765, 36.676875 ], [ 127.2765, 36.67375 ], [ 127.27975, 36.67375 ] ] ] } },
{ "type": "Feature", "properties": { "grid_id": "dem-01-03", "mean_elevation_m": 86.16, "terrain_class": "TERRAIN_CONTEXT", "threshold_note": "LOW_ELEVATION_CONTEXT means <= AOI p25 elevation; it is not a flood extent." }, "geometry": { "type": "Polygon", "coordinates": [ [ [ 127.283, 36.67375 ], [ 127.283, 36.676875 ], [ 127.27975, 36.676875 ], [ 127.27975, 36.67375 ], [ 127.283, 36.67375 ] ] ] } },
{ "type": "Feature", "properties": { "grid_id": "dem-01-04", "mean_elevation_m": 102.44, "terrain_class": "TERRAIN_CONTEXT", "threshold_note": "LOW_ELEVATION_CONTEXT means <= AOI p25 elevation; it is not a flood extent." }, "geometry": { "type": "Polygon", "coordinates": [ [ [ 127.28625, 36.67375 ], [ 127.28625, 36.676875 ], [ 127.283, 36.676875 ], [ 127.283, 36.67375 ], [ 127.28625, 36.67375 ] ] ] } },
{ "type": "Feature", "properties": { "grid_id": "dem-01-05", "mean_elevation_m": 141.33, "terrain_class": "TERRAIN_CONTEXT", "threshold_note": "LOW_ELEVATION_CONTEXT means <= AOI p25 elevation; it is not a flood extent." }, "geometry": { "type": "Polygon", "coordinates": [ [ [ 127.2895, 36.67375 ], [ 127.2895, 36.676875 ], [ 127.28625, 36.676875 ], [ 127.28625, 36.67375 ], [ 127.2895, 36.67375 ] ] ] } },
{ "type": "Feature", "properties": { "grid_id": "dem-01-06", "mean_elevation_m": 164.65, "terrain_class": "TERRAIN_CONTEXT", "threshold_note": "LOW_ELEVATION_CONTEXT means <= AOI p25 elevation; it is not a flood extent." }, "geometry": { "type": "Polygon", "coordinates": [ [ [ 127.29275, 36.67375 ], [ 127.29275, 36.676875 ], [ 127.2895, 36.676875 ], [ 127.2895, 36.67375 ], [ 127.29275, 36.67375 ] ] ] } },
{ "type": "Feature", "properties": { "grid_id": "dem-01-07", "mean_elevation_m": 210.81, "terrain_class": "TERRAIN_CONTEXT", "threshold_note": "LOW_ELEVATION_CONTEXT means <= AOI p25 elevation; it is not a flood extent." }, "geometry": { "type": "Polygon", "coordinates": [ [ [ 127.296, 36.67375 ], [ 127.296, 36.676875 ], [ 127.29275, 36.676875 ], [ 127.29275, 36.67375 ], [ 127.296, 36.67375 ] ] ] } },
{ "type": "Feature", "properties": { "grid_id": "dem-01-08", "mean_elevation_m": 220.24, "terrain_class": "TERRAIN_CONTEXT", "threshold_note": "LOW_ELEVATION_CONTEXT means <= AOI p25 elevation; it is not a flood extent." }, "geometry": { "type": "Polygon", "coordinates": [ [ [ 127.29925, 36.67375 ], [ 127.29925, 36.676875 ], [ 127.296, 36.676875 ], [ 127.296, 36.67375 ], [ 127.29925, 36.67375 ] ] ] } },
{ "type": "Feature", "properties": { "grid_id": "dem-01-09", "mean_elevation_m": 151.1, "terrain_class": "TERRAIN_CONTEXT", "threshold_note": "LOW_ELEVATION_CONTEXT means <= AOI p25 elevation; it is not a flood extent." }, "geometry": { "type": "Polygon", "coordinates": [ [ [ 127.3025, 36.67375 ], [ 127.3025, 36.676875 ], [ 127.29925, 36.676875 ], [ 127.29925, 36.67375 ], [ 127.3025, 36.67375 ] ] ] } },
{ "type": "Feature", "properties": { "grid_id": "dem-01-10", "mean_elevation_m": 181.85, "terrain_class": "TERRAIN_CONTEXT", "threshold_note": "LOW_ELEVATION_CONTEXT means <= AOI p25 elevation; it is not a flood extent." }, "geometry": { "type": "Polygon", "coordinates": [ [ [ 127.30575, 36.67375 ], [ 127.30575, 36.676875 ], [ 127.3025, 36.676875 ], [ 127.3025, 36.67375 ], [ 127.30575, 36.67375 ] ] ] } },
{ "type": "Feature", "properties": { "grid_id": "dem-01-11", "mean_elevation_m": 220.64, "terrain_class": "TERRAIN_CONTEXT", "threshold_note": "LOW_ELEVATION_CONTEXT means <= AOI p25 elevation; it is not a flood extent." }, "geometry": { "type": "Polygon", "coordinates": [ [ [ 127.309, 36.67375 ], [ 127.309, 36.676875 ], [ 127.30575, 36.676875 ], [ 127.30575, 36.67375 ], [ 127.309, 36.67375 ] ] ] } },
{ "type": "Feature", "properties": { "grid_id": "dem-01-12", "mean_elevation_m": 203.65, "terrain_class": "TERRAIN_CONTEXT", "threshold_note": "LOW_ELEVATION_CONTEXT means <= AOI p25 elevation; it is not a flood extent." }, "geometry": { "type": "Polygon", "coordinates": [ [ [ 127.31225, 36.67375 ], [ 127.31225, 36.676875 ], [ 127.309, 36.676875 ], [ 127.309, 36.67375 ], [ 127.31225, 36.67375 ] ] ] } },
{ "type": "Feature", "properties": { "grid_id": "dem-01-13", "mean_elevation_m": 138.81, "terrain_class": "TERRAIN_CONTEXT", "threshold_note": "LOW_ELEVATION_CONTEXT means <= AOI p25 elevation; it is not a flood extent." }, "geometry": { "type": "Polygon", "coordinates": [ [ [ 127.3155, 36.67375 ], [ 127.3155, 36.676875 ], [ 127.31225, 36.676875 ], [ 127.31225, 36.67375 ], [ 127.3155, 36.67375 ] ] ] } },
{ "type": "Feature", "properties": { "grid_id": "dem-01-14", "mean_elevation_m": 90.88, "terrain_class": "TERRAIN_CONTEXT", "threshold_note": "LOW_ELEVATION_CONTEXT means <= AOI p25 elevation; it is not a flood extent." }, "geometry": { "type": "Polygon", "coordinates": [ [ [ 127.31875, 36.67375 ], [ 127.31875, 36.676875 ], [ 127.3155, 36.676875 ], [ 127.3155, 36.67375 ], [ 127.31875, 36.67375 ] ] ] } },
{ "type": "Feature", "properties": { "grid_id": "dem-01-15", "mean_elevation_m": 79.17, "terrain_class": "TERRAIN_CONTEXT", "threshold_note": "LOW_ELEVATION_CONTEXT means <= AOI p25 elevation; it is not a flood extent." }, "geometry": { "type": "Polygon", "coordinates": [ [ [ 127.322, 36.67375 ], [ 127.322, 36.676875 ], [ 127.31875, 36.676875 ], [ 127.31875, 36.67375 ], [ 127.322, 36.67375 ] ] ] } },
{ "type": "Feature", "properties": { "grid_id": "dem-01-16", "mean_elevation_m": 69.43, "terrain_class": "TERRAIN_CONTEXT", "threshold_note": "LOW_ELEVATION_CONTEXT means <= AOI p25 elevation; it is not a flood extent." }, "geometry": { "type": "Polygon", "coordinates": [ [ [ 127.32525, 36.67375 ], [ 127.32525, 36.676875 ], [ 127.322, 36.676875 ], [ 127.322, 36.67375 ], [ 127.32525, 36.67375 ] ] ] } },
{ "type": "Feature", "properties": { "grid_id": "dem-01-17", "mean_elevation_m": 75.3, "terrain_class": "TERRAIN_CONTEXT", "threshold_note": "LOW_ELEVATION_CONTEXT means <= AOI p25 elevation; it is not a flood extent." }, "geometry": { "type": "Polygon", "coordinates": [ [ [ 127.3285, 36.67375 ], [ 127.3285, 36.676875 ], [ 127.32525, 36.676875 ], [ 127.32525, 36.67375 ], [ 127.3285, 36.67375 ] ] ] } },
{ "type": "Feature", "properties": { "grid_id": "dem-01-18", "mean_elevation_m": 117.81, "terrain_class": "TERRAIN_CONTEXT", "threshold_note": "LOW_ELEVATION_CONTEXT means <= AOI p25 elevation; it is not a flood extent." }, "geometry": { "type": "Polygon", "coordinates": [ [ [ 127.33175, 36.67375 ], [ 127.33175, 36.676875 ], [ 127.3285, 36.676875 ], [ 127.3285, 36.67375 ], [ 127.33175, 36.67375 ] ] ] } },
{ "type": "Feature", "properties": { "grid_id": "dem-01-19", "mean_elevation_m": 112.01, "terrain_class": "TERRAIN_CONTEXT", "threshold_note": "LOW_ELEVATION_CONTEXT means <= AOI p25 elevation; it is not a flood extent." }, "geometry": { "type": "Polygon", "coordinates": [ [ [ 127.335, 36.67375 ], [ 127.335, 36.676875 ], [ 127.33175, 36.676875 ], [ 127.33175, 36.67375 ], [ 127.335, 36.67375 ] ] ] } },
{ "type": "Feature", "properties": { "grid_id": "dem-01-20", "mean_elevation_m": 178.14, "terrain_class": "TERRAIN_CONTEXT", "threshold_note": "LOW_ELEVATION_CONTEXT means <= AOI p25 elevation; it is not a flood extent." }, "geometry": { "type": "Polygon", "coordinates": [ [ [ 127.33825, 36.67375 ], [ 127.33825, 36.676875 ], [ 127.335, 36.676875 ], [ 127.335, 36.67375 ], [ 127.33825, 36.67375 ] ] ] } },
{ "type": "Feature", "properties": { "grid_id": "dem-01-21", "mean_elevation_m": 155.01, "terrain_class": "TERRAIN_CONTEXT", "threshold_note": "LOW_ELEVATION_CONTEXT means <= AOI p25 elevation; it is not a flood extent." }, "geometry": { "type": "Polygon", "coordinates": [ [ [ 127.3415, 36.67375 ], [ 127.3415, 36.676875 ], [ 127.33825, 36.676875 ], [ 127.33825, 36.67375 ], [ 127.3415, 36.67375 ] ] ] } },
{ "type": "Feature", "properties": { "grid_id": "dem-01-22", "mean_elevation_m": 153.61, "terrain_class": "TERRAIN_CONTEXT", "threshold_note": "LOW_ELEVATION_CONTEXT means <= AOI p25 elevation; it is not a flood extent." }, "geometry": { "type": "Polygon", "coordinates": [ [ [ 127.34475, 36.67375 ], [ 127.34475, 36.676875 ], [ 127.3415, 36.676875 ], [ 127.3415, 36.67375 ], [ 127.34475, 36.67375 ] ] ] } },
{ "type": "Feature", "properties": { "grid_id": "dem-01-23", "mean_elevation_m": 132.41, "terrain_class": "TERRAIN_CONTEXT", "threshold_note": "LOW_ELEVATION_CONTEXT means <= AOI p25 elevation; it is not a flood extent." }, "geometry": { "type": "Polygon", "coordinates": [ [ [ 127.348, 36.67375 ], [ 127.348, 36.676875 ], [ 127.34475, 36.676875 ], [ 127.34475, 36.67375 ], [ 127.348, 36.67375 ] ] ] } },
{ "type": "Feature", "properties": { "grid_id": "dem-01-24", "mean_elevation_m": 91.27, "terrain_class": "TERRAIN_CONTEXT", "threshold_note": "LOW_ELEVATION_CONTEXT means <= AOI p25 elevation; it is not a flood extent." }, "geometry": { "type": "Polygon", "coordinates": [ [ [ 127.35125, 36.67375 ], [ 127.35125, 36.676875 ], [ 127.348, 36.676875 ], [ 127.348, 36.67375 ], [ 127.35125, 36.67375 ] ] ] } },
{ "type": "Feature", "properties": { "grid_id": "dem-01-25", "mean_elevation_m": 99.67, "terrain_class": "TERRAIN_CONTEXT", "threshold_note": "LOW_ELEVATION_CONTEXT means <= AOI p25 elevation; it is not a flood extent." }, "geometry": { "type": "Polygon", "coordinates": [ [ [ 127.3545, 36.67375 ], [ 127.3545, 36.676875 ], [ 127.35125, 36.676875 ], [ 127.35125, 36.67375 ], [ 127.3545, 36.67375 ] ] ] } },
{ "type": "Feature", "properties": { "grid_id": "dem-01-26", "mean_elevation_m": 76.88, "terrain_class": "TERRAIN_CONTEXT", "threshold_note": "LOW_ELEVATION_CONTEXT means <= AOI p25 elevation; it is not a flood extent." }, "geometry": { "type": "Polygon", "coordinates": [ [ [ 127.35775, 36.67375 ], [ 127.35775, 36.676875 ], [ 127.3545, 36.676875 ], [ 127.3545, 36.67375 ], [ 127.35775, 36.67375 ] ] ] } },
{ "type": "Feature", "properties": { "grid_id": "dem-01-27", "mean_elevation_m": 47.17, "terrain_class": "TERRAIN_CONTEXT", "threshold_note": "LOW_ELEVATION_CONTEXT means <= AOI p25 elevation; it is not a flood extent." }, "geometry": { "type": "Polygon", "coordinates": [ [ [ 127.361, 36.67375 ], [ 127.361, 36.676875 ], [ 127.35775, 36.676875 ], [ 127.35775, 36.67375 ], [ 127.361, 36.67375 ] ] ] } },
{ "type": "Feature", "properties": { "grid_id": "dem-01-28", "mean_elevation_m": 34.15, "terrain_class": "TERRAIN_CONTEXT", "threshold_note": "LOW_ELEVATION_CONTEXT means <= AOI p25 elevation; it is not a flood extent." }, "geometry": { "type": "Polygon", "coordinates": [ [ [ 127.36425, 36.67375 ], [ 127.36425, 36.676875 ], [ 127.361, 36.676875 ], [ 127.361, 36.67375 ], [ 127.36425, 36.67375 ] ] ] } },
{ "type": "Feature", "properties": { "grid_id": "dem-01-29", "mean_elevation_m": 62.29, "terrain_class": "TERRAIN_CONTEXT", "threshold_note": "LOW_ELEVATION_CONTEXT means <= AOI p25 elevation; it is not a flood extent." }, "geometry": { "type": "Polygon", "coordinates": [ [ [ 127.3675, 36.67375 ], [ 127.3675, 36.676875 ], [ 127.36425, 36.676875 ], [ 127.36425, 36.67375 ], [ 127.3675, 36.67375 ] ] ] } },
{ "type": "Feature", "properties": { "grid_id": "dem-01-30", "mean_elevation_m": 67.91, "terrain_class": "TERRAIN_CONTEXT", "threshold_note": "LOW_ELEVATION_CONTEXT means <= AOI p25 elevation; it is not a flood extent." }, "geometry": { "type": "Polygon", "coordinates": [ [ [ 127.37075, 36.67375 ], [ 127.37075, 36.676875 ], [ 127.3675, 36.676875 ], [ 127.3675, 36.67375 ], [ 127.37075, 36.67375 ] ] ] } },
{ "type": "Feature", "properties": { "grid_id": "dem-01-31", "mean_elevation_m": 50.05, "terrain_class": "TERRAIN_CONTEXT", "threshold_note": "LOW_ELEVATION_CONTEXT means <= AOI p25 elevation; it is not a flood extent." }, "geometry": { "type": "Polygon", "coordinates": [ [ [ 127.374, 36.67375 ], [ 127.374, 36.676875 ], [ 127.37075, 36.676875 ], [ 127.37075, 36.67375 ], [ 127.374, 36.67375 ] ] ] } },
{ "type": "Feature", "properties": { "grid_id": "dem-01-32", "mean_elevation_m": 68.62, "terrain_class": "TERRAIN_CONTEXT", "threshold_note": "LOW_ELEVATION_CONTEXT means <= AOI p25 elevation; it is not a flood extent." }, "geometry": { "type": "Polygon", "coordinates": [ [ [ 127.37725, 36.67375 ], [ 127.37725, 36.676875 ], [ 127.374, 36.676875 ], [ 127.374, 36.67375 ], [ 127.37725, 36.67375 ] ] ] } },
{ "type": "Feature", "properties": { "grid_id": "dem-01-33", "mean_elevation_m": 73.38, "terrain_class": "TERRAIN_CONTEXT", "threshold_note": "LOW_ELEVATION_CONTEXT means <= AOI p25 elevation; it is not a flood extent." }, "geometry": { "type": "Polygon", "coordinates": [ [ [ 127.3805, 36.67375 ], [ 127.3805, 36.676875 ], [ 127.37725, 36.676875 ], [ 127.37725, 36.67375 ], [ 127.3805, 36.67375 ] ] ] } },
{ "type": "Feature", "properties": { "grid_id": "dem-01-34", "mean_elevation_m": 76.43, "terrain_class": "TERRAIN_CONTEXT", "threshold_note": "LOW_ELEVATION_CONTEXT means <= AOI p25 elevation; it is not a flood extent." }, "geometry": { "type": "Polygon", "coordinates": [ [ [ 127.38375, 36.67375 ], [ 127.38375, 36.676875 ], [ 127.3805, 36.676875 ], [ 127.3805, 36.67375 ], [ 127.38375, 36.67375 ] ] ] } },
{ "type": "Feature", "properties": { "grid_id": "dem-01-35", "mean_elevation_m": 61.86, "terrain_class": "TERRAIN_CONTEXT", "threshold_note": "LOW_ELEVATION_CONTEXT means <= AOI p25 elevation; it is not a flood extent." }, "geometry": { "type": "Polygon", "coordinates": [ [ [ 127.387, 36.67375 ], [ 127.387, 36.676875 ], [ 127.38375, 36.676875 ], [ 127.38375, 36.67375 ], [ 127.387, 36.67375 ] ] ] } },
{ "type": "Feature", "properties": { "grid_id": "dem-01-36", "mean_elevation_m": 58.95, "terrain_class": "TERRAIN_CONTEXT", "threshold_note": "LOW_ELEVATION_CONTEXT means <= AOI p25 elevation; it is not a flood extent." }, "geometry": { "type": "Polygon", "coordinates": [ [ [ 127.39025, 36.67375 ], [ 127.39025, 36.676875 ], [ 127.387, 36.676875 ], [ 127.387, 36.67375 ], [ 127.39025, 36.67375 ] ] ] } },
{ "type": "Feature", "properties": { "grid_id": "dem-01-37", "mean_elevation_m": 46.7, "terrain_class": "TERRAIN_CONTEXT", "threshold_note": "LOW_ELEVATION_CONTEXT means <= AOI p25 elevation; it is not a flood extent." }, "geometry": { "type": "Polygon", "coordinates": [ [ [ 127.3935, 36.67375 ], [ 127.3935, 36.676875 ], [ 127.39025, 36.676875 ], [ 127.39025, 36.67375 ], [ 127.3935, 36.67375 ] ] ] } },
{ "type": "Feature", "properties": { "grid_id": "dem-01-38", "mean_elevation_m": 30.76, "terrain_class": "TERRAIN_CONTEXT", "threshold_note": "LOW_ELEVATION_CONTEXT means <= AOI p25 elevation; it is not a flood extent." }, "geometry": { "type": "Polygon", "coordinates": [ [ [ 127.39675, 36.67375 ], [ 127.39675, 36.676875 ], [ 127.3935, 36.676875 ], [ 127.3935, 36.67375 ], [ 127.39675, 36.67375 ] ] ] } },
{ "type": "Feature", "properties": { "grid_id": "dem-01-39", "mean_elevation_m": 27.82, "terrain_class": "LOW_ELEVATION_CONTEXT", "threshold_note": "LOW_ELEVATION_CONTEXT means <= AOI p25 elevation; it is not a flood extent." }, "geometry": { "type": "Polygon", "coordinates": [ [ [ 127.4, 36.67375 ], [ 127.4, 36.676875 ], [ 127.39675, 36.676875 ], [ 127.39675, 36.67375 ], [ 127.4, 36.67375 ] ] ] } },
{ "type": "Feature", "properties": { "grid_id": "dem-02-00", "mean_elevation_m": 79.54, "terrain_class": "TERRAIN_CONTEXT", "threshold_note": "LOW_ELEVATION_CONTEXT means <= AOI p25 elevation; it is not a flood extent." }, "geometry": { "type": "Polygon", "coordinates": [ [ [ 127.27325, 36.670625 ], [ 127.27325, 36.67375 ], [ 127.27, 36.67375 ], [ 127.27, 36.670625 ], [ 127.27325, 36.670625 ] ] ] } },
{ "type": "Feature", "properties": { "grid_id": "dem-02-01", "mean_elevation_m": 103.11, "terrain_class": "TERRAIN_CONTEXT", "threshold_note": "LOW_ELEVATION_CONTEXT means <= AOI p25 elevation; it is not a flood extent." }, "geometry": { "type": "Polygon", "coordinates": [ [ [ 127.2765, 36.670625 ], [ 127.2765, 36.67375 ], [ 127.27325, 36.67375 ], [ 127.27325, 36.670625 ], [ 127.2765, 36.670625 ] ] ] } },
{ "type": "Feature", "properties": { "grid_id": "dem-02-02", "mean_elevation_m": 67.9, "terrain_class": "TERRAIN_CONTEXT", "threshold_note": "LOW_ELEVATION_CONTEXT means <= AOI p25 elevation; it is not a flood extent." }, "geometry": { "type": "Polygon", "coordinates": [ [ [ 127.27975, 36.670625 ], [ 127.27975, 36.67375 ], [ 127.2765, 36.67375 ], [ 127.2765, 36.670625 ], [ 127.27975, 36.670625 ] ] ] } },
{ "type": "Feature", "properties": { "grid_id": "dem-02-03", "mean_elevation_m": 115.61, "terrain_class": "TERRAIN_CONTEXT", "threshold_note": "LOW_ELEVATION_CONTEXT means <= AOI p25 elevation; it is not a flood extent." }, "geometry": { "type": "Polygon", "coordinates": [ [ [ 127.283, 36.670625 ], [ 127.283, 36.67375 ], [ 127.27975, 36.67375 ], [ 127.27975, 36.670625 ], [ 127.283, 36.670625 ] ] ] } },
{ "type": "Feature", "properties": { "grid_id": "dem-02-04", "mean_elevation_m": 175.04, "terrain_class": "TERRAIN_CONTEXT", "threshold_note": "LOW_ELEVATION_CONTEXT means <= AOI p25 elevation; it is not a flood extent." }, "geometry": { "type": "Polygon", "coordinates": [ [ [ 127.28625, 36.670625 ], [ 127.28625, 36.67375 ], [ 127.283, 36.67375 ], [ 127.283, 36.670625 ], [ 127.28625, 36.670625 ] ] ] } },
{ "type": "Feature", "properties": { "grid_id": "dem-02-05", "mean_elevation_m": 192.84, "terrain_class": "TERRAIN_CONTEXT", "threshold_note": "LOW_ELEVATION_CONTEXT means <= AOI p25 elevation; it is not a flood extent." }, "geometry": { "type": "Polygon", "coordinates": [ [ [ 127.2895, 36.670625 ], [ 127.2895, 36.67375 ], [ 127.28625, 36.67375 ], [ 127.28625, 36.670625 ], [ 127.2895, 36.670625 ] ] ] } },
{ "type": "Feature", "properties": { "grid_id": "dem-02-06", "mean_elevation_m": 221.51, "terrain_class": "TERRAIN_CONTEXT", "threshold_note": "LOW_ELEVATION_CONTEXT means <= AOI p25 elevation; it is not a flood extent." }, "geometry": { "type": "Polygon", "coordinates": [ [ [ 127.29275, 36.670625 ], [ 127.29275, 36.67375 ], [ 127.2895, 36.67375 ], [ 127.2895, 36.670625 ], [ 127.29275, 36.670625 ] ] ] } },
{ "type": "Feature", "properties": { "grid_id": "dem-02-07", "mean_elevation_m": 250.7, "terrain_class": "TERRAIN_CONTEXT", "threshold_note": "LOW_ELEVATION_CONTEXT means <= AOI p25 elevation; it is not a flood extent." }, "geometry": { "type": "Polygon", "coordinates": [ [ [ 127.296, 36.670625 ], [ 127.296, 36.67375 ], [ 127.29275, 36.67375 ], [ 127.29275, 36.670625 ], [ 127.296, 36.670625 ] ] ] } },
{ "type": "Feature", "properties": { "grid_id": "dem-02-08", "mean_elevation_m": 191.66, "terrain_class": "TERRAIN_CONTEXT", "threshold_note": "LOW_ELEVATION_CONTEXT means <= AOI p25 elevation; it is not a flood extent." }, "geometry": { "type": "Polygon", "coordinates": [ [ [ 127.29925, 36.670625 ], [ 127.29925, 36.67375 ], [ 127.296, 36.67375 ], [ 127.296, 36.670625 ], [ 127.29925, 36.670625 ] ] ] } },
{ "type": "Feature", "properties": { "grid_id": "dem-02-09", "mean_elevation_m": 135.76, "terrain_class": "TERRAIN_CONTEXT", "threshold_note": "LOW_ELEVATION_CONTEXT means <= AOI p25 elevation; it is not a flood extent." }, "geometry": { "type": "Polygon", "coordinates": [ [ [ 127.3025, 36.670625 ], [ 127.3025, 36.67375 ], [ 127.29925, 36.67375 ], [ 127.29925, 36.670625 ], [ 127.3025, 36.670625 ] ] ] } },
{ "type": "Feature", "properties": { "grid_id": "dem-02-10", "mean_elevation_m": 157.23, "terrain_class": "TERRAIN_CONTEXT", "threshold_note": "LOW_ELEVATION_CONTEXT means <= AOI p25 elevation; it is not a flood extent." }, "geometry": { "type": "Polygon", "coordinates": [ [ [ 127.30575, 36.670625 ], [ 127.30575, 36.67375 ], [ 127.3025, 36.67375 ], [ 127.3025, 36.670625 ], [ 127.30575, 36.670625 ] ] ] } },
{ "type": "Feature", "properties": { "grid_id": "dem-02-11", "mean_elevation_m": 170.35, "terrain_class": "TERRAIN_CONTEXT", "threshold_note": "LOW_ELEVATION_CONTEXT means <= AOI p25 elevation; it is not a flood extent." }, "geometry": { "type": "Polygon", "coordinates": [ [ [ 127.309, 36.670625 ], [ 127.309, 36.67375 ], [ 127.30575, 36.67375 ], [ 127.30575, 36.670625 ], [ 127.309, 36.670625 ] ] ] } },
{ "type": "Feature", "properties": { "grid_id": "dem-02-12", "mean_elevation_m": 114.07, "terrain_class": "TERRAIN_CONTEXT", "threshold_note": "LOW_ELEVATION_CONTEXT means <= AOI p25 elevation; it is not a flood extent." }, "geometry": { "type": "Polygon", "coordinates": [ [ [ 127.31225, 36.670625 ], [ 127.31225, 36.67375 ], [ 127.309, 36.67375 ], [ 127.309, 36.670625 ], [ 127.31225, 36.670625 ] ] ] } },
{ "type": "Feature", "properties": { "grid_id": "dem-02-13", "mean_elevation_m": 95.65, "terrain_class": "TERRAIN_CONTEXT", "threshold_note": "LOW_ELEVATION_CONTEXT means <= AOI p25 elevation; it is not a flood extent." }, "geometry": { "type": "Polygon", "coordinates": [ [ [ 127.3155, 36.670625 ], [ 127.3155, 36.67375 ], [ 127.31225, 36.67375 ], [ 127.31225, 36.670625 ], [ 127.3155, 36.670625 ] ] ] } },
{ "type": "Feature", "properties": { "grid_id": "dem-02-14", "mean_elevation_m": 77.73, "terrain_class": "TERRAIN_CONTEXT", "threshold_note": "LOW_ELEVATION_CONTEXT means <= AOI p25 elevation; it is not a flood extent." }, "geometry": { "type": "Polygon", "coordinates": [ [ [ 127.31875, 36.670625 ], [ 127.31875, 36.67375 ], [ 127.3155, 36.67375 ], [ 127.3155, 36.670625 ], [ 127.31875, 36.670625 ] ] ] } },
{ "type": "Feature", "properties": { "grid_id": "dem-02-15", "mean_elevation_m": 92.86, "terrain_class": "TERRAIN_CONTEXT", "threshold_note": "LOW_ELEVATION_CONTEXT means <= AOI p25 elevation; it is not a flood extent." }, "geometry": { "type": "Polygon", "coordinates": [ [ [ 127.322, 36.670625 ], [ 127.322, 36.67375 ], [ 127.31875, 36.67375 ], [ 127.31875, 36.670625 ], [ 127.322, 36.670625 ] ] ] } },
{ "type": "Feature", "properties": { "grid_id": "dem-02-16", "mean_elevation_m": 123.26, "terrain_class": "TERRAIN_CONTEXT", "threshold_note": "LOW_ELEVATION_CONTEXT means <= AOI p25 elevation; it is not a flood extent." }, "geometry": { "type": "Polygon", "coordinates": [ [ [ 127.32525, 36.670625 ], [ 127.32525, 36.67375 ], [ 127.322, 36.67375 ], [ 127.322, 36.670625 ], [ 127.32525, 36.670625 ] ] ] } },
{ "type": "Feature", "properties": { "grid_id": "dem-02-17", "mean_elevation_m": 143.18, "terrain_class": "TERRAIN_CONTEXT", "threshold_note": "LOW_ELEVATION_CONTEXT means <= AOI p25 elevation; it is not a flood extent." }, "geometry": { "type": "Polygon", "coordinates": [ [ [ 127.3285, 36.670625 ], [ 127.3285, 36.67375 ], [ 127.32525, 36.67375 ], [ 127.32525, 36.670625 ], [ 127.3285, 36.670625 ] ] ] } },
{ "type": "Feature", "properties": { "grid_id": "dem-02-18", "mean_elevation_m": 191.34, "terrain_class": "TERRAIN_CONTEXT", "threshold_note": "LOW_ELEVATION_CONTEXT means <= AOI p25 elevation; it is not a flood extent." }, "geometry": { "type": "Polygon", "coordinates": [ [ [ 127.33175, 36.670625 ], [ 127.33175, 36.67375 ], [ 127.3285, 36.67375 ], [ 127.3285, 36.670625 ], [ 127.33175, 36.670625 ] ] ] } },
{ "type": "Feature", "properties": { "grid_id": "dem-02-19", "mean_elevation_m": 137.17, "terrain_class": "TERRAIN_CONTEXT", "threshold_note": "LOW_ELEVATION_CONTEXT means <= AOI p25 elevation; it is not a flood extent." }, "geometry": { "type": "Polygon", "coordinates": [ [ [ 127.335, 36.670625 ], [ 127.335, 36.67375 ], [ 127.33175, 36.67375 ], [ 127.33175, 36.670625 ], [ 127.335, 36.670625 ] ] ] } },
{ "type": "Feature", "properties": { "grid_id": "dem-02-20", "mean_elevation_m": 115.55, "terrain_class": "TERRAIN_CONTEXT", "threshold_note": "LOW_ELEVATION_CONTEXT means <= AOI p25 elevation; it is not a flood extent." }, "geometry": { "type": "Polygon", "coordinates": [ [ [ 127.33825, 36.670625 ], [ 127.33825, 36.67375 ], [ 127.335, 36.67375 ], [ 127.335, 36.670625 ], [ 127.33825, 36.670625 ] ] ] } },
{ "type": "Feature", "properties": { "grid_id": "dem-02-21", "mean_elevation_m": 88.09, "terrain_class": "TERRAIN_CONTEXT", "threshold_note": "LOW_ELEVATION_CONTEXT means <= AOI p25 elevation; it is not a flood extent." }, "geometry": { "type": "Polygon", "coordinates": [ [ [ 127.3415, 36.670625 ], [ 127.3415, 36.67375 ], [ 127.33825, 36.67375 ], [ 127.33825, 36.670625 ], [ 127.3415, 36.670625 ] ] ] } },
{ "type": "Feature", "properties": { "grid_id": "dem-02-22", "mean_elevation_m": 100.05, "terrain_class": "TERRAIN_CONTEXT", "threshold_note": "LOW_ELEVATION_CONTEXT means <= AOI p25 elevation; it is not a flood extent." }, "geometry": { "type": "Polygon", "coordinates": [ [ [ 127.34475, 36.670625 ], [ 127.34475, 36.67375 ], [ 127.3415, 36.67375 ], [ 127.3415, 36.670625 ], [ 127.34475, 36.670625 ] ] ] } },
{ "type": "Feature", "properties": { "grid_id": "dem-02-23", "mean_elevation_m": 82.53, "terrain_class": "TERRAIN_CONTEXT", "threshold_note": "LOW_ELEVATION_CONTEXT means <= AOI p25 elevation; it is not a flood extent." }, "geometry": { "type": "Polygon", "coordinates": [ [ [ 127.348, 36.670625 ], [ 127.348, 36.67375 ], [ 127.34475, 36.67375 ], [ 127.34475, 36.670625 ], [ 127.348, 36.670625 ] ] ] } },
{ "type": "Feature", "properties": { "grid_id": "dem-02-24", "mean_elevation_m": 80.77, "terrain_class": "TERRAIN_CONTEXT", "threshold_note": "LOW_ELEVATION_CONTEXT means <= AOI p25 elevation; it is not a flood extent." }, "geometry": { "type": "Polygon", "coordinates": [ [ [ 127.35125, 36.670625 ], [ 127.35125, 36.67375 ], [ 127.348, 36.67375 ], [ 127.348, 36.670625 ], [ 127.35125, 36.670625 ] ] ] } },
{ "type": "Feature", "properties": { "grid_id": "dem-02-25", "mean_elevation_m": 54.49, "terrain_class": "TERRAIN_CONTEXT", "threshold_note": "LOW_ELEVATION_CONTEXT means <= AOI p25 elevation; it is not a flood extent." }, "geometry": { "type": "Polygon", "coordinates": [ [ [ 127.3545, 36.670625 ], [ 127.3545, 36.67375 ], [ 127.35125, 36.67375 ], [ 127.35125, 36.670625 ], [ 127.3545, 36.670625 ] ] ] } },
{ "type": "Feature", "properties": { "grid_id": "dem-02-26", "mean_elevation_m": 44.82, "terrain_class": "TERRAIN_CONTEXT", "threshold_note": "LOW_ELEVATION_CONTEXT means <= AOI p25 elevation; it is not a flood extent." }, "geometry": { "type": "Polygon", "coordinates": [ [ [ 127.35775, 36.670625 ], [ 127.35775, 36.67375 ], [ 127.3545, 36.67375 ], [ 127.3545, 36.670625 ], [ 127.35775, 36.670625 ] ] ] } },
{ "type": "Feature", "properties": { "grid_id": "dem-02-27", "mean_elevation_m": 37.57, "terrain_class": "TERRAIN_CONTEXT", "threshold_note": "LOW_ELEVATION_CONTEXT means <= AOI p25 elevation; it is not a flood extent." }, "geometry": { "type": "Polygon", "coordinates": [ [ [ 127.361, 36.670625 ], [ 127.361, 36.67375 ], [ 127.35775, 36.67375 ], [ 127.35775, 36.670625 ], [ 127.361, 36.670625 ] ] ] } },
{ "type": "Feature", "properties": { "grid_id": "dem-02-28", "mean_elevation_m": 36.19, "terrain_class": "TERRAIN_CONTEXT", "threshold_note": "LOW_ELEVATION_CONTEXT means <= AOI p25 elevation; it is not a flood extent." }, "geometry": { "type": "Polygon", "coordinates": [ [ [ 127.36425, 36.670625 ], [ 127.36425, 36.67375 ], [ 127.361, 36.67375 ], [ 127.361, 36.670625 ], [ 127.36425, 36.670625 ] ] ] } },
{ "type": "Feature", "properties": { "grid_id": "dem-02-29", "mean_elevation_m": 49.0, "terrain_class": "TERRAIN_CONTEXT", "threshold_note": "LOW_ELEVATION_CONTEXT means <= AOI p25 elevation; it is not a flood extent." }, "geometry": { "type": "Polygon", "coordinates": [ [ [ 127.3675, 36.670625 ], [ 127.3675, 36.67375 ], [ 127.36425, 36.67375 ], [ 127.36425, 36.670625 ], [ 127.3675, 36.670625 ] ] ] } },
{ "type": "Feature", "properties": { "grid_id": "dem-02-30", "mean_elevation_m": 56.39, "terrain_class": "TERRAIN_CONTEXT", "threshold_note": "LOW_ELEVATION_CONTEXT means <= AOI p25 elevation; it is not a flood extent." }, "geometry": { "type": "Polygon", "coordinates": [ [ [ 127.37075, 36.670625 ], [ 127.37075, 36.67375 ], [ 127.3675, 36.67375 ], [ 127.3675, 36.670625 ], [ 127.37075, 36.670625 ] ] ] } },
{ "type": "Feature", "properties": { "grid_id": "dem-02-31", "mean_elevation_m": 41.88, "terrain_class": "TERRAIN_CONTEXT", "threshold_note": "LOW_ELEVATION_CONTEXT means <= AOI p25 elevation; it is not a flood extent." }, "geometry": { "type": "Polygon", "coordinates": [ [ [ 127.374, 36.670625 ], [ 127.374, 36.67375 ], [ 127.37075, 36.67375 ], [ 127.37075, 36.670625 ], [ 127.374, 36.670625 ] ] ] } },
{ "type": "Feature", "properties": { "grid_id": "dem-02-32", "mean_elevation_m": 56.31, "terrain_class": "TERRAIN_CONTEXT", "threshold_note": "LOW_ELEVATION_CONTEXT means <= AOI p25 elevation; it is not a flood extent." }, "geometry": { "type": "Polygon", "coordinates": [ [ [ 127.37725, 36.670625 ], [ 127.37725, 36.67375 ], [ 127.374, 36.67375 ], [ 127.374, 36.670625 ], [ 127.37725, 36.670625 ] ] ] } },
{ "type": "Feature", "properties": { "grid_id": "dem-02-33", "mean_elevation_m": 69.7, "terrain_class": "TERRAIN_CONTEXT", "threshold_note": "LOW_ELEVATION_CONTEXT means <= AOI p25 elevation; it is not a flood extent." }, "geometry": { "type": "Polygon", "coordinates": [ [ [ 127.3805, 36.670625 ], [ 127.3805, 36.67375 ], [ 127.37725, 36.67375 ], [ 127.37725, 36.670625 ], [ 127.3805, 36.670625 ] ] ] } },
{ "type": "Feature", "properties": { "grid_id": "dem-02-34", "mean_elevation_m": 53.52, "terrain_class": "TERRAIN_CONTEXT", "threshold_note": "LOW_ELEVATION_CONTEXT means <= AOI p25 elevation; it is not a flood extent." }, "geometry": { "type": "Polygon", "coordinates": [ [ [ 127.38375, 36.670625 ], [ 127.38375, 36.67375 ], [ 127.3805, 36.67375 ], [ 127.3805, 36.670625 ], [ 127.38375, 36.670625 ] ] ] } },
{ "type": "Feature", "properties": { "grid_id": "dem-02-35", "mean_elevation_m": 46.96, "terrain_class": "TERRAIN_CONTEXT", "threshold_note": "LOW_ELEVATION_CONTEXT means <= AOI p25 elevation; it is not a flood extent." }, "geometry": { "type": "Polygon", "coordinates": [ [ [ 127.387, 36.670625 ], [ 127.387, 36.67375 ], [ 127.38375, 36.67375 ], [ 127.38375, 36.670625 ], [ 127.387, 36.670625 ] ] ] } },
{ "type": "Feature", "properties": { "grid_id": "dem-02-36", "mean_elevation_m": 40.04, "terrain_class": "TERRAIN_CONTEXT", "threshold_note": "LOW_ELEVATION_CONTEXT means <= AOI p25 elevation; it is not a flood extent." }, "geometry": { "type": "Polygon", "coordinates": [ [ [ 127.39025, 36.670625 ], [ 127.39025, 36.67375 ], [ 127.387, 36.67375 ], [ 127.387, 36.670625 ], [ 127.39025, 36.670625 ] ] ] } },
{ "type": "Feature", "properties": { "grid_id": "dem-02-37", "mean_elevation_m": 35.85, "terrain_class": "TERRAIN_CONTEXT", "threshold_note": "LOW_ELEVATION_CONTEXT means <= AOI p25 elevation; it is not a flood extent." }, "geometry": { "type": "Polygon", "coordinates": [ [ [ 127.3935, 36.670625 ], [ 127.3935, 36.67375 ], [ 127.39025, 36.67375 ], [ 127.39025, 36.670625 ], [ 127.3935, 36.670625 ] ] ] } },
{ "type": "Feature", "properties": { "grid_id": "dem-02-38", "mean_elevation_m": 26.85, "terrain_class": "LOW_ELEVATION_CONTEXT", "threshold_note": "LOW_ELEVATION_CONTEXT means <= AOI p25 elevation; it is not a flood extent." }, "geometry": { "type": "Polygon", "coordinates": [ [ [ 127.39675, 36.670625 ], [ 127.39675, 36.67375 ], [ 127.3935, 36.67375 ], [ 127.3935, 36.670625 ], [ 127.39675, 36.670625 ] ] ] } },
{ "type": "Feature", "properties": { "grid_id": "dem-02-39", "mean_elevation_m": 30.24, "terrain_class": "TERRAIN_CONTEXT", "threshold_note": "LOW_ELEVATION_CONTEXT means <= AOI p25 elevation; it is not a flood extent." }, "geometry": { "type": "Polygon", "coordinates": [ [ [ 127.4, 36.670625 ], [ 127.4, 36.67375 ], [ 127.39675, 36.67375 ], [ 127.39675, 36.670625 ], [ 127.4, 36.670625 ] ] ] } },
{ "type": "Feature", "properties": { "grid_id": "dem-03-00", "mean_elevation_m": 67.14, "terrain_class": "TERRAIN_CONTEXT", "threshold_note": "LOW_ELEVATION_CONTEXT means <= AOI p25 elevation; it is not a flood extent." }, "geometry": { "type": "Polygon", "coordinates": [ [ [ 127.27325, 36.6675 ], [ 127.27325, 36.670625 ], [ 127.27, 36.670625 ], [ 127.27, 36.6675 ], [ 127.27325, 36.6675 ] ] ] } },
{ "type": "Feature", "properties": { "grid_id": "dem-03-01", "mean_elevation_m": 57.06, "terrain_class": "TERRAIN_CONTEXT", "threshold_note": "LOW_ELEVATION_CONTEXT means <= AOI p25 elevation; it is not a flood extent." }, "geometry": { "type": "Polygon", "coordinates": [ [ [ 127.2765, 36.6675 ], [ 127.2765, 36.670625 ], [ 127.27325, 36.670625 ], [ 127.27325, 36.6675 ], [ 127.2765, 36.6675 ] ] ] } },
{ "type": "Feature", "properties": { "grid_id": "dem-03-02", "mean_elevation_m": 74.73, "terrain_class": "TERRAIN_CONTEXT", "threshold_note": "LOW_ELEVATION_CONTEXT means <= AOI p25 elevation; it is not a flood extent." }, "geometry": { "type": "Polygon", "coordinates": [ [ [ 127.27975, 36.6675 ], [ 127.27975, 36.670625 ], [ 127.2765, 36.670625 ], [ 127.2765, 36.6675 ], [ 127.27975, 36.6675 ] ] ] } },
{ "type": "Feature", "properties": { "grid_id": "dem-03-03", "mean_elevation_m": 106.54, "terrain_class": "TERRAIN_CONTEXT", "threshold_note": "LOW_ELEVATION_CONTEXT means <= AOI p25 elevation; it is not a flood extent." }, "geometry": { "type": "Polygon", "coordinates": [ [ [ 127.283, 36.6675 ], [ 127.283, 36.670625 ], [ 127.27975, 36.670625 ], [ 127.27975, 36.6675 ], [ 127.283, 36.6675 ] ] ] } },
{ "type": "Feature", "properties": { "grid_id": "dem-03-04", "mean_elevation_m": 147.49, "terrain_class": "TERRAIN_CONTEXT", "threshold_note": "LOW_ELEVATION_CONTEXT means <= AOI p25 elevation; it is not a flood extent." }, "geometry": { "type": "Polygon", "coordinates": [ [ [ 127.28625, 36.6675 ], [ 127.28625, 36.670625 ], [ 127.283, 36.670625 ], [ 127.283, 36.6675 ], [ 127.28625, 36.6675 ] ] ] } },
{ "type": "Feature", "properties": { "grid_id": "dem-03-05", "mean_elevation_m": 213.94, "terrain_class": "TERRAIN_CONTEXT", "threshold_note": "LOW_ELEVATION_CONTEXT means <= AOI p25 elevation; it is not a flood extent." }, "geometry": { "type": "Polygon", "coordinates": [ [ [ 127.2895, 36.6675 ], [ 127.2895, 36.670625 ], [ 127.28625, 36.670625 ], [ 127.28625, 36.6675 ], [ 127.2895, 36.6675 ] ] ] } },
{ "type": "Feature", "properties": { "grid_id": "dem-03-06", "mean_elevation_m": 244.57, "terrain_class": "TERRAIN_CONTEXT", "threshold_note": "LOW_ELEVATION_CONTEXT means <= AOI p25 elevation; it is not a flood extent." }, "geometry": { "type": "Polygon", "coordinates": [ [ [ 127.29275, 36.6675 ], [ 127.29275, 36.670625 ], [ 127.2895, 36.670625 ], [ 127.2895, 36.6675 ], [ 127.29275, 36.6675 ] ] ] } },
{ "type": "Feature", "properties": { "grid_id": "dem-03-07", "mean_elevation_m": 179.15, "terrain_class": "TERRAIN_CONTEXT", "threshold_note": "LOW_ELEVATION_CONTEXT means <= AOI p25 elevation; it is not a flood extent." }, "geometry": { "type": "Polygon", "coordinates": [ [ [ 127.296, 36.6675 ], [ 127.296, 36.670625 ], [ 127.29275, 36.670625 ], [ 127.29275, 36.6675 ], [ 127.296, 36.6675 ] ] ] } },
{ "type": "Feature", "properties": { "grid_id": "dem-03-08", "mean_elevation_m": 123.43, "terrain_class": "TERRAIN_CONTEXT", "threshold_note": "LOW_ELEVATION_CONTEXT means <= AOI p25 elevation; it is not a flood extent." }, "geometry": { "type": "Polygon", "coordinates": [ [ [ 127.29925, 36.6675 ], [ 127.29925, 36.670625 ], [ 127.296, 36.670625 ], [ 127.296, 36.6675 ], [ 127.29925, 36.6675 ] ] ] } },
{ "type": "Feature", "properties": { "grid_id": "dem-03-09", "mean_elevation_m": 136.16, "terrain_class": "TERRAIN_CONTEXT", "threshold_note": "LOW_ELEVATION_CONTEXT means <= AOI p25 elevation; it is not a flood extent." }, "geometry": { "type": "Polygon", "coordinates": [ [ [ 127.3025, 36.6675 ], [ 127.3025, 36.670625 ], [ 127.29925, 36.670625 ], [ 127.29925, 36.6675 ], [ 127.3025, 36.6675 ] ] ] } },
{ "type": "Feature", "properties": { "grid_id": "dem-03-10", "mean_elevation_m": 196.21, "terrain_class": "TERRAIN_CONTEXT", "threshold_note": "LOW_ELEVATION_CONTEXT means <= AOI p25 elevation; it is not a flood extent." }, "geometry": { "type": "Polygon", "coordinates": [ [ [ 127.30575, 36.6675 ], [ 127.30575, 36.670625 ], [ 127.3025, 36.670625 ], [ 127.3025, 36.6675 ], [ 127.30575, 36.6675 ] ] ] } },
{ "type": "Feature", "properties": { "grid_id": "dem-03-11", "mean_elevation_m": 191.42, "terrain_class": "TERRAIN_CONTEXT", "threshold_note": "LOW_ELEVATION_CONTEXT means <= AOI p25 elevation; it is not a flood extent." }, "geometry": { "type": "Polygon", "coordinates": [ [ [ 127.309, 36.6675 ], [ 127.309, 36.670625 ], [ 127.30575, 36.670625 ], [ 127.30575, 36.6675 ], [ 127.309, 36.6675 ] ] ] } },
{ "type": "Feature", "properties": { "grid_id": "dem-03-12", "mean_elevation_m": 151.79, "terrain_class": "TERRAIN_CONTEXT", "threshold_note": "LOW_ELEVATION_CONTEXT means <= AOI p25 elevation; it is not a flood extent." }, "geometry": { "type": "Polygon", "coordinates": [ [ [ 127.31225, 36.6675 ], [ 127.31225, 36.670625 ], [ 127.309, 36.670625 ], [ 127.309, 36.6675 ], [ 127.31225, 36.6675 ] ] ] } },
{ "type": "Feature", "properties": { "grid_id": "dem-03-13", "mean_elevation_m": 154.51, "terrain_class": "TERRAIN_CONTEXT", "threshold_note": "LOW_ELEVATION_CONTEXT means <= AOI p25 elevation; it is not a flood extent." }, "geometry": { "type": "Polygon", "coordinates": [ [ [ 127.3155, 36.6675 ], [ 127.3155, 36.670625 ], [ 127.31225, 36.670625 ], [ 127.31225, 36.6675 ], [ 127.3155, 36.6675 ] ] ] } },
{ "type": "Feature", "properties": { "grid_id": "dem-03-14", "mean_elevation_m": 129.8, "terrain_class": "TERRAIN_CONTEXT", "threshold_note": "LOW_ELEVATION_CONTEXT means <= AOI p25 elevation; it is not a flood extent." }, "geometry": { "type": "Polygon", "coordinates": [ [ [ 127.31875, 36.6675 ], [ 127.31875, 36.670625 ], [ 127.3155, 36.670625 ], [ 127.3155, 36.6675 ], [ 127.31875, 36.6675 ] ] ] } },
{ "type": "Feature", "properties": { "grid_id": "dem-03-15", "mean_elevation_m": 182.92, "terrain_class": "TERRAIN_CONTEXT", "threshold_note": "LOW_ELEVATION_CONTEXT means <= AOI p25 elevation; it is not a flood extent." }, "geometry": { "type": "Polygon", "coordinates": [ [ [ 127.322, 36.6675 ], [ 127.322, 36.670625 ], [ 127.31875, 36.670625 ], [ 127.31875, 36.6675 ], [ 127.322, 36.6675 ] ] ] } },
{ "type": "Feature", "properties": { "grid_id": "dem-03-16", "mean_elevation_m": 198.09, "terrain_class": "TERRAIN_CONTEXT", "threshold_note": "LOW_ELEVATION_CONTEXT means <= AOI p25 elevation; it is not a flood extent." }, "geometry": { "type": "Polygon", "coordinates": [ [ [ 127.32525, 36.6675 ], [ 127.32525, 36.670625 ], [ 127.322, 36.670625 ], [ 127.322, 36.6675 ], [ 127.32525, 36.6675 ] ] ] } },
{ "type": "Feature", "properties": { "grid_id": "dem-03-17", "mean_elevation_m": 181.16, "terrain_class": "TERRAIN_CONTEXT", "threshold_note": "LOW_ELEVATION_CONTEXT means <= AOI p25 elevation; it is not a flood extent." }, "geometry": { "type": "Polygon", "coordinates": [ [ [ 127.3285, 36.6675 ], [ 127.3285, 36.670625 ], [ 127.32525, 36.670625 ], [ 127.32525, 36.6675 ], [ 127.3285, 36.6675 ] ] ] } },
{ "type": "Feature", "properties": { "grid_id": "dem-03-18", "mean_elevation_m": 192.17, "terrain_class": "TERRAIN_CONTEXT", "threshold_note": "LOW_ELEVATION_CONTEXT means <= AOI p25 elevation; it is not a flood extent." }, "geometry": { "type": "Polygon", "coordinates": [ [ [ 127.33175, 36.6675 ], [ 127.33175, 36.670625 ], [ 127.3285, 36.670625 ], [ 127.3285, 36.6675 ], [ 127.33175, 36.6675 ] ] ] } },
{ "type": "Feature", "properties": { "grid_id": "dem-03-19", "mean_elevation_m": 169.4, "terrain_class": "TERRAIN_CONTEXT", "threshold_note": "LOW_ELEVATION_CONTEXT means <= AOI p25 elevation; it is not a flood extent." }, "geometry": { "type": "Polygon", "coordinates": [ [ [ 127.335, 36.6675 ], [ 127.335, 36.670625 ], [ 127.33175, 36.670625 ], [ 127.33175, 36.6675 ], [ 127.335, 36.6675 ] ] ] } },
{ "type": "Feature", "properties": { "grid_id": "dem-03-20", "mean_elevation_m": 102.35, "terrain_class": "TERRAIN_CONTEXT", "threshold_note": "LOW_ELEVATION_CONTEXT means <= AOI p25 elevation; it is not a flood extent." }, "geometry": { "type": "Polygon", "coordinates": [ [ [ 127.33825, 36.6675 ], [ 127.33825, 36.670625 ], [ 127.335, 36.670625 ], [ 127.335, 36.6675 ], [ 127.33825, 36.6675 ] ] ] } },
{ "type": "Feature", "properties": { "grid_id": "dem-03-21", "mean_elevation_m": 59.26, "terrain_class": "TERRAIN_CONTEXT", "threshold_note": "LOW_ELEVATION_CONTEXT means <= AOI p25 elevation; it is not a flood extent." }, "geometry": { "type": "Polygon", "coordinates": [ [ [ 127.3415, 36.6675 ], [ 127.3415, 36.670625 ], [ 127.33825, 36.670625 ], [ 127.33825, 36.6675 ], [ 127.3415, 36.6675 ] ] ] } },
{ "type": "Feature", "properties": { "grid_id": "dem-03-22", "mean_elevation_m": 39.41, "terrain_class": "TERRAIN_CONTEXT", "threshold_note": "LOW_ELEVATION_CONTEXT means <= AOI p25 elevation; it is not a flood extent." }, "geometry": { "type": "Polygon", "coordinates": [ [ [ 127.34475, 36.6675 ], [ 127.34475, 36.670625 ], [ 127.3415, 36.670625 ], [ 127.3415, 36.6675 ], [ 127.34475, 36.6675 ] ] ] } },
{ "type": "Feature", "properties": { "grid_id": "dem-03-23", "mean_elevation_m": 35.05, "terrain_class": "TERRAIN_CONTEXT", "threshold_note": "LOW_ELEVATION_CONTEXT means <= AOI p25 elevation; it is not a flood extent." }, "geometry": { "type": "Polygon", "coordinates": [ [ [ 127.348, 36.6675 ], [ 127.348, 36.670625 ], [ 127.34475, 36.670625 ], [ 127.34475, 36.6675 ], [ 127.348, 36.6675 ] ] ] } },
{ "type": "Feature", "properties": { "grid_id": "dem-03-24", "mean_elevation_m": 33.02, "terrain_class": "TERRAIN_CONTEXT", "threshold_note": "LOW_ELEVATION_CONTEXT means <= AOI p25 elevation; it is not a flood extent." }, "geometry": { "type": "Polygon", "coordinates": [ [ [ 127.35125, 36.6675 ], [ 127.35125, 36.670625 ], [ 127.348, 36.670625 ], [ 127.348, 36.6675 ], [ 127.35125, 36.6675 ] ] ] } },
{ "type": "Feature", "properties": { "grid_id": "dem-03-25", "mean_elevation_m": 43.72, "terrain_class": "TERRAIN_CONTEXT", "threshold_note": "LOW_ELEVATION_CONTEXT means <= AOI p25 elevation; it is not a flood extent." }, "geometry": { "type": "Polygon", "coordinates": [ [ [ 127.3545, 36.6675 ], [ 127.3545, 36.670625 ], [ 127.35125, 36.670625 ], [ 127.35125, 36.6675 ], [ 127.3545, 36.6675 ] ] ] } },
{ "type": "Feature", "properties": { "grid_id": "dem-03-26", "mean_elevation_m": 59.5, "terrain_class": "TERRAIN_CONTEXT", "threshold_note": "LOW_ELEVATION_CONTEXT means <= AOI p25 elevation; it is not a flood extent." }, "geometry": { "type": "Polygon", "coordinates": [ [ [ 127.35775, 36.6675 ], [ 127.35775, 36.670625 ], [ 127.3545, 36.670625 ], [ 127.3545, 36.6675 ], [ 127.35775, 36.6675 ] ] ] } },
{ "type": "Feature", "properties": { "grid_id": "dem-03-27", "mean_elevation_m": 89.16, "terrain_class": "TERRAIN_CONTEXT", "threshold_note": "LOW_ELEVATION_CONTEXT means <= AOI p25 elevation; it is not a flood extent." }, "geometry": { "type": "Polygon", "coordinates": [ [ [ 127.361, 36.6675 ], [ 127.361, 36.670625 ], [ 127.35775, 36.670625 ], [ 127.35775, 36.6675 ], [ 127.361, 36.6675 ] ] ] } },
{ "type": "Feature", "properties": { "grid_id": "dem-03-28", "mean_elevation_m": 86.56, "terrain_class": "TERRAIN_CONTEXT", "threshold_note": "LOW_ELEVATION_CONTEXT means <= AOI p25 elevation; it is not a flood extent." }, "geometry": { "type": "Polygon", "coordinates": [ [ [ 127.36425, 36.6675 ], [ 127.36425, 36.670625 ], [ 127.361, 36.670625 ], [ 127.361, 36.6675 ], [ 127.36425, 36.6675 ] ] ] } },
{ "type": "Feature", "properties": { "grid_id": "dem-03-29", "mean_elevation_m": 59.82, "terrain_class": "TERRAIN_CONTEXT", "threshold_note": "LOW_ELEVATION_CONTEXT means <= AOI p25 elevation; it is not a flood extent." }, "geometry": { "type": "Polygon", "coordinates": [ [ [ 127.3675, 36.6675 ], [ 127.3675, 36.670625 ], [ 127.36425, 36.670625 ], [ 127.36425, 36.6675 ], [ 127.3675, 36.6675 ] ] ] } },
{ "type": "Feature", "properties": { "grid_id": "dem-03-30", "mean_elevation_m": 46.79, "terrain_class": "TERRAIN_CONTEXT", "threshold_note": "LOW_ELEVATION_CONTEXT means <= AOI p25 elevation; it is not a flood extent." }, "geometry": { "type": "Polygon", "coordinates": [ [ [ 127.37075, 36.6675 ], [ 127.37075, 36.670625 ], [ 127.3675, 36.670625 ], [ 127.3675, 36.6675 ], [ 127.37075, 36.6675 ] ] ] } },
{ "type": "Feature", "properties": { "grid_id": "dem-03-31", "mean_elevation_m": 40.42, "terrain_class": "TERRAIN_CONTEXT", "threshold_note": "LOW_ELEVATION_CONTEXT means <= AOI p25 elevation; it is not a flood extent." }, "geometry": { "type": "Polygon", "coordinates": [ [ [ 127.374, 36.6675 ], [ 127.374, 36.670625 ], [ 127.37075, 36.670625 ], [ 127.37075, 36.6675 ], [ 127.374, 36.6675 ] ] ] } },
{ "type": "Feature", "properties": { "grid_id": "dem-03-32", "mean_elevation_m": 62.45, "terrain_class": "TERRAIN_CONTEXT", "threshold_note": "LOW_ELEVATION_CONTEXT means <= AOI p25 elevation; it is not a flood extent." }, "geometry": { "type": "Polygon", "coordinates": [ [ [ 127.37725, 36.6675 ], [ 127.37725, 36.670625 ], [ 127.374, 36.670625 ], [ 127.374, 36.6675 ], [ 127.37725, 36.6675 ] ] ] } },
{ "type": "Feature", "properties": { "grid_id": "dem-03-33", "mean_elevation_m": 70.84, "terrain_class": "TERRAIN_CONTEXT", "threshold_note": "LOW_ELEVATION_CONTEXT means <= AOI p25 elevation; it is not a flood extent." }, "geometry": { "type": "Polygon", "coordinates": [ [ [ 127.3805, 36.6675 ], [ 127.3805, 36.670625 ], [ 127.37725, 36.670625 ], [ 127.37725, 36.6675 ], [ 127.3805, 36.6675 ] ] ] } },
{ "type": "Feature", "properties": { "grid_id": "dem-03-34", "mean_elevation_m": 49.43, "terrain_class": "TERRAIN_CONTEXT", "threshold_note": "LOW_ELEVATION_CONTEXT means <= AOI p25 elevation; it is not a flood extent." }, "geometry": { "type": "Polygon", "coordinates": [ [ [ 127.38375, 36.6675 ], [ 127.38375, 36.670625 ], [ 127.3805, 36.670625 ], [ 127.3805, 36.6675 ], [ 127.38375, 36.6675 ] ] ] } },
{ "type": "Feature", "properties": { "grid_id": "dem-03-35", "mean_elevation_m": 33.85, "terrain_class": "TERRAIN_CONTEXT", "threshold_note": "LOW_ELEVATION_CONTEXT means <= AOI p25 elevation; it is not a flood extent." }, "geometry": { "type": "Polygon", "coordinates": [ [ [ 127.387, 36.6675 ], [ 127.387, 36.670625 ], [ 127.38375, 36.670625 ], [ 127.38375, 36.6675 ], [ 127.387, 36.6675 ] ] ] } },
{ "type": "Feature", "properties": { "grid_id": "dem-03-36", "mean_elevation_m": 29.98, "terrain_class": "LOW_ELEVATION_CONTEXT", "threshold_note": "LOW_ELEVATION_CONTEXT means <= AOI p25 elevation; it is not a flood extent." }, "geometry": { "type": "Polygon", "coordinates": [ [ [ 127.39025, 36.6675 ], [ 127.39025, 36.670625 ], [ 127.387, 36.670625 ], [ 127.387, 36.6675 ], [ 127.39025, 36.6675 ] ] ] } },
{ "type": "Feature", "properties": { "grid_id": "dem-03-37", "mean_elevation_m": 27.64, "terrain_class": "LOW_ELEVATION_CONTEXT", "threshold_note": "LOW_ELEVATION_CONTEXT means <= AOI p25 elevation; it is not a flood extent." }, "geometry": { "type": "Polygon", "coordinates": [ [ [ 127.3935, 36.6675 ], [ 127.3935, 36.670625 ], [ 127.39025, 36.670625 ], [ 127.39025, 36.6675 ], [ 127.3935, 36.6675 ] ] ] } },
{ "type": "Feature", "properties": { "grid_id": "dem-03-38", "mean_elevation_m": 31.28, "terrain_class": "TERRAIN_CONTEXT", "threshold_note": "LOW_ELEVATION_CONTEXT means <= AOI p25 elevation; it is not a flood extent." }, "geometry": { "type": "Polygon", "coordinates": [ [ [ 127.39675, 36.6675 ], [ 127.39675, 36.670625 ], [ 127.3935, 36.670625 ], [ 127.3935, 36.6675 ], [ 127.39675, 36.6675 ] ] ] } },
{ "type": "Feature", "properties": { "grid_id": "dem-03-39", "mean_elevation_m": 29.94, "terrain_class": "LOW_ELEVATION_CONTEXT", "threshold_note": "LOW_ELEVATION_CONTEXT means <= AOI p25 elevation; it is not a flood extent." }, "geometry": { "type": "Polygon", "coordinates": [ [ [ 127.4, 36.6675 ], [ 127.4, 36.670625 ], [ 127.39675, 36.670625 ], [ 127.39675, 36.6675 ], [ 127.4, 36.6675 ] ] ] } },
{ "type": "Feature", "properties": { "grid_id": "dem-04-00", "mean_elevation_m": 88.06, "terrain_class": "TERRAIN_CONTEXT", "threshold_note": "LOW_ELEVATION_CONTEXT means <= AOI p25 elevation; it is not a flood extent." }, "geometry": { "type": "Polygon", "coordinates": [ [ [ 127.27325, 36.664375 ], [ 127.27325, 36.6675 ], [ 127.27, 36.6675 ], [ 127.27, 36.664375 ], [ 127.27325, 36.664375 ] ] ] } },
{ "type": "Feature", "properties": { "grid_id": "dem-04-01", "mean_elevation_m": 60.81, "terrain_class": "TERRAIN_CONTEXT", "threshold_note": "LOW_ELEVATION_CONTEXT means <= AOI p25 elevation; it is not a flood extent." }, "geometry": { "type": "Polygon", "coordinates": [ [ [ 127.2765, 36.664375 ], [ 127.2765, 36.6675 ], [ 127.27325, 36.6675 ], [ 127.27325, 36.664375 ], [ 127.2765, 36.664375 ] ] ] } },
{ "type": "Feature", "properties": { "grid_id": "dem-04-02", "mean_elevation_m": 113.92, "terrain_class": "TERRAIN_CONTEXT", "threshold_note": "LOW_ELEVATION_CONTEXT means <= AOI p25 elevation; it is not a flood extent." }, "geometry": { "type": "Polygon", "coordinates": [ [ [ 127.27975, 36.664375 ], [ 127.27975, 36.6675 ], [ 127.2765, 36.6675 ], [ 127.2765, 36.664375 ], [ 127.27975, 36.664375 ] ] ] } },
{ "type": "Feature", "properties": { "grid_id": "dem-04-03", "mean_elevation_m": 123.37, "terrain_class": "TERRAIN_CONTEXT", "threshold_note": "LOW_ELEVATION_CONTEXT means <= AOI p25 elevation; it is not a flood extent." }, "geometry": { "type": "Polygon", "coordinates": [ [ [ 127.283, 36.664375 ], [ 127.283, 36.6675 ], [ 127.27975, 36.6675 ], [ 127.27975, 36.664375 ], [ 127.283, 36.664375 ] ] ] } },
{ "type": "Feature", "properties": { "grid_id": "dem-04-04", "mean_elevation_m": 183.48, "terrain_class": "TERRAIN_CONTEXT", "threshold_note": "LOW_ELEVATION_CONTEXT means <= AOI p25 elevation; it is not a flood extent." }, "geometry": { "type": "Polygon", "coordinates": [ [ [ 127.28625, 36.664375 ], [ 127.28625, 36.6675 ], [ 127.283, 36.6675 ], [ 127.283, 36.664375 ], [ 127.28625, 36.664375 ] ] ] } },
{ "type": "Feature", "properties": { "grid_id": "dem-04-05", "mean_elevation_m": 222.32, "terrain_class": "TERRAIN_CONTEXT", "threshold_note": "LOW_ELEVATION_CONTEXT means <= AOI p25 elevation; it is not a flood extent." }, "geometry": { "type": "Polygon", "coordinates": [ [ [ 127.2895, 36.664375 ], [ 127.2895, 36.6675 ], [ 127.28625, 36.6675 ], [ 127.28625, 36.664375 ], [ 127.2895, 36.664375 ] ] ] } },
{ "type": "Feature", "properties": { "grid_id": "dem-04-06", "mean_elevation_m": 153.34, "terrain_class": "TERRAIN_CONTEXT", "threshold_note": "LOW_ELEVATION_CONTEXT means <= AOI p25 elevation; it is not a flood extent." }, "geometry": { "type": "Polygon", "coordinates": [ [ [ 127.29275, 36.664375 ], [ 127.29275, 36.6675 ], [ 127.2895, 36.6675 ], [ 127.2895, 36.664375 ], [ 127.29275, 36.664375 ] ] ] } },
{ "type": "Feature", "properties": { "grid_id": "dem-04-07", "mean_elevation_m": 106.05, "terrain_class": "TERRAIN_CONTEXT", "threshold_note": "LOW_ELEVATION_CONTEXT means <= AOI p25 elevation; it is not a flood extent." }, "geometry": { "type": "Polygon", "coordinates": [ [ [ 127.296, 36.664375 ], [ 127.296, 36.6675 ], [ 127.29275, 36.6675 ], [ 127.29275, 36.664375 ], [ 127.296, 36.664375 ] ] ] } },
{ "type": "Feature", "properties": { "grid_id": "dem-04-08", "mean_elevation_m": 143.69, "terrain_class": "TERRAIN_CONTEXT", "threshold_note": "LOW_ELEVATION_CONTEXT means <= AOI p25 elevation; it is not a flood extent." }, "geometry": { "type": "Polygon", "coordinates": [ [ [ 127.29925, 36.664375 ], [ 127.29925, 36.6675 ], [ 127.296, 36.6675 ], [ 127.296, 36.664375 ], [ 127.29925, 36.664375 ] ] ] } },
{ "type": "Feature", "properties": { "grid_id": "dem-04-09", "mean_elevation_m": 198.21, "terrain_class": "TERRAIN_CONTEXT", "threshold_note": "LOW_ELEVATION_CONTEXT means <= AOI p25 elevation; it is not a flood extent." }, "geometry": { "type": "Polygon", "coordinates": [ [ [ 127.3025, 36.664375 ], [ 127.3025, 36.6675 ], [ 127.29925, 36.6675 ], [ 127.29925, 36.664375 ], [ 127.3025, 36.664375 ] ] ] } },
{ "type": "Feature", "properties": { "grid_id": "dem-04-10", "mean_elevation_m": 223.17, "terrain_class": "TERRAIN_CONTEXT", "threshold_note": "LOW_ELEVATION_CONTEXT means <= AOI p25 elevation; it is not a flood extent." }, "geometry": { "type": "Polygon", "coordinates": [ [ [ 127.30575, 36.664375 ], [ 127.30575, 36.6675 ], [ 127.3025, 36.6675 ], [ 127.3025, 36.664375 ], [ 127.30575, 36.664375 ] ] ] } },
{ "type": "Feature", "properties": { "grid_id": "dem-04-11", "mean_elevation_m": 210.54, "terrain_class": "TERRAIN_CONTEXT", "threshold_note": "LOW_ELEVATION_CONTEXT means <= AOI p25 elevation; it is not a flood extent." }, "geometry": { "type": "Polygon", "coordinates": [ [ [ 127.309, 36.664375 ], [ 127.309, 36.6675 ], [ 127.30575, 36.6675 ], [ 127.30575, 36.664375 ], [ 127.309, 36.664375 ] ] ] } },
{ "type": "Feature", "properties": { "grid_id": "dem-04-12", "mean_elevation_m": 225.58, "terrain_class": "TERRAIN_CONTEXT", "threshold_note": "LOW_ELEVATION_CONTEXT means <= AOI p25 elevation; it is not a flood extent." }, "geometry": { "type": "Polygon", "coordinates": [ [ [ 127.31225, 36.664375 ], [ 127.31225, 36.6675 ], [ 127.309, 36.6675 ], [ 127.309, 36.664375 ], [ 127.31225, 36.664375 ] ] ] } },
{ "type": "Feature", "properties": { "grid_id": "dem-04-13", "mean_elevation_m": 201.5, "terrain_class": "TERRAIN_CONTEXT", "threshold_note": "LOW_ELEVATION_CONTEXT means <= AOI p25 elevation; it is not a flood extent." }, "geometry": { "type": "Polygon", "coordinates": [ [ [ 127.3155, 36.664375 ], [ 127.3155, 36.6675 ], [ 127.31225, 36.6675 ], [ 127.31225, 36.664375 ], [ 127.3155, 36.664375 ] ] ] } },
{ "type": "Feature", "properties": { "grid_id": "dem-04-14", "mean_elevation_m": 171.12, "terrain_class": "TERRAIN_CONTEXT", "threshold_note": "LOW_ELEVATION_CONTEXT means <= AOI p25 elevation; it is not a flood extent." }, "geometry": { "type": "Polygon", "coordinates": [ [ [ 127.31875, 36.664375 ], [ 127.31875, 36.6675 ], [ 127.3155, 36.6675 ], [ 127.3155, 36.664375 ], [ 127.31875, 36.664375 ] ] ] } },
{ "type": "Feature", "properties": { "grid_id": "dem-04-15", "mean_elevation_m": 185.59, "terrain_class": "TERRAIN_CONTEXT", "threshold_note": "LOW_ELEVATION_CONTEXT means <= AOI p25 elevation; it is not a flood extent." }, "geometry": { "type": "Polygon", "coordinates": [ [ [ 127.322, 36.664375 ], [ 127.322, 36.6675 ], [ 127.31875, 36.6675 ], [ 127.31875, 36.664375 ], [ 127.322, 36.664375 ] ] ] } },
{ "type": "Feature", "properties": { "grid_id": "dem-04-16", "mean_elevation_m": 176.38, "terrain_class": "TERRAIN_CONTEXT", "threshold_note": "LOW_ELEVATION_CONTEXT means <= AOI p25 elevation; it is not a flood extent." }, "geometry": { "type": "Polygon", "coordinates": [ [ [ 127.32525, 36.664375 ], [ 127.32525, 36.6675 ], [ 127.322, 36.6675 ], [ 127.322, 36.664375 ], [ 127.32525, 36.664375 ] ] ] } },
{ "type": "Feature", "properties": { "grid_id": "dem-04-17", "mean_elevation_m": 156.37, "terrain_class": "TERRAIN_CONTEXT", "threshold_note": "LOW_ELEVATION_CONTEXT means <= AOI p25 elevation; it is not a flood extent." }, "geometry": { "type": "Polygon", "coordinates": [ [ [ 127.3285, 36.664375 ], [ 127.3285, 36.6675 ], [ 127.32525, 36.6675 ], [ 127.32525, 36.664375 ], [ 127.3285, 36.664375 ] ] ] } },
{ "type": "Feature", "properties": { "grid_id": "dem-04-18", "mean_elevation_m": 119.2, "terrain_class": "TERRAIN_CONTEXT", "threshold_note": "LOW_ELEVATION_CONTEXT means <= AOI p25 elevation; it is not a flood extent." }, "geometry": { "type": "Polygon", "coordinates": [ [ [ 127.33175, 36.664375 ], [ 127.33175, 36.6675 ], [ 127.3285, 36.6675 ], [ 127.3285, 36.664375 ], [ 127.33175, 36.664375 ] ] ] } },
{ "type": "Feature", "properties": { "grid_id": "dem-04-19", "mean_elevation_m": 126.74, "terrain_class": "TERRAIN_CONTEXT", "threshold_note": "LOW_ELEVATION_CONTEXT means <= AOI p25 elevation; it is not a flood extent." }, "geometry": { "type": "Polygon", "coordinates": [ [ [ 127.335, 36.664375 ], [ 127.335, 36.6675 ], [ 127.33175, 36.6675 ], [ 127.33175, 36.664375 ], [ 127.335, 36.664375 ] ] ] } },
{ "type": "Feature", "properties": { "grid_id": "dem-04-20", "mean_elevation_m": 66.98, "terrain_class": "TERRAIN_CONTEXT", "threshold_note": "LOW_ELEVATION_CONTEXT means <= AOI p25 elevation; it is not a flood extent." }, "geometry": { "type": "Polygon", "coordinates": [ [ [ 127.33825, 36.664375 ], [ 127.33825, 36.6675 ], [ 127.335, 36.6675 ], [ 127.335, 36.664375 ], [ 127.33825, 36.664375 ] ] ] } },
{ "type": "Feature", "properties": { "grid_id": "dem-04-21", "mean_elevation_m": 35.11, "terrain_class": "TERRAIN_CONTEXT", "threshold_note": "LOW_ELEVATION_CONTEXT means <= AOI p25 elevation; it is not a flood extent." }, "geometry": { "type": "Polygon", "coordinates": [ [ [ 127.3415, 36.664375 ], [ 127.3415, 36.6675 ], [ 127.33825, 36.6675 ], [ 127.33825, 36.664375 ], [ 127.3415, 36.664375 ] ] ] } },
{ "type": "Feature", "properties": { "grid_id": "dem-04-22", "mean_elevation_m": 57.21, "terrain_class": "TERRAIN_CONTEXT", "threshold_note": "LOW_ELEVATION_CONTEXT means <= AOI p25 elevation; it is not a flood extent." }, "geometry": { "type": "Polygon", "coordinates": [ [ [ 127.34475, 36.664375 ], [ 127.34475, 36.6675 ], [ 127.3415, 36.6675 ], [ 127.3415, 36.664375 ], [ 127.34475, 36.664375 ] ] ] } },
{ "type": "Feature", "properties": { "grid_id": "dem-04-23", "mean_elevation_m": 66.38, "terrain_class": "TERRAIN_CONTEXT", "threshold_note": "LOW_ELEVATION_CONTEXT means <= AOI p25 elevation; it is not a flood extent." }, "geometry": { "type": "Polygon", "coordinates": [ [ [ 127.348, 36.664375 ], [ 127.348, 36.6675 ], [ 127.34475, 36.6675 ], [ 127.34475, 36.664375 ], [ 127.348, 36.664375 ] ] ] } },
{ "type": "Feature", "properties": { "grid_id": "dem-04-24", "mean_elevation_m": 76.13, "terrain_class": "TERRAIN_CONTEXT", "threshold_note": "LOW_ELEVATION_CONTEXT means <= AOI p25 elevation; it is not a flood extent." }, "geometry": { "type": "Polygon", "coordinates": [ [ [ 127.35125, 36.664375 ], [ 127.35125, 36.6675 ], [ 127.348, 36.6675 ], [ 127.348, 36.664375 ], [ 127.35125, 36.664375 ] ] ] } },
{ "type": "Feature", "properties": { "grid_id": "dem-04-25", "mean_elevation_m": 93.95, "terrain_class": "TERRAIN_CONTEXT", "threshold_note": "LOW_ELEVATION_CONTEXT means <= AOI p25 elevation; it is not a flood extent." }, "geometry": { "type": "Polygon", "coordinates": [ [ [ 127.3545, 36.664375 ], [ 127.3545, 36.6675 ], [ 127.35125, 36.6675 ], [ 127.35125, 36.664375 ], [ 127.3545, 36.664375 ] ] ] } },
{ "type": "Feature", "properties": { "grid_id": "dem-04-26", "mean_elevation_m": 147.13, "terrain_class": "TERRAIN_CONTEXT", "threshold_note": "LOW_ELEVATION_CONTEXT means <= AOI p25 elevation; it is not a flood extent." }, "geometry": { "type": "Polygon", "coordinates": [ [ [ 127.35775, 36.664375 ], [ 127.35775, 36.6675 ], [ 127.3545, 36.6675 ], [ 127.3545, 36.664375 ], [ 127.35775, 36.664375 ] ] ] } },
{ "type": "Feature", "properties": { "grid_id": "dem-04-27", "mean_elevation_m": 118.23, "terrain_class": "TERRAIN_CONTEXT", "threshold_note": "LOW_ELEVATION_CONTEXT means <= AOI p25 elevation; it is not a flood extent." }, "geometry": { "type": "Polygon", "coordinates": [ [ [ 127.361, 36.664375 ], [ 127.361, 36.6675 ], [ 127.35775, 36.6675 ], [ 127.35775, 36.664375 ], [ 127.361, 36.664375 ] ] ] } },
{ "type": "Feature", "properties": { "grid_id": "dem-04-28", "mean_elevation_m": 67.42, "terrain_class": "TERRAIN_CONTEXT", "threshold_note": "LOW_ELEVATION_CONTEXT means <= AOI p25 elevation; it is not a flood extent." }, "geometry": { "type": "Polygon", "coordinates": [ [ [ 127.36425, 36.664375 ], [ 127.36425, 36.6675 ], [ 127.361, 36.6675 ], [ 127.361, 36.664375 ], [ 127.36425, 36.664375 ] ] ] } },
{ "type": "Feature", "properties": { "grid_id": "dem-04-29", "mean_elevation_m": 51.27, "terrain_class": "TERRAIN_CONTEXT", "threshold_note": "LOW_ELEVATION_CONTEXT means <= AOI p25 elevation; it is not a flood extent." }, "geometry": { "type": "Polygon", "coordinates": [ [ [ 127.3675, 36.664375 ], [ 127.3675, 36.6675 ], [ 127.36425, 36.6675 ], [ 127.36425, 36.664375 ], [ 127.3675, 36.664375 ] ] ] } },
{ "type": "Feature", "properties": { "grid_id": "dem-04-30", "mean_elevation_m": 39.72, "terrain_class": "TERRAIN_CONTEXT", "threshold_note": "LOW_ELEVATION_CONTEXT means <= AOI p25 elevation; it is not a flood extent." }, "geometry": { "type": "Polygon", "coordinates": [ [ [ 127.37075, 36.664375 ], [ 127.37075, 36.6675 ], [ 127.3675, 36.6675 ], [ 127.3675, 36.664375 ], [ 127.37075, 36.664375 ] ] ] } },
{ "type": "Feature", "properties": { "grid_id": "dem-04-31", "mean_elevation_m": 37.57, "terrain_class": "TERRAIN_CONTEXT", "threshold_note": "LOW_ELEVATION_CONTEXT means <= AOI p25 elevation; it is not a flood extent." }, "geometry": { "type": "Polygon", "coordinates": [ [ [ 127.374, 36.664375 ], [ 127.374, 36.6675 ], [ 127.37075, 36.6675 ], [ 127.37075, 36.664375 ], [ 127.374, 36.664375 ] ] ] } },
{ "type": "Feature", "properties": { "grid_id": "dem-04-32", "mean_elevation_m": 43.02, "terrain_class": "TERRAIN_CONTEXT", "threshold_note": "LOW_ELEVATION_CONTEXT means <= AOI p25 elevation; it is not a flood extent." }, "geometry": { "type": "Polygon", "coordinates": [ [ [ 127.37725, 36.664375 ], [ 127.37725, 36.6675 ], [ 127.374, 36.6675 ], [ 127.374, 36.664375 ], [ 127.37725, 36.664375 ] ] ] } },
{ "type": "Feature", "properties": { "grid_id": "dem-04-33", "mean_elevation_m": 47.41, "terrain_class": "TERRAIN_CONTEXT", "threshold_note": "LOW_ELEVATION_CONTEXT means <= AOI p25 elevation; it is not a flood extent." }, "geometry": { "type": "Polygon", "coordinates": [ [ [ 127.3805, 36.664375 ], [ 127.3805, 36.6675 ], [ 127.37725, 36.6675 ], [ 127.37725, 36.664375 ], [ 127.3805, 36.664375 ] ] ] } },
{ "type": "Feature", "properties": { "grid_id": "dem-04-34", "mean_elevation_m": 32.01, "terrain_class": "TERRAIN_CONTEXT", "threshold_note": "LOW_ELEVATION_CONTEXT means <= AOI p25 elevation; it is not a flood extent." }, "geometry": { "type": "Polygon", "coordinates": [ [ [ 127.38375, 36.664375 ], [ 127.38375, 36.6675 ], [ 127.3805, 36.6675 ], [ 127.3805, 36.664375 ], [ 127.38375, 36.664375 ] ] ] } },
{ "type": "Feature", "properties": { "grid_id": "dem-04-35", "mean_elevation_m": 29.84, "terrain_class": "LOW_ELEVATION_CONTEXT", "threshold_note": "LOW_ELEVATION_CONTEXT means <= AOI p25 elevation; it is not a flood extent." }, "geometry": { "type": "Polygon", "coordinates": [ [ [ 127.387, 36.664375 ], [ 127.387, 36.6675 ], [ 127.38375, 36.6675 ], [ 127.38375, 36.664375 ], [ 127.387, 36.664375 ] ] ] } },
{ "type": "Feature", "properties": { "grid_id": "dem-04-36", "mean_elevation_m": 27.62, "terrain_class": "LOW_ELEVATION_CONTEXT", "threshold_note": "LOW_ELEVATION_CONTEXT means <= AOI p25 elevation; it is not a flood extent." }, "geometry": { "type": "Polygon", "coordinates": [ [ [ 127.39025, 36.664375 ], [ 127.39025, 36.6675 ], [ 127.387, 36.6675 ], [ 127.387, 36.664375 ], [ 127.39025, 36.664375 ] ] ] } },
{ "type": "Feature", "properties": { "grid_id": "dem-04-37", "mean_elevation_m": 30.2, "terrain_class": "TERRAIN_CONTEXT", "threshold_note": "LOW_ELEVATION_CONTEXT means <= AOI p25 elevation; it is not a flood extent." }, "geometry": { "type": "Polygon", "coordinates": [ [ [ 127.3935, 36.664375 ], [ 127.3935, 36.6675 ], [ 127.39025, 36.6675 ], [ 127.39025, 36.664375 ], [ 127.3935, 36.664375 ] ] ] } },
{ "type": "Feature", "properties": { "grid_id": "dem-04-38", "mean_elevation_m": 34.83, "terrain_class": "TERRAIN_CONTEXT", "threshold_note": "LOW_ELEVATION_CONTEXT means <= AOI p25 elevation; it is not a flood extent." }, "geometry": { "type": "Polygon", "coordinates": [ [ [ 127.39675, 36.664375 ], [ 127.39675, 36.6675 ], [ 127.3935, 36.6675 ], [ 127.3935, 36.664375 ], [ 127.39675, 36.664375 ] ] ] } },
{ "type": "Feature", "properties": { "grid_id": "dem-04-39", "mean_elevation_m": 31.78, "terrain_class": "TERRAIN_CONTEXT", "threshold_note": "LOW_ELEVATION_CONTEXT means <= AOI p25 elevation; it is not a flood extent." }, "geometry": { "type": "Polygon", "coordinates": [ [ [ 127.4, 36.664375 ], [ 127.4, 36.6675 ], [ 127.39675, 36.6675 ], [ 127.39675, 36.664375 ], [ 127.4, 36.664375 ] ] ] } },
{ "type": "Feature", "properties": { "grid_id": "dem-05-00", "mean_elevation_m": 72.83, "terrain_class": "TERRAIN_CONTEXT", "threshold_note": "LOW_ELEVATION_CONTEXT means <= AOI p25 elevation; it is not a flood extent." }, "geometry": { "type": "Polygon", "coordinates": [ [ [ 127.27325, 36.66125 ], [ 127.27325, 36.664375 ], [ 127.27, 36.664375 ], [ 127.27, 36.66125 ], [ 127.27325, 36.66125 ] ] ] } },
{ "type": "Feature", "properties": { "grid_id": "dem-05-01", "mean_elevation_m": 52.76, "terrain_class": "TERRAIN_CONTEXT", "threshold_note": "LOW_ELEVATION_CONTEXT means <= AOI p25 elevation; it is not a flood extent." }, "geometry": { "type": "Polygon", "coordinates": [ [ [ 127.2765, 36.66125 ], [ 127.2765, 36.664375 ], [ 127.27325, 36.664375 ], [ 127.27325, 36.66125 ], [ 127.2765, 36.66125 ] ] ] } },
{ "type": "Feature", "properties": { "grid_id": "dem-05-02", "mean_elevation_m": 99.33, "terrain_class": "TERRAIN_CONTEXT", "threshold_note": "LOW_ELEVATION_CONTEXT means <= AOI p25 elevation; it is not a flood extent." }, "geometry": { "type": "Polygon", "coordinates": [ [ [ 127.27975, 36.66125 ], [ 127.27975, 36.664375 ], [ 127.2765, 36.664375 ], [ 127.2765, 36.66125 ], [ 127.27975, 36.66125 ] ] ] } },
{ "type": "Feature", "properties": { "grid_id": "dem-05-03", "mean_elevation_m": 143.01, "terrain_class": "TERRAIN_CONTEXT", "threshold_note": "LOW_ELEVATION_CONTEXT means <= AOI p25 elevation; it is not a flood extent." }, "geometry": { "type": "Polygon", "coordinates": [ [ [ 127.283, 36.66125 ], [ 127.283, 36.664375 ], [ 127.27975, 36.664375 ], [ 127.27975, 36.66125 ], [ 127.283, 36.66125 ] ] ] } },
{ "type": "Feature", "properties": { "grid_id": "dem-05-04", "mean_elevation_m": 167.16, "terrain_class": "TERRAIN_CONTEXT", "threshold_note": "LOW_ELEVATION_CONTEXT means <= AOI p25 elevation; it is not a flood extent." }, "geometry": { "type": "Polygon", "coordinates": [ [ [ 127.28625, 36.66125 ], [ 127.28625, 36.664375 ], [ 127.283, 36.664375 ], [ 127.283, 36.66125 ], [ 127.28625, 36.66125 ] ] ] } },
{ "type": "Feature", "properties": { "grid_id": "dem-05-05", "mean_elevation_m": 128.63, "terrain_class": "TERRAIN_CONTEXT", "threshold_note": "LOW_ELEVATION_CONTEXT means <= AOI p25 elevation; it is not a flood extent." }, "geometry": { "type": "Polygon", "coordinates": [ [ [ 127.2895, 36.66125 ], [ 127.2895, 36.664375 ], [ 127.28625, 36.664375 ], [ 127.28625, 36.66125 ], [ 127.2895, 36.66125 ] ] ] } },
{ "type": "Feature", "properties": { "grid_id": "dem-05-06", "mean_elevation_m": 107.71, "terrain_class": "TERRAIN_CONTEXT", "threshold_note": "LOW_ELEVATION_CONTEXT means <= AOI p25 elevation; it is not a flood extent." }, "geometry": { "type": "Polygon", "coordinates": [ [ [ 127.29275, 36.66125 ], [ 127.29275, 36.664375 ], [ 127.2895, 36.664375 ], [ 127.2895, 36.66125 ], [ 127.29275, 36.66125 ] ] ] } },
{ "type": "Feature", "properties": { "grid_id": "dem-05-07", "mean_elevation_m": 128.91, "terrain_class": "TERRAIN_CONTEXT", "threshold_note": "LOW_ELEVATION_CONTEXT means <= AOI p25 elevation; it is not a flood extent." }, "geometry": { "type": "Polygon", "coordinates": [ [ [ 127.296, 36.66125 ], [ 127.296, 36.664375 ], [ 127.29275, 36.664375 ], [ 127.29275, 36.66125 ], [ 127.296, 36.66125 ] ] ] } },
{ "type": "Feature", "properties": { "grid_id": "dem-05-08", "mean_elevation_m": 153.81, "terrain_class": "TERRAIN_CONTEXT", "threshold_note": "LOW_ELEVATION_CONTEXT means <= AOI p25 elevation; it is not a flood extent." }, "geometry": { "type": "Polygon", "coordinates": [ [ [ 127.29925, 36.66125 ], [ 127.29925, 36.664375 ], [ 127.296, 36.664375 ], [ 127.296, 36.66125 ], [ 127.29925, 36.66125 ] ] ] } },
{ "type": "Feature", "properties": { "grid_id": "dem-05-09", "mean_elevation_m": 239.29, "terrain_class": "TERRAIN_CONTEXT", "threshold_note": "LOW_ELEVATION_CONTEXT means <= AOI p25 elevation; it is not a flood extent." }, "geometry": { "type": "Polygon", "coordinates": [ [ [ 127.3025, 36.66125 ], [ 127.3025, 36.664375 ], [ 127.29925, 36.664375 ], [ 127.29925, 36.66125 ], [ 127.3025, 36.66125 ] ] ] } },
{ "type": "Feature", "properties": { "grid_id": "dem-05-10", "mean_elevation_m": 228.66, "terrain_class": "TERRAIN_CONTEXT", "threshold_note": "LOW_ELEVATION_CONTEXT means <= AOI p25 elevation; it is not a flood extent." }, "geometry": { "type": "Polygon", "coordinates": [ [ [ 127.30575, 36.66125 ], [ 127.30575, 36.664375 ], [ 127.3025, 36.664375 ], [ 127.3025, 36.66125 ], [ 127.30575, 36.66125 ] ] ] } },
{ "type": "Feature", "properties": { "grid_id": "dem-05-11", "mean_elevation_m": 137.96, "terrain_class": "TERRAIN_CONTEXT", "threshold_note": "LOW_ELEVATION_CONTEXT means <= AOI p25 elevation; it is not a flood extent." }, "geometry": { "type": "Polygon", "coordinates": [ [ [ 127.309, 36.66125 ], [ 127.309, 36.664375 ], [ 127.30575, 36.664375 ], [ 127.30575, 36.66125 ], [ 127.309, 36.66125 ] ] ] } },
{ "type": "Feature", "properties": { "grid_id": "dem-05-12", "mean_elevation_m": 137.16, "terrain_class": "TERRAIN_CONTEXT", "threshold_note": "LOW_ELEVATION_CONTEXT means <= AOI p25 elevation; it is not a flood extent." }, "geometry": { "type": "Polygon", "coordinates": [ [ [ 127.31225, 36.66125 ], [ 127.31225, 36.664375 ], [ 127.309, 36.664375 ], [ 127.309, 36.66125 ], [ 127.31225, 36.66125 ] ] ] } },
{ "type": "Feature", "properties": { "grid_id": "dem-05-13", "mean_elevation_m": 171.3, "terrain_class": "TERRAIN_CONTEXT", "threshold_note": "LOW_ELEVATION_CONTEXT means <= AOI p25 elevation; it is not a flood extent." }, "geometry": { "type": "Polygon", "coordinates": [ [ [ 127.3155, 36.66125 ], [ 127.3155, 36.664375 ], [ 127.31225, 36.664375 ], [ 127.31225, 36.66125 ], [ 127.3155, 36.66125 ] ] ] } },
{ "type": "Feature", "properties": { "grid_id": "dem-05-14", "mean_elevation_m": 147.71, "terrain_class": "TERRAIN_CONTEXT", "threshold_note": "LOW_ELEVATION_CONTEXT means <= AOI p25 elevation; it is not a flood extent." }, "geometry": { "type": "Polygon", "coordinates": [ [ [ 127.31875, 36.66125 ], [ 127.31875, 36.664375 ], [ 127.3155, 36.664375 ], [ 127.3155, 36.66125 ], [ 127.31875, 36.66125 ] ] ] } },
{ "type": "Feature", "properties": { "grid_id": "dem-05-15", "mean_elevation_m": 130.89, "terrain_class": "TERRAIN_CONTEXT", "threshold_note": "LOW_ELEVATION_CONTEXT means <= AOI p25 elevation; it is not a flood extent." }, "geometry": { "type": "Polygon", "coordinates": [ [ [ 127.322, 36.66125 ], [ 127.322, 36.664375 ], [ 127.31875, 36.664375 ], [ 127.31875, 36.66125 ], [ 127.322, 36.66125 ] ] ] } },
{ "type": "Feature", "properties": { "grid_id": "dem-05-16", "mean_elevation_m": 167.85, "terrain_class": "TERRAIN_CONTEXT", "threshold_note": "LOW_ELEVATION_CONTEXT means <= AOI p25 elevation; it is not a flood extent." }, "geometry": { "type": "Polygon", "coordinates": [ [ [ 127.32525, 36.66125 ], [ 127.32525, 36.664375 ], [ 127.322, 36.664375 ], [ 127.322, 36.66125 ], [ 127.32525, 36.66125 ] ] ] } },
{ "type": "Feature", "properties": { "grid_id": "dem-05-17", "mean_elevation_m": 170.06, "terrain_class": "TERRAIN_CONTEXT", "threshold_note": "LOW_ELEVATION_CONTEXT means <= AOI p25 elevation; it is not a flood extent." }, "geometry": { "type": "Polygon", "coordinates": [ [ [ 127.3285, 36.66125 ], [ 127.3285, 36.664375 ], [ 127.32525, 36.664375 ], [ 127.32525, 36.66125 ], [ 127.3285, 36.66125 ] ] ] } },
{ "type": "Feature", "properties": { "grid_id": "dem-05-18", "mean_elevation_m": 163.46, "terrain_class": "TERRAIN_CONTEXT", "threshold_note": "LOW_ELEVATION_CONTEXT means <= AOI p25 elevation; it is not a flood extent." }, "geometry": { "type": "Polygon", "coordinates": [ [ [ 127.33175, 36.66125 ], [ 127.33175, 36.664375 ], [ 127.3285, 36.664375 ], [ 127.3285, 36.66125 ], [ 127.33175, 36.66125 ] ] ] } },
{ "type": "Feature", "properties": { "grid_id": "dem-05-19", "mean_elevation_m": 101.5, "terrain_class": "TERRAIN_CONTEXT", "threshold_note": "LOW_ELEVATION_CONTEXT means <= AOI p25 elevation; it is not a flood extent." }, "geometry": { "type": "Polygon", "coordinates": [ [ [ 127.335, 36.66125 ], [ 127.335, 36.664375 ], [ 127.33175, 36.664375 ], [ 127.33175, 36.66125 ], [ 127.335, 36.66125 ] ] ] } },
{ "type": "Feature", "properties": { "grid_id": "dem-05-20", "mean_elevation_m": 41.93, "terrain_class": "TERRAIN_CONTEXT", "threshold_note": "LOW_ELEVATION_CONTEXT means <= AOI p25 elevation; it is not a flood extent." }, "geometry": { "type": "Polygon", "coordinates": [ [ [ 127.33825, 36.66125 ], [ 127.33825, 36.664375 ], [ 127.335, 36.664375 ], [ 127.335, 36.66125 ], [ 127.33825, 36.66125 ] ] ] } },
{ "type": "Feature", "properties": { "grid_id": "dem-05-21", "mean_elevation_m": 49.76, "terrain_class": "TERRAIN_CONTEXT", "threshold_note": "LOW_ELEVATION_CONTEXT means <= AOI p25 elevation; it is not a flood extent." }, "geometry": { "type": "Polygon", "coordinates": [ [ [ 127.3415, 36.66125 ], [ 127.3415, 36.664375 ], [ 127.33825, 36.664375 ], [ 127.33825, 36.66125 ], [ 127.3415, 36.66125 ] ] ] } },
{ "type": "Feature", "properties": { "grid_id": "dem-05-22", "mean_elevation_m": 62.0, "terrain_class": "TERRAIN_CONTEXT", "threshold_note": "LOW_ELEVATION_CONTEXT means <= AOI p25 elevation; it is not a flood extent." }, "geometry": { "type": "Polygon", "coordinates": [ [ [ 127.34475, 36.66125 ], [ 127.34475, 36.664375 ], [ 127.3415, 36.664375 ], [ 127.3415, 36.66125 ], [ 127.34475, 36.66125 ] ] ] } },
{ "type": "Feature", "properties": { "grid_id": "dem-05-23", "mean_elevation_m": 45.31, "terrain_class": "TERRAIN_CONTEXT", "threshold_note": "LOW_ELEVATION_CONTEXT means <= AOI p25 elevation; it is not a flood extent." }, "geometry": { "type": "Polygon", "coordinates": [ [ [ 127.348, 36.66125 ], [ 127.348, 36.664375 ], [ 127.34475, 36.664375 ], [ 127.34475, 36.66125 ], [ 127.348, 36.66125 ] ] ] } },
{ "type": "Feature", "properties": { "grid_id": "dem-05-24", "mean_elevation_m": 63.85, "terrain_class": "TERRAIN_CONTEXT", "threshold_note": "LOW_ELEVATION_CONTEXT means <= AOI p25 elevation; it is not a flood extent." }, "geometry": { "type": "Polygon", "coordinates": [ [ [ 127.35125, 36.66125 ], [ 127.35125, 36.664375 ], [ 127.348, 36.664375 ], [ 127.348, 36.66125 ], [ 127.35125, 36.66125 ] ] ] } },
{ "type": "Feature", "properties": { "grid_id": "dem-05-25", "mean_elevation_m": 68.93, "terrain_class": "TERRAIN_CONTEXT", "threshold_note": "LOW_ELEVATION_CONTEXT means <= AOI p25 elevation; it is not a flood extent." }, "geometry": { "type": "Polygon", "coordinates": [ [ [ 127.3545, 36.66125 ], [ 127.3545, 36.664375 ], [ 127.35125, 36.664375 ], [ 127.35125, 36.66125 ], [ 127.3545, 36.66125 ] ] ] } },
{ "type": "Feature", "properties": { "grid_id": "dem-05-26", "mean_elevation_m": 115.02, "terrain_class": "TERRAIN_CONTEXT", "threshold_note": "LOW_ELEVATION_CONTEXT means <= AOI p25 elevation; it is not a flood extent." }, "geometry": { "type": "Polygon", "coordinates": [ [ [ 127.35775, 36.66125 ], [ 127.35775, 36.664375 ], [ 127.3545, 36.664375 ], [ 127.3545, 36.66125 ], [ 127.35775, 36.66125 ] ] ] } },
{ "type": "Feature", "properties": { "grid_id": "dem-05-27", "mean_elevation_m": 68.83, "terrain_class": "TERRAIN_CONTEXT", "threshold_note": "LOW_ELEVATION_CONTEXT means <= AOI p25 elevation; it is not a flood extent." }, "geometry": { "type": "Polygon", "coordinates": [ [ [ 127.361, 36.66125 ], [ 127.361, 36.664375 ], [ 127.35775, 36.664375 ], [ 127.35775, 36.66125 ], [ 127.361, 36.66125 ] ] ] } },
{ "type": "Feature", "properties": { "grid_id": "dem-05-28", "mean_elevation_m": 60.65, "terrain_class": "TERRAIN_CONTEXT", "threshold_note": "LOW_ELEVATION_CONTEXT means <= AOI p25 elevation; it is not a flood extent." }, "geometry": { "type": "Polygon", "coordinates": [ [ [ 127.36425, 36.66125 ], [ 127.36425, 36.664375 ], [ 127.361, 36.664375 ], [ 127.361, 36.66125 ], [ 127.36425, 36.66125 ] ] ] } },
{ "type": "Feature", "properties": { "grid_id": "dem-05-29", "mean_elevation_m": 49.14, "terrain_class": "TERRAIN_CONTEXT", "threshold_note": "LOW_ELEVATION_CONTEXT means <= AOI p25 elevation; it is not a flood extent." }, "geometry": { "type": "Polygon", "coordinates": [ [ [ 127.3675, 36.66125 ], [ 127.3675, 36.664375 ], [ 127.36425, 36.664375 ], [ 127.36425, 36.66125 ], [ 127.3675, 36.66125 ] ] ] } },
{ "type": "Feature", "properties": { "grid_id": "dem-05-30", "mean_elevation_m": 34.39, "terrain_class": "TERRAIN_CONTEXT", "threshold_note": "LOW_ELEVATION_CONTEXT means <= AOI p25 elevation; it is not a flood extent." }, "geometry": { "type": "Polygon", "coordinates": [ [ [ 127.37075, 36.66125 ], [ 127.37075, 36.664375 ], [ 127.3675, 36.664375 ], [ 127.3675, 36.66125 ], [ 127.37075, 36.66125 ] ] ] } },
{ "type": "Feature", "properties": { "grid_id": "dem-05-31", "mean_elevation_m": 32.19, "terrain_class": "TERRAIN_CONTEXT", "threshold_note": "LOW_ELEVATION_CONTEXT means <= AOI p25 elevation; it is not a flood extent." }, "geometry": { "type": "Polygon", "coordinates": [ [ [ 127.374, 36.66125 ], [ 127.374, 36.664375 ], [ 127.37075, 36.664375 ], [ 127.37075, 36.66125 ], [ 127.374, 36.66125 ] ] ] } },
{ "type": "Feature", "properties": { "grid_id": "dem-05-32", "mean_elevation_m": 32.27, "terrain_class": "TERRAIN_CONTEXT", "threshold_note": "LOW_ELEVATION_CONTEXT means <= AOI p25 elevation; it is not a flood extent." }, "geometry": { "type": "Polygon", "coordinates": [ [ [ 127.37725, 36.66125 ], [ 127.37725, 36.664375 ], [ 127.374, 36.664375 ], [ 127.374, 36.66125 ], [ 127.37725, 36.66125 ] ] ] } },
{ "type": "Feature", "properties": { "grid_id": "dem-05-33", "mean_elevation_m": 29.76, "terrain_class": "LOW_ELEVATION_CONTEXT", "threshold_note": "LOW_ELEVATION_CONTEXT means <= AOI p25 elevation; it is not a flood extent." }, "geometry": { "type": "Polygon", "coordinates": [ [ [ 127.3805, 36.66125 ], [ 127.3805, 36.664375 ], [ 127.37725, 36.664375 ], [ 127.37725, 36.66125 ], [ 127.3805, 36.66125 ] ] ] } },
{ "type": "Feature", "properties": { "grid_id": "dem-05-34", "mean_elevation_m": 27.97, "terrain_class": "LOW_ELEVATION_CONTEXT", "threshold_note": "LOW_ELEVATION_CONTEXT means <= AOI p25 elevation; it is not a flood extent." }, "geometry": { "type": "Polygon", "coordinates": [ [ [ 127.38375, 36.66125 ], [ 127.38375, 36.664375 ], [ 127.3805, 36.664375 ], [ 127.3805, 36.66125 ], [ 127.38375, 36.66125 ] ] ] } },
{ "type": "Feature", "properties": { "grid_id": "dem-05-35", "mean_elevation_m": 28.73, "terrain_class": "LOW_ELEVATION_CONTEXT", "threshold_note": "LOW_ELEVATION_CONTEXT means <= AOI p25 elevation; it is not a flood extent." }, "geometry": { "type": "Polygon", "coordinates": [ [ [ 127.387, 36.66125 ], [ 127.387, 36.664375 ], [ 127.38375, 36.664375 ], [ 127.38375, 36.66125 ], [ 127.387, 36.66125 ] ] ] } },
{ "type": "Feature", "properties": { "grid_id": "dem-05-36", "mean_elevation_m": 27.48, "terrain_class": "LOW_ELEVATION_CONTEXT", "threshold_note": "LOW_ELEVATION_CONTEXT means <= AOI p25 elevation; it is not a flood extent." }, "geometry": { "type": "Polygon", "coordinates": [ [ [ 127.39025, 36.66125 ], [ 127.39025, 36.664375 ], [ 127.387, 36.664375 ], [ 127.387, 36.66125 ], [ 127.39025, 36.66125 ] ] ] } },
{ "type": "Feature", "properties": { "grid_id": "dem-05-37", "mean_elevation_m": 31.14, "terrain_class": "TERRAIN_CONTEXT", "threshold_note": "LOW_ELEVATION_CONTEXT means <= AOI p25 elevation; it is not a flood extent." }, "geometry": { "type": "Polygon", "coordinates": [ [ [ 127.3935, 36.66125 ], [ 127.3935, 36.664375 ], [ 127.39025, 36.664375 ], [ 127.39025, 36.66125 ], [ 127.3935, 36.66125 ] ] ] } },
{ "type": "Feature", "properties": { "grid_id": "dem-05-38", "mean_elevation_m": 30.39, "terrain_class": "TERRAIN_CONTEXT", "threshold_note": "LOW_ELEVATION_CONTEXT means <= AOI p25 elevation; it is not a flood extent." }, "geometry": { "type": "Polygon", "coordinates": [ [ [ 127.39675, 36.66125 ], [ 127.39675, 36.664375 ], [ 127.3935, 36.664375 ], [ 127.3935, 36.66125 ], [ 127.39675, 36.66125 ] ] ] } },
{ "type": "Feature", "properties": { "grid_id": "dem-05-39", "mean_elevation_m": 28.88, "terrain_class": "LOW_ELEVATION_CONTEXT", "threshold_note": "LOW_ELEVATION_CONTEXT means <= AOI p25 elevation; it is not a flood extent." }, "geometry": { "type": "Polygon", "coordinates": [ [ [ 127.4, 36.66125 ], [ 127.4, 36.664375 ], [ 127.39675, 36.664375 ], [ 127.39675, 36.66125 ], [ 127.4, 36.66125 ] ] ] } },
{ "type": "Feature", "properties": { "grid_id": "dem-06-00", "mean_elevation_m": 48.87, "terrain_class": "TERRAIN_CONTEXT", "threshold_note": "LOW_ELEVATION_CONTEXT means <= AOI p25 elevation; it is not a flood extent." }, "geometry": { "type": "Polygon", "coordinates": [ [ [ 127.27325, 36.658125 ], [ 127.27325, 36.66125 ], [ 127.27, 36.66125 ], [ 127.27, 36.658125 ], [ 127.27325, 36.658125 ] ] ] } },
{ "type": "Feature", "properties": { "grid_id": "dem-06-01", "mean_elevation_m": 57.18, "terrain_class": "TERRAIN_CONTEXT", "threshold_note": "LOW_ELEVATION_CONTEXT means <= AOI p25 elevation; it is not a flood extent." }, "geometry": { "type": "Polygon", "coordinates": [ [ [ 127.2765, 36.658125 ], [ 127.2765, 36.66125 ], [ 127.27325, 36.66125 ], [ 127.27325, 36.658125 ], [ 127.2765, 36.658125 ] ] ] } },
{ "type": "Feature", "properties": { "grid_id": "dem-06-02", "mean_elevation_m": 110.5, "terrain_class": "TERRAIN_CONTEXT", "threshold_note": "LOW_ELEVATION_CONTEXT means <= AOI p25 elevation; it is not a flood extent." }, "geometry": { "type": "Polygon", "coordinates": [ [ [ 127.27975, 36.658125 ], [ 127.27975, 36.66125 ], [ 127.2765, 36.66125 ], [ 127.2765, 36.658125 ], [ 127.27975, 36.658125 ] ] ] } },
{ "type": "Feature", "properties": { "grid_id": "dem-06-03", "mean_elevation_m": 85.82, "terrain_class": "TERRAIN_CONTEXT", "threshold_note": "LOW_ELEVATION_CONTEXT means <= AOI p25 elevation; it is not a flood extent." }, "geometry": { "type": "Polygon", "coordinates": [ [ [ 127.283, 36.658125 ], [ 127.283, 36.66125 ], [ 127.27975, 36.66125 ], [ 127.27975, 36.658125 ], [ 127.283, 36.658125 ] ] ] } },
{ "type": "Feature", "properties": { "grid_id": "dem-06-04", "mean_elevation_m": 76.03, "terrain_class": "TERRAIN_CONTEXT", "threshold_note": "LOW_ELEVATION_CONTEXT means <= AOI p25 elevation; it is not a flood extent." }, "geometry": { "type": "Polygon", "coordinates": [ [ [ 127.28625, 36.658125 ], [ 127.28625, 36.66125 ], [ 127.283, 36.66125 ], [ 127.283, 36.658125 ], [ 127.28625, 36.658125 ] ] ] } },
{ "type": "Feature", "properties": { "grid_id": "dem-06-05", "mean_elevation_m": 150.51, "terrain_class": "TERRAIN_CONTEXT", "threshold_note": "LOW_ELEVATION_CONTEXT means <= AOI p25 elevation; it is not a flood extent." }, "geometry": { "type": "Polygon", "coordinates": [ [ [ 127.2895, 36.658125 ], [ 127.2895, 36.66125 ], [ 127.28625, 36.66125 ], [ 127.28625, 36.658125 ], [ 127.2895, 36.658125 ] ] ] } },
{ "type": "Feature", "properties": { "grid_id": "dem-06-06", "mean_elevation_m": 174.99, "terrain_class": "TERRAIN_CONTEXT", "threshold_note": "LOW_ELEVATION_CONTEXT means <= AOI p25 elevation; it is not a flood extent." }, "geometry": { "type": "Polygon", "coordinates": [ [ [ 127.29275, 36.658125 ], [ 127.29275, 36.66125 ], [ 127.2895, 36.66125 ], [ 127.2895, 36.658125 ], [ 127.29275, 36.658125 ] ] ] } },
{ "type": "Feature", "properties": { "grid_id": "dem-06-07", "mean_elevation_m": 186.76, "terrain_class": "TERRAIN_CONTEXT", "threshold_note": "LOW_ELEVATION_CONTEXT means <= AOI p25 elevation; it is not a flood extent." }, "geometry": { "type": "Polygon", "coordinates": [ [ [ 127.296, 36.658125 ], [ 127.296, 36.66125 ], [ 127.29275, 36.66125 ], [ 127.29275, 36.658125 ], [ 127.296, 36.658125 ] ] ] } },
{ "type": "Feature", "properties": { "grid_id": "dem-06-08", "mean_elevation_m": 178.18, "terrain_class": "TERRAIN_CONTEXT", "threshold_note": "LOW_ELEVATION_CONTEXT means <= AOI p25 elevation; it is not a flood extent." }, "geometry": { "type": "Polygon", "coordinates": [ [ [ 127.29925, 36.658125 ], [ 127.29925, 36.66125 ], [ 127.296, 36.66125 ], [ 127.296, 36.658125 ], [ 127.29925, 36.658125 ] ] ] } },
{ "type": "Feature", "properties": { "grid_id": "dem-06-09", "mean_elevation_m": 213.08, "terrain_class": "TERRAIN_CONTEXT", "threshold_note": "LOW_ELEVATION_CONTEXT means <= AOI p25 elevation; it is not a flood extent." }, "geometry": { "type": "Polygon", "coordinates": [ [ [ 127.3025, 36.658125 ], [ 127.3025, 36.66125 ], [ 127.29925, 36.66125 ], [ 127.29925, 36.658125 ], [ 127.3025, 36.658125 ] ] ] } },
{ "type": "Feature", "properties": { "grid_id": "dem-06-10", "mean_elevation_m": 183.58, "terrain_class": "TERRAIN_CONTEXT", "threshold_note": "LOW_ELEVATION_CONTEXT means <= AOI p25 elevation; it is not a flood extent." }, "geometry": { "type": "Polygon", "coordinates": [ [ [ 127.30575, 36.658125 ], [ 127.30575, 36.66125 ], [ 127.3025, 36.66125 ], [ 127.3025, 36.658125 ], [ 127.30575, 36.658125 ] ] ] } },
{ "type": "Feature", "properties": { "grid_id": "dem-06-11", "mean_elevation_m": 158.27, "terrain_class": "TERRAIN_CONTEXT", "threshold_note": "LOW_ELEVATION_CONTEXT means <= AOI p25 elevation; it is not a flood extent." }, "geometry": { "type": "Polygon", "coordinates": [ [ [ 127.309, 36.658125 ], [ 127.309, 36.66125 ], [ 127.30575, 36.66125 ], [ 127.30575, 36.658125 ], [ 127.309, 36.658125 ] ] ] } },
{ "type": "Feature", "properties": { "grid_id": "dem-06-12", "mean_elevation_m": 103.08, "terrain_class": "TERRAIN_CONTEXT", "threshold_note": "LOW_ELEVATION_CONTEXT means <= AOI p25 elevation; it is not a flood extent." }, "geometry": { "type": "Polygon", "coordinates": [ [ [ 127.31225, 36.658125 ], [ 127.31225, 36.66125 ], [ 127.309, 36.66125 ], [ 127.309, 36.658125 ], [ 127.31225, 36.658125 ] ] ] } },
{ "type": "Feature", "properties": { "grid_id": "dem-06-13", "mean_elevation_m": 155.19, "terrain_class": "TERRAIN_CONTEXT", "threshold_note": "LOW_ELEVATION_CONTEXT means <= AOI p25 elevation; it is not a flood extent." }, "geometry": { "type": "Polygon", "coordinates": [ [ [ 127.3155, 36.658125 ], [ 127.3155, 36.66125 ], [ 127.31225, 36.66125 ], [ 127.31225, 36.658125 ], [ 127.3155, 36.658125 ] ] ] } },
{ "type": "Feature", "properties": { "grid_id": "dem-06-14", "mean_elevation_m": 97.7, "terrain_class": "TERRAIN_CONTEXT", "threshold_note": "LOW_ELEVATION_CONTEXT means <= AOI p25 elevation; it is not a flood extent." }, "geometry": { "type": "Polygon", "coordinates": [ [ [ 127.31875, 36.658125 ], [ 127.31875, 36.66125 ], [ 127.3155, 36.66125 ], [ 127.3155, 36.658125 ], [ 127.31875, 36.658125 ] ] ] } },
{ "type": "Feature", "properties": { "grid_id": "dem-06-15", "mean_elevation_m": 127.78, "terrain_class": "TERRAIN_CONTEXT", "threshold_note": "LOW_ELEVATION_CONTEXT means <= AOI p25 elevation; it is not a flood extent." }, "geometry": { "type": "Polygon", "coordinates": [ [ [ 127.322, 36.658125 ], [ 127.322, 36.66125 ], [ 127.31875, 36.66125 ], [ 127.31875, 36.658125 ], [ 127.322, 36.658125 ] ] ] } },
{ "type": "Feature", "properties": { "grid_id": "dem-06-16", "mean_elevation_m": 127.86, "terrain_class": "TERRAIN_CONTEXT", "threshold_note": "LOW_ELEVATION_CONTEXT means <= AOI p25 elevation; it is not a flood extent." }, "geometry": { "type": "Polygon", "coordinates": [ [ [ 127.32525, 36.658125 ], [ 127.32525, 36.66125 ], [ 127.322, 36.66125 ], [ 127.322, 36.658125 ], [ 127.32525, 36.658125 ] ] ] } },
{ "type": "Feature", "properties": { "grid_id": "dem-06-17", "mean_elevation_m": 147.86, "terrain_class": "TERRAIN_CONTEXT", "threshold_note": "LOW_ELEVATION_CONTEXT means <= AOI p25 elevation; it is not a flood extent." }, "geometry": { "type": "Polygon", "coordinates": [ [ [ 127.3285, 36.658125 ], [ 127.3285, 36.66125 ], [ 127.32525, 36.66125 ], [ 127.32525, 36.658125 ], [ 127.3285, 36.658125 ] ] ] } },
{ "type": "Feature", "properties": { "grid_id": "dem-06-18", "mean_elevation_m": 117.77, "terrain_class": "TERRAIN_CONTEXT", "threshold_note": "LOW_ELEVATION_CONTEXT means <= AOI p25 elevation; it is not a flood extent." }, "geometry": { "type": "Polygon", "coordinates": [ [ [ 127.33175, 36.658125 ], [ 127.33175, 36.66125 ], [ 127.3285, 36.66125 ], [ 127.3285, 36.658125 ], [ 127.33175, 36.658125 ] ] ] } },
{ "type": "Feature", "properties": { "grid_id": "dem-06-19", "mean_elevation_m": 102.39, "terrain_class": "TERRAIN_CONTEXT", "threshold_note": "LOW_ELEVATION_CONTEXT means <= AOI p25 elevation; it is not a flood extent." }, "geometry": { "type": "Polygon", "coordinates": [ [ [ 127.335, 36.658125 ], [ 127.335, 36.66125 ], [ 127.33175, 36.66125 ], [ 127.33175, 36.658125 ], [ 127.335, 36.658125 ] ] ] } },
{ "type": "Feature", "properties": { "grid_id": "dem-06-20", "mean_elevation_m": 51.49, "terrain_class": "TERRAIN_CONTEXT", "threshold_note": "LOW_ELEVATION_CONTEXT means <= AOI p25 elevation; it is not a flood extent." }, "geometry": { "type": "Polygon", "coordinates": [ [ [ 127.33825, 36.658125 ], [ 127.33825, 36.66125 ], [ 127.335, 36.66125 ], [ 127.335, 36.658125 ], [ 127.33825, 36.658125 ] ] ] } },
{ "type": "Feature", "properties": { "grid_id": "dem-06-21", "mean_elevation_m": 37.94, "terrain_class": "TERRAIN_CONTEXT", "threshold_note": "LOW_ELEVATION_CONTEXT means <= AOI p25 elevation; it is not a flood extent." }, "geometry": { "type": "Polygon", "coordinates": [ [ [ 127.3415, 36.658125 ], [ 127.3415, 36.66125 ], [ 127.33825, 36.66125 ], [ 127.33825, 36.658125 ], [ 127.3415, 36.658125 ] ] ] } },
{ "type": "Feature", "properties": { "grid_id": "dem-06-22", "mean_elevation_m": 38.89, "terrain_class": "TERRAIN_CONTEXT", "threshold_note": "LOW_ELEVATION_CONTEXT means <= AOI p25 elevation; it is not a flood extent." }, "geometry": { "type": "Polygon", "coordinates": [ [ [ 127.34475, 36.658125 ], [ 127.34475, 36.66125 ], [ 127.3415, 36.66125 ], [ 127.3415, 36.658125 ], [ 127.34475, 36.658125 ] ] ] } },
{ "type": "Feature", "properties": { "grid_id": "dem-06-23", "mean_elevation_m": 29.38, "terrain_class": "LOW_ELEVATION_CONTEXT", "threshold_note": "LOW_ELEVATION_CONTEXT means <= AOI p25 elevation; it is not a flood extent." }, "geometry": { "type": "Polygon", "coordinates": [ [ [ 127.348, 36.658125 ], [ 127.348, 36.66125 ], [ 127.34475, 36.66125 ], [ 127.34475, 36.658125 ], [ 127.348, 36.658125 ] ] ] } },
{ "type": "Feature", "properties": { "grid_id": "dem-06-24", "mean_elevation_m": 30.25, "terrain_class": "TERRAIN_CONTEXT", "threshold_note": "LOW_ELEVATION_CONTEXT means <= AOI p25 elevation; it is not a flood extent." }, "geometry": { "type": "Polygon", "coordinates": [ [ [ 127.35125, 36.658125 ], [ 127.35125, 36.66125 ], [ 127.348, 36.66125 ], [ 127.348, 36.658125 ], [ 127.35125, 36.658125 ] ] ] } },
{ "type": "Feature", "properties": { "grid_id": "dem-06-25", "mean_elevation_m": 53.08, "terrain_class": "TERRAIN_CONTEXT", "threshold_note": "LOW_ELEVATION_CONTEXT means <= AOI p25 elevation; it is not a flood extent." }, "geometry": { "type": "Polygon", "coordinates": [ [ [ 127.3545, 36.658125 ], [ 127.3545, 36.66125 ], [ 127.35125, 36.66125 ], [ 127.35125, 36.658125 ], [ 127.3545, 36.658125 ] ] ] } },
{ "type": "Feature", "properties": { "grid_id": "dem-06-26", "mean_elevation_m": 82.71, "terrain_class": "TERRAIN_CONTEXT", "threshold_note": "LOW_ELEVATION_CONTEXT means <= AOI p25 elevation; it is not a flood extent." }, "geometry": { "type": "Polygon", "coordinates": [ [ [ 127.35775, 36.658125 ], [ 127.35775, 36.66125 ], [ 127.3545, 36.66125 ], [ 127.3545, 36.658125 ], [ 127.35775, 36.658125 ] ] ] } },
{ "type": "Feature", "properties": { "grid_id": "dem-06-27", "mean_elevation_m": 45.17, "terrain_class": "TERRAIN_CONTEXT", "threshold_note": "LOW_ELEVATION_CONTEXT means <= AOI p25 elevation; it is not a flood extent." }, "geometry": { "type": "Polygon", "coordinates": [ [ [ 127.361, 36.658125 ], [ 127.361, 36.66125 ], [ 127.35775, 36.66125 ], [ 127.35775, 36.658125 ], [ 127.361, 36.658125 ] ] ] } },
{ "type": "Feature", "properties": { "grid_id": "dem-06-28", "mean_elevation_m": 42.29, "terrain_class": "TERRAIN_CONTEXT", "threshold_note": "LOW_ELEVATION_CONTEXT means <= AOI p25 elevation; it is not a flood extent." }, "geometry": { "type": "Polygon", "coordinates": [ [ [ 127.36425, 36.658125 ], [ 127.36425, 36.66125 ], [ 127.361, 36.66125 ], [ 127.361, 36.658125 ], [ 127.36425, 36.658125 ] ] ] } },
{ "type": "Feature", "properties": { "grid_id": "dem-06-29", "mean_elevation_m": 46.84, "terrain_class": "TERRAIN_CONTEXT", "threshold_note": "LOW_ELEVATION_CONTEXT means <= AOI p25 elevation; it is not a flood extent." }, "geometry": { "type": "Polygon", "coordinates": [ [ [ 127.3675, 36.658125 ], [ 127.3675, 36.66125 ], [ 127.36425, 36.66125 ], [ 127.36425, 36.658125 ], [ 127.3675, 36.658125 ] ] ] } },
{ "type": "Feature", "properties": { "grid_id": "dem-06-30", "mean_elevation_m": 33.57, "terrain_class": "TERRAIN_CONTEXT", "threshold_note": "LOW_ELEVATION_CONTEXT means <= AOI p25 elevation; it is not a flood extent." }, "geometry": { "type": "Polygon", "coordinates": [ [ [ 127.37075, 36.658125 ], [ 127.37075, 36.66125 ], [ 127.3675, 36.66125 ], [ 127.3675, 36.658125 ], [ 127.37075, 36.658125 ] ] ] } },
{ "type": "Feature", "properties": { "grid_id": "dem-06-31", "mean_elevation_m": 29.14, "terrain_class": "LOW_ELEVATION_CONTEXT", "threshold_note": "LOW_ELEVATION_CONTEXT means <= AOI p25 elevation; it is not a flood extent." }, "geometry": { "type": "Polygon", "coordinates": [ [ [ 127.374, 36.658125 ], [ 127.374, 36.66125 ], [ 127.37075, 36.66125 ], [ 127.37075, 36.658125 ], [ 127.374, 36.658125 ] ] ] } },
{ "type": "Feature", "properties": { "grid_id": "dem-06-32", "mean_elevation_m": 28.4, "terrain_class": "LOW_ELEVATION_CONTEXT", "threshold_note": "LOW_ELEVATION_CONTEXT means <= AOI p25 elevation; it is not a flood extent." }, "geometry": { "type": "Polygon", "coordinates": [ [ [ 127.37725, 36.658125 ], [ 127.37725, 36.66125 ], [ 127.374, 36.66125 ], [ 127.374, 36.658125 ], [ 127.37725, 36.658125 ] ] ] } },
{ "type": "Feature", "properties": { "grid_id": "dem-06-33", "mean_elevation_m": 28.36, "terrain_class": "LOW_ELEVATION_CONTEXT", "threshold_note": "LOW_ELEVATION_CONTEXT means <= AOI p25 elevation; it is not a flood extent." }, "geometry": { "type": "Polygon", "coordinates": [ [ [ 127.3805, 36.658125 ], [ 127.3805, 36.66125 ], [ 127.37725, 36.66125 ], [ 127.37725, 36.658125 ], [ 127.3805, 36.658125 ] ] ] } },
{ "type": "Feature", "properties": { "grid_id": "dem-06-34", "mean_elevation_m": 29.88, "terrain_class": "LOW_ELEVATION_CONTEXT", "threshold_note": "LOW_ELEVATION_CONTEXT means <= AOI p25 elevation; it is not a flood extent." }, "geometry": { "type": "Polygon", "coordinates": [ [ [ 127.38375, 36.658125 ], [ 127.38375, 36.66125 ], [ 127.3805, 36.66125 ], [ 127.3805, 36.658125 ], [ 127.38375, 36.658125 ] ] ] } },
{ "type": "Feature", "properties": { "grid_id": "dem-06-35", "mean_elevation_m": 25.11, "terrain_class": "LOW_ELEVATION_CONTEXT", "threshold_note": "LOW_ELEVATION_CONTEXT means <= AOI p25 elevation; it is not a flood extent." }, "geometry": { "type": "Polygon", "coordinates": [ [ [ 127.387, 36.658125 ], [ 127.387, 36.66125 ], [ 127.38375, 36.66125 ], [ 127.38375, 36.658125 ], [ 127.387, 36.658125 ] ] ] } },
{ "type": "Feature", "properties": { "grid_id": "dem-06-36", "mean_elevation_m": 28.56, "terrain_class": "LOW_ELEVATION_CONTEXT", "threshold_note": "LOW_ELEVATION_CONTEXT means <= AOI p25 elevation; it is not a flood extent." }, "geometry": { "type": "Polygon", "coordinates": [ [ [ 127.39025, 36.658125 ], [ 127.39025, 36.66125 ], [ 127.387, 36.66125 ], [ 127.387, 36.658125 ], [ 127.39025, 36.658125 ] ] ] } },
{ "type": "Feature", "properties": { "grid_id": "dem-06-37", "mean_elevation_m": 28.9, "terrain_class": "LOW_ELEVATION_CONTEXT", "threshold_note": "LOW_ELEVATION_CONTEXT means <= AOI p25 elevation; it is not a flood extent." }, "geometry": { "type": "Polygon", "coordinates": [ [ [ 127.3935, 36.658125 ], [ 127.3935, 36.66125 ], [ 127.39025, 36.66125 ], [ 127.39025, 36.658125 ], [ 127.3935, 36.658125 ] ] ] } },
{ "type": "Feature", "properties": { "grid_id": "dem-06-38", "mean_elevation_m": 28.4, "terrain_class": "LOW_ELEVATION_CONTEXT", "threshold_note": "LOW_ELEVATION_CONTEXT means <= AOI p25 elevation; it is not a flood extent." }, "geometry": { "type": "Polygon", "coordinates": [ [ [ 127.39675, 36.658125 ], [ 127.39675, 36.66125 ], [ 127.3935, 36.66125 ], [ 127.3935, 36.658125 ], [ 127.39675, 36.658125 ] ] ] } },
{ "type": "Feature", "properties": { "grid_id": "dem-06-39", "mean_elevation_m": 29.03, "terrain_class": "LOW_ELEVATION_CONTEXT", "threshold_note": "LOW_ELEVATION_CONTEXT means <= AOI p25 elevation; it is not a flood extent." }, "geometry": { "type": "Polygon", "coordinates": [ [ [ 127.4, 36.658125 ], [ 127.4, 36.66125 ], [ 127.39675, 36.66125 ], [ 127.39675, 36.658125 ], [ 127.4, 36.658125 ] ] ] } },
{ "type": "Feature", "properties": { "grid_id": "dem-07-00", "mean_elevation_m": 50.05, "terrain_class": "TERRAIN_CONTEXT", "threshold_note": "LOW_ELEVATION_CONTEXT means <= AOI p25 elevation; it is not a flood extent." }, "geometry": { "type": "Polygon", "coordinates": [ [ [ 127.27325, 36.655 ], [ 127.27325, 36.658125 ], [ 127.27, 36.658125 ], [ 127.27, 36.655 ], [ 127.27325, 36.655 ] ] ] } },
{ "type": "Feature", "properties": { "grid_id": "dem-07-01", "mean_elevation_m": 85.37, "terrain_class": "TERRAIN_CONTEXT", "threshold_note": "LOW_ELEVATION_CONTEXT means <= AOI p25 elevation; it is not a flood extent." }, "geometry": { "type": "Polygon", "coordinates": [ [ [ 127.2765, 36.655 ], [ 127.2765, 36.658125 ], [ 127.27325, 36.658125 ], [ 127.27325, 36.655 ], [ 127.2765, 36.655 ] ] ] } },
{ "type": "Feature", "properties": { "grid_id": "dem-07-02", "mean_elevation_m": 73.26, "terrain_class": "TERRAIN_CONTEXT", "threshold_note": "LOW_ELEVATION_CONTEXT means <= AOI p25 elevation; it is not a flood extent." }, "geometry": { "type": "Polygon", "coordinates": [ [ [ 127.27975, 36.655 ], [ 127.27975, 36.658125 ], [ 127.2765, 36.658125 ], [ 127.2765, 36.655 ], [ 127.27975, 36.655 ] ] ] } },
{ "type": "Feature", "properties": { "grid_id": "dem-07-03", "mean_elevation_m": 76.09, "terrain_class": "TERRAIN_CONTEXT", "threshold_note": "LOW_ELEVATION_CONTEXT means <= AOI p25 elevation; it is not a flood extent." }, "geometry": { "type": "Polygon", "coordinates": [ [ [ 127.283, 36.655 ], [ 127.283, 36.658125 ], [ 127.27975, 36.658125 ], [ 127.27975, 36.655 ], [ 127.283, 36.655 ] ] ] } },
{ "type": "Feature", "properties": { "grid_id": "dem-07-04", "mean_elevation_m": 99.07, "terrain_class": "TERRAIN_CONTEXT", "threshold_note": "LOW_ELEVATION_CONTEXT means <= AOI p25 elevation; it is not a flood extent." }, "geometry": { "type": "Polygon", "coordinates": [ [ [ 127.28625, 36.655 ], [ 127.28625, 36.658125 ], [ 127.283, 36.658125 ], [ 127.283, 36.655 ], [ 127.28625, 36.655 ] ] ] } },
{ "type": "Feature", "properties": { "grid_id": "dem-07-05", "mean_elevation_m": 187.61, "terrain_class": "TERRAIN_CONTEXT", "threshold_note": "LOW_ELEVATION_CONTEXT means <= AOI p25 elevation; it is not a flood extent." }, "geometry": { "type": "Polygon", "coordinates": [ [ [ 127.2895, 36.655 ], [ 127.2895, 36.658125 ], [ 127.28625, 36.658125 ], [ 127.28625, 36.655 ], [ 127.2895, 36.655 ] ] ] } },
{ "type": "Feature", "properties": { "grid_id": "dem-07-06", "mean_elevation_m": 169.31, "terrain_class": "TERRAIN_CONTEXT", "threshold_note": "LOW_ELEVATION_CONTEXT means <= AOI p25 elevation; it is not a flood extent." }, "geometry": { "type": "Polygon", "coordinates": [ [ [ 127.29275, 36.655 ], [ 127.29275, 36.658125 ], [ 127.2895, 36.658125 ], [ 127.2895, 36.655 ], [ 127.29275, 36.655 ] ] ] } },
{ "type": "Feature", "properties": { "grid_id": "dem-07-07", "mean_elevation_m": 128.53, "terrain_class": "TERRAIN_CONTEXT", "threshold_note": "LOW_ELEVATION_CONTEXT means <= AOI p25 elevation; it is not a flood extent." }, "geometry": { "type": "Polygon", "coordinates": [ [ [ 127.296, 36.655 ], [ 127.296, 36.658125 ], [ 127.29275, 36.658125 ], [ 127.29275, 36.655 ], [ 127.296, 36.655 ] ] ] } },
{ "type": "Feature", "properties": { "grid_id": "dem-07-08", "mean_elevation_m": 137.11, "terrain_class": "TERRAIN_CONTEXT", "threshold_note": "LOW_ELEVATION_CONTEXT means <= AOI p25 elevation; it is not a flood extent." }, "geometry": { "type": "Polygon", "coordinates": [ [ [ 127.29925, 36.655 ], [ 127.29925, 36.658125 ], [ 127.296, 36.658125 ], [ 127.296, 36.655 ], [ 127.29925, 36.655 ] ] ] } },
{ "type": "Feature", "properties": { "grid_id": "dem-07-09", "mean_elevation_m": 167.14, "terrain_class": "TERRAIN_CONTEXT", "threshold_note": "LOW_ELEVATION_CONTEXT means <= AOI p25 elevation; it is not a flood extent." }, "geometry": { "type": "Polygon", "coordinates": [ [ [ 127.3025, 36.655 ], [ 127.3025, 36.658125 ], [ 127.29925, 36.658125 ], [ 127.29925, 36.655 ], [ 127.3025, 36.655 ] ] ] } },
{ "type": "Feature", "properties": { "grid_id": "dem-07-10", "mean_elevation_m": 151.24, "terrain_class": "TERRAIN_CONTEXT", "threshold_note": "LOW_ELEVATION_CONTEXT means <= AOI p25 elevation; it is not a flood extent." }, "geometry": { "type": "Polygon", "coordinates": [ [ [ 127.30575, 36.655 ], [ 127.30575, 36.658125 ], [ 127.3025, 36.658125 ], [ 127.3025, 36.655 ], [ 127.30575, 36.655 ] ] ] } },
{ "type": "Feature", "properties": { "grid_id": "dem-07-11", "mean_elevation_m": 115.45, "terrain_class": "TERRAIN_CONTEXT", "threshold_note": "LOW_ELEVATION_CONTEXT means <= AOI p25 elevation; it is not a flood extent." }, "geometry": { "type": "Polygon", "coordinates": [ [ [ 127.309, 36.655 ], [ 127.309, 36.658125 ], [ 127.30575, 36.658125 ], [ 127.30575, 36.655 ], [ 127.309, 36.655 ] ] ] } },
{ "type": "Feature", "properties": { "grid_id": "dem-07-12", "mean_elevation_m": 94.37, "terrain_class": "TERRAIN_CONTEXT", "threshold_note": "LOW_ELEVATION_CONTEXT means <= AOI p25 elevation; it is not a flood extent." }, "geometry": { "type": "Polygon", "coordinates": [ [ [ 127.31225, 36.655 ], [ 127.31225, 36.658125 ], [ 127.309, 36.658125 ], [ 127.309, 36.655 ], [ 127.31225, 36.655 ] ] ] } },
{ "type": "Feature", "properties": { "grid_id": "dem-07-13", "mean_elevation_m": 135.38, "terrain_class": "TERRAIN_CONTEXT", "threshold_note": "LOW_ELEVATION_CONTEXT means <= AOI p25 elevation; it is not a flood extent." }, "geometry": { "type": "Polygon", "coordinates": [ [ [ 127.3155, 36.655 ], [ 127.3155, 36.658125 ], [ 127.31225, 36.658125 ], [ 127.31225, 36.655 ], [ 127.3155, 36.655 ] ] ] } },
{ "type": "Feature", "properties": { "grid_id": "dem-07-14", "mean_elevation_m": 88.43, "terrain_class": "TERRAIN_CONTEXT", "threshold_note": "LOW_ELEVATION_CONTEXT means <= AOI p25 elevation; it is not a flood extent." }, "geometry": { "type": "Polygon", "coordinates": [ [ [ 127.31875, 36.655 ], [ 127.31875, 36.658125 ], [ 127.3155, 36.658125 ], [ 127.3155, 36.655 ], [ 127.31875, 36.655 ] ] ] } },
{ "type": "Feature", "properties": { "grid_id": "dem-07-15", "mean_elevation_m": 109.16, "terrain_class": "TERRAIN_CONTEXT", "threshold_note": "LOW_ELEVATION_CONTEXT means <= AOI p25 elevation; it is not a flood extent." }, "geometry": { "type": "Polygon", "coordinates": [ [ [ 127.322, 36.655 ], [ 127.322, 36.658125 ], [ 127.31875, 36.658125 ], [ 127.31875, 36.655 ], [ 127.322, 36.655 ] ] ] } },
{ "type": "Feature", "properties": { "grid_id": "dem-07-16", "mean_elevation_m": 93.59, "terrain_class": "TERRAIN_CONTEXT", "threshold_note": "LOW_ELEVATION_CONTEXT means <= AOI p25 elevation; it is not a flood extent." }, "geometry": { "type": "Polygon", "coordinates": [ [ [ 127.32525, 36.655 ], [ 127.32525, 36.658125 ], [ 127.322, 36.658125 ], [ 127.322, 36.655 ], [ 127.32525, 36.655 ] ] ] } },
{ "type": "Feature", "properties": { "grid_id": "dem-07-17", "mean_elevation_m": 102.42, "terrain_class": "TERRAIN_CONTEXT", "threshold_note": "LOW_ELEVATION_CONTEXT means <= AOI p25 elevation; it is not a flood extent." }, "geometry": { "type": "Polygon", "coordinates": [ [ [ 127.3285, 36.655 ], [ 127.3285, 36.658125 ], [ 127.32525, 36.658125 ], [ 127.32525, 36.655 ], [ 127.3285, 36.655 ] ] ] } },
{ "type": "Feature", "properties": { "grid_id": "dem-07-18", "mean_elevation_m": 100.41, "terrain_class": "TERRAIN_CONTEXT", "threshold_note": "LOW_ELEVATION_CONTEXT means <= AOI p25 elevation; it is not a flood extent." }, "geometry": { "type": "Polygon", "coordinates": [ [ [ 127.33175, 36.655 ], [ 127.33175, 36.658125 ], [ 127.3285, 36.658125 ], [ 127.3285, 36.655 ], [ 127.33175, 36.655 ] ] ] } },
{ "type": "Feature", "properties": { "grid_id": "dem-07-19", "mean_elevation_m": 82.59, "terrain_class": "TERRAIN_CONTEXT", "threshold_note": "LOW_ELEVATION_CONTEXT means <= AOI p25 elevation; it is not a flood extent." }, "geometry": { "type": "Polygon", "coordinates": [ [ [ 127.335, 36.655 ], [ 127.335, 36.658125 ], [ 127.33175, 36.658125 ], [ 127.33175, 36.655 ], [ 127.335, 36.655 ] ] ] } },
{ "type": "Feature", "properties": { "grid_id": "dem-07-20", "mean_elevation_m": 74.92, "terrain_class": "TERRAIN_CONTEXT", "threshold_note": "LOW_ELEVATION_CONTEXT means <= AOI p25 elevation; it is not a flood extent." }, "geometry": { "type": "Polygon", "coordinates": [ [ [ 127.33825, 36.655 ], [ 127.33825, 36.658125 ], [ 127.335, 36.658125 ], [ 127.335, 36.655 ], [ 127.33825, 36.655 ] ] ] } },
{ "type": "Feature", "properties": { "grid_id": "dem-07-21", "mean_elevation_m": 45.24, "terrain_class": "TERRAIN_CONTEXT", "threshold_note": "LOW_ELEVATION_CONTEXT means <= AOI p25 elevation; it is not a flood extent." }, "geometry": { "type": "Polygon", "coordinates": [ [ [ 127.3415, 36.655 ], [ 127.3415, 36.658125 ], [ 127.33825, 36.658125 ], [ 127.33825, 36.655 ], [ 127.3415, 36.655 ] ] ] } },
{ "type": "Feature", "properties": { "grid_id": "dem-07-22", "mean_elevation_m": 36.63, "terrain_class": "TERRAIN_CONTEXT", "threshold_note": "LOW_ELEVATION_CONTEXT means <= AOI p25 elevation; it is not a flood extent." }, "geometry": { "type": "Polygon", "coordinates": [ [ [ 127.34475, 36.655 ], [ 127.34475, 36.658125 ], [ 127.3415, 36.658125 ], [ 127.3415, 36.655 ], [ 127.34475, 36.655 ] ] ] } },
{ "type": "Feature", "properties": { "grid_id": "dem-07-23", "mean_elevation_m": 40.8, "terrain_class": "TERRAIN_CONTEXT", "threshold_note": "LOW_ELEVATION_CONTEXT means <= AOI p25 elevation; it is not a flood extent." }, "geometry": { "type": "Polygon", "coordinates": [ [ [ 127.348, 36.655 ], [ 127.348, 36.658125 ], [ 127.34475, 36.658125 ], [ 127.34475, 36.655 ], [ 127.348, 36.655 ] ] ] } },
{ "type": "Feature", "properties": { "grid_id": "dem-07-24", "mean_elevation_m": 30.48, "terrain_class": "TERRAIN_CONTEXT", "threshold_note": "LOW_ELEVATION_CONTEXT means <= AOI p25 elevation; it is not a flood extent." }, "geometry": { "type": "Polygon", "coordinates": [ [ [ 127.35125, 36.655 ], [ 127.35125, 36.658125 ], [ 127.348, 36.658125 ], [ 127.348, 36.655 ], [ 127.35125, 36.655 ] ] ] } },
{ "type": "Feature", "properties": { "grid_id": "dem-07-25", "mean_elevation_m": 30.88, "terrain_class": "TERRAIN_CONTEXT", "threshold_note": "LOW_ELEVATION_CONTEXT means <= AOI p25 elevation; it is not a flood extent." }, "geometry": { "type": "Polygon", "coordinates": [ [ [ 127.3545, 36.655 ], [ 127.3545, 36.658125 ], [ 127.35125, 36.658125 ], [ 127.35125, 36.655 ], [ 127.3545, 36.655 ] ] ] } },
{ "type": "Feature", "properties": { "grid_id": "dem-07-26", "mean_elevation_m": 50.96, "terrain_class": "TERRAIN_CONTEXT", "threshold_note": "LOW_ELEVATION_CONTEXT means <= AOI p25 elevation; it is not a flood extent." }, "geometry": { "type": "Polygon", "coordinates": [ [ [ 127.35775, 36.655 ], [ 127.35775, 36.658125 ], [ 127.3545, 36.658125 ], [ 127.3545, 36.655 ], [ 127.35775, 36.655 ] ] ] } },
{ "type": "Feature", "properties": { "grid_id": "dem-07-27", "mean_elevation_m": 42.67, "terrain_class": "TERRAIN_CONTEXT", "threshold_note": "LOW_ELEVATION_CONTEXT means <= AOI p25 elevation; it is not a flood extent." }, "geometry": { "type": "Polygon", "coordinates": [ [ [ 127.361, 36.655 ], [ 127.361, 36.658125 ], [ 127.35775, 36.658125 ], [ 127.35775, 36.655 ], [ 127.361, 36.655 ] ] ] } },
{ "type": "Feature", "properties": { "grid_id": "dem-07-28", "mean_elevation_m": 35.47, "terrain_class": "TERRAIN_CONTEXT", "threshold_note": "LOW_ELEVATION_CONTEXT means <= AOI p25 elevation; it is not a flood extent." }, "geometry": { "type": "Polygon", "coordinates": [ [ [ 127.36425, 36.655 ], [ 127.36425, 36.658125 ], [ 127.361, 36.658125 ], [ 127.361, 36.655 ], [ 127.36425, 36.655 ] ] ] } },
{ "type": "Feature", "properties": { "grid_id": "dem-07-29", "mean_elevation_m": 37.33, "terrain_class": "TERRAIN_CONTEXT", "threshold_note": "LOW_ELEVATION_CONTEXT means <= AOI p25 elevation; it is not a flood extent." }, "geometry": { "type": "Polygon", "coordinates": [ [ [ 127.3675, 36.655 ], [ 127.3675, 36.658125 ], [ 127.36425, 36.658125 ], [ 127.36425, 36.655 ], [ 127.3675, 36.655 ] ] ] } },
{ "type": "Feature", "properties": { "grid_id": "dem-07-30", "mean_elevation_m": 33.3, "terrain_class": "TERRAIN_CONTEXT", "threshold_note": "LOW_ELEVATION_CONTEXT means <= AOI p25 elevation; it is not a flood extent." }, "geometry": { "type": "Polygon", "coordinates": [ [ [ 127.37075, 36.655 ], [ 127.37075, 36.658125 ], [ 127.3675, 36.658125 ], [ 127.3675, 36.655 ], [ 127.37075, 36.655 ] ] ] } },
{ "type": "Feature", "properties": { "grid_id": "dem-07-31", "mean_elevation_m": 30.56, "terrain_class": "TERRAIN_CONTEXT", "threshold_note": "LOW_ELEVATION_CONTEXT means <= AOI p25 elevation; it is not a flood extent." }, "geometry": { "type": "Polygon", "coordinates": [ [ [ 127.374, 36.655 ], [ 127.374, 36.658125 ], [ 127.37075, 36.658125 ], [ 127.37075, 36.655 ], [ 127.374, 36.655 ] ] ] } },
{ "type": "Feature", "properties": { "grid_id": "dem-07-32", "mean_elevation_m": 27.16, "terrain_class": "LOW_ELEVATION_CONTEXT", "threshold_note": "LOW_ELEVATION_CONTEXT means <= AOI p25 elevation; it is not a flood extent." }, "geometry": { "type": "Polygon", "coordinates": [ [ [ 127.37725, 36.655 ], [ 127.37725, 36.658125 ], [ 127.374, 36.658125 ], [ 127.374, 36.655 ], [ 127.37725, 36.655 ] ] ] } },
{ "type": "Feature", "properties": { "grid_id": "dem-07-33", "mean_elevation_m": 29.24, "terrain_class": "LOW_ELEVATION_CONTEXT", "threshold_note": "LOW_ELEVATION_CONTEXT means <= AOI p25 elevation; it is not a flood extent." }, "geometry": { "type": "Polygon", "coordinates": [ [ [ 127.3805, 36.655 ], [ 127.3805, 36.658125 ], [ 127.37725, 36.658125 ], [ 127.37725, 36.655 ], [ 127.3805, 36.655 ] ] ] } },
{ "type": "Feature", "properties": { "grid_id": "dem-07-34", "mean_elevation_m": 25.75, "terrain_class": "LOW_ELEVATION_CONTEXT", "threshold_note": "LOW_ELEVATION_CONTEXT means <= AOI p25 elevation; it is not a flood extent." }, "geometry": { "type": "Polygon", "coordinates": [ [ [ 127.38375, 36.655 ], [ 127.38375, 36.658125 ], [ 127.3805, 36.658125 ], [ 127.3805, 36.655 ], [ 127.38375, 36.655 ] ] ] } },
{ "type": "Feature", "properties": { "grid_id": "dem-07-35", "mean_elevation_m": 29.72, "terrain_class": "LOW_ELEVATION_CONTEXT", "threshold_note": "LOW_ELEVATION_CONTEXT means <= AOI p25 elevation; it is not a flood extent." }, "geometry": { "type": "Polygon", "coordinates": [ [ [ 127.387, 36.655 ], [ 127.387, 36.658125 ], [ 127.38375, 36.658125 ], [ 127.38375, 36.655 ], [ 127.387, 36.655 ] ] ] } },
{ "type": "Feature", "properties": { "grid_id": "dem-07-36", "mean_elevation_m": 29.39, "terrain_class": "LOW_ELEVATION_CONTEXT", "threshold_note": "LOW_ELEVATION_CONTEXT means <= AOI p25 elevation; it is not a flood extent." }, "geometry": { "type": "Polygon", "coordinates": [ [ [ 127.39025, 36.655 ], [ 127.39025, 36.658125 ], [ 127.387, 36.658125 ], [ 127.387, 36.655 ], [ 127.39025, 36.655 ] ] ] } },
{ "type": "Feature", "properties": { "grid_id": "dem-07-37", "mean_elevation_m": 29.17, "terrain_class": "LOW_ELEVATION_CONTEXT", "threshold_note": "LOW_ELEVATION_CONTEXT means <= AOI p25 elevation; it is not a flood extent." }, "geometry": { "type": "Polygon", "coordinates": [ [ [ 127.3935, 36.655 ], [ 127.3935, 36.658125 ], [ 127.39025, 36.658125 ], [ 127.39025, 36.655 ], [ 127.3935, 36.655 ] ] ] } },
{ "type": "Feature", "properties": { "grid_id": "dem-07-38", "mean_elevation_m": 29.93, "terrain_class": "LOW_ELEVATION_CONTEXT", "threshold_note": "LOW_ELEVATION_CONTEXT means <= AOI p25 elevation; it is not a flood extent." }, "geometry": { "type": "Polygon", "coordinates": [ [ [ 127.39675, 36.655 ], [ 127.39675, 36.658125 ], [ 127.3935, 36.658125 ], [ 127.3935, 36.655 ], [ 127.39675, 36.655 ] ] ] } },
{ "type": "Feature", "properties": { "grid_id": "dem-07-39", "mean_elevation_m": 30.38, "terrain_class": "TERRAIN_CONTEXT", "threshold_note": "LOW_ELEVATION_CONTEXT means <= AOI p25 elevation; it is not a flood extent." }, "geometry": { "type": "Polygon", "coordinates": [ [ [ 127.4, 36.655 ], [ 127.4, 36.658125 ], [ 127.39675, 36.658125 ], [ 127.39675, 36.655 ], [ 127.4, 36.655 ] ] ] } },
{ "type": "Feature", "properties": { "grid_id": "dem-08-00", "mean_elevation_m": 70.93, "terrain_class": "TERRAIN_CONTEXT", "threshold_note": "LOW_ELEVATION_CONTEXT means <= AOI p25 elevation; it is not a flood extent." }, "geometry": { "type": "Polygon", "coordinates": [ [ [ 127.27325, 36.651875 ], [ 127.27325, 36.655 ], [ 127.27, 36.655 ], [ 127.27, 36.651875 ], [ 127.27325, 36.651875 ] ] ] } },
{ "type": "Feature", "properties": { "grid_id": "dem-08-01", "mean_elevation_m": 64.37, "terrain_class": "TERRAIN_CONTEXT", "threshold_note": "LOW_ELEVATION_CONTEXT means <= AOI p25 elevation; it is not a flood extent." }, "geometry": { "type": "Polygon", "coordinates": [ [ [ 127.2765, 36.651875 ], [ 127.2765, 36.655 ], [ 127.27325, 36.655 ], [ 127.27325, 36.651875 ], [ 127.2765, 36.651875 ] ] ] } },
{ "type": "Feature", "properties": { "grid_id": "dem-08-02", "mean_elevation_m": 73.81, "terrain_class": "TERRAIN_CONTEXT", "threshold_note": "LOW_ELEVATION_CONTEXT means <= AOI p25 elevation; it is not a flood extent." }, "geometry": { "type": "Polygon", "coordinates": [ [ [ 127.27975, 36.651875 ], [ 127.27975, 36.655 ], [ 127.2765, 36.655 ], [ 127.2765, 36.651875 ], [ 127.27975, 36.651875 ] ] ] } },
{ "type": "Feature", "properties": { "grid_id": "dem-08-03", "mean_elevation_m": 139.97, "terrain_class": "TERRAIN_CONTEXT", "threshold_note": "LOW_ELEVATION_CONTEXT means <= AOI p25 elevation; it is not a flood extent." }, "geometry": { "type": "Polygon", "coordinates": [ [ [ 127.283, 36.651875 ], [ 127.283, 36.655 ], [ 127.27975, 36.655 ], [ 127.27975, 36.651875 ], [ 127.283, 36.651875 ] ] ] } },
{ "type": "Feature", "properties": { "grid_id": "dem-08-04", "mean_elevation_m": 163.5, "terrain_class": "TERRAIN_CONTEXT", "threshold_note": "LOW_ELEVATION_CONTEXT means <= AOI p25 elevation; it is not a flood extent." }, "geometry": { "type": "Polygon", "coordinates": [ [ [ 127.28625, 36.651875 ], [ 127.28625, 36.655 ], [ 127.283, 36.655 ], [ 127.283, 36.651875 ], [ 127.28625, 36.651875 ] ] ] } },
{ "type": "Feature", "properties": { "grid_id": "dem-08-05", "mean_elevation_m": 201.65, "terrain_class": "TERRAIN_CONTEXT", "threshold_note": "LOW_ELEVATION_CONTEXT means <= AOI p25 elevation; it is not a flood extent." }, "geometry": { "type": "Polygon", "coordinates": [ [ [ 127.2895, 36.651875 ], [ 127.2895, 36.655 ], [ 127.28625, 36.655 ], [ 127.28625, 36.651875 ], [ 127.2895, 36.651875 ] ] ] } },
{ "type": "Feature", "properties": { "grid_id": "dem-08-06", "mean_elevation_m": 126.69, "terrain_class": "TERRAIN_CONTEXT", "threshold_note": "LOW_ELEVATION_CONTEXT means <= AOI p25 elevation; it is not a flood extent." }, "geometry": { "type": "Polygon", "coordinates": [ [ [ 127.29275, 36.651875 ], [ 127.29275, 36.655 ], [ 127.2895, 36.655 ], [ 127.2895, 36.651875 ], [ 127.29275, 36.651875 ] ] ] } },
{ "type": "Feature", "properties": { "grid_id": "dem-08-07", "mean_elevation_m": 96.26, "terrain_class": "TERRAIN_CONTEXT", "threshold_note": "LOW_ELEVATION_CONTEXT means <= AOI p25 elevation; it is not a flood extent." }, "geometry": { "type": "Polygon", "coordinates": [ [ [ 127.296, 36.651875 ], [ 127.296, 36.655 ], [ 127.29275, 36.655 ], [ 127.29275, 36.651875 ], [ 127.296, 36.651875 ] ] ] } },
{ "type": "Feature", "properties": { "grid_id": "dem-08-08", "mean_elevation_m": 106.56, "terrain_class": "TERRAIN_CONTEXT", "threshold_note": "LOW_ELEVATION_CONTEXT means <= AOI p25 elevation; it is not a flood extent." }, "geometry": { "type": "Polygon", "coordinates": [ [ [ 127.29925, 36.651875 ], [ 127.29925, 36.655 ], [ 127.296, 36.655 ], [ 127.296, 36.651875 ], [ 127.29925, 36.651875 ] ] ] } },
{ "type": "Feature", "properties": { "grid_id": "dem-08-09", "mean_elevation_m": 168.64, "terrain_class": "TERRAIN_CONTEXT", "threshold_note": "LOW_ELEVATION_CONTEXT means <= AOI p25 elevation; it is not a flood extent." }, "geometry": { "type": "Polygon", "coordinates": [ [ [ 127.3025, 36.651875 ], [ 127.3025, 36.655 ], [ 127.29925, 36.655 ], [ 127.29925, 36.651875 ], [ 127.3025, 36.651875 ] ] ] } },
{ "type": "Feature", "properties": { "grid_id": "dem-08-10", "mean_elevation_m": 151.32, "terrain_class": "TERRAIN_CONTEXT", "threshold_note": "LOW_ELEVATION_CONTEXT means <= AOI p25 elevation; it is not a flood extent." }, "geometry": { "type": "Polygon", "coordinates": [ [ [ 127.30575, 36.651875 ], [ 127.30575, 36.655 ], [ 127.3025, 36.655 ], [ 127.3025, 36.651875 ], [ 127.30575, 36.651875 ] ] ] } },
{ "type": "Feature", "properties": { "grid_id": "dem-08-11", "mean_elevation_m": 115.06, "terrain_class": "TERRAIN_CONTEXT", "threshold_note": "LOW_ELEVATION_CONTEXT means <= AOI p25 elevation; it is not a flood extent." }, "geometry": { "type": "Polygon", "coordinates": [ [ [ 127.309, 36.651875 ], [ 127.309, 36.655 ], [ 127.30575, 36.655 ], [ 127.30575, 36.651875 ], [ 127.309, 36.651875 ] ] ] } },
{ "type": "Feature", "properties": { "grid_id": "dem-08-12", "mean_elevation_m": 88.53, "terrain_class": "TERRAIN_CONTEXT", "threshold_note": "LOW_ELEVATION_CONTEXT means <= AOI p25 elevation; it is not a flood extent." }, "geometry": { "type": "Polygon", "coordinates": [ [ [ 127.31225, 36.651875 ], [ 127.31225, 36.655 ], [ 127.309, 36.655 ], [ 127.309, 36.651875 ], [ 127.31225, 36.651875 ] ] ] } },
{ "type": "Feature", "properties": { "grid_id": "dem-08-13", "mean_elevation_m": 85.56, "terrain_class": "TERRAIN_CONTEXT", "threshold_note": "LOW_ELEVATION_CONTEXT means <= AOI p25 elevation; it is not a flood extent." }, "geometry": { "type": "Polygon", "coordinates": [ [ [ 127.3155, 36.651875 ], [ 127.3155, 36.655 ], [ 127.31225, 36.655 ], [ 127.31225, 36.651875 ], [ 127.3155, 36.651875 ] ] ] } },
{ "type": "Feature", "properties": { "grid_id": "dem-08-14", "mean_elevation_m": 113.58, "terrain_class": "TERRAIN_CONTEXT", "threshold_note": "LOW_ELEVATION_CONTEXT means <= AOI p25 elevation; it is not a flood extent." }, "geometry": { "type": "Polygon", "coordinates": [ [ [ 127.31875, 36.651875 ], [ 127.31875, 36.655 ], [ 127.3155, 36.655 ], [ 127.3155, 36.651875 ], [ 127.31875, 36.651875 ] ] ] } },
{ "type": "Feature", "properties": { "grid_id": "dem-08-15", "mean_elevation_m": 71.54, "terrain_class": "TERRAIN_CONTEXT", "threshold_note": "LOW_ELEVATION_CONTEXT means <= AOI p25 elevation; it is not a flood extent." }, "geometry": { "type": "Polygon", "coordinates": [ [ [ 127.322, 36.651875 ], [ 127.322, 36.655 ], [ 127.31875, 36.655 ], [ 127.31875, 36.651875 ], [ 127.322, 36.651875 ] ] ] } },
{ "type": "Feature", "properties": { "grid_id": "dem-08-16", "mean_elevation_m": 74.4, "terrain_class": "TERRAIN_CONTEXT", "threshold_note": "LOW_ELEVATION_CONTEXT means <= AOI p25 elevation; it is not a flood extent." }, "geometry": { "type": "Polygon", "coordinates": [ [ [ 127.32525, 36.651875 ], [ 127.32525, 36.655 ], [ 127.322, 36.655 ], [ 127.322, 36.651875 ], [ 127.32525, 36.651875 ] ] ] } },
{ "type": "Feature", "properties": { "grid_id": "dem-08-17", "mean_elevation_m": 97.77, "terrain_class": "TERRAIN_CONTEXT", "threshold_note": "LOW_ELEVATION_CONTEXT means <= AOI p25 elevation; it is not a flood extent." }, "geometry": { "type": "Polygon", "coordinates": [ [ [ 127.3285, 36.651875 ], [ 127.3285, 36.655 ], [ 127.32525, 36.655 ], [ 127.32525, 36.651875 ], [ 127.3285, 36.651875 ] ] ] } },
{ "type": "Feature", "properties": { "grid_id": "dem-08-18", "mean_elevation_m": 70.1, "terrain_class": "TERRAIN_CONTEXT", "threshold_note": "LOW_ELEVATION_CONTEXT means <= AOI p25 elevation; it is not a flood extent." }, "geometry": { "type": "Polygon", "coordinates": [ [ [ 127.33175, 36.651875 ], [ 127.33175, 36.655 ], [ 127.3285, 36.655 ], [ 127.3285, 36.651875 ], [ 127.33175, 36.651875 ] ] ] } },
{ "type": "Feature", "properties": { "grid_id": "dem-08-19", "mean_elevation_m": 68.03, "terrain_class": "TERRAIN_CONTEXT", "threshold_note": "LOW_ELEVATION_CONTEXT means <= AOI p25 elevation; it is not a flood extent." }, "geometry": { "type": "Polygon", "coordinates": [ [ [ 127.335, 36.651875 ], [ 127.335, 36.655 ], [ 127.33175, 36.655 ], [ 127.33175, 36.651875 ], [ 127.335, 36.651875 ] ] ] } },
{ "type": "Feature", "properties": { "grid_id": "dem-08-20", "mean_elevation_m": 78.87, "terrain_class": "TERRAIN_CONTEXT", "threshold_note": "LOW_ELEVATION_CONTEXT means <= AOI p25 elevation; it is not a flood extent." }, "geometry": { "type": "Polygon", "coordinates": [ [ [ 127.33825, 36.651875 ], [ 127.33825, 36.655 ], [ 127.335, 36.655 ], [ 127.335, 36.651875 ], [ 127.33825, 36.651875 ] ] ] } },
{ "type": "Feature", "properties": { "grid_id": "dem-08-21", "mean_elevation_m": 40.74, "terrain_class": "TERRAIN_CONTEXT", "threshold_note": "LOW_ELEVATION_CONTEXT means <= AOI p25 elevation; it is not a flood extent." }, "geometry": { "type": "Polygon", "coordinates": [ [ [ 127.3415, 36.651875 ], [ 127.3415, 36.655 ], [ 127.33825, 36.655 ], [ 127.33825, 36.651875 ], [ 127.3415, 36.651875 ] ] ] } },
{ "type": "Feature", "properties": { "grid_id": "dem-08-22", "mean_elevation_m": 37.18, "terrain_class": "TERRAIN_CONTEXT", "threshold_note": "LOW_ELEVATION_CONTEXT means <= AOI p25 elevation; it is not a flood extent." }, "geometry": { "type": "Polygon", "coordinates": [ [ [ 127.34475, 36.651875 ], [ 127.34475, 36.655 ], [ 127.3415, 36.655 ], [ 127.3415, 36.651875 ], [ 127.34475, 36.651875 ] ] ] } },
{ "type": "Feature", "properties": { "grid_id": "dem-08-23", "mean_elevation_m": 31.98, "terrain_class": "TERRAIN_CONTEXT", "threshold_note": "LOW_ELEVATION_CONTEXT means <= AOI p25 elevation; it is not a flood extent." }, "geometry": { "type": "Polygon", "coordinates": [ [ [ 127.348, 36.651875 ], [ 127.348, 36.655 ], [ 127.34475, 36.655 ], [ 127.34475, 36.651875 ], [ 127.348, 36.651875 ] ] ] } },
{ "type": "Feature", "properties": { "grid_id": "dem-08-24", "mean_elevation_m": 28.12, "terrain_class": "LOW_ELEVATION_CONTEXT", "threshold_note": "LOW_ELEVATION_CONTEXT means <= AOI p25 elevation; it is not a flood extent." }, "geometry": { "type": "Polygon", "coordinates": [ [ [ 127.35125, 36.651875 ], [ 127.35125, 36.655 ], [ 127.348, 36.655 ], [ 127.348, 36.651875 ], [ 127.35125, 36.651875 ] ] ] } },
{ "type": "Feature", "properties": { "grid_id": "dem-08-25", "mean_elevation_m": 32.92, "terrain_class": "TERRAIN_CONTEXT", "threshold_note": "LOW_ELEVATION_CONTEXT means <= AOI p25 elevation; it is not a flood extent." }, "geometry": { "type": "Polygon", "coordinates": [ [ [ 127.3545, 36.651875 ], [ 127.3545, 36.655 ], [ 127.35125, 36.655 ], [ 127.35125, 36.651875 ], [ 127.3545, 36.651875 ] ] ] } },
{ "type": "Feature", "properties": { "grid_id": "dem-08-26", "mean_elevation_m": 49.29, "terrain_class": "TERRAIN_CONTEXT", "threshold_note": "LOW_ELEVATION_CONTEXT means <= AOI p25 elevation; it is not a flood extent." }, "geometry": { "type": "Polygon", "coordinates": [ [ [ 127.35775, 36.651875 ], [ 127.35775, 36.655 ], [ 127.3545, 36.655 ], [ 127.3545, 36.651875 ], [ 127.35775, 36.651875 ] ] ] } },
{ "type": "Feature", "properties": { "grid_id": "dem-08-27", "mean_elevation_m": 31.39, "terrain_class": "TERRAIN_CONTEXT", "threshold_note": "LOW_ELEVATION_CONTEXT means <= AOI p25 elevation; it is not a flood extent." }, "geometry": { "type": "Polygon", "coordinates": [ [ [ 127.361, 36.651875 ], [ 127.361, 36.655 ], [ 127.35775, 36.655 ], [ 127.35775, 36.651875 ], [ 127.361, 36.651875 ] ] ] } },
{ "type": "Feature", "properties": { "grid_id": "dem-08-28", "mean_elevation_m": 29.09, "terrain_class": "LOW_ELEVATION_CONTEXT", "threshold_note": "LOW_ELEVATION_CONTEXT means <= AOI p25 elevation; it is not a flood extent." }, "geometry": { "type": "Polygon", "coordinates": [ [ [ 127.36425, 36.651875 ], [ 127.36425, 36.655 ], [ 127.361, 36.655 ], [ 127.361, 36.651875 ], [ 127.36425, 36.651875 ] ] ] } },
{ "type": "Feature", "properties": { "grid_id": "dem-08-29", "mean_elevation_m": 29.3, "terrain_class": "LOW_ELEVATION_CONTEXT", "threshold_note": "LOW_ELEVATION_CONTEXT means <= AOI p25 elevation; it is not a flood extent." }, "geometry": { "type": "Polygon", "coordinates": [ [ [ 127.3675, 36.651875 ], [ 127.3675, 36.655 ], [ 127.36425, 36.655 ], [ 127.36425, 36.651875 ], [ 127.3675, 36.651875 ] ] ] } },
{ "type": "Feature", "properties": { "grid_id": "dem-08-30", "mean_elevation_m": 29.06, "terrain_class": "LOW_ELEVATION_CONTEXT", "threshold_note": "LOW_ELEVATION_CONTEXT means <= AOI p25 elevation; it is not a flood extent." }, "geometry": { "type": "Polygon", "coordinates": [ [ [ 127.37075, 36.651875 ], [ 127.37075, 36.655 ], [ 127.3675, 36.655 ], [ 127.3675, 36.651875 ], [ 127.37075, 36.651875 ] ] ] } },
{ "type": "Feature", "properties": { "grid_id": "dem-08-31", "mean_elevation_m": 31.04, "terrain_class": "TERRAIN_CONTEXT", "threshold_note": "LOW_ELEVATION_CONTEXT means <= AOI p25 elevation; it is not a flood extent." }, "geometry": { "type": "Polygon", "coordinates": [ [ [ 127.374, 36.651875 ], [ 127.374, 36.655 ], [ 127.37075, 36.655 ], [ 127.37075, 36.651875 ], [ 127.374, 36.651875 ] ] ] } },
{ "type": "Feature", "properties": { "grid_id": "dem-08-32", "mean_elevation_m": 28.78, "terrain_class": "LOW_ELEVATION_CONTEXT", "threshold_note": "LOW_ELEVATION_CONTEXT means <= AOI p25 elevation; it is not a flood extent." }, "geometry": { "type": "Polygon", "coordinates": [ [ [ 127.37725, 36.651875 ], [ 127.37725, 36.655 ], [ 127.374, 36.655 ], [ 127.374, 36.651875 ], [ 127.37725, 36.651875 ] ] ] } },
{ "type": "Feature", "properties": { "grid_id": "dem-08-33", "mean_elevation_m": 25.65, "terrain_class": "LOW_ELEVATION_CONTEXT", "threshold_note": "LOW_ELEVATION_CONTEXT means <= AOI p25 elevation; it is not a flood extent." }, "geometry": { "type": "Polygon", "coordinates": [ [ [ 127.3805, 36.651875 ], [ 127.3805, 36.655 ], [ 127.37725, 36.655 ], [ 127.37725, 36.651875 ], [ 127.3805, 36.651875 ] ] ] } },
{ "type": "Feature", "properties": { "grid_id": "dem-08-34", "mean_elevation_m": 29.2, "terrain_class": "LOW_ELEVATION_CONTEXT", "threshold_note": "LOW_ELEVATION_CONTEXT means <= AOI p25 elevation; it is not a flood extent." }, "geometry": { "type": "Polygon", "coordinates": [ [ [ 127.38375, 36.651875 ], [ 127.38375, 36.655 ], [ 127.3805, 36.655 ], [ 127.3805, 36.651875 ], [ 127.38375, 36.651875 ] ] ] } },
{ "type": "Feature", "properties": { "grid_id": "dem-08-35", "mean_elevation_m": 28.67, "terrain_class": "LOW_ELEVATION_CONTEXT", "threshold_note": "LOW_ELEVATION_CONTEXT means <= AOI p25 elevation; it is not a flood extent." }, "geometry": { "type": "Polygon", "coordinates": [ [ [ 127.387, 36.651875 ], [ 127.387, 36.655 ], [ 127.38375, 36.655 ], [ 127.38375, 36.651875 ], [ 127.387, 36.651875 ] ] ] } },
{ "type": "Feature", "properties": { "grid_id": "dem-08-36", "mean_elevation_m": 29.35, "terrain_class": "LOW_ELEVATION_CONTEXT", "threshold_note": "LOW_ELEVATION_CONTEXT means <= AOI p25 elevation; it is not a flood extent." }, "geometry": { "type": "Polygon", "coordinates": [ [ [ 127.39025, 36.651875 ], [ 127.39025, 36.655 ], [ 127.387, 36.655 ], [ 127.387, 36.651875 ], [ 127.39025, 36.651875 ] ] ] } },
{ "type": "Feature", "properties": { "grid_id": "dem-08-37", "mean_elevation_m": 29.59, "terrain_class": "LOW_ELEVATION_CONTEXT", "threshold_note": "LOW_ELEVATION_CONTEXT means <= AOI p25 elevation; it is not a flood extent." }, "geometry": { "type": "Polygon", "coordinates": [ [ [ 127.3935, 36.651875 ], [ 127.3935, 36.655 ], [ 127.39025, 36.655 ], [ 127.39025, 36.651875 ], [ 127.3935, 36.651875 ] ] ] } },
{ "type": "Feature", "properties": { "grid_id": "dem-08-38", "mean_elevation_m": 36.69, "terrain_class": "TERRAIN_CONTEXT", "threshold_note": "LOW_ELEVATION_CONTEXT means <= AOI p25 elevation; it is not a flood extent." }, "geometry": { "type": "Polygon", "coordinates": [ [ [ 127.39675, 36.651875 ], [ 127.39675, 36.655 ], [ 127.3935, 36.655 ], [ 127.3935, 36.651875 ], [ 127.39675, 36.651875 ] ] ] } },
{ "type": "Feature", "properties": { "grid_id": "dem-08-39", "mean_elevation_m": 35.66, "terrain_class": "TERRAIN_CONTEXT", "threshold_note": "LOW_ELEVATION_CONTEXT means <= AOI p25 elevation; it is not a flood extent." }, "geometry": { "type": "Polygon", "coordinates": [ [ [ 127.4, 36.651875 ], [ 127.4, 36.655 ], [ 127.39675, 36.655 ], [ 127.39675, 36.651875 ], [ 127.4, 36.651875 ] ] ] } },
{ "type": "Feature", "properties": { "grid_id": "dem-09-00", "mean_elevation_m": 49.65, "terrain_class": "TERRAIN_CONTEXT", "threshold_note": "LOW_ELEVATION_CONTEXT means <= AOI p25 elevation; it is not a flood extent." }, "geometry": { "type": "Polygon", "coordinates": [ [ [ 127.27325, 36.64875 ], [ 127.27325, 36.651875 ], [ 127.27, 36.651875 ], [ 127.27, 36.64875 ], [ 127.27325, 36.64875 ] ] ] } },
{ "type": "Feature", "properties": { "grid_id": "dem-09-01", "mean_elevation_m": 82.53, "terrain_class": "TERRAIN_CONTEXT", "threshold_note": "LOW_ELEVATION_CONTEXT means <= AOI p25 elevation; it is not a flood extent." }, "geometry": { "type": "Polygon", "coordinates": [ [ [ 127.2765, 36.64875 ], [ 127.2765, 36.651875 ], [ 127.27325, 36.651875 ], [ 127.27325, 36.64875 ], [ 127.2765, 36.64875 ] ] ] } },
{ "type": "Feature", "properties": { "grid_id": "dem-09-02", "mean_elevation_m": 87.55, "terrain_class": "TERRAIN_CONTEXT", "threshold_note": "LOW_ELEVATION_CONTEXT means <= AOI p25 elevation; it is not a flood extent." }, "geometry": { "type": "Polygon", "coordinates": [ [ [ 127.27975, 36.64875 ], [ 127.27975, 36.651875 ], [ 127.2765, 36.651875 ], [ 127.2765, 36.64875 ], [ 127.27975, 36.64875 ] ] ] } },
{ "type": "Feature", "properties": { "grid_id": "dem-09-03", "mean_elevation_m": 107.08, "terrain_class": "TERRAIN_CONTEXT", "threshold_note": "LOW_ELEVATION_CONTEXT means <= AOI p25 elevation; it is not a flood extent." }, "geometry": { "type": "Polygon", "coordinates": [ [ [ 127.283, 36.64875 ], [ 127.283, 36.651875 ], [ 127.27975, 36.651875 ], [ 127.27975, 36.64875 ], [ 127.283, 36.64875 ] ] ] } },
{ "type": "Feature", "properties": { "grid_id": "dem-09-04", "mean_elevation_m": 146.74, "terrain_class": "TERRAIN_CONTEXT", "threshold_note": "LOW_ELEVATION_CONTEXT means <= AOI p25 elevation; it is not a flood extent." }, "geometry": { "type": "Polygon", "coordinates": [ [ [ 127.28625, 36.64875 ], [ 127.28625, 36.651875 ], [ 127.283, 36.651875 ], [ 127.283, 36.64875 ], [ 127.28625, 36.64875 ] ] ] } },
{ "type": "Feature", "properties": { "grid_id": "dem-09-05", "mean_elevation_m": 182.41, "terrain_class": "TERRAIN_CONTEXT", "threshold_note": "LOW_ELEVATION_CONTEXT means <= AOI p25 elevation; it is not a flood extent." }, "geometry": { "type": "Polygon", "coordinates": [ [ [ 127.2895, 36.64875 ], [ 127.2895, 36.651875 ], [ 127.28625, 36.651875 ], [ 127.28625, 36.64875 ], [ 127.2895, 36.64875 ] ] ] } },
{ "type": "Feature", "properties": { "grid_id": "dem-09-06", "mean_elevation_m": 122.35, "terrain_class": "TERRAIN_CONTEXT", "threshold_note": "LOW_ELEVATION_CONTEXT means <= AOI p25 elevation; it is not a flood extent." }, "geometry": { "type": "Polygon", "coordinates": [ [ [ 127.29275, 36.64875 ], [ 127.29275, 36.651875 ], [ 127.2895, 36.651875 ], [ 127.2895, 36.64875 ], [ 127.29275, 36.64875 ] ] ] } },
{ "type": "Feature", "properties": { "grid_id": "dem-09-07", "mean_elevation_m": 79.5, "terrain_class": "TERRAIN_CONTEXT", "threshold_note": "LOW_ELEVATION_CONTEXT means <= AOI p25 elevation; it is not a flood extent." }, "geometry": { "type": "Polygon", "coordinates": [ [ [ 127.296, 36.64875 ], [ 127.296, 36.651875 ], [ 127.29275, 36.651875 ], [ 127.29275, 36.64875 ], [ 127.296, 36.64875 ] ] ] } },
{ "type": "Feature", "properties": { "grid_id": "dem-09-08", "mean_elevation_m": 142.62, "terrain_class": "TERRAIN_CONTEXT", "threshold_note": "LOW_ELEVATION_CONTEXT means <= AOI p25 elevation; it is not a flood extent." }, "geometry": { "type": "Polygon", "coordinates": [ [ [ 127.29925, 36.64875 ], [ 127.29925, 36.651875 ], [ 127.296, 36.651875 ], [ 127.296, 36.64875 ], [ 127.29925, 36.64875 ] ] ] } },
{ "type": "Feature", "properties": { "grid_id": "dem-09-09", "mean_elevation_m": 198.22, "terrain_class": "TERRAIN_CONTEXT", "threshold_note": "LOW_ELEVATION_CONTEXT means <= AOI p25 elevation; it is not a flood extent." }, "geometry": { "type": "Polygon", "coordinates": [ [ [ 127.3025, 36.64875 ], [ 127.3025, 36.651875 ], [ 127.29925, 36.651875 ], [ 127.29925, 36.64875 ], [ 127.3025, 36.64875 ] ] ] } },
{ "type": "Feature", "properties": { "grid_id": "dem-09-10", "mean_elevation_m": 168.14, "terrain_class": "TERRAIN_CONTEXT", "threshold_note": "LOW_ELEVATION_CONTEXT means <= AOI p25 elevation; it is not a flood extent." }, "geometry": { "type": "Polygon", "coordinates": [ [ [ 127.30575, 36.64875 ], [ 127.30575, 36.651875 ], [ 127.3025, 36.651875 ], [ 127.3025, 36.64875 ], [ 127.30575, 36.64875 ] ] ] } },
{ "type": "Feature", "properties": { "grid_id": "dem-09-11", "mean_elevation_m": 174.88, "terrain_class": "TERRAIN_CONTEXT", "threshold_note": "LOW_ELEVATION_CONTEXT means <= AOI p25 elevation; it is not a flood extent." }, "geometry": { "type": "Polygon", "coordinates": [ [ [ 127.309, 36.64875 ], [ 127.309, 36.651875 ], [ 127.30575, 36.651875 ], [ 127.30575, 36.64875 ], [ 127.309, 36.64875 ] ] ] } },
{ "type": "Feature", "properties": { "grid_id": "dem-09-12", "mean_elevation_m": 150.15, "terrain_class": "TERRAIN_CONTEXT", "threshold_note": "LOW_ELEVATION_CONTEXT means <= AOI p25 elevation; it is not a flood extent." }, "geometry": { "type": "Polygon", "coordinates": [ [ [ 127.31225, 36.64875 ], [ 127.31225, 36.651875 ], [ 127.309, 36.651875 ], [ 127.309, 36.64875 ], [ 127.31225, 36.64875 ] ] ] } },
{ "type": "Feature", "properties": { "grid_id": "dem-09-13", "mean_elevation_m": 87.67, "terrain_class": "TERRAIN_CONTEXT", "threshold_note": "LOW_ELEVATION_CONTEXT means <= AOI p25 elevation; it is not a flood extent." }, "geometry": { "type": "Polygon", "coordinates": [ [ [ 127.3155, 36.64875 ], [ 127.3155, 36.651875 ], [ 127.31225, 36.651875 ], [ 127.31225, 36.64875 ], [ 127.3155, 36.64875 ] ] ] } },
{ "type": "Feature", "properties": { "grid_id": "dem-09-14", "mean_elevation_m": 65.15, "terrain_class": "TERRAIN_CONTEXT", "threshold_note": "LOW_ELEVATION_CONTEXT means <= AOI p25 elevation; it is not a flood extent." }, "geometry": { "type": "Polygon", "coordinates": [ [ [ 127.31875, 36.64875 ], [ 127.31875, 36.651875 ], [ 127.3155, 36.651875 ], [ 127.3155, 36.64875 ], [ 127.31875, 36.64875 ] ] ] } },
{ "type": "Feature", "properties": { "grid_id": "dem-09-15", "mean_elevation_m": 57.08, "terrain_class": "TERRAIN_CONTEXT", "threshold_note": "LOW_ELEVATION_CONTEXT means <= AOI p25 elevation; it is not a flood extent." }, "geometry": { "type": "Polygon", "coordinates": [ [ [ 127.322, 36.64875 ], [ 127.322, 36.651875 ], [ 127.31875, 36.651875 ], [ 127.31875, 36.64875 ], [ 127.322, 36.64875 ] ] ] } },
{ "type": "Feature", "properties": { "grid_id": "dem-09-16", "mean_elevation_m": 58.94, "terrain_class": "TERRAIN_CONTEXT", "threshold_note": "LOW_ELEVATION_CONTEXT means <= AOI p25 elevation; it is not a flood extent." }, "geometry": { "type": "Polygon", "coordinates": [ [ [ 127.32525, 36.64875 ], [ 127.32525, 36.651875 ], [ 127.322, 36.651875 ], [ 127.322, 36.64875 ], [ 127.32525, 36.64875 ] ] ] } },
{ "type": "Feature", "properties": { "grid_id": "dem-09-17", "mean_elevation_m": 68.41, "terrain_class": "TERRAIN_CONTEXT", "threshold_note": "LOW_ELEVATION_CONTEXT means <= AOI p25 elevation; it is not a flood extent." }, "geometry": { "type": "Polygon", "coordinates": [ [ [ 127.3285, 36.64875 ], [ 127.3285, 36.651875 ], [ 127.32525, 36.651875 ], [ 127.32525, 36.64875 ], [ 127.3285, 36.64875 ] ] ] } },
{ "type": "Feature", "properties": { "grid_id": "dem-09-18", "mean_elevation_m": 62.38, "terrain_class": "TERRAIN_CONTEXT", "threshold_note": "LOW_ELEVATION_CONTEXT means <= AOI p25 elevation; it is not a flood extent." }, "geometry": { "type": "Polygon", "coordinates": [ [ [ 127.33175, 36.64875 ], [ 127.33175, 36.651875 ], [ 127.3285, 36.651875 ], [ 127.3285, 36.64875 ], [ 127.33175, 36.64875 ] ] ] } },
{ "type": "Feature", "properties": { "grid_id": "dem-09-19", "mean_elevation_m": 83.86, "terrain_class": "TERRAIN_CONTEXT", "threshold_note": "LOW_ELEVATION_CONTEXT means <= AOI p25 elevation; it is not a flood extent." }, "geometry": { "type": "Polygon", "coordinates": [ [ [ 127.335, 36.64875 ], [ 127.335, 36.651875 ], [ 127.33175, 36.651875 ], [ 127.33175, 36.64875 ], [ 127.335, 36.64875 ] ] ] } },
{ "type": "Feature", "properties": { "grid_id": "dem-09-20", "mean_elevation_m": 42.2, "terrain_class": "TERRAIN_CONTEXT", "threshold_note": "LOW_ELEVATION_CONTEXT means <= AOI p25 elevation; it is not a flood extent." }, "geometry": { "type": "Polygon", "coordinates": [ [ [ 127.33825, 36.64875 ], [ 127.33825, 36.651875 ], [ 127.335, 36.651875 ], [ 127.335, 36.64875 ], [ 127.33825, 36.64875 ] ] ] } },
{ "type": "Feature", "properties": { "grid_id": "dem-09-21", "mean_elevation_m": 32.78, "terrain_class": "TERRAIN_CONTEXT", "threshold_note": "LOW_ELEVATION_CONTEXT means <= AOI p25 elevation; it is not a flood extent." }, "geometry": { "type": "Polygon", "coordinates": [ [ [ 127.3415, 36.64875 ], [ 127.3415, 36.651875 ], [ 127.33825, 36.651875 ], [ 127.33825, 36.64875 ], [ 127.3415, 36.64875 ] ] ] } },
{ "type": "Feature", "properties": { "grid_id": "dem-09-22", "mean_elevation_m": 40.83, "terrain_class": "TERRAIN_CONTEXT", "threshold_note": "LOW_ELEVATION_CONTEXT means <= AOI p25 elevation; it is not a flood extent." }, "geometry": { "type": "Polygon", "coordinates": [ [ [ 127.34475, 36.64875 ], [ 127.34475, 36.651875 ], [ 127.3415, 36.651875 ], [ 127.3415, 36.64875 ], [ 127.34475, 36.64875 ] ] ] } },
{ "type": "Feature", "properties": { "grid_id": "dem-09-23", "mean_elevation_m": 29.12, "terrain_class": "LOW_ELEVATION_CONTEXT", "threshold_note": "LOW_ELEVATION_CONTEXT means <= AOI p25 elevation; it is not a flood extent." }, "geometry": { "type": "Polygon", "coordinates": [ [ [ 127.348, 36.64875 ], [ 127.348, 36.651875 ], [ 127.34475, 36.651875 ], [ 127.34475, 36.64875 ], [ 127.348, 36.64875 ] ] ] } },
{ "type": "Feature", "properties": { "grid_id": "dem-09-24", "mean_elevation_m": 28.64, "terrain_class": "LOW_ELEVATION_CONTEXT", "threshold_note": "LOW_ELEVATION_CONTEXT means <= AOI p25 elevation; it is not a flood extent." }, "geometry": { "type": "Polygon", "coordinates": [ [ [ 127.35125, 36.64875 ], [ 127.35125, 36.651875 ], [ 127.348, 36.651875 ], [ 127.348, 36.64875 ], [ 127.35125, 36.64875 ] ] ] } },
{ "type": "Feature", "properties": { "grid_id": "dem-09-25", "mean_elevation_m": 28.11, "terrain_class": "LOW_ELEVATION_CONTEXT", "threshold_note": "LOW_ELEVATION_CONTEXT means <= AOI p25 elevation; it is not a flood extent." }, "geometry": { "type": "Polygon", "coordinates": [ [ [ 127.3545, 36.64875 ], [ 127.3545, 36.651875 ], [ 127.35125, 36.651875 ], [ 127.35125, 36.64875 ], [ 127.3545, 36.64875 ] ] ] } },
{ "type": "Feature", "properties": { "grid_id": "dem-09-26", "mean_elevation_m": 32.02, "terrain_class": "TERRAIN_CONTEXT", "threshold_note": "LOW_ELEVATION_CONTEXT means <= AOI p25 elevation; it is not a flood extent." }, "geometry": { "type": "Polygon", "coordinates": [ [ [ 127.35775, 36.64875 ], [ 127.35775, 36.651875 ], [ 127.3545, 36.651875 ], [ 127.3545, 36.64875 ], [ 127.35775, 36.64875 ] ] ] } },
{ "type": "Feature", "properties": { "grid_id": "dem-09-27", "mean_elevation_m": 28.3, "terrain_class": "LOW_ELEVATION_CONTEXT", "threshold_note": "LOW_ELEVATION_CONTEXT means <= AOI p25 elevation; it is not a flood extent." }, "geometry": { "type": "Polygon", "coordinates": [ [ [ 127.361, 36.64875 ], [ 127.361, 36.651875 ], [ 127.35775, 36.651875 ], [ 127.35775, 36.64875 ], [ 127.361, 36.64875 ] ] ] } },
{ "type": "Feature", "properties": { "grid_id": "dem-09-28", "mean_elevation_m": 27.95, "terrain_class": "LOW_ELEVATION_CONTEXT", "threshold_note": "LOW_ELEVATION_CONTEXT means <= AOI p25 elevation; it is not a flood extent." }, "geometry": { "type": "Polygon", "coordinates": [ [ [ 127.36425, 36.64875 ], [ 127.36425, 36.651875 ], [ 127.361, 36.651875 ], [ 127.361, 36.64875 ], [ 127.36425, 36.64875 ] ] ] } },
{ "type": "Feature", "properties": { "grid_id": "dem-09-29", "mean_elevation_m": 27.99, "terrain_class": "LOW_ELEVATION_CONTEXT", "threshold_note": "LOW_ELEVATION_CONTEXT means <= AOI p25 elevation; it is not a flood extent." }, "geometry": { "type": "Polygon", "coordinates": [ [ [ 127.3675, 36.64875 ], [ 127.3675, 36.651875 ], [ 127.36425, 36.651875 ], [ 127.36425, 36.64875 ], [ 127.3675, 36.64875 ] ] ] } },
{ "type": "Feature", "properties": { "grid_id": "dem-09-30", "mean_elevation_m": 28.38, "terrain_class": "LOW_ELEVATION_CONTEXT", "threshold_note": "LOW_ELEVATION_CONTEXT means <= AOI p25 elevation; it is not a flood extent." }, "geometry": { "type": "Polygon", "coordinates": [ [ [ 127.37075, 36.64875 ], [ 127.37075, 36.651875 ], [ 127.3675, 36.651875 ], [ 127.3675, 36.64875 ], [ 127.37075, 36.64875 ] ] ] } },
{ "type": "Feature", "properties": { "grid_id": "dem-09-31", "mean_elevation_m": 27.64, "terrain_class": "LOW_ELEVATION_CONTEXT", "threshold_note": "LOW_ELEVATION_CONTEXT means <= AOI p25 elevation; it is not a flood extent." }, "geometry": { "type": "Polygon", "coordinates": [ [ [ 127.374, 36.64875 ], [ 127.374, 36.651875 ], [ 127.37075, 36.651875 ], [ 127.37075, 36.64875 ], [ 127.374, 36.64875 ] ] ] } },
{ "type": "Feature", "properties": { "grid_id": "dem-09-32", "mean_elevation_m": 26.83, "terrain_class": "LOW_ELEVATION_CONTEXT", "threshold_note": "LOW_ELEVATION_CONTEXT means <= AOI p25 elevation; it is not a flood extent." }, "geometry": { "type": "Polygon", "coordinates": [ [ [ 127.37725, 36.64875 ], [ 127.37725, 36.651875 ], [ 127.374, 36.651875 ], [ 127.374, 36.64875 ], [ 127.37725, 36.64875 ] ] ] } },
{ "type": "Feature", "properties": { "grid_id": "dem-09-33", "mean_elevation_m": 27.78, "terrain_class": "LOW_ELEVATION_CONTEXT", "threshold_note": "LOW_ELEVATION_CONTEXT means <= AOI p25 elevation; it is not a flood extent." }, "geometry": { "type": "Polygon", "coordinates": [ [ [ 127.3805, 36.64875 ], [ 127.3805, 36.651875 ], [ 127.37725, 36.651875 ], [ 127.37725, 36.64875 ], [ 127.3805, 36.64875 ] ] ] } },
{ "type": "Feature", "properties": { "grid_id": "dem-09-34", "mean_elevation_m": 28.76, "terrain_class": "LOW_ELEVATION_CONTEXT", "threshold_note": "LOW_ELEVATION_CONTEXT means <= AOI p25 elevation; it is not a flood extent." }, "geometry": { "type": "Polygon", "coordinates": [ [ [ 127.38375, 36.64875 ], [ 127.38375, 36.651875 ], [ 127.3805, 36.651875 ], [ 127.3805, 36.64875 ], [ 127.38375, 36.64875 ] ] ] } },
{ "type": "Feature", "properties": { "grid_id": "dem-09-35", "mean_elevation_m": 28.59, "terrain_class": "LOW_ELEVATION_CONTEXT", "threshold_note": "LOW_ELEVATION_CONTEXT means <= AOI p25 elevation; it is not a flood extent." }, "geometry": { "type": "Polygon", "coordinates": [ [ [ 127.387, 36.64875 ], [ 127.387, 36.651875 ], [ 127.38375, 36.651875 ], [ 127.38375, 36.64875 ], [ 127.387, 36.64875 ] ] ] } },
{ "type": "Feature", "properties": { "grid_id": "dem-09-36", "mean_elevation_m": 28.54, "terrain_class": "LOW_ELEVATION_CONTEXT", "threshold_note": "LOW_ELEVATION_CONTEXT means <= AOI p25 elevation; it is not a flood extent." }, "geometry": { "type": "Polygon", "coordinates": [ [ [ 127.39025, 36.64875 ], [ 127.39025, 36.651875 ], [ 127.387, 36.651875 ], [ 127.387, 36.64875 ], [ 127.39025, 36.64875 ] ] ] } },
{ "type": "Feature", "properties": { "grid_id": "dem-09-37", "mean_elevation_m": 29.24, "terrain_class": "LOW_ELEVATION_CONTEXT", "threshold_note": "LOW_ELEVATION_CONTEXT means <= AOI p25 elevation; it is not a flood extent." }, "geometry": { "type": "Polygon", "coordinates": [ [ [ 127.3935, 36.64875 ], [ 127.3935, 36.651875 ], [ 127.39025, 36.651875 ], [ 127.39025, 36.64875 ], [ 127.3935, 36.64875 ] ] ] } },
{ "type": "Feature", "properties": { "grid_id": "dem-09-38", "mean_elevation_m": 39.4, "terrain_class": "TERRAIN_CONTEXT", "threshold_note": "LOW_ELEVATION_CONTEXT means <= AOI p25 elevation; it is not a flood extent." }, "geometry": { "type": "Polygon", "coordinates": [ [ [ 127.39675, 36.64875 ], [ 127.39675, 36.651875 ], [ 127.3935, 36.651875 ], [ 127.3935, 36.64875 ], [ 127.39675, 36.64875 ] ] ] } },
{ "type": "Feature", "properties": { "grid_id": "dem-09-39", "mean_elevation_m": 37.5, "terrain_class": "TERRAIN_CONTEXT", "threshold_note": "LOW_ELEVATION_CONTEXT means <= AOI p25 elevation; it is not a flood extent." }, "geometry": { "type": "Polygon", "coordinates": [ [ [ 127.4, 36.64875 ], [ 127.4, 36.651875 ], [ 127.39675, 36.651875 ], [ 127.39675, 36.64875 ], [ 127.4, 36.64875 ] ] ] } },
{ "type": "Feature", "properties": { "grid_id": "dem-10-00", "mean_elevation_m": 44.22, "terrain_class": "TERRAIN_CONTEXT", "threshold_note": "LOW_ELEVATION_CONTEXT means <= AOI p25 elevation; it is not a flood extent." }, "geometry": { "type": "Polygon", "coordinates": [ [ [ 127.27325, 36.645625 ], [ 127.27325, 36.64875 ], [ 127.27, 36.64875 ], [ 127.27, 36.645625 ], [ 127.27325, 36.645625 ] ] ] } },
{ "type": "Feature", "properties": { "grid_id": "dem-10-01", "mean_elevation_m": 71.81, "terrain_class": "TERRAIN_CONTEXT", "threshold_note": "LOW_ELEVATION_CONTEXT means <= AOI p25 elevation; it is not a flood extent." }, "geometry": { "type": "Polygon", "coordinates": [ [ [ 127.2765, 36.645625 ], [ 127.2765, 36.64875 ], [ 127.27325, 36.64875 ], [ 127.27325, 36.645625 ], [ 127.2765, 36.645625 ] ] ] } },
{ "type": "Feature", "properties": { "grid_id": "dem-10-02", "mean_elevation_m": 67.0, "terrain_class": "TERRAIN_CONTEXT", "threshold_note": "LOW_ELEVATION_CONTEXT means <= AOI p25 elevation; it is not a flood extent." }, "geometry": { "type": "Polygon", "coordinates": [ [ [ 127.27975, 36.645625 ], [ 127.27975, 36.64875 ], [ 127.2765, 36.64875 ], [ 127.2765, 36.645625 ], [ 127.27975, 36.645625 ] ] ] } },
{ "type": "Feature", "properties": { "grid_id": "dem-10-03", "mean_elevation_m": 88.52, "terrain_class": "TERRAIN_CONTEXT", "threshold_note": "LOW_ELEVATION_CONTEXT means <= AOI p25 elevation; it is not a flood extent." }, "geometry": { "type": "Polygon", "coordinates": [ [ [ 127.283, 36.645625 ], [ 127.283, 36.64875 ], [ 127.27975, 36.64875 ], [ 127.27975, 36.645625 ], [ 127.283, 36.645625 ] ] ] } },
{ "type": "Feature", "properties": { "grid_id": "dem-10-04", "mean_elevation_m": 116.16, "terrain_class": "TERRAIN_CONTEXT", "threshold_note": "LOW_ELEVATION_CONTEXT means <= AOI p25 elevation; it is not a flood extent." }, "geometry": { "type": "Polygon", "coordinates": [ [ [ 127.28625, 36.645625 ], [ 127.28625, 36.64875 ], [ 127.283, 36.64875 ], [ 127.283, 36.645625 ], [ 127.28625, 36.645625 ] ] ] } },
{ "type": "Feature", "properties": { "grid_id": "dem-10-05", "mean_elevation_m": 149.43, "terrain_class": "TERRAIN_CONTEXT", "threshold_note": "LOW_ELEVATION_CONTEXT means <= AOI p25 elevation; it is not a flood extent." }, "geometry": { "type": "Polygon", "coordinates": [ [ [ 127.2895, 36.645625 ], [ 127.2895, 36.64875 ], [ 127.28625, 36.64875 ], [ 127.28625, 36.645625 ], [ 127.2895, 36.645625 ] ] ] } },
{ "type": "Feature", "properties": { "grid_id": "dem-10-06", "mean_elevation_m": 139.66, "terrain_class": "TERRAIN_CONTEXT", "threshold_note": "LOW_ELEVATION_CONTEXT means <= AOI p25 elevation; it is not a flood extent." }, "geometry": { "type": "Polygon", "coordinates": [ [ [ 127.29275, 36.645625 ], [ 127.29275, 36.64875 ], [ 127.2895, 36.64875 ], [ 127.2895, 36.645625 ], [ 127.29275, 36.645625 ] ] ] } },
{ "type": "Feature", "properties": { "grid_id": "dem-10-07", "mean_elevation_m": 73.22, "terrain_class": "TERRAIN_CONTEXT", "threshold_note": "LOW_ELEVATION_CONTEXT means <= AOI p25 elevation; it is not a flood extent." }, "geometry": { "type": "Polygon", "coordinates": [ [ [ 127.296, 36.645625 ], [ 127.296, 36.64875 ], [ 127.29275, 36.64875 ], [ 127.29275, 36.645625 ], [ 127.296, 36.645625 ] ] ] } },
{ "type": "Feature", "properties": { "grid_id": "dem-10-08", "mean_elevation_m": 129.73, "terrain_class": "TERRAIN_CONTEXT", "threshold_note": "LOW_ELEVATION_CONTEXT means <= AOI p25 elevation; it is not a flood extent." }, "geometry": { "type": "Polygon", "coordinates": [ [ [ 127.29925, 36.645625 ], [ 127.29925, 36.64875 ], [ 127.296, 36.64875 ], [ 127.296, 36.645625 ], [ 127.29925, 36.645625 ] ] ] } },
{ "type": "Feature", "properties": { "grid_id": "dem-10-09", "mean_elevation_m": 142.69, "terrain_class": "TERRAIN_CONTEXT", "threshold_note": "LOW_ELEVATION_CONTEXT means <= AOI p25 elevation; it is not a flood extent." }, "geometry": { "type": "Polygon", "coordinates": [ [ [ 127.3025, 36.645625 ], [ 127.3025, 36.64875 ], [ 127.29925, 36.64875 ], [ 127.29925, 36.645625 ], [ 127.3025, 36.645625 ] ] ] } },
{ "type": "Feature", "properties": { "grid_id": "dem-10-10", "mean_elevation_m": 134.74, "terrain_class": "TERRAIN_CONTEXT", "threshold_note": "LOW_ELEVATION_CONTEXT means <= AOI p25 elevation; it is not a flood extent." }, "geometry": { "type": "Polygon", "coordinates": [ [ [ 127.30575, 36.645625 ], [ 127.30575, 36.64875 ], [ 127.3025, 36.64875 ], [ 127.3025, 36.645625 ], [ 127.30575, 36.645625 ] ] ] } },
{ "type": "Feature", "properties": { "grid_id": "dem-10-11", "mean_elevation_m": 135.85, "terrain_class": "TERRAIN_CONTEXT", "threshold_note": "LOW_ELEVATION_CONTEXT means <= AOI p25 elevation; it is not a flood extent." }, "geometry": { "type": "Polygon", "coordinates": [ [ [ 127.309, 36.645625 ], [ 127.309, 36.64875 ], [ 127.30575, 36.64875 ], [ 127.30575, 36.645625 ], [ 127.309, 36.645625 ] ] ] } },
{ "type": "Feature", "properties": { "grid_id": "dem-10-12", "mean_elevation_m": 94.8, "terrain_class": "TERRAIN_CONTEXT", "threshold_note": "LOW_ELEVATION_CONTEXT means <= AOI p25 elevation; it is not a flood extent." }, "geometry": { "type": "Polygon", "coordinates": [ [ [ 127.31225, 36.645625 ], [ 127.31225, 36.64875 ], [ 127.309, 36.64875 ], [ 127.309, 36.645625 ], [ 127.31225, 36.645625 ] ] ] } },
{ "type": "Feature", "properties": { "grid_id": "dem-10-13", "mean_elevation_m": 67.99, "terrain_class": "TERRAIN_CONTEXT", "threshold_note": "LOW_ELEVATION_CONTEXT means <= AOI p25 elevation; it is not a flood extent." }, "geometry": { "type": "Polygon", "coordinates": [ [ [ 127.3155, 36.645625 ], [ 127.3155, 36.64875 ], [ 127.31225, 36.64875 ], [ 127.31225, 36.645625 ], [ 127.3155, 36.645625 ] ] ] } },
{ "type": "Feature", "properties": { "grid_id": "dem-10-14", "mean_elevation_m": 51.17, "terrain_class": "TERRAIN_CONTEXT", "threshold_note": "LOW_ELEVATION_CONTEXT means <= AOI p25 elevation; it is not a flood extent." }, "geometry": { "type": "Polygon", "coordinates": [ [ [ 127.31875, 36.645625 ], [ 127.31875, 36.64875 ], [ 127.3155, 36.64875 ], [ 127.3155, 36.645625 ], [ 127.31875, 36.645625 ] ] ] } },
{ "type": "Feature", "properties": { "grid_id": "dem-10-15", "mean_elevation_m": 48.87, "terrain_class": "TERRAIN_CONTEXT", "threshold_note": "LOW_ELEVATION_CONTEXT means <= AOI p25 elevation; it is not a flood extent." }, "geometry": { "type": "Polygon", "coordinates": [ [ [ 127.322, 36.645625 ], [ 127.322, 36.64875 ], [ 127.31875, 36.64875 ], [ 127.31875, 36.645625 ], [ 127.322, 36.645625 ] ] ] } },
{ "type": "Feature", "properties": { "grid_id": "dem-10-16", "mean_elevation_m": 48.73, "terrain_class": "TERRAIN_CONTEXT", "threshold_note": "LOW_ELEVATION_CONTEXT means <= AOI p25 elevation; it is not a flood extent." }, "geometry": { "type": "Polygon", "coordinates": [ [ [ 127.32525, 36.645625 ], [ 127.32525, 36.64875 ], [ 127.322, 36.64875 ], [ 127.322, 36.645625 ], [ 127.32525, 36.645625 ] ] ] } },
{ "type": "Feature", "properties": { "grid_id": "dem-10-17", "mean_elevation_m": 56.36, "terrain_class": "TERRAIN_CONTEXT", "threshold_note": "LOW_ELEVATION_CONTEXT means <= AOI p25 elevation; it is not a flood extent." }, "geometry": { "type": "Polygon", "coordinates": [ [ [ 127.3285, 36.645625 ], [ 127.3285, 36.64875 ], [ 127.32525, 36.64875 ], [ 127.32525, 36.645625 ], [ 127.3285, 36.645625 ] ] ] } },
{ "type": "Feature", "properties": { "grid_id": "dem-10-18", "mean_elevation_m": 67.18, "terrain_class": "TERRAIN_CONTEXT", "threshold_note": "LOW_ELEVATION_CONTEXT means <= AOI p25 elevation; it is not a flood extent." }, "geometry": { "type": "Polygon", "coordinates": [ [ [ 127.33175, 36.645625 ], [ 127.33175, 36.64875 ], [ 127.3285, 36.64875 ], [ 127.3285, 36.645625 ], [ 127.33175, 36.645625 ] ] ] } },
{ "type": "Feature", "properties": { "grid_id": "dem-10-19", "mean_elevation_m": 44.99, "terrain_class": "TERRAIN_CONTEXT", "threshold_note": "LOW_ELEVATION_CONTEXT means <= AOI p25 elevation; it is not a flood extent." }, "geometry": { "type": "Polygon", "coordinates": [ [ [ 127.335, 36.645625 ], [ 127.335, 36.64875 ], [ 127.33175, 36.64875 ], [ 127.33175, 36.645625 ], [ 127.335, 36.645625 ] ] ] } },
{ "type": "Feature", "properties": { "grid_id": "dem-10-20", "mean_elevation_m": 34.52, "terrain_class": "TERRAIN_CONTEXT", "threshold_note": "LOW_ELEVATION_CONTEXT means <= AOI p25 elevation; it is not a flood extent." }, "geometry": { "type": "Polygon", "coordinates": [ [ [ 127.33825, 36.645625 ], [ 127.33825, 36.64875 ], [ 127.335, 36.64875 ], [ 127.335, 36.645625 ], [ 127.33825, 36.645625 ] ] ] } },
{ "type": "Feature", "properties": { "grid_id": "dem-10-21", "mean_elevation_m": 38.51, "terrain_class": "TERRAIN_CONTEXT", "threshold_note": "LOW_ELEVATION_CONTEXT means <= AOI p25 elevation; it is not a flood extent." }, "geometry": { "type": "Polygon", "coordinates": [ [ [ 127.3415, 36.645625 ], [ 127.3415, 36.64875 ], [ 127.33825, 36.64875 ], [ 127.33825, 36.645625 ], [ 127.3415, 36.645625 ] ] ] } },
{ "type": "Feature", "properties": { "grid_id": "dem-10-22", "mean_elevation_m": 51.01, "terrain_class": "TERRAIN_CONTEXT", "threshold_note": "LOW_ELEVATION_CONTEXT means <= AOI p25 elevation; it is not a flood extent." }, "geometry": { "type": "Polygon", "coordinates": [ [ [ 127.34475, 36.645625 ], [ 127.34475, 36.64875 ], [ 127.3415, 36.64875 ], [ 127.3415, 36.645625 ], [ 127.34475, 36.645625 ] ] ] } },
{ "type": "Feature", "properties": { "grid_id": "dem-10-23", "mean_elevation_m": 33.03, "terrain_class": "TERRAIN_CONTEXT", "threshold_note": "LOW_ELEVATION_CONTEXT means <= AOI p25 elevation; it is not a flood extent." }, "geometry": { "type": "Polygon", "coordinates": [ [ [ 127.348, 36.645625 ], [ 127.348, 36.64875 ], [ 127.34475, 36.64875 ], [ 127.34475, 36.645625 ], [ 127.348, 36.645625 ] ] ] } },
{ "type": "Feature", "properties": { "grid_id": "dem-10-24", "mean_elevation_m": 27.13, "terrain_class": "LOW_ELEVATION_CONTEXT", "threshold_note": "LOW_ELEVATION_CONTEXT means <= AOI p25 elevation; it is not a flood extent." }, "geometry": { "type": "Polygon", "coordinates": [ [ [ 127.35125, 36.645625 ], [ 127.35125, 36.64875 ], [ 127.348, 36.64875 ], [ 127.348, 36.645625 ], [ 127.35125, 36.645625 ] ] ] } },
{ "type": "Feature", "properties": { "grid_id": "dem-10-25", "mean_elevation_m": 29.04, "terrain_class": "LOW_ELEVATION_CONTEXT", "threshold_note": "LOW_ELEVATION_CONTEXT means <= AOI p25 elevation; it is not a flood extent." }, "geometry": { "type": "Polygon", "coordinates": [ [ [ 127.3545, 36.645625 ], [ 127.3545, 36.64875 ], [ 127.35125, 36.64875 ], [ 127.35125, 36.645625 ], [ 127.3545, 36.645625 ] ] ] } },
{ "type": "Feature", "properties": { "grid_id": "dem-10-26", "mean_elevation_m": 27.71, "terrain_class": "LOW_ELEVATION_CONTEXT", "threshold_note": "LOW_ELEVATION_CONTEXT means <= AOI p25 elevation; it is not a flood extent." }, "geometry": { "type": "Polygon", "coordinates": [ [ [ 127.35775, 36.645625 ], [ 127.35775, 36.64875 ], [ 127.3545, 36.64875 ], [ 127.3545, 36.645625 ], [ 127.35775, 36.645625 ] ] ] } },
{ "type": "Feature", "properties": { "grid_id": "dem-10-27", "mean_elevation_m": 27.39, "terrain_class": "LOW_ELEVATION_CONTEXT", "threshold_note": "LOW_ELEVATION_CONTEXT means <= AOI p25 elevation; it is not a flood extent." }, "geometry": { "type": "Polygon", "coordinates": [ [ [ 127.361, 36.645625 ], [ 127.361, 36.64875 ], [ 127.35775, 36.64875 ], [ 127.35775, 36.645625 ], [ 127.361, 36.645625 ] ] ] } },
{ "type": "Feature", "properties": { "grid_id": "dem-10-28", "mean_elevation_m": 27.72, "terrain_class": "LOW_ELEVATION_CONTEXT", "threshold_note": "LOW_ELEVATION_CONTEXT means <= AOI p25 elevation; it is not a flood extent." }, "geometry": { "type": "Polygon", "coordinates": [ [ [ 127.36425, 36.645625 ], [ 127.36425, 36.64875 ], [ 127.361, 36.64875 ], [ 127.361, 36.645625 ], [ 127.36425, 36.645625 ] ] ] } },
{ "type": "Feature", "properties": { "grid_id": "dem-10-29", "mean_elevation_m": 28.09, "terrain_class": "LOW_ELEVATION_CONTEXT", "threshold_note": "LOW_ELEVATION_CONTEXT means <= AOI p25 elevation; it is not a flood extent." }, "geometry": { "type": "Polygon", "coordinates": [ [ [ 127.3675, 36.645625 ], [ 127.3675, 36.64875 ], [ 127.36425, 36.64875 ], [ 127.36425, 36.645625 ], [ 127.3675, 36.645625 ] ] ] } },
{ "type": "Feature", "properties": { "grid_id": "dem-10-30", "mean_elevation_m": 25.87, "terrain_class": "LOW_ELEVATION_CONTEXT", "threshold_note": "LOW_ELEVATION_CONTEXT means <= AOI p25 elevation; it is not a flood extent." }, "geometry": { "type": "Polygon", "coordinates": [ [ [ 127.37075, 36.645625 ], [ 127.37075, 36.64875 ], [ 127.3675, 36.64875 ], [ 127.3675, 36.645625 ], [ 127.37075, 36.645625 ] ] ] } },
{ "type": "Feature", "properties": { "grid_id": "dem-10-31", "mean_elevation_m": 27.4, "terrain_class": "LOW_ELEVATION_CONTEXT", "threshold_note": "LOW_ELEVATION_CONTEXT means <= AOI p25 elevation; it is not a flood extent." }, "geometry": { "type": "Polygon", "coordinates": [ [ [ 127.374, 36.645625 ], [ 127.374, 36.64875 ], [ 127.37075, 36.64875 ], [ 127.37075, 36.645625 ], [ 127.374, 36.645625 ] ] ] } },
{ "type": "Feature", "properties": { "grid_id": "dem-10-32", "mean_elevation_m": 30.1, "terrain_class": "TERRAIN_CONTEXT", "threshold_note": "LOW_ELEVATION_CONTEXT means <= AOI p25 elevation; it is not a flood extent." }, "geometry": { "type": "Polygon", "coordinates": [ [ [ 127.37725, 36.645625 ], [ 127.37725, 36.64875 ], [ 127.374, 36.64875 ], [ 127.374, 36.645625 ], [ 127.37725, 36.645625 ] ] ] } },
{ "type": "Feature", "properties": { "grid_id": "dem-10-33", "mean_elevation_m": 26.69, "terrain_class": "LOW_ELEVATION_CONTEXT", "threshold_note": "LOW_ELEVATION_CONTEXT means <= AOI p25 elevation; it is not a flood extent." }, "geometry": { "type": "Polygon", "coordinates": [ [ [ 127.3805, 36.645625 ], [ 127.3805, 36.64875 ], [ 127.37725, 36.64875 ], [ 127.37725, 36.645625 ], [ 127.3805, 36.645625 ] ] ] } },
{ "type": "Feature", "properties": { "grid_id": "dem-10-34", "mean_elevation_m": 28.58, "terrain_class": "LOW_ELEVATION_CONTEXT", "threshold_note": "LOW_ELEVATION_CONTEXT means <= AOI p25 elevation; it is not a flood extent." }, "geometry": { "type": "Polygon", "coordinates": [ [ [ 127.38375, 36.645625 ], [ 127.38375, 36.64875 ], [ 127.3805, 36.64875 ], [ 127.3805, 36.645625 ], [ 127.38375, 36.645625 ] ] ] } },
{ "type": "Feature", "properties": { "grid_id": "dem-10-35", "mean_elevation_m": 28.62, "terrain_class": "LOW_ELEVATION_CONTEXT", "threshold_note": "LOW_ELEVATION_CONTEXT means <= AOI p25 elevation; it is not a flood extent." }, "geometry": { "type": "Polygon", "coordinates": [ [ [ 127.387, 36.645625 ], [ 127.387, 36.64875 ], [ 127.38375, 36.64875 ], [ 127.38375, 36.645625 ], [ 127.387, 36.645625 ] ] ] } },
{ "type": "Feature", "properties": { "grid_id": "dem-10-36", "mean_elevation_m": 27.97, "terrain_class": "LOW_ELEVATION_CONTEXT", "threshold_note": "LOW_ELEVATION_CONTEXT means <= AOI p25 elevation; it is not a flood extent." }, "geometry": { "type": "Polygon", "coordinates": [ [ [ 127.39025, 36.645625 ], [ 127.39025, 36.64875 ], [ 127.387, 36.64875 ], [ 127.387, 36.645625 ], [ 127.39025, 36.645625 ] ] ] } },
{ "type": "Feature", "properties": { "grid_id": "dem-10-37", "mean_elevation_m": 30.23, "terrain_class": "TERRAIN_CONTEXT", "threshold_note": "LOW_ELEVATION_CONTEXT means <= AOI p25 elevation; it is not a flood extent." }, "geometry": { "type": "Polygon", "coordinates": [ [ [ 127.3935, 36.645625 ], [ 127.3935, 36.64875 ], [ 127.39025, 36.64875 ], [ 127.39025, 36.645625 ], [ 127.3935, 36.645625 ] ] ] } },
{ "type": "Feature", "properties": { "grid_id": "dem-10-38", "mean_elevation_m": 38.32, "terrain_class": "TERRAIN_CONTEXT", "threshold_note": "LOW_ELEVATION_CONTEXT means <= AOI p25 elevation; it is not a flood extent." }, "geometry": { "type": "Polygon", "coordinates": [ [ [ 127.39675, 36.645625 ], [ 127.39675, 36.64875 ], [ 127.3935, 36.64875 ], [ 127.3935, 36.645625 ], [ 127.39675, 36.645625 ] ] ] } },
{ "type": "Feature", "properties": { "grid_id": "dem-10-39", "mean_elevation_m": 41.29, "terrain_class": "TERRAIN_CONTEXT", "threshold_note": "LOW_ELEVATION_CONTEXT means <= AOI p25 elevation; it is not a flood extent." }, "geometry": { "type": "Polygon", "coordinates": [ [ [ 127.4, 36.645625 ], [ 127.4, 36.64875 ], [ 127.39675, 36.64875 ], [ 127.39675, 36.645625 ], [ 127.4, 36.645625 ] ] ] } },
{ "type": "Feature", "properties": { "grid_id": "dem-11-00", "mean_elevation_m": 74.64, "terrain_class": "TERRAIN_CONTEXT", "threshold_note": "LOW_ELEVATION_CONTEXT means <= AOI p25 elevation; it is not a flood extent." }, "geometry": { "type": "Polygon", "coordinates": [ [ [ 127.27325, 36.6425 ], [ 127.27325, 36.645625 ], [ 127.27, 36.645625 ], [ 127.27, 36.6425 ], [ 127.27325, 36.6425 ] ] ] } },
{ "type": "Feature", "properties": { "grid_id": "dem-11-01", "mean_elevation_m": 53.68, "terrain_class": "TERRAIN_CONTEXT", "threshold_note": "LOW_ELEVATION_CONTEXT means <= AOI p25 elevation; it is not a flood extent." }, "geometry": { "type": "Polygon", "coordinates": [ [ [ 127.2765, 36.6425 ], [ 127.2765, 36.645625 ], [ 127.27325, 36.645625 ], [ 127.27325, 36.6425 ], [ 127.2765, 36.6425 ] ] ] } },
{ "type": "Feature", "properties": { "grid_id": "dem-11-02", "mean_elevation_m": 50.06, "terrain_class": "TERRAIN_CONTEXT", "threshold_note": "LOW_ELEVATION_CONTEXT means <= AOI p25 elevation; it is not a flood extent." }, "geometry": { "type": "Polygon", "coordinates": [ [ [ 127.27975, 36.6425 ], [ 127.27975, 36.645625 ], [ 127.2765, 36.645625 ], [ 127.2765, 36.6425 ], [ 127.27975, 36.6425 ] ] ] } },
{ "type": "Feature", "properties": { "grid_id": "dem-11-03", "mean_elevation_m": 114.83, "terrain_class": "TERRAIN_CONTEXT", "threshold_note": "LOW_ELEVATION_CONTEXT means <= AOI p25 elevation; it is not a flood extent." }, "geometry": { "type": "Polygon", "coordinates": [ [ [ 127.283, 36.6425 ], [ 127.283, 36.645625 ], [ 127.27975, 36.645625 ], [ 127.27975, 36.6425 ], [ 127.283, 36.6425 ] ] ] } },
{ "type": "Feature", "properties": { "grid_id": "dem-11-04", "mean_elevation_m": 105.02, "terrain_class": "TERRAIN_CONTEXT", "threshold_note": "LOW_ELEVATION_CONTEXT means <= AOI p25 elevation; it is not a flood extent." }, "geometry": { "type": "Polygon", "coordinates": [ [ [ 127.28625, 36.6425 ], [ 127.28625, 36.645625 ], [ 127.283, 36.645625 ], [ 127.283, 36.6425 ], [ 127.28625, 36.6425 ] ] ] } },
{ "type": "Feature", "properties": { "grid_id": "dem-11-05", "mean_elevation_m": 141.59, "terrain_class": "TERRAIN_CONTEXT", "threshold_note": "LOW_ELEVATION_CONTEXT means <= AOI p25 elevation; it is not a flood extent." }, "geometry": { "type": "Polygon", "coordinates": [ [ [ 127.2895, 36.6425 ], [ 127.2895, 36.645625 ], [ 127.28625, 36.645625 ], [ 127.28625, 36.6425 ], [ 127.2895, 36.6425 ] ] ] } },
{ "type": "Feature", "properties": { "grid_id": "dem-11-06", "mean_elevation_m": 126.21, "terrain_class": "TERRAIN_CONTEXT", "threshold_note": "LOW_ELEVATION_CONTEXT means <= AOI p25 elevation; it is not a flood extent." }, "geometry": { "type": "Polygon", "coordinates": [ [ [ 127.29275, 36.6425 ], [ 127.29275, 36.645625 ], [ 127.2895, 36.645625 ], [ 127.2895, 36.6425 ], [ 127.29275, 36.6425 ] ] ] } },
{ "type": "Feature", "properties": { "grid_id": "dem-11-07", "mean_elevation_m": 55.02, "terrain_class": "TERRAIN_CONTEXT", "threshold_note": "LOW_ELEVATION_CONTEXT means <= AOI p25 elevation; it is not a flood extent." }, "geometry": { "type": "Polygon", "coordinates": [ [ [ 127.296, 36.6425 ], [ 127.296, 36.645625 ], [ 127.29275, 36.645625 ], [ 127.29275, 36.6425 ], [ 127.296, 36.6425 ] ] ] } },
{ "type": "Feature", "properties": { "grid_id": "dem-11-08", "mean_elevation_m": 71.38, "terrain_class": "TERRAIN_CONTEXT", "threshold_note": "LOW_ELEVATION_CONTEXT means <= AOI p25 elevation; it is not a flood extent." }, "geometry": { "type": "Polygon", "coordinates": [ [ [ 127.29925, 36.6425 ], [ 127.29925, 36.645625 ], [ 127.296, 36.645625 ], [ 127.296, 36.6425 ], [ 127.29925, 36.6425 ] ] ] } },
{ "type": "Feature", "properties": { "grid_id": "dem-11-09", "mean_elevation_m": 125.99, "terrain_class": "TERRAIN_CONTEXT", "threshold_note": "LOW_ELEVATION_CONTEXT means <= AOI p25 elevation; it is not a flood extent." }, "geometry": { "type": "Polygon", "coordinates": [ [ [ 127.3025, 36.6425 ], [ 127.3025, 36.645625 ], [ 127.29925, 36.645625 ], [ 127.29925, 36.6425 ], [ 127.3025, 36.6425 ] ] ] } },
{ "type": "Feature", "properties": { "grid_id": "dem-11-10", "mean_elevation_m": 132.96, "terrain_class": "TERRAIN_CONTEXT", "threshold_note": "LOW_ELEVATION_CONTEXT means <= AOI p25 elevation; it is not a flood extent." }, "geometry": { "type": "Polygon", "coordinates": [ [ [ 127.30575, 36.6425 ], [ 127.30575, 36.645625 ], [ 127.3025, 36.645625 ], [ 127.3025, 36.6425 ], [ 127.30575, 36.6425 ] ] ] } },
{ "type": "Feature", "properties": { "grid_id": "dem-11-11", "mean_elevation_m": 76.49, "terrain_class": "TERRAIN_CONTEXT", "threshold_note": "LOW_ELEVATION_CONTEXT means <= AOI p25 elevation; it is not a flood extent." }, "geometry": { "type": "Polygon", "coordinates": [ [ [ 127.309, 36.6425 ], [ 127.309, 36.645625 ], [ 127.30575, 36.645625 ], [ 127.30575, 36.6425 ], [ 127.309, 36.6425 ] ] ] } },
{ "type": "Feature", "properties": { "grid_id": "dem-11-12", "mean_elevation_m": 56.54, "terrain_class": "TERRAIN_CONTEXT", "threshold_note": "LOW_ELEVATION_CONTEXT means <= AOI p25 elevation; it is not a flood extent." }, "geometry": { "type": "Polygon", "coordinates": [ [ [ 127.31225, 36.6425 ], [ 127.31225, 36.645625 ], [ 127.309, 36.645625 ], [ 127.309, 36.6425 ], [ 127.31225, 36.6425 ] ] ] } },
{ "type": "Feature", "properties": { "grid_id": "dem-11-13", "mean_elevation_m": 52.32, "terrain_class": "TERRAIN_CONTEXT", "threshold_note": "LOW_ELEVATION_CONTEXT means <= AOI p25 elevation; it is not a flood extent." }, "geometry": { "type": "Polygon", "coordinates": [ [ [ 127.3155, 36.6425 ], [ 127.3155, 36.645625 ], [ 127.31225, 36.645625 ], [ 127.31225, 36.6425 ], [ 127.3155, 36.6425 ] ] ] } },
{ "type": "Feature", "properties": { "grid_id": "dem-11-14", "mean_elevation_m": 54.24, "terrain_class": "TERRAIN_CONTEXT", "threshold_note": "LOW_ELEVATION_CONTEXT means <= AOI p25 elevation; it is not a flood extent." }, "geometry": { "type": "Polygon", "coordinates": [ [ [ 127.31875, 36.6425 ], [ 127.31875, 36.645625 ], [ 127.3155, 36.645625 ], [ 127.3155, 36.6425 ], [ 127.31875, 36.6425 ] ] ] } },
{ "type": "Feature", "properties": { "grid_id": "dem-11-15", "mean_elevation_m": 48.89, "terrain_class": "TERRAIN_CONTEXT", "threshold_note": "LOW_ELEVATION_CONTEXT means <= AOI p25 elevation; it is not a flood extent." }, "geometry": { "type": "Polygon", "coordinates": [ [ [ 127.322, 36.6425 ], [ 127.322, 36.645625 ], [ 127.31875, 36.645625 ], [ 127.31875, 36.6425 ], [ 127.322, 36.6425 ] ] ] } },
{ "type": "Feature", "properties": { "grid_id": "dem-11-16", "mean_elevation_m": 45.76, "terrain_class": "TERRAIN_CONTEXT", "threshold_note": "LOW_ELEVATION_CONTEXT means <= AOI p25 elevation; it is not a flood extent." }, "geometry": { "type": "Polygon", "coordinates": [ [ [ 127.32525, 36.6425 ], [ 127.32525, 36.645625 ], [ 127.322, 36.645625 ], [ 127.322, 36.6425 ], [ 127.32525, 36.6425 ] ] ] } },
{ "type": "Feature", "properties": { "grid_id": "dem-11-17", "mean_elevation_m": 44.5, "terrain_class": "TERRAIN_CONTEXT", "threshold_note": "LOW_ELEVATION_CONTEXT means <= AOI p25 elevation; it is not a flood extent." }, "geometry": { "type": "Polygon", "coordinates": [ [ [ 127.3285, 36.6425 ], [ 127.3285, 36.645625 ], [ 127.32525, 36.645625 ], [ 127.32525, 36.6425 ], [ 127.3285, 36.6425 ] ] ] } },
{ "type": "Feature", "properties": { "grid_id": "dem-11-18", "mean_elevation_m": 41.11, "terrain_class": "TERRAIN_CONTEXT", "threshold_note": "LOW_ELEVATION_CONTEXT means <= AOI p25 elevation; it is not a flood extent." }, "geometry": { "type": "Polygon", "coordinates": [ [ [ 127.33175, 36.6425 ], [ 127.33175, 36.645625 ], [ 127.3285, 36.645625 ], [ 127.3285, 36.6425 ], [ 127.33175, 36.6425 ] ] ] } },
{ "type": "Feature", "properties": { "grid_id": "dem-11-19", "mean_elevation_m": 50.33, "terrain_class": "TERRAIN_CONTEXT", "threshold_note": "LOW_ELEVATION_CONTEXT means <= AOI p25 elevation; it is not a flood extent." }, "geometry": { "type": "Polygon", "coordinates": [ [ [ 127.335, 36.6425 ], [ 127.335, 36.645625 ], [ 127.33175, 36.645625 ], [ 127.33175, 36.6425 ], [ 127.335, 36.6425 ] ] ] } },
{ "type": "Feature", "properties": { "grid_id": "dem-11-20", "mean_elevation_m": 47.59, "terrain_class": "TERRAIN_CONTEXT", "threshold_note": "LOW_ELEVATION_CONTEXT means <= AOI p25 elevation; it is not a flood extent." }, "geometry": { "type": "Polygon", "coordinates": [ [ [ 127.33825, 36.6425 ], [ 127.33825, 36.645625 ], [ 127.335, 36.645625 ], [ 127.335, 36.6425 ], [ 127.33825, 36.6425 ] ] ] } },
{ "type": "Feature", "properties": { "grid_id": "dem-11-21", "mean_elevation_m": 43.75, "terrain_class": "TERRAIN_CONTEXT", "threshold_note": "LOW_ELEVATION_CONTEXT means <= AOI p25 elevation; it is not a flood extent." }, "geometry": { "type": "Polygon", "coordinates": [ [ [ 127.3415, 36.6425 ], [ 127.3415, 36.645625 ], [ 127.33825, 36.645625 ], [ 127.33825, 36.6425 ], [ 127.3415, 36.6425 ] ] ] } },
{ "type": "Feature", "properties": { "grid_id": "dem-11-22", "mean_elevation_m": 49.89, "terrain_class": "TERRAIN_CONTEXT", "threshold_note": "LOW_ELEVATION_CONTEXT means <= AOI p25 elevation; it is not a flood extent." }, "geometry": { "type": "Polygon", "coordinates": [ [ [ 127.34475, 36.6425 ], [ 127.34475, 36.645625 ], [ 127.3415, 36.645625 ], [ 127.3415, 36.6425 ], [ 127.34475, 36.6425 ] ] ] } },
{ "type": "Feature", "properties": { "grid_id": "dem-11-23", "mean_elevation_m": 38.21, "terrain_class": "TERRAIN_CONTEXT", "threshold_note": "LOW_ELEVATION_CONTEXT means <= AOI p25 elevation; it is not a flood extent." }, "geometry": { "type": "Polygon", "coordinates": [ [ [ 127.348, 36.6425 ], [ 127.348, 36.645625 ], [ 127.34475, 36.645625 ], [ 127.34475, 36.6425 ], [ 127.348, 36.6425 ] ] ] } },
{ "type": "Feature", "properties": { "grid_id": "dem-11-24", "mean_elevation_m": 26.29, "terrain_class": "LOW_ELEVATION_CONTEXT", "threshold_note": "LOW_ELEVATION_CONTEXT means <= AOI p25 elevation; it is not a flood extent." }, "geometry": { "type": "Polygon", "coordinates": [ [ [ 127.35125, 36.6425 ], [ 127.35125, 36.645625 ], [ 127.348, 36.645625 ], [ 127.348, 36.6425 ], [ 127.35125, 36.6425 ] ] ] } },
{ "type": "Feature", "properties": { "grid_id": "dem-11-25", "mean_elevation_m": 28.45, "terrain_class": "LOW_ELEVATION_CONTEXT", "threshold_note": "LOW_ELEVATION_CONTEXT means <= AOI p25 elevation; it is not a flood extent." }, "geometry": { "type": "Polygon", "coordinates": [ [ [ 127.3545, 36.6425 ], [ 127.3545, 36.645625 ], [ 127.35125, 36.645625 ], [ 127.35125, 36.6425 ], [ 127.3545, 36.6425 ] ] ] } },
{ "type": "Feature", "properties": { "grid_id": "dem-11-26", "mean_elevation_m": 27.99, "terrain_class": "LOW_ELEVATION_CONTEXT", "threshold_note": "LOW_ELEVATION_CONTEXT means <= AOI p25 elevation; it is not a flood extent." }, "geometry": { "type": "Polygon", "coordinates": [ [ [ 127.35775, 36.6425 ], [ 127.35775, 36.645625 ], [ 127.3545, 36.645625 ], [ 127.3545, 36.6425 ], [ 127.35775, 36.6425 ] ] ] } },
{ "type": "Feature", "properties": { "grid_id": "dem-11-27", "mean_elevation_m": 28.54, "terrain_class": "LOW_ELEVATION_CONTEXT", "threshold_note": "LOW_ELEVATION_CONTEXT means <= AOI p25 elevation; it is not a flood extent." }, "geometry": { "type": "Polygon", "coordinates": [ [ [ 127.361, 36.6425 ], [ 127.361, 36.645625 ], [ 127.35775, 36.645625 ], [ 127.35775, 36.6425 ], [ 127.361, 36.6425 ] ] ] } },
{ "type": "Feature", "properties": { "grid_id": "dem-11-28", "mean_elevation_m": 28.05, "terrain_class": "LOW_ELEVATION_CONTEXT", "threshold_note": "LOW_ELEVATION_CONTEXT means <= AOI p25 elevation; it is not a flood extent." }, "geometry": { "type": "Polygon", "coordinates": [ [ [ 127.36425, 36.6425 ], [ 127.36425, 36.645625 ], [ 127.361, 36.645625 ], [ 127.361, 36.6425 ], [ 127.36425, 36.6425 ] ] ] } },
{ "type": "Feature", "properties": { "grid_id": "dem-11-29", "mean_elevation_m": 24.9, "terrain_class": "LOW_ELEVATION_CONTEXT", "threshold_note": "LOW_ELEVATION_CONTEXT means <= AOI p25 elevation; it is not a flood extent." }, "geometry": { "type": "Polygon", "coordinates": [ [ [ 127.3675, 36.6425 ], [ 127.3675, 36.645625 ], [ 127.36425, 36.645625 ], [ 127.36425, 36.6425 ], [ 127.3675, 36.6425 ] ] ] } },
{ "type": "Feature", "properties": { "grid_id": "dem-11-30", "mean_elevation_m": 27.13, "terrain_class": "LOW_ELEVATION_CONTEXT", "threshold_note": "LOW_ELEVATION_CONTEXT means <= AOI p25 elevation; it is not a flood extent." }, "geometry": { "type": "Polygon", "coordinates": [ [ [ 127.37075, 36.6425 ], [ 127.37075, 36.645625 ], [ 127.3675, 36.645625 ], [ 127.3675, 36.6425 ], [ 127.37075, 36.6425 ] ] ] } },
{ "type": "Feature", "properties": { "grid_id": "dem-11-31", "mean_elevation_m": 26.7, "terrain_class": "LOW_ELEVATION_CONTEXT", "threshold_note": "LOW_ELEVATION_CONTEXT means <= AOI p25 elevation; it is not a flood extent." }, "geometry": { "type": "Polygon", "coordinates": [ [ [ 127.374, 36.6425 ], [ 127.374, 36.645625 ], [ 127.37075, 36.645625 ], [ 127.37075, 36.6425 ], [ 127.374, 36.6425 ] ] ] } },
{ "type": "Feature", "properties": { "grid_id": "dem-11-32", "mean_elevation_m": 28.03, "terrain_class": "LOW_ELEVATION_CONTEXT", "threshold_note": "LOW_ELEVATION_CONTEXT means <= AOI p25 elevation; it is not a flood extent." }, "geometry": { "type": "Polygon", "coordinates": [ [ [ 127.37725, 36.6425 ], [ 127.37725, 36.645625 ], [ 127.374, 36.645625 ], [ 127.374, 36.6425 ], [ 127.37725, 36.6425 ] ] ] } },
{ "type": "Feature", "properties": { "grid_id": "dem-11-33", "mean_elevation_m": 27.34, "terrain_class": "LOW_ELEVATION_CONTEXT", "threshold_note": "LOW_ELEVATION_CONTEXT means <= AOI p25 elevation; it is not a flood extent." }, "geometry": { "type": "Polygon", "coordinates": [ [ [ 127.3805, 36.6425 ], [ 127.3805, 36.645625 ], [ 127.37725, 36.645625 ], [ 127.37725, 36.6425 ], [ 127.3805, 36.6425 ] ] ] } },
{ "type": "Feature", "properties": { "grid_id": "dem-11-34", "mean_elevation_m": 27.55, "terrain_class": "LOW_ELEVATION_CONTEXT", "threshold_note": "LOW_ELEVATION_CONTEXT means <= AOI p25 elevation; it is not a flood extent." }, "geometry": { "type": "Polygon", "coordinates": [ [ [ 127.38375, 36.6425 ], [ 127.38375, 36.645625 ], [ 127.3805, 36.645625 ], [ 127.3805, 36.6425 ], [ 127.38375, 36.6425 ] ] ] } },
{ "type": "Feature", "properties": { "grid_id": "dem-11-35", "mean_elevation_m": 27.59, "terrain_class": "LOW_ELEVATION_CONTEXT", "threshold_note": "LOW_ELEVATION_CONTEXT means <= AOI p25 elevation; it is not a flood extent." }, "geometry": { "type": "Polygon", "coordinates": [ [ [ 127.387, 36.6425 ], [ 127.387, 36.645625 ], [ 127.38375, 36.645625 ], [ 127.38375, 36.6425 ], [ 127.387, 36.6425 ] ] ] } },
{ "type": "Feature", "properties": { "grid_id": "dem-11-36", "mean_elevation_m": 28.69, "terrain_class": "LOW_ELEVATION_CONTEXT", "threshold_note": "LOW_ELEVATION_CONTEXT means <= AOI p25 elevation; it is not a flood extent." }, "geometry": { "type": "Polygon", "coordinates": [ [ [ 127.39025, 36.6425 ], [ 127.39025, 36.645625 ], [ 127.387, 36.645625 ], [ 127.387, 36.6425 ], [ 127.39025, 36.6425 ] ] ] } },
{ "type": "Feature", "properties": { "grid_id": "dem-11-37", "mean_elevation_m": 41.59, "terrain_class": "TERRAIN_CONTEXT", "threshold_note": "LOW_ELEVATION_CONTEXT means <= AOI p25 elevation; it is not a flood extent." }, "geometry": { "type": "Polygon", "coordinates": [ [ [ 127.3935, 36.6425 ], [ 127.3935, 36.645625 ], [ 127.39025, 36.645625 ], [ 127.39025, 36.6425 ], [ 127.3935, 36.6425 ] ] ] } },
{ "type": "Feature", "properties": { "grid_id": "dem-11-38", "mean_elevation_m": 45.1, "terrain_class": "TERRAIN_CONTEXT", "threshold_note": "LOW_ELEVATION_CONTEXT means <= AOI p25 elevation; it is not a flood extent." }, "geometry": { "type": "Polygon", "coordinates": [ [ [ 127.39675, 36.6425 ], [ 127.39675, 36.645625 ], [ 127.3935, 36.645625 ], [ 127.3935, 36.6425 ], [ 127.39675, 36.6425 ] ] ] } },
{ "type": "Feature", "properties": { "grid_id": "dem-11-39", "mean_elevation_m": 44.86, "terrain_class": "TERRAIN_CONTEXT", "threshold_note": "LOW_ELEVATION_CONTEXT means <= AOI p25 elevation; it is not a flood extent." }, "geometry": { "type": "Polygon", "coordinates": [ [ [ 127.4, 36.6425 ], [ 127.4, 36.645625 ], [ 127.39675, 36.645625 ], [ 127.39675, 36.6425 ], [ 127.4, 36.6425 ] ] ] } },
{ "type": "Feature", "properties": { "grid_id": "dem-12-00", "mean_elevation_m": 45.87, "terrain_class": "TERRAIN_CONTEXT", "threshold_note": "LOW_ELEVATION_CONTEXT means <= AOI p25 elevation; it is not a flood extent." }, "geometry": { "type": "Polygon", "coordinates": [ [ [ 127.27325, 36.639375 ], [ 127.27325, 36.6425 ], [ 127.27, 36.6425 ], [ 127.27, 36.639375 ], [ 127.27325, 36.639375 ] ] ] } },
{ "type": "Feature", "properties": { "grid_id": "dem-12-01", "mean_elevation_m": 46.5, "terrain_class": "TERRAIN_CONTEXT", "threshold_note": "LOW_ELEVATION_CONTEXT means <= AOI p25 elevation; it is not a flood extent." }, "geometry": { "type": "Polygon", "coordinates": [ [ [ 127.2765, 36.639375 ], [ 127.2765, 36.6425 ], [ 127.27325, 36.6425 ], [ 127.27325, 36.639375 ], [ 127.2765, 36.639375 ] ] ] } },
{ "type": "Feature", "properties": { "grid_id": "dem-12-02", "mean_elevation_m": 47.02, "terrain_class": "TERRAIN_CONTEXT", "threshold_note": "LOW_ELEVATION_CONTEXT means <= AOI p25 elevation; it is not a flood extent." }, "geometry": { "type": "Polygon", "coordinates": [ [ [ 127.27975, 36.639375 ], [ 127.27975, 36.6425 ], [ 127.2765, 36.6425 ], [ 127.2765, 36.639375 ], [ 127.27975, 36.639375 ] ] ] } },
{ "type": "Feature", "properties": { "grid_id": "dem-12-03", "mean_elevation_m": 68.89, "terrain_class": "TERRAIN_CONTEXT", "threshold_note": "LOW_ELEVATION_CONTEXT means <= AOI p25 elevation; it is not a flood extent." }, "geometry": { "type": "Polygon", "coordinates": [ [ [ 127.283, 36.639375 ], [ 127.283, 36.6425 ], [ 127.27975, 36.6425 ], [ 127.27975, 36.639375 ], [ 127.283, 36.639375 ] ] ] } },
{ "type": "Feature", "properties": { "grid_id": "dem-12-04", "mean_elevation_m": 81.24, "terrain_class": "TERRAIN_CONTEXT", "threshold_note": "LOW_ELEVATION_CONTEXT means <= AOI p25 elevation; it is not a flood extent." }, "geometry": { "type": "Polygon", "coordinates": [ [ [ 127.28625, 36.639375 ], [ 127.28625, 36.6425 ], [ 127.283, 36.6425 ], [ 127.283, 36.639375 ], [ 127.28625, 36.639375 ] ] ] } },
{ "type": "Feature", "properties": { "grid_id": "dem-12-05", "mean_elevation_m": 67.92, "terrain_class": "TERRAIN_CONTEXT", "threshold_note": "LOW_ELEVATION_CONTEXT means <= AOI p25 elevation; it is not a flood extent." }, "geometry": { "type": "Polygon", "coordinates": [ [ [ 127.2895, 36.639375 ], [ 127.2895, 36.6425 ], [ 127.28625, 36.6425 ], [ 127.28625, 36.639375 ], [ 127.2895, 36.639375 ] ] ] } },
{ "type": "Feature", "properties": { "grid_id": "dem-12-06", "mean_elevation_m": 59.53, "terrain_class": "TERRAIN_CONTEXT", "threshold_note": "LOW_ELEVATION_CONTEXT means <= AOI p25 elevation; it is not a flood extent." }, "geometry": { "type": "Polygon", "coordinates": [ [ [ 127.29275, 36.639375 ], [ 127.29275, 36.6425 ], [ 127.2895, 36.6425 ], [ 127.2895, 36.639375 ], [ 127.29275, 36.639375 ] ] ] } },
{ "type": "Feature", "properties": { "grid_id": "dem-12-07", "mean_elevation_m": 52.51, "terrain_class": "TERRAIN_CONTEXT", "threshold_note": "LOW_ELEVATION_CONTEXT means <= AOI p25 elevation; it is not a flood extent." }, "geometry": { "type": "Polygon", "coordinates": [ [ [ 127.296, 36.639375 ], [ 127.296, 36.6425 ], [ 127.29275, 36.6425 ], [ 127.29275, 36.639375 ], [ 127.296, 36.639375 ] ] ] } },
{ "type": "Feature", "properties": { "grid_id": "dem-12-08", "mean_elevation_m": 114.21, "terrain_class": "TERRAIN_CONTEXT", "threshold_note": "LOW_ELEVATION_CONTEXT means <= AOI p25 elevation; it is not a flood extent." }, "geometry": { "type": "Polygon", "coordinates": [ [ [ 127.29925, 36.639375 ], [ 127.29925, 36.6425 ], [ 127.296, 36.6425 ], [ 127.296, 36.639375 ], [ 127.29925, 36.639375 ] ] ] } },
{ "type": "Feature", "properties": { "grid_id": "dem-12-09", "mean_elevation_m": 110.79, "terrain_class": "TERRAIN_CONTEXT", "threshold_note": "LOW_ELEVATION_CONTEXT means <= AOI p25 elevation; it is not a flood extent." }, "geometry": { "type": "Polygon", "coordinates": [ [ [ 127.3025, 36.639375 ], [ 127.3025, 36.6425 ], [ 127.29925, 36.6425 ], [ 127.29925, 36.639375 ], [ 127.3025, 36.639375 ] ] ] } },
{ "type": "Feature", "properties": { "grid_id": "dem-12-10", "mean_elevation_m": 79.69, "terrain_class": "TERRAIN_CONTEXT", "threshold_note": "LOW_ELEVATION_CONTEXT means <= AOI p25 elevation; it is not a flood extent." }, "geometry": { "type": "Polygon", "coordinates": [ [ [ 127.30575, 36.639375 ], [ 127.30575, 36.6425 ], [ 127.3025, 36.6425 ], [ 127.3025, 36.639375 ], [ 127.30575, 36.639375 ] ] ] } },
{ "type": "Feature", "properties": { "grid_id": "dem-12-11", "mean_elevation_m": 52.85, "terrain_class": "TERRAIN_CONTEXT", "threshold_note": "LOW_ELEVATION_CONTEXT means <= AOI p25 elevation; it is not a flood extent." }, "geometry": { "type": "Polygon", "coordinates": [ [ [ 127.309, 36.639375 ], [ 127.309, 36.6425 ], [ 127.30575, 36.6425 ], [ 127.30575, 36.639375 ], [ 127.309, 36.639375 ] ] ] } },
{ "type": "Feature", "properties": { "grid_id": "dem-12-12", "mean_elevation_m": 46.66, "terrain_class": "TERRAIN_CONTEXT", "threshold_note": "LOW_ELEVATION_CONTEXT means <= AOI p25 elevation; it is not a flood extent." }, "geometry": { "type": "Polygon", "coordinates": [ [ [ 127.31225, 36.639375 ], [ 127.31225, 36.6425 ], [ 127.309, 36.6425 ], [ 127.309, 36.639375 ], [ 127.31225, 36.639375 ] ] ] } },
{ "type": "Feature", "properties": { "grid_id": "dem-12-13", "mean_elevation_m": 57.25, "terrain_class": "TERRAIN_CONTEXT", "threshold_note": "LOW_ELEVATION_CONTEXT means <= AOI p25 elevation; it is not a flood extent." }, "geometry": { "type": "Polygon", "coordinates": [ [ [ 127.3155, 36.639375 ], [ 127.3155, 36.6425 ], [ 127.31225, 36.6425 ], [ 127.31225, 36.639375 ], [ 127.3155, 36.639375 ] ] ] } },
{ "type": "Feature", "properties": { "grid_id": "dem-12-14", "mean_elevation_m": 70.77, "terrain_class": "TERRAIN_CONTEXT", "threshold_note": "LOW_ELEVATION_CONTEXT means <= AOI p25 elevation; it is not a flood extent." }, "geometry": { "type": "Polygon", "coordinates": [ [ [ 127.31875, 36.639375 ], [ 127.31875, 36.6425 ], [ 127.3155, 36.6425 ], [ 127.3155, 36.639375 ], [ 127.31875, 36.639375 ] ] ] } },
{ "type": "Feature", "properties": { "grid_id": "dem-12-15", "mean_elevation_m": 75.85, "terrain_class": "TERRAIN_CONTEXT", "threshold_note": "LOW_ELEVATION_CONTEXT means <= AOI p25 elevation; it is not a flood extent." }, "geometry": { "type": "Polygon", "coordinates": [ [ [ 127.322, 36.639375 ], [ 127.322, 36.6425 ], [ 127.31875, 36.6425 ], [ 127.31875, 36.639375 ], [ 127.322, 36.639375 ] ] ] } },
{ "type": "Feature", "properties": { "grid_id": "dem-12-16", "mean_elevation_m": 67.11, "terrain_class": "TERRAIN_CONTEXT", "threshold_note": "LOW_ELEVATION_CONTEXT means <= AOI p25 elevation; it is not a flood extent." }, "geometry": { "type": "Polygon", "coordinates": [ [ [ 127.32525, 36.639375 ], [ 127.32525, 36.6425 ], [ 127.322, 36.6425 ], [ 127.322, 36.639375 ], [ 127.32525, 36.639375 ] ] ] } },
{ "type": "Feature", "properties": { "grid_id": "dem-12-17", "mean_elevation_m": 61.51, "terrain_class": "TERRAIN_CONTEXT", "threshold_note": "LOW_ELEVATION_CONTEXT means <= AOI p25 elevation; it is not a flood extent." }, "geometry": { "type": "Polygon", "coordinates": [ [ [ 127.3285, 36.639375 ], [ 127.3285, 36.6425 ], [ 127.32525, 36.6425 ], [ 127.32525, 36.639375 ], [ 127.3285, 36.639375 ] ] ] } },
{ "type": "Feature", "properties": { "grid_id": "dem-12-18", "mean_elevation_m": 75.14, "terrain_class": "TERRAIN_CONTEXT", "threshold_note": "LOW_ELEVATION_CONTEXT means <= AOI p25 elevation; it is not a flood extent." }, "geometry": { "type": "Polygon", "coordinates": [ [ [ 127.33175, 36.639375 ], [ 127.33175, 36.6425 ], [ 127.3285, 36.6425 ], [ 127.3285, 36.639375 ], [ 127.33175, 36.639375 ] ] ] } },
{ "type": "Feature", "properties": { "grid_id": "dem-12-19", "mean_elevation_m": 70.08, "terrain_class": "TERRAIN_CONTEXT", "threshold_note": "LOW_ELEVATION_CONTEXT means <= AOI p25 elevation; it is not a flood extent." }, "geometry": { "type": "Polygon", "coordinates": [ [ [ 127.335, 36.639375 ], [ 127.335, 36.6425 ], [ 127.33175, 36.6425 ], [ 127.33175, 36.639375 ], [ 127.335, 36.639375 ] ] ] } },
{ "type": "Feature", "properties": { "grid_id": "dem-12-20", "mean_elevation_m": 49.17, "terrain_class": "TERRAIN_CONTEXT", "threshold_note": "LOW_ELEVATION_CONTEXT means <= AOI p25 elevation; it is not a flood extent." }, "geometry": { "type": "Polygon", "coordinates": [ [ [ 127.33825, 36.639375 ], [ 127.33825, 36.6425 ], [ 127.335, 36.6425 ], [ 127.335, 36.639375 ], [ 127.33825, 36.639375 ] ] ] } },
{ "type": "Feature", "properties": { "grid_id": "dem-12-21", "mean_elevation_m": 46.39, "terrain_class": "TERRAIN_CONTEXT", "threshold_note": "LOW_ELEVATION_CONTEXT means <= AOI p25 elevation; it is not a flood extent." }, "geometry": { "type": "Polygon", "coordinates": [ [ [ 127.3415, 36.639375 ], [ 127.3415, 36.6425 ], [ 127.33825, 36.6425 ], [ 127.33825, 36.639375 ], [ 127.3415, 36.639375 ] ] ] } },
{ "type": "Feature", "properties": { "grid_id": "dem-12-22", "mean_elevation_m": 45.03, "terrain_class": "TERRAIN_CONTEXT", "threshold_note": "LOW_ELEVATION_CONTEXT means <= AOI p25 elevation; it is not a flood extent." }, "geometry": { "type": "Polygon", "coordinates": [ [ [ 127.34475, 36.639375 ], [ 127.34475, 36.6425 ], [ 127.3415, 36.6425 ], [ 127.3415, 36.639375 ], [ 127.34475, 36.639375 ] ] ] } },
{ "type": "Feature", "properties": { "grid_id": "dem-12-23", "mean_elevation_m": 36.84, "terrain_class": "TERRAIN_CONTEXT", "threshold_note": "LOW_ELEVATION_CONTEXT means <= AOI p25 elevation; it is not a flood extent." }, "geometry": { "type": "Polygon", "coordinates": [ [ [ 127.348, 36.639375 ], [ 127.348, 36.6425 ], [ 127.34475, 36.6425 ], [ 127.34475, 36.639375 ], [ 127.348, 36.639375 ] ] ] } },
{ "type": "Feature", "properties": { "grid_id": "dem-12-24", "mean_elevation_m": 26.9, "terrain_class": "LOW_ELEVATION_CONTEXT", "threshold_note": "LOW_ELEVATION_CONTEXT means <= AOI p25 elevation; it is not a flood extent." }, "geometry": { "type": "Polygon", "coordinates": [ [ [ 127.35125, 36.639375 ], [ 127.35125, 36.6425 ], [ 127.348, 36.6425 ], [ 127.348, 36.639375 ], [ 127.35125, 36.639375 ] ] ] } },
{ "type": "Feature", "properties": { "grid_id": "dem-12-25", "mean_elevation_m": 27.78, "terrain_class": "LOW_ELEVATION_CONTEXT", "threshold_note": "LOW_ELEVATION_CONTEXT means <= AOI p25 elevation; it is not a flood extent." }, "geometry": { "type": "Polygon", "coordinates": [ [ [ 127.3545, 36.639375 ], [ 127.3545, 36.6425 ], [ 127.35125, 36.6425 ], [ 127.35125, 36.639375 ], [ 127.3545, 36.639375 ] ] ] } },
{ "type": "Feature", "properties": { "grid_id": "dem-12-26", "mean_elevation_m": 27.18, "terrain_class": "LOW_ELEVATION_CONTEXT", "threshold_note": "LOW_ELEVATION_CONTEXT means <= AOI p25 elevation; it is not a flood extent." }, "geometry": { "type": "Polygon", "coordinates": [ [ [ 127.35775, 36.639375 ], [ 127.35775, 36.6425 ], [ 127.3545, 36.6425 ], [ 127.3545, 36.639375 ], [ 127.35775, 36.639375 ] ] ] } },
{ "type": "Feature", "properties": { "grid_id": "dem-12-27", "mean_elevation_m": 26.74, "terrain_class": "LOW_ELEVATION_CONTEXT", "threshold_note": "LOW_ELEVATION_CONTEXT means <= AOI p25 elevation; it is not a flood extent." }, "geometry": { "type": "Polygon", "coordinates": [ [ [ 127.361, 36.639375 ], [ 127.361, 36.6425 ], [ 127.35775, 36.6425 ], [ 127.35775, 36.639375 ], [ 127.361, 36.639375 ] ] ] } },
{ "type": "Feature", "properties": { "grid_id": "dem-12-28", "mean_elevation_m": 24.1, "terrain_class": "LOW_ELEVATION_CONTEXT", "threshold_note": "LOW_ELEVATION_CONTEXT means <= AOI p25 elevation; it is not a flood extent." }, "geometry": { "type": "Polygon", "coordinates": [ [ [ 127.36425, 36.639375 ], [ 127.36425, 36.6425 ], [ 127.361, 36.6425 ], [ 127.361, 36.639375 ], [ 127.36425, 36.639375 ] ] ] } },
{ "type": "Feature", "properties": { "grid_id": "dem-12-29", "mean_elevation_m": 27.1, "terrain_class": "LOW_ELEVATION_CONTEXT", "threshold_note": "LOW_ELEVATION_CONTEXT means <= AOI p25 elevation; it is not a flood extent." }, "geometry": { "type": "Polygon", "coordinates": [ [ [ 127.3675, 36.639375 ], [ 127.3675, 36.6425 ], [ 127.36425, 36.6425 ], [ 127.36425, 36.639375 ], [ 127.3675, 36.639375 ] ] ] } },
{ "type": "Feature", "properties": { "grid_id": "dem-12-30", "mean_elevation_m": 25.74, "terrain_class": "LOW_ELEVATION_CONTEXT", "threshold_note": "LOW_ELEVATION_CONTEXT means <= AOI p25 elevation; it is not a flood extent." }, "geometry": { "type": "Polygon", "coordinates": [ [ [ 127.37075, 36.639375 ], [ 127.37075, 36.6425 ], [ 127.3675, 36.6425 ], [ 127.3675, 36.639375 ], [ 127.37075, 36.639375 ] ] ] } },
{ "type": "Feature", "properties": { "grid_id": "dem-12-31", "mean_elevation_m": 27.01, "terrain_class": "LOW_ELEVATION_CONTEXT", "threshold_note": "LOW_ELEVATION_CONTEXT means <= AOI p25 elevation; it is not a flood extent." }, "geometry": { "type": "Polygon", "coordinates": [ [ [ 127.374, 36.639375 ], [ 127.374, 36.6425 ], [ 127.37075, 36.6425 ], [ 127.37075, 36.639375 ], [ 127.374, 36.639375 ] ] ] } },
{ "type": "Feature", "properties": { "grid_id": "dem-12-32", "mean_elevation_m": 27.3, "terrain_class": "LOW_ELEVATION_CONTEXT", "threshold_note": "LOW_ELEVATION_CONTEXT means <= AOI p25 elevation; it is not a flood extent." }, "geometry": { "type": "Polygon", "coordinates": [ [ [ 127.37725, 36.639375 ], [ 127.37725, 36.6425 ], [ 127.374, 36.6425 ], [ 127.374, 36.639375 ], [ 127.37725, 36.639375 ] ] ] } },
{ "type": "Feature", "properties": { "grid_id": "dem-12-33", "mean_elevation_m": 28.74, "terrain_class": "LOW_ELEVATION_CONTEXT", "threshold_note": "LOW_ELEVATION_CONTEXT means <= AOI p25 elevation; it is not a flood extent." }, "geometry": { "type": "Polygon", "coordinates": [ [ [ 127.3805, 36.639375 ], [ 127.3805, 36.6425 ], [ 127.37725, 36.6425 ], [ 127.37725, 36.639375 ], [ 127.3805, 36.639375 ] ] ] } },
{ "type": "Feature", "properties": { "grid_id": "dem-12-34", "mean_elevation_m": 28.89, "terrain_class": "LOW_ELEVATION_CONTEXT", "threshold_note": "LOW_ELEVATION_CONTEXT means <= AOI p25 elevation; it is not a flood extent." }, "geometry": { "type": "Polygon", "coordinates": [ [ [ 127.38375, 36.639375 ], [ 127.38375, 36.6425 ], [ 127.3805, 36.6425 ], [ 127.3805, 36.639375 ], [ 127.38375, 36.639375 ] ] ] } },
{ "type": "Feature", "properties": { "grid_id": "dem-12-35", "mean_elevation_m": 29.21, "terrain_class": "LOW_ELEVATION_CONTEXT", "threshold_note": "LOW_ELEVATION_CONTEXT means <= AOI p25 elevation; it is not a flood extent." }, "geometry": { "type": "Polygon", "coordinates": [ [ [ 127.387, 36.639375 ], [ 127.387, 36.6425 ], [ 127.38375, 36.6425 ], [ 127.38375, 36.639375 ], [ 127.387, 36.639375 ] ] ] } },
{ "type": "Feature", "properties": { "grid_id": "dem-12-36", "mean_elevation_m": 34.03, "terrain_class": "TERRAIN_CONTEXT", "threshold_note": "LOW_ELEVATION_CONTEXT means <= AOI p25 elevation; it is not a flood extent." }, "geometry": { "type": "Polygon", "coordinates": [ [ [ 127.39025, 36.639375 ], [ 127.39025, 36.6425 ], [ 127.387, 36.6425 ], [ 127.387, 36.639375 ], [ 127.39025, 36.639375 ] ] ] } },
{ "type": "Feature", "properties": { "grid_id": "dem-12-37", "mean_elevation_m": 51.12, "terrain_class": "TERRAIN_CONTEXT", "threshold_note": "LOW_ELEVATION_CONTEXT means <= AOI p25 elevation; it is not a flood extent." }, "geometry": { "type": "Polygon", "coordinates": [ [ [ 127.3935, 36.639375 ], [ 127.3935, 36.6425 ], [ 127.39025, 36.6425 ], [ 127.39025, 36.639375 ], [ 127.3935, 36.639375 ] ] ] } },
{ "type": "Feature", "properties": { "grid_id": "dem-12-38", "mean_elevation_m": 50.38, "terrain_class": "TERRAIN_CONTEXT", "threshold_note": "LOW_ELEVATION_CONTEXT means <= AOI p25 elevation; it is not a flood extent." }, "geometry": { "type": "Polygon", "coordinates": [ [ [ 127.39675, 36.639375 ], [ 127.39675, 36.6425 ], [ 127.3935, 36.6425 ], [ 127.3935, 36.639375 ], [ 127.39675, 36.639375 ] ] ] } },
{ "type": "Feature", "properties": { "grid_id": "dem-12-39", "mean_elevation_m": 48.02, "terrain_class": "TERRAIN_CONTEXT", "threshold_note": "LOW_ELEVATION_CONTEXT means <= AOI p25 elevation; it is not a flood extent." }, "geometry": { "type": "Polygon", "coordinates": [ [ [ 127.4, 36.639375 ], [ 127.4, 36.6425 ], [ 127.39675, 36.6425 ], [ 127.39675, 36.639375 ], [ 127.4, 36.639375 ] ] ] } },
{ "type": "Feature", "properties": { "grid_id": "dem-13-00", "mean_elevation_m": 38.97, "terrain_class": "TERRAIN_CONTEXT", "threshold_note": "LOW_ELEVATION_CONTEXT means <= AOI p25 elevation; it is not a flood extent." }, "geometry": { "type": "Polygon", "coordinates": [ [ [ 127.27325, 36.63625 ], [ 127.27325, 36.639375 ], [ 127.27, 36.639375 ], [ 127.27, 36.63625 ], [ 127.27325, 36.63625 ] ] ] } },
{ "type": "Feature", "properties": { "grid_id": "dem-13-01", "mean_elevation_m": 34.5, "terrain_class": "TERRAIN_CONTEXT", "threshold_note": "LOW_ELEVATION_CONTEXT means <= AOI p25 elevation; it is not a flood extent." }, "geometry": { "type": "Polygon", "coordinates": [ [ [ 127.2765, 36.63625 ], [ 127.2765, 36.639375 ], [ 127.27325, 36.639375 ], [ 127.27325, 36.63625 ], [ 127.2765, 36.63625 ] ] ] } },
{ "type": "Feature", "properties": { "grid_id": "dem-13-02", "mean_elevation_m": 34.02, "terrain_class": "TERRAIN_CONTEXT", "threshold_note": "LOW_ELEVATION_CONTEXT means <= AOI p25 elevation; it is not a flood extent." }, "geometry": { "type": "Polygon", "coordinates": [ [ [ 127.27975, 36.63625 ], [ 127.27975, 36.639375 ], [ 127.2765, 36.639375 ], [ 127.2765, 36.63625 ], [ 127.27975, 36.63625 ] ] ] } },
{ "type": "Feature", "properties": { "grid_id": "dem-13-03", "mean_elevation_m": 35.3, "terrain_class": "TERRAIN_CONTEXT", "threshold_note": "LOW_ELEVATION_CONTEXT means <= AOI p25 elevation; it is not a flood extent." }, "geometry": { "type": "Polygon", "coordinates": [ [ [ 127.283, 36.63625 ], [ 127.283, 36.639375 ], [ 127.27975, 36.639375 ], [ 127.27975, 36.63625 ], [ 127.283, 36.63625 ] ] ] } },
{ "type": "Feature", "properties": { "grid_id": "dem-13-04", "mean_elevation_m": 39.61, "terrain_class": "TERRAIN_CONTEXT", "threshold_note": "LOW_ELEVATION_CONTEXT means <= AOI p25 elevation; it is not a flood extent." }, "geometry": { "type": "Polygon", "coordinates": [ [ [ 127.28625, 36.63625 ], [ 127.28625, 36.639375 ], [ 127.283, 36.639375 ], [ 127.283, 36.63625 ], [ 127.28625, 36.63625 ] ] ] } },
{ "type": "Feature", "properties": { "grid_id": "dem-13-05", "mean_elevation_m": 34.95, "terrain_class": "TERRAIN_CONTEXT", "threshold_note": "LOW_ELEVATION_CONTEXT means <= AOI p25 elevation; it is not a flood extent." }, "geometry": { "type": "Polygon", "coordinates": [ [ [ 127.2895, 36.63625 ], [ 127.2895, 36.639375 ], [ 127.28625, 36.639375 ], [ 127.28625, 36.63625 ], [ 127.2895, 36.63625 ] ] ] } },
{ "type": "Feature", "properties": { "grid_id": "dem-13-06", "mean_elevation_m": 32.94, "terrain_class": "TERRAIN_CONTEXT", "threshold_note": "LOW_ELEVATION_CONTEXT means <= AOI p25 elevation; it is not a flood extent." }, "geometry": { "type": "Polygon", "coordinates": [ [ [ 127.29275, 36.63625 ], [ 127.29275, 36.639375 ], [ 127.2895, 36.639375 ], [ 127.2895, 36.63625 ], [ 127.29275, 36.63625 ] ] ] } },
{ "type": "Feature", "properties": { "grid_id": "dem-13-07", "mean_elevation_m": 62.82, "terrain_class": "TERRAIN_CONTEXT", "threshold_note": "LOW_ELEVATION_CONTEXT means <= AOI p25 elevation; it is not a flood extent." }, "geometry": { "type": "Polygon", "coordinates": [ [ [ 127.296, 36.63625 ], [ 127.296, 36.639375 ], [ 127.29275, 36.639375 ], [ 127.29275, 36.63625 ], [ 127.296, 36.63625 ] ] ] } },
{ "type": "Feature", "properties": { "grid_id": "dem-13-08", "mean_elevation_m": 114.97, "terrain_class": "TERRAIN_CONTEXT", "threshold_note": "LOW_ELEVATION_CONTEXT means <= AOI p25 elevation; it is not a flood extent." }, "geometry": { "type": "Polygon", "coordinates": [ [ [ 127.29925, 36.63625 ], [ 127.29925, 36.639375 ], [ 127.296, 36.639375 ], [ 127.296, 36.63625 ], [ 127.29925, 36.63625 ] ] ] } },
{ "type": "Feature", "properties": { "grid_id": "dem-13-09", "mean_elevation_m": 85.89, "terrain_class": "TERRAIN_CONTEXT", "threshold_note": "LOW_ELEVATION_CONTEXT means <= AOI p25 elevation; it is not a flood extent." }, "geometry": { "type": "Polygon", "coordinates": [ [ [ 127.3025, 36.63625 ], [ 127.3025, 36.639375 ], [ 127.29925, 36.639375 ], [ 127.29925, 36.63625 ], [ 127.3025, 36.63625 ] ] ] } },
{ "type": "Feature", "properties": { "grid_id": "dem-13-10", "mean_elevation_m": 64.61, "terrain_class": "TERRAIN_CONTEXT", "threshold_note": "LOW_ELEVATION_CONTEXT means <= AOI p25 elevation; it is not a flood extent." }, "geometry": { "type": "Polygon", "coordinates": [ [ [ 127.30575, 36.63625 ], [ 127.30575, 36.639375 ], [ 127.3025, 36.639375 ], [ 127.3025, 36.63625 ], [ 127.30575, 36.63625 ] ] ] } },
{ "type": "Feature", "properties": { "grid_id": "dem-13-11", "mean_elevation_m": 47.06, "terrain_class": "TERRAIN_CONTEXT", "threshold_note": "LOW_ELEVATION_CONTEXT means <= AOI p25 elevation; it is not a flood extent." }, "geometry": { "type": "Polygon", "coordinates": [ [ [ 127.309, 36.63625 ], [ 127.309, 36.639375 ], [ 127.30575, 36.639375 ], [ 127.30575, 36.63625 ], [ 127.309, 36.63625 ] ] ] } },
{ "type": "Feature", "properties": { "grid_id": "dem-13-12", "mean_elevation_m": 44.07, "terrain_class": "TERRAIN_CONTEXT", "threshold_note": "LOW_ELEVATION_CONTEXT means <= AOI p25 elevation; it is not a flood extent." }, "geometry": { "type": "Polygon", "coordinates": [ [ [ 127.31225, 36.63625 ], [ 127.31225, 36.639375 ], [ 127.309, 36.639375 ], [ 127.309, 36.63625 ], [ 127.31225, 36.63625 ] ] ] } },
{ "type": "Feature", "properties": { "grid_id": "dem-13-13", "mean_elevation_m": 53.71, "terrain_class": "TERRAIN_CONTEXT", "threshold_note": "LOW_ELEVATION_CONTEXT means <= AOI p25 elevation; it is not a flood extent." }, "geometry": { "type": "Polygon", "coordinates": [ [ [ 127.3155, 36.63625 ], [ 127.3155, 36.639375 ], [ 127.31225, 36.639375 ], [ 127.31225, 36.63625 ], [ 127.3155, 36.63625 ] ] ] } },
{ "type": "Feature", "properties": { "grid_id": "dem-13-14", "mean_elevation_m": 57.5, "terrain_class": "TERRAIN_CONTEXT", "threshold_note": "LOW_ELEVATION_CONTEXT means <= AOI p25 elevation; it is not a flood extent." }, "geometry": { "type": "Polygon", "coordinates": [ [ [ 127.31875, 36.63625 ], [ 127.31875, 36.639375 ], [ 127.3155, 36.639375 ], [ 127.3155, 36.63625 ], [ 127.31875, 36.63625 ] ] ] } },
{ "type": "Feature", "properties": { "grid_id": "dem-13-15", "mean_elevation_m": 53.94, "terrain_class": "TERRAIN_CONTEXT", "threshold_note": "LOW_ELEVATION_CONTEXT means <= AOI p25 elevation; it is not a flood extent." }, "geometry": { "type": "Polygon", "coordinates": [ [ [ 127.322, 36.63625 ], [ 127.322, 36.639375 ], [ 127.31875, 36.639375 ], [ 127.31875, 36.63625 ], [ 127.322, 36.63625 ] ] ] } },
{ "type": "Feature", "properties": { "grid_id": "dem-13-16", "mean_elevation_m": 52.42, "terrain_class": "TERRAIN_CONTEXT", "threshold_note": "LOW_ELEVATION_CONTEXT means <= AOI p25 elevation; it is not a flood extent." }, "geometry": { "type": "Polygon", "coordinates": [ [ [ 127.32525, 36.63625 ], [ 127.32525, 36.639375 ], [ 127.322, 36.639375 ], [ 127.322, 36.63625 ], [ 127.32525, 36.63625 ] ] ] } },
{ "type": "Feature", "properties": { "grid_id": "dem-13-17", "mean_elevation_m": 51.46, "terrain_class": "TERRAIN_CONTEXT", "threshold_note": "LOW_ELEVATION_CONTEXT means <= AOI p25 elevation; it is not a flood extent." }, "geometry": { "type": "Polygon", "coordinates": [ [ [ 127.3285, 36.63625 ], [ 127.3285, 36.639375 ], [ 127.32525, 36.639375 ], [ 127.32525, 36.63625 ], [ 127.3285, 36.63625 ] ] ] } },
{ "type": "Feature", "properties": { "grid_id": "dem-13-18", "mean_elevation_m": 50.22, "terrain_class": "TERRAIN_CONTEXT", "threshold_note": "LOW_ELEVATION_CONTEXT means <= AOI p25 elevation; it is not a flood extent." }, "geometry": { "type": "Polygon", "coordinates": [ [ [ 127.33175, 36.63625 ], [ 127.33175, 36.639375 ], [ 127.3285, 36.639375 ], [ 127.3285, 36.63625 ], [ 127.33175, 36.63625 ] ] ] } },
{ "type": "Feature", "properties": { "grid_id": "dem-13-19", "mean_elevation_m": 49.47, "terrain_class": "TERRAIN_CONTEXT", "threshold_note": "LOW_ELEVATION_CONTEXT means <= AOI p25 elevation; it is not a flood extent." }, "geometry": { "type": "Polygon", "coordinates": [ [ [ 127.335, 36.63625 ], [ 127.335, 36.639375 ], [ 127.33175, 36.639375 ], [ 127.33175, 36.63625 ], [ 127.335, 36.63625 ] ] ] } },
{ "type": "Feature", "properties": { "grid_id": "dem-13-20", "mean_elevation_m": 43.19, "terrain_class": "TERRAIN_CONTEXT", "threshold_note": "LOW_ELEVATION_CONTEXT means <= AOI p25 elevation; it is not a flood extent." }, "geometry": { "type": "Polygon", "coordinates": [ [ [ 127.33825, 36.63625 ], [ 127.33825, 36.639375 ], [ 127.335, 36.639375 ], [ 127.335, 36.63625 ], [ 127.33825, 36.63625 ] ] ] } },
{ "type": "Feature", "properties": { "grid_id": "dem-13-21", "mean_elevation_m": 42.24, "terrain_class": "TERRAIN_CONTEXT", "threshold_note": "LOW_ELEVATION_CONTEXT means <= AOI p25 elevation; it is not a flood extent." }, "geometry": { "type": "Polygon", "coordinates": [ [ [ 127.3415, 36.63625 ], [ 127.3415, 36.639375 ], [ 127.33825, 36.639375 ], [ 127.33825, 36.63625 ], [ 127.3415, 36.63625 ] ] ] } },
{ "type": "Feature", "properties": { "grid_id": "dem-13-22", "mean_elevation_m": 35.56, "terrain_class": "TERRAIN_CONTEXT", "threshold_note": "LOW_ELEVATION_CONTEXT means <= AOI p25 elevation; it is not a flood extent." }, "geometry": { "type": "Polygon", "coordinates": [ [ [ 127.34475, 36.63625 ], [ 127.34475, 36.639375 ], [ 127.3415, 36.639375 ], [ 127.3415, 36.63625 ], [ 127.34475, 36.63625 ] ] ] } },
{ "type": "Feature", "properties": { "grid_id": "dem-13-23", "mean_elevation_m": 28.43, "terrain_class": "LOW_ELEVATION_CONTEXT", "threshold_note": "LOW_ELEVATION_CONTEXT means <= AOI p25 elevation; it is not a flood extent." }, "geometry": { "type": "Polygon", "coordinates": [ [ [ 127.348, 36.63625 ], [ 127.348, 36.639375 ], [ 127.34475, 36.639375 ], [ 127.34475, 36.63625 ], [ 127.348, 36.63625 ] ] ] } },
{ "type": "Feature", "properties": { "grid_id": "dem-13-24", "mean_elevation_m": 26.56, "terrain_class": "LOW_ELEVATION_CONTEXT", "threshold_note": "LOW_ELEVATION_CONTEXT means <= AOI p25 elevation; it is not a flood extent." }, "geometry": { "type": "Polygon", "coordinates": [ [ [ 127.35125, 36.63625 ], [ 127.35125, 36.639375 ], [ 127.348, 36.639375 ], [ 127.348, 36.63625 ], [ 127.35125, 36.63625 ] ] ] } },
{ "type": "Feature", "properties": { "grid_id": "dem-13-25", "mean_elevation_m": 27.34, "terrain_class": "LOW_ELEVATION_CONTEXT", "threshold_note": "LOW_ELEVATION_CONTEXT means <= AOI p25 elevation; it is not a flood extent." }, "geometry": { "type": "Polygon", "coordinates": [ [ [ 127.3545, 36.63625 ], [ 127.3545, 36.639375 ], [ 127.35125, 36.639375 ], [ 127.35125, 36.63625 ], [ 127.3545, 36.63625 ] ] ] } },
{ "type": "Feature", "properties": { "grid_id": "dem-13-26", "mean_elevation_m": 27.16, "terrain_class": "LOW_ELEVATION_CONTEXT", "threshold_note": "LOW_ELEVATION_CONTEXT means <= AOI p25 elevation; it is not a flood extent." }, "geometry": { "type": "Polygon", "coordinates": [ [ [ 127.35775, 36.63625 ], [ 127.35775, 36.639375 ], [ 127.3545, 36.639375 ], [ 127.3545, 36.63625 ], [ 127.35775, 36.63625 ] ] ] } },
{ "type": "Feature", "properties": { "grid_id": "dem-13-27", "mean_elevation_m": 23.71, "terrain_class": "LOW_ELEVATION_CONTEXT", "threshold_note": "LOW_ELEVATION_CONTEXT means <= AOI p25 elevation; it is not a flood extent." }, "geometry": { "type": "Polygon", "coordinates": [ [ [ 127.361, 36.63625 ], [ 127.361, 36.639375 ], [ 127.35775, 36.639375 ], [ 127.35775, 36.63625 ], [ 127.361, 36.63625 ] ] ] } },
{ "type": "Feature", "properties": { "grid_id": "dem-13-28", "mean_elevation_m": 26.52, "terrain_class": "LOW_ELEVATION_CONTEXT", "threshold_note": "LOW_ELEVATION_CONTEXT means <= AOI p25 elevation; it is not a flood extent." }, "geometry": { "type": "Polygon", "coordinates": [ [ [ 127.36425, 36.63625 ], [ 127.36425, 36.639375 ], [ 127.361, 36.639375 ], [ 127.361, 36.63625 ], [ 127.36425, 36.63625 ] ] ] } },
{ "type": "Feature", "properties": { "grid_id": "dem-13-29", "mean_elevation_m": 25.76, "terrain_class": "LOW_ELEVATION_CONTEXT", "threshold_note": "LOW_ELEVATION_CONTEXT means <= AOI p25 elevation; it is not a flood extent." }, "geometry": { "type": "Polygon", "coordinates": [ [ [ 127.3675, 36.63625 ], [ 127.3675, 36.639375 ], [ 127.36425, 36.639375 ], [ 127.36425, 36.63625 ], [ 127.3675, 36.63625 ] ] ] } },
{ "type": "Feature", "properties": { "grid_id": "dem-13-30", "mean_elevation_m": 26.94, "terrain_class": "LOW_ELEVATION_CONTEXT", "threshold_note": "LOW_ELEVATION_CONTEXT means <= AOI p25 elevation; it is not a flood extent." }, "geometry": { "type": "Polygon", "coordinates": [ [ [ 127.37075, 36.63625 ], [ 127.37075, 36.639375 ], [ 127.3675, 36.639375 ], [ 127.3675, 36.63625 ], [ 127.37075, 36.63625 ] ] ] } },
{ "type": "Feature", "properties": { "grid_id": "dem-13-31", "mean_elevation_m": 27.87, "terrain_class": "LOW_ELEVATION_CONTEXT", "threshold_note": "LOW_ELEVATION_CONTEXT means <= AOI p25 elevation; it is not a flood extent." }, "geometry": { "type": "Polygon", "coordinates": [ [ [ 127.374, 36.63625 ], [ 127.374, 36.639375 ], [ 127.37075, 36.639375 ], [ 127.37075, 36.63625 ], [ 127.374, 36.63625 ] ] ] } },
{ "type": "Feature", "properties": { "grid_id": "dem-13-32", "mean_elevation_m": 33.62, "terrain_class": "TERRAIN_CONTEXT", "threshold_note": "LOW_ELEVATION_CONTEXT means <= AOI p25 elevation; it is not a flood extent." }, "geometry": { "type": "Polygon", "coordinates": [ [ [ 127.37725, 36.63625 ], [ 127.37725, 36.639375 ], [ 127.374, 36.639375 ], [ 127.374, 36.63625 ], [ 127.37725, 36.63625 ] ] ] } },
{ "type": "Feature", "properties": { "grid_id": "dem-13-33", "mean_elevation_m": 32.09, "terrain_class": "TERRAIN_CONTEXT", "threshold_note": "LOW_ELEVATION_CONTEXT means <= AOI p25 elevation; it is not a flood extent." }, "geometry": { "type": "Polygon", "coordinates": [ [ [ 127.3805, 36.63625 ], [ 127.3805, 36.639375 ], [ 127.37725, 36.639375 ], [ 127.37725, 36.63625 ], [ 127.3805, 36.63625 ] ] ] } },
{ "type": "Feature", "properties": { "grid_id": "dem-13-34", "mean_elevation_m": 34.4, "terrain_class": "TERRAIN_CONTEXT", "threshold_note": "LOW_ELEVATION_CONTEXT means <= AOI p25 elevation; it is not a flood extent." }, "geometry": { "type": "Polygon", "coordinates": [ [ [ 127.38375, 36.63625 ], [ 127.38375, 36.639375 ], [ 127.3805, 36.639375 ], [ 127.3805, 36.63625 ], [ 127.38375, 36.63625 ] ] ] } },
{ "type": "Feature", "properties": { "grid_id": "dem-13-35", "mean_elevation_m": 36.26, "terrain_class": "TERRAIN_CONTEXT", "threshold_note": "LOW_ELEVATION_CONTEXT means <= AOI p25 elevation; it is not a flood extent." }, "geometry": { "type": "Polygon", "coordinates": [ [ [ 127.387, 36.63625 ], [ 127.387, 36.639375 ], [ 127.38375, 36.639375 ], [ 127.38375, 36.63625 ], [ 127.387, 36.63625 ] ] ] } },
{ "type": "Feature", "properties": { "grid_id": "dem-13-36", "mean_elevation_m": 53.93, "terrain_class": "TERRAIN_CONTEXT", "threshold_note": "LOW_ELEVATION_CONTEXT means <= AOI p25 elevation; it is not a flood extent." }, "geometry": { "type": "Polygon", "coordinates": [ [ [ 127.39025, 36.63625 ], [ 127.39025, 36.639375 ], [ 127.387, 36.639375 ], [ 127.387, 36.63625 ], [ 127.39025, 36.63625 ] ] ] } },
{ "type": "Feature", "properties": { "grid_id": "dem-13-37", "mean_elevation_m": 54.41, "terrain_class": "TERRAIN_CONTEXT", "threshold_note": "LOW_ELEVATION_CONTEXT means <= AOI p25 elevation; it is not a flood extent." }, "geometry": { "type": "Polygon", "coordinates": [ [ [ 127.3935, 36.63625 ], [ 127.3935, 36.639375 ], [ 127.39025, 36.639375 ], [ 127.39025, 36.63625 ], [ 127.3935, 36.63625 ] ] ] } },
{ "type": "Feature", "properties": { "grid_id": "dem-13-38", "mean_elevation_m": 54.36, "terrain_class": "TERRAIN_CONTEXT", "threshold_note": "LOW_ELEVATION_CONTEXT means <= AOI p25 elevation; it is not a flood extent." }, "geometry": { "type": "Polygon", "coordinates": [ [ [ 127.39675, 36.63625 ], [ 127.39675, 36.639375 ], [ 127.3935, 36.639375 ], [ 127.3935, 36.63625 ], [ 127.39675, 36.63625 ] ] ] } },
{ "type": "Feature", "properties": { "grid_id": "dem-13-39", "mean_elevation_m": 50.98, "terrain_class": "TERRAIN_CONTEXT", "threshold_note": "LOW_ELEVATION_CONTEXT means <= AOI p25 elevation; it is not a flood extent." }, "geometry": { "type": "Polygon", "coordinates": [ [ [ 127.4, 36.63625 ], [ 127.4, 36.639375 ], [ 127.39675, 36.639375 ], [ 127.39675, 36.63625 ], [ 127.4, 36.63625 ] ] ] } },
{ "type": "Feature", "properties": { "grid_id": "dem-14-00", "mean_elevation_m": 40.67, "terrain_class": "TERRAIN_CONTEXT", "threshold_note": "LOW_ELEVATION_CONTEXT means <= AOI p25 elevation; it is not a flood extent." }, "geometry": { "type": "Polygon", "coordinates": [ [ [ 127.27325, 36.633125 ], [ 127.27325, 36.63625 ], [ 127.27, 36.63625 ], [ 127.27, 36.633125 ], [ 127.27325, 36.633125 ] ] ] } },
{ "type": "Feature", "properties": { "grid_id": "dem-14-01", "mean_elevation_m": 34.8, "terrain_class": "TERRAIN_CONTEXT", "threshold_note": "LOW_ELEVATION_CONTEXT means <= AOI p25 elevation; it is not a flood extent." }, "geometry": { "type": "Polygon", "coordinates": [ [ [ 127.2765, 36.633125 ], [ 127.2765, 36.63625 ], [ 127.27325, 36.63625 ], [ 127.27325, 36.633125 ], [ 127.2765, 36.633125 ] ] ] } },
{ "type": "Feature", "properties": { "grid_id": "dem-14-02", "mean_elevation_m": 34.18, "terrain_class": "TERRAIN_CONTEXT", "threshold_note": "LOW_ELEVATION_CONTEXT means <= AOI p25 elevation; it is not a flood extent." }, "geometry": { "type": "Polygon", "coordinates": [ [ [ 127.27975, 36.633125 ], [ 127.27975, 36.63625 ], [ 127.2765, 36.63625 ], [ 127.2765, 36.633125 ], [ 127.27975, 36.633125 ] ] ] } },
{ "type": "Feature", "properties": { "grid_id": "dem-14-03", "mean_elevation_m": 36.37, "terrain_class": "TERRAIN_CONTEXT", "threshold_note": "LOW_ELEVATION_CONTEXT means <= AOI p25 elevation; it is not a flood extent." }, "geometry": { "type": "Polygon", "coordinates": [ [ [ 127.283, 36.633125 ], [ 127.283, 36.63625 ], [ 127.27975, 36.63625 ], [ 127.27975, 36.633125 ], [ 127.283, 36.633125 ] ] ] } },
{ "type": "Feature", "properties": { "grid_id": "dem-14-04", "mean_elevation_m": 34.99, "terrain_class": "TERRAIN_CONTEXT", "threshold_note": "LOW_ELEVATION_CONTEXT means <= AOI p25 elevation; it is not a flood extent." }, "geometry": { "type": "Polygon", "coordinates": [ [ [ 127.28625, 36.633125 ], [ 127.28625, 36.63625 ], [ 127.283, 36.63625 ], [ 127.283, 36.633125 ], [ 127.28625, 36.633125 ] ] ] } },
{ "type": "Feature", "properties": { "grid_id": "dem-14-05", "mean_elevation_m": 40.47, "terrain_class": "TERRAIN_CONTEXT", "threshold_note": "LOW_ELEVATION_CONTEXT means <= AOI p25 elevation; it is not a flood extent." }, "geometry": { "type": "Polygon", "coordinates": [ [ [ 127.2895, 36.633125 ], [ 127.2895, 36.63625 ], [ 127.28625, 36.63625 ], [ 127.28625, 36.633125 ], [ 127.2895, 36.633125 ] ] ] } },
{ "type": "Feature", "properties": { "grid_id": "dem-14-06", "mean_elevation_m": 33.73, "terrain_class": "TERRAIN_CONTEXT", "threshold_note": "LOW_ELEVATION_CONTEXT means <= AOI p25 elevation; it is not a flood extent." }, "geometry": { "type": "Polygon", "coordinates": [ [ [ 127.29275, 36.633125 ], [ 127.29275, 36.63625 ], [ 127.2895, 36.63625 ], [ 127.2895, 36.633125 ], [ 127.29275, 36.633125 ] ] ] } },
{ "type": "Feature", "properties": { "grid_id": "dem-14-07", "mean_elevation_m": 82.98, "terrain_class": "TERRAIN_CONTEXT", "threshold_note": "LOW_ELEVATION_CONTEXT means <= AOI p25 elevation; it is not a flood extent." }, "geometry": { "type": "Polygon", "coordinates": [ [ [ 127.296, 36.633125 ], [ 127.296, 36.63625 ], [ 127.29275, 36.63625 ], [ 127.29275, 36.633125 ], [ 127.296, 36.633125 ] ] ] } },
{ "type": "Feature", "properties": { "grid_id": "dem-14-08", "mean_elevation_m": 104.18, "terrain_class": "TERRAIN_CONTEXT", "threshold_note": "LOW_ELEVATION_CONTEXT means <= AOI p25 elevation; it is not a flood extent." }, "geometry": { "type": "Polygon", "coordinates": [ [ [ 127.29925, 36.633125 ], [ 127.29925, 36.63625 ], [ 127.296, 36.63625 ], [ 127.296, 36.633125 ], [ 127.29925, 36.633125 ] ] ] } },
{ "type": "Feature", "properties": { "grid_id": "dem-14-09", "mean_elevation_m": 67.59, "terrain_class": "TERRAIN_CONTEXT", "threshold_note": "LOW_ELEVATION_CONTEXT means <= AOI p25 elevation; it is not a flood extent." }, "geometry": { "type": "Polygon", "coordinates": [ [ [ 127.3025, 36.633125 ], [ 127.3025, 36.63625 ], [ 127.29925, 36.63625 ], [ 127.29925, 36.633125 ], [ 127.3025, 36.633125 ] ] ] } },
{ "type": "Feature", "properties": { "grid_id": "dem-14-10", "mean_elevation_m": 66.79, "terrain_class": "TERRAIN_CONTEXT", "threshold_note": "LOW_ELEVATION_CONTEXT means <= AOI p25 elevation; it is not a flood extent." }, "geometry": { "type": "Polygon", "coordinates": [ [ [ 127.30575, 36.633125 ], [ 127.30575, 36.63625 ], [ 127.3025, 36.63625 ], [ 127.3025, 36.633125 ], [ 127.30575, 36.633125 ] ] ] } },
{ "type": "Feature", "properties": { "grid_id": "dem-14-11", "mean_elevation_m": 50.97, "terrain_class": "TERRAIN_CONTEXT", "threshold_note": "LOW_ELEVATION_CONTEXT means <= AOI p25 elevation; it is not a flood extent." }, "geometry": { "type": "Polygon", "coordinates": [ [ [ 127.309, 36.633125 ], [ 127.309, 36.63625 ], [ 127.30575, 36.63625 ], [ 127.30575, 36.633125 ], [ 127.309, 36.633125 ] ] ] } },
{ "type": "Feature", "properties": { "grid_id": "dem-14-12", "mean_elevation_m": 45.89, "terrain_class": "TERRAIN_CONTEXT", "threshold_note": "LOW_ELEVATION_CONTEXT means <= AOI p25 elevation; it is not a flood extent." }, "geometry": { "type": "Polygon", "coordinates": [ [ [ 127.31225, 36.633125 ], [ 127.31225, 36.63625 ], [ 127.309, 36.63625 ], [ 127.309, 36.633125 ], [ 127.31225, 36.633125 ] ] ] } },
{ "type": "Feature", "properties": { "grid_id": "dem-14-13", "mean_elevation_m": 46.1, "terrain_class": "TERRAIN_CONTEXT", "threshold_note": "LOW_ELEVATION_CONTEXT means <= AOI p25 elevation; it is not a flood extent." }, "geometry": { "type": "Polygon", "coordinates": [ [ [ 127.3155, 36.633125 ], [ 127.3155, 36.63625 ], [ 127.31225, 36.63625 ], [ 127.31225, 36.633125 ], [ 127.3155, 36.633125 ] ] ] } },
{ "type": "Feature", "properties": { "grid_id": "dem-14-14", "mean_elevation_m": 47.15, "terrain_class": "TERRAIN_CONTEXT", "threshold_note": "LOW_ELEVATION_CONTEXT means <= AOI p25 elevation; it is not a flood extent." }, "geometry": { "type": "Polygon", "coordinates": [ [ [ 127.31875, 36.633125 ], [ 127.31875, 36.63625 ], [ 127.3155, 36.63625 ], [ 127.3155, 36.633125 ], [ 127.31875, 36.633125 ] ] ] } },
{ "type": "Feature", "properties": { "grid_id": "dem-14-15", "mean_elevation_m": 45.21, "terrain_class": "TERRAIN_CONTEXT", "threshold_note": "LOW_ELEVATION_CONTEXT means <= AOI p25 elevation; it is not a flood extent." }, "geometry": { "type": "Polygon", "coordinates": [ [ [ 127.322, 36.633125 ], [ 127.322, 36.63625 ], [ 127.31875, 36.63625 ], [ 127.31875, 36.633125 ], [ 127.322, 36.633125 ] ] ] } },
{ "type": "Feature", "properties": { "grid_id": "dem-14-16", "mean_elevation_m": 44.13, "terrain_class": "TERRAIN_CONTEXT", "threshold_note": "LOW_ELEVATION_CONTEXT means <= AOI p25 elevation; it is not a flood extent." }, "geometry": { "type": "Polygon", "coordinates": [ [ [ 127.32525, 36.633125 ], [ 127.32525, 36.63625 ], [ 127.322, 36.63625 ], [ 127.322, 36.633125 ], [ 127.32525, 36.633125 ] ] ] } },
{ "type": "Feature", "properties": { "grid_id": "dem-14-17", "mean_elevation_m": 43.02, "terrain_class": "TERRAIN_CONTEXT", "threshold_note": "LOW_ELEVATION_CONTEXT means <= AOI p25 elevation; it is not a flood extent." }, "geometry": { "type": "Polygon", "coordinates": [ [ [ 127.3285, 36.633125 ], [ 127.3285, 36.63625 ], [ 127.32525, 36.63625 ], [ 127.32525, 36.633125 ], [ 127.3285, 36.633125 ] ] ] } },
{ "type": "Feature", "properties": { "grid_id": "dem-14-18", "mean_elevation_m": 41.88, "terrain_class": "TERRAIN_CONTEXT", "threshold_note": "LOW_ELEVATION_CONTEXT means <= AOI p25 elevation; it is not a flood extent." }, "geometry": { "type": "Polygon", "coordinates": [ [ [ 127.33175, 36.633125 ], [ 127.33175, 36.63625 ], [ 127.3285, 36.63625 ], [ 127.3285, 36.633125 ], [ 127.33175, 36.633125 ] ] ] } },
{ "type": "Feature", "properties": { "grid_id": "dem-14-19", "mean_elevation_m": 40.98, "terrain_class": "TERRAIN_CONTEXT", "threshold_note": "LOW_ELEVATION_CONTEXT means <= AOI p25 elevation; it is not a flood extent." }, "geometry": { "type": "Polygon", "coordinates": [ [ [ 127.335, 36.633125 ], [ 127.335, 36.63625 ], [ 127.33175, 36.63625 ], [ 127.33175, 36.633125 ], [ 127.335, 36.633125 ] ] ] } },
{ "type": "Feature", "properties": { "grid_id": "dem-14-20", "mean_elevation_m": 36.27, "terrain_class": "TERRAIN_CONTEXT", "threshold_note": "LOW_ELEVATION_CONTEXT means <= AOI p25 elevation; it is not a flood extent." }, "geometry": { "type": "Polygon", "coordinates": [ [ [ 127.33825, 36.633125 ], [ 127.33825, 36.63625 ], [ 127.335, 36.63625 ], [ 127.335, 36.633125 ], [ 127.33825, 36.633125 ] ] ] } },
{ "type": "Feature", "properties": { "grid_id": "dem-14-21", "mean_elevation_m": 31.27, "terrain_class": "TERRAIN_CONTEXT", "threshold_note": "LOW_ELEVATION_CONTEXT means <= AOI p25 elevation; it is not a flood extent." }, "geometry": { "type": "Polygon", "coordinates": [ [ [ 127.3415, 36.633125 ], [ 127.3415, 36.63625 ], [ 127.33825, 36.63625 ], [ 127.33825, 36.633125 ], [ 127.3415, 36.633125 ] ] ] } },
{ "type": "Feature", "properties": { "grid_id": "dem-14-22", "mean_elevation_m": 28.94, "terrain_class": "LOW_ELEVATION_CONTEXT", "threshold_note": "LOW_ELEVATION_CONTEXT means <= AOI p25 elevation; it is not a flood extent." }, "geometry": { "type": "Polygon", "coordinates": [ [ [ 127.34475, 36.633125 ], [ 127.34475, 36.63625 ], [ 127.3415, 36.63625 ], [ 127.3415, 36.633125 ], [ 127.34475, 36.633125 ] ] ] } },
{ "type": "Feature", "properties": { "grid_id": "dem-14-23", "mean_elevation_m": 25.63, "terrain_class": "LOW_ELEVATION_CONTEXT", "threshold_note": "LOW_ELEVATION_CONTEXT means <= AOI p25 elevation; it is not a flood extent." }, "geometry": { "type": "Polygon", "coordinates": [ [ [ 127.348, 36.633125 ], [ 127.348, 36.63625 ], [ 127.34475, 36.63625 ], [ 127.34475, 36.633125 ], [ 127.348, 36.633125 ] ] ] } },
{ "type": "Feature", "properties": { "grid_id": "dem-14-24", "mean_elevation_m": 28.29, "terrain_class": "LOW_ELEVATION_CONTEXT", "threshold_note": "LOW_ELEVATION_CONTEXT means <= AOI p25 elevation; it is not a flood extent." }, "geometry": { "type": "Polygon", "coordinates": [ [ [ 127.35125, 36.633125 ], [ 127.35125, 36.63625 ], [ 127.348, 36.63625 ], [ 127.348, 36.633125 ], [ 127.35125, 36.633125 ] ] ] } },
{ "type": "Feature", "properties": { "grid_id": "dem-14-25", "mean_elevation_m": 27.66, "terrain_class": "LOW_ELEVATION_CONTEXT", "threshold_note": "LOW_ELEVATION_CONTEXT means <= AOI p25 elevation; it is not a flood extent." }, "geometry": { "type": "Polygon", "coordinates": [ [ [ 127.3545, 36.633125 ], [ 127.3545, 36.63625 ], [ 127.35125, 36.63625 ], [ 127.35125, 36.633125 ], [ 127.3545, 36.633125 ] ] ] } },
{ "type": "Feature", "properties": { "grid_id": "dem-14-26", "mean_elevation_m": 25.21, "terrain_class": "LOW_ELEVATION_CONTEXT", "threshold_note": "LOW_ELEVATION_CONTEXT means <= AOI p25 elevation; it is not a flood extent." }, "geometry": { "type": "Polygon", "coordinates": [ [ [ 127.35775, 36.633125 ], [ 127.35775, 36.63625 ], [ 127.3545, 36.63625 ], [ 127.3545, 36.633125 ], [ 127.35775, 36.633125 ] ] ] } },
{ "type": "Feature", "properties": { "grid_id": "dem-14-27", "mean_elevation_m": 27.35, "terrain_class": "LOW_ELEVATION_CONTEXT", "threshold_note": "LOW_ELEVATION_CONTEXT means <= AOI p25 elevation; it is not a flood extent." }, "geometry": { "type": "Polygon", "coordinates": [ [ [ 127.361, 36.633125 ], [ 127.361, 36.63625 ], [ 127.35775, 36.63625 ], [ 127.35775, 36.633125 ], [ 127.361, 36.633125 ] ] ] } },
{ "type": "Feature", "properties": { "grid_id": "dem-14-28", "mean_elevation_m": 36.27, "terrain_class": "TERRAIN_CONTEXT", "threshold_note": "LOW_ELEVATION_CONTEXT means <= AOI p25 elevation; it is not a flood extent." }, "geometry": { "type": "Polygon", "coordinates": [ [ [ 127.36425, 36.633125 ], [ 127.36425, 36.63625 ], [ 127.361, 36.63625 ], [ 127.361, 36.633125 ], [ 127.36425, 36.633125 ] ] ] } },
{ "type": "Feature", "properties": { "grid_id": "dem-14-29", "mean_elevation_m": 43.89, "terrain_class": "TERRAIN_CONTEXT", "threshold_note": "LOW_ELEVATION_CONTEXT means <= AOI p25 elevation; it is not a flood extent." }, "geometry": { "type": "Polygon", "coordinates": [ [ [ 127.3675, 36.633125 ], [ 127.3675, 36.63625 ], [ 127.36425, 36.63625 ], [ 127.36425, 36.633125 ], [ 127.3675, 36.633125 ] ] ] } },
{ "type": "Feature", "properties": { "grid_id": "dem-14-30", "mean_elevation_m": 42.95, "terrain_class": "TERRAIN_CONTEXT", "threshold_note": "LOW_ELEVATION_CONTEXT means <= AOI p25 elevation; it is not a flood extent." }, "geometry": { "type": "Polygon", "coordinates": [ [ [ 127.37075, 36.633125 ], [ 127.37075, 36.63625 ], [ 127.3675, 36.63625 ], [ 127.3675, 36.633125 ], [ 127.37075, 36.633125 ] ] ] } },
{ "type": "Feature", "properties": { "grid_id": "dem-14-31", "mean_elevation_m": 39.29, "terrain_class": "TERRAIN_CONTEXT", "threshold_note": "LOW_ELEVATION_CONTEXT means <= AOI p25 elevation; it is not a flood extent." }, "geometry": { "type": "Polygon", "coordinates": [ [ [ 127.374, 36.633125 ], [ 127.374, 36.63625 ], [ 127.37075, 36.63625 ], [ 127.37075, 36.633125 ], [ 127.374, 36.633125 ] ] ] } },
{ "type": "Feature", "properties": { "grid_id": "dem-14-32", "mean_elevation_m": 47.26, "terrain_class": "TERRAIN_CONTEXT", "threshold_note": "LOW_ELEVATION_CONTEXT means <= AOI p25 elevation; it is not a flood extent." }, "geometry": { "type": "Polygon", "coordinates": [ [ [ 127.37725, 36.633125 ], [ 127.37725, 36.63625 ], [ 127.374, 36.63625 ], [ 127.374, 36.633125 ], [ 127.37725, 36.633125 ] ] ] } },
{ "type": "Feature", "properties": { "grid_id": "dem-14-33", "mean_elevation_m": 38.45, "terrain_class": "TERRAIN_CONTEXT", "threshold_note": "LOW_ELEVATION_CONTEXT means <= AOI p25 elevation; it is not a flood extent." }, "geometry": { "type": "Polygon", "coordinates": [ [ [ 127.3805, 36.633125 ], [ 127.3805, 36.63625 ], [ 127.37725, 36.63625 ], [ 127.37725, 36.633125 ], [ 127.3805, 36.633125 ] ] ] } },
{ "type": "Feature", "properties": { "grid_id": "dem-14-34", "mean_elevation_m": 45.3, "terrain_class": "TERRAIN_CONTEXT", "threshold_note": "LOW_ELEVATION_CONTEXT means <= AOI p25 elevation; it is not a flood extent." }, "geometry": { "type": "Polygon", "coordinates": [ [ [ 127.38375, 36.633125 ], [ 127.38375, 36.63625 ], [ 127.3805, 36.63625 ], [ 127.3805, 36.633125 ], [ 127.38375, 36.633125 ] ] ] } },
{ "type": "Feature", "properties": { "grid_id": "dem-14-35", "mean_elevation_m": 42.92, "terrain_class": "TERRAIN_CONTEXT", "threshold_note": "LOW_ELEVATION_CONTEXT means <= AOI p25 elevation; it is not a flood extent." }, "geometry": { "type": "Polygon", "coordinates": [ [ [ 127.387, 36.633125 ], [ 127.387, 36.63625 ], [ 127.38375, 36.63625 ], [ 127.38375, 36.633125 ], [ 127.387, 36.633125 ] ] ] } },
{ "type": "Feature", "properties": { "grid_id": "dem-14-36", "mean_elevation_m": 53.75, "terrain_class": "TERRAIN_CONTEXT", "threshold_note": "LOW_ELEVATION_CONTEXT means <= AOI p25 elevation; it is not a flood extent." }, "geometry": { "type": "Polygon", "coordinates": [ [ [ 127.39025, 36.633125 ], [ 127.39025, 36.63625 ], [ 127.387, 36.63625 ], [ 127.387, 36.633125 ], [ 127.39025, 36.633125 ] ] ] } },
{ "type": "Feature", "properties": { "grid_id": "dem-14-37", "mean_elevation_m": 58.85, "terrain_class": "TERRAIN_CONTEXT", "threshold_note": "LOW_ELEVATION_CONTEXT means <= AOI p25 elevation; it is not a flood extent." }, "geometry": { "type": "Polygon", "coordinates": [ [ [ 127.3935, 36.633125 ], [ 127.3935, 36.63625 ], [ 127.39025, 36.63625 ], [ 127.39025, 36.633125 ], [ 127.3935, 36.633125 ] ] ] } },
{ "type": "Feature", "properties": { "grid_id": "dem-14-38", "mean_elevation_m": 75.83, "terrain_class": "TERRAIN_CONTEXT", "threshold_note": "LOW_ELEVATION_CONTEXT means <= AOI p25 elevation; it is not a flood extent." }, "geometry": { "type": "Polygon", "coordinates": [ [ [ 127.39675, 36.633125 ], [ 127.39675, 36.63625 ], [ 127.3935, 36.63625 ], [ 127.3935, 36.633125 ], [ 127.39675, 36.633125 ] ] ] } },
{ "type": "Feature", "properties": { "grid_id": "dem-14-39", "mean_elevation_m": 65.53, "terrain_class": "TERRAIN_CONTEXT", "threshold_note": "LOW_ELEVATION_CONTEXT means <= AOI p25 elevation; it is not a flood extent." }, "geometry": { "type": "Polygon", "coordinates": [ [ [ 127.4, 36.633125 ], [ 127.4, 36.63625 ], [ 127.39675, 36.63625 ], [ 127.39675, 36.633125 ], [ 127.4, 36.633125 ] ] ] } },
{ "type": "Feature", "properties": { "grid_id": "dem-15-00", "mean_elevation_m": 39.06, "terrain_class": "TERRAIN_CONTEXT", "threshold_note": "LOW_ELEVATION_CONTEXT means <= AOI p25 elevation; it is not a flood extent." }, "geometry": { "type": "Polygon", "coordinates": [ [ [ 127.27325, 36.63 ], [ 127.27325, 36.633125 ], [ 127.27, 36.633125 ], [ 127.27, 36.63 ], [ 127.27325, 36.63 ] ] ] } },
{ "type": "Feature", "properties": { "grid_id": "dem-15-01", "mean_elevation_m": 38.0, "terrain_class": "TERRAIN_CONTEXT", "threshold_note": "LOW_ELEVATION_CONTEXT means <= AOI p25 elevation; it is not a flood extent." }, "geometry": { "type": "Polygon", "coordinates": [ [ [ 127.2765, 36.63 ], [ 127.2765, 36.633125 ], [ 127.27325, 36.633125 ], [ 127.27325, 36.63 ], [ 127.2765, 36.63 ] ] ] } },
{ "type": "Feature", "properties": { "grid_id": "dem-15-02", "mean_elevation_m": 58.19, "terrain_class": "TERRAIN_CONTEXT", "threshold_note": "LOW_ELEVATION_CONTEXT means <= AOI p25 elevation; it is not a flood extent." }, "geometry": { "type": "Polygon", "coordinates": [ [ [ 127.27975, 36.63 ], [ 127.27975, 36.633125 ], [ 127.2765, 36.633125 ], [ 127.2765, 36.63 ], [ 127.27975, 36.63 ] ] ] } },
{ "type": "Feature", "properties": { "grid_id": "dem-15-03", "mean_elevation_m": 92.07, "terrain_class": "TERRAIN_CONTEXT", "threshold_note": "LOW_ELEVATION_CONTEXT means <= AOI p25 elevation; it is not a flood extent." }, "geometry": { "type": "Polygon", "coordinates": [ [ [ 127.283, 36.63 ], [ 127.283, 36.633125 ], [ 127.27975, 36.633125 ], [ 127.27975, 36.63 ], [ 127.283, 36.63 ] ] ] } },
{ "type": "Feature", "properties": { "grid_id": "dem-15-04", "mean_elevation_m": 78.2, "terrain_class": "TERRAIN_CONTEXT", "threshold_note": "LOW_ELEVATION_CONTEXT means <= AOI p25 elevation; it is not a flood extent." }, "geometry": { "type": "Polygon", "coordinates": [ [ [ 127.28625, 36.63 ], [ 127.28625, 36.633125 ], [ 127.283, 36.633125 ], [ 127.283, 36.63 ], [ 127.28625, 36.63 ] ] ] } },
{ "type": "Feature", "properties": { "grid_id": "dem-15-05", "mean_elevation_m": 44.3, "terrain_class": "TERRAIN_CONTEXT", "threshold_note": "LOW_ELEVATION_CONTEXT means <= AOI p25 elevation; it is not a flood extent." }, "geometry": { "type": "Polygon", "coordinates": [ [ [ 127.2895, 36.63 ], [ 127.2895, 36.633125 ], [ 127.28625, 36.633125 ], [ 127.28625, 36.63 ], [ 127.2895, 36.63 ] ] ] } },
{ "type": "Feature", "properties": { "grid_id": "dem-15-06", "mean_elevation_m": 32.36, "terrain_class": "TERRAIN_CONTEXT", "threshold_note": "LOW_ELEVATION_CONTEXT means <= AOI p25 elevation; it is not a flood extent." }, "geometry": { "type": "Polygon", "coordinates": [ [ [ 127.29275, 36.63 ], [ 127.29275, 36.633125 ], [ 127.2895, 36.633125 ], [ 127.2895, 36.63 ], [ 127.29275, 36.63 ] ] ] } },
{ "type": "Feature", "properties": { "grid_id": "dem-15-07", "mean_elevation_m": 47.01, "terrain_class": "TERRAIN_CONTEXT", "threshold_note": "LOW_ELEVATION_CONTEXT means <= AOI p25 elevation; it is not a flood extent." }, "geometry": { "type": "Polygon", "coordinates": [ [ [ 127.296, 36.63 ], [ 127.296, 36.633125 ], [ 127.29275, 36.633125 ], [ 127.29275, 36.63 ], [ 127.296, 36.63 ] ] ] } },
{ "type": "Feature", "properties": { "grid_id": "dem-15-08", "mean_elevation_m": 99.54, "terrain_class": "TERRAIN_CONTEXT", "threshold_note": "LOW_ELEVATION_CONTEXT means <= AOI p25 elevation; it is not a flood extent." }, "geometry": { "type": "Polygon", "coordinates": [ [ [ 127.29925, 36.63 ], [ 127.29925, 36.633125 ], [ 127.296, 36.633125 ], [ 127.296, 36.63 ], [ 127.29925, 36.63 ] ] ] } },
{ "type": "Feature", "properties": { "grid_id": "dem-15-09", "mean_elevation_m": 76.15, "terrain_class": "TERRAIN_CONTEXT", "threshold_note": "LOW_ELEVATION_CONTEXT means <= AOI p25 elevation; it is not a flood extent." }, "geometry": { "type": "Polygon", "coordinates": [ [ [ 127.3025, 36.63 ], [ 127.3025, 36.633125 ], [ 127.29925, 36.633125 ], [ 127.29925, 36.63 ], [ 127.3025, 36.63 ] ] ] } },
{ "type": "Feature", "properties": { "grid_id": "dem-15-10", "mean_elevation_m": 79.52, "terrain_class": "TERRAIN_CONTEXT", "threshold_note": "LOW_ELEVATION_CONTEXT means <= AOI p25 elevation; it is not a flood extent." }, "geometry": { "type": "Polygon", "coordinates": [ [ [ 127.30575, 36.63 ], [ 127.30575, 36.633125 ], [ 127.3025, 36.633125 ], [ 127.3025, 36.63 ], [ 127.30575, 36.63 ] ] ] } },
{ "type": "Feature", "properties": { "grid_id": "dem-15-11", "mean_elevation_m": 85.17, "terrain_class": "TERRAIN_CONTEXT", "threshold_note": "LOW_ELEVATION_CONTEXT means <= AOI p25 elevation; it is not a flood extent." }, "geometry": { "type": "Polygon", "coordinates": [ [ [ 127.309, 36.63 ], [ 127.309, 36.633125 ], [ 127.30575, 36.633125 ], [ 127.30575, 36.63 ], [ 127.309, 36.63 ] ] ] } },
{ "type": "Feature", "properties": { "grid_id": "dem-15-12", "mean_elevation_m": 48.23, "terrain_class": "TERRAIN_CONTEXT", "threshold_note": "LOW_ELEVATION_CONTEXT means <= AOI p25 elevation; it is not a flood extent." }, "geometry": { "type": "Polygon", "coordinates": [ [ [ 127.31225, 36.63 ], [ 127.31225, 36.633125 ], [ 127.309, 36.633125 ], [ 127.309, 36.63 ], [ 127.31225, 36.63 ] ] ] } },
{ "type": "Feature", "properties": { "grid_id": "dem-15-13", "mean_elevation_m": 44.95, "terrain_class": "TERRAIN_CONTEXT", "threshold_note": "LOW_ELEVATION_CONTEXT means <= AOI p25 elevation; it is not a flood extent." }, "geometry": { "type": "Polygon", "coordinates": [ [ [ 127.3155, 36.63 ], [ 127.3155, 36.633125 ], [ 127.31225, 36.633125 ], [ 127.31225, 36.63 ], [ 127.3155, 36.63 ] ] ] } },
{ "type": "Feature", "properties": { "grid_id": "dem-15-14", "mean_elevation_m": 42.63, "terrain_class": "TERRAIN_CONTEXT", "threshold_note": "LOW_ELEVATION_CONTEXT means <= AOI p25 elevation; it is not a flood extent." }, "geometry": { "type": "Polygon", "coordinates": [ [ [ 127.31875, 36.63 ], [ 127.31875, 36.633125 ], [ 127.3155, 36.633125 ], [ 127.3155, 36.63 ], [ 127.31875, 36.63 ] ] ] } },
{ "type": "Feature", "properties": { "grid_id": "dem-15-15", "mean_elevation_m": 40.73, "terrain_class": "TERRAIN_CONTEXT", "threshold_note": "LOW_ELEVATION_CONTEXT means <= AOI p25 elevation; it is not a flood extent." }, "geometry": { "type": "Polygon", "coordinates": [ [ [ 127.322, 36.63 ], [ 127.322, 36.633125 ], [ 127.31875, 36.633125 ], [ 127.31875, 36.63 ], [ 127.322, 36.63 ] ] ] } },
{ "type": "Feature", "properties": { "grid_id": "dem-15-16", "mean_elevation_m": 40.56, "terrain_class": "TERRAIN_CONTEXT", "threshold_note": "LOW_ELEVATION_CONTEXT means <= AOI p25 elevation; it is not a flood extent." }, "geometry": { "type": "Polygon", "coordinates": [ [ [ 127.32525, 36.63 ], [ 127.32525, 36.633125 ], [ 127.322, 36.633125 ], [ 127.322, 36.63 ], [ 127.32525, 36.63 ] ] ] } },
{ "type": "Feature", "properties": { "grid_id": "dem-15-17", "mean_elevation_m": 38.34, "terrain_class": "TERRAIN_CONTEXT", "threshold_note": "LOW_ELEVATION_CONTEXT means <= AOI p25 elevation; it is not a flood extent." }, "geometry": { "type": "Polygon", "coordinates": [ [ [ 127.3285, 36.63 ], [ 127.3285, 36.633125 ], [ 127.32525, 36.633125 ], [ 127.32525, 36.63 ], [ 127.3285, 36.63 ] ] ] } },
{ "type": "Feature", "properties": { "grid_id": "dem-15-18", "mean_elevation_m": 36.69, "terrain_class": "TERRAIN_CONTEXT", "threshold_note": "LOW_ELEVATION_CONTEXT means <= AOI p25 elevation; it is not a flood extent." }, "geometry": { "type": "Polygon", "coordinates": [ [ [ 127.33175, 36.63 ], [ 127.33175, 36.633125 ], [ 127.3285, 36.633125 ], [ 127.3285, 36.63 ], [ 127.33175, 36.63 ] ] ] } },
{ "type": "Feature", "properties": { "grid_id": "dem-15-19", "mean_elevation_m": 35.29, "terrain_class": "TERRAIN_CONTEXT", "threshold_note": "LOW_ELEVATION_CONTEXT means <= AOI p25 elevation; it is not a flood extent." }, "geometry": { "type": "Polygon", "coordinates": [ [ [ 127.335, 36.63 ], [ 127.335, 36.633125 ], [ 127.33175, 36.633125 ], [ 127.33175, 36.63 ], [ 127.335, 36.63 ] ] ] } },
{ "type": "Feature", "properties": { "grid_id": "dem-15-20", "mean_elevation_m": 30.69, "terrain_class": "TERRAIN_CONTEXT", "threshold_note": "LOW_ELEVATION_CONTEXT means <= AOI p25 elevation; it is not a flood extent." }, "geometry": { "type": "Polygon", "coordinates": [ [ [ 127.33825, 36.63 ], [ 127.33825, 36.633125 ], [ 127.335, 36.633125 ], [ 127.335, 36.63 ], [ 127.33825, 36.63 ] ] ] } },
{ "type": "Feature", "properties": { "grid_id": "dem-15-21", "mean_elevation_m": 29.38, "terrain_class": "LOW_ELEVATION_CONTEXT", "threshold_note": "LOW_ELEVATION_CONTEXT means <= AOI p25 elevation; it is not a flood extent." }, "geometry": { "type": "Polygon", "coordinates": [ [ [ 127.3415, 36.63 ], [ 127.3415, 36.633125 ], [ 127.33825, 36.633125 ], [ 127.33825, 36.63 ], [ 127.3415, 36.63 ] ] ] } },
{ "type": "Feature", "properties": { "grid_id": "dem-15-22", "mean_elevation_m": 28.31, "terrain_class": "LOW_ELEVATION_CONTEXT", "threshold_note": "LOW_ELEVATION_CONTEXT means <= AOI p25 elevation; it is not a flood extent." }, "geometry": { "type": "Polygon", "coordinates": [ [ [ 127.34475, 36.63 ], [ 127.34475, 36.633125 ], [ 127.3415, 36.633125 ], [ 127.3415, 36.63 ], [ 127.34475, 36.63 ] ] ] } },
{ "type": "Feature", "properties": { "grid_id": "dem-15-23", "mean_elevation_m": 24.8, "terrain_class": "LOW_ELEVATION_CONTEXT", "threshold_note": "LOW_ELEVATION_CONTEXT means <= AOI p25 elevation; it is not a flood extent." }, "geometry": { "type": "Polygon", "coordinates": [ [ [ 127.348, 36.63 ], [ 127.348, 36.633125 ], [ 127.34475, 36.633125 ], [ 127.34475, 36.63 ], [ 127.348, 36.63 ] ] ] } },
{ "type": "Feature", "properties": { "grid_id": "dem-15-24", "mean_elevation_m": 29.66, "terrain_class": "LOW_ELEVATION_CONTEXT", "threshold_note": "LOW_ELEVATION_CONTEXT means <= AOI p25 elevation; it is not a flood extent." }, "geometry": { "type": "Polygon", "coordinates": [ [ [ 127.35125, 36.63 ], [ 127.35125, 36.633125 ], [ 127.348, 36.633125 ], [ 127.348, 36.63 ], [ 127.35125, 36.63 ] ] ] } },
{ "type": "Feature", "properties": { "grid_id": "dem-15-25", "mean_elevation_m": 27.99, "terrain_class": "LOW_ELEVATION_CONTEXT", "threshold_note": "LOW_ELEVATION_CONTEXT means <= AOI p25 elevation; it is not a flood extent." }, "geometry": { "type": "Polygon", "coordinates": [ [ [ 127.3545, 36.63 ], [ 127.3545, 36.633125 ], [ 127.35125, 36.633125 ], [ 127.35125, 36.63 ], [ 127.3545, 36.63 ] ] ] } },
{ "type": "Feature", "properties": { "grid_id": "dem-15-26", "mean_elevation_m": 29.61, "terrain_class": "LOW_ELEVATION_CONTEXT", "threshold_note": "LOW_ELEVATION_CONTEXT means <= AOI p25 elevation; it is not a flood extent." }, "geometry": { "type": "Polygon", "coordinates": [ [ [ 127.35775, 36.63 ], [ 127.35775, 36.633125 ], [ 127.3545, 36.633125 ], [ 127.3545, 36.63 ], [ 127.35775, 36.63 ] ] ] } },
{ "type": "Feature", "properties": { "grid_id": "dem-15-27", "mean_elevation_m": 38.46, "terrain_class": "TERRAIN_CONTEXT", "threshold_note": "LOW_ELEVATION_CONTEXT means <= AOI p25 elevation; it is not a flood extent." }, "geometry": { "type": "Polygon", "coordinates": [ [ [ 127.361, 36.63 ], [ 127.361, 36.633125 ], [ 127.35775, 36.633125 ], [ 127.35775, 36.63 ], [ 127.361, 36.63 ] ] ] } },
{ "type": "Feature", "properties": { "grid_id": "dem-15-28", "mean_elevation_m": 38.07, "terrain_class": "TERRAIN_CONTEXT", "threshold_note": "LOW_ELEVATION_CONTEXT means <= AOI p25 elevation; it is not a flood extent." }, "geometry": { "type": "Polygon", "coordinates": [ [ [ 127.36425, 36.63 ], [ 127.36425, 36.633125 ], [ 127.361, 36.633125 ], [ 127.361, 36.63 ], [ 127.36425, 36.63 ] ] ] } },
{ "type": "Feature", "properties": { "grid_id": "dem-15-29", "mean_elevation_m": 46.22, "terrain_class": "TERRAIN_CONTEXT", "threshold_note": "LOW_ELEVATION_CONTEXT means <= AOI p25 elevation; it is not a flood extent." }, "geometry": { "type": "Polygon", "coordinates": [ [ [ 127.3675, 36.63 ], [ 127.3675, 36.633125 ], [ 127.36425, 36.633125 ], [ 127.36425, 36.63 ], [ 127.3675, 36.63 ] ] ] } },
{ "type": "Feature", "properties": { "grid_id": "dem-15-30", "mean_elevation_m": 46.51, "terrain_class": "TERRAIN_CONTEXT", "threshold_note": "LOW_ELEVATION_CONTEXT means <= AOI p25 elevation; it is not a flood extent." }, "geometry": { "type": "Polygon", "coordinates": [ [ [ 127.37075, 36.63 ], [ 127.37075, 36.633125 ], [ 127.3675, 36.633125 ], [ 127.3675, 36.63 ], [ 127.37075, 36.63 ] ] ] } },
{ "type": "Feature", "properties": { "grid_id": "dem-15-31", "mean_elevation_m": 43.02, "terrain_class": "TERRAIN_CONTEXT", "threshold_note": "LOW_ELEVATION_CONTEXT means <= AOI p25 elevation; it is not a flood extent." }, "geometry": { "type": "Polygon", "coordinates": [ [ [ 127.374, 36.63 ], [ 127.374, 36.633125 ], [ 127.37075, 36.633125 ], [ 127.37075, 36.63 ], [ 127.374, 36.63 ] ] ] } },
{ "type": "Feature", "properties": { "grid_id": "dem-15-32", "mean_elevation_m": 44.02, "terrain_class": "TERRAIN_CONTEXT", "threshold_note": "LOW_ELEVATION_CONTEXT means <= AOI p25 elevation; it is not a flood extent." }, "geometry": { "type": "Polygon", "coordinates": [ [ [ 127.37725, 36.63 ], [ 127.37725, 36.633125 ], [ 127.374, 36.633125 ], [ 127.374, 36.63 ], [ 127.37725, 36.63 ] ] ] } },
{ "type": "Feature", "properties": { "grid_id": "dem-15-33", "mean_elevation_m": 46.42, "terrain_class": "TERRAIN_CONTEXT", "threshold_note": "LOW_ELEVATION_CONTEXT means <= AOI p25 elevation; it is not a flood extent." }, "geometry": { "type": "Polygon", "coordinates": [ [ [ 127.3805, 36.63 ], [ 127.3805, 36.633125 ], [ 127.37725, 36.633125 ], [ 127.37725, 36.63 ], [ 127.3805, 36.63 ] ] ] } },
{ "type": "Feature", "properties": { "grid_id": "dem-15-34", "mean_elevation_m": 53.34, "terrain_class": "TERRAIN_CONTEXT", "threshold_note": "LOW_ELEVATION_CONTEXT means <= AOI p25 elevation; it is not a flood extent." }, "geometry": { "type": "Polygon", "coordinates": [ [ [ 127.38375, 36.63 ], [ 127.38375, 36.633125 ], [ 127.3805, 36.633125 ], [ 127.3805, 36.63 ], [ 127.38375, 36.63 ] ] ] } },
{ "type": "Feature", "properties": { "grid_id": "dem-15-35", "mean_elevation_m": 53.42, "terrain_class": "TERRAIN_CONTEXT", "threshold_note": "LOW_ELEVATION_CONTEXT means <= AOI p25 elevation; it is not a flood extent." }, "geometry": { "type": "Polygon", "coordinates": [ [ [ 127.387, 36.63 ], [ 127.387, 36.633125 ], [ 127.38375, 36.633125 ], [ 127.38375, 36.63 ], [ 127.387, 36.63 ] ] ] } },
{ "type": "Feature", "properties": { "grid_id": "dem-15-36", "mean_elevation_m": 72.33, "terrain_class": "TERRAIN_CONTEXT", "threshold_note": "LOW_ELEVATION_CONTEXT means <= AOI p25 elevation; it is not a flood extent." }, "geometry": { "type": "Polygon", "coordinates": [ [ [ 127.39025, 36.63 ], [ 127.39025, 36.633125 ], [ 127.387, 36.633125 ], [ 127.387, 36.63 ], [ 127.39025, 36.63 ] ] ] } },
{ "type": "Feature", "properties": { "grid_id": "dem-15-37", "mean_elevation_m": 81.83, "terrain_class": "TERRAIN_CONTEXT", "threshold_note": "LOW_ELEVATION_CONTEXT means <= AOI p25 elevation; it is not a flood extent." }, "geometry": { "type": "Polygon", "coordinates": [ [ [ 127.3935, 36.63 ], [ 127.3935, 36.633125 ], [ 127.39025, 36.633125 ], [ 127.39025, 36.63 ], [ 127.3935, 36.63 ] ] ] } },
{ "type": "Feature", "properties": { "grid_id": "dem-15-38", "mean_elevation_m": 92.41, "terrain_class": "TERRAIN_CONTEXT", "threshold_note": "LOW_ELEVATION_CONTEXT means <= AOI p25 elevation; it is not a flood extent." }, "geometry": { "type": "Polygon", "coordinates": [ [ [ 127.39675, 36.63 ], [ 127.39675, 36.633125 ], [ 127.3935, 36.633125 ], [ 127.3935, 36.63 ], [ 127.39675, 36.63 ] ] ] } },
{ "type": "Feature", "properties": { "grid_id": "dem-15-39", "mean_elevation_m": 96.01, "terrain_class": "TERRAIN_CONTEXT", "threshold_note": "LOW_ELEVATION_CONTEXT means <= AOI p25 elevation; it is not a flood extent." }, "geometry": { "type": "Polygon", "coordinates": [ [ [ 127.4, 36.63 ], [ 127.4, 36.633125 ], [ 127.39675, 36.633125 ], [ 127.39675, 36.63 ], [ 127.4, 36.63 ] ] ] } },
{ "type": "Feature", "properties": { "grid_id": "dem-16-00", "mean_elevation_m": 43.05, "terrain_class": "TERRAIN_CONTEXT", "threshold_note": "LOW_ELEVATION_CONTEXT means <= AOI p25 elevation; it is not a flood extent." }, "geometry": { "type": "Polygon", "coordinates": [ [ [ 127.27325, 36.626875 ], [ 127.27325, 36.63 ], [ 127.27, 36.63 ], [ 127.27, 36.626875 ], [ 127.27325, 36.626875 ] ] ] } },
{ "type": "Feature", "properties": { "grid_id": "dem-16-01", "mean_elevation_m": 75.57, "terrain_class": "TERRAIN_CONTEXT", "threshold_note": "LOW_ELEVATION_CONTEXT means <= AOI p25 elevation; it is not a flood extent." }, "geometry": { "type": "Polygon", "coordinates": [ [ [ 127.2765, 36.626875 ], [ 127.2765, 36.63 ], [ 127.27325, 36.63 ], [ 127.27325, 36.626875 ], [ 127.2765, 36.626875 ] ] ] } },
{ "type": "Feature", "properties": { "grid_id": "dem-16-02", "mean_elevation_m": 136.53, "terrain_class": "TERRAIN_CONTEXT", "threshold_note": "LOW_ELEVATION_CONTEXT means <= AOI p25 elevation; it is not a flood extent." }, "geometry": { "type": "Polygon", "coordinates": [ [ [ 127.27975, 36.626875 ], [ 127.27975, 36.63 ], [ 127.2765, 36.63 ], [ 127.2765, 36.626875 ], [ 127.27975, 36.626875 ] ] ] } },
{ "type": "Feature", "properties": { "grid_id": "dem-16-03", "mean_elevation_m": 124.45, "terrain_class": "TERRAIN_CONTEXT", "threshold_note": "LOW_ELEVATION_CONTEXT means <= AOI p25 elevation; it is not a flood extent." }, "geometry": { "type": "Polygon", "coordinates": [ [ [ 127.283, 36.626875 ], [ 127.283, 36.63 ], [ 127.27975, 36.63 ], [ 127.27975, 36.626875 ], [ 127.283, 36.626875 ] ] ] } },
{ "type": "Feature", "properties": { "grid_id": "dem-16-04", "mean_elevation_m": 61.84, "terrain_class": "TERRAIN_CONTEXT", "threshold_note": "LOW_ELEVATION_CONTEXT means <= AOI p25 elevation; it is not a flood extent." }, "geometry": { "type": "Polygon", "coordinates": [ [ [ 127.28625, 36.626875 ], [ 127.28625, 36.63 ], [ 127.283, 36.63 ], [ 127.283, 36.626875 ], [ 127.28625, 36.626875 ] ] ] } },
{ "type": "Feature", "properties": { "grid_id": "dem-16-05", "mean_elevation_m": 34.64, "terrain_class": "TERRAIN_CONTEXT", "threshold_note": "LOW_ELEVATION_CONTEXT means <= AOI p25 elevation; it is not a flood extent." }, "geometry": { "type": "Polygon", "coordinates": [ [ [ 127.2895, 36.626875 ], [ 127.2895, 36.63 ], [ 127.28625, 36.63 ], [ 127.28625, 36.626875 ], [ 127.2895, 36.626875 ] ] ] } },
{ "type": "Feature", "properties": { "grid_id": "dem-16-06", "mean_elevation_m": 31.04, "terrain_class": "TERRAIN_CONTEXT", "threshold_note": "LOW_ELEVATION_CONTEXT means <= AOI p25 elevation; it is not a flood extent." }, "geometry": { "type": "Polygon", "coordinates": [ [ [ 127.29275, 36.626875 ], [ 127.29275, 36.63 ], [ 127.2895, 36.63 ], [ 127.2895, 36.626875 ], [ 127.29275, 36.626875 ] ] ] } },
{ "type": "Feature", "properties": { "grid_id": "dem-16-07", "mean_elevation_m": 37.77, "terrain_class": "TERRAIN_CONTEXT", "threshold_note": "LOW_ELEVATION_CONTEXT means <= AOI p25 elevation; it is not a flood extent." }, "geometry": { "type": "Polygon", "coordinates": [ [ [ 127.296, 36.626875 ], [ 127.296, 36.63 ], [ 127.29275, 36.63 ], [ 127.29275, 36.626875 ], [ 127.296, 36.626875 ] ] ] } },
{ "type": "Feature", "properties": { "grid_id": "dem-16-08", "mean_elevation_m": 59.16, "terrain_class": "TERRAIN_CONTEXT", "threshold_note": "LOW_ELEVATION_CONTEXT means <= AOI p25 elevation; it is not a flood extent." }, "geometry": { "type": "Polygon", "coordinates": [ [ [ 127.29925, 36.626875 ], [ 127.29925, 36.63 ], [ 127.296, 36.63 ], [ 127.296, 36.626875 ], [ 127.29925, 36.626875 ] ] ] } },
{ "type": "Feature", "properties": { "grid_id": "dem-16-09", "mean_elevation_m": 76.91, "terrain_class": "TERRAIN_CONTEXT", "threshold_note": "LOW_ELEVATION_CONTEXT means <= AOI p25 elevation; it is not a flood extent." }, "geometry": { "type": "Polygon", "coordinates": [ [ [ 127.3025, 36.626875 ], [ 127.3025, 36.63 ], [ 127.29925, 36.63 ], [ 127.29925, 36.626875 ], [ 127.3025, 36.626875 ] ] ] } },
{ "type": "Feature", "properties": { "grid_id": "dem-16-10", "mean_elevation_m": 56.7, "terrain_class": "TERRAIN_CONTEXT", "threshold_note": "LOW_ELEVATION_CONTEXT means <= AOI p25 elevation; it is not a flood extent." }, "geometry": { "type": "Polygon", "coordinates": [ [ [ 127.30575, 36.626875 ], [ 127.30575, 36.63 ], [ 127.3025, 36.63 ], [ 127.3025, 36.626875 ], [ 127.30575, 36.626875 ] ] ] } },
{ "type": "Feature", "properties": { "grid_id": "dem-16-11", "mean_elevation_m": 67.96, "terrain_class": "TERRAIN_CONTEXT", "threshold_note": "LOW_ELEVATION_CONTEXT means <= AOI p25 elevation; it is not a flood extent." }, "geometry": { "type": "Polygon", "coordinates": [ [ [ 127.309, 36.626875 ], [ 127.309, 36.63 ], [ 127.30575, 36.63 ], [ 127.30575, 36.626875 ], [ 127.309, 36.626875 ] ] ] } },
{ "type": "Feature", "properties": { "grid_id": "dem-16-12", "mean_elevation_m": 75.77, "terrain_class": "TERRAIN_CONTEXT", "threshold_note": "LOW_ELEVATION_CONTEXT means <= AOI p25 elevation; it is not a flood extent." }, "geometry": { "type": "Polygon", "coordinates": [ [ [ 127.31225, 36.626875 ], [ 127.31225, 36.63 ], [ 127.309, 36.63 ], [ 127.309, 36.626875 ], [ 127.31225, 36.626875 ] ] ] } },
{ "type": "Feature", "properties": { "grid_id": "dem-16-13", "mean_elevation_m": 58.68, "terrain_class": "TERRAIN_CONTEXT", "threshold_note": "LOW_ELEVATION_CONTEXT means <= AOI p25 elevation; it is not a flood extent." }, "geometry": { "type": "Polygon", "coordinates": [ [ [ 127.3155, 36.626875 ], [ 127.3155, 36.63 ], [ 127.31225, 36.63 ], [ 127.31225, 36.626875 ], [ 127.3155, 36.626875 ] ] ] } },
{ "type": "Feature", "properties": { "grid_id": "dem-16-14", "mean_elevation_m": 45.63, "terrain_class": "TERRAIN_CONTEXT", "threshold_note": "LOW_ELEVATION_CONTEXT means <= AOI p25 elevation; it is not a flood extent." }, "geometry": { "type": "Polygon", "coordinates": [ [ [ 127.31875, 36.626875 ], [ 127.31875, 36.63 ], [ 127.3155, 36.63 ], [ 127.3155, 36.626875 ], [ 127.31875, 36.626875 ] ] ] } },
{ "type": "Feature", "properties": { "grid_id": "dem-16-15", "mean_elevation_m": 37.5, "terrain_class": "TERRAIN_CONTEXT", "threshold_note": "LOW_ELEVATION_CONTEXT means <= AOI p25 elevation; it is not a flood extent." }, "geometry": { "type": "Polygon", "coordinates": [ [ [ 127.322, 36.626875 ], [ 127.322, 36.63 ], [ 127.31875, 36.63 ], [ 127.31875, 36.626875 ], [ 127.322, 36.626875 ] ] ] } },
{ "type": "Feature", "properties": { "grid_id": "dem-16-16", "mean_elevation_m": 36.15, "terrain_class": "TERRAIN_CONTEXT", "threshold_note": "LOW_ELEVATION_CONTEXT means <= AOI p25 elevation; it is not a flood extent." }, "geometry": { "type": "Polygon", "coordinates": [ [ [ 127.32525, 36.626875 ], [ 127.32525, 36.63 ], [ 127.322, 36.63 ], [ 127.322, 36.626875 ], [ 127.32525, 36.626875 ] ] ] } },
{ "type": "Feature", "properties": { "grid_id": "dem-16-17", "mean_elevation_m": 37.22, "terrain_class": "TERRAIN_CONTEXT", "threshold_note": "LOW_ELEVATION_CONTEXT means <= AOI p25 elevation; it is not a flood extent." }, "geometry": { "type": "Polygon", "coordinates": [ [ [ 127.3285, 36.626875 ], [ 127.3285, 36.63 ], [ 127.32525, 36.63 ], [ 127.32525, 36.626875 ], [ 127.3285, 36.626875 ] ] ] } },
{ "type": "Feature", "properties": { "grid_id": "dem-16-18", "mean_elevation_m": 37.19, "terrain_class": "TERRAIN_CONTEXT", "threshold_note": "LOW_ELEVATION_CONTEXT means <= AOI p25 elevation; it is not a flood extent." }, "geometry": { "type": "Polygon", "coordinates": [ [ [ 127.33175, 36.626875 ], [ 127.33175, 36.63 ], [ 127.3285, 36.63 ], [ 127.3285, 36.626875 ], [ 127.33175, 36.626875 ] ] ] } },
{ "type": "Feature", "properties": { "grid_id": "dem-16-19", "mean_elevation_m": 32.78, "terrain_class": "TERRAIN_CONTEXT", "threshold_note": "LOW_ELEVATION_CONTEXT means <= AOI p25 elevation; it is not a flood extent." }, "geometry": { "type": "Polygon", "coordinates": [ [ [ 127.335, 36.626875 ], [ 127.335, 36.63 ], [ 127.33175, 36.63 ], [ 127.33175, 36.626875 ], [ 127.335, 36.626875 ] ] ] } },
{ "type": "Feature", "properties": { "grid_id": "dem-16-20", "mean_elevation_m": 29.75, "terrain_class": "LOW_ELEVATION_CONTEXT", "threshold_note": "LOW_ELEVATION_CONTEXT means <= AOI p25 elevation; it is not a flood extent." }, "geometry": { "type": "Polygon", "coordinates": [ [ [ 127.33825, 36.626875 ], [ 127.33825, 36.63 ], [ 127.335, 36.63 ], [ 127.335, 36.626875 ], [ 127.33825, 36.626875 ] ] ] } },
{ "type": "Feature", "properties": { "grid_id": "dem-16-21", "mean_elevation_m": 28.77, "terrain_class": "LOW_ELEVATION_CONTEXT", "threshold_note": "LOW_ELEVATION_CONTEXT means <= AOI p25 elevation; it is not a flood extent." }, "geometry": { "type": "Polygon", "coordinates": [ [ [ 127.3415, 36.626875 ], [ 127.3415, 36.63 ], [ 127.33825, 36.63 ], [ 127.33825, 36.626875 ], [ 127.3415, 36.626875 ] ] ] } },
{ "type": "Feature", "properties": { "grid_id": "dem-16-22", "mean_elevation_m": 27.41, "terrain_class": "LOW_ELEVATION_CONTEXT", "threshold_note": "LOW_ELEVATION_CONTEXT means <= AOI p25 elevation; it is not a flood extent." }, "geometry": { "type": "Polygon", "coordinates": [ [ [ 127.34475, 36.626875 ], [ 127.34475, 36.63 ], [ 127.3415, 36.63 ], [ 127.3415, 36.626875 ], [ 127.34475, 36.626875 ] ] ] } },
{ "type": "Feature", "properties": { "grid_id": "dem-16-23", "mean_elevation_m": 26.36, "terrain_class": "LOW_ELEVATION_CONTEXT", "threshold_note": "LOW_ELEVATION_CONTEXT means <= AOI p25 elevation; it is not a flood extent." }, "geometry": { "type": "Polygon", "coordinates": [ [ [ 127.348, 36.626875 ], [ 127.348, 36.63 ], [ 127.34475, 36.63 ], [ 127.34475, 36.626875 ], [ 127.348, 36.626875 ] ] ] } },
{ "type": "Feature", "properties": { "grid_id": "dem-16-24", "mean_elevation_m": 23.59, "terrain_class": "LOW_ELEVATION_CONTEXT", "threshold_note": "LOW_ELEVATION_CONTEXT means <= AOI p25 elevation; it is not a flood extent." }, "geometry": { "type": "Polygon", "coordinates": [ [ [ 127.35125, 36.626875 ], [ 127.35125, 36.63 ], [ 127.348, 36.63 ], [ 127.348, 36.626875 ], [ 127.35125, 36.626875 ] ] ] } },
{ "type": "Feature", "properties": { "grid_id": "dem-16-25", "mean_elevation_m": 22.68, "terrain_class": "LOW_ELEVATION_CONTEXT", "threshold_note": "LOW_ELEVATION_CONTEXT means <= AOI p25 elevation; it is not a flood extent." }, "geometry": { "type": "Polygon", "coordinates": [ [ [ 127.3545, 36.626875 ], [ 127.3545, 36.63 ], [ 127.35125, 36.63 ], [ 127.35125, 36.626875 ], [ 127.3545, 36.626875 ] ] ] } },
{ "type": "Feature", "properties": { "grid_id": "dem-16-26", "mean_elevation_m": 36.21, "terrain_class": "TERRAIN_CONTEXT", "threshold_note": "LOW_ELEVATION_CONTEXT means <= AOI p25 elevation; it is not a flood extent." }, "geometry": { "type": "Polygon", "coordinates": [ [ [ 127.35775, 36.626875 ], [ 127.35775, 36.63 ], [ 127.3545, 36.63 ], [ 127.3545, 36.626875 ], [ 127.35775, 36.626875 ] ] ] } },
{ "type": "Feature", "properties": { "grid_id": "dem-16-27", "mean_elevation_m": 29.62, "terrain_class": "LOW_ELEVATION_CONTEXT", "threshold_note": "LOW_ELEVATION_CONTEXT means <= AOI p25 elevation; it is not a flood extent." }, "geometry": { "type": "Polygon", "coordinates": [ [ [ 127.361, 36.626875 ], [ 127.361, 36.63 ], [ 127.35775, 36.63 ], [ 127.35775, 36.626875 ], [ 127.361, 36.626875 ] ] ] } },
{ "type": "Feature", "properties": { "grid_id": "dem-16-28", "mean_elevation_m": 30.83, "terrain_class": "TERRAIN_CONTEXT", "threshold_note": "LOW_ELEVATION_CONTEXT means <= AOI p25 elevation; it is not a flood extent." }, "geometry": { "type": "Polygon", "coordinates": [ [ [ 127.36425, 36.626875 ], [ 127.36425, 36.63 ], [ 127.361, 36.63 ], [ 127.361, 36.626875 ], [ 127.36425, 36.626875 ] ] ] } },
{ "type": "Feature", "properties": { "grid_id": "dem-16-29", "mean_elevation_m": 33.35, "terrain_class": "TERRAIN_CONTEXT", "threshold_note": "LOW_ELEVATION_CONTEXT means <= AOI p25 elevation; it is not a flood extent." }, "geometry": { "type": "Polygon", "coordinates": [ [ [ 127.3675, 36.626875 ], [ 127.3675, 36.63 ], [ 127.36425, 36.63 ], [ 127.36425, 36.626875 ], [ 127.3675, 36.626875 ] ] ] } },
{ "type": "Feature", "properties": { "grid_id": "dem-16-30", "mean_elevation_m": 34.89, "terrain_class": "TERRAIN_CONTEXT", "threshold_note": "LOW_ELEVATION_CONTEXT means <= AOI p25 elevation; it is not a flood extent." }, "geometry": { "type": "Polygon", "coordinates": [ [ [ 127.37075, 36.626875 ], [ 127.37075, 36.63 ], [ 127.3675, 36.63 ], [ 127.3675, 36.626875 ], [ 127.37075, 36.626875 ] ] ] } },
{ "type": "Feature", "properties": { "grid_id": "dem-16-31", "mean_elevation_m": 35.46, "terrain_class": "TERRAIN_CONTEXT", "threshold_note": "LOW_ELEVATION_CONTEXT means <= AOI p25 elevation; it is not a flood extent." }, "geometry": { "type": "Polygon", "coordinates": [ [ [ 127.374, 36.626875 ], [ 127.374, 36.63 ], [ 127.37075, 36.63 ], [ 127.37075, 36.626875 ], [ 127.374, 36.626875 ] ] ] } },
{ "type": "Feature", "properties": { "grid_id": "dem-16-32", "mean_elevation_m": 37.78, "terrain_class": "TERRAIN_CONTEXT", "threshold_note": "LOW_ELEVATION_CONTEXT means <= AOI p25 elevation; it is not a flood extent." }, "geometry": { "type": "Polygon", "coordinates": [ [ [ 127.37725, 36.626875 ], [ 127.37725, 36.63 ], [ 127.374, 36.63 ], [ 127.374, 36.626875 ], [ 127.37725, 36.626875 ] ] ] } },
{ "type": "Feature", "properties": { "grid_id": "dem-16-33", "mean_elevation_m": 43.24, "terrain_class": "TERRAIN_CONTEXT", "threshold_note": "LOW_ELEVATION_CONTEXT means <= AOI p25 elevation; it is not a flood extent." }, "geometry": { "type": "Polygon", "coordinates": [ [ [ 127.3805, 36.626875 ], [ 127.3805, 36.63 ], [ 127.37725, 36.63 ], [ 127.37725, 36.626875 ], [ 127.3805, 36.626875 ] ] ] } },
{ "type": "Feature", "properties": { "grid_id": "dem-16-34", "mean_elevation_m": 43.94, "terrain_class": "TERRAIN_CONTEXT", "threshold_note": "LOW_ELEVATION_CONTEXT means <= AOI p25 elevation; it is not a flood extent." }, "geometry": { "type": "Polygon", "coordinates": [ [ [ 127.38375, 36.626875 ], [ 127.38375, 36.63 ], [ 127.3805, 36.63 ], [ 127.3805, 36.626875 ], [ 127.38375, 36.626875 ] ] ] } },
{ "type": "Feature", "properties": { "grid_id": "dem-16-35", "mean_elevation_m": 50.13, "terrain_class": "TERRAIN_CONTEXT", "threshold_note": "LOW_ELEVATION_CONTEXT means <= AOI p25 elevation; it is not a flood extent." }, "geometry": { "type": "Polygon", "coordinates": [ [ [ 127.387, 36.626875 ], [ 127.387, 36.63 ], [ 127.38375, 36.63 ], [ 127.38375, 36.626875 ], [ 127.387, 36.626875 ] ] ] } },
{ "type": "Feature", "properties": { "grid_id": "dem-16-36", "mean_elevation_m": 63.82, "terrain_class": "TERRAIN_CONTEXT", "threshold_note": "LOW_ELEVATION_CONTEXT means <= AOI p25 elevation; it is not a flood extent." }, "geometry": { "type": "Polygon", "coordinates": [ [ [ 127.39025, 36.626875 ], [ 127.39025, 36.63 ], [ 127.387, 36.63 ], [ 127.387, 36.626875 ], [ 127.39025, 36.626875 ] ] ] } },
{ "type": "Feature", "properties": { "grid_id": "dem-16-37", "mean_elevation_m": 75.63, "terrain_class": "TERRAIN_CONTEXT", "threshold_note": "LOW_ELEVATION_CONTEXT means <= AOI p25 elevation; it is not a flood extent." }, "geometry": { "type": "Polygon", "coordinates": [ [ [ 127.3935, 36.626875 ], [ 127.3935, 36.63 ], [ 127.39025, 36.63 ], [ 127.39025, 36.626875 ], [ 127.3935, 36.626875 ] ] ] } },
{ "type": "Feature", "properties": { "grid_id": "dem-16-38", "mean_elevation_m": 90.24, "terrain_class": "TERRAIN_CONTEXT", "threshold_note": "LOW_ELEVATION_CONTEXT means <= AOI p25 elevation; it is not a flood extent." }, "geometry": { "type": "Polygon", "coordinates": [ [ [ 127.39675, 36.626875 ], [ 127.39675, 36.63 ], [ 127.3935, 36.63 ], [ 127.3935, 36.626875 ], [ 127.39675, 36.626875 ] ] ] } },
{ "type": "Feature", "properties": { "grid_id": "dem-16-39", "mean_elevation_m": 119.55, "terrain_class": "TERRAIN_CONTEXT", "threshold_note": "LOW_ELEVATION_CONTEXT means <= AOI p25 elevation; it is not a flood extent." }, "geometry": { "type": "Polygon", "coordinates": [ [ [ 127.4, 36.626875 ], [ 127.4, 36.63 ], [ 127.39675, 36.63 ], [ 127.39675, 36.626875 ], [ 127.4, 36.626875 ] ] ] } },
{ "type": "Feature", "properties": { "grid_id": "dem-17-00", "mean_elevation_m": 72.15, "terrain_class": "TERRAIN_CONTEXT", "threshold_note": "LOW_ELEVATION_CONTEXT means <= AOI p25 elevation; it is not a flood extent." }, "geometry": { "type": "Polygon", "coordinates": [ [ [ 127.27325, 36.62375 ], [ 127.27325, 36.626875 ], [ 127.27, 36.626875 ], [ 127.27, 36.62375 ], [ 127.27325, 36.62375 ] ] ] } },
{ "type": "Feature", "properties": { "grid_id": "dem-17-01", "mean_elevation_m": 130.22, "terrain_class": "TERRAIN_CONTEXT", "threshold_note": "LOW_ELEVATION_CONTEXT means <= AOI p25 elevation; it is not a flood extent." }, "geometry": { "type": "Polygon", "coordinates": [ [ [ 127.2765, 36.62375 ], [ 127.2765, 36.626875 ], [ 127.27325, 36.626875 ], [ 127.27325, 36.62375 ], [ 127.2765, 36.62375 ] ] ] } },
{ "type": "Feature", "properties": { "grid_id": "dem-17-02", "mean_elevation_m": 131.86, "terrain_class": "TERRAIN_CONTEXT", "threshold_note": "LOW_ELEVATION_CONTEXT means <= AOI p25 elevation; it is not a flood extent." }, "geometry": { "type": "Polygon", "coordinates": [ [ [ 127.27975, 36.62375 ], [ 127.27975, 36.626875 ], [ 127.2765, 36.626875 ], [ 127.2765, 36.62375 ], [ 127.27975, 36.62375 ] ] ] } },
{ "type": "Feature", "properties": { "grid_id": "dem-17-03", "mean_elevation_m": 115.67, "terrain_class": "TERRAIN_CONTEXT", "threshold_note": "LOW_ELEVATION_CONTEXT means <= AOI p25 elevation; it is not a flood extent." }, "geometry": { "type": "Polygon", "coordinates": [ [ [ 127.283, 36.62375 ], [ 127.283, 36.626875 ], [ 127.27975, 36.626875 ], [ 127.27975, 36.62375 ], [ 127.283, 36.62375 ] ] ] } },
{ "type": "Feature", "properties": { "grid_id": "dem-17-04", "mean_elevation_m": 80.58, "terrain_class": "TERRAIN_CONTEXT", "threshold_note": "LOW_ELEVATION_CONTEXT means <= AOI p25 elevation; it is not a flood extent." }, "geometry": { "type": "Polygon", "coordinates": [ [ [ 127.28625, 36.62375 ], [ 127.28625, 36.626875 ], [ 127.283, 36.626875 ], [ 127.283, 36.62375 ], [ 127.28625, 36.62375 ] ] ] } },
{ "type": "Feature", "properties": { "grid_id": "dem-17-05", "mean_elevation_m": 48.64, "terrain_class": "TERRAIN_CONTEXT", "threshold_note": "LOW_ELEVATION_CONTEXT means <= AOI p25 elevation; it is not a flood extent." }, "geometry": { "type": "Polygon", "coordinates": [ [ [ 127.2895, 36.62375 ], [ 127.2895, 36.626875 ], [ 127.28625, 36.626875 ], [ 127.28625, 36.62375 ], [ 127.2895, 36.62375 ] ] ] } },
{ "type": "Feature", "properties": { "grid_id": "dem-17-06", "mean_elevation_m": 37.84, "terrain_class": "TERRAIN_CONTEXT", "threshold_note": "LOW_ELEVATION_CONTEXT means <= AOI p25 elevation; it is not a flood extent." }, "geometry": { "type": "Polygon", "coordinates": [ [ [ 127.29275, 36.62375 ], [ 127.29275, 36.626875 ], [ 127.2895, 36.626875 ], [ 127.2895, 36.62375 ], [ 127.29275, 36.62375 ] ] ] } },
{ "type": "Feature", "properties": { "grid_id": "dem-17-07", "mean_elevation_m": 29.81, "terrain_class": "LOW_ELEVATION_CONTEXT", "threshold_note": "LOW_ELEVATION_CONTEXT means <= AOI p25 elevation; it is not a flood extent." }, "geometry": { "type": "Polygon", "coordinates": [ [ [ 127.296, 36.62375 ], [ 127.296, 36.626875 ], [ 127.29275, 36.626875 ], [ 127.29275, 36.62375 ], [ 127.296, 36.62375 ] ] ] } },
{ "type": "Feature", "properties": { "grid_id": "dem-17-08", "mean_elevation_m": 33.2, "terrain_class": "TERRAIN_CONTEXT", "threshold_note": "LOW_ELEVATION_CONTEXT means <= AOI p25 elevation; it is not a flood extent." }, "geometry": { "type": "Polygon", "coordinates": [ [ [ 127.29925, 36.62375 ], [ 127.29925, 36.626875 ], [ 127.296, 36.626875 ], [ 127.296, 36.62375 ], [ 127.29925, 36.62375 ] ] ] } },
{ "type": "Feature", "properties": { "grid_id": "dem-17-09", "mean_elevation_m": 60.74, "terrain_class": "TERRAIN_CONTEXT", "threshold_note": "LOW_ELEVATION_CONTEXT means <= AOI p25 elevation; it is not a flood extent." }, "geometry": { "type": "Polygon", "coordinates": [ [ [ 127.3025, 36.62375 ], [ 127.3025, 36.626875 ], [ 127.29925, 36.626875 ], [ 127.29925, 36.62375 ], [ 127.3025, 36.62375 ] ] ] } },
{ "type": "Feature", "properties": { "grid_id": "dem-17-10", "mean_elevation_m": 46.17, "terrain_class": "TERRAIN_CONTEXT", "threshold_note": "LOW_ELEVATION_CONTEXT means <= AOI p25 elevation; it is not a flood extent." }, "geometry": { "type": "Polygon", "coordinates": [ [ [ 127.30575, 36.62375 ], [ 127.30575, 36.626875 ], [ 127.3025, 36.626875 ], [ 127.3025, 36.62375 ], [ 127.30575, 36.62375 ] ] ] } },
{ "type": "Feature", "properties": { "grid_id": "dem-17-11", "mean_elevation_m": 60.91, "terrain_class": "TERRAIN_CONTEXT", "threshold_note": "LOW_ELEVATION_CONTEXT means <= AOI p25 elevation; it is not a flood extent." }, "geometry": { "type": "Polygon", "coordinates": [ [ [ 127.309, 36.62375 ], [ 127.309, 36.626875 ], [ 127.30575, 36.626875 ], [ 127.30575, 36.62375 ], [ 127.309, 36.62375 ] ] ] } },
{ "type": "Feature", "properties": { "grid_id": "dem-17-12", "mean_elevation_m": 69.03, "terrain_class": "TERRAIN_CONTEXT", "threshold_note": "LOW_ELEVATION_CONTEXT means <= AOI p25 elevation; it is not a flood extent." }, "geometry": { "type": "Polygon", "coordinates": [ [ [ 127.31225, 36.62375 ], [ 127.31225, 36.626875 ], [ 127.309, 36.626875 ], [ 127.309, 36.62375 ], [ 127.31225, 36.62375 ] ] ] } },
{ "type": "Feature", "properties": { "grid_id": "dem-17-13", "mean_elevation_m": 75.05, "terrain_class": "TERRAIN_CONTEXT", "threshold_note": "LOW_ELEVATION_CONTEXT means <= AOI p25 elevation; it is not a flood extent." }, "geometry": { "type": "Polygon", "coordinates": [ [ [ 127.3155, 36.62375 ], [ 127.3155, 36.626875 ], [ 127.31225, 36.626875 ], [ 127.31225, 36.62375 ], [ 127.3155, 36.62375 ] ] ] } },
{ "type": "Feature", "properties": { "grid_id": "dem-17-14", "mean_elevation_m": 52.87, "terrain_class": "TERRAIN_CONTEXT", "threshold_note": "LOW_ELEVATION_CONTEXT means <= AOI p25 elevation; it is not a flood extent." }, "geometry": { "type": "Polygon", "coordinates": [ [ [ 127.31875, 36.62375 ], [ 127.31875, 36.626875 ], [ 127.3155, 36.626875 ], [ 127.3155, 36.62375 ], [ 127.31875, 36.62375 ] ] ] } },
{ "type": "Feature", "properties": { "grid_id": "dem-17-15", "mean_elevation_m": 53.93, "terrain_class": "TERRAIN_CONTEXT", "threshold_note": "LOW_ELEVATION_CONTEXT means <= AOI p25 elevation; it is not a flood extent." }, "geometry": { "type": "Polygon", "coordinates": [ [ [ 127.322, 36.62375 ], [ 127.322, 36.626875 ], [ 127.31875, 36.626875 ], [ 127.31875, 36.62375 ], [ 127.322, 36.62375 ] ] ] } },
{ "type": "Feature", "properties": { "grid_id": "dem-17-16", "mean_elevation_m": 42.72, "terrain_class": "TERRAIN_CONTEXT", "threshold_note": "LOW_ELEVATION_CONTEXT means <= AOI p25 elevation; it is not a flood extent." }, "geometry": { "type": "Polygon", "coordinates": [ [ [ 127.32525, 36.62375 ], [ 127.32525, 36.626875 ], [ 127.322, 36.626875 ], [ 127.322, 36.62375 ], [ 127.32525, 36.62375 ] ] ] } },
{ "type": "Feature", "properties": { "grid_id": "dem-17-17", "mean_elevation_m": 36.54, "terrain_class": "TERRAIN_CONTEXT", "threshold_note": "LOW_ELEVATION_CONTEXT means <= AOI p25 elevation; it is not a flood extent." }, "geometry": { "type": "Polygon", "coordinates": [ [ [ 127.3285, 36.62375 ], [ 127.3285, 36.626875 ], [ 127.32525, 36.626875 ], [ 127.32525, 36.62375 ], [ 127.3285, 36.62375 ] ] ] } },
{ "type": "Feature", "properties": { "grid_id": "dem-17-18", "mean_elevation_m": 32.95, "terrain_class": "TERRAIN_CONTEXT", "threshold_note": "LOW_ELEVATION_CONTEXT means <= AOI p25 elevation; it is not a flood extent." }, "geometry": { "type": "Polygon", "coordinates": [ [ [ 127.33175, 36.62375 ], [ 127.33175, 36.626875 ], [ 127.3285, 36.626875 ], [ 127.3285, 36.62375 ], [ 127.33175, 36.62375 ] ] ] } },
{ "type": "Feature", "properties": { "grid_id": "dem-17-19", "mean_elevation_m": 30.27, "terrain_class": "TERRAIN_CONTEXT", "threshold_note": "LOW_ELEVATION_CONTEXT means <= AOI p25 elevation; it is not a flood extent." }, "geometry": { "type": "Polygon", "coordinates": [ [ [ 127.335, 36.62375 ], [ 127.335, 36.626875 ], [ 127.33175, 36.626875 ], [ 127.33175, 36.62375 ], [ 127.335, 36.62375 ] ] ] } },
{ "type": "Feature", "properties": { "grid_id": "dem-17-20", "mean_elevation_m": 28.35, "terrain_class": "LOW_ELEVATION_CONTEXT", "threshold_note": "LOW_ELEVATION_CONTEXT means <= AOI p25 elevation; it is not a flood extent." }, "geometry": { "type": "Polygon", "coordinates": [ [ [ 127.33825, 36.62375 ], [ 127.33825, 36.626875 ], [ 127.335, 36.626875 ], [ 127.335, 36.62375 ], [ 127.33825, 36.62375 ] ] ] } },
{ "type": "Feature", "properties": { "grid_id": "dem-17-21", "mean_elevation_m": 26.38, "terrain_class": "LOW_ELEVATION_CONTEXT", "threshold_note": "LOW_ELEVATION_CONTEXT means <= AOI p25 elevation; it is not a flood extent." }, "geometry": { "type": "Polygon", "coordinates": [ [ [ 127.3415, 36.62375 ], [ 127.3415, 36.626875 ], [ 127.33825, 36.626875 ], [ 127.33825, 36.62375 ], [ 127.3415, 36.62375 ] ] ] } },
{ "type": "Feature", "properties": { "grid_id": "dem-17-22", "mean_elevation_m": 26.1, "terrain_class": "LOW_ELEVATION_CONTEXT", "threshold_note": "LOW_ELEVATION_CONTEXT means <= AOI p25 elevation; it is not a flood extent." }, "geometry": { "type": "Polygon", "coordinates": [ [ [ 127.34475, 36.62375 ], [ 127.34475, 36.626875 ], [ 127.3415, 36.626875 ], [ 127.3415, 36.62375 ], [ 127.34475, 36.62375 ] ] ] } },
{ "type": "Feature", "properties": { "grid_id": "dem-17-23", "mean_elevation_m": 25.9, "terrain_class": "LOW_ELEVATION_CONTEXT", "threshold_note": "LOW_ELEVATION_CONTEXT means <= AOI p25 elevation; it is not a flood extent." }, "geometry": { "type": "Polygon", "coordinates": [ [ [ 127.348, 36.62375 ], [ 127.348, 36.626875 ], [ 127.34475, 36.626875 ], [ 127.34475, 36.62375 ], [ 127.348, 36.62375 ] ] ] } },
{ "type": "Feature", "properties": { "grid_id": "dem-17-24", "mean_elevation_m": 24.57, "terrain_class": "LOW_ELEVATION_CONTEXT", "threshold_note": "LOW_ELEVATION_CONTEXT means <= AOI p25 elevation; it is not a flood extent." }, "geometry": { "type": "Polygon", "coordinates": [ [ [ 127.35125, 36.62375 ], [ 127.35125, 36.626875 ], [ 127.348, 36.626875 ], [ 127.348, 36.62375 ], [ 127.35125, 36.62375 ] ] ] } },
{ "type": "Feature", "properties": { "grid_id": "dem-17-25", "mean_elevation_m": 23.66, "terrain_class": "LOW_ELEVATION_CONTEXT", "threshold_note": "LOW_ELEVATION_CONTEXT means <= AOI p25 elevation; it is not a flood extent." }, "geometry": { "type": "Polygon", "coordinates": [ [ [ 127.3545, 36.62375 ], [ 127.3545, 36.626875 ], [ 127.35125, 36.626875 ], [ 127.35125, 36.62375 ], [ 127.3545, 36.62375 ] ] ] } },
{ "type": "Feature", "properties": { "grid_id": "dem-17-26", "mean_elevation_m": 26.7, "terrain_class": "LOW_ELEVATION_CONTEXT", "threshold_note": "LOW_ELEVATION_CONTEXT means <= AOI p25 elevation; it is not a flood extent." }, "geometry": { "type": "Polygon", "coordinates": [ [ [ 127.35775, 36.62375 ], [ 127.35775, 36.626875 ], [ 127.3545, 36.626875 ], [ 127.3545, 36.62375 ], [ 127.35775, 36.62375 ] ] ] } },
{ "type": "Feature", "properties": { "grid_id": "dem-17-27", "mean_elevation_m": 26.98, "terrain_class": "LOW_ELEVATION_CONTEXT", "threshold_note": "LOW_ELEVATION_CONTEXT means <= AOI p25 elevation; it is not a flood extent." }, "geometry": { "type": "Polygon", "coordinates": [ [ [ 127.361, 36.62375 ], [ 127.361, 36.626875 ], [ 127.35775, 36.626875 ], [ 127.35775, 36.62375 ], [ 127.361, 36.62375 ] ] ] } },
{ "type": "Feature", "properties": { "grid_id": "dem-17-28", "mean_elevation_m": 29.07, "terrain_class": "LOW_ELEVATION_CONTEXT", "threshold_note": "LOW_ELEVATION_CONTEXT means <= AOI p25 elevation; it is not a flood extent." }, "geometry": { "type": "Polygon", "coordinates": [ [ [ 127.36425, 36.62375 ], [ 127.36425, 36.626875 ], [ 127.361, 36.626875 ], [ 127.361, 36.62375 ], [ 127.36425, 36.62375 ] ] ] } },
{ "type": "Feature", "properties": { "grid_id": "dem-17-29", "mean_elevation_m": 30.03, "terrain_class": "LOW_ELEVATION_CONTEXT", "threshold_note": "LOW_ELEVATION_CONTEXT means <= AOI p25 elevation; it is not a flood extent." }, "geometry": { "type": "Polygon", "coordinates": [ [ [ 127.3675, 36.62375 ], [ 127.3675, 36.626875 ], [ 127.36425, 36.626875 ], [ 127.36425, 36.62375 ], [ 127.3675, 36.62375 ] ] ] } },
{ "type": "Feature", "properties": { "grid_id": "dem-17-30", "mean_elevation_m": 30.52, "terrain_class": "TERRAIN_CONTEXT", "threshold_note": "LOW_ELEVATION_CONTEXT means <= AOI p25 elevation; it is not a flood extent." }, "geometry": { "type": "Polygon", "coordinates": [ [ [ 127.37075, 36.62375 ], [ 127.37075, 36.626875 ], [ 127.3675, 36.626875 ], [ 127.3675, 36.62375 ], [ 127.37075, 36.62375 ] ] ] } },
{ "type": "Feature", "properties": { "grid_id": "dem-17-31", "mean_elevation_m": 31.42, "terrain_class": "TERRAIN_CONTEXT", "threshold_note": "LOW_ELEVATION_CONTEXT means <= AOI p25 elevation; it is not a flood extent." }, "geometry": { "type": "Polygon", "coordinates": [ [ [ 127.374, 36.62375 ], [ 127.374, 36.626875 ], [ 127.37075, 36.626875 ], [ 127.37075, 36.62375 ], [ 127.374, 36.62375 ] ] ] } },
{ "type": "Feature", "properties": { "grid_id": "dem-17-32", "mean_elevation_m": 31.2, "terrain_class": "TERRAIN_CONTEXT", "threshold_note": "LOW_ELEVATION_CONTEXT means <= AOI p25 elevation; it is not a flood extent." }, "geometry": { "type": "Polygon", "coordinates": [ [ [ 127.37725, 36.62375 ], [ 127.37725, 36.626875 ], [ 127.374, 36.626875 ], [ 127.374, 36.62375 ], [ 127.37725, 36.62375 ] ] ] } },
{ "type": "Feature", "properties": { "grid_id": "dem-17-33", "mean_elevation_m": 35.89, "terrain_class": "TERRAIN_CONTEXT", "threshold_note": "LOW_ELEVATION_CONTEXT means <= AOI p25 elevation; it is not a flood extent." }, "geometry": { "type": "Polygon", "coordinates": [ [ [ 127.3805, 36.62375 ], [ 127.3805, 36.626875 ], [ 127.37725, 36.626875 ], [ 127.37725, 36.62375 ], [ 127.3805, 36.62375 ] ] ] } },
{ "type": "Feature", "properties": { "grid_id": "dem-17-34", "mean_elevation_m": 43.0, "terrain_class": "TERRAIN_CONTEXT", "threshold_note": "LOW_ELEVATION_CONTEXT means <= AOI p25 elevation; it is not a flood extent." }, "geometry": { "type": "Polygon", "coordinates": [ [ [ 127.38375, 36.62375 ], [ 127.38375, 36.626875 ], [ 127.3805, 36.626875 ], [ 127.3805, 36.62375 ], [ 127.38375, 36.62375 ] ] ] } },
{ "type": "Feature", "properties": { "grid_id": "dem-17-35", "mean_elevation_m": 80.13, "terrain_class": "TERRAIN_CONTEXT", "threshold_note": "LOW_ELEVATION_CONTEXT means <= AOI p25 elevation; it is not a flood extent." }, "geometry": { "type": "Polygon", "coordinates": [ [ [ 127.387, 36.62375 ], [ 127.387, 36.626875 ], [ 127.38375, 36.626875 ], [ 127.38375, 36.62375 ], [ 127.387, 36.62375 ] ] ] } },
{ "type": "Feature", "properties": { "grid_id": "dem-17-36", "mean_elevation_m": 117.01, "terrain_class": "TERRAIN_CONTEXT", "threshold_note": "LOW_ELEVATION_CONTEXT means <= AOI p25 elevation; it is not a flood extent." }, "geometry": { "type": "Polygon", "coordinates": [ [ [ 127.39025, 36.62375 ], [ 127.39025, 36.626875 ], [ 127.387, 36.626875 ], [ 127.387, 36.62375 ], [ 127.39025, 36.62375 ] ] ] } },
{ "type": "Feature", "properties": { "grid_id": "dem-17-37", "mean_elevation_m": 116.05, "terrain_class": "TERRAIN_CONTEXT", "threshold_note": "LOW_ELEVATION_CONTEXT means <= AOI p25 elevation; it is not a flood extent." }, "geometry": { "type": "Polygon", "coordinates": [ [ [ 127.3935, 36.62375 ], [ 127.3935, 36.626875 ], [ 127.39025, 36.626875 ], [ 127.39025, 36.62375 ], [ 127.3935, 36.62375 ] ] ] } },
{ "type": "Feature", "properties": { "grid_id": "dem-17-38", "mean_elevation_m": 97.7, "terrain_class": "TERRAIN_CONTEXT", "threshold_note": "LOW_ELEVATION_CONTEXT means <= AOI p25 elevation; it is not a flood extent." }, "geometry": { "type": "Polygon", "coordinates": [ [ [ 127.39675, 36.62375 ], [ 127.39675, 36.626875 ], [ 127.3935, 36.626875 ], [ 127.3935, 36.62375 ], [ 127.39675, 36.62375 ] ] ] } },
{ "type": "Feature", "properties": { "grid_id": "dem-17-39", "mean_elevation_m": 109.42, "terrain_class": "TERRAIN_CONTEXT", "threshold_note": "LOW_ELEVATION_CONTEXT means <= AOI p25 elevation; it is not a flood extent." }, "geometry": { "type": "Polygon", "coordinates": [ [ [ 127.4, 36.62375 ], [ 127.4, 36.626875 ], [ 127.39675, 36.626875 ], [ 127.39675, 36.62375 ], [ 127.4, 36.62375 ] ] ] } },
{ "type": "Feature", "properties": { "grid_id": "dem-18-00", "mean_elevation_m": 121.87, "terrain_class": "TERRAIN_CONTEXT", "threshold_note": "LOW_ELEVATION_CONTEXT means <= AOI p25 elevation; it is not a flood extent." }, "geometry": { "type": "Polygon", "coordinates": [ [ [ 127.27325, 36.620625 ], [ 127.27325, 36.62375 ], [ 127.27, 36.62375 ], [ 127.27, 36.620625 ], [ 127.27325, 36.620625 ] ] ] } },
{ "type": "Feature", "properties": { "grid_id": "dem-18-01", "mean_elevation_m": 178.15, "terrain_class": "TERRAIN_CONTEXT", "threshold_note": "LOW_ELEVATION_CONTEXT means <= AOI p25 elevation; it is not a flood extent." }, "geometry": { "type": "Polygon", "coordinates": [ [ [ 127.2765, 36.620625 ], [ 127.2765, 36.62375 ], [ 127.27325, 36.62375 ], [ 127.27325, 36.620625 ], [ 127.2765, 36.620625 ] ] ] } },
{ "type": "Feature", "properties": { "grid_id": "dem-18-02", "mean_elevation_m": 131.02, "terrain_class": "TERRAIN_CONTEXT", "threshold_note": "LOW_ELEVATION_CONTEXT means <= AOI p25 elevation; it is not a flood extent." }, "geometry": { "type": "Polygon", "coordinates": [ [ [ 127.27975, 36.620625 ], [ 127.27975, 36.62375 ], [ 127.2765, 36.62375 ], [ 127.2765, 36.620625 ], [ 127.27975, 36.620625 ] ] ] } },
{ "type": "Feature", "properties": { "grid_id": "dem-18-03", "mean_elevation_m": 86.05, "terrain_class": "TERRAIN_CONTEXT", "threshold_note": "LOW_ELEVATION_CONTEXT means <= AOI p25 elevation; it is not a flood extent." }, "geometry": { "type": "Polygon", "coordinates": [ [ [ 127.283, 36.620625 ], [ 127.283, 36.62375 ], [ 127.27975, 36.62375 ], [ 127.27975, 36.620625 ], [ 127.283, 36.620625 ] ] ] } },
{ "type": "Feature", "properties": { "grid_id": "dem-18-04", "mean_elevation_m": 88.89, "terrain_class": "TERRAIN_CONTEXT", "threshold_note": "LOW_ELEVATION_CONTEXT means <= AOI p25 elevation; it is not a flood extent." }, "geometry": { "type": "Polygon", "coordinates": [ [ [ 127.28625, 36.620625 ], [ 127.28625, 36.62375 ], [ 127.283, 36.62375 ], [ 127.283, 36.620625 ], [ 127.28625, 36.620625 ] ] ] } },
{ "type": "Feature", "properties": { "grid_id": "dem-18-05", "mean_elevation_m": 61.44, "terrain_class": "TERRAIN_CONTEXT", "threshold_note": "LOW_ELEVATION_CONTEXT means <= AOI p25 elevation; it is not a flood extent." }, "geometry": { "type": "Polygon", "coordinates": [ [ [ 127.2895, 36.620625 ], [ 127.2895, 36.62375 ], [ 127.28625, 36.62375 ], [ 127.28625, 36.620625 ], [ 127.2895, 36.620625 ] ] ] } },
{ "type": "Feature", "properties": { "grid_id": "dem-18-06", "mean_elevation_m": 33.3, "terrain_class": "TERRAIN_CONTEXT", "threshold_note": "LOW_ELEVATION_CONTEXT means <= AOI p25 elevation; it is not a flood extent." }, "geometry": { "type": "Polygon", "coordinates": [ [ [ 127.29275, 36.620625 ], [ 127.29275, 36.62375 ], [ 127.2895, 36.62375 ], [ 127.2895, 36.620625 ], [ 127.29275, 36.620625 ] ] ] } },
{ "type": "Feature", "properties": { "grid_id": "dem-18-07", "mean_elevation_m": 28.16, "terrain_class": "LOW_ELEVATION_CONTEXT", "threshold_note": "LOW_ELEVATION_CONTEXT means <= AOI p25 elevation; it is not a flood extent." }, "geometry": { "type": "Polygon", "coordinates": [ [ [ 127.296, 36.620625 ], [ 127.296, 36.62375 ], [ 127.29275, 36.62375 ], [ 127.29275, 36.620625 ], [ 127.296, 36.620625 ] ] ] } },
{ "type": "Feature", "properties": { "grid_id": "dem-18-08", "mean_elevation_m": 33.91, "terrain_class": "TERRAIN_CONTEXT", "threshold_note": "LOW_ELEVATION_CONTEXT means <= AOI p25 elevation; it is not a flood extent." }, "geometry": { "type": "Polygon", "coordinates": [ [ [ 127.29925, 36.620625 ], [ 127.29925, 36.62375 ], [ 127.296, 36.62375 ], [ 127.296, 36.620625 ], [ 127.29925, 36.620625 ] ] ] } },
{ "type": "Feature", "properties": { "grid_id": "dem-18-09", "mean_elevation_m": 53.65, "terrain_class": "TERRAIN_CONTEXT", "threshold_note": "LOW_ELEVATION_CONTEXT means <= AOI p25 elevation; it is not a flood extent." }, "geometry": { "type": "Polygon", "coordinates": [ [ [ 127.3025, 36.620625 ], [ 127.3025, 36.62375 ], [ 127.29925, 36.62375 ], [ 127.29925, 36.620625 ], [ 127.3025, 36.620625 ] ] ] } },
{ "type": "Feature", "properties": { "grid_id": "dem-18-10", "mean_elevation_m": 48.13, "terrain_class": "TERRAIN_CONTEXT", "threshold_note": "LOW_ELEVATION_CONTEXT means <= AOI p25 elevation; it is not a flood extent." }, "geometry": { "type": "Polygon", "coordinates": [ [ [ 127.30575, 36.620625 ], [ 127.30575, 36.62375 ], [ 127.3025, 36.62375 ], [ 127.3025, 36.620625 ], [ 127.30575, 36.620625 ] ] ] } },
{ "type": "Feature", "properties": { "grid_id": "dem-18-11", "mean_elevation_m": 44.2, "terrain_class": "TERRAIN_CONTEXT", "threshold_note": "LOW_ELEVATION_CONTEXT means <= AOI p25 elevation; it is not a flood extent." }, "geometry": { "type": "Polygon", "coordinates": [ [ [ 127.309, 36.620625 ], [ 127.309, 36.62375 ], [ 127.30575, 36.62375 ], [ 127.30575, 36.620625 ], [ 127.309, 36.620625 ] ] ] } },
{ "type": "Feature", "properties": { "grid_id": "dem-18-12", "mean_elevation_m": 59.07, "terrain_class": "TERRAIN_CONTEXT", "threshold_note": "LOW_ELEVATION_CONTEXT means <= AOI p25 elevation; it is not a flood extent." }, "geometry": { "type": "Polygon", "coordinates": [ [ [ 127.31225, 36.620625 ], [ 127.31225, 36.62375 ], [ 127.309, 36.62375 ], [ 127.309, 36.620625 ], [ 127.31225, 36.620625 ] ] ] } },
{ "type": "Feature", "properties": { "grid_id": "dem-18-13", "mean_elevation_m": 53.47, "terrain_class": "TERRAIN_CONTEXT", "threshold_note": "LOW_ELEVATION_CONTEXT means <= AOI p25 elevation; it is not a flood extent." }, "geometry": { "type": "Polygon", "coordinates": [ [ [ 127.3155, 36.620625 ], [ 127.3155, 36.62375 ], [ 127.31225, 36.62375 ], [ 127.31225, 36.620625 ], [ 127.3155, 36.620625 ] ] ] } },
{ "type": "Feature", "properties": { "grid_id": "dem-18-14", "mean_elevation_m": 46.88, "terrain_class": "TERRAIN_CONTEXT", "threshold_note": "LOW_ELEVATION_CONTEXT means <= AOI p25 elevation; it is not a flood extent." }, "geometry": { "type": "Polygon", "coordinates": [ [ [ 127.31875, 36.620625 ], [ 127.31875, 36.62375 ], [ 127.3155, 36.62375 ], [ 127.3155, 36.620625 ], [ 127.31875, 36.620625 ] ] ] } },
{ "type": "Feature", "properties": { "grid_id": "dem-18-15", "mean_elevation_m": 42.93, "terrain_class": "TERRAIN_CONTEXT", "threshold_note": "LOW_ELEVATION_CONTEXT means <= AOI p25 elevation; it is not a flood extent." }, "geometry": { "type": "Polygon", "coordinates": [ [ [ 127.322, 36.620625 ], [ 127.322, 36.62375 ], [ 127.31875, 36.62375 ], [ 127.31875, 36.620625 ], [ 127.322, 36.620625 ] ] ] } },
{ "type": "Feature", "properties": { "grid_id": "dem-18-16", "mean_elevation_m": 36.6, "terrain_class": "TERRAIN_CONTEXT", "threshold_note": "LOW_ELEVATION_CONTEXT means <= AOI p25 elevation; it is not a flood extent." }, "geometry": { "type": "Polygon", "coordinates": [ [ [ 127.32525, 36.620625 ], [ 127.32525, 36.62375 ], [ 127.322, 36.62375 ], [ 127.322, 36.620625 ], [ 127.32525, 36.620625 ] ] ] } },
{ "type": "Feature", "properties": { "grid_id": "dem-18-17", "mean_elevation_m": 36.87, "terrain_class": "TERRAIN_CONTEXT", "threshold_note": "LOW_ELEVATION_CONTEXT means <= AOI p25 elevation; it is not a flood extent." }, "geometry": { "type": "Polygon", "coordinates": [ [ [ 127.3285, 36.620625 ], [ 127.3285, 36.62375 ], [ 127.32525, 36.62375 ], [ 127.32525, 36.620625 ], [ 127.3285, 36.620625 ] ] ] } },
{ "type": "Feature", "properties": { "grid_id": "dem-18-18", "mean_elevation_m": 30.58, "terrain_class": "TERRAIN_CONTEXT", "threshold_note": "LOW_ELEVATION_CONTEXT means <= AOI p25 elevation; it is not a flood extent." }, "geometry": { "type": "Polygon", "coordinates": [ [ [ 127.33175, 36.620625 ], [ 127.33175, 36.62375 ], [ 127.3285, 36.62375 ], [ 127.3285, 36.620625 ], [ 127.33175, 36.620625 ] ] ] } },
{ "type": "Feature", "properties": { "grid_id": "dem-18-19", "mean_elevation_m": 29.7, "terrain_class": "LOW_ELEVATION_CONTEXT", "threshold_note": "LOW_ELEVATION_CONTEXT means <= AOI p25 elevation; it is not a flood extent." }, "geometry": { "type": "Polygon", "coordinates": [ [ [ 127.335, 36.620625 ], [ 127.335, 36.62375 ], [ 127.33175, 36.62375 ], [ 127.33175, 36.620625 ], [ 127.335, 36.620625 ] ] ] } },
{ "type": "Feature", "properties": { "grid_id": "dem-18-20", "mean_elevation_m": 26.37, "terrain_class": "LOW_ELEVATION_CONTEXT", "threshold_note": "LOW_ELEVATION_CONTEXT means <= AOI p25 elevation; it is not a flood extent." }, "geometry": { "type": "Polygon", "coordinates": [ [ [ 127.33825, 36.620625 ], [ 127.33825, 36.62375 ], [ 127.335, 36.62375 ], [ 127.335, 36.620625 ], [ 127.33825, 36.620625 ] ] ] } },
{ "type": "Feature", "properties": { "grid_id": "dem-18-21", "mean_elevation_m": 26.25, "terrain_class": "LOW_ELEVATION_CONTEXT", "threshold_note": "LOW_ELEVATION_CONTEXT means <= AOI p25 elevation; it is not a flood extent." }, "geometry": { "type": "Polygon", "coordinates": [ [ [ 127.3415, 36.620625 ], [ 127.3415, 36.62375 ], [ 127.33825, 36.62375 ], [ 127.33825, 36.620625 ], [ 127.3415, 36.620625 ] ] ] } },
{ "type": "Feature", "properties": { "grid_id": "dem-18-22", "mean_elevation_m": 25.8, "terrain_class": "LOW_ELEVATION_CONTEXT", "threshold_note": "LOW_ELEVATION_CONTEXT means <= AOI p25 elevation; it is not a flood extent." }, "geometry": { "type": "Polygon", "coordinates": [ [ [ 127.34475, 36.620625 ], [ 127.34475, 36.62375 ], [ 127.3415, 36.62375 ], [ 127.3415, 36.620625 ], [ 127.34475, 36.620625 ] ] ] } },
{ "type": "Feature", "properties": { "grid_id": "dem-18-23", "mean_elevation_m": 26.91, "terrain_class": "LOW_ELEVATION_CONTEXT", "threshold_note": "LOW_ELEVATION_CONTEXT means <= AOI p25 elevation; it is not a flood extent." }, "geometry": { "type": "Polygon", "coordinates": [ [ [ 127.348, 36.620625 ], [ 127.348, 36.62375 ], [ 127.34475, 36.62375 ], [ 127.34475, 36.620625 ], [ 127.348, 36.620625 ] ] ] } },
{ "type": "Feature", "properties": { "grid_id": "dem-18-24", "mean_elevation_m": 24.62, "terrain_class": "LOW_ELEVATION_CONTEXT", "threshold_note": "LOW_ELEVATION_CONTEXT means <= AOI p25 elevation; it is not a flood extent." }, "geometry": { "type": "Polygon", "coordinates": [ [ [ 127.35125, 36.620625 ], [ 127.35125, 36.62375 ], [ 127.348, 36.62375 ], [ 127.348, 36.620625 ], [ 127.35125, 36.620625 ] ] ] } },
{ "type": "Feature", "properties": { "grid_id": "dem-18-25", "mean_elevation_m": 28.8, "terrain_class": "LOW_ELEVATION_CONTEXT", "threshold_note": "LOW_ELEVATION_CONTEXT means <= AOI p25 elevation; it is not a flood extent." }, "geometry": { "type": "Polygon", "coordinates": [ [ [ 127.3545, 36.620625 ], [ 127.3545, 36.62375 ], [ 127.35125, 36.62375 ], [ 127.35125, 36.620625 ], [ 127.3545, 36.620625 ] ] ] } },
{ "type": "Feature", "properties": { "grid_id": "dem-18-26", "mean_elevation_m": 36.73, "terrain_class": "TERRAIN_CONTEXT", "threshold_note": "LOW_ELEVATION_CONTEXT means <= AOI p25 elevation; it is not a flood extent." }, "geometry": { "type": "Polygon", "coordinates": [ [ [ 127.35775, 36.620625 ], [ 127.35775, 36.62375 ], [ 127.3545, 36.62375 ], [ 127.3545, 36.620625 ], [ 127.35775, 36.620625 ] ] ] } },
{ "type": "Feature", "properties": { "grid_id": "dem-18-27", "mean_elevation_m": 33.83, "terrain_class": "TERRAIN_CONTEXT", "threshold_note": "LOW_ELEVATION_CONTEXT means <= AOI p25 elevation; it is not a flood extent." }, "geometry": { "type": "Polygon", "coordinates": [ [ [ 127.361, 36.620625 ], [ 127.361, 36.62375 ], [ 127.35775, 36.62375 ], [ 127.35775, 36.620625 ], [ 127.361, 36.620625 ] ] ] } },
{ "type": "Feature", "properties": { "grid_id": "dem-18-28", "mean_elevation_m": 38.98, "terrain_class": "TERRAIN_CONTEXT", "threshold_note": "LOW_ELEVATION_CONTEXT means <= AOI p25 elevation; it is not a flood extent." }, "geometry": { "type": "Polygon", "coordinates": [ [ [ 127.36425, 36.620625 ], [ 127.36425, 36.62375 ], [ 127.361, 36.62375 ], [ 127.361, 36.620625 ], [ 127.36425, 36.620625 ] ] ] } },
{ "type": "Feature", "properties": { "grid_id": "dem-18-29", "mean_elevation_m": 38.58, "terrain_class": "TERRAIN_CONTEXT", "threshold_note": "LOW_ELEVATION_CONTEXT means <= AOI p25 elevation; it is not a flood extent." }, "geometry": { "type": "Polygon", "coordinates": [ [ [ 127.3675, 36.620625 ], [ 127.3675, 36.62375 ], [ 127.36425, 36.62375 ], [ 127.36425, 36.620625 ], [ 127.3675, 36.620625 ] ] ] } },
{ "type": "Feature", "properties": { "grid_id": "dem-18-30", "mean_elevation_m": 40.85, "terrain_class": "TERRAIN_CONTEXT", "threshold_note": "LOW_ELEVATION_CONTEXT means <= AOI p25 elevation; it is not a flood extent." }, "geometry": { "type": "Polygon", "coordinates": [ [ [ 127.37075, 36.620625 ], [ 127.37075, 36.62375 ], [ 127.3675, 36.62375 ], [ 127.3675, 36.620625 ], [ 127.37075, 36.620625 ] ] ] } },
{ "type": "Feature", "properties": { "grid_id": "dem-18-31", "mean_elevation_m": 44.91, "terrain_class": "TERRAIN_CONTEXT", "threshold_note": "LOW_ELEVATION_CONTEXT means <= AOI p25 elevation; it is not a flood extent." }, "geometry": { "type": "Polygon", "coordinates": [ [ [ 127.374, 36.620625 ], [ 127.374, 36.62375 ], [ 127.37075, 36.62375 ], [ 127.37075, 36.620625 ], [ 127.374, 36.620625 ] ] ] } },
{ "type": "Feature", "properties": { "grid_id": "dem-18-32", "mean_elevation_m": 40.4, "terrain_class": "TERRAIN_CONTEXT", "threshold_note": "LOW_ELEVATION_CONTEXT means <= AOI p25 elevation; it is not a flood extent." }, "geometry": { "type": "Polygon", "coordinates": [ [ [ 127.37725, 36.620625 ], [ 127.37725, 36.62375 ], [ 127.374, 36.62375 ], [ 127.374, 36.620625 ], [ 127.37725, 36.620625 ] ] ] } },
{ "type": "Feature", "properties": { "grid_id": "dem-18-33", "mean_elevation_m": 49.97, "terrain_class": "TERRAIN_CONTEXT", "threshold_note": "LOW_ELEVATION_CONTEXT means <= AOI p25 elevation; it is not a flood extent." }, "geometry": { "type": "Polygon", "coordinates": [ [ [ 127.3805, 36.620625 ], [ 127.3805, 36.62375 ], [ 127.37725, 36.62375 ], [ 127.37725, 36.620625 ], [ 127.3805, 36.620625 ] ] ] } },
{ "type": "Feature", "properties": { "grid_id": "dem-18-34", "mean_elevation_m": 40.16, "terrain_class": "TERRAIN_CONTEXT", "threshold_note": "LOW_ELEVATION_CONTEXT means <= AOI p25 elevation; it is not a flood extent." }, "geometry": { "type": "Polygon", "coordinates": [ [ [ 127.38375, 36.620625 ], [ 127.38375, 36.62375 ], [ 127.3805, 36.62375 ], [ 127.3805, 36.620625 ], [ 127.38375, 36.620625 ] ] ] } },
{ "type": "Feature", "properties": { "grid_id": "dem-18-35", "mean_elevation_m": 53.94, "terrain_class": "TERRAIN_CONTEXT", "threshold_note": "LOW_ELEVATION_CONTEXT means <= AOI p25 elevation; it is not a flood extent." }, "geometry": { "type": "Polygon", "coordinates": [ [ [ 127.387, 36.620625 ], [ 127.387, 36.62375 ], [ 127.38375, 36.62375 ], [ 127.38375, 36.620625 ], [ 127.387, 36.620625 ] ] ] } },
{ "type": "Feature", "properties": { "grid_id": "dem-18-36", "mean_elevation_m": 78.04, "terrain_class": "TERRAIN_CONTEXT", "threshold_note": "LOW_ELEVATION_CONTEXT means <= AOI p25 elevation; it is not a flood extent." }, "geometry": { "type": "Polygon", "coordinates": [ [ [ 127.39025, 36.620625 ], [ 127.39025, 36.62375 ], [ 127.387, 36.62375 ], [ 127.387, 36.620625 ], [ 127.39025, 36.620625 ] ] ] } },
{ "type": "Feature", "properties": { "grid_id": "dem-18-37", "mean_elevation_m": 70.07, "terrain_class": "TERRAIN_CONTEXT", "threshold_note": "LOW_ELEVATION_CONTEXT means <= AOI p25 elevation; it is not a flood extent." }, "geometry": { "type": "Polygon", "coordinates": [ [ [ 127.3935, 36.620625 ], [ 127.3935, 36.62375 ], [ 127.39025, 36.62375 ], [ 127.39025, 36.620625 ], [ 127.3935, 36.620625 ] ] ] } },
{ "type": "Feature", "properties": { "grid_id": "dem-18-38", "mean_elevation_m": 73.96, "terrain_class": "TERRAIN_CONTEXT", "threshold_note": "LOW_ELEVATION_CONTEXT means <= AOI p25 elevation; it is not a flood extent." }, "geometry": { "type": "Polygon", "coordinates": [ [ [ 127.39675, 36.620625 ], [ 127.39675, 36.62375 ], [ 127.3935, 36.62375 ], [ 127.3935, 36.620625 ], [ 127.39675, 36.620625 ] ] ] } },
{ "type": "Feature", "properties": { "grid_id": "dem-18-39", "mean_elevation_m": 79.52, "terrain_class": "TERRAIN_CONTEXT", "threshold_note": "LOW_ELEVATION_CONTEXT means <= AOI p25 elevation; it is not a flood extent." }, "geometry": { "type": "Polygon", "coordinates": [ [ [ 127.4, 36.620625 ], [ 127.4, 36.62375 ], [ 127.39675, 36.62375 ], [ 127.39675, 36.620625 ], [ 127.4, 36.620625 ] ] ] } },
{ "type": "Feature", "properties": { "grid_id": "dem-19-00", "mean_elevation_m": 93.43, "terrain_class": "TERRAIN_CONTEXT", "threshold_note": "LOW_ELEVATION_CONTEXT means <= AOI p25 elevation; it is not a flood extent." }, "geometry": { "type": "Polygon", "coordinates": [ [ [ 127.27325, 36.6175 ], [ 127.27325, 36.620625 ], [ 127.27, 36.620625 ], [ 127.27, 36.6175 ], [ 127.27325, 36.6175 ] ] ] } },
{ "type": "Feature", "properties": { "grid_id": "dem-19-01", "mean_elevation_m": 134.95, "terrain_class": "TERRAIN_CONTEXT", "threshold_note": "LOW_ELEVATION_CONTEXT means <= AOI p25 elevation; it is not a flood extent." }, "geometry": { "type": "Polygon", "coordinates": [ [ [ 127.2765, 36.6175 ], [ 127.2765, 36.620625 ], [ 127.27325, 36.620625 ], [ 127.27325, 36.6175 ], [ 127.2765, 36.6175 ] ] ] } },
{ "type": "Feature", "properties": { "grid_id": "dem-19-02", "mean_elevation_m": 140.68, "terrain_class": "TERRAIN_CONTEXT", "threshold_note": "LOW_ELEVATION_CONTEXT means <= AOI p25 elevation; it is not a flood extent." }, "geometry": { "type": "Polygon", "coordinates": [ [ [ 127.27975, 36.6175 ], [ 127.27975, 36.620625 ], [ 127.2765, 36.620625 ], [ 127.2765, 36.6175 ], [ 127.27975, 36.6175 ] ] ] } },
{ "type": "Feature", "properties": { "grid_id": "dem-19-03", "mean_elevation_m": 106.01, "terrain_class": "TERRAIN_CONTEXT", "threshold_note": "LOW_ELEVATION_CONTEXT means <= AOI p25 elevation; it is not a flood extent." }, "geometry": { "type": "Polygon", "coordinates": [ [ [ 127.283, 36.6175 ], [ 127.283, 36.620625 ], [ 127.27975, 36.620625 ], [ 127.27975, 36.6175 ], [ 127.283, 36.6175 ] ] ] } },
{ "type": "Feature", "properties": { "grid_id": "dem-19-04", "mean_elevation_m": 71.26, "terrain_class": "TERRAIN_CONTEXT", "threshold_note": "LOW_ELEVATION_CONTEXT means <= AOI p25 elevation; it is not a flood extent." }, "geometry": { "type": "Polygon", "coordinates": [ [ [ 127.28625, 36.6175 ], [ 127.28625, 36.620625 ], [ 127.283, 36.620625 ], [ 127.283, 36.6175 ], [ 127.28625, 36.6175 ] ] ] } },
{ "type": "Feature", "properties": { "grid_id": "dem-19-05", "mean_elevation_m": 56.19, "terrain_class": "TERRAIN_CONTEXT", "threshold_note": "LOW_ELEVATION_CONTEXT means <= AOI p25 elevation; it is not a flood extent." }, "geometry": { "type": "Polygon", "coordinates": [ [ [ 127.2895, 36.6175 ], [ 127.2895, 36.620625 ], [ 127.28625, 36.620625 ], [ 127.28625, 36.6175 ], [ 127.2895, 36.6175 ] ] ] } },
{ "type": "Feature", "properties": { "grid_id": "dem-19-06", "mean_elevation_m": 36.57, "terrain_class": "TERRAIN_CONTEXT", "threshold_note": "LOW_ELEVATION_CONTEXT means <= AOI p25 elevation; it is not a flood extent." }, "geometry": { "type": "Polygon", "coordinates": [ [ [ 127.29275, 36.6175 ], [ 127.29275, 36.620625 ], [ 127.2895, 36.620625 ], [ 127.2895, 36.6175 ], [ 127.29275, 36.6175 ] ] ] } },
{ "type": "Feature", "properties": { "grid_id": "dem-19-07", "mean_elevation_m": 28.24, "terrain_class": "LOW_ELEVATION_CONTEXT", "threshold_note": "LOW_ELEVATION_CONTEXT means <= AOI p25 elevation; it is not a flood extent." }, "geometry": { "type": "Polygon", "coordinates": [ [ [ 127.296, 36.6175 ], [ 127.296, 36.620625 ], [ 127.29275, 36.620625 ], [ 127.29275, 36.6175 ], [ 127.296, 36.6175 ] ] ] } },
{ "type": "Feature", "properties": { "grid_id": "dem-19-08", "mean_elevation_m": 28.42, "terrain_class": "LOW_ELEVATION_CONTEXT", "threshold_note": "LOW_ELEVATION_CONTEXT means <= AOI p25 elevation; it is not a flood extent." }, "geometry": { "type": "Polygon", "coordinates": [ [ [ 127.29925, 36.6175 ], [ 127.29925, 36.620625 ], [ 127.296, 36.620625 ], [ 127.296, 36.6175 ], [ 127.29925, 36.6175 ] ] ] } },
{ "type": "Feature", "properties": { "grid_id": "dem-19-09", "mean_elevation_m": 37.97, "terrain_class": "TERRAIN_CONTEXT", "threshold_note": "LOW_ELEVATION_CONTEXT means <= AOI p25 elevation; it is not a flood extent." }, "geometry": { "type": "Polygon", "coordinates": [ [ [ 127.3025, 36.6175 ], [ 127.3025, 36.620625 ], [ 127.29925, 36.620625 ], [ 127.29925, 36.6175 ], [ 127.3025, 36.6175 ] ] ] } },
{ "type": "Feature", "properties": { "grid_id": "dem-19-10", "mean_elevation_m": 32.03, "terrain_class": "TERRAIN_CONTEXT", "threshold_note": "LOW_ELEVATION_CONTEXT means <= AOI p25 elevation; it is not a flood extent." }, "geometry": { "type": "Polygon", "coordinates": [ [ [ 127.30575, 36.6175 ], [ 127.30575, 36.620625 ], [ 127.3025, 36.620625 ], [ 127.3025, 36.6175 ], [ 127.30575, 36.6175 ] ] ] } },
{ "type": "Feature", "properties": { "grid_id": "dem-19-11", "mean_elevation_m": 40.3, "terrain_class": "TERRAIN_CONTEXT", "threshold_note": "LOW_ELEVATION_CONTEXT means <= AOI p25 elevation; it is not a flood extent." }, "geometry": { "type": "Polygon", "coordinates": [ [ [ 127.309, 36.6175 ], [ 127.309, 36.620625 ], [ 127.30575, 36.620625 ], [ 127.30575, 36.6175 ], [ 127.309, 36.6175 ] ] ] } },
{ "type": "Feature", "properties": { "grid_id": "dem-19-12", "mean_elevation_m": 51.8, "terrain_class": "TERRAIN_CONTEXT", "threshold_note": "LOW_ELEVATION_CONTEXT means <= AOI p25 elevation; it is not a flood extent." }, "geometry": { "type": "Polygon", "coordinates": [ [ [ 127.31225, 36.6175 ], [ 127.31225, 36.620625 ], [ 127.309, 36.620625 ], [ 127.309, 36.6175 ], [ 127.31225, 36.6175 ] ] ] } },
{ "type": "Feature", "properties": { "grid_id": "dem-19-13", "mean_elevation_m": 43.44, "terrain_class": "TERRAIN_CONTEXT", "threshold_note": "LOW_ELEVATION_CONTEXT means <= AOI p25 elevation; it is not a flood extent." }, "geometry": { "type": "Polygon", "coordinates": [ [ [ 127.3155, 36.6175 ], [ 127.3155, 36.620625 ], [ 127.31225, 36.620625 ], [ 127.31225, 36.6175 ], [ 127.3155, 36.6175 ] ] ] } },
{ "type": "Feature", "properties": { "grid_id": "dem-19-14", "mean_elevation_m": 38.72, "terrain_class": "TERRAIN_CONTEXT", "threshold_note": "LOW_ELEVATION_CONTEXT means <= AOI p25 elevation; it is not a flood extent." }, "geometry": { "type": "Polygon", "coordinates": [ [ [ 127.31875, 36.6175 ], [ 127.31875, 36.620625 ], [ 127.3155, 36.620625 ], [ 127.3155, 36.6175 ], [ 127.31875, 36.6175 ] ] ] } },
{ "type": "Feature", "properties": { "grid_id": "dem-19-15", "mean_elevation_m": 34.68, "terrain_class": "TERRAIN_CONTEXT", "threshold_note": "LOW_ELEVATION_CONTEXT means <= AOI p25 elevation; it is not a flood extent." }, "geometry": { "type": "Polygon", "coordinates": [ [ [ 127.322, 36.6175 ], [ 127.322, 36.620625 ], [ 127.31875, 36.620625 ], [ 127.31875, 36.6175 ], [ 127.322, 36.6175 ] ] ] } },
{ "type": "Feature", "properties": { "grid_id": "dem-19-16", "mean_elevation_m": 32.06, "terrain_class": "TERRAIN_CONTEXT", "threshold_note": "LOW_ELEVATION_CONTEXT means <= AOI p25 elevation; it is not a flood extent." }, "geometry": { "type": "Polygon", "coordinates": [ [ [ 127.32525, 36.6175 ], [ 127.32525, 36.620625 ], [ 127.322, 36.620625 ], [ 127.322, 36.6175 ], [ 127.32525, 36.6175 ] ] ] } },
{ "type": "Feature", "properties": { "grid_id": "dem-19-17", "mean_elevation_m": 34.44, "terrain_class": "TERRAIN_CONTEXT", "threshold_note": "LOW_ELEVATION_CONTEXT means <= AOI p25 elevation; it is not a flood extent." }, "geometry": { "type": "Polygon", "coordinates": [ [ [ 127.3285, 36.6175 ], [ 127.3285, 36.620625 ], [ 127.32525, 36.620625 ], [ 127.32525, 36.6175 ], [ 127.3285, 36.6175 ] ] ] } },
{ "type": "Feature", "properties": { "grid_id": "dem-19-18", "mean_elevation_m": 34.7, "terrain_class": "TERRAIN_CONTEXT", "threshold_note": "LOW_ELEVATION_CONTEXT means <= AOI p25 elevation; it is not a flood extent." }, "geometry": { "type": "Polygon", "coordinates": [ [ [ 127.33175, 36.6175 ], [ 127.33175, 36.620625 ], [ 127.3285, 36.620625 ], [ 127.3285, 36.6175 ], [ 127.33175, 36.6175 ] ] ] } },
{ "type": "Feature", "properties": { "grid_id": "dem-19-19", "mean_elevation_m": 27.88, "terrain_class": "LOW_ELEVATION_CONTEXT", "threshold_note": "LOW_ELEVATION_CONTEXT means <= AOI p25 elevation; it is not a flood extent." }, "geometry": { "type": "Polygon", "coordinates": [ [ [ 127.335, 36.6175 ], [ 127.335, 36.620625 ], [ 127.33175, 36.620625 ], [ 127.33175, 36.6175 ], [ 127.335, 36.6175 ] ] ] } },
{ "type": "Feature", "properties": { "grid_id": "dem-19-20", "mean_elevation_m": 25.89, "terrain_class": "LOW_ELEVATION_CONTEXT", "threshold_note": "LOW_ELEVATION_CONTEXT means <= AOI p25 elevation; it is not a flood extent." }, "geometry": { "type": "Polygon", "coordinates": [ [ [ 127.33825, 36.6175 ], [ 127.33825, 36.620625 ], [ 127.335, 36.620625 ], [ 127.335, 36.6175 ], [ 127.33825, 36.6175 ] ] ] } },
{ "type": "Feature", "properties": { "grid_id": "dem-19-21", "mean_elevation_m": 26.47, "terrain_class": "LOW_ELEVATION_CONTEXT", "threshold_note": "LOW_ELEVATION_CONTEXT means <= AOI p25 elevation; it is not a flood extent." }, "geometry": { "type": "Polygon", "coordinates": [ [ [ 127.3415, 36.6175 ], [ 127.3415, 36.620625 ], [ 127.33825, 36.620625 ], [ 127.33825, 36.6175 ], [ 127.3415, 36.6175 ] ] ] } },
{ "type": "Feature", "properties": { "grid_id": "dem-19-22", "mean_elevation_m": 26.32, "terrain_class": "LOW_ELEVATION_CONTEXT", "threshold_note": "LOW_ELEVATION_CONTEXT means <= AOI p25 elevation; it is not a flood extent." }, "geometry": { "type": "Polygon", "coordinates": [ [ [ 127.34475, 36.6175 ], [ 127.34475, 36.620625 ], [ 127.3415, 36.620625 ], [ 127.3415, 36.6175 ], [ 127.34475, 36.6175 ] ] ] } },
{ "type": "Feature", "properties": { "grid_id": "dem-19-23", "mean_elevation_m": 26.6, "terrain_class": "LOW_ELEVATION_CONTEXT", "threshold_note": "LOW_ELEVATION_CONTEXT means <= AOI p25 elevation; it is not a flood extent." }, "geometry": { "type": "Polygon", "coordinates": [ [ [ 127.348, 36.6175 ], [ 127.348, 36.620625 ], [ 127.34475, 36.620625 ], [ 127.34475, 36.6175 ], [ 127.348, 36.6175 ] ] ] } },
{ "type": "Feature", "properties": { "grid_id": "dem-19-24", "mean_elevation_m": 21.9, "terrain_class": "LOW_ELEVATION_CONTEXT", "threshold_note": "LOW_ELEVATION_CONTEXT means <= AOI p25 elevation; it is not a flood extent." }, "geometry": { "type": "Polygon", "coordinates": [ [ [ 127.35125, 36.6175 ], [ 127.35125, 36.620625 ], [ 127.348, 36.620625 ], [ 127.348, 36.6175 ], [ 127.35125, 36.6175 ] ] ] } },
{ "type": "Feature", "properties": { "grid_id": "dem-19-25", "mean_elevation_m": 33.75, "terrain_class": "TERRAIN_CONTEXT", "threshold_note": "LOW_ELEVATION_CONTEXT means <= AOI p25 elevation; it is not a flood extent." }, "geometry": { "type": "Polygon", "coordinates": [ [ [ 127.3545, 36.6175 ], [ 127.3545, 36.620625 ], [ 127.35125, 36.620625 ], [ 127.35125, 36.6175 ], [ 127.3545, 36.6175 ] ] ] } },
{ "type": "Feature", "properties": { "grid_id": "dem-19-26", "mean_elevation_m": 41.96, "terrain_class": "TERRAIN_CONTEXT", "threshold_note": "LOW_ELEVATION_CONTEXT means <= AOI p25 elevation; it is not a flood extent." }, "geometry": { "type": "Polygon", "coordinates": [ [ [ 127.35775, 36.6175 ], [ 127.35775, 36.620625 ], [ 127.3545, 36.620625 ], [ 127.3545, 36.6175 ], [ 127.35775, 36.6175 ] ] ] } },
{ "type": "Feature", "properties": { "grid_id": "dem-19-27", "mean_elevation_m": 36.35, "terrain_class": "TERRAIN_CONTEXT", "threshold_note": "LOW_ELEVATION_CONTEXT means <= AOI p25 elevation; it is not a flood extent." }, "geometry": { "type": "Polygon", "coordinates": [ [ [ 127.361, 36.6175 ], [ 127.361, 36.620625 ], [ 127.35775, 36.620625 ], [ 127.35775, 36.6175 ], [ 127.361, 36.6175 ] ] ] } },
{ "type": "Feature", "properties": { "grid_id": "dem-19-28", "mean_elevation_m": 43.52, "terrain_class": "TERRAIN_CONTEXT", "threshold_note": "LOW_ELEVATION_CONTEXT means <= AOI p25 elevation; it is not a flood extent." }, "geometry": { "type": "Polygon", "coordinates": [ [ [ 127.36425, 36.6175 ], [ 127.36425, 36.620625 ], [ 127.361, 36.620625 ], [ 127.361, 36.6175 ], [ 127.36425, 36.6175 ] ] ] } },
{ "type": "Feature", "properties": { "grid_id": "dem-19-29", "mean_elevation_m": 41.16, "terrain_class": "TERRAIN_CONTEXT", "threshold_note": "LOW_ELEVATION_CONTEXT means <= AOI p25 elevation; it is not a flood extent." }, "geometry": { "type": "Polygon", "coordinates": [ [ [ 127.3675, 36.6175 ], [ 127.3675, 36.620625 ], [ 127.36425, 36.620625 ], [ 127.36425, 36.6175 ], [ 127.3675, 36.6175 ] ] ] } },
{ "type": "Feature", "properties": { "grid_id": "dem-19-30", "mean_elevation_m": 49.11, "terrain_class": "TERRAIN_CONTEXT", "threshold_note": "LOW_ELEVATION_CONTEXT means <= AOI p25 elevation; it is not a flood extent." }, "geometry": { "type": "Polygon", "coordinates": [ [ [ 127.37075, 36.6175 ], [ 127.37075, 36.620625 ], [ 127.3675, 36.620625 ], [ 127.3675, 36.6175 ], [ 127.37075, 36.6175 ] ] ] } },
{ "type": "Feature", "properties": { "grid_id": "dem-19-31", "mean_elevation_m": 51.57, "terrain_class": "TERRAIN_CONTEXT", "threshold_note": "LOW_ELEVATION_CONTEXT means <= AOI p25 elevation; it is not a flood extent." }, "geometry": { "type": "Polygon", "coordinates": [ [ [ 127.374, 36.6175 ], [ 127.374, 36.620625 ], [ 127.37075, 36.620625 ], [ 127.37075, 36.6175 ], [ 127.374, 36.6175 ] ] ] } },
{ "type": "Feature", "properties": { "grid_id": "dem-19-32", "mean_elevation_m": 63.71, "terrain_class": "TERRAIN_CONTEXT", "threshold_note": "LOW_ELEVATION_CONTEXT means <= AOI p25 elevation; it is not a flood extent." }, "geometry": { "type": "Polygon", "coordinates": [ [ [ 127.37725, 36.6175 ], [ 127.37725, 36.620625 ], [ 127.374, 36.620625 ], [ 127.374, 36.6175 ], [ 127.37725, 36.6175 ] ] ] } },
{ "type": "Feature", "properties": { "grid_id": "dem-19-33", "mean_elevation_m": 92.85, "terrain_class": "TERRAIN_CONTEXT", "threshold_note": "LOW_ELEVATION_CONTEXT means <= AOI p25 elevation; it is not a flood extent." }, "geometry": { "type": "Polygon", "coordinates": [ [ [ 127.3805, 36.6175 ], [ 127.3805, 36.620625 ], [ 127.37725, 36.620625 ], [ 127.37725, 36.6175 ], [ 127.3805, 36.6175 ] ] ] } },
{ "type": "Feature", "properties": { "grid_id": "dem-19-34", "mean_elevation_m": 61.28, "terrain_class": "TERRAIN_CONTEXT", "threshold_note": "LOW_ELEVATION_CONTEXT means <= AOI p25 elevation; it is not a flood extent." }, "geometry": { "type": "Polygon", "coordinates": [ [ [ 127.38375, 36.6175 ], [ 127.38375, 36.620625 ], [ 127.3805, 36.620625 ], [ 127.3805, 36.6175 ], [ 127.38375, 36.6175 ] ] ] } },
{ "type": "Feature", "properties": { "grid_id": "dem-19-35", "mean_elevation_m": 63.09, "terrain_class": "TERRAIN_CONTEXT", "threshold_note": "LOW_ELEVATION_CONTEXT means <= AOI p25 elevation; it is not a flood extent." }, "geometry": { "type": "Polygon", "coordinates": [ [ [ 127.387, 36.6175 ], [ 127.387, 36.620625 ], [ 127.38375, 36.620625 ], [ 127.38375, 36.6175 ], [ 127.387, 36.6175 ] ] ] } },
{ "type": "Feature", "properties": { "grid_id": "dem-19-36", "mean_elevation_m": 44.52, "terrain_class": "TERRAIN_CONTEXT", "threshold_note": "LOW_ELEVATION_CONTEXT means <= AOI p25 elevation; it is not a flood extent." }, "geometry": { "type": "Polygon", "coordinates": [ [ [ 127.39025, 36.6175 ], [ 127.39025, 36.620625 ], [ 127.387, 36.620625 ], [ 127.387, 36.6175 ], [ 127.39025, 36.6175 ] ] ] } },
{ "type": "Feature", "properties": { "grid_id": "dem-19-37", "mean_elevation_m": 48.72, "terrain_class": "TERRAIN_CONTEXT", "threshold_note": "LOW_ELEVATION_CONTEXT means <= AOI p25 elevation; it is not a flood extent." }, "geometry": { "type": "Polygon", "coordinates": [ [ [ 127.3935, 36.6175 ], [ 127.3935, 36.620625 ], [ 127.39025, 36.620625 ], [ 127.39025, 36.6175 ], [ 127.3935, 36.6175 ] ] ] } },
{ "type": "Feature", "properties": { "grid_id": "dem-19-38", "mean_elevation_m": 56.01, "terrain_class": "TERRAIN_CONTEXT", "threshold_note": "LOW_ELEVATION_CONTEXT means <= AOI p25 elevation; it is not a flood extent." }, "geometry": { "type": "Polygon", "coordinates": [ [ [ 127.39675, 36.6175 ], [ 127.39675, 36.620625 ], [ 127.3935, 36.620625 ], [ 127.3935, 36.6175 ], [ 127.39675, 36.6175 ] ] ] } },
{ "type": "Feature", "properties": { "grid_id": "dem-19-39", "mean_elevation_m": 65.37, "terrain_class": "TERRAIN_CONTEXT", "threshold_note": "LOW_ELEVATION_CONTEXT means <= AOI p25 elevation; it is not a flood extent." }, "geometry": { "type": "Polygon", "coordinates": [ [ [ 127.4, 36.6175 ], [ 127.4, 36.620625 ], [ 127.39675, 36.620625 ], [ 127.39675, 36.6175 ], [ 127.4, 36.6175 ] ] ] } },
{ "type": "Feature", "properties": { "grid_id": "dem-20-00", "mean_elevation_m": 81.51, "terrain_class": "TERRAIN_CONTEXT", "threshold_note": "LOW_ELEVATION_CONTEXT means <= AOI p25 elevation; it is not a flood extent." }, "geometry": { "type": "Polygon", "coordinates": [ [ [ 127.27325, 36.614375 ], [ 127.27325, 36.6175 ], [ 127.27, 36.6175 ], [ 127.27, 36.614375 ], [ 127.27325, 36.614375 ] ] ] } },
{ "type": "Feature", "properties": { "grid_id": "dem-20-01", "mean_elevation_m": 101.99, "terrain_class": "TERRAIN_CONTEXT", "threshold_note": "LOW_ELEVATION_CONTEXT means <= AOI p25 elevation; it is not a flood extent." }, "geometry": { "type": "Polygon", "coordinates": [ [ [ 127.2765, 36.614375 ], [ 127.2765, 36.6175 ], [ 127.27325, 36.6175 ], [ 127.27325, 36.614375 ], [ 127.2765, 36.614375 ] ] ] } },
{ "type": "Feature", "properties": { "grid_id": "dem-20-02", "mean_elevation_m": 86.81, "terrain_class": "TERRAIN_CONTEXT", "threshold_note": "LOW_ELEVATION_CONTEXT means <= AOI p25 elevation; it is not a flood extent." }, "geometry": { "type": "Polygon", "coordinates": [ [ [ 127.27975, 36.614375 ], [ 127.27975, 36.6175 ], [ 127.2765, 36.6175 ], [ 127.2765, 36.614375 ], [ 127.27975, 36.614375 ] ] ] } },
{ "type": "Feature", "properties": { "grid_id": "dem-20-03", "mean_elevation_m": 92.96, "terrain_class": "TERRAIN_CONTEXT", "threshold_note": "LOW_ELEVATION_CONTEXT means <= AOI p25 elevation; it is not a flood extent." }, "geometry": { "type": "Polygon", "coordinates": [ [ [ 127.283, 36.614375 ], [ 127.283, 36.6175 ], [ 127.27975, 36.6175 ], [ 127.27975, 36.614375 ], [ 127.283, 36.614375 ] ] ] } },
{ "type": "Feature", "properties": { "grid_id": "dem-20-04", "mean_elevation_m": 52.22, "terrain_class": "TERRAIN_CONTEXT", "threshold_note": "LOW_ELEVATION_CONTEXT means <= AOI p25 elevation; it is not a flood extent." }, "geometry": { "type": "Polygon", "coordinates": [ [ [ 127.28625, 36.614375 ], [ 127.28625, 36.6175 ], [ 127.283, 36.6175 ], [ 127.283, 36.614375 ], [ 127.28625, 36.614375 ] ] ] } },
{ "type": "Feature", "properties": { "grid_id": "dem-20-05", "mean_elevation_m": 41.81, "terrain_class": "TERRAIN_CONTEXT", "threshold_note": "LOW_ELEVATION_CONTEXT means <= AOI p25 elevation; it is not a flood extent." }, "geometry": { "type": "Polygon", "coordinates": [ [ [ 127.2895, 36.614375 ], [ 127.2895, 36.6175 ], [ 127.28625, 36.6175 ], [ 127.28625, 36.614375 ], [ 127.2895, 36.614375 ] ] ] } },
{ "type": "Feature", "properties": { "grid_id": "dem-20-06", "mean_elevation_m": 51.69, "terrain_class": "TERRAIN_CONTEXT", "threshold_note": "LOW_ELEVATION_CONTEXT means <= AOI p25 elevation; it is not a flood extent." }, "geometry": { "type": "Polygon", "coordinates": [ [ [ 127.29275, 36.614375 ], [ 127.29275, 36.6175 ], [ 127.2895, 36.6175 ], [ 127.2895, 36.614375 ], [ 127.29275, 36.614375 ] ] ] } },
{ "type": "Feature", "properties": { "grid_id": "dem-20-07", "mean_elevation_m": 30.37, "terrain_class": "TERRAIN_CONTEXT", "threshold_note": "LOW_ELEVATION_CONTEXT means <= AOI p25 elevation; it is not a flood extent." }, "geometry": { "type": "Polygon", "coordinates": [ [ [ 127.296, 36.614375 ], [ 127.296, 36.6175 ], [ 127.29275, 36.6175 ], [ 127.29275, 36.614375 ], [ 127.296, 36.614375 ] ] ] } },
{ "type": "Feature", "properties": { "grid_id": "dem-20-08", "mean_elevation_m": 29.06, "terrain_class": "LOW_ELEVATION_CONTEXT", "threshold_note": "LOW_ELEVATION_CONTEXT means <= AOI p25 elevation; it is not a flood extent." }, "geometry": { "type": "Polygon", "coordinates": [ [ [ 127.29925, 36.614375 ], [ 127.29925, 36.6175 ], [ 127.296, 36.6175 ], [ 127.296, 36.614375 ], [ 127.29925, 36.614375 ] ] ] } },
{ "type": "Feature", "properties": { "grid_id": "dem-20-09", "mean_elevation_m": 27.87, "terrain_class": "LOW_ELEVATION_CONTEXT", "threshold_note": "LOW_ELEVATION_CONTEXT means <= AOI p25 elevation; it is not a flood extent." }, "geometry": { "type": "Polygon", "coordinates": [ [ [ 127.3025, 36.614375 ], [ 127.3025, 36.6175 ], [ 127.29925, 36.6175 ], [ 127.29925, 36.614375 ], [ 127.3025, 36.614375 ] ] ] } },
{ "type": "Feature", "properties": { "grid_id": "dem-20-10", "mean_elevation_m": 31.8, "terrain_class": "TERRAIN_CONTEXT", "threshold_note": "LOW_ELEVATION_CONTEXT means <= AOI p25 elevation; it is not a flood extent." }, "geometry": { "type": "Polygon", "coordinates": [ [ [ 127.30575, 36.614375 ], [ 127.30575, 36.6175 ], [ 127.3025, 36.6175 ], [ 127.3025, 36.614375 ], [ 127.30575, 36.614375 ] ] ] } },
{ "type": "Feature", "properties": { "grid_id": "dem-20-11", "mean_elevation_m": 42.1, "terrain_class": "TERRAIN_CONTEXT", "threshold_note": "LOW_ELEVATION_CONTEXT means <= AOI p25 elevation; it is not a flood extent." }, "geometry": { "type": "Polygon", "coordinates": [ [ [ 127.309, 36.614375 ], [ 127.309, 36.6175 ], [ 127.30575, 36.6175 ], [ 127.30575, 36.614375 ], [ 127.309, 36.614375 ] ] ] } },
{ "type": "Feature", "properties": { "grid_id": "dem-20-12", "mean_elevation_m": 49.8, "terrain_class": "TERRAIN_CONTEXT", "threshold_note": "LOW_ELEVATION_CONTEXT means <= AOI p25 elevation; it is not a flood extent." }, "geometry": { "type": "Polygon", "coordinates": [ [ [ 127.31225, 36.614375 ], [ 127.31225, 36.6175 ], [ 127.309, 36.6175 ], [ 127.309, 36.614375 ], [ 127.31225, 36.614375 ] ] ] } },
{ "type": "Feature", "properties": { "grid_id": "dem-20-13", "mean_elevation_m": 44.61, "terrain_class": "TERRAIN_CONTEXT", "threshold_note": "LOW_ELEVATION_CONTEXT means <= AOI p25 elevation; it is not a flood extent." }, "geometry": { "type": "Polygon", "coordinates": [ [ [ 127.3155, 36.614375 ], [ 127.3155, 36.6175 ], [ 127.31225, 36.6175 ], [ 127.31225, 36.614375 ], [ 127.3155, 36.614375 ] ] ] } },
{ "type": "Feature", "properties": { "grid_id": "dem-20-14", "mean_elevation_m": 36.17, "terrain_class": "TERRAIN_CONTEXT", "threshold_note": "LOW_ELEVATION_CONTEXT means <= AOI p25 elevation; it is not a flood extent." }, "geometry": { "type": "Polygon", "coordinates": [ [ [ 127.31875, 36.614375 ], [ 127.31875, 36.6175 ], [ 127.3155, 36.6175 ], [ 127.3155, 36.614375 ], [ 127.31875, 36.614375 ] ] ] } },
{ "type": "Feature", "properties": { "grid_id": "dem-20-15", "mean_elevation_m": 31.66, "terrain_class": "TERRAIN_CONTEXT", "threshold_note": "LOW_ELEVATION_CONTEXT means <= AOI p25 elevation; it is not a flood extent." }, "geometry": { "type": "Polygon", "coordinates": [ [ [ 127.322, 36.614375 ], [ 127.322, 36.6175 ], [ 127.31875, 36.6175 ], [ 127.31875, 36.614375 ], [ 127.322, 36.614375 ] ] ] } },
{ "type": "Feature", "properties": { "grid_id": "dem-20-16", "mean_elevation_m": 29.22, "terrain_class": "LOW_ELEVATION_CONTEXT", "threshold_note": "LOW_ELEVATION_CONTEXT means <= AOI p25 elevation; it is not a flood extent." }, "geometry": { "type": "Polygon", "coordinates": [ [ [ 127.32525, 36.614375 ], [ 127.32525, 36.6175 ], [ 127.322, 36.6175 ], [ 127.322, 36.614375 ], [ 127.32525, 36.614375 ] ] ] } },
{ "type": "Feature", "properties": { "grid_id": "dem-20-17", "mean_elevation_m": 28.18, "terrain_class": "LOW_ELEVATION_CONTEXT", "threshold_note": "LOW_ELEVATION_CONTEXT means <= AOI p25 elevation; it is not a flood extent." }, "geometry": { "type": "Polygon", "coordinates": [ [ [ 127.3285, 36.614375 ], [ 127.3285, 36.6175 ], [ 127.32525, 36.6175 ], [ 127.32525, 36.614375 ], [ 127.3285, 36.614375 ] ] ] } },
{ "type": "Feature", "properties": { "grid_id": "dem-20-18", "mean_elevation_m": 30.39, "terrain_class": "TERRAIN_CONTEXT", "threshold_note": "LOW_ELEVATION_CONTEXT means <= AOI p25 elevation; it is not a flood extent." }, "geometry": { "type": "Polygon", "coordinates": [ [ [ 127.33175, 36.614375 ], [ 127.33175, 36.6175 ], [ 127.3285, 36.6175 ], [ 127.3285, 36.614375 ], [ 127.33175, 36.614375 ] ] ] } },
{ "type": "Feature", "properties": { "grid_id": "dem-20-19", "mean_elevation_m": 30.04, "terrain_class": "TERRAIN_CONTEXT", "threshold_note": "LOW_ELEVATION_CONTEXT means <= AOI p25 elevation; it is not a flood extent." }, "geometry": { "type": "Polygon", "coordinates": [ [ [ 127.335, 36.614375 ], [ 127.335, 36.6175 ], [ 127.33175, 36.6175 ], [ 127.33175, 36.614375 ], [ 127.335, 36.614375 ] ] ] } },
{ "type": "Feature", "properties": { "grid_id": "dem-20-20", "mean_elevation_m": 26.54, "terrain_class": "LOW_ELEVATION_CONTEXT", "threshold_note": "LOW_ELEVATION_CONTEXT means <= AOI p25 elevation; it is not a flood extent." }, "geometry": { "type": "Polygon", "coordinates": [ [ [ 127.33825, 36.614375 ], [ 127.33825, 36.6175 ], [ 127.335, 36.6175 ], [ 127.335, 36.614375 ], [ 127.33825, 36.614375 ] ] ] } },
{ "type": "Feature", "properties": { "grid_id": "dem-20-21", "mean_elevation_m": 25.62, "terrain_class": "LOW_ELEVATION_CONTEXT", "threshold_note": "LOW_ELEVATION_CONTEXT means <= AOI p25 elevation; it is not a flood extent." }, "geometry": { "type": "Polygon", "coordinates": [ [ [ 127.3415, 36.614375 ], [ 127.3415, 36.6175 ], [ 127.33825, 36.6175 ], [ 127.33825, 36.614375 ], [ 127.3415, 36.614375 ] ] ] } },
{ "type": "Feature", "properties": { "grid_id": "dem-20-22", "mean_elevation_m": 26.31, "terrain_class": "LOW_ELEVATION_CONTEXT", "threshold_note": "LOW_ELEVATION_CONTEXT means <= AOI p25 elevation; it is not a flood extent." }, "geometry": { "type": "Polygon", "coordinates": [ [ [ 127.34475, 36.614375 ], [ 127.34475, 36.6175 ], [ 127.3415, 36.6175 ], [ 127.3415, 36.614375 ], [ 127.34475, 36.614375 ] ] ] } },
{ "type": "Feature", "properties": { "grid_id": "dem-20-23", "mean_elevation_m": 25.16, "terrain_class": "LOW_ELEVATION_CONTEXT", "threshold_note": "LOW_ELEVATION_CONTEXT means <= AOI p25 elevation; it is not a flood extent." }, "geometry": { "type": "Polygon", "coordinates": [ [ [ 127.348, 36.614375 ], [ 127.348, 36.6175 ], [ 127.34475, 36.6175 ], [ 127.34475, 36.614375 ], [ 127.348, 36.614375 ] ] ] } },
{ "type": "Feature", "properties": { "grid_id": "dem-20-24", "mean_elevation_m": 21.12, "terrain_class": "LOW_ELEVATION_CONTEXT", "threshold_note": "LOW_ELEVATION_CONTEXT means <= AOI p25 elevation; it is not a flood extent." }, "geometry": { "type": "Polygon", "coordinates": [ [ [ 127.35125, 36.614375 ], [ 127.35125, 36.6175 ], [ 127.348, 36.6175 ], [ 127.348, 36.614375 ], [ 127.35125, 36.614375 ] ] ] } },
{ "type": "Feature", "properties": { "grid_id": "dem-20-25", "mean_elevation_m": 31.97, "terrain_class": "TERRAIN_CONTEXT", "threshold_note": "LOW_ELEVATION_CONTEXT means <= AOI p25 elevation; it is not a flood extent." }, "geometry": { "type": "Polygon", "coordinates": [ [ [ 127.3545, 36.614375 ], [ 127.3545, 36.6175 ], [ 127.35125, 36.6175 ], [ 127.35125, 36.614375 ], [ 127.3545, 36.614375 ] ] ] } },
{ "type": "Feature", "properties": { "grid_id": "dem-20-26", "mean_elevation_m": 51.04, "terrain_class": "TERRAIN_CONTEXT", "threshold_note": "LOW_ELEVATION_CONTEXT means <= AOI p25 elevation; it is not a flood extent." }, "geometry": { "type": "Polygon", "coordinates": [ [ [ 127.35775, 36.614375 ], [ 127.35775, 36.6175 ], [ 127.3545, 36.6175 ], [ 127.3545, 36.614375 ], [ 127.35775, 36.614375 ] ] ] } },
{ "type": "Feature", "properties": { "grid_id": "dem-20-27", "mean_elevation_m": 44.54, "terrain_class": "TERRAIN_CONTEXT", "threshold_note": "LOW_ELEVATION_CONTEXT means <= AOI p25 elevation; it is not a flood extent." }, "geometry": { "type": "Polygon", "coordinates": [ [ [ 127.361, 36.614375 ], [ 127.361, 36.6175 ], [ 127.35775, 36.6175 ], [ 127.35775, 36.614375 ], [ 127.361, 36.614375 ] ] ] } },
{ "type": "Feature", "properties": { "grid_id": "dem-20-28", "mean_elevation_m": 38.85, "terrain_class": "TERRAIN_CONTEXT", "threshold_note": "LOW_ELEVATION_CONTEXT means <= AOI p25 elevation; it is not a flood extent." }, "geometry": { "type": "Polygon", "coordinates": [ [ [ 127.36425, 36.614375 ], [ 127.36425, 36.6175 ], [ 127.361, 36.6175 ], [ 127.361, 36.614375 ], [ 127.36425, 36.614375 ] ] ] } },
{ "type": "Feature", "properties": { "grid_id": "dem-20-29", "mean_elevation_m": 47.16, "terrain_class": "TERRAIN_CONTEXT", "threshold_note": "LOW_ELEVATION_CONTEXT means <= AOI p25 elevation; it is not a flood extent." }, "geometry": { "type": "Polygon", "coordinates": [ [ [ 127.3675, 36.614375 ], [ 127.3675, 36.6175 ], [ 127.36425, 36.6175 ], [ 127.36425, 36.614375 ], [ 127.3675, 36.614375 ] ] ] } },
{ "type": "Feature", "properties": { "grid_id": "dem-20-30", "mean_elevation_m": 49.84, "terrain_class": "TERRAIN_CONTEXT", "threshold_note": "LOW_ELEVATION_CONTEXT means <= AOI p25 elevation; it is not a flood extent." }, "geometry": { "type": "Polygon", "coordinates": [ [ [ 127.37075, 36.614375 ], [ 127.37075, 36.6175 ], [ 127.3675, 36.6175 ], [ 127.3675, 36.614375 ], [ 127.37075, 36.614375 ] ] ] } },
{ "type": "Feature", "properties": { "grid_id": "dem-20-31", "mean_elevation_m": 82.24, "terrain_class": "TERRAIN_CONTEXT", "threshold_note": "LOW_ELEVATION_CONTEXT means <= AOI p25 elevation; it is not a flood extent." }, "geometry": { "type": "Polygon", "coordinates": [ [ [ 127.374, 36.614375 ], [ 127.374, 36.6175 ], [ 127.37075, 36.6175 ], [ 127.37075, 36.614375 ], [ 127.374, 36.614375 ] ] ] } },
{ "type": "Feature", "properties": { "grid_id": "dem-20-32", "mean_elevation_m": 86.72, "terrain_class": "TERRAIN_CONTEXT", "threshold_note": "LOW_ELEVATION_CONTEXT means <= AOI p25 elevation; it is not a flood extent." }, "geometry": { "type": "Polygon", "coordinates": [ [ [ 127.37725, 36.614375 ], [ 127.37725, 36.6175 ], [ 127.374, 36.6175 ], [ 127.374, 36.614375 ], [ 127.37725, 36.614375 ] ] ] } },
{ "type": "Feature", "properties": { "grid_id": "dem-20-33", "mean_elevation_m": 100.8, "terrain_class": "TERRAIN_CONTEXT", "threshold_note": "LOW_ELEVATION_CONTEXT means <= AOI p25 elevation; it is not a flood extent." }, "geometry": { "type": "Polygon", "coordinates": [ [ [ 127.3805, 36.614375 ], [ 127.3805, 36.6175 ], [ 127.37725, 36.6175 ], [ 127.37725, 36.614375 ], [ 127.3805, 36.614375 ] ] ] } },
{ "type": "Feature", "properties": { "grid_id": "dem-20-34", "mean_elevation_m": 74.52, "terrain_class": "TERRAIN_CONTEXT", "threshold_note": "LOW_ELEVATION_CONTEXT means <= AOI p25 elevation; it is not a flood extent." }, "geometry": { "type": "Polygon", "coordinates": [ [ [ 127.38375, 36.614375 ], [ 127.38375, 36.6175 ], [ 127.3805, 36.6175 ], [ 127.3805, 36.614375 ], [ 127.38375, 36.614375 ] ] ] } },
{ "type": "Feature", "properties": { "grid_id": "dem-20-35", "mean_elevation_m": 76.45, "terrain_class": "TERRAIN_CONTEXT", "threshold_note": "LOW_ELEVATION_CONTEXT means <= AOI p25 elevation; it is not a flood extent." }, "geometry": { "type": "Polygon", "coordinates": [ [ [ 127.387, 36.614375 ], [ 127.387, 36.6175 ], [ 127.38375, 36.6175 ], [ 127.38375, 36.614375 ], [ 127.387, 36.614375 ] ] ] } },
{ "type": "Feature", "properties": { "grid_id": "dem-20-36", "mean_elevation_m": 46.6, "terrain_class": "TERRAIN_CONTEXT", "threshold_note": "LOW_ELEVATION_CONTEXT means <= AOI p25 elevation; it is not a flood extent." }, "geometry": { "type": "Polygon", "coordinates": [ [ [ 127.39025, 36.614375 ], [ 127.39025, 36.6175 ], [ 127.387, 36.6175 ], [ 127.387, 36.614375 ], [ 127.39025, 36.614375 ] ] ] } },
{ "type": "Feature", "properties": { "grid_id": "dem-20-37", "mean_elevation_m": 54.66, "terrain_class": "TERRAIN_CONTEXT", "threshold_note": "LOW_ELEVATION_CONTEXT means <= AOI p25 elevation; it is not a flood extent." }, "geometry": { "type": "Polygon", "coordinates": [ [ [ 127.3935, 36.614375 ], [ 127.3935, 36.6175 ], [ 127.39025, 36.6175 ], [ 127.39025, 36.614375 ], [ 127.3935, 36.614375 ] ] ] } },
{ "type": "Feature", "properties": { "grid_id": "dem-20-38", "mean_elevation_m": 72.04, "terrain_class": "TERRAIN_CONTEXT", "threshold_note": "LOW_ELEVATION_CONTEXT means <= AOI p25 elevation; it is not a flood extent." }, "geometry": { "type": "Polygon", "coordinates": [ [ [ 127.39675, 36.614375 ], [ 127.39675, 36.6175 ], [ 127.3935, 36.6175 ], [ 127.3935, 36.614375 ], [ 127.39675, 36.614375 ] ] ] } },
{ "type": "Feature", "properties": { "grid_id": "dem-20-39", "mean_elevation_m": 67.08, "terrain_class": "TERRAIN_CONTEXT", "threshold_note": "LOW_ELEVATION_CONTEXT means <= AOI p25 elevation; it is not a flood extent." }, "geometry": { "type": "Polygon", "coordinates": [ [ [ 127.4, 36.614375 ], [ 127.4, 36.6175 ], [ 127.39675, 36.6175 ], [ 127.39675, 36.614375 ], [ 127.4, 36.614375 ] ] ] } },
{ "type": "Feature", "properties": { "grid_id": "dem-21-00", "mean_elevation_m": 71.37, "terrain_class": "TERRAIN_CONTEXT", "threshold_note": "LOW_ELEVATION_CONTEXT means <= AOI p25 elevation; it is not a flood extent." }, "geometry": { "type": "Polygon", "coordinates": [ [ [ 127.27325, 36.61125 ], [ 127.27325, 36.614375 ], [ 127.27, 36.614375 ], [ 127.27, 36.61125 ], [ 127.27325, 36.61125 ] ] ] } },
{ "type": "Feature", "properties": { "grid_id": "dem-21-01", "mean_elevation_m": 81.71, "terrain_class": "TERRAIN_CONTEXT", "threshold_note": "LOW_ELEVATION_CONTEXT means <= AOI p25 elevation; it is not a flood extent." }, "geometry": { "type": "Polygon", "coordinates": [ [ [ 127.2765, 36.61125 ], [ 127.2765, 36.614375 ], [ 127.27325, 36.614375 ], [ 127.27325, 36.61125 ], [ 127.2765, 36.61125 ] ] ] } },
{ "type": "Feature", "properties": { "grid_id": "dem-21-02", "mean_elevation_m": 86.06, "terrain_class": "TERRAIN_CONTEXT", "threshold_note": "LOW_ELEVATION_CONTEXT means <= AOI p25 elevation; it is not a flood extent." }, "geometry": { "type": "Polygon", "coordinates": [ [ [ 127.27975, 36.61125 ], [ 127.27975, 36.614375 ], [ 127.2765, 36.614375 ], [ 127.2765, 36.61125 ], [ 127.27975, 36.61125 ] ] ] } },
{ "type": "Feature", "properties": { "grid_id": "dem-21-03", "mean_elevation_m": 73.16, "terrain_class": "TERRAIN_CONTEXT", "threshold_note": "LOW_ELEVATION_CONTEXT means <= AOI p25 elevation; it is not a flood extent." }, "geometry": { "type": "Polygon", "coordinates": [ [ [ 127.283, 36.61125 ], [ 127.283, 36.614375 ], [ 127.27975, 36.614375 ], [ 127.27975, 36.61125 ], [ 127.283, 36.61125 ] ] ] } },
{ "type": "Feature", "properties": { "grid_id": "dem-21-04", "mean_elevation_m": 85.95, "terrain_class": "TERRAIN_CONTEXT", "threshold_note": "LOW_ELEVATION_CONTEXT means <= AOI p25 elevation; it is not a flood extent." }, "geometry": { "type": "Polygon", "coordinates": [ [ [ 127.28625, 36.61125 ], [ 127.28625, 36.614375 ], [ 127.283, 36.614375 ], [ 127.283, 36.61125 ], [ 127.28625, 36.61125 ] ] ] } },
{ "type": "Feature", "properties": { "grid_id": "dem-21-05", "mean_elevation_m": 70.01, "terrain_class": "TERRAIN_CONTEXT", "threshold_note": "LOW_ELEVATION_CONTEXT means <= AOI p25 elevation; it is not a flood extent." }, "geometry": { "type": "Polygon", "coordinates": [ [ [ 127.2895, 36.61125 ], [ 127.2895, 36.614375 ], [ 127.28625, 36.614375 ], [ 127.28625, 36.61125 ], [ 127.2895, 36.61125 ] ] ] } },
{ "type": "Feature", "properties": { "grid_id": "dem-21-06", "mean_elevation_m": 47.7, "terrain_class": "TERRAIN_CONTEXT", "threshold_note": "LOW_ELEVATION_CONTEXT means <= AOI p25 elevation; it is not a flood extent." }, "geometry": { "type": "Polygon", "coordinates": [ [ [ 127.29275, 36.61125 ], [ 127.29275, 36.614375 ], [ 127.2895, 36.614375 ], [ 127.2895, 36.61125 ], [ 127.29275, 36.61125 ] ] ] } },
{ "type": "Feature", "properties": { "grid_id": "dem-21-07", "mean_elevation_m": 30.64, "terrain_class": "TERRAIN_CONTEXT", "threshold_note": "LOW_ELEVATION_CONTEXT means <= AOI p25 elevation; it is not a flood extent." }, "geometry": { "type": "Polygon", "coordinates": [ [ [ 127.296, 36.61125 ], [ 127.296, 36.614375 ], [ 127.29275, 36.614375 ], [ 127.29275, 36.61125 ], [ 127.296, 36.61125 ] ] ] } },
{ "type": "Feature", "properties": { "grid_id": "dem-21-08", "mean_elevation_m": 28.42, "terrain_class": "LOW_ELEVATION_CONTEXT", "threshold_note": "LOW_ELEVATION_CONTEXT means <= AOI p25 elevation; it is not a flood extent." }, "geometry": { "type": "Polygon", "coordinates": [ [ [ 127.29925, 36.61125 ], [ 127.29925, 36.614375 ], [ 127.296, 36.614375 ], [ 127.296, 36.61125 ], [ 127.29925, 36.61125 ] ] ] } },
{ "type": "Feature", "properties": { "grid_id": "dem-21-09", "mean_elevation_m": 28.04, "terrain_class": "LOW_ELEVATION_CONTEXT", "threshold_note": "LOW_ELEVATION_CONTEXT means <= AOI p25 elevation; it is not a flood extent." }, "geometry": { "type": "Polygon", "coordinates": [ [ [ 127.3025, 36.61125 ], [ 127.3025, 36.614375 ], [ 127.29925, 36.614375 ], [ 127.29925, 36.61125 ], [ 127.3025, 36.61125 ] ] ] } },
{ "type": "Feature", "properties": { "grid_id": "dem-21-10", "mean_elevation_m": 27.76, "terrain_class": "LOW_ELEVATION_CONTEXT", "threshold_note": "LOW_ELEVATION_CONTEXT means <= AOI p25 elevation; it is not a flood extent." }, "geometry": { "type": "Polygon", "coordinates": [ [ [ 127.30575, 36.61125 ], [ 127.30575, 36.614375 ], [ 127.3025, 36.614375 ], [ 127.3025, 36.61125 ], [ 127.30575, 36.61125 ] ] ] } },
{ "type": "Feature", "properties": { "grid_id": "dem-21-11", "mean_elevation_m": 28.09, "terrain_class": "LOW_ELEVATION_CONTEXT", "threshold_note": "LOW_ELEVATION_CONTEXT means <= AOI p25 elevation; it is not a flood extent." }, "geometry": { "type": "Polygon", "coordinates": [ [ [ 127.309, 36.61125 ], [ 127.309, 36.614375 ], [ 127.30575, 36.614375 ], [ 127.30575, 36.61125 ], [ 127.309, 36.61125 ] ] ] } },
{ "type": "Feature", "properties": { "grid_id": "dem-21-12", "mean_elevation_m": 33.72, "terrain_class": "TERRAIN_CONTEXT", "threshold_note": "LOW_ELEVATION_CONTEXT means <= AOI p25 elevation; it is not a flood extent." }, "geometry": { "type": "Polygon", "coordinates": [ [ [ 127.31225, 36.61125 ], [ 127.31225, 36.614375 ], [ 127.309, 36.614375 ], [ 127.309, 36.61125 ], [ 127.31225, 36.61125 ] ] ] } },
{ "type": "Feature", "properties": { "grid_id": "dem-21-13", "mean_elevation_m": 30.38, "terrain_class": "TERRAIN_CONTEXT", "threshold_note": "LOW_ELEVATION_CONTEXT means <= AOI p25 elevation; it is not a flood extent." }, "geometry": { "type": "Polygon", "coordinates": [ [ [ 127.3155, 36.61125 ], [ 127.3155, 36.614375 ], [ 127.31225, 36.614375 ], [ 127.31225, 36.61125 ], [ 127.3155, 36.61125 ] ] ] } },
{ "type": "Feature", "properties": { "grid_id": "dem-21-14", "mean_elevation_m": 28.99, "terrain_class": "LOW_ELEVATION_CONTEXT", "threshold_note": "LOW_ELEVATION_CONTEXT means <= AOI p25 elevation; it is not a flood extent." }, "geometry": { "type": "Polygon", "coordinates": [ [ [ 127.31875, 36.61125 ], [ 127.31875, 36.614375 ], [ 127.3155, 36.614375 ], [ 127.3155, 36.61125 ], [ 127.31875, 36.61125 ] ] ] } },
{ "type": "Feature", "properties": { "grid_id": "dem-21-15", "mean_elevation_m": 28.76, "terrain_class": "LOW_ELEVATION_CONTEXT", "threshold_note": "LOW_ELEVATION_CONTEXT means <= AOI p25 elevation; it is not a flood extent." }, "geometry": { "type": "Polygon", "coordinates": [ [ [ 127.322, 36.61125 ], [ 127.322, 36.614375 ], [ 127.31875, 36.614375 ], [ 127.31875, 36.61125 ], [ 127.322, 36.61125 ] ] ] } },
{ "type": "Feature", "properties": { "grid_id": "dem-21-16", "mean_elevation_m": 28.57, "terrain_class": "LOW_ELEVATION_CONTEXT", "threshold_note": "LOW_ELEVATION_CONTEXT means <= AOI p25 elevation; it is not a flood extent." }, "geometry": { "type": "Polygon", "coordinates": [ [ [ 127.32525, 36.61125 ], [ 127.32525, 36.614375 ], [ 127.322, 36.614375 ], [ 127.322, 36.61125 ], [ 127.32525, 36.61125 ] ] ] } },
{ "type": "Feature", "properties": { "grid_id": "dem-21-17", "mean_elevation_m": 29.04, "terrain_class": "LOW_ELEVATION_CONTEXT", "threshold_note": "LOW_ELEVATION_CONTEXT means <= AOI p25 elevation; it is not a flood extent." }, "geometry": { "type": "Polygon", "coordinates": [ [ [ 127.3285, 36.61125 ], [ 127.3285, 36.614375 ], [ 127.32525, 36.614375 ], [ 127.32525, 36.61125 ], [ 127.3285, 36.61125 ] ] ] } },
{ "type": "Feature", "properties": { "grid_id": "dem-21-18", "mean_elevation_m": 26.25, "terrain_class": "LOW_ELEVATION_CONTEXT", "threshold_note": "LOW_ELEVATION_CONTEXT means <= AOI p25 elevation; it is not a flood extent." }, "geometry": { "type": "Polygon", "coordinates": [ [ [ 127.33175, 36.61125 ], [ 127.33175, 36.614375 ], [ 127.3285, 36.614375 ], [ 127.3285, 36.61125 ], [ 127.33175, 36.61125 ] ] ] } },
{ "type": "Feature", "properties": { "grid_id": "dem-21-19", "mean_elevation_m": 27.73, "terrain_class": "LOW_ELEVATION_CONTEXT", "threshold_note": "LOW_ELEVATION_CONTEXT means <= AOI p25 elevation; it is not a flood extent." }, "geometry": { "type": "Polygon", "coordinates": [ [ [ 127.335, 36.61125 ], [ 127.335, 36.614375 ], [ 127.33175, 36.614375 ], [ 127.33175, 36.61125 ], [ 127.335, 36.61125 ] ] ] } },
{ "type": "Feature", "properties": { "grid_id": "dem-21-20", "mean_elevation_m": 27.58, "terrain_class": "LOW_ELEVATION_CONTEXT", "threshold_note": "LOW_ELEVATION_CONTEXT means <= AOI p25 elevation; it is not a flood extent." }, "geometry": { "type": "Polygon", "coordinates": [ [ [ 127.33825, 36.61125 ], [ 127.33825, 36.614375 ], [ 127.335, 36.614375 ], [ 127.335, 36.61125 ], [ 127.33825, 36.61125 ] ] ] } },
{ "type": "Feature", "properties": { "grid_id": "dem-21-21", "mean_elevation_m": 25.89, "terrain_class": "LOW_ELEVATION_CONTEXT", "threshold_note": "LOW_ELEVATION_CONTEXT means <= AOI p25 elevation; it is not a flood extent." }, "geometry": { "type": "Polygon", "coordinates": [ [ [ 127.3415, 36.61125 ], [ 127.3415, 36.614375 ], [ 127.33825, 36.614375 ], [ 127.33825, 36.61125 ], [ 127.3415, 36.61125 ] ] ] } },
{ "type": "Feature", "properties": { "grid_id": "dem-21-22", "mean_elevation_m": 24.9, "terrain_class": "LOW_ELEVATION_CONTEXT", "threshold_note": "LOW_ELEVATION_CONTEXT means <= AOI p25 elevation; it is not a flood extent." }, "geometry": { "type": "Polygon", "coordinates": [ [ [ 127.34475, 36.61125 ], [ 127.34475, 36.614375 ], [ 127.3415, 36.614375 ], [ 127.3415, 36.61125 ], [ 127.34475, 36.61125 ] ] ] } },
{ "type": "Feature", "properties": { "grid_id": "dem-21-23", "mean_elevation_m": 22.67, "terrain_class": "LOW_ELEVATION_CONTEXT", "threshold_note": "LOW_ELEVATION_CONTEXT means <= AOI p25 elevation; it is not a flood extent." }, "geometry": { "type": "Polygon", "coordinates": [ [ [ 127.348, 36.61125 ], [ 127.348, 36.614375 ], [ 127.34475, 36.614375 ], [ 127.34475, 36.61125 ], [ 127.348, 36.61125 ] ] ] } },
{ "type": "Feature", "properties": { "grid_id": "dem-21-24", "mean_elevation_m": 24.84, "terrain_class": "LOW_ELEVATION_CONTEXT", "threshold_note": "LOW_ELEVATION_CONTEXT means <= AOI p25 elevation; it is not a flood extent." }, "geometry": { "type": "Polygon", "coordinates": [ [ [ 127.35125, 36.61125 ], [ 127.35125, 36.614375 ], [ 127.348, 36.614375 ], [ 127.348, 36.61125 ], [ 127.35125, 36.61125 ] ] ] } },
{ "type": "Feature", "properties": { "grid_id": "dem-21-25", "mean_elevation_m": 46.58, "terrain_class": "TERRAIN_CONTEXT", "threshold_note": "LOW_ELEVATION_CONTEXT means <= AOI p25 elevation; it is not a flood extent." }, "geometry": { "type": "Polygon", "coordinates": [ [ [ 127.3545, 36.61125 ], [ 127.3545, 36.614375 ], [ 127.35125, 36.614375 ], [ 127.35125, 36.61125 ], [ 127.3545, 36.61125 ] ] ] } },
{ "type": "Feature", "properties": { "grid_id": "dem-21-26", "mean_elevation_m": 54.88, "terrain_class": "TERRAIN_CONTEXT", "threshold_note": "LOW_ELEVATION_CONTEXT means <= AOI p25 elevation; it is not a flood extent." }, "geometry": { "type": "Polygon", "coordinates": [ [ [ 127.35775, 36.61125 ], [ 127.35775, 36.614375 ], [ 127.3545, 36.614375 ], [ 127.3545, 36.61125 ], [ 127.35775, 36.61125 ] ] ] } },
{ "type": "Feature", "properties": { "grid_id": "dem-21-27", "mean_elevation_m": 56.28, "terrain_class": "TERRAIN_CONTEXT", "threshold_note": "LOW_ELEVATION_CONTEXT means <= AOI p25 elevation; it is not a flood extent." }, "geometry": { "type": "Polygon", "coordinates": [ [ [ 127.361, 36.61125 ], [ 127.361, 36.614375 ], [ 127.35775, 36.614375 ], [ 127.35775, 36.61125 ], [ 127.361, 36.61125 ] ] ] } },
{ "type": "Feature", "properties": { "grid_id": "dem-21-28", "mean_elevation_m": 44.13, "terrain_class": "TERRAIN_CONTEXT", "threshold_note": "LOW_ELEVATION_CONTEXT means <= AOI p25 elevation; it is not a flood extent." }, "geometry": { "type": "Polygon", "coordinates": [ [ [ 127.36425, 36.61125 ], [ 127.36425, 36.614375 ], [ 127.361, 36.614375 ], [ 127.361, 36.61125 ], [ 127.36425, 36.61125 ] ] ] } },
{ "type": "Feature", "properties": { "grid_id": "dem-21-29", "mean_elevation_m": 49.35, "terrain_class": "TERRAIN_CONTEXT", "threshold_note": "LOW_ELEVATION_CONTEXT means <= AOI p25 elevation; it is not a flood extent." }, "geometry": { "type": "Polygon", "coordinates": [ [ [ 127.3675, 36.61125 ], [ 127.3675, 36.614375 ], [ 127.36425, 36.614375 ], [ 127.36425, 36.61125 ], [ 127.3675, 36.61125 ] ] ] } },
{ "type": "Feature", "properties": { "grid_id": "dem-21-30", "mean_elevation_m": 70.12, "terrain_class": "TERRAIN_CONTEXT", "threshold_note": "LOW_ELEVATION_CONTEXT means <= AOI p25 elevation; it is not a flood extent." }, "geometry": { "type": "Polygon", "coordinates": [ [ [ 127.37075, 36.61125 ], [ 127.37075, 36.614375 ], [ 127.3675, 36.614375 ], [ 127.3675, 36.61125 ], [ 127.37075, 36.61125 ] ] ] } },
{ "type": "Feature", "properties": { "grid_id": "dem-21-31", "mean_elevation_m": 67.81, "terrain_class": "TERRAIN_CONTEXT", "threshold_note": "LOW_ELEVATION_CONTEXT means <= AOI p25 elevation; it is not a flood extent." }, "geometry": { "type": "Polygon", "coordinates": [ [ [ 127.374, 36.61125 ], [ 127.374, 36.614375 ], [ 127.37075, 36.614375 ], [ 127.37075, 36.61125 ], [ 127.374, 36.61125 ] ] ] } },
{ "type": "Feature", "properties": { "grid_id": "dem-21-32", "mean_elevation_m": 102.35, "terrain_class": "TERRAIN_CONTEXT", "threshold_note": "LOW_ELEVATION_CONTEXT means <= AOI p25 elevation; it is not a flood extent." }, "geometry": { "type": "Polygon", "coordinates": [ [ [ 127.37725, 36.61125 ], [ 127.37725, 36.614375 ], [ 127.374, 36.614375 ], [ 127.374, 36.61125 ], [ 127.37725, 36.61125 ] ] ] } },
{ "type": "Feature", "properties": { "grid_id": "dem-21-33", "mean_elevation_m": 102.0, "terrain_class": "TERRAIN_CONTEXT", "threshold_note": "LOW_ELEVATION_CONTEXT means <= AOI p25 elevation; it is not a flood extent." }, "geometry": { "type": "Polygon", "coordinates": [ [ [ 127.3805, 36.61125 ], [ 127.3805, 36.614375 ], [ 127.37725, 36.614375 ], [ 127.37725, 36.61125 ], [ 127.3805, 36.61125 ] ] ] } },
{ "type": "Feature", "properties": { "grid_id": "dem-21-34", "mean_elevation_m": 76.29, "terrain_class": "TERRAIN_CONTEXT", "threshold_note": "LOW_ELEVATION_CONTEXT means <= AOI p25 elevation; it is not a flood extent." }, "geometry": { "type": "Polygon", "coordinates": [ [ [ 127.38375, 36.61125 ], [ 127.38375, 36.614375 ], [ 127.3805, 36.614375 ], [ 127.3805, 36.61125 ], [ 127.38375, 36.61125 ] ] ] } },
{ "type": "Feature", "properties": { "grid_id": "dem-21-35", "mean_elevation_m": 58.34, "terrain_class": "TERRAIN_CONTEXT", "threshold_note": "LOW_ELEVATION_CONTEXT means <= AOI p25 elevation; it is not a flood extent." }, "geometry": { "type": "Polygon", "coordinates": [ [ [ 127.387, 36.61125 ], [ 127.387, 36.614375 ], [ 127.38375, 36.614375 ], [ 127.38375, 36.61125 ], [ 127.387, 36.61125 ] ] ] } },
{ "type": "Feature", "properties": { "grid_id": "dem-21-36", "mean_elevation_m": 49.75, "terrain_class": "TERRAIN_CONTEXT", "threshold_note": "LOW_ELEVATION_CONTEXT means <= AOI p25 elevation; it is not a flood extent." }, "geometry": { "type": "Polygon", "coordinates": [ [ [ 127.39025, 36.61125 ], [ 127.39025, 36.614375 ], [ 127.387, 36.614375 ], [ 127.387, 36.61125 ], [ 127.39025, 36.61125 ] ] ] } },
{ "type": "Feature", "properties": { "grid_id": "dem-21-37", "mean_elevation_m": 48.4, "terrain_class": "TERRAIN_CONTEXT", "threshold_note": "LOW_ELEVATION_CONTEXT means <= AOI p25 elevation; it is not a flood extent." }, "geometry": { "type": "Polygon", "coordinates": [ [ [ 127.3935, 36.61125 ], [ 127.3935, 36.614375 ], [ 127.39025, 36.614375 ], [ 127.39025, 36.61125 ], [ 127.3935, 36.61125 ] ] ] } },
{ "type": "Feature", "properties": { "grid_id": "dem-21-38", "mean_elevation_m": 50.68, "terrain_class": "TERRAIN_CONTEXT", "threshold_note": "LOW_ELEVATION_CONTEXT means <= AOI p25 elevation; it is not a flood extent." }, "geometry": { "type": "Polygon", "coordinates": [ [ [ 127.39675, 36.61125 ], [ 127.39675, 36.614375 ], [ 127.3935, 36.614375 ], [ 127.3935, 36.61125 ], [ 127.39675, 36.61125 ] ] ] } },
{ "type": "Feature", "properties": { "grid_id": "dem-21-39", "mean_elevation_m": 48.27, "terrain_class": "TERRAIN_CONTEXT", "threshold_note": "LOW_ELEVATION_CONTEXT means <= AOI p25 elevation; it is not a flood extent." }, "geometry": { "type": "Polygon", "coordinates": [ [ [ 127.4, 36.61125 ], [ 127.4, 36.614375 ], [ 127.39675, 36.614375 ], [ 127.39675, 36.61125 ], [ 127.4, 36.61125 ] ] ] } },
{ "type": "Feature", "properties": { "grid_id": "dem-22-00", "mean_elevation_m": 88.37, "terrain_class": "TERRAIN_CONTEXT", "threshold_note": "LOW_ELEVATION_CONTEXT means <= AOI p25 elevation; it is not a flood extent." }, "geometry": { "type": "Polygon", "coordinates": [ [ [ 127.27325, 36.608125 ], [ 127.27325, 36.61125 ], [ 127.27, 36.61125 ], [ 127.27, 36.608125 ], [ 127.27325, 36.608125 ] ] ] } },
{ "type": "Feature", "properties": { "grid_id": "dem-22-01", "mean_elevation_m": 62.32, "terrain_class": "TERRAIN_CONTEXT", "threshold_note": "LOW_ELEVATION_CONTEXT means <= AOI p25 elevation; it is not a flood extent." }, "geometry": { "type": "Polygon", "coordinates": [ [ [ 127.2765, 36.608125 ], [ 127.2765, 36.61125 ], [ 127.27325, 36.61125 ], [ 127.27325, 36.608125 ], [ 127.2765, 36.608125 ] ] ] } },
{ "type": "Feature", "properties": { "grid_id": "dem-22-02", "mean_elevation_m": 75.85, "terrain_class": "TERRAIN_CONTEXT", "threshold_note": "LOW_ELEVATION_CONTEXT means <= AOI p25 elevation; it is not a flood extent." }, "geometry": { "type": "Polygon", "coordinates": [ [ [ 127.27975, 36.608125 ], [ 127.27975, 36.61125 ], [ 127.2765, 36.61125 ], [ 127.2765, 36.608125 ], [ 127.27975, 36.608125 ] ] ] } },
{ "type": "Feature", "properties": { "grid_id": "dem-22-03", "mean_elevation_m": 75.87, "terrain_class": "TERRAIN_CONTEXT", "threshold_note": "LOW_ELEVATION_CONTEXT means <= AOI p25 elevation; it is not a flood extent." }, "geometry": { "type": "Polygon", "coordinates": [ [ [ 127.283, 36.608125 ], [ 127.283, 36.61125 ], [ 127.27975, 36.61125 ], [ 127.27975, 36.608125 ], [ 127.283, 36.608125 ] ] ] } },
{ "type": "Feature", "properties": { "grid_id": "dem-22-04", "mean_elevation_m": 66.74, "terrain_class": "TERRAIN_CONTEXT", "threshold_note": "LOW_ELEVATION_CONTEXT means <= AOI p25 elevation; it is not a flood extent." }, "geometry": { "type": "Polygon", "coordinates": [ [ [ 127.28625, 36.608125 ], [ 127.28625, 36.61125 ], [ 127.283, 36.61125 ], [ 127.283, 36.608125 ], [ 127.28625, 36.608125 ] ] ] } },
{ "type": "Feature", "properties": { "grid_id": "dem-22-05", "mean_elevation_m": 52.68, "terrain_class": "TERRAIN_CONTEXT", "threshold_note": "LOW_ELEVATION_CONTEXT means <= AOI p25 elevation; it is not a flood extent." }, "geometry": { "type": "Polygon", "coordinates": [ [ [ 127.2895, 36.608125 ], [ 127.2895, 36.61125 ], [ 127.28625, 36.61125 ], [ 127.28625, 36.608125 ], [ 127.2895, 36.608125 ] ] ] } },
{ "type": "Feature", "properties": { "grid_id": "dem-22-06", "mean_elevation_m": 40.85, "terrain_class": "TERRAIN_CONTEXT", "threshold_note": "LOW_ELEVATION_CONTEXT means <= AOI p25 elevation; it is not a flood extent." }, "geometry": { "type": "Polygon", "coordinates": [ [ [ 127.29275, 36.608125 ], [ 127.29275, 36.61125 ], [ 127.2895, 36.61125 ], [ 127.2895, 36.608125 ], [ 127.29275, 36.608125 ] ] ] } },
{ "type": "Feature", "properties": { "grid_id": "dem-22-07", "mean_elevation_m": 30.22, "terrain_class": "TERRAIN_CONTEXT", "threshold_note": "LOW_ELEVATION_CONTEXT means <= AOI p25 elevation; it is not a flood extent." }, "geometry": { "type": "Polygon", "coordinates": [ [ [ 127.296, 36.608125 ], [ 127.296, 36.61125 ], [ 127.29275, 36.61125 ], [ 127.29275, 36.608125 ], [ 127.296, 36.608125 ] ] ] } },
{ "type": "Feature", "properties": { "grid_id": "dem-22-08", "mean_elevation_m": 27.69, "terrain_class": "LOW_ELEVATION_CONTEXT", "threshold_note": "LOW_ELEVATION_CONTEXT means <= AOI p25 elevation; it is not a flood extent." }, "geometry": { "type": "Polygon", "coordinates": [ [ [ 127.29925, 36.608125 ], [ 127.29925, 36.61125 ], [ 127.296, 36.61125 ], [ 127.296, 36.608125 ], [ 127.29925, 36.608125 ] ] ] } },
{ "type": "Feature", "properties": { "grid_id": "dem-22-09", "mean_elevation_m": 26.75, "terrain_class": "LOW_ELEVATION_CONTEXT", "threshold_note": "LOW_ELEVATION_CONTEXT means <= AOI p25 elevation; it is not a flood extent." }, "geometry": { "type": "Polygon", "coordinates": [ [ [ 127.3025, 36.608125 ], [ 127.3025, 36.61125 ], [ 127.29925, 36.61125 ], [ 127.29925, 36.608125 ], [ 127.3025, 36.608125 ] ] ] } },
{ "type": "Feature", "properties": { "grid_id": "dem-22-10", "mean_elevation_m": 27.0, "terrain_class": "LOW_ELEVATION_CONTEXT", "threshold_note": "LOW_ELEVATION_CONTEXT means <= AOI p25 elevation; it is not a flood extent." }, "geometry": { "type": "Polygon", "coordinates": [ [ [ 127.30575, 36.608125 ], [ 127.30575, 36.61125 ], [ 127.3025, 36.61125 ], [ 127.3025, 36.608125 ], [ 127.30575, 36.608125 ] ] ] } },
{ "type": "Feature", "properties": { "grid_id": "dem-22-11", "mean_elevation_m": 26.07, "terrain_class": "LOW_ELEVATION_CONTEXT", "threshold_note": "LOW_ELEVATION_CONTEXT means <= AOI p25 elevation; it is not a flood extent." }, "geometry": { "type": "Polygon", "coordinates": [ [ [ 127.309, 36.608125 ], [ 127.309, 36.61125 ], [ 127.30575, 36.61125 ], [ 127.30575, 36.608125 ], [ 127.309, 36.608125 ] ] ] } },
{ "type": "Feature", "properties": { "grid_id": "dem-22-12", "mean_elevation_m": 26.05, "terrain_class": "LOW_ELEVATION_CONTEXT", "threshold_note": "LOW_ELEVATION_CONTEXT means <= AOI p25 elevation; it is not a flood extent." }, "geometry": { "type": "Polygon", "coordinates": [ [ [ 127.31225, 36.608125 ], [ 127.31225, 36.61125 ], [ 127.309, 36.61125 ], [ 127.309, 36.608125 ], [ 127.31225, 36.608125 ] ] ] } },
{ "type": "Feature", "properties": { "grid_id": "dem-22-13", "mean_elevation_m": 25.93, "terrain_class": "LOW_ELEVATION_CONTEXT", "threshold_note": "LOW_ELEVATION_CONTEXT means <= AOI p25 elevation; it is not a flood extent." }, "geometry": { "type": "Polygon", "coordinates": [ [ [ 127.3155, 36.608125 ], [ 127.3155, 36.61125 ], [ 127.31225, 36.61125 ], [ 127.31225, 36.608125 ], [ 127.3155, 36.608125 ] ] ] } },
{ "type": "Feature", "properties": { "grid_id": "dem-22-14", "mean_elevation_m": 26.21, "terrain_class": "LOW_ELEVATION_CONTEXT", "threshold_note": "LOW_ELEVATION_CONTEXT means <= AOI p25 elevation; it is not a flood extent." }, "geometry": { "type": "Polygon", "coordinates": [ [ [ 127.31875, 36.608125 ], [ 127.31875, 36.61125 ], [ 127.3155, 36.61125 ], [ 127.3155, 36.608125 ], [ 127.31875, 36.608125 ] ] ] } },
{ "type": "Feature", "properties": { "grid_id": "dem-22-15", "mean_elevation_m": 27.2, "terrain_class": "LOW_ELEVATION_CONTEXT", "threshold_note": "LOW_ELEVATION_CONTEXT means <= AOI p25 elevation; it is not a flood extent." }, "geometry": { "type": "Polygon", "coordinates": [ [ [ 127.322, 36.608125 ], [ 127.322, 36.61125 ], [ 127.31875, 36.61125 ], [ 127.31875, 36.608125 ], [ 127.322, 36.608125 ] ] ] } },
{ "type": "Feature", "properties": { "grid_id": "dem-22-16", "mean_elevation_m": 27.69, "terrain_class": "LOW_ELEVATION_CONTEXT", "threshold_note": "LOW_ELEVATION_CONTEXT means <= AOI p25 elevation; it is not a flood extent." }, "geometry": { "type": "Polygon", "coordinates": [ [ [ 127.32525, 36.608125 ], [ 127.32525, 36.61125 ], [ 127.322, 36.61125 ], [ 127.322, 36.608125 ], [ 127.32525, 36.608125 ] ] ] } },
{ "type": "Feature", "properties": { "grid_id": "dem-22-17", "mean_elevation_m": 28.38, "terrain_class": "LOW_ELEVATION_CONTEXT", "threshold_note": "LOW_ELEVATION_CONTEXT means <= AOI p25 elevation; it is not a flood extent." }, "geometry": { "type": "Polygon", "coordinates": [ [ [ 127.3285, 36.608125 ], [ 127.3285, 36.61125 ], [ 127.32525, 36.61125 ], [ 127.32525, 36.608125 ], [ 127.3285, 36.608125 ] ] ] } },
{ "type": "Feature", "properties": { "grid_id": "dem-22-18", "mean_elevation_m": 25.09, "terrain_class": "LOW_ELEVATION_CONTEXT", "threshold_note": "LOW_ELEVATION_CONTEXT means <= AOI p25 elevation; it is not a flood extent." }, "geometry": { "type": "Polygon", "coordinates": [ [ [ 127.33175, 36.608125 ], [ 127.33175, 36.61125 ], [ 127.3285, 36.61125 ], [ 127.3285, 36.608125 ], [ 127.33175, 36.608125 ] ] ] } },
{ "type": "Feature", "properties": { "grid_id": "dem-22-19", "mean_elevation_m": 25.12, "terrain_class": "LOW_ELEVATION_CONTEXT", "threshold_note": "LOW_ELEVATION_CONTEXT means <= AOI p25 elevation; it is not a flood extent." }, "geometry": { "type": "Polygon", "coordinates": [ [ [ 127.335, 36.608125 ], [ 127.335, 36.61125 ], [ 127.33175, 36.61125 ], [ 127.33175, 36.608125 ], [ 127.335, 36.608125 ] ] ] } },
{ "type": "Feature", "properties": { "grid_id": "dem-22-20", "mean_elevation_m": 26.35, "terrain_class": "LOW_ELEVATION_CONTEXT", "threshold_note": "LOW_ELEVATION_CONTEXT means <= AOI p25 elevation; it is not a flood extent." }, "geometry": { "type": "Polygon", "coordinates": [ [ [ 127.33825, 36.608125 ], [ 127.33825, 36.61125 ], [ 127.335, 36.61125 ], [ 127.335, 36.608125 ], [ 127.33825, 36.608125 ] ] ] } },
{ "type": "Feature", "properties": { "grid_id": "dem-22-21", "mean_elevation_m": 27.8, "terrain_class": "LOW_ELEVATION_CONTEXT", "threshold_note": "LOW_ELEVATION_CONTEXT means <= AOI p25 elevation; it is not a flood extent." }, "geometry": { "type": "Polygon", "coordinates": [ [ [ 127.3415, 36.608125 ], [ 127.3415, 36.61125 ], [ 127.33825, 36.61125 ], [ 127.33825, 36.608125 ], [ 127.3415, 36.608125 ] ] ] } },
{ "type": "Feature", "properties": { "grid_id": "dem-22-22", "mean_elevation_m": 24.73, "terrain_class": "LOW_ELEVATION_CONTEXT", "threshold_note": "LOW_ELEVATION_CONTEXT means <= AOI p25 elevation; it is not a flood extent." }, "geometry": { "type": "Polygon", "coordinates": [ [ [ 127.34475, 36.608125 ], [ 127.34475, 36.61125 ], [ 127.3415, 36.61125 ], [ 127.3415, 36.608125 ], [ 127.34475, 36.608125 ] ] ] } },
{ "type": "Feature", "properties": { "grid_id": "dem-22-23", "mean_elevation_m": 20.98, "terrain_class": "LOW_ELEVATION_CONTEXT", "threshold_note": "LOW_ELEVATION_CONTEXT means <= AOI p25 elevation; it is not a flood extent." }, "geometry": { "type": "Polygon", "coordinates": [ [ [ 127.348, 36.608125 ], [ 127.348, 36.61125 ], [ 127.34475, 36.61125 ], [ 127.34475, 36.608125 ], [ 127.348, 36.608125 ] ] ] } },
{ "type": "Feature", "properties": { "grid_id": "dem-22-24", "mean_elevation_m": 34.85, "terrain_class": "TERRAIN_CONTEXT", "threshold_note": "LOW_ELEVATION_CONTEXT means <= AOI p25 elevation; it is not a flood extent." }, "geometry": { "type": "Polygon", "coordinates": [ [ [ 127.35125, 36.608125 ], [ 127.35125, 36.61125 ], [ 127.348, 36.61125 ], [ 127.348, 36.608125 ], [ 127.35125, 36.608125 ] ] ] } },
{ "type": "Feature", "properties": { "grid_id": "dem-22-25", "mean_elevation_m": 38.42, "terrain_class": "TERRAIN_CONTEXT", "threshold_note": "LOW_ELEVATION_CONTEXT means <= AOI p25 elevation; it is not a flood extent." }, "geometry": { "type": "Polygon", "coordinates": [ [ [ 127.3545, 36.608125 ], [ 127.3545, 36.61125 ], [ 127.35125, 36.61125 ], [ 127.35125, 36.608125 ], [ 127.3545, 36.608125 ] ] ] } },
{ "type": "Feature", "properties": { "grid_id": "dem-22-26", "mean_elevation_m": 41.7, "terrain_class": "TERRAIN_CONTEXT", "threshold_note": "LOW_ELEVATION_CONTEXT means <= AOI p25 elevation; it is not a flood extent." }, "geometry": { "type": "Polygon", "coordinates": [ [ [ 127.35775, 36.608125 ], [ 127.35775, 36.61125 ], [ 127.3545, 36.61125 ], [ 127.3545, 36.608125 ], [ 127.35775, 36.608125 ] ] ] } },
{ "type": "Feature", "properties": { "grid_id": "dem-22-27", "mean_elevation_m": 46.36, "terrain_class": "TERRAIN_CONTEXT", "threshold_note": "LOW_ELEVATION_CONTEXT means <= AOI p25 elevation; it is not a flood extent." }, "geometry": { "type": "Polygon", "coordinates": [ [ [ 127.361, 36.608125 ], [ 127.361, 36.61125 ], [ 127.35775, 36.61125 ], [ 127.35775, 36.608125 ], [ 127.361, 36.608125 ] ] ] } },
{ "type": "Feature", "properties": { "grid_id": "dem-22-28", "mean_elevation_m": 51.63, "terrain_class": "TERRAIN_CONTEXT", "threshold_note": "LOW_ELEVATION_CONTEXT means <= AOI p25 elevation; it is not a flood extent." }, "geometry": { "type": "Polygon", "coordinates": [ [ [ 127.36425, 36.608125 ], [ 127.36425, 36.61125 ], [ 127.361, 36.61125 ], [ 127.361, 36.608125 ], [ 127.36425, 36.608125 ] ] ] } },
{ "type": "Feature", "properties": { "grid_id": "dem-22-29", "mean_elevation_m": 65.09, "terrain_class": "TERRAIN_CONTEXT", "threshold_note": "LOW_ELEVATION_CONTEXT means <= AOI p25 elevation; it is not a flood extent." }, "geometry": { "type": "Polygon", "coordinates": [ [ [ 127.3675, 36.608125 ], [ 127.3675, 36.61125 ], [ 127.36425, 36.61125 ], [ 127.36425, 36.608125 ], [ 127.3675, 36.608125 ] ] ] } },
{ "type": "Feature", "properties": { "grid_id": "dem-22-30", "mean_elevation_m": 90.29, "terrain_class": "TERRAIN_CONTEXT", "threshold_note": "LOW_ELEVATION_CONTEXT means <= AOI p25 elevation; it is not a flood extent." }, "geometry": { "type": "Polygon", "coordinates": [ [ [ 127.37075, 36.608125 ], [ 127.37075, 36.61125 ], [ 127.3675, 36.61125 ], [ 127.3675, 36.608125 ], [ 127.37075, 36.608125 ] ] ] } },
{ "type": "Feature", "properties": { "grid_id": "dem-22-31", "mean_elevation_m": 89.03, "terrain_class": "TERRAIN_CONTEXT", "threshold_note": "LOW_ELEVATION_CONTEXT means <= AOI p25 elevation; it is not a flood extent." }, "geometry": { "type": "Polygon", "coordinates": [ [ [ 127.374, 36.608125 ], [ 127.374, 36.61125 ], [ 127.37075, 36.61125 ], [ 127.37075, 36.608125 ], [ 127.374, 36.608125 ] ] ] } },
{ "type": "Feature", "properties": { "grid_id": "dem-22-32", "mean_elevation_m": 83.6, "terrain_class": "TERRAIN_CONTEXT", "threshold_note": "LOW_ELEVATION_CONTEXT means <= AOI p25 elevation; it is not a flood extent." }, "geometry": { "type": "Polygon", "coordinates": [ [ [ 127.37725, 36.608125 ], [ 127.37725, 36.61125 ], [ 127.374, 36.61125 ], [ 127.374, 36.608125 ], [ 127.37725, 36.608125 ] ] ] } },
{ "type": "Feature", "properties": { "grid_id": "dem-22-33", "mean_elevation_m": 80.73, "terrain_class": "TERRAIN_CONTEXT", "threshold_note": "LOW_ELEVATION_CONTEXT means <= AOI p25 elevation; it is not a flood extent." }, "geometry": { "type": "Polygon", "coordinates": [ [ [ 127.3805, 36.608125 ], [ 127.3805, 36.61125 ], [ 127.37725, 36.61125 ], [ 127.37725, 36.608125 ], [ 127.3805, 36.608125 ] ] ] } },
{ "type": "Feature", "properties": { "grid_id": "dem-22-34", "mean_elevation_m": 60.42, "terrain_class": "TERRAIN_CONTEXT", "threshold_note": "LOW_ELEVATION_CONTEXT means <= AOI p25 elevation; it is not a flood extent." }, "geometry": { "type": "Polygon", "coordinates": [ [ [ 127.38375, 36.608125 ], [ 127.38375, 36.61125 ], [ 127.3805, 36.61125 ], [ 127.3805, 36.608125 ], [ 127.38375, 36.608125 ] ] ] } },
{ "type": "Feature", "properties": { "grid_id": "dem-22-35", "mean_elevation_m": 55.91, "terrain_class": "TERRAIN_CONTEXT", "threshold_note": "LOW_ELEVATION_CONTEXT means <= AOI p25 elevation; it is not a flood extent." }, "geometry": { "type": "Polygon", "coordinates": [ [ [ 127.387, 36.608125 ], [ 127.387, 36.61125 ], [ 127.38375, 36.61125 ], [ 127.38375, 36.608125 ], [ 127.387, 36.608125 ] ] ] } },
{ "type": "Feature", "properties": { "grid_id": "dem-22-36", "mean_elevation_m": 59.43, "terrain_class": "TERRAIN_CONTEXT", "threshold_note": "LOW_ELEVATION_CONTEXT means <= AOI p25 elevation; it is not a flood extent." }, "geometry": { "type": "Polygon", "coordinates": [ [ [ 127.39025, 36.608125 ], [ 127.39025, 36.61125 ], [ 127.387, 36.61125 ], [ 127.387, 36.608125 ], [ 127.39025, 36.608125 ] ] ] } },
{ "type": "Feature", "properties": { "grid_id": "dem-22-37", "mean_elevation_m": 63.01, "terrain_class": "TERRAIN_CONTEXT", "threshold_note": "LOW_ELEVATION_CONTEXT means <= AOI p25 elevation; it is not a flood extent." }, "geometry": { "type": "Polygon", "coordinates": [ [ [ 127.3935, 36.608125 ], [ 127.3935, 36.61125 ], [ 127.39025, 36.61125 ], [ 127.39025, 36.608125 ], [ 127.3935, 36.608125 ] ] ] } },
{ "type": "Feature", "properties": { "grid_id": "dem-22-38", "mean_elevation_m": 67.1, "terrain_class": "TERRAIN_CONTEXT", "threshold_note": "LOW_ELEVATION_CONTEXT means <= AOI p25 elevation; it is not a flood extent." }, "geometry": { "type": "Polygon", "coordinates": [ [ [ 127.39675, 36.608125 ], [ 127.39675, 36.61125 ], [ 127.3935, 36.61125 ], [ 127.3935, 36.608125 ], [ 127.39675, 36.608125 ] ] ] } },
{ "type": "Feature", "properties": { "grid_id": "dem-22-39", "mean_elevation_m": 59.61, "terrain_class": "TERRAIN_CONTEXT", "threshold_note": "LOW_ELEVATION_CONTEXT means <= AOI p25 elevation; it is not a flood extent." }, "geometry": { "type": "Polygon", "coordinates": [ [ [ 127.4, 36.608125 ], [ 127.4, 36.61125 ], [ 127.39675, 36.61125 ], [ 127.39675, 36.608125 ], [ 127.4, 36.608125 ] ] ] } },
{ "type": "Feature", "properties": { "grid_id": "dem-23-00", "mean_elevation_m": 112.66, "terrain_class": "TERRAIN_CONTEXT", "threshold_note": "LOW_ELEVATION_CONTEXT means <= AOI p25 elevation; it is not a flood extent." }, "geometry": { "type": "Polygon", "coordinates": [ [ [ 127.27325, 36.605 ], [ 127.27325, 36.608125 ], [ 127.27, 36.608125 ], [ 127.27, 36.605 ], [ 127.27325, 36.605 ] ] ] } },
{ "type": "Feature", "properties": { "grid_id": "dem-23-01", "mean_elevation_m": 77.26, "terrain_class": "TERRAIN_CONTEXT", "threshold_note": "LOW_ELEVATION_CONTEXT means <= AOI p25 elevation; it is not a flood extent." }, "geometry": { "type": "Polygon", "coordinates": [ [ [ 127.2765, 36.605 ], [ 127.2765, 36.608125 ], [ 127.27325, 36.608125 ], [ 127.27325, 36.605 ], [ 127.2765, 36.605 ] ] ] } },
{ "type": "Feature", "properties": { "grid_id": "dem-23-02", "mean_elevation_m": 45.03, "terrain_class": "TERRAIN_CONTEXT", "threshold_note": "LOW_ELEVATION_CONTEXT means <= AOI p25 elevation; it is not a flood extent." }, "geometry": { "type": "Polygon", "coordinates": [ [ [ 127.27975, 36.605 ], [ 127.27975, 36.608125 ], [ 127.2765, 36.608125 ], [ 127.2765, 36.605 ], [ 127.27975, 36.605 ] ] ] } },
{ "type": "Feature", "properties": { "grid_id": "dem-23-03", "mean_elevation_m": 47.87, "terrain_class": "TERRAIN_CONTEXT", "threshold_note": "LOW_ELEVATION_CONTEXT means <= AOI p25 elevation; it is not a flood extent." }, "geometry": { "type": "Polygon", "coordinates": [ [ [ 127.283, 36.605 ], [ 127.283, 36.608125 ], [ 127.27975, 36.608125 ], [ 127.27975, 36.605 ], [ 127.283, 36.605 ] ] ] } },
{ "type": "Feature", "properties": { "grid_id": "dem-23-04", "mean_elevation_m": 47.55, "terrain_class": "TERRAIN_CONTEXT", "threshold_note": "LOW_ELEVATION_CONTEXT means <= AOI p25 elevation; it is not a flood extent." }, "geometry": { "type": "Polygon", "coordinates": [ [ [ 127.28625, 36.605 ], [ 127.28625, 36.608125 ], [ 127.283, 36.608125 ], [ 127.283, 36.605 ], [ 127.28625, 36.605 ] ] ] } },
{ "type": "Feature", "properties": { "grid_id": "dem-23-05", "mean_elevation_m": 40.17, "terrain_class": "TERRAIN_CONTEXT", "threshold_note": "LOW_ELEVATION_CONTEXT means <= AOI p25 elevation; it is not a flood extent." }, "geometry": { "type": "Polygon", "coordinates": [ [ [ 127.2895, 36.605 ], [ 127.2895, 36.608125 ], [ 127.28625, 36.608125 ], [ 127.28625, 36.605 ], [ 127.2895, 36.605 ] ] ] } },
{ "type": "Feature", "properties": { "grid_id": "dem-23-06", "mean_elevation_m": 33.14, "terrain_class": "TERRAIN_CONTEXT", "threshold_note": "LOW_ELEVATION_CONTEXT means <= AOI p25 elevation; it is not a flood extent." }, "geometry": { "type": "Polygon", "coordinates": [ [ [ 127.29275, 36.605 ], [ 127.29275, 36.608125 ], [ 127.2895, 36.608125 ], [ 127.2895, 36.605 ], [ 127.29275, 36.605 ] ] ] } },
{ "type": "Feature", "properties": { "grid_id": "dem-23-07", "mean_elevation_m": 31.02, "terrain_class": "TERRAIN_CONTEXT", "threshold_note": "LOW_ELEVATION_CONTEXT means <= AOI p25 elevation; it is not a flood extent." }, "geometry": { "type": "Polygon", "coordinates": [ [ [ 127.296, 36.605 ], [ 127.296, 36.608125 ], [ 127.29275, 36.608125 ], [ 127.29275, 36.605 ], [ 127.296, 36.605 ] ] ] } },
{ "type": "Feature", "properties": { "grid_id": "dem-23-08", "mean_elevation_m": 29.17, "terrain_class": "LOW_ELEVATION_CONTEXT", "threshold_note": "LOW_ELEVATION_CONTEXT means <= AOI p25 elevation; it is not a flood extent." }, "geometry": { "type": "Polygon", "coordinates": [ [ [ 127.29925, 36.605 ], [ 127.29925, 36.608125 ], [ 127.296, 36.608125 ], [ 127.296, 36.605 ], [ 127.29925, 36.605 ] ] ] } },
{ "type": "Feature", "properties": { "grid_id": "dem-23-09", "mean_elevation_m": 27.81, "terrain_class": "LOW_ELEVATION_CONTEXT", "threshold_note": "LOW_ELEVATION_CONTEXT means <= AOI p25 elevation; it is not a flood extent." }, "geometry": { "type": "Polygon", "coordinates": [ [ [ 127.3025, 36.605 ], [ 127.3025, 36.608125 ], [ 127.29925, 36.608125 ], [ 127.29925, 36.605 ], [ 127.3025, 36.605 ] ] ] } },
{ "type": "Feature", "properties": { "grid_id": "dem-23-10", "mean_elevation_m": 26.21, "terrain_class": "LOW_ELEVATION_CONTEXT", "threshold_note": "LOW_ELEVATION_CONTEXT means <= AOI p25 elevation; it is not a flood extent." }, "geometry": { "type": "Polygon", "coordinates": [ [ [ 127.30575, 36.605 ], [ 127.30575, 36.608125 ], [ 127.3025, 36.608125 ], [ 127.3025, 36.605 ], [ 127.30575, 36.605 ] ] ] } },
{ "type": "Feature", "properties": { "grid_id": "dem-23-11", "mean_elevation_m": 25.65, "terrain_class": "LOW_ELEVATION_CONTEXT", "threshold_note": "LOW_ELEVATION_CONTEXT means <= AOI p25 elevation; it is not a flood extent." }, "geometry": { "type": "Polygon", "coordinates": [ [ [ 127.309, 36.605 ], [ 127.309, 36.608125 ], [ 127.30575, 36.608125 ], [ 127.30575, 36.605 ], [ 127.309, 36.605 ] ] ] } },
{ "type": "Feature", "properties": { "grid_id": "dem-23-12", "mean_elevation_m": 25.26, "terrain_class": "LOW_ELEVATION_CONTEXT", "threshold_note": "LOW_ELEVATION_CONTEXT means <= AOI p25 elevation; it is not a flood extent." }, "geometry": { "type": "Polygon", "coordinates": [ [ [ 127.31225, 36.605 ], [ 127.31225, 36.608125 ], [ 127.309, 36.608125 ], [ 127.309, 36.605 ], [ 127.31225, 36.605 ] ] ] } },
{ "type": "Feature", "properties": { "grid_id": "dem-23-13", "mean_elevation_m": 25.55, "terrain_class": "LOW_ELEVATION_CONTEXT", "threshold_note": "LOW_ELEVATION_CONTEXT means <= AOI p25 elevation; it is not a flood extent." }, "geometry": { "type": "Polygon", "coordinates": [ [ [ 127.3155, 36.605 ], [ 127.3155, 36.608125 ], [ 127.31225, 36.608125 ], [ 127.31225, 36.605 ], [ 127.3155, 36.605 ] ] ] } },
{ "type": "Feature", "properties": { "grid_id": "dem-23-14", "mean_elevation_m": 26.25, "terrain_class": "LOW_ELEVATION_CONTEXT", "threshold_note": "LOW_ELEVATION_CONTEXT means <= AOI p25 elevation; it is not a flood extent." }, "geometry": { "type": "Polygon", "coordinates": [ [ [ 127.31875, 36.605 ], [ 127.31875, 36.608125 ], [ 127.3155, 36.608125 ], [ 127.3155, 36.605 ], [ 127.31875, 36.605 ] ] ] } },
{ "type": "Feature", "properties": { "grid_id": "dem-23-15", "mean_elevation_m": 26.13, "terrain_class": "LOW_ELEVATION_CONTEXT", "threshold_note": "LOW_ELEVATION_CONTEXT means <= AOI p25 elevation; it is not a flood extent." }, "geometry": { "type": "Polygon", "coordinates": [ [ [ 127.322, 36.605 ], [ 127.322, 36.608125 ], [ 127.31875, 36.608125 ], [ 127.31875, 36.605 ], [ 127.322, 36.605 ] ] ] } },
{ "type": "Feature", "properties": { "grid_id": "dem-23-16", "mean_elevation_m": 26.84, "terrain_class": "LOW_ELEVATION_CONTEXT", "threshold_note": "LOW_ELEVATION_CONTEXT means <= AOI p25 elevation; it is not a flood extent." }, "geometry": { "type": "Polygon", "coordinates": [ [ [ 127.32525, 36.605 ], [ 127.32525, 36.608125 ], [ 127.322, 36.608125 ], [ 127.322, 36.605 ], [ 127.32525, 36.605 ] ] ] } },
{ "type": "Feature", "properties": { "grid_id": "dem-23-17", "mean_elevation_m": 24.76, "terrain_class": "LOW_ELEVATION_CONTEXT", "threshold_note": "LOW_ELEVATION_CONTEXT means <= AOI p25 elevation; it is not a flood extent." }, "geometry": { "type": "Polygon", "coordinates": [ [ [ 127.3285, 36.605 ], [ 127.3285, 36.608125 ], [ 127.32525, 36.608125 ], [ 127.32525, 36.605 ], [ 127.3285, 36.605 ] ] ] } },
{ "type": "Feature", "properties": { "grid_id": "dem-23-18", "mean_elevation_m": 24.72, "terrain_class": "LOW_ELEVATION_CONTEXT", "threshold_note": "LOW_ELEVATION_CONTEXT means <= AOI p25 elevation; it is not a flood extent." }, "geometry": { "type": "Polygon", "coordinates": [ [ [ 127.33175, 36.605 ], [ 127.33175, 36.608125 ], [ 127.3285, 36.608125 ], [ 127.3285, 36.605 ], [ 127.33175, 36.605 ] ] ] } },
{ "type": "Feature", "properties": { "grid_id": "dem-23-19", "mean_elevation_m": 24.61, "terrain_class": "LOW_ELEVATION_CONTEXT", "threshold_note": "LOW_ELEVATION_CONTEXT means <= AOI p25 elevation; it is not a flood extent." }, "geometry": { "type": "Polygon", "coordinates": [ [ [ 127.335, 36.605 ], [ 127.335, 36.608125 ], [ 127.33175, 36.608125 ], [ 127.33175, 36.605 ], [ 127.335, 36.605 ] ] ] } },
{ "type": "Feature", "properties": { "grid_id": "dem-23-20", "mean_elevation_m": 25.2, "terrain_class": "LOW_ELEVATION_CONTEXT", "threshold_note": "LOW_ELEVATION_CONTEXT means <= AOI p25 elevation; it is not a flood extent." }, "geometry": { "type": "Polygon", "coordinates": [ [ [ 127.33825, 36.605 ], [ 127.33825, 36.608125 ], [ 127.335, 36.608125 ], [ 127.335, 36.605 ], [ 127.33825, 36.605 ] ] ] } },
{ "type": "Feature", "properties": { "grid_id": "dem-23-21", "mean_elevation_m": 27.99, "terrain_class": "LOW_ELEVATION_CONTEXT", "threshold_note": "LOW_ELEVATION_CONTEXT means <= AOI p25 elevation; it is not a flood extent." }, "geometry": { "type": "Polygon", "coordinates": [ [ [ 127.3415, 36.605 ], [ 127.3415, 36.608125 ], [ 127.33825, 36.608125 ], [ 127.33825, 36.605 ], [ 127.3415, 36.605 ] ] ] } },
{ "type": "Feature", "properties": { "grid_id": "dem-23-22", "mean_elevation_m": 23.65, "terrain_class": "LOW_ELEVATION_CONTEXT", "threshold_note": "LOW_ELEVATION_CONTEXT means <= AOI p25 elevation; it is not a flood extent." }, "geometry": { "type": "Polygon", "coordinates": [ [ [ 127.34475, 36.605 ], [ 127.34475, 36.608125 ], [ 127.3415, 36.608125 ], [ 127.3415, 36.605 ], [ 127.34475, 36.605 ] ] ] } },
{ "type": "Feature", "properties": { "grid_id": "dem-23-23", "mean_elevation_m": 22.28, "terrain_class": "LOW_ELEVATION_CONTEXT", "threshold_note": "LOW_ELEVATION_CONTEXT means <= AOI p25 elevation; it is not a flood extent." }, "geometry": { "type": "Polygon", "coordinates": [ [ [ 127.348, 36.605 ], [ 127.348, 36.608125 ], [ 127.34475, 36.608125 ], [ 127.34475, 36.605 ], [ 127.348, 36.605 ] ] ] } },
{ "type": "Feature", "properties": { "grid_id": "dem-23-24", "mean_elevation_m": 33.41, "terrain_class": "TERRAIN_CONTEXT", "threshold_note": "LOW_ELEVATION_CONTEXT means <= AOI p25 elevation; it is not a flood extent." }, "geometry": { "type": "Polygon", "coordinates": [ [ [ 127.35125, 36.605 ], [ 127.35125, 36.608125 ], [ 127.348, 36.608125 ], [ 127.348, 36.605 ], [ 127.35125, 36.605 ] ] ] } },
{ "type": "Feature", "properties": { "grid_id": "dem-23-25", "mean_elevation_m": 30.36, "terrain_class": "TERRAIN_CONTEXT", "threshold_note": "LOW_ELEVATION_CONTEXT means <= AOI p25 elevation; it is not a flood extent." }, "geometry": { "type": "Polygon", "coordinates": [ [ [ 127.3545, 36.605 ], [ 127.3545, 36.608125 ], [ 127.35125, 36.608125 ], [ 127.35125, 36.605 ], [ 127.3545, 36.605 ] ] ] } },
{ "type": "Feature", "properties": { "grid_id": "dem-23-26", "mean_elevation_m": 36.85, "terrain_class": "TERRAIN_CONTEXT", "threshold_note": "LOW_ELEVATION_CONTEXT means <= AOI p25 elevation; it is not a flood extent." }, "geometry": { "type": "Polygon", "coordinates": [ [ [ 127.35775, 36.605 ], [ 127.35775, 36.608125 ], [ 127.3545, 36.608125 ], [ 127.3545, 36.605 ], [ 127.35775, 36.605 ] ] ] } },
{ "type": "Feature", "properties": { "grid_id": "dem-23-27", "mean_elevation_m": 50.9, "terrain_class": "TERRAIN_CONTEXT", "threshold_note": "LOW_ELEVATION_CONTEXT means <= AOI p25 elevation; it is not a flood extent." }, "geometry": { "type": "Polygon", "coordinates": [ [ [ 127.361, 36.605 ], [ 127.361, 36.608125 ], [ 127.35775, 36.608125 ], [ 127.35775, 36.605 ], [ 127.361, 36.605 ] ] ] } },
{ "type": "Feature", "properties": { "grid_id": "dem-23-28", "mean_elevation_m": 48.74, "terrain_class": "TERRAIN_CONTEXT", "threshold_note": "LOW_ELEVATION_CONTEXT means <= AOI p25 elevation; it is not a flood extent." }, "geometry": { "type": "Polygon", "coordinates": [ [ [ 127.36425, 36.605 ], [ 127.36425, 36.608125 ], [ 127.361, 36.608125 ], [ 127.361, 36.605 ], [ 127.36425, 36.605 ] ] ] } },
{ "type": "Feature", "properties": { "grid_id": "dem-23-29", "mean_elevation_m": 61.42, "terrain_class": "TERRAIN_CONTEXT", "threshold_note": "LOW_ELEVATION_CONTEXT means <= AOI p25 elevation; it is not a flood extent." }, "geometry": { "type": "Polygon", "coordinates": [ [ [ 127.3675, 36.605 ], [ 127.3675, 36.608125 ], [ 127.36425, 36.608125 ], [ 127.36425, 36.605 ], [ 127.3675, 36.605 ] ] ] } },
{ "type": "Feature", "properties": { "grid_id": "dem-23-30", "mean_elevation_m": 103.74, "terrain_class": "TERRAIN_CONTEXT", "threshold_note": "LOW_ELEVATION_CONTEXT means <= AOI p25 elevation; it is not a flood extent." }, "geometry": { "type": "Polygon", "coordinates": [ [ [ 127.37075, 36.605 ], [ 127.37075, 36.608125 ], [ 127.3675, 36.608125 ], [ 127.3675, 36.605 ], [ 127.37075, 36.605 ] ] ] } },
{ "type": "Feature", "properties": { "grid_id": "dem-23-31", "mean_elevation_m": 91.15, "terrain_class": "TERRAIN_CONTEXT", "threshold_note": "LOW_ELEVATION_CONTEXT means <= AOI p25 elevation; it is not a flood extent." }, "geometry": { "type": "Polygon", "coordinates": [ [ [ 127.374, 36.605 ], [ 127.374, 36.608125 ], [ 127.37075, 36.608125 ], [ 127.37075, 36.605 ], [ 127.374, 36.605 ] ] ] } },
{ "type": "Feature", "properties": { "grid_id": "dem-23-32", "mean_elevation_m": 112.95, "terrain_class": "TERRAIN_CONTEXT", "threshold_note": "LOW_ELEVATION_CONTEXT means <= AOI p25 elevation; it is not a flood extent." }, "geometry": { "type": "Polygon", "coordinates": [ [ [ 127.37725, 36.605 ], [ 127.37725, 36.608125 ], [ 127.374, 36.608125 ], [ 127.374, 36.605 ], [ 127.37725, 36.605 ] ] ] } },
{ "type": "Feature", "properties": { "grid_id": "dem-23-33", "mean_elevation_m": 103.89, "terrain_class": "TERRAIN_CONTEXT", "threshold_note": "LOW_ELEVATION_CONTEXT means <= AOI p25 elevation; it is not a flood extent." }, "geometry": { "type": "Polygon", "coordinates": [ [ [ 127.3805, 36.605 ], [ 127.3805, 36.608125 ], [ 127.37725, 36.608125 ], [ 127.37725, 36.605 ], [ 127.3805, 36.605 ] ] ] } },
{ "type": "Feature", "properties": { "grid_id": "dem-23-34", "mean_elevation_m": 82.42, "terrain_class": "TERRAIN_CONTEXT", "threshold_note": "LOW_ELEVATION_CONTEXT means <= AOI p25 elevation; it is not a flood extent." }, "geometry": { "type": "Polygon", "coordinates": [ [ [ 127.38375, 36.605 ], [ 127.38375, 36.608125 ], [ 127.3805, 36.608125 ], [ 127.3805, 36.605 ], [ 127.38375, 36.605 ] ] ] } },
{ "type": "Feature", "properties": { "grid_id": "dem-23-35", "mean_elevation_m": 89.94, "terrain_class": "TERRAIN_CONTEXT", "threshold_note": "LOW_ELEVATION_CONTEXT means <= AOI p25 elevation; it is not a flood extent." }, "geometry": { "type": "Polygon", "coordinates": [ [ [ 127.387, 36.605 ], [ 127.387, 36.608125 ], [ 127.38375, 36.608125 ], [ 127.38375, 36.605 ], [ 127.387, 36.605 ] ] ] } },
{ "type": "Feature", "properties": { "grid_id": "dem-23-36", "mean_elevation_m": 65.87, "terrain_class": "TERRAIN_CONTEXT", "threshold_note": "LOW_ELEVATION_CONTEXT means <= AOI p25 elevation; it is not a flood extent." }, "geometry": { "type": "Polygon", "coordinates": [ [ [ 127.39025, 36.605 ], [ 127.39025, 36.608125 ], [ 127.387, 36.608125 ], [ 127.387, 36.605 ], [ 127.39025, 36.605 ] ] ] } },
{ "type": "Feature", "properties": { "grid_id": "dem-23-37", "mean_elevation_m": 78.53, "terrain_class": "TERRAIN_CONTEXT", "threshold_note": "LOW_ELEVATION_CONTEXT means <= AOI p25 elevation; it is not a flood extent." }, "geometry": { "type": "Polygon", "coordinates": [ [ [ 127.3935, 36.605 ], [ 127.3935, 36.608125 ], [ 127.39025, 36.608125 ], [ 127.39025, 36.605 ], [ 127.3935, 36.605 ] ] ] } },
{ "type": "Feature", "properties": { "grid_id": "dem-23-38", "mean_elevation_m": 74.5, "terrain_class": "TERRAIN_CONTEXT", "threshold_note": "LOW_ELEVATION_CONTEXT means <= AOI p25 elevation; it is not a flood extent." }, "geometry": { "type": "Polygon", "coordinates": [ [ [ 127.39675, 36.605 ], [ 127.39675, 36.608125 ], [ 127.3935, 36.608125 ], [ 127.3935, 36.605 ], [ 127.39675, 36.605 ] ] ] } },
{ "type": "Feature", "properties": { "grid_id": "dem-23-39", "mean_elevation_m": 62.85, "terrain_class": "TERRAIN_CONTEXT", "threshold_note": "LOW_ELEVATION_CONTEXT means <= AOI p25 elevation; it is not a flood extent." }, "geometry": { "type": "Polygon", "coordinates": [ [ [ 127.4, 36.605 ], [ 127.4, 36.608125 ], [ 127.39675, 36.608125 ], [ 127.39675, 36.605 ], [ 127.4, 36.605 ] ] ] } },
{ "type": "Feature", "properties": { "grid_id": "dem-24-00", "mean_elevation_m": 82.85, "terrain_class": "TERRAIN_CONTEXT", "threshold_note": "LOW_ELEVATION_CONTEXT means <= AOI p25 elevation; it is not a flood extent." }, "geometry": { "type": "Polygon", "coordinates": [ [ [ 127.27325, 36.601875 ], [ 127.27325, 36.605 ], [ 127.27, 36.605 ], [ 127.27, 36.601875 ], [ 127.27325, 36.601875 ] ] ] } },
{ "type": "Feature", "properties": { "grid_id": "dem-24-01", "mean_elevation_m": 60.37, "terrain_class": "TERRAIN_CONTEXT", "threshold_note": "LOW_ELEVATION_CONTEXT means <= AOI p25 elevation; it is not a flood extent." }, "geometry": { "type": "Polygon", "coordinates": [ [ [ 127.2765, 36.601875 ], [ 127.2765, 36.605 ], [ 127.27325, 36.605 ], [ 127.27325, 36.601875 ], [ 127.2765, 36.601875 ] ] ] } },
{ "type": "Feature", "properties": { "grid_id": "dem-24-02", "mean_elevation_m": 46.2, "terrain_class": "TERRAIN_CONTEXT", "threshold_note": "LOW_ELEVATION_CONTEXT means <= AOI p25 elevation; it is not a flood extent." }, "geometry": { "type": "Polygon", "coordinates": [ [ [ 127.27975, 36.601875 ], [ 127.27975, 36.605 ], [ 127.2765, 36.605 ], [ 127.2765, 36.601875 ], [ 127.27975, 36.601875 ] ] ] } },
{ "type": "Feature", "properties": { "grid_id": "dem-24-03", "mean_elevation_m": 37.69, "terrain_class": "TERRAIN_CONTEXT", "threshold_note": "LOW_ELEVATION_CONTEXT means <= AOI p25 elevation; it is not a flood extent." }, "geometry": { "type": "Polygon", "coordinates": [ [ [ 127.283, 36.601875 ], [ 127.283, 36.605 ], [ 127.27975, 36.605 ], [ 127.27975, 36.601875 ], [ 127.283, 36.601875 ] ] ] } },
{ "type": "Feature", "properties": { "grid_id": "dem-24-04", "mean_elevation_m": 35.58, "terrain_class": "TERRAIN_CONTEXT", "threshold_note": "LOW_ELEVATION_CONTEXT means <= AOI p25 elevation; it is not a flood extent." }, "geometry": { "type": "Polygon", "coordinates": [ [ [ 127.28625, 36.601875 ], [ 127.28625, 36.605 ], [ 127.283, 36.605 ], [ 127.283, 36.601875 ], [ 127.28625, 36.601875 ] ] ] } },
{ "type": "Feature", "properties": { "grid_id": "dem-24-05", "mean_elevation_m": 36.98, "terrain_class": "TERRAIN_CONTEXT", "threshold_note": "LOW_ELEVATION_CONTEXT means <= AOI p25 elevation; it is not a flood extent." }, "geometry": { "type": "Polygon", "coordinates": [ [ [ 127.2895, 36.601875 ], [ 127.2895, 36.605 ], [ 127.28625, 36.605 ], [ 127.28625, 36.601875 ], [ 127.2895, 36.601875 ] ] ] } },
{ "type": "Feature", "properties": { "grid_id": "dem-24-06", "mean_elevation_m": 35.15, "terrain_class": "TERRAIN_CONTEXT", "threshold_note": "LOW_ELEVATION_CONTEXT means <= AOI p25 elevation; it is not a flood extent." }, "geometry": { "type": "Polygon", "coordinates": [ [ [ 127.29275, 36.601875 ], [ 127.29275, 36.605 ], [ 127.2895, 36.605 ], [ 127.2895, 36.601875 ], [ 127.29275, 36.601875 ] ] ] } },
{ "type": "Feature", "properties": { "grid_id": "dem-24-07", "mean_elevation_m": 31.61, "terrain_class": "TERRAIN_CONTEXT", "threshold_note": "LOW_ELEVATION_CONTEXT means <= AOI p25 elevation; it is not a flood extent." }, "geometry": { "type": "Polygon", "coordinates": [ [ [ 127.296, 36.601875 ], [ 127.296, 36.605 ], [ 127.29275, 36.605 ], [ 127.29275, 36.601875 ], [ 127.296, 36.601875 ] ] ] } },
{ "type": "Feature", "properties": { "grid_id": "dem-24-08", "mean_elevation_m": 29.34, "terrain_class": "LOW_ELEVATION_CONTEXT", "threshold_note": "LOW_ELEVATION_CONTEXT means <= AOI p25 elevation; it is not a flood extent." }, "geometry": { "type": "Polygon", "coordinates": [ [ [ 127.29925, 36.601875 ], [ 127.29925, 36.605 ], [ 127.296, 36.605 ], [ 127.296, 36.601875 ], [ 127.29925, 36.601875 ] ] ] } },
{ "type": "Feature", "properties": { "grid_id": "dem-24-09", "mean_elevation_m": 28.69, "terrain_class": "LOW_ELEVATION_CONTEXT", "threshold_note": "LOW_ELEVATION_CONTEXT means <= AOI p25 elevation; it is not a flood extent." }, "geometry": { "type": "Polygon", "coordinates": [ [ [ 127.3025, 36.601875 ], [ 127.3025, 36.605 ], [ 127.29925, 36.605 ], [ 127.29925, 36.601875 ], [ 127.3025, 36.601875 ] ] ] } },
{ "type": "Feature", "properties": { "grid_id": "dem-24-10", "mean_elevation_m": 27.22, "terrain_class": "LOW_ELEVATION_CONTEXT", "threshold_note": "LOW_ELEVATION_CONTEXT means <= AOI p25 elevation; it is not a flood extent." }, "geometry": { "type": "Polygon", "coordinates": [ [ [ 127.30575, 36.601875 ], [ 127.30575, 36.605 ], [ 127.3025, 36.605 ], [ 127.3025, 36.601875 ], [ 127.30575, 36.601875 ] ] ] } },
{ "type": "Feature", "properties": { "grid_id": "dem-24-11", "mean_elevation_m": 26.39, "terrain_class": "LOW_ELEVATION_CONTEXT", "threshold_note": "LOW_ELEVATION_CONTEXT means <= AOI p25 elevation; it is not a flood extent." }, "geometry": { "type": "Polygon", "coordinates": [ [ [ 127.309, 36.601875 ], [ 127.309, 36.605 ], [ 127.30575, 36.605 ], [ 127.30575, 36.601875 ], [ 127.309, 36.601875 ] ] ] } },
{ "type": "Feature", "properties": { "grid_id": "dem-24-12", "mean_elevation_m": 25.34, "terrain_class": "LOW_ELEVATION_CONTEXT", "threshold_note": "LOW_ELEVATION_CONTEXT means <= AOI p25 elevation; it is not a flood extent." }, "geometry": { "type": "Polygon", "coordinates": [ [ [ 127.31225, 36.601875 ], [ 127.31225, 36.605 ], [ 127.309, 36.605 ], [ 127.309, 36.601875 ], [ 127.31225, 36.601875 ] ] ] } },
{ "type": "Feature", "properties": { "grid_id": "dem-24-13", "mean_elevation_m": 23.96, "terrain_class": "LOW_ELEVATION_CONTEXT", "threshold_note": "LOW_ELEVATION_CONTEXT means <= AOI p25 elevation; it is not a flood extent." }, "geometry": { "type": "Polygon", "coordinates": [ [ [ 127.3155, 36.601875 ], [ 127.3155, 36.605 ], [ 127.31225, 36.605 ], [ 127.31225, 36.601875 ], [ 127.3155, 36.601875 ] ] ] } },
{ "type": "Feature", "properties": { "grid_id": "dem-24-14", "mean_elevation_m": 25.37, "terrain_class": "LOW_ELEVATION_CONTEXT", "threshold_note": "LOW_ELEVATION_CONTEXT means <= AOI p25 elevation; it is not a flood extent." }, "geometry": { "type": "Polygon", "coordinates": [ [ [ 127.31875, 36.601875 ], [ 127.31875, 36.605 ], [ 127.3155, 36.605 ], [ 127.3155, 36.601875 ], [ 127.31875, 36.601875 ] ] ] } },
{ "type": "Feature", "properties": { "grid_id": "dem-24-15", "mean_elevation_m": 25.31, "terrain_class": "LOW_ELEVATION_CONTEXT", "threshold_note": "LOW_ELEVATION_CONTEXT means <= AOI p25 elevation; it is not a flood extent." }, "geometry": { "type": "Polygon", "coordinates": [ [ [ 127.322, 36.601875 ], [ 127.322, 36.605 ], [ 127.31875, 36.605 ], [ 127.31875, 36.601875 ], [ 127.322, 36.601875 ] ] ] } },
{ "type": "Feature", "properties": { "grid_id": "dem-24-16", "mean_elevation_m": 25.56, "terrain_class": "LOW_ELEVATION_CONTEXT", "threshold_note": "LOW_ELEVATION_CONTEXT means <= AOI p25 elevation; it is not a flood extent." }, "geometry": { "type": "Polygon", "coordinates": [ [ [ 127.32525, 36.601875 ], [ 127.32525, 36.605 ], [ 127.322, 36.605 ], [ 127.322, 36.601875 ], [ 127.32525, 36.601875 ] ] ] } },
{ "type": "Feature", "properties": { "grid_id": "dem-24-17", "mean_elevation_m": 24.81, "terrain_class": "LOW_ELEVATION_CONTEXT", "threshold_note": "LOW_ELEVATION_CONTEXT means <= AOI p25 elevation; it is not a flood extent." }, "geometry": { "type": "Polygon", "coordinates": [ [ [ 127.3285, 36.601875 ], [ 127.3285, 36.605 ], [ 127.32525, 36.605 ], [ 127.32525, 36.601875 ], [ 127.3285, 36.601875 ] ] ] } },
{ "type": "Feature", "properties": { "grid_id": "dem-24-18", "mean_elevation_m": 23.82, "terrain_class": "LOW_ELEVATION_CONTEXT", "threshold_note": "LOW_ELEVATION_CONTEXT means <= AOI p25 elevation; it is not a flood extent." }, "geometry": { "type": "Polygon", "coordinates": [ [ [ 127.33175, 36.601875 ], [ 127.33175, 36.605 ], [ 127.3285, 36.605 ], [ 127.3285, 36.601875 ], [ 127.33175, 36.601875 ] ] ] } },
{ "type": "Feature", "properties": { "grid_id": "dem-24-19", "mean_elevation_m": 24.39, "terrain_class": "LOW_ELEVATION_CONTEXT", "threshold_note": "LOW_ELEVATION_CONTEXT means <= AOI p25 elevation; it is not a flood extent." }, "geometry": { "type": "Polygon", "coordinates": [ [ [ 127.335, 36.601875 ], [ 127.335, 36.605 ], [ 127.33175, 36.605 ], [ 127.33175, 36.601875 ], [ 127.335, 36.601875 ] ] ] } },
{ "type": "Feature", "properties": { "grid_id": "dem-24-20", "mean_elevation_m": 24.73, "terrain_class": "LOW_ELEVATION_CONTEXT", "threshold_note": "LOW_ELEVATION_CONTEXT means <= AOI p25 elevation; it is not a flood extent." }, "geometry": { "type": "Polygon", "coordinates": [ [ [ 127.33825, 36.601875 ], [ 127.33825, 36.605 ], [ 127.335, 36.605 ], [ 127.335, 36.601875 ], [ 127.33825, 36.601875 ] ] ] } },
{ "type": "Feature", "properties": { "grid_id": "dem-24-21", "mean_elevation_m": 26.04, "terrain_class": "LOW_ELEVATION_CONTEXT", "threshold_note": "LOW_ELEVATION_CONTEXT means <= AOI p25 elevation; it is not a flood extent." }, "geometry": { "type": "Polygon", "coordinates": [ [ [ 127.3415, 36.601875 ], [ 127.3415, 36.605 ], [ 127.33825, 36.605 ], [ 127.33825, 36.601875 ], [ 127.3415, 36.601875 ] ] ] } },
{ "type": "Feature", "properties": { "grid_id": "dem-24-22", "mean_elevation_m": 21.38, "terrain_class": "LOW_ELEVATION_CONTEXT", "threshold_note": "LOW_ELEVATION_CONTEXT means <= AOI p25 elevation; it is not a flood extent." }, "geometry": { "type": "Polygon", "coordinates": [ [ [ 127.34475, 36.601875 ], [ 127.34475, 36.605 ], [ 127.3415, 36.605 ], [ 127.3415, 36.601875 ], [ 127.34475, 36.601875 ] ] ] } },
{ "type": "Feature", "properties": { "grid_id": "dem-24-23", "mean_elevation_m": 23.49, "terrain_class": "LOW_ELEVATION_CONTEXT", "threshold_note": "LOW_ELEVATION_CONTEXT means <= AOI p25 elevation; it is not a flood extent." }, "geometry": { "type": "Polygon", "coordinates": [ [ [ 127.348, 36.601875 ], [ 127.348, 36.605 ], [ 127.34475, 36.605 ], [ 127.34475, 36.601875 ], [ 127.348, 36.601875 ] ] ] } },
{ "type": "Feature", "properties": { "grid_id": "dem-24-24", "mean_elevation_m": 25.7, "terrain_class": "LOW_ELEVATION_CONTEXT", "threshold_note": "LOW_ELEVATION_CONTEXT means <= AOI p25 elevation; it is not a flood extent." }, "geometry": { "type": "Polygon", "coordinates": [ [ [ 127.35125, 36.601875 ], [ 127.35125, 36.605 ], [ 127.348, 36.605 ], [ 127.348, 36.601875 ], [ 127.35125, 36.601875 ] ] ] } },
{ "type": "Feature", "properties": { "grid_id": "dem-24-25", "mean_elevation_m": 33.34, "terrain_class": "TERRAIN_CONTEXT", "threshold_note": "LOW_ELEVATION_CONTEXT means <= AOI p25 elevation; it is not a flood extent." }, "geometry": { "type": "Polygon", "coordinates": [ [ [ 127.3545, 36.601875 ], [ 127.3545, 36.605 ], [ 127.35125, 36.605 ], [ 127.35125, 36.601875 ], [ 127.3545, 36.601875 ] ] ] } },
{ "type": "Feature", "properties": { "grid_id": "dem-24-26", "mean_elevation_m": 35.68, "terrain_class": "TERRAIN_CONTEXT", "threshold_note": "LOW_ELEVATION_CONTEXT means <= AOI p25 elevation; it is not a flood extent." }, "geometry": { "type": "Polygon", "coordinates": [ [ [ 127.35775, 36.601875 ], [ 127.35775, 36.605 ], [ 127.3545, 36.605 ], [ 127.3545, 36.601875 ], [ 127.35775, 36.601875 ] ] ] } },
{ "type": "Feature", "properties": { "grid_id": "dem-24-27", "mean_elevation_m": 37.21, "terrain_class": "TERRAIN_CONTEXT", "threshold_note": "LOW_ELEVATION_CONTEXT means <= AOI p25 elevation; it is not a flood extent." }, "geometry": { "type": "Polygon", "coordinates": [ [ [ 127.361, 36.601875 ], [ 127.361, 36.605 ], [ 127.35775, 36.605 ], [ 127.35775, 36.601875 ], [ 127.361, 36.601875 ] ] ] } },
{ "type": "Feature", "properties": { "grid_id": "dem-24-28", "mean_elevation_m": 46.05, "terrain_class": "TERRAIN_CONTEXT", "threshold_note": "LOW_ELEVATION_CONTEXT means <= AOI p25 elevation; it is not a flood extent." }, "geometry": { "type": "Polygon", "coordinates": [ [ [ 127.36425, 36.601875 ], [ 127.36425, 36.605 ], [ 127.361, 36.605 ], [ 127.361, 36.601875 ], [ 127.36425, 36.601875 ] ] ] } },
{ "type": "Feature", "properties": { "grid_id": "dem-24-29", "mean_elevation_m": 63.5, "terrain_class": "TERRAIN_CONTEXT", "threshold_note": "LOW_ELEVATION_CONTEXT means <= AOI p25 elevation; it is not a flood extent." }, "geometry": { "type": "Polygon", "coordinates": [ [ [ 127.3675, 36.601875 ], [ 127.3675, 36.605 ], [ 127.36425, 36.605 ], [ 127.36425, 36.601875 ], [ 127.3675, 36.601875 ] ] ] } },
{ "type": "Feature", "properties": { "grid_id": "dem-24-30", "mean_elevation_m": 87.3, "terrain_class": "TERRAIN_CONTEXT", "threshold_note": "LOW_ELEVATION_CONTEXT means <= AOI p25 elevation; it is not a flood extent." }, "geometry": { "type": "Polygon", "coordinates": [ [ [ 127.37075, 36.601875 ], [ 127.37075, 36.605 ], [ 127.3675, 36.605 ], [ 127.3675, 36.601875 ], [ 127.37075, 36.601875 ] ] ] } },
{ "type": "Feature", "properties": { "grid_id": "dem-24-31", "mean_elevation_m": 73.97, "terrain_class": "TERRAIN_CONTEXT", "threshold_note": "LOW_ELEVATION_CONTEXT means <= AOI p25 elevation; it is not a flood extent." }, "geometry": { "type": "Polygon", "coordinates": [ [ [ 127.374, 36.601875 ], [ 127.374, 36.605 ], [ 127.37075, 36.605 ], [ 127.37075, 36.601875 ], [ 127.374, 36.601875 ] ] ] } },
{ "type": "Feature", "properties": { "grid_id": "dem-24-32", "mean_elevation_m": 88.68, "terrain_class": "TERRAIN_CONTEXT", "threshold_note": "LOW_ELEVATION_CONTEXT means <= AOI p25 elevation; it is not a flood extent." }, "geometry": { "type": "Polygon", "coordinates": [ [ [ 127.37725, 36.601875 ], [ 127.37725, 36.605 ], [ 127.374, 36.605 ], [ 127.374, 36.601875 ], [ 127.37725, 36.601875 ] ] ] } },
{ "type": "Feature", "properties": { "grid_id": "dem-24-33", "mean_elevation_m": 126.47, "terrain_class": "TERRAIN_CONTEXT", "threshold_note": "LOW_ELEVATION_CONTEXT means <= AOI p25 elevation; it is not a flood extent." }, "geometry": { "type": "Polygon", "coordinates": [ [ [ 127.3805, 36.601875 ], [ 127.3805, 36.605 ], [ 127.37725, 36.605 ], [ 127.37725, 36.601875 ], [ 127.3805, 36.601875 ] ] ] } },
{ "type": "Feature", "properties": { "grid_id": "dem-24-34", "mean_elevation_m": 118.43, "terrain_class": "TERRAIN_CONTEXT", "threshold_note": "LOW_ELEVATION_CONTEXT means <= AOI p25 elevation; it is not a flood extent." }, "geometry": { "type": "Polygon", "coordinates": [ [ [ 127.38375, 36.601875 ], [ 127.38375, 36.605 ], [ 127.3805, 36.605 ], [ 127.3805, 36.601875 ], [ 127.38375, 36.601875 ] ] ] } },
{ "type": "Feature", "properties": { "grid_id": "dem-24-35", "mean_elevation_m": 99.95, "terrain_class": "TERRAIN_CONTEXT", "threshold_note": "LOW_ELEVATION_CONTEXT means <= AOI p25 elevation; it is not a flood extent." }, "geometry": { "type": "Polygon", "coordinates": [ [ [ 127.387, 36.601875 ], [ 127.387, 36.605 ], [ 127.38375, 36.605 ], [ 127.38375, 36.601875 ], [ 127.387, 36.601875 ] ] ] } },
{ "type": "Feature", "properties": { "grid_id": "dem-24-36", "mean_elevation_m": 88.96, "terrain_class": "TERRAIN_CONTEXT", "threshold_note": "LOW_ELEVATION_CONTEXT means <= AOI p25 elevation; it is not a flood extent." }, "geometry": { "type": "Polygon", "coordinates": [ [ [ 127.39025, 36.601875 ], [ 127.39025, 36.605 ], [ 127.387, 36.605 ], [ 127.387, 36.601875 ], [ 127.39025, 36.601875 ] ] ] } },
{ "type": "Feature", "properties": { "grid_id": "dem-24-37", "mean_elevation_m": 90.54, "terrain_class": "TERRAIN_CONTEXT", "threshold_note": "LOW_ELEVATION_CONTEXT means <= AOI p25 elevation; it is not a flood extent." }, "geometry": { "type": "Polygon", "coordinates": [ [ [ 127.3935, 36.601875 ], [ 127.3935, 36.605 ], [ 127.39025, 36.605 ], [ 127.39025, 36.601875 ], [ 127.3935, 36.601875 ] ] ] } },
{ "type": "Feature", "properties": { "grid_id": "dem-24-38", "mean_elevation_m": 82.37, "terrain_class": "TERRAIN_CONTEXT", "threshold_note": "LOW_ELEVATION_CONTEXT means <= AOI p25 elevation; it is not a flood extent." }, "geometry": { "type": "Polygon", "coordinates": [ [ [ 127.39675, 36.601875 ], [ 127.39675, 36.605 ], [ 127.3935, 36.605 ], [ 127.3935, 36.601875 ], [ 127.39675, 36.601875 ] ] ] } },
{ "type": "Feature", "properties": { "grid_id": "dem-24-39", "mean_elevation_m": 81.89, "terrain_class": "TERRAIN_CONTEXT", "threshold_note": "LOW_ELEVATION_CONTEXT means <= AOI p25 elevation; it is not a flood extent." }, "geometry": { "type": "Polygon", "coordinates": [ [ [ 127.4, 36.601875 ], [ 127.4, 36.605 ], [ 127.39675, 36.605 ], [ 127.39675, 36.601875 ], [ 127.4, 36.601875 ] ] ] } },
{ "type": "Feature", "properties": { "grid_id": "dem-25-00", "mean_elevation_m": 60.91, "terrain_class": "TERRAIN_CONTEXT", "threshold_note": "LOW_ELEVATION_CONTEXT means <= AOI p25 elevation; it is not a flood extent." }, "geometry": { "type": "Polygon", "coordinates": [ [ [ 127.27325, 36.59875 ], [ 127.27325, 36.601875 ], [ 127.27, 36.601875 ], [ 127.27, 36.59875 ], [ 127.27325, 36.59875 ] ] ] } },
{ "type": "Feature", "properties": { "grid_id": "dem-25-01", "mean_elevation_m": 49.56, "terrain_class": "TERRAIN_CONTEXT", "threshold_note": "LOW_ELEVATION_CONTEXT means <= AOI p25 elevation; it is not a flood extent." }, "geometry": { "type": "Polygon", "coordinates": [ [ [ 127.2765, 36.59875 ], [ 127.2765, 36.601875 ], [ 127.27325, 36.601875 ], [ 127.27325, 36.59875 ], [ 127.2765, 36.59875 ] ] ] } },
{ "type": "Feature", "properties": { "grid_id": "dem-25-02", "mean_elevation_m": 45.76, "terrain_class": "TERRAIN_CONTEXT", "threshold_note": "LOW_ELEVATION_CONTEXT means <= AOI p25 elevation; it is not a flood extent." }, "geometry": { "type": "Polygon", "coordinates": [ [ [ 127.27975, 36.59875 ], [ 127.27975, 36.601875 ], [ 127.2765, 36.601875 ], [ 127.2765, 36.59875 ], [ 127.27975, 36.59875 ] ] ] } },
{ "type": "Feature", "properties": { "grid_id": "dem-25-03", "mean_elevation_m": 45.95, "terrain_class": "TERRAIN_CONTEXT", "threshold_note": "LOW_ELEVATION_CONTEXT means <= AOI p25 elevation; it is not a flood extent." }, "geometry": { "type": "Polygon", "coordinates": [ [ [ 127.283, 36.59875 ], [ 127.283, 36.601875 ], [ 127.27975, 36.601875 ], [ 127.27975, 36.59875 ], [ 127.283, 36.59875 ] ] ] } },
{ "type": "Feature", "properties": { "grid_id": "dem-25-04", "mean_elevation_m": 50.45, "terrain_class": "TERRAIN_CONTEXT", "threshold_note": "LOW_ELEVATION_CONTEXT means <= AOI p25 elevation; it is not a flood extent." }, "geometry": { "type": "Polygon", "coordinates": [ [ [ 127.28625, 36.59875 ], [ 127.28625, 36.601875 ], [ 127.283, 36.601875 ], [ 127.283, 36.59875 ], [ 127.28625, 36.59875 ] ] ] } },
{ "type": "Feature", "properties": { "grid_id": "dem-25-05", "mean_elevation_m": 48.15, "terrain_class": "TERRAIN_CONTEXT", "threshold_note": "LOW_ELEVATION_CONTEXT means <= AOI p25 elevation; it is not a flood extent." }, "geometry": { "type": "Polygon", "coordinates": [ [ [ 127.2895, 36.59875 ], [ 127.2895, 36.601875 ], [ 127.28625, 36.601875 ], [ 127.28625, 36.59875 ], [ 127.2895, 36.59875 ] ] ] } },
{ "type": "Feature", "properties": { "grid_id": "dem-25-06", "mean_elevation_m": 40.42, "terrain_class": "TERRAIN_CONTEXT", "threshold_note": "LOW_ELEVATION_CONTEXT means <= AOI p25 elevation; it is not a flood extent." }, "geometry": { "type": "Polygon", "coordinates": [ [ [ 127.29275, 36.59875 ], [ 127.29275, 36.601875 ], [ 127.2895, 36.601875 ], [ 127.2895, 36.59875 ], [ 127.29275, 36.59875 ] ] ] } },
{ "type": "Feature", "properties": { "grid_id": "dem-25-07", "mean_elevation_m": 35.8, "terrain_class": "TERRAIN_CONTEXT", "threshold_note": "LOW_ELEVATION_CONTEXT means <= AOI p25 elevation; it is not a flood extent." }, "geometry": { "type": "Polygon", "coordinates": [ [ [ 127.296, 36.59875 ], [ 127.296, 36.601875 ], [ 127.29275, 36.601875 ], [ 127.29275, 36.59875 ], [ 127.296, 36.59875 ] ] ] } },
{ "type": "Feature", "properties": { "grid_id": "dem-25-08", "mean_elevation_m": 29.77, "terrain_class": "LOW_ELEVATION_CONTEXT", "threshold_note": "LOW_ELEVATION_CONTEXT means <= AOI p25 elevation; it is not a flood extent." }, "geometry": { "type": "Polygon", "coordinates": [ [ [ 127.29925, 36.59875 ], [ 127.29925, 36.601875 ], [ 127.296, 36.601875 ], [ 127.296, 36.59875 ], [ 127.29925, 36.59875 ] ] ] } },
{ "type": "Feature", "properties": { "grid_id": "dem-25-09", "mean_elevation_m": 29.16, "terrain_class": "LOW_ELEVATION_CONTEXT", "threshold_note": "LOW_ELEVATION_CONTEXT means <= AOI p25 elevation; it is not a flood extent." }, "geometry": { "type": "Polygon", "coordinates": [ [ [ 127.3025, 36.59875 ], [ 127.3025, 36.601875 ], [ 127.29925, 36.601875 ], [ 127.29925, 36.59875 ], [ 127.3025, 36.59875 ] ] ] } },
{ "type": "Feature", "properties": { "grid_id": "dem-25-10", "mean_elevation_m": 27.51, "terrain_class": "LOW_ELEVATION_CONTEXT", "threshold_note": "LOW_ELEVATION_CONTEXT means <= AOI p25 elevation; it is not a flood extent." }, "geometry": { "type": "Polygon", "coordinates": [ [ [ 127.30575, 36.59875 ], [ 127.30575, 36.601875 ], [ 127.3025, 36.601875 ], [ 127.3025, 36.59875 ], [ 127.30575, 36.59875 ] ] ] } },
{ "type": "Feature", "properties": { "grid_id": "dem-25-11", "mean_elevation_m": 24.97, "terrain_class": "LOW_ELEVATION_CONTEXT", "threshold_note": "LOW_ELEVATION_CONTEXT means <= AOI p25 elevation; it is not a flood extent." }, "geometry": { "type": "Polygon", "coordinates": [ [ [ 127.309, 36.59875 ], [ 127.309, 36.601875 ], [ 127.30575, 36.601875 ], [ 127.30575, 36.59875 ], [ 127.309, 36.59875 ] ] ] } },
{ "type": "Feature", "properties": { "grid_id": "dem-25-12", "mean_elevation_m": 24.63, "terrain_class": "LOW_ELEVATION_CONTEXT", "threshold_note": "LOW_ELEVATION_CONTEXT means <= AOI p25 elevation; it is not a flood extent." }, "geometry": { "type": "Polygon", "coordinates": [ [ [ 127.31225, 36.59875 ], [ 127.31225, 36.601875 ], [ 127.309, 36.601875 ], [ 127.309, 36.59875 ], [ 127.31225, 36.59875 ] ] ] } },
{ "type": "Feature", "properties": { "grid_id": "dem-25-13", "mean_elevation_m": 23.87, "terrain_class": "LOW_ELEVATION_CONTEXT", "threshold_note": "LOW_ELEVATION_CONTEXT means <= AOI p25 elevation; it is not a flood extent." }, "geometry": { "type": "Polygon", "coordinates": [ [ [ 127.3155, 36.59875 ], [ 127.3155, 36.601875 ], [ 127.31225, 36.601875 ], [ 127.31225, 36.59875 ], [ 127.3155, 36.59875 ] ] ] } },
{ "type": "Feature", "properties": { "grid_id": "dem-25-14", "mean_elevation_m": 24.37, "terrain_class": "LOW_ELEVATION_CONTEXT", "threshold_note": "LOW_ELEVATION_CONTEXT means <= AOI p25 elevation; it is not a flood extent." }, "geometry": { "type": "Polygon", "coordinates": [ [ [ 127.31875, 36.59875 ], [ 127.31875, 36.601875 ], [ 127.3155, 36.601875 ], [ 127.3155, 36.59875 ], [ 127.31875, 36.59875 ] ] ] } },
{ "type": "Feature", "properties": { "grid_id": "dem-25-15", "mean_elevation_m": 24.24, "terrain_class": "LOW_ELEVATION_CONTEXT", "threshold_note": "LOW_ELEVATION_CONTEXT means <= AOI p25 elevation; it is not a flood extent." }, "geometry": { "type": "Polygon", "coordinates": [ [ [ 127.322, 36.59875 ], [ 127.322, 36.601875 ], [ 127.31875, 36.601875 ], [ 127.31875, 36.59875 ], [ 127.322, 36.59875 ] ] ] } },
{ "type": "Feature", "properties": { "grid_id": "dem-25-16", "mean_elevation_m": 24.07, "terrain_class": "LOW_ELEVATION_CONTEXT", "threshold_note": "LOW_ELEVATION_CONTEXT means <= AOI p25 elevation; it is not a flood extent." }, "geometry": { "type": "Polygon", "coordinates": [ [ [ 127.32525, 36.59875 ], [ 127.32525, 36.601875 ], [ 127.322, 36.601875 ], [ 127.322, 36.59875 ], [ 127.32525, 36.59875 ] ] ] } },
{ "type": "Feature", "properties": { "grid_id": "dem-25-17", "mean_elevation_m": 23.5, "terrain_class": "LOW_ELEVATION_CONTEXT", "threshold_note": "LOW_ELEVATION_CONTEXT means <= AOI p25 elevation; it is not a flood extent." }, "geometry": { "type": "Polygon", "coordinates": [ [ [ 127.3285, 36.59875 ], [ 127.3285, 36.601875 ], [ 127.32525, 36.601875 ], [ 127.32525, 36.59875 ], [ 127.3285, 36.59875 ] ] ] } },
{ "type": "Feature", "properties": { "grid_id": "dem-25-18", "mean_elevation_m": 22.87, "terrain_class": "LOW_ELEVATION_CONTEXT", "threshold_note": "LOW_ELEVATION_CONTEXT means <= AOI p25 elevation; it is not a flood extent." }, "geometry": { "type": "Polygon", "coordinates": [ [ [ 127.33175, 36.59875 ], [ 127.33175, 36.601875 ], [ 127.3285, 36.601875 ], [ 127.3285, 36.59875 ], [ 127.33175, 36.59875 ] ] ] } },
{ "type": "Feature", "properties": { "grid_id": "dem-25-19", "mean_elevation_m": 23.94, "terrain_class": "LOW_ELEVATION_CONTEXT", "threshold_note": "LOW_ELEVATION_CONTEXT means <= AOI p25 elevation; it is not a flood extent." }, "geometry": { "type": "Polygon", "coordinates": [ [ [ 127.335, 36.59875 ], [ 127.335, 36.601875 ], [ 127.33175, 36.601875 ], [ 127.33175, 36.59875 ], [ 127.335, 36.59875 ] ] ] } },
{ "type": "Feature", "properties": { "grid_id": "dem-25-20", "mean_elevation_m": 25.19, "terrain_class": "LOW_ELEVATION_CONTEXT", "threshold_note": "LOW_ELEVATION_CONTEXT means <= AOI p25 elevation; it is not a flood extent." }, "geometry": { "type": "Polygon", "coordinates": [ [ [ 127.33825, 36.59875 ], [ 127.33825, 36.601875 ], [ 127.335, 36.601875 ], [ 127.335, 36.59875 ], [ 127.33825, 36.59875 ] ] ] } },
{ "type": "Feature", "properties": { "grid_id": "dem-25-21", "mean_elevation_m": 24.91, "terrain_class": "LOW_ELEVATION_CONTEXT", "threshold_note": "LOW_ELEVATION_CONTEXT means <= AOI p25 elevation; it is not a flood extent." }, "geometry": { "type": "Polygon", "coordinates": [ [ [ 127.3415, 36.59875 ], [ 127.3415, 36.601875 ], [ 127.33825, 36.601875 ], [ 127.33825, 36.59875 ], [ 127.3415, 36.59875 ] ] ] } },
{ "type": "Feature", "properties": { "grid_id": "dem-25-22", "mean_elevation_m": 20.95, "terrain_class": "LOW_ELEVATION_CONTEXT", "threshold_note": "LOW_ELEVATION_CONTEXT means <= AOI p25 elevation; it is not a flood extent." }, "geometry": { "type": "Polygon", "coordinates": [ [ [ 127.34475, 36.59875 ], [ 127.34475, 36.601875 ], [ 127.3415, 36.601875 ], [ 127.3415, 36.59875 ], [ 127.34475, 36.59875 ] ] ] } },
{ "type": "Feature", "properties": { "grid_id": "dem-25-23", "mean_elevation_m": 24.0, "terrain_class": "LOW_ELEVATION_CONTEXT", "threshold_note": "LOW_ELEVATION_CONTEXT means <= AOI p25 elevation; it is not a flood extent." }, "geometry": { "type": "Polygon", "coordinates": [ [ [ 127.348, 36.59875 ], [ 127.348, 36.601875 ], [ 127.34475, 36.601875 ], [ 127.34475, 36.59875 ], [ 127.348, 36.59875 ] ] ] } },
{ "type": "Feature", "properties": { "grid_id": "dem-25-24", "mean_elevation_m": 34.36, "terrain_class": "TERRAIN_CONTEXT", "threshold_note": "LOW_ELEVATION_CONTEXT means <= AOI p25 elevation; it is not a flood extent." }, "geometry": { "type": "Polygon", "coordinates": [ [ [ 127.35125, 36.59875 ], [ 127.35125, 36.601875 ], [ 127.348, 36.601875 ], [ 127.348, 36.59875 ], [ 127.35125, 36.59875 ] ] ] } },
{ "type": "Feature", "properties": { "grid_id": "dem-25-25", "mean_elevation_m": 38.63, "terrain_class": "TERRAIN_CONTEXT", "threshold_note": "LOW_ELEVATION_CONTEXT means <= AOI p25 elevation; it is not a flood extent." }, "geometry": { "type": "Polygon", "coordinates": [ [ [ 127.3545, 36.59875 ], [ 127.3545, 36.601875 ], [ 127.35125, 36.601875 ], [ 127.35125, 36.59875 ], [ 127.3545, 36.59875 ] ] ] } },
{ "type": "Feature", "properties": { "grid_id": "dem-25-26", "mean_elevation_m": 44.26, "terrain_class": "TERRAIN_CONTEXT", "threshold_note": "LOW_ELEVATION_CONTEXT means <= AOI p25 elevation; it is not a flood extent." }, "geometry": { "type": "Polygon", "coordinates": [ [ [ 127.35775, 36.59875 ], [ 127.35775, 36.601875 ], [ 127.3545, 36.601875 ], [ 127.3545, 36.59875 ], [ 127.35775, 36.59875 ] ] ] } },
{ "type": "Feature", "properties": { "grid_id": "dem-25-27", "mean_elevation_m": 41.58, "terrain_class": "TERRAIN_CONTEXT", "threshold_note": "LOW_ELEVATION_CONTEXT means <= AOI p25 elevation; it is not a flood extent." }, "geometry": { "type": "Polygon", "coordinates": [ [ [ 127.361, 36.59875 ], [ 127.361, 36.601875 ], [ 127.35775, 36.601875 ], [ 127.35775, 36.59875 ], [ 127.361, 36.59875 ] ] ] } },
{ "type": "Feature", "properties": { "grid_id": "dem-25-28", "mean_elevation_m": 41.19, "terrain_class": "TERRAIN_CONTEXT", "threshold_note": "LOW_ELEVATION_CONTEXT means <= AOI p25 elevation; it is not a flood extent." }, "geometry": { "type": "Polygon", "coordinates": [ [ [ 127.36425, 36.59875 ], [ 127.36425, 36.601875 ], [ 127.361, 36.601875 ], [ 127.361, 36.59875 ], [ 127.36425, 36.59875 ] ] ] } },
{ "type": "Feature", "properties": { "grid_id": "dem-25-29", "mean_elevation_m": 58.64, "terrain_class": "TERRAIN_CONTEXT", "threshold_note": "LOW_ELEVATION_CONTEXT means <= AOI p25 elevation; it is not a flood extent." }, "geometry": { "type": "Polygon", "coordinates": [ [ [ 127.3675, 36.59875 ], [ 127.3675, 36.601875 ], [ 127.36425, 36.601875 ], [ 127.36425, 36.59875 ], [ 127.3675, 36.59875 ] ] ] } },
{ "type": "Feature", "properties": { "grid_id": "dem-25-30", "mean_elevation_m": 75.94, "terrain_class": "TERRAIN_CONTEXT", "threshold_note": "LOW_ELEVATION_CONTEXT means <= AOI p25 elevation; it is not a flood extent." }, "geometry": { "type": "Polygon", "coordinates": [ [ [ 127.37075, 36.59875 ], [ 127.37075, 36.601875 ], [ 127.3675, 36.601875 ], [ 127.3675, 36.59875 ], [ 127.37075, 36.59875 ] ] ] } },
{ "type": "Feature", "properties": { "grid_id": "dem-25-31", "mean_elevation_m": 58.4, "terrain_class": "TERRAIN_CONTEXT", "threshold_note": "LOW_ELEVATION_CONTEXT means <= AOI p25 elevation; it is not a flood extent." }, "geometry": { "type": "Polygon", "coordinates": [ [ [ 127.374, 36.59875 ], [ 127.374, 36.601875 ], [ 127.37075, 36.601875 ], [ 127.37075, 36.59875 ], [ 127.374, 36.59875 ] ] ] } },
{ "type": "Feature", "properties": { "grid_id": "dem-25-32", "mean_elevation_m": 72.74, "terrain_class": "TERRAIN_CONTEXT", "threshold_note": "LOW_ELEVATION_CONTEXT means <= AOI p25 elevation; it is not a flood extent." }, "geometry": { "type": "Polygon", "coordinates": [ [ [ 127.37725, 36.59875 ], [ 127.37725, 36.601875 ], [ 127.374, 36.601875 ], [ 127.374, 36.59875 ], [ 127.37725, 36.59875 ] ] ] } },
{ "type": "Feature", "properties": { "grid_id": "dem-25-33", "mean_elevation_m": 92.16, "terrain_class": "TERRAIN_CONTEXT", "threshold_note": "LOW_ELEVATION_CONTEXT means <= AOI p25 elevation; it is not a flood extent." }, "geometry": { "type": "Polygon", "coordinates": [ [ [ 127.3805, 36.59875 ], [ 127.3805, 36.601875 ], [ 127.37725, 36.601875 ], [ 127.37725, 36.59875 ], [ 127.3805, 36.59875 ] ] ] } },
{ "type": "Feature", "properties": { "grid_id": "dem-25-34", "mean_elevation_m": 80.59, "terrain_class": "TERRAIN_CONTEXT", "threshold_note": "LOW_ELEVATION_CONTEXT means <= AOI p25 elevation; it is not a flood extent." }, "geometry": { "type": "Polygon", "coordinates": [ [ [ 127.38375, 36.59875 ], [ 127.38375, 36.601875 ], [ 127.3805, 36.601875 ], [ 127.3805, 36.59875 ], [ 127.38375, 36.59875 ] ] ] } },
{ "type": "Feature", "properties": { "grid_id": "dem-25-35", "mean_elevation_m": 76.18, "terrain_class": "TERRAIN_CONTEXT", "threshold_note": "LOW_ELEVATION_CONTEXT means <= AOI p25 elevation; it is not a flood extent." }, "geometry": { "type": "Polygon", "coordinates": [ [ [ 127.387, 36.59875 ], [ 127.387, 36.601875 ], [ 127.38375, 36.601875 ], [ 127.38375, 36.59875 ], [ 127.387, 36.59875 ] ] ] } },
{ "type": "Feature", "properties": { "grid_id": "dem-25-36", "mean_elevation_m": 98.57, "terrain_class": "TERRAIN_CONTEXT", "threshold_note": "LOW_ELEVATION_CONTEXT means <= AOI p25 elevation; it is not a flood extent." }, "geometry": { "type": "Polygon", "coordinates": [ [ [ 127.39025, 36.59875 ], [ 127.39025, 36.601875 ], [ 127.387, 36.601875 ], [ 127.387, 36.59875 ], [ 127.39025, 36.59875 ] ] ] } },
{ "type": "Feature", "properties": { "grid_id": "dem-25-37", "mean_elevation_m": 71.66, "terrain_class": "TERRAIN_CONTEXT", "threshold_note": "LOW_ELEVATION_CONTEXT means <= AOI p25 elevation; it is not a flood extent." }, "geometry": { "type": "Polygon", "coordinates": [ [ [ 127.3935, 36.59875 ], [ 127.3935, 36.601875 ], [ 127.39025, 36.601875 ], [ 127.39025, 36.59875 ], [ 127.3935, 36.59875 ] ] ] } },
{ "type": "Feature", "properties": { "grid_id": "dem-25-38", "mean_elevation_m": 75.81, "terrain_class": "TERRAIN_CONTEXT", "threshold_note": "LOW_ELEVATION_CONTEXT means <= AOI p25 elevation; it is not a flood extent." }, "geometry": { "type": "Polygon", "coordinates": [ [ [ 127.39675, 36.59875 ], [ 127.39675, 36.601875 ], [ 127.3935, 36.601875 ], [ 127.3935, 36.59875 ], [ 127.39675, 36.59875 ] ] ] } },
{ "type": "Feature", "properties": { "grid_id": "dem-25-39", "mean_elevation_m": 83.22, "terrain_class": "TERRAIN_CONTEXT", "threshold_note": "LOW_ELEVATION_CONTEXT means <= AOI p25 elevation; it is not a flood extent." }, "geometry": { "type": "Polygon", "coordinates": [ [ [ 127.4, 36.59875 ], [ 127.4, 36.601875 ], [ 127.39675, 36.601875 ], [ 127.39675, 36.59875 ], [ 127.4, 36.59875 ] ] ] } },
{ "type": "Feature", "properties": { "grid_id": "dem-26-00", "mean_elevation_m": 65.04, "terrain_class": "TERRAIN_CONTEXT", "threshold_note": "LOW_ELEVATION_CONTEXT means <= AOI p25 elevation; it is not a flood extent." }, "geometry": { "type": "Polygon", "coordinates": [ [ [ 127.27325, 36.595625 ], [ 127.27325, 36.59875 ], [ 127.27, 36.59875 ], [ 127.27, 36.595625 ], [ 127.27325, 36.595625 ] ] ] } },
{ "type": "Feature", "properties": { "grid_id": "dem-26-01", "mean_elevation_m": 57.11, "terrain_class": "TERRAIN_CONTEXT", "threshold_note": "LOW_ELEVATION_CONTEXT means <= AOI p25 elevation; it is not a flood extent." }, "geometry": { "type": "Polygon", "coordinates": [ [ [ 127.2765, 36.595625 ], [ 127.2765, 36.59875 ], [ 127.27325, 36.59875 ], [ 127.27325, 36.595625 ], [ 127.2765, 36.595625 ] ] ] } },
{ "type": "Feature", "properties": { "grid_id": "dem-26-02", "mean_elevation_m": 52.83, "terrain_class": "TERRAIN_CONTEXT", "threshold_note": "LOW_ELEVATION_CONTEXT means <= AOI p25 elevation; it is not a flood extent." }, "geometry": { "type": "Polygon", "coordinates": [ [ [ 127.27975, 36.595625 ], [ 127.27975, 36.59875 ], [ 127.2765, 36.59875 ], [ 127.2765, 36.595625 ], [ 127.27975, 36.595625 ] ] ] } },
{ "type": "Feature", "properties": { "grid_id": "dem-26-03", "mean_elevation_m": 57.49, "terrain_class": "TERRAIN_CONTEXT", "threshold_note": "LOW_ELEVATION_CONTEXT means <= AOI p25 elevation; it is not a flood extent." }, "geometry": { "type": "Polygon", "coordinates": [ [ [ 127.283, 36.595625 ], [ 127.283, 36.59875 ], [ 127.27975, 36.59875 ], [ 127.27975, 36.595625 ], [ 127.283, 36.595625 ] ] ] } },
{ "type": "Feature", "properties": { "grid_id": "dem-26-04", "mean_elevation_m": 47.59, "terrain_class": "TERRAIN_CONTEXT", "threshold_note": "LOW_ELEVATION_CONTEXT means <= AOI p25 elevation; it is not a flood extent." }, "geometry": { "type": "Polygon", "coordinates": [ [ [ 127.28625, 36.595625 ], [ 127.28625, 36.59875 ], [ 127.283, 36.59875 ], [ 127.283, 36.595625 ], [ 127.28625, 36.595625 ] ] ] } },
{ "type": "Feature", "properties": { "grid_id": "dem-26-05", "mean_elevation_m": 44.54, "terrain_class": "TERRAIN_CONTEXT", "threshold_note": "LOW_ELEVATION_CONTEXT means <= AOI p25 elevation; it is not a flood extent." }, "geometry": { "type": "Polygon", "coordinates": [ [ [ 127.2895, 36.595625 ], [ 127.2895, 36.59875 ], [ 127.28625, 36.59875 ], [ 127.28625, 36.595625 ], [ 127.2895, 36.595625 ] ] ] } },
{ "type": "Feature", "properties": { "grid_id": "dem-26-06", "mean_elevation_m": 40.13, "terrain_class": "TERRAIN_CONTEXT", "threshold_note": "LOW_ELEVATION_CONTEXT means <= AOI p25 elevation; it is not a flood extent." }, "geometry": { "type": "Polygon", "coordinates": [ [ [ 127.29275, 36.595625 ], [ 127.29275, 36.59875 ], [ 127.2895, 36.59875 ], [ 127.2895, 36.595625 ], [ 127.29275, 36.595625 ] ] ] } },
{ "type": "Feature", "properties": { "grid_id": "dem-26-07", "mean_elevation_m": 36.17, "terrain_class": "TERRAIN_CONTEXT", "threshold_note": "LOW_ELEVATION_CONTEXT means <= AOI p25 elevation; it is not a flood extent." }, "geometry": { "type": "Polygon", "coordinates": [ [ [ 127.296, 36.595625 ], [ 127.296, 36.59875 ], [ 127.29275, 36.59875 ], [ 127.29275, 36.595625 ], [ 127.296, 36.595625 ] ] ] } },
{ "type": "Feature", "properties": { "grid_id": "dem-26-08", "mean_elevation_m": 28.39, "terrain_class": "LOW_ELEVATION_CONTEXT", "threshold_note": "LOW_ELEVATION_CONTEXT means <= AOI p25 elevation; it is not a flood extent." }, "geometry": { "type": "Polygon", "coordinates": [ [ [ 127.29925, 36.595625 ], [ 127.29925, 36.59875 ], [ 127.296, 36.59875 ], [ 127.296, 36.595625 ], [ 127.29925, 36.595625 ] ] ] } },
{ "type": "Feature", "properties": { "grid_id": "dem-26-09", "mean_elevation_m": 27.78, "terrain_class": "LOW_ELEVATION_CONTEXT", "threshold_note": "LOW_ELEVATION_CONTEXT means <= AOI p25 elevation; it is not a flood extent." }, "geometry": { "type": "Polygon", "coordinates": [ [ [ 127.3025, 36.595625 ], [ 127.3025, 36.59875 ], [ 127.29925, 36.59875 ], [ 127.29925, 36.595625 ], [ 127.3025, 36.595625 ] ] ] } },
{ "type": "Feature", "properties": { "grid_id": "dem-26-10", "mean_elevation_m": 26.05, "terrain_class": "LOW_ELEVATION_CONTEXT", "threshold_note": "LOW_ELEVATION_CONTEXT means <= AOI p25 elevation; it is not a flood extent." }, "geometry": { "type": "Polygon", "coordinates": [ [ [ 127.30575, 36.595625 ], [ 127.30575, 36.59875 ], [ 127.3025, 36.59875 ], [ 127.3025, 36.595625 ], [ 127.30575, 36.595625 ] ] ] } },
{ "type": "Feature", "properties": { "grid_id": "dem-26-11", "mean_elevation_m": 25.06, "terrain_class": "LOW_ELEVATION_CONTEXT", "threshold_note": "LOW_ELEVATION_CONTEXT means <= AOI p25 elevation; it is not a flood extent." }, "geometry": { "type": "Polygon", "coordinates": [ [ [ 127.309, 36.595625 ], [ 127.309, 36.59875 ], [ 127.30575, 36.59875 ], [ 127.30575, 36.595625 ], [ 127.309, 36.595625 ] ] ] } },
{ "type": "Feature", "properties": { "grid_id": "dem-26-12", "mean_elevation_m": 24.36, "terrain_class": "LOW_ELEVATION_CONTEXT", "threshold_note": "LOW_ELEVATION_CONTEXT means <= AOI p25 elevation; it is not a flood extent." }, "geometry": { "type": "Polygon", "coordinates": [ [ [ 127.31225, 36.595625 ], [ 127.31225, 36.59875 ], [ 127.309, 36.59875 ], [ 127.309, 36.595625 ], [ 127.31225, 36.595625 ] ] ] } },
{ "type": "Feature", "properties": { "grid_id": "dem-26-13", "mean_elevation_m": 24.0, "terrain_class": "LOW_ELEVATION_CONTEXT", "threshold_note": "LOW_ELEVATION_CONTEXT means <= AOI p25 elevation; it is not a flood extent." }, "geometry": { "type": "Polygon", "coordinates": [ [ [ 127.3155, 36.595625 ], [ 127.3155, 36.59875 ], [ 127.31225, 36.59875 ], [ 127.31225, 36.595625 ], [ 127.3155, 36.595625 ] ] ] } },
{ "type": "Feature", "properties": { "grid_id": "dem-26-14", "mean_elevation_m": 24.27, "terrain_class": "LOW_ELEVATION_CONTEXT", "threshold_note": "LOW_ELEVATION_CONTEXT means <= AOI p25 elevation; it is not a flood extent." }, "geometry": { "type": "Polygon", "coordinates": [ [ [ 127.31875, 36.595625 ], [ 127.31875, 36.59875 ], [ 127.3155, 36.59875 ], [ 127.3155, 36.595625 ], [ 127.31875, 36.595625 ] ] ] } },
{ "type": "Feature", "properties": { "grid_id": "dem-26-15", "mean_elevation_m": 23.9, "terrain_class": "LOW_ELEVATION_CONTEXT", "threshold_note": "LOW_ELEVATION_CONTEXT means <= AOI p25 elevation; it is not a flood extent." }, "geometry": { "type": "Polygon", "coordinates": [ [ [ 127.322, 36.595625 ], [ 127.322, 36.59875 ], [ 127.31875, 36.59875 ], [ 127.31875, 36.595625 ], [ 127.322, 36.595625 ] ] ] } },
{ "type": "Feature", "properties": { "grid_id": "dem-26-16", "mean_elevation_m": 23.26, "terrain_class": "LOW_ELEVATION_CONTEXT", "threshold_note": "LOW_ELEVATION_CONTEXT means <= AOI p25 elevation; it is not a flood extent." }, "geometry": { "type": "Polygon", "coordinates": [ [ [ 127.32525, 36.595625 ], [ 127.32525, 36.59875 ], [ 127.322, 36.59875 ], [ 127.322, 36.595625 ], [ 127.32525, 36.595625 ] ] ] } },
{ "type": "Feature", "properties": { "grid_id": "dem-26-17", "mean_elevation_m": 23.69, "terrain_class": "LOW_ELEVATION_CONTEXT", "threshold_note": "LOW_ELEVATION_CONTEXT means <= AOI p25 elevation; it is not a flood extent." }, "geometry": { "type": "Polygon", "coordinates": [ [ [ 127.3285, 36.595625 ], [ 127.3285, 36.59875 ], [ 127.32525, 36.59875 ], [ 127.32525, 36.595625 ], [ 127.3285, 36.595625 ] ] ] } },
{ "type": "Feature", "properties": { "grid_id": "dem-26-18", "mean_elevation_m": 23.01, "terrain_class": "LOW_ELEVATION_CONTEXT", "threshold_note": "LOW_ELEVATION_CONTEXT means <= AOI p25 elevation; it is not a flood extent." }, "geometry": { "type": "Polygon", "coordinates": [ [ [ 127.33175, 36.595625 ], [ 127.33175, 36.59875 ], [ 127.3285, 36.59875 ], [ 127.3285, 36.595625 ], [ 127.33175, 36.595625 ] ] ] } },
{ "type": "Feature", "properties": { "grid_id": "dem-26-19", "mean_elevation_m": 25.53, "terrain_class": "LOW_ELEVATION_CONTEXT", "threshold_note": "LOW_ELEVATION_CONTEXT means <= AOI p25 elevation; it is not a flood extent." }, "geometry": { "type": "Polygon", "coordinates": [ [ [ 127.335, 36.595625 ], [ 127.335, 36.59875 ], [ 127.33175, 36.59875 ], [ 127.33175, 36.595625 ], [ 127.335, 36.595625 ] ] ] } },
{ "type": "Feature", "properties": { "grid_id": "dem-26-20", "mean_elevation_m": 21.26, "terrain_class": "LOW_ELEVATION_CONTEXT", "threshold_note": "LOW_ELEVATION_CONTEXT means <= AOI p25 elevation; it is not a flood extent." }, "geometry": { "type": "Polygon", "coordinates": [ [ [ 127.33825, 36.595625 ], [ 127.33825, 36.59875 ], [ 127.335, 36.59875 ], [ 127.335, 36.595625 ], [ 127.33825, 36.595625 ] ] ] } },
{ "type": "Feature", "properties": { "grid_id": "dem-26-21", "mean_elevation_m": 21.7, "terrain_class": "LOW_ELEVATION_CONTEXT", "threshold_note": "LOW_ELEVATION_CONTEXT means <= AOI p25 elevation; it is not a flood extent." }, "geometry": { "type": "Polygon", "coordinates": [ [ [ 127.3415, 36.595625 ], [ 127.3415, 36.59875 ], [ 127.33825, 36.59875 ], [ 127.33825, 36.595625 ], [ 127.3415, 36.595625 ] ] ] } },
{ "type": "Feature", "properties": { "grid_id": "dem-26-22", "mean_elevation_m": 23.41, "terrain_class": "LOW_ELEVATION_CONTEXT", "threshold_note": "LOW_ELEVATION_CONTEXT means <= AOI p25 elevation; it is not a flood extent." }, "geometry": { "type": "Polygon", "coordinates": [ [ [ 127.34475, 36.595625 ], [ 127.34475, 36.59875 ], [ 127.3415, 36.59875 ], [ 127.3415, 36.595625 ], [ 127.34475, 36.595625 ] ] ] } },
{ "type": "Feature", "properties": { "grid_id": "dem-26-23", "mean_elevation_m": 36.87, "terrain_class": "TERRAIN_CONTEXT", "threshold_note": "LOW_ELEVATION_CONTEXT means <= AOI p25 elevation; it is not a flood extent." }, "geometry": { "type": "Polygon", "coordinates": [ [ [ 127.348, 36.595625 ], [ 127.348, 36.59875 ], [ 127.34475, 36.59875 ], [ 127.34475, 36.595625 ], [ 127.348, 36.595625 ] ] ] } },
{ "type": "Feature", "properties": { "grid_id": "dem-26-24", "mean_elevation_m": 54.1, "terrain_class": "TERRAIN_CONTEXT", "threshold_note": "LOW_ELEVATION_CONTEXT means <= AOI p25 elevation; it is not a flood extent." }, "geometry": { "type": "Polygon", "coordinates": [ [ [ 127.35125, 36.595625 ], [ 127.35125, 36.59875 ], [ 127.348, 36.59875 ], [ 127.348, 36.595625 ], [ 127.35125, 36.595625 ] ] ] } },
{ "type": "Feature", "properties": { "grid_id": "dem-26-25", "mean_elevation_m": 49.61, "terrain_class": "TERRAIN_CONTEXT", "threshold_note": "LOW_ELEVATION_CONTEXT means <= AOI p25 elevation; it is not a flood extent." }, "geometry": { "type": "Polygon", "coordinates": [ [ [ 127.3545, 36.595625 ], [ 127.3545, 36.59875 ], [ 127.35125, 36.59875 ], [ 127.35125, 36.595625 ], [ 127.3545, 36.595625 ] ] ] } },
{ "type": "Feature", "properties": { "grid_id": "dem-26-26", "mean_elevation_m": 50.12, "terrain_class": "TERRAIN_CONTEXT", "threshold_note": "LOW_ELEVATION_CONTEXT means <= AOI p25 elevation; it is not a flood extent." }, "geometry": { "type": "Polygon", "coordinates": [ [ [ 127.35775, 36.595625 ], [ 127.35775, 36.59875 ], [ 127.3545, 36.59875 ], [ 127.3545, 36.595625 ], [ 127.35775, 36.595625 ] ] ] } },
{ "type": "Feature", "properties": { "grid_id": "dem-26-27", "mean_elevation_m": 41.84, "terrain_class": "TERRAIN_CONTEXT", "threshold_note": "LOW_ELEVATION_CONTEXT means <= AOI p25 elevation; it is not a flood extent." }, "geometry": { "type": "Polygon", "coordinates": [ [ [ 127.361, 36.595625 ], [ 127.361, 36.59875 ], [ 127.35775, 36.59875 ], [ 127.35775, 36.595625 ], [ 127.361, 36.595625 ] ] ] } },
{ "type": "Feature", "properties": { "grid_id": "dem-26-28", "mean_elevation_m": 50.17, "terrain_class": "TERRAIN_CONTEXT", "threshold_note": "LOW_ELEVATION_CONTEXT means <= AOI p25 elevation; it is not a flood extent." }, "geometry": { "type": "Polygon", "coordinates": [ [ [ 127.36425, 36.595625 ], [ 127.36425, 36.59875 ], [ 127.361, 36.59875 ], [ 127.361, 36.595625 ], [ 127.36425, 36.595625 ] ] ] } },
{ "type": "Feature", "properties": { "grid_id": "dem-26-29", "mean_elevation_m": 69.81, "terrain_class": "TERRAIN_CONTEXT", "threshold_note": "LOW_ELEVATION_CONTEXT means <= AOI p25 elevation; it is not a flood extent." }, "geometry": { "type": "Polygon", "coordinates": [ [ [ 127.3675, 36.595625 ], [ 127.3675, 36.59875 ], [ 127.36425, 36.59875 ], [ 127.36425, 36.595625 ], [ 127.3675, 36.595625 ] ] ] } },
{ "type": "Feature", "properties": { "grid_id": "dem-26-30", "mean_elevation_m": 64.59, "terrain_class": "TERRAIN_CONTEXT", "threshold_note": "LOW_ELEVATION_CONTEXT means <= AOI p25 elevation; it is not a flood extent." }, "geometry": { "type": "Polygon", "coordinates": [ [ [ 127.37075, 36.595625 ], [ 127.37075, 36.59875 ], [ 127.3675, 36.59875 ], [ 127.3675, 36.595625 ], [ 127.37075, 36.595625 ] ] ] } },
{ "type": "Feature", "properties": { "grid_id": "dem-26-31", "mean_elevation_m": 65.06, "terrain_class": "TERRAIN_CONTEXT", "threshold_note": "LOW_ELEVATION_CONTEXT means <= AOI p25 elevation; it is not a flood extent." }, "geometry": { "type": "Polygon", "coordinates": [ [ [ 127.374, 36.595625 ], [ 127.374, 36.59875 ], [ 127.37075, 36.59875 ], [ 127.37075, 36.595625 ], [ 127.374, 36.595625 ] ] ] } },
{ "type": "Feature", "properties": { "grid_id": "dem-26-32", "mean_elevation_m": 71.88, "terrain_class": "TERRAIN_CONTEXT", "threshold_note": "LOW_ELEVATION_CONTEXT means <= AOI p25 elevation; it is not a flood extent." }, "geometry": { "type": "Polygon", "coordinates": [ [ [ 127.37725, 36.595625 ], [ 127.37725, 36.59875 ], [ 127.374, 36.59875 ], [ 127.374, 36.595625 ], [ 127.37725, 36.595625 ] ] ] } },
{ "type": "Feature", "properties": { "grid_id": "dem-26-33", "mean_elevation_m": 66.07, "terrain_class": "TERRAIN_CONTEXT", "threshold_note": "LOW_ELEVATION_CONTEXT means <= AOI p25 elevation; it is not a flood extent." }, "geometry": { "type": "Polygon", "coordinates": [ [ [ 127.3805, 36.595625 ], [ 127.3805, 36.59875 ], [ 127.37725, 36.59875 ], [ 127.37725, 36.595625 ], [ 127.3805, 36.595625 ] ] ] } },
{ "type": "Feature", "properties": { "grid_id": "dem-26-34", "mean_elevation_m": 65.31, "terrain_class": "TERRAIN_CONTEXT", "threshold_note": "LOW_ELEVATION_CONTEXT means <= AOI p25 elevation; it is not a flood extent." }, "geometry": { "type": "Polygon", "coordinates": [ [ [ 127.38375, 36.595625 ], [ 127.38375, 36.59875 ], [ 127.3805, 36.59875 ], [ 127.3805, 36.595625 ], [ 127.38375, 36.595625 ] ] ] } },
{ "type": "Feature", "properties": { "grid_id": "dem-26-35", "mean_elevation_m": 67.42, "terrain_class": "TERRAIN_CONTEXT", "threshold_note": "LOW_ELEVATION_CONTEXT means <= AOI p25 elevation; it is not a flood extent." }, "geometry": { "type": "Polygon", "coordinates": [ [ [ 127.387, 36.595625 ], [ 127.387, 36.59875 ], [ 127.38375, 36.59875 ], [ 127.38375, 36.595625 ], [ 127.387, 36.595625 ] ] ] } },
{ "type": "Feature", "properties": { "grid_id": "dem-26-36", "mean_elevation_m": 79.39, "terrain_class": "TERRAIN_CONTEXT", "threshold_note": "LOW_ELEVATION_CONTEXT means <= AOI p25 elevation; it is not a flood extent." }, "geometry": { "type": "Polygon", "coordinates": [ [ [ 127.39025, 36.595625 ], [ 127.39025, 36.59875 ], [ 127.387, 36.59875 ], [ 127.387, 36.595625 ], [ 127.39025, 36.595625 ] ] ] } },
{ "type": "Feature", "properties": { "grid_id": "dem-26-37", "mean_elevation_m": 69.5, "terrain_class": "TERRAIN_CONTEXT", "threshold_note": "LOW_ELEVATION_CONTEXT means <= AOI p25 elevation; it is not a flood extent." }, "geometry": { "type": "Polygon", "coordinates": [ [ [ 127.3935, 36.595625 ], [ 127.3935, 36.59875 ], [ 127.39025, 36.59875 ], [ 127.39025, 36.595625 ], [ 127.3935, 36.595625 ] ] ] } },
{ "type": "Feature", "properties": { "grid_id": "dem-26-38", "mean_elevation_m": 74.13, "terrain_class": "TERRAIN_CONTEXT", "threshold_note": "LOW_ELEVATION_CONTEXT means <= AOI p25 elevation; it is not a flood extent." }, "geometry": { "type": "Polygon", "coordinates": [ [ [ 127.39675, 36.595625 ], [ 127.39675, 36.59875 ], [ 127.3935, 36.59875 ], [ 127.3935, 36.595625 ], [ 127.39675, 36.595625 ] ] ] } },
{ "type": "Feature", "properties": { "grid_id": "dem-26-39", "mean_elevation_m": 83.13, "terrain_class": "TERRAIN_CONTEXT", "threshold_note": "LOW_ELEVATION_CONTEXT means <= AOI p25 elevation; it is not a flood extent." }, "geometry": { "type": "Polygon", "coordinates": [ [ [ 127.4, 36.595625 ], [ 127.4, 36.59875 ], [ 127.39675, 36.59875 ], [ 127.39675, 36.595625 ], [ 127.4, 36.595625 ] ] ] } },
{ "type": "Feature", "properties": { "grid_id": "dem-27-00", "mean_elevation_m": 50.77, "terrain_class": "TERRAIN_CONTEXT", "threshold_note": "LOW_ELEVATION_CONTEXT means <= AOI p25 elevation; it is not a flood extent." }, "geometry": { "type": "Polygon", "coordinates": [ [ [ 127.27325, 36.5925 ], [ 127.27325, 36.595625 ], [ 127.27, 36.595625 ], [ 127.27, 36.5925 ], [ 127.27325, 36.5925 ] ] ] } },
{ "type": "Feature", "properties": { "grid_id": "dem-27-01", "mean_elevation_m": 48.08, "terrain_class": "TERRAIN_CONTEXT", "threshold_note": "LOW_ELEVATION_CONTEXT means <= AOI p25 elevation; it is not a flood extent." }, "geometry": { "type": "Polygon", "coordinates": [ [ [ 127.2765, 36.5925 ], [ 127.2765, 36.595625 ], [ 127.27325, 36.595625 ], [ 127.27325, 36.5925 ], [ 127.2765, 36.5925 ] ] ] } },
{ "type": "Feature", "properties": { "grid_id": "dem-27-02", "mean_elevation_m": 44.08, "terrain_class": "TERRAIN_CONTEXT", "threshold_note": "LOW_ELEVATION_CONTEXT means <= AOI p25 elevation; it is not a flood extent." }, "geometry": { "type": "Polygon", "coordinates": [ [ [ 127.27975, 36.5925 ], [ 127.27975, 36.595625 ], [ 127.2765, 36.595625 ], [ 127.2765, 36.5925 ], [ 127.27975, 36.5925 ] ] ] } },
{ "type": "Feature", "properties": { "grid_id": "dem-27-03", "mean_elevation_m": 49.68, "terrain_class": "TERRAIN_CONTEXT", "threshold_note": "LOW_ELEVATION_CONTEXT means <= AOI p25 elevation; it is not a flood extent." }, "geometry": { "type": "Polygon", "coordinates": [ [ [ 127.283, 36.5925 ], [ 127.283, 36.595625 ], [ 127.27975, 36.595625 ], [ 127.27975, 36.5925 ], [ 127.283, 36.5925 ] ] ] } },
{ "type": "Feature", "properties": { "grid_id": "dem-27-04", "mean_elevation_m": 55.63, "terrain_class": "TERRAIN_CONTEXT", "threshold_note": "LOW_ELEVATION_CONTEXT means <= AOI p25 elevation; it is not a flood extent." }, "geometry": { "type": "Polygon", "coordinates": [ [ [ 127.28625, 36.5925 ], [ 127.28625, 36.595625 ], [ 127.283, 36.595625 ], [ 127.283, 36.5925 ], [ 127.28625, 36.5925 ] ] ] } },
{ "type": "Feature", "properties": { "grid_id": "dem-27-05", "mean_elevation_m": 44.95, "terrain_class": "TERRAIN_CONTEXT", "threshold_note": "LOW_ELEVATION_CONTEXT means <= AOI p25 elevation; it is not a flood extent." }, "geometry": { "type": "Polygon", "coordinates": [ [ [ 127.2895, 36.5925 ], [ 127.2895, 36.595625 ], [ 127.28625, 36.595625 ], [ 127.28625, 36.5925 ], [ 127.2895, 36.5925 ] ] ] } },
{ "type": "Feature", "properties": { "grid_id": "dem-27-06", "mean_elevation_m": 38.37, "terrain_class": "TERRAIN_CONTEXT", "threshold_note": "LOW_ELEVATION_CONTEXT means <= AOI p25 elevation; it is not a flood extent." }, "geometry": { "type": "Polygon", "coordinates": [ [ [ 127.29275, 36.5925 ], [ 127.29275, 36.595625 ], [ 127.2895, 36.595625 ], [ 127.2895, 36.5925 ], [ 127.29275, 36.5925 ] ] ] } },
{ "type": "Feature", "properties": { "grid_id": "dem-27-07", "mean_elevation_m": 36.38, "terrain_class": "TERRAIN_CONTEXT", "threshold_note": "LOW_ELEVATION_CONTEXT means <= AOI p25 elevation; it is not a flood extent." }, "geometry": { "type": "Polygon", "coordinates": [ [ [ 127.296, 36.5925 ], [ 127.296, 36.595625 ], [ 127.29275, 36.595625 ], [ 127.29275, 36.5925 ], [ 127.296, 36.5925 ] ] ] } },
{ "type": "Feature", "properties": { "grid_id": "dem-27-08", "mean_elevation_m": 30.36, "terrain_class": "TERRAIN_CONTEXT", "threshold_note": "LOW_ELEVATION_CONTEXT means <= AOI p25 elevation; it is not a flood extent." }, "geometry": { "type": "Polygon", "coordinates": [ [ [ 127.29925, 36.5925 ], [ 127.29925, 36.595625 ], [ 127.296, 36.595625 ], [ 127.296, 36.5925 ], [ 127.29925, 36.5925 ] ] ] } },
{ "type": "Feature", "properties": { "grid_id": "dem-27-09", "mean_elevation_m": 27.61, "terrain_class": "LOW_ELEVATION_CONTEXT", "threshold_note": "LOW_ELEVATION_CONTEXT means <= AOI p25 elevation; it is not a flood extent." }, "geometry": { "type": "Polygon", "coordinates": [ [ [ 127.3025, 36.5925 ], [ 127.3025, 36.595625 ], [ 127.29925, 36.595625 ], [ 127.29925, 36.5925 ], [ 127.3025, 36.5925 ] ] ] } },
{ "type": "Feature", "properties": { "grid_id": "dem-27-10", "mean_elevation_m": 24.84, "terrain_class": "LOW_ELEVATION_CONTEXT", "threshold_note": "LOW_ELEVATION_CONTEXT means <= AOI p25 elevation; it is not a flood extent." }, "geometry": { "type": "Polygon", "coordinates": [ [ [ 127.30575, 36.5925 ], [ 127.30575, 36.595625 ], [ 127.3025, 36.595625 ], [ 127.3025, 36.5925 ], [ 127.30575, 36.5925 ] ] ] } },
{ "type": "Feature", "properties": { "grid_id": "dem-27-11", "mean_elevation_m": 24.48, "terrain_class": "LOW_ELEVATION_CONTEXT", "threshold_note": "LOW_ELEVATION_CONTEXT means <= AOI p25 elevation; it is not a flood extent." }, "geometry": { "type": "Polygon", "coordinates": [ [ [ 127.309, 36.5925 ], [ 127.309, 36.595625 ], [ 127.30575, 36.595625 ], [ 127.30575, 36.5925 ], [ 127.309, 36.5925 ] ] ] } },
{ "type": "Feature", "properties": { "grid_id": "dem-27-12", "mean_elevation_m": 24.07, "terrain_class": "LOW_ELEVATION_CONTEXT", "threshold_note": "LOW_ELEVATION_CONTEXT means <= AOI p25 elevation; it is not a flood extent." }, "geometry": { "type": "Polygon", "coordinates": [ [ [ 127.31225, 36.5925 ], [ 127.31225, 36.595625 ], [ 127.309, 36.595625 ], [ 127.309, 36.5925 ], [ 127.31225, 36.5925 ] ] ] } },
{ "type": "Feature", "properties": { "grid_id": "dem-27-13", "mean_elevation_m": 23.86, "terrain_class": "LOW_ELEVATION_CONTEXT", "threshold_note": "LOW_ELEVATION_CONTEXT means <= AOI p25 elevation; it is not a flood extent." }, "geometry": { "type": "Polygon", "coordinates": [ [ [ 127.3155, 36.5925 ], [ 127.3155, 36.595625 ], [ 127.31225, 36.595625 ], [ 127.31225, 36.5925 ], [ 127.3155, 36.5925 ] ] ] } },
{ "type": "Feature", "properties": { "grid_id": "dem-27-14", "mean_elevation_m": 24.0, "terrain_class": "LOW_ELEVATION_CONTEXT", "threshold_note": "LOW_ELEVATION_CONTEXT means <= AOI p25 elevation; it is not a flood extent." }, "geometry": { "type": "Polygon", "coordinates": [ [ [ 127.31875, 36.5925 ], [ 127.31875, 36.595625 ], [ 127.3155, 36.595625 ], [ 127.3155, 36.5925 ], [ 127.31875, 36.5925 ] ] ] } },
{ "type": "Feature", "properties": { "grid_id": "dem-27-15", "mean_elevation_m": 23.62, "terrain_class": "LOW_ELEVATION_CONTEXT", "threshold_note": "LOW_ELEVATION_CONTEXT means <= AOI p25 elevation; it is not a flood extent." }, "geometry": { "type": "Polygon", "coordinates": [ [ [ 127.322, 36.5925 ], [ 127.322, 36.595625 ], [ 127.31875, 36.595625 ], [ 127.31875, 36.5925 ], [ 127.322, 36.5925 ] ] ] } },
{ "type": "Feature", "properties": { "grid_id": "dem-27-16", "mean_elevation_m": 23.62, "terrain_class": "LOW_ELEVATION_CONTEXT", "threshold_note": "LOW_ELEVATION_CONTEXT means <= AOI p25 elevation; it is not a flood extent." }, "geometry": { "type": "Polygon", "coordinates": [ [ [ 127.32525, 36.5925 ], [ 127.32525, 36.595625 ], [ 127.322, 36.595625 ], [ 127.322, 36.5925 ], [ 127.32525, 36.5925 ] ] ] } },
{ "type": "Feature", "properties": { "grid_id": "dem-27-17", "mean_elevation_m": 24.55, "terrain_class": "LOW_ELEVATION_CONTEXT", "threshold_note": "LOW_ELEVATION_CONTEXT means <= AOI p25 elevation; it is not a flood extent." }, "geometry": { "type": "Polygon", "coordinates": [ [ [ 127.3285, 36.5925 ], [ 127.3285, 36.595625 ], [ 127.32525, 36.595625 ], [ 127.32525, 36.5925 ], [ 127.3285, 36.5925 ] ] ] } },
{ "type": "Feature", "properties": { "grid_id": "dem-27-18", "mean_elevation_m": 24.68, "terrain_class": "LOW_ELEVATION_CONTEXT", "threshold_note": "LOW_ELEVATION_CONTEXT means <= AOI p25 elevation; it is not a flood extent." }, "geometry": { "type": "Polygon", "coordinates": [ [ [ 127.33175, 36.5925 ], [ 127.33175, 36.595625 ], [ 127.3285, 36.595625 ], [ 127.3285, 36.5925 ], [ 127.33175, 36.5925 ] ] ] } },
{ "type": "Feature", "properties": { "grid_id": "dem-27-19", "mean_elevation_m": 20.69, "terrain_class": "LOW_ELEVATION_CONTEXT", "threshold_note": "LOW_ELEVATION_CONTEXT means <= AOI p25 elevation; it is not a flood extent." }, "geometry": { "type": "Polygon", "coordinates": [ [ [ 127.335, 36.5925 ], [ 127.335, 36.595625 ], [ 127.33175, 36.595625 ], [ 127.33175, 36.5925 ], [ 127.335, 36.5925 ] ] ] } },
{ "type": "Feature", "properties": { "grid_id": "dem-27-20", "mean_elevation_m": 27.3, "terrain_class": "LOW_ELEVATION_CONTEXT", "threshold_note": "LOW_ELEVATION_CONTEXT means <= AOI p25 elevation; it is not a flood extent." }, "geometry": { "type": "Polygon", "coordinates": [ [ [ 127.33825, 36.5925 ], [ 127.33825, 36.595625 ], [ 127.335, 36.595625 ], [ 127.335, 36.5925 ], [ 127.33825, 36.5925 ] ] ] } },
{ "type": "Feature", "properties": { "grid_id": "dem-27-21", "mean_elevation_m": 46.92, "terrain_class": "TERRAIN_CONTEXT", "threshold_note": "LOW_ELEVATION_CONTEXT means <= AOI p25 elevation; it is not a flood extent." }, "geometry": { "type": "Polygon", "coordinates": [ [ [ 127.3415, 36.5925 ], [ 127.3415, 36.595625 ], [ 127.33825, 36.595625 ], [ 127.33825, 36.5925 ], [ 127.3415, 36.5925 ] ] ] } },
{ "type": "Feature", "properties": { "grid_id": "dem-27-22", "mean_elevation_m": 48.43, "terrain_class": "TERRAIN_CONTEXT", "threshold_note": "LOW_ELEVATION_CONTEXT means <= AOI p25 elevation; it is not a flood extent." }, "geometry": { "type": "Polygon", "coordinates": [ [ [ 127.34475, 36.5925 ], [ 127.34475, 36.595625 ], [ 127.3415, 36.595625 ], [ 127.3415, 36.5925 ], [ 127.34475, 36.5925 ] ] ] } },
{ "type": "Feature", "properties": { "grid_id": "dem-27-23", "mean_elevation_m": 47.48, "terrain_class": "TERRAIN_CONTEXT", "threshold_note": "LOW_ELEVATION_CONTEXT means <= AOI p25 elevation; it is not a flood extent." }, "geometry": { "type": "Polygon", "coordinates": [ [ [ 127.348, 36.5925 ], [ 127.348, 36.595625 ], [ 127.34475, 36.595625 ], [ 127.34475, 36.5925 ], [ 127.348, 36.5925 ] ] ] } },
{ "type": "Feature", "properties": { "grid_id": "dem-27-24", "mean_elevation_m": 53.49, "terrain_class": "TERRAIN_CONTEXT", "threshold_note": "LOW_ELEVATION_CONTEXT means <= AOI p25 elevation; it is not a flood extent." }, "geometry": { "type": "Polygon", "coordinates": [ [ [ 127.35125, 36.5925 ], [ 127.35125, 36.595625 ], [ 127.348, 36.595625 ], [ 127.348, 36.5925 ], [ 127.35125, 36.5925 ] ] ] } },
{ "type": "Feature", "properties": { "grid_id": "dem-27-25", "mean_elevation_m": 64.42, "terrain_class": "TERRAIN_CONTEXT", "threshold_note": "LOW_ELEVATION_CONTEXT means <= AOI p25 elevation; it is not a flood extent." }, "geometry": { "type": "Polygon", "coordinates": [ [ [ 127.3545, 36.5925 ], [ 127.3545, 36.595625 ], [ 127.35125, 36.595625 ], [ 127.35125, 36.5925 ], [ 127.3545, 36.5925 ] ] ] } },
{ "type": "Feature", "properties": { "grid_id": "dem-27-26", "mean_elevation_m": 53.45, "terrain_class": "TERRAIN_CONTEXT", "threshold_note": "LOW_ELEVATION_CONTEXT means <= AOI p25 elevation; it is not a flood extent." }, "geometry": { "type": "Polygon", "coordinates": [ [ [ 127.35775, 36.5925 ], [ 127.35775, 36.595625 ], [ 127.3545, 36.595625 ], [ 127.3545, 36.5925 ], [ 127.35775, 36.5925 ] ] ] } },
{ "type": "Feature", "properties": { "grid_id": "dem-27-27", "mean_elevation_m": 51.01, "terrain_class": "TERRAIN_CONTEXT", "threshold_note": "LOW_ELEVATION_CONTEXT means <= AOI p25 elevation; it is not a flood extent." }, "geometry": { "type": "Polygon", "coordinates": [ [ [ 127.361, 36.5925 ], [ 127.361, 36.595625 ], [ 127.35775, 36.595625 ], [ 127.35775, 36.5925 ], [ 127.361, 36.5925 ] ] ] } },
{ "type": "Feature", "properties": { "grid_id": "dem-27-28", "mean_elevation_m": 58.99, "terrain_class": "TERRAIN_CONTEXT", "threshold_note": "LOW_ELEVATION_CONTEXT means <= AOI p25 elevation; it is not a flood extent." }, "geometry": { "type": "Polygon", "coordinates": [ [ [ 127.36425, 36.5925 ], [ 127.36425, 36.595625 ], [ 127.361, 36.595625 ], [ 127.361, 36.5925 ], [ 127.36425, 36.5925 ] ] ] } },
{ "type": "Feature", "properties": { "grid_id": "dem-27-29", "mean_elevation_m": 64.34, "terrain_class": "TERRAIN_CONTEXT", "threshold_note": "LOW_ELEVATION_CONTEXT means <= AOI p25 elevation; it is not a flood extent." }, "geometry": { "type": "Polygon", "coordinates": [ [ [ 127.3675, 36.5925 ], [ 127.3675, 36.595625 ], [ 127.36425, 36.595625 ], [ 127.36425, 36.5925 ], [ 127.3675, 36.5925 ] ] ] } },
{ "type": "Feature", "properties": { "grid_id": "dem-27-30", "mean_elevation_m": 61.77, "terrain_class": "TERRAIN_CONTEXT", "threshold_note": "LOW_ELEVATION_CONTEXT means <= AOI p25 elevation; it is not a flood extent." }, "geometry": { "type": "Polygon", "coordinates": [ [ [ 127.37075, 36.5925 ], [ 127.37075, 36.595625 ], [ 127.3675, 36.595625 ], [ 127.3675, 36.5925 ], [ 127.37075, 36.5925 ] ] ] } },
{ "type": "Feature", "properties": { "grid_id": "dem-27-31", "mean_elevation_m": 55.66, "terrain_class": "TERRAIN_CONTEXT", "threshold_note": "LOW_ELEVATION_CONTEXT means <= AOI p25 elevation; it is not a flood extent." }, "geometry": { "type": "Polygon", "coordinates": [ [ [ 127.374, 36.5925 ], [ 127.374, 36.595625 ], [ 127.37075, 36.595625 ], [ 127.37075, 36.5925 ], [ 127.374, 36.5925 ] ] ] } },
{ "type": "Feature", "properties": { "grid_id": "dem-27-32", "mean_elevation_m": 59.27, "terrain_class": "TERRAIN_CONTEXT", "threshold_note": "LOW_ELEVATION_CONTEXT means <= AOI p25 elevation; it is not a flood extent." }, "geometry": { "type": "Polygon", "coordinates": [ [ [ 127.37725, 36.5925 ], [ 127.37725, 36.595625 ], [ 127.374, 36.595625 ], [ 127.374, 36.5925 ], [ 127.37725, 36.5925 ] ] ] } },
{ "type": "Feature", "properties": { "grid_id": "dem-27-33", "mean_elevation_m": 59.46, "terrain_class": "TERRAIN_CONTEXT", "threshold_note": "LOW_ELEVATION_CONTEXT means <= AOI p25 elevation; it is not a flood extent." }, "geometry": { "type": "Polygon", "coordinates": [ [ [ 127.3805, 36.5925 ], [ 127.3805, 36.595625 ], [ 127.37725, 36.595625 ], [ 127.37725, 36.5925 ], [ 127.3805, 36.5925 ] ] ] } },
{ "type": "Feature", "properties": { "grid_id": "dem-27-34", "mean_elevation_m": 57.34, "terrain_class": "TERRAIN_CONTEXT", "threshold_note": "LOW_ELEVATION_CONTEXT means <= AOI p25 elevation; it is not a flood extent." }, "geometry": { "type": "Polygon", "coordinates": [ [ [ 127.38375, 36.5925 ], [ 127.38375, 36.595625 ], [ 127.3805, 36.595625 ], [ 127.3805, 36.5925 ], [ 127.38375, 36.5925 ] ] ] } },
{ "type": "Feature", "properties": { "grid_id": "dem-27-35", "mean_elevation_m": 73.63, "terrain_class": "TERRAIN_CONTEXT", "threshold_note": "LOW_ELEVATION_CONTEXT means <= AOI p25 elevation; it is not a flood extent." }, "geometry": { "type": "Polygon", "coordinates": [ [ [ 127.387, 36.5925 ], [ 127.387, 36.595625 ], [ 127.38375, 36.595625 ], [ 127.38375, 36.5925 ], [ 127.387, 36.5925 ] ] ] } },
{ "type": "Feature", "properties": { "grid_id": "dem-27-36", "mean_elevation_m": 65.15, "terrain_class": "TERRAIN_CONTEXT", "threshold_note": "LOW_ELEVATION_CONTEXT means <= AOI p25 elevation; it is not a flood extent." }, "geometry": { "type": "Polygon", "coordinates": [ [ [ 127.39025, 36.5925 ], [ 127.39025, 36.595625 ], [ 127.387, 36.595625 ], [ 127.387, 36.5925 ], [ 127.39025, 36.5925 ] ] ] } },
{ "type": "Feature", "properties": { "grid_id": "dem-27-37", "mean_elevation_m": 63.63, "terrain_class": "TERRAIN_CONTEXT", "threshold_note": "LOW_ELEVATION_CONTEXT means <= AOI p25 elevation; it is not a flood extent." }, "geometry": { "type": "Polygon", "coordinates": [ [ [ 127.3935, 36.5925 ], [ 127.3935, 36.595625 ], [ 127.39025, 36.595625 ], [ 127.39025, 36.5925 ], [ 127.3935, 36.5925 ] ] ] } },
{ "type": "Feature", "properties": { "grid_id": "dem-27-38", "mean_elevation_m": 73.92, "terrain_class": "TERRAIN_CONTEXT", "threshold_note": "LOW_ELEVATION_CONTEXT means <= AOI p25 elevation; it is not a flood extent." }, "geometry": { "type": "Polygon", "coordinates": [ [ [ 127.39675, 36.5925 ], [ 127.39675, 36.595625 ], [ 127.3935, 36.595625 ], [ 127.3935, 36.5925 ], [ 127.39675, 36.5925 ] ] ] } },
{ "type": "Feature", "properties": { "grid_id": "dem-27-39", "mean_elevation_m": 84.02, "terrain_class": "TERRAIN_CONTEXT", "threshold_note": "LOW_ELEVATION_CONTEXT means <= AOI p25 elevation; it is not a flood extent." }, "geometry": { "type": "Polygon", "coordinates": [ [ [ 127.4, 36.5925 ], [ 127.4, 36.595625 ], [ 127.39675, 36.595625 ], [ 127.39675, 36.5925 ], [ 127.4, 36.5925 ] ] ] } },
{ "type": "Feature", "properties": { "grid_id": "dem-28-00", "mean_elevation_m": 43.79, "terrain_class": "TERRAIN_CONTEXT", "threshold_note": "LOW_ELEVATION_CONTEXT means <= AOI p25 elevation; it is not a flood extent." }, "geometry": { "type": "Polygon", "coordinates": [ [ [ 127.27325, 36.589375 ], [ 127.27325, 36.5925 ], [ 127.27, 36.5925 ], [ 127.27, 36.589375 ], [ 127.27325, 36.589375 ] ] ] } },
{ "type": "Feature", "properties": { "grid_id": "dem-28-01", "mean_elevation_m": 47.78, "terrain_class": "TERRAIN_CONTEXT", "threshold_note": "LOW_ELEVATION_CONTEXT means <= AOI p25 elevation; it is not a flood extent." }, "geometry": { "type": "Polygon", "coordinates": [ [ [ 127.2765, 36.589375 ], [ 127.2765, 36.5925 ], [ 127.27325, 36.5925 ], [ 127.27325, 36.589375 ], [ 127.2765, 36.589375 ] ] ] } },
{ "type": "Feature", "properties": { "grid_id": "dem-28-02", "mean_elevation_m": 41.74, "terrain_class": "TERRAIN_CONTEXT", "threshold_note": "LOW_ELEVATION_CONTEXT means <= AOI p25 elevation; it is not a flood extent." }, "geometry": { "type": "Polygon", "coordinates": [ [ [ 127.27975, 36.589375 ], [ 127.27975, 36.5925 ], [ 127.2765, 36.5925 ], [ 127.2765, 36.589375 ], [ 127.27975, 36.589375 ] ] ] } },
{ "type": "Feature", "properties": { "grid_id": "dem-28-03", "mean_elevation_m": 50.91, "terrain_class": "TERRAIN_CONTEXT", "threshold_note": "LOW_ELEVATION_CONTEXT means <= AOI p25 elevation; it is not a flood extent." }, "geometry": { "type": "Polygon", "coordinates": [ [ [ 127.283, 36.589375 ], [ 127.283, 36.5925 ], [ 127.27975, 36.5925 ], [ 127.27975, 36.589375 ], [ 127.283, 36.589375 ] ] ] } },
{ "type": "Feature", "properties": { "grid_id": "dem-28-04", "mean_elevation_m": 46.98, "terrain_class": "TERRAIN_CONTEXT", "threshold_note": "LOW_ELEVATION_CONTEXT means <= AOI p25 elevation; it is not a flood extent." }, "geometry": { "type": "Polygon", "coordinates": [ [ [ 127.28625, 36.589375 ], [ 127.28625, 36.5925 ], [ 127.283, 36.5925 ], [ 127.283, 36.589375 ], [ 127.28625, 36.589375 ] ] ] } },
{ "type": "Feature", "properties": { "grid_id": "dem-28-05", "mean_elevation_m": 43.18, "terrain_class": "TERRAIN_CONTEXT", "threshold_note": "LOW_ELEVATION_CONTEXT means <= AOI p25 elevation; it is not a flood extent." }, "geometry": { "type": "Polygon", "coordinates": [ [ [ 127.2895, 36.589375 ], [ 127.2895, 36.5925 ], [ 127.28625, 36.5925 ], [ 127.28625, 36.589375 ], [ 127.2895, 36.589375 ] ] ] } },
{ "type": "Feature", "properties": { "grid_id": "dem-28-06", "mean_elevation_m": 40.73, "terrain_class": "TERRAIN_CONTEXT", "threshold_note": "LOW_ELEVATION_CONTEXT means <= AOI p25 elevation; it is not a flood extent." }, "geometry": { "type": "Polygon", "coordinates": [ [ [ 127.29275, 36.589375 ], [ 127.29275, 36.5925 ], [ 127.2895, 36.5925 ], [ 127.2895, 36.589375 ], [ 127.29275, 36.589375 ] ] ] } },
{ "type": "Feature", "properties": { "grid_id": "dem-28-07", "mean_elevation_m": 37.95, "terrain_class": "TERRAIN_CONTEXT", "threshold_note": "LOW_ELEVATION_CONTEXT means <= AOI p25 elevation; it is not a flood extent." }, "geometry": { "type": "Polygon", "coordinates": [ [ [ 127.296, 36.589375 ], [ 127.296, 36.5925 ], [ 127.29275, 36.5925 ], [ 127.29275, 36.589375 ], [ 127.296, 36.589375 ] ] ] } },
{ "type": "Feature", "properties": { "grid_id": "dem-28-08", "mean_elevation_m": 33.0, "terrain_class": "TERRAIN_CONTEXT", "threshold_note": "LOW_ELEVATION_CONTEXT means <= AOI p25 elevation; it is not a flood extent." }, "geometry": { "type": "Polygon", "coordinates": [ [ [ 127.29925, 36.589375 ], [ 127.29925, 36.5925 ], [ 127.296, 36.5925 ], [ 127.296, 36.589375 ], [ 127.29925, 36.589375 ] ] ] } },
{ "type": "Feature", "properties": { "grid_id": "dem-28-09", "mean_elevation_m": 27.86, "terrain_class": "LOW_ELEVATION_CONTEXT", "threshold_note": "LOW_ELEVATION_CONTEXT means <= AOI p25 elevation; it is not a flood extent." }, "geometry": { "type": "Polygon", "coordinates": [ [ [ 127.3025, 36.589375 ], [ 127.3025, 36.5925 ], [ 127.29925, 36.5925 ], [ 127.29925, 36.589375 ], [ 127.3025, 36.589375 ] ] ] } },
{ "type": "Feature", "properties": { "grid_id": "dem-28-10", "mean_elevation_m": 24.19, "terrain_class": "LOW_ELEVATION_CONTEXT", "threshold_note": "LOW_ELEVATION_CONTEXT means <= AOI p25 elevation; it is not a flood extent." }, "geometry": { "type": "Polygon", "coordinates": [ [ [ 127.30575, 36.589375 ], [ 127.30575, 36.5925 ], [ 127.3025, 36.5925 ], [ 127.3025, 36.589375 ], [ 127.30575, 36.589375 ] ] ] } },
{ "type": "Feature", "properties": { "grid_id": "dem-28-11", "mean_elevation_m": 23.52, "terrain_class": "LOW_ELEVATION_CONTEXT", "threshold_note": "LOW_ELEVATION_CONTEXT means <= AOI p25 elevation; it is not a flood extent." }, "geometry": { "type": "Polygon", "coordinates": [ [ [ 127.309, 36.589375 ], [ 127.309, 36.5925 ], [ 127.30575, 36.5925 ], [ 127.30575, 36.589375 ], [ 127.309, 36.589375 ] ] ] } },
{ "type": "Feature", "properties": { "grid_id": "dem-28-12", "mean_elevation_m": 23.1, "terrain_class": "LOW_ELEVATION_CONTEXT", "threshold_note": "LOW_ELEVATION_CONTEXT means <= AOI p25 elevation; it is not a flood extent." }, "geometry": { "type": "Polygon", "coordinates": [ [ [ 127.31225, 36.589375 ], [ 127.31225, 36.5925 ], [ 127.309, 36.5925 ], [ 127.309, 36.589375 ], [ 127.31225, 36.589375 ] ] ] } },
{ "type": "Feature", "properties": { "grid_id": "dem-28-13", "mean_elevation_m": 23.55, "terrain_class": "LOW_ELEVATION_CONTEXT", "threshold_note": "LOW_ELEVATION_CONTEXT means <= AOI p25 elevation; it is not a flood extent." }, "geometry": { "type": "Polygon", "coordinates": [ [ [ 127.3155, 36.589375 ], [ 127.3155, 36.5925 ], [ 127.31225, 36.5925 ], [ 127.31225, 36.589375 ], [ 127.3155, 36.589375 ] ] ] } },
{ "type": "Feature", "properties": { "grid_id": "dem-28-14", "mean_elevation_m": 24.15, "terrain_class": "LOW_ELEVATION_CONTEXT", "threshold_note": "LOW_ELEVATION_CONTEXT means <= AOI p25 elevation; it is not a flood extent." }, "geometry": { "type": "Polygon", "coordinates": [ [ [ 127.31875, 36.589375 ], [ 127.31875, 36.5925 ], [ 127.3155, 36.5925 ], [ 127.3155, 36.589375 ], [ 127.31875, 36.589375 ] ] ] } },
{ "type": "Feature", "properties": { "grid_id": "dem-28-15", "mean_elevation_m": 23.57, "terrain_class": "LOW_ELEVATION_CONTEXT", "threshold_note": "LOW_ELEVATION_CONTEXT means <= AOI p25 elevation; it is not a flood extent." }, "geometry": { "type": "Polygon", "coordinates": [ [ [ 127.322, 36.589375 ], [ 127.322, 36.5925 ], [ 127.31875, 36.5925 ], [ 127.31875, 36.589375 ], [ 127.322, 36.589375 ] ] ] } },
{ "type": "Feature", "properties": { "grid_id": "dem-28-16", "mean_elevation_m": 23.81, "terrain_class": "LOW_ELEVATION_CONTEXT", "threshold_note": "LOW_ELEVATION_CONTEXT means <= AOI p25 elevation; it is not a flood extent." }, "geometry": { "type": "Polygon", "coordinates": [ [ [ 127.32525, 36.589375 ], [ 127.32525, 36.5925 ], [ 127.322, 36.5925 ], [ 127.322, 36.589375 ], [ 127.32525, 36.589375 ] ] ] } },
{ "type": "Feature", "properties": { "grid_id": "dem-28-17", "mean_elevation_m": 25.77, "terrain_class": "LOW_ELEVATION_CONTEXT", "threshold_note": "LOW_ELEVATION_CONTEXT means <= AOI p25 elevation; it is not a flood extent." }, "geometry": { "type": "Polygon", "coordinates": [ [ [ 127.3285, 36.589375 ], [ 127.3285, 36.5925 ], [ 127.32525, 36.5925 ], [ 127.32525, 36.589375 ], [ 127.3285, 36.589375 ] ] ] } },
{ "type": "Feature", "properties": { "grid_id": "dem-28-18", "mean_elevation_m": 20.37, "terrain_class": "LOW_ELEVATION_CONTEXT", "threshold_note": "LOW_ELEVATION_CONTEXT means <= AOI p25 elevation; it is not a flood extent." }, "geometry": { "type": "Polygon", "coordinates": [ [ [ 127.33175, 36.589375 ], [ 127.33175, 36.5925 ], [ 127.3285, 36.5925 ], [ 127.3285, 36.589375 ], [ 127.33175, 36.589375 ] ] ] } },
{ "type": "Feature", "properties": { "grid_id": "dem-28-19", "mean_elevation_m": 24.35, "terrain_class": "LOW_ELEVATION_CONTEXT", "threshold_note": "LOW_ELEVATION_CONTEXT means <= AOI p25 elevation; it is not a flood extent." }, "geometry": { "type": "Polygon", "coordinates": [ [ [ 127.335, 36.589375 ], [ 127.335, 36.5925 ], [ 127.33175, 36.5925 ], [ 127.33175, 36.589375 ], [ 127.335, 36.589375 ] ] ] } },
{ "type": "Feature", "properties": { "grid_id": "dem-28-20", "mean_elevation_m": 37.23, "terrain_class": "TERRAIN_CONTEXT", "threshold_note": "LOW_ELEVATION_CONTEXT means <= AOI p25 elevation; it is not a flood extent." }, "geometry": { "type": "Polygon", "coordinates": [ [ [ 127.33825, 36.589375 ], [ 127.33825, 36.5925 ], [ 127.335, 36.5925 ], [ 127.335, 36.589375 ], [ 127.33825, 36.589375 ] ] ] } },
{ "type": "Feature", "properties": { "grid_id": "dem-28-21", "mean_elevation_m": 47.27, "terrain_class": "TERRAIN_CONTEXT", "threshold_note": "LOW_ELEVATION_CONTEXT means <= AOI p25 elevation; it is not a flood extent." }, "geometry": { "type": "Polygon", "coordinates": [ [ [ 127.3415, 36.589375 ], [ 127.3415, 36.5925 ], [ 127.33825, 36.5925 ], [ 127.33825, 36.589375 ], [ 127.3415, 36.589375 ] ] ] } },
{ "type": "Feature", "properties": { "grid_id": "dem-28-22", "mean_elevation_m": 49.81, "terrain_class": "TERRAIN_CONTEXT", "threshold_note": "LOW_ELEVATION_CONTEXT means <= AOI p25 elevation; it is not a flood extent." }, "geometry": { "type": "Polygon", "coordinates": [ [ [ 127.34475, 36.589375 ], [ 127.34475, 36.5925 ], [ 127.3415, 36.5925 ], [ 127.3415, 36.589375 ], [ 127.34475, 36.589375 ] ] ] } },
{ "type": "Feature", "properties": { "grid_id": "dem-28-23", "mean_elevation_m": 60.82, "terrain_class": "TERRAIN_CONTEXT", "threshold_note": "LOW_ELEVATION_CONTEXT means <= AOI p25 elevation; it is not a flood extent." }, "geometry": { "type": "Polygon", "coordinates": [ [ [ 127.348, 36.589375 ], [ 127.348, 36.5925 ], [ 127.34475, 36.5925 ], [ 127.34475, 36.589375 ], [ 127.348, 36.589375 ] ] ] } },
{ "type": "Feature", "properties": { "grid_id": "dem-28-24", "mean_elevation_m": 51.73, "terrain_class": "TERRAIN_CONTEXT", "threshold_note": "LOW_ELEVATION_CONTEXT means <= AOI p25 elevation; it is not a flood extent." }, "geometry": { "type": "Polygon", "coordinates": [ [ [ 127.35125, 36.589375 ], [ 127.35125, 36.5925 ], [ 127.348, 36.5925 ], [ 127.348, 36.589375 ], [ 127.35125, 36.589375 ] ] ] } },
{ "type": "Feature", "properties": { "grid_id": "dem-28-25", "mean_elevation_m": 58.06, "terrain_class": "TERRAIN_CONTEXT", "threshold_note": "LOW_ELEVATION_CONTEXT means <= AOI p25 elevation; it is not a flood extent." }, "geometry": { "type": "Polygon", "coordinates": [ [ [ 127.3545, 36.589375 ], [ 127.3545, 36.5925 ], [ 127.35125, 36.5925 ], [ 127.35125, 36.589375 ], [ 127.3545, 36.589375 ] ] ] } },
{ "type": "Feature", "properties": { "grid_id": "dem-28-26", "mean_elevation_m": 53.55, "terrain_class": "TERRAIN_CONTEXT", "threshold_note": "LOW_ELEVATION_CONTEXT means <= AOI p25 elevation; it is not a flood extent." }, "geometry": { "type": "Polygon", "coordinates": [ [ [ 127.35775, 36.589375 ], [ 127.35775, 36.5925 ], [ 127.3545, 36.5925 ], [ 127.3545, 36.589375 ], [ 127.35775, 36.589375 ] ] ] } },
{ "type": "Feature", "properties": { "grid_id": "dem-28-27", "mean_elevation_m": 58.75, "terrain_class": "TERRAIN_CONTEXT", "threshold_note": "LOW_ELEVATION_CONTEXT means <= AOI p25 elevation; it is not a flood extent." }, "geometry": { "type": "Polygon", "coordinates": [ [ [ 127.361, 36.589375 ], [ 127.361, 36.5925 ], [ 127.35775, 36.5925 ], [ 127.35775, 36.589375 ], [ 127.361, 36.589375 ] ] ] } },
{ "type": "Feature", "properties": { "grid_id": "dem-28-28", "mean_elevation_m": 68.19, "terrain_class": "TERRAIN_CONTEXT", "threshold_note": "LOW_ELEVATION_CONTEXT means <= AOI p25 elevation; it is not a flood extent." }, "geometry": { "type": "Polygon", "coordinates": [ [ [ 127.36425, 36.589375 ], [ 127.36425, 36.5925 ], [ 127.361, 36.5925 ], [ 127.361, 36.589375 ], [ 127.36425, 36.589375 ] ] ] } },
{ "type": "Feature", "properties": { "grid_id": "dem-28-29", "mean_elevation_m": 62.76, "terrain_class": "TERRAIN_CONTEXT", "threshold_note": "LOW_ELEVATION_CONTEXT means <= AOI p25 elevation; it is not a flood extent." }, "geometry": { "type": "Polygon", "coordinates": [ [ [ 127.3675, 36.589375 ], [ 127.3675, 36.5925 ], [ 127.36425, 36.5925 ], [ 127.36425, 36.589375 ], [ 127.3675, 36.589375 ] ] ] } },
{ "type": "Feature", "properties": { "grid_id": "dem-28-30", "mean_elevation_m": 52.57, "terrain_class": "TERRAIN_CONTEXT", "threshold_note": "LOW_ELEVATION_CONTEXT means <= AOI p25 elevation; it is not a flood extent." }, "geometry": { "type": "Polygon", "coordinates": [ [ [ 127.37075, 36.589375 ], [ 127.37075, 36.5925 ], [ 127.3675, 36.5925 ], [ 127.3675, 36.589375 ], [ 127.37075, 36.589375 ] ] ] } },
{ "type": "Feature", "properties": { "grid_id": "dem-28-31", "mean_elevation_m": 49.12, "terrain_class": "TERRAIN_CONTEXT", "threshold_note": "LOW_ELEVATION_CONTEXT means <= AOI p25 elevation; it is not a flood extent." }, "geometry": { "type": "Polygon", "coordinates": [ [ [ 127.374, 36.589375 ], [ 127.374, 36.5925 ], [ 127.37075, 36.5925 ], [ 127.37075, 36.589375 ], [ 127.374, 36.589375 ] ] ] } },
{ "type": "Feature", "properties": { "grid_id": "dem-28-32", "mean_elevation_m": 50.01, "terrain_class": "TERRAIN_CONTEXT", "threshold_note": "LOW_ELEVATION_CONTEXT means <= AOI p25 elevation; it is not a flood extent." }, "geometry": { "type": "Polygon", "coordinates": [ [ [ 127.37725, 36.589375 ], [ 127.37725, 36.5925 ], [ 127.374, 36.5925 ], [ 127.374, 36.589375 ], [ 127.37725, 36.589375 ] ] ] } },
{ "type": "Feature", "properties": { "grid_id": "dem-28-33", "mean_elevation_m": 55.17, "terrain_class": "TERRAIN_CONTEXT", "threshold_note": "LOW_ELEVATION_CONTEXT means <= AOI p25 elevation; it is not a flood extent." }, "geometry": { "type": "Polygon", "coordinates": [ [ [ 127.3805, 36.589375 ], [ 127.3805, 36.5925 ], [ 127.37725, 36.5925 ], [ 127.37725, 36.589375 ], [ 127.3805, 36.589375 ] ] ] } },
{ "type": "Feature", "properties": { "grid_id": "dem-28-34", "mean_elevation_m": 66.22, "terrain_class": "TERRAIN_CONTEXT", "threshold_note": "LOW_ELEVATION_CONTEXT means <= AOI p25 elevation; it is not a flood extent." }, "geometry": { "type": "Polygon", "coordinates": [ [ [ 127.38375, 36.589375 ], [ 127.38375, 36.5925 ], [ 127.3805, 36.5925 ], [ 127.3805, 36.589375 ], [ 127.38375, 36.589375 ] ] ] } },
{ "type": "Feature", "properties": { "grid_id": "dem-28-35", "mean_elevation_m": 66.96, "terrain_class": "TERRAIN_CONTEXT", "threshold_note": "LOW_ELEVATION_CONTEXT means <= AOI p25 elevation; it is not a flood extent." }, "geometry": { "type": "Polygon", "coordinates": [ [ [ 127.387, 36.589375 ], [ 127.387, 36.5925 ], [ 127.38375, 36.5925 ], [ 127.38375, 36.589375 ], [ 127.387, 36.589375 ] ] ] } },
{ "type": "Feature", "properties": { "grid_id": "dem-28-36", "mean_elevation_m": 58.12, "terrain_class": "TERRAIN_CONTEXT", "threshold_note": "LOW_ELEVATION_CONTEXT means <= AOI p25 elevation; it is not a flood extent." }, "geometry": { "type": "Polygon", "coordinates": [ [ [ 127.39025, 36.589375 ], [ 127.39025, 36.5925 ], [ 127.387, 36.5925 ], [ 127.387, 36.589375 ], [ 127.39025, 36.589375 ] ] ] } },
{ "type": "Feature", "properties": { "grid_id": "dem-28-37", "mean_elevation_m": 74.14, "terrain_class": "TERRAIN_CONTEXT", "threshold_note": "LOW_ELEVATION_CONTEXT means <= AOI p25 elevation; it is not a flood extent." }, "geometry": { "type": "Polygon", "coordinates": [ [ [ 127.3935, 36.589375 ], [ 127.3935, 36.5925 ], [ 127.39025, 36.5925 ], [ 127.39025, 36.589375 ], [ 127.3935, 36.589375 ] ] ] } },
{ "type": "Feature", "properties": { "grid_id": "dem-28-38", "mean_elevation_m": 77.94, "terrain_class": "TERRAIN_CONTEXT", "threshold_note": "LOW_ELEVATION_CONTEXT means <= AOI p25 elevation; it is not a flood extent." }, "geometry": { "type": "Polygon", "coordinates": [ [ [ 127.39675, 36.589375 ], [ 127.39675, 36.5925 ], [ 127.3935, 36.5925 ], [ 127.3935, 36.589375 ], [ 127.39675, 36.589375 ] ] ] } },
{ "type": "Feature", "properties": { "grid_id": "dem-28-39", "mean_elevation_m": 64.54, "terrain_class": "TERRAIN_CONTEXT", "threshold_note": "LOW_ELEVATION_CONTEXT means <= AOI p25 elevation; it is not a flood extent." }, "geometry": { "type": "Polygon", "coordinates": [ [ [ 127.4, 36.589375 ], [ 127.4, 36.5925 ], [ 127.39675, 36.5925 ], [ 127.39675, 36.589375 ], [ 127.4, 36.589375 ] ] ] } },
{ "type": "Feature", "properties": { "grid_id": "dem-29-00", "mean_elevation_m": 50.0, "terrain_class": "TERRAIN_CONTEXT", "threshold_note": "LOW_ELEVATION_CONTEXT means <= AOI p25 elevation; it is not a flood extent." }, "geometry": { "type": "Polygon", "coordinates": [ [ [ 127.27325, 36.58625 ], [ 127.27325, 36.589375 ], [ 127.27, 36.589375 ], [ 127.27, 36.58625 ], [ 127.27325, 36.58625 ] ] ] } },
{ "type": "Feature", "properties": { "grid_id": "dem-29-01", "mean_elevation_m": 49.2, "terrain_class": "TERRAIN_CONTEXT", "threshold_note": "LOW_ELEVATION_CONTEXT means <= AOI p25 elevation; it is not a flood extent." }, "geometry": { "type": "Polygon", "coordinates": [ [ [ 127.2765, 36.58625 ], [ 127.2765, 36.589375 ], [ 127.27325, 36.589375 ], [ 127.27325, 36.58625 ], [ 127.2765, 36.58625 ] ] ] } },
{ "type": "Feature", "properties": { "grid_id": "dem-29-02", "mean_elevation_m": 37.11, "terrain_class": "TERRAIN_CONTEXT", "threshold_note": "LOW_ELEVATION_CONTEXT means <= AOI p25 elevation; it is not a flood extent." }, "geometry": { "type": "Polygon", "coordinates": [ [ [ 127.27975, 36.58625 ], [ 127.27975, 36.589375 ], [ 127.2765, 36.589375 ], [ 127.2765, 36.58625 ], [ 127.27975, 36.58625 ] ] ] } },
{ "type": "Feature", "properties": { "grid_id": "dem-29-03", "mean_elevation_m": 42.53, "terrain_class": "TERRAIN_CONTEXT", "threshold_note": "LOW_ELEVATION_CONTEXT means <= AOI p25 elevation; it is not a flood extent." }, "geometry": { "type": "Polygon", "coordinates": [ [ [ 127.283, 36.58625 ], [ 127.283, 36.589375 ], [ 127.27975, 36.589375 ], [ 127.27975, 36.58625 ], [ 127.283, 36.58625 ] ] ] } },
{ "type": "Feature", "properties": { "grid_id": "dem-29-04", "mean_elevation_m": 47.9, "terrain_class": "TERRAIN_CONTEXT", "threshold_note": "LOW_ELEVATION_CONTEXT means <= AOI p25 elevation; it is not a flood extent." }, "geometry": { "type": "Polygon", "coordinates": [ [ [ 127.28625, 36.58625 ], [ 127.28625, 36.589375 ], [ 127.283, 36.589375 ], [ 127.283, 36.58625 ], [ 127.28625, 36.58625 ] ] ] } },
{ "type": "Feature", "properties": { "grid_id": "dem-29-05", "mean_elevation_m": 39.35, "terrain_class": "TERRAIN_CONTEXT", "threshold_note": "LOW_ELEVATION_CONTEXT means <= AOI p25 elevation; it is not a flood extent." }, "geometry": { "type": "Polygon", "coordinates": [ [ [ 127.2895, 36.58625 ], [ 127.2895, 36.589375 ], [ 127.28625, 36.589375 ], [ 127.28625, 36.58625 ], [ 127.2895, 36.58625 ] ] ] } },
{ "type": "Feature", "properties": { "grid_id": "dem-29-06", "mean_elevation_m": 48.78, "terrain_class": "TERRAIN_CONTEXT", "threshold_note": "LOW_ELEVATION_CONTEXT means <= AOI p25 elevation; it is not a flood extent." }, "geometry": { "type": "Polygon", "coordinates": [ [ [ 127.29275, 36.58625 ], [ 127.29275, 36.589375 ], [ 127.2895, 36.589375 ], [ 127.2895, 36.58625 ], [ 127.29275, 36.58625 ] ] ] } },
{ "type": "Feature", "properties": { "grid_id": "dem-29-07", "mean_elevation_m": 40.42, "terrain_class": "TERRAIN_CONTEXT", "threshold_note": "LOW_ELEVATION_CONTEXT means <= AOI p25 elevation; it is not a flood extent." }, "geometry": { "type": "Polygon", "coordinates": [ [ [ 127.296, 36.58625 ], [ 127.296, 36.589375 ], [ 127.29275, 36.589375 ], [ 127.29275, 36.58625 ], [ 127.296, 36.58625 ] ] ] } },
{ "type": "Feature", "properties": { "grid_id": "dem-29-08", "mean_elevation_m": 35.0, "terrain_class": "TERRAIN_CONTEXT", "threshold_note": "LOW_ELEVATION_CONTEXT means <= AOI p25 elevation; it is not a flood extent." }, "geometry": { "type": "Polygon", "coordinates": [ [ [ 127.29925, 36.58625 ], [ 127.29925, 36.589375 ], [ 127.296, 36.589375 ], [ 127.296, 36.58625 ], [ 127.29925, 36.58625 ] ] ] } },
{ "type": "Feature", "properties": { "grid_id": "dem-29-09", "mean_elevation_m": 24.92, "terrain_class": "LOW_ELEVATION_CONTEXT", "threshold_note": "LOW_ELEVATION_CONTEXT means <= AOI p25 elevation; it is not a flood extent." }, "geometry": { "type": "Polygon", "coordinates": [ [ [ 127.3025, 36.58625 ], [ 127.3025, 36.589375 ], [ 127.29925, 36.589375 ], [ 127.29925, 36.58625 ], [ 127.3025, 36.58625 ] ] ] } },
{ "type": "Feature", "properties": { "grid_id": "dem-29-10", "mean_elevation_m": 24.14, "terrain_class": "LOW_ELEVATION_CONTEXT", "threshold_note": "LOW_ELEVATION_CONTEXT means <= AOI p25 elevation; it is not a flood extent." }, "geometry": { "type": "Polygon", "coordinates": [ [ [ 127.30575, 36.58625 ], [ 127.30575, 36.589375 ], [ 127.3025, 36.589375 ], [ 127.3025, 36.58625 ], [ 127.30575, 36.58625 ] ] ] } },
{ "type": "Feature", "properties": { "grid_id": "dem-29-11", "mean_elevation_m": 23.96, "terrain_class": "LOW_ELEVATION_CONTEXT", "threshold_note": "LOW_ELEVATION_CONTEXT means <= AOI p25 elevation; it is not a flood extent." }, "geometry": { "type": "Polygon", "coordinates": [ [ [ 127.309, 36.58625 ], [ 127.309, 36.589375 ], [ 127.30575, 36.589375 ], [ 127.30575, 36.58625 ], [ 127.309, 36.58625 ] ] ] } },
{ "type": "Feature", "properties": { "grid_id": "dem-29-12", "mean_elevation_m": 22.9, "terrain_class": "LOW_ELEVATION_CONTEXT", "threshold_note": "LOW_ELEVATION_CONTEXT means <= AOI p25 elevation; it is not a flood extent." }, "geometry": { "type": "Polygon", "coordinates": [ [ [ 127.31225, 36.58625 ], [ 127.31225, 36.589375 ], [ 127.309, 36.589375 ], [ 127.309, 36.58625 ], [ 127.31225, 36.58625 ] ] ] } },
{ "type": "Feature", "properties": { "grid_id": "dem-29-13", "mean_elevation_m": 22.79, "terrain_class": "LOW_ELEVATION_CONTEXT", "threshold_note": "LOW_ELEVATION_CONTEXT means <= AOI p25 elevation; it is not a flood extent." }, "geometry": { "type": "Polygon", "coordinates": [ [ [ 127.3155, 36.58625 ], [ 127.3155, 36.589375 ], [ 127.31225, 36.589375 ], [ 127.31225, 36.58625 ], [ 127.3155, 36.58625 ] ] ] } },
{ "type": "Feature", "properties": { "grid_id": "dem-29-14", "mean_elevation_m": 24.81, "terrain_class": "LOW_ELEVATION_CONTEXT", "threshold_note": "LOW_ELEVATION_CONTEXT means <= AOI p25 elevation; it is not a flood extent." }, "geometry": { "type": "Polygon", "coordinates": [ [ [ 127.31875, 36.58625 ], [ 127.31875, 36.589375 ], [ 127.3155, 36.589375 ], [ 127.3155, 36.58625 ], [ 127.31875, 36.58625 ] ] ] } },
{ "type": "Feature", "properties": { "grid_id": "dem-29-15", "mean_elevation_m": 24.54, "terrain_class": "LOW_ELEVATION_CONTEXT", "threshold_note": "LOW_ELEVATION_CONTEXT means <= AOI p25 elevation; it is not a flood extent." }, "geometry": { "type": "Polygon", "coordinates": [ [ [ 127.322, 36.58625 ], [ 127.322, 36.589375 ], [ 127.31875, 36.589375 ], [ 127.31875, 36.58625 ], [ 127.322, 36.58625 ] ] ] } },
{ "type": "Feature", "properties": { "grid_id": "dem-29-16", "mean_elevation_m": 26.37, "terrain_class": "LOW_ELEVATION_CONTEXT", "threshold_note": "LOW_ELEVATION_CONTEXT means <= AOI p25 elevation; it is not a flood extent." }, "geometry": { "type": "Polygon", "coordinates": [ [ [ 127.32525, 36.58625 ], [ 127.32525, 36.589375 ], [ 127.322, 36.589375 ], [ 127.322, 36.58625 ], [ 127.32525, 36.58625 ] ] ] } },
{ "type": "Feature", "properties": { "grid_id": "dem-29-17", "mean_elevation_m": 20.8, "terrain_class": "LOW_ELEVATION_CONTEXT", "threshold_note": "LOW_ELEVATION_CONTEXT means <= AOI p25 elevation; it is not a flood extent." }, "geometry": { "type": "Polygon", "coordinates": [ [ [ 127.3285, 36.58625 ], [ 127.3285, 36.589375 ], [ 127.32525, 36.589375 ], [ 127.32525, 36.58625 ], [ 127.3285, 36.58625 ] ] ] } },
{ "type": "Feature", "properties": { "grid_id": "dem-29-18", "mean_elevation_m": 24.83, "terrain_class": "LOW_ELEVATION_CONTEXT", "threshold_note": "LOW_ELEVATION_CONTEXT means <= AOI p25 elevation; it is not a flood extent." }, "geometry": { "type": "Polygon", "coordinates": [ [ [ 127.33175, 36.58625 ], [ 127.33175, 36.589375 ], [ 127.3285, 36.589375 ], [ 127.3285, 36.58625 ], [ 127.33175, 36.58625 ] ] ] } },
{ "type": "Feature", "properties": { "grid_id": "dem-29-19", "mean_elevation_m": 36.15, "terrain_class": "TERRAIN_CONTEXT", "threshold_note": "LOW_ELEVATION_CONTEXT means <= AOI p25 elevation; it is not a flood extent." }, "geometry": { "type": "Polygon", "coordinates": [ [ [ 127.335, 36.58625 ], [ 127.335, 36.589375 ], [ 127.33175, 36.589375 ], [ 127.33175, 36.58625 ], [ 127.335, 36.58625 ] ] ] } },
{ "type": "Feature", "properties": { "grid_id": "dem-29-20", "mean_elevation_m": 57.0, "terrain_class": "TERRAIN_CONTEXT", "threshold_note": "LOW_ELEVATION_CONTEXT means <= AOI p25 elevation; it is not a flood extent." }, "geometry": { "type": "Polygon", "coordinates": [ [ [ 127.33825, 36.58625 ], [ 127.33825, 36.589375 ], [ 127.335, 36.589375 ], [ 127.335, 36.58625 ], [ 127.33825, 36.58625 ] ] ] } },
{ "type": "Feature", "properties": { "grid_id": "dem-29-21", "mean_elevation_m": 43.55, "terrain_class": "TERRAIN_CONTEXT", "threshold_note": "LOW_ELEVATION_CONTEXT means <= AOI p25 elevation; it is not a flood extent." }, "geometry": { "type": "Polygon", "coordinates": [ [ [ 127.3415, 36.58625 ], [ 127.3415, 36.589375 ], [ 127.33825, 36.589375 ], [ 127.33825, 36.58625 ], [ 127.3415, 36.58625 ] ] ] } },
{ "type": "Feature", "properties": { "grid_id": "dem-29-22", "mean_elevation_m": 38.3, "terrain_class": "TERRAIN_CONTEXT", "threshold_note": "LOW_ELEVATION_CONTEXT means <= AOI p25 elevation; it is not a flood extent." }, "geometry": { "type": "Polygon", "coordinates": [ [ [ 127.34475, 36.58625 ], [ 127.34475, 36.589375 ], [ 127.3415, 36.589375 ], [ 127.3415, 36.58625 ], [ 127.34475, 36.58625 ] ] ] } },
{ "type": "Feature", "properties": { "grid_id": "dem-29-23", "mean_elevation_m": 41.62, "terrain_class": "TERRAIN_CONTEXT", "threshold_note": "LOW_ELEVATION_CONTEXT means <= AOI p25 elevation; it is not a flood extent." }, "geometry": { "type": "Polygon", "coordinates": [ [ [ 127.348, 36.58625 ], [ 127.348, 36.589375 ], [ 127.34475, 36.589375 ], [ 127.34475, 36.58625 ], [ 127.348, 36.58625 ] ] ] } },
{ "type": "Feature", "properties": { "grid_id": "dem-29-24", "mean_elevation_m": 44.68, "terrain_class": "TERRAIN_CONTEXT", "threshold_note": "LOW_ELEVATION_CONTEXT means <= AOI p25 elevation; it is not a flood extent." }, "geometry": { "type": "Polygon", "coordinates": [ [ [ 127.35125, 36.58625 ], [ 127.35125, 36.589375 ], [ 127.348, 36.589375 ], [ 127.348, 36.58625 ], [ 127.35125, 36.58625 ] ] ] } },
{ "type": "Feature", "properties": { "grid_id": "dem-29-25", "mean_elevation_m": 48.84, "terrain_class": "TERRAIN_CONTEXT", "threshold_note": "LOW_ELEVATION_CONTEXT means <= AOI p25 elevation; it is not a flood extent." }, "geometry": { "type": "Polygon", "coordinates": [ [ [ 127.3545, 36.58625 ], [ 127.3545, 36.589375 ], [ 127.35125, 36.589375 ], [ 127.35125, 36.58625 ], [ 127.3545, 36.58625 ] ] ] } },
{ "type": "Feature", "properties": { "grid_id": "dem-29-26", "mean_elevation_m": 46.82, "terrain_class": "TERRAIN_CONTEXT", "threshold_note": "LOW_ELEVATION_CONTEXT means <= AOI p25 elevation; it is not a flood extent." }, "geometry": { "type": "Polygon", "coordinates": [ [ [ 127.35775, 36.58625 ], [ 127.35775, 36.589375 ], [ 127.3545, 36.589375 ], [ 127.3545, 36.58625 ], [ 127.35775, 36.58625 ] ] ] } },
{ "type": "Feature", "properties": { "grid_id": "dem-29-27", "mean_elevation_m": 47.34, "terrain_class": "TERRAIN_CONTEXT", "threshold_note": "LOW_ELEVATION_CONTEXT means <= AOI p25 elevation; it is not a flood extent." }, "geometry": { "type": "Polygon", "coordinates": [ [ [ 127.361, 36.58625 ], [ 127.361, 36.589375 ], [ 127.35775, 36.589375 ], [ 127.35775, 36.58625 ], [ 127.361, 36.58625 ] ] ] } },
{ "type": "Feature", "properties": { "grid_id": "dem-29-28", "mean_elevation_m": 45.6, "terrain_class": "TERRAIN_CONTEXT", "threshold_note": "LOW_ELEVATION_CONTEXT means <= AOI p25 elevation; it is not a flood extent." }, "geometry": { "type": "Polygon", "coordinates": [ [ [ 127.36425, 36.58625 ], [ 127.36425, 36.589375 ], [ 127.361, 36.589375 ], [ 127.361, 36.58625 ], [ 127.36425, 36.58625 ] ] ] } },
{ "type": "Feature", "properties": { "grid_id": "dem-29-29", "mean_elevation_m": 47.19, "terrain_class": "TERRAIN_CONTEXT", "threshold_note": "LOW_ELEVATION_CONTEXT means <= AOI p25 elevation; it is not a flood extent." }, "geometry": { "type": "Polygon", "coordinates": [ [ [ 127.3675, 36.58625 ], [ 127.3675, 36.589375 ], [ 127.36425, 36.589375 ], [ 127.36425, 36.58625 ], [ 127.3675, 36.58625 ] ] ] } },
{ "type": "Feature", "properties": { "grid_id": "dem-29-30", "mean_elevation_m": 48.91, "terrain_class": "TERRAIN_CONTEXT", "threshold_note": "LOW_ELEVATION_CONTEXT means <= AOI p25 elevation; it is not a flood extent." }, "geometry": { "type": "Polygon", "coordinates": [ [ [ 127.37075, 36.58625 ], [ 127.37075, 36.589375 ], [ 127.3675, 36.589375 ], [ 127.3675, 36.58625 ], [ 127.37075, 36.58625 ] ] ] } },
{ "type": "Feature", "properties": { "grid_id": "dem-29-31", "mean_elevation_m": 59.02, "terrain_class": "TERRAIN_CONTEXT", "threshold_note": "LOW_ELEVATION_CONTEXT means <= AOI p25 elevation; it is not a flood extent." }, "geometry": { "type": "Polygon", "coordinates": [ [ [ 127.374, 36.58625 ], [ 127.374, 36.589375 ], [ 127.37075, 36.589375 ], [ 127.37075, 36.58625 ], [ 127.374, 36.58625 ] ] ] } },
{ "type": "Feature", "properties": { "grid_id": "dem-29-32", "mean_elevation_m": 65.27, "terrain_class": "TERRAIN_CONTEXT", "threshold_note": "LOW_ELEVATION_CONTEXT means <= AOI p25 elevation; it is not a flood extent." }, "geometry": { "type": "Polygon", "coordinates": [ [ [ 127.37725, 36.58625 ], [ 127.37725, 36.589375 ], [ 127.374, 36.589375 ], [ 127.374, 36.58625 ], [ 127.37725, 36.58625 ] ] ] } },
{ "type": "Feature", "properties": { "grid_id": "dem-29-33", "mean_elevation_m": 70.22, "terrain_class": "TERRAIN_CONTEXT", "threshold_note": "LOW_ELEVATION_CONTEXT means <= AOI p25 elevation; it is not a flood extent." }, "geometry": { "type": "Polygon", "coordinates": [ [ [ 127.3805, 36.58625 ], [ 127.3805, 36.589375 ], [ 127.37725, 36.589375 ], [ 127.37725, 36.58625 ], [ 127.3805, 36.58625 ] ] ] } },
{ "type": "Feature", "properties": { "grid_id": "dem-29-34", "mean_elevation_m": 88.81, "terrain_class": "TERRAIN_CONTEXT", "threshold_note": "LOW_ELEVATION_CONTEXT means <= AOI p25 elevation; it is not a flood extent." }, "geometry": { "type": "Polygon", "coordinates": [ [ [ 127.38375, 36.58625 ], [ 127.38375, 36.589375 ], [ 127.3805, 36.589375 ], [ 127.3805, 36.58625 ], [ 127.38375, 36.58625 ] ] ] } },
{ "type": "Feature", "properties": { "grid_id": "dem-29-35", "mean_elevation_m": 71.26, "terrain_class": "TERRAIN_CONTEXT", "threshold_note": "LOW_ELEVATION_CONTEXT means <= AOI p25 elevation; it is not a flood extent." }, "geometry": { "type": "Polygon", "coordinates": [ [ [ 127.387, 36.58625 ], [ 127.387, 36.589375 ], [ 127.38375, 36.589375 ], [ 127.38375, 36.58625 ], [ 127.387, 36.58625 ] ] ] } },
{ "type": "Feature", "properties": { "grid_id": "dem-29-36", "mean_elevation_m": 51.76, "terrain_class": "TERRAIN_CONTEXT", "threshold_note": "LOW_ELEVATION_CONTEXT means <= AOI p25 elevation; it is not a flood extent." }, "geometry": { "type": "Polygon", "coordinates": [ [ [ 127.39025, 36.58625 ], [ 127.39025, 36.589375 ], [ 127.387, 36.589375 ], [ 127.387, 36.58625 ], [ 127.39025, 36.58625 ] ] ] } },
{ "type": "Feature", "properties": { "grid_id": "dem-29-37", "mean_elevation_m": 59.09, "terrain_class": "TERRAIN_CONTEXT", "threshold_note": "LOW_ELEVATION_CONTEXT means <= AOI p25 elevation; it is not a flood extent." }, "geometry": { "type": "Polygon", "coordinates": [ [ [ 127.3935, 36.58625 ], [ 127.3935, 36.589375 ], [ 127.39025, 36.589375 ], [ 127.39025, 36.58625 ], [ 127.3935, 36.58625 ] ] ] } },
{ "type": "Feature", "properties": { "grid_id": "dem-29-38", "mean_elevation_m": 56.87, "terrain_class": "TERRAIN_CONTEXT", "threshold_note": "LOW_ELEVATION_CONTEXT means <= AOI p25 elevation; it is not a flood extent." }, "geometry": { "type": "Polygon", "coordinates": [ [ [ 127.39675, 36.58625 ], [ 127.39675, 36.589375 ], [ 127.3935, 36.589375 ], [ 127.3935, 36.58625 ], [ 127.39675, 36.58625 ] ] ] } },
{ "type": "Feature", "properties": { "grid_id": "dem-29-39", "mean_elevation_m": 65.68, "terrain_class": "TERRAIN_CONTEXT", "threshold_note": "LOW_ELEVATION_CONTEXT means <= AOI p25 elevation; it is not a flood extent." }, "geometry": { "type": "Polygon", "coordinates": [ [ [ 127.4, 36.58625 ], [ 127.4, 36.589375 ], [ 127.39675, 36.589375 ], [ 127.39675, 36.58625 ], [ 127.4, 36.58625 ] ] ] } },
{ "type": "Feature", "properties": { "grid_id": "dem-30-00", "mean_elevation_m": 58.34, "terrain_class": "TERRAIN_CONTEXT", "threshold_note": "LOW_ELEVATION_CONTEXT means <= AOI p25 elevation; it is not a flood extent." }, "geometry": { "type": "Polygon", "coordinates": [ [ [ 127.27325, 36.583125 ], [ 127.27325, 36.58625 ], [ 127.27, 36.58625 ], [ 127.27, 36.583125 ], [ 127.27325, 36.583125 ] ] ] } },
{ "type": "Feature", "properties": { "grid_id": "dem-30-01", "mean_elevation_m": 51.72, "terrain_class": "TERRAIN_CONTEXT", "threshold_note": "LOW_ELEVATION_CONTEXT means <= AOI p25 elevation; it is not a flood extent." }, "geometry": { "type": "Polygon", "coordinates": [ [ [ 127.2765, 36.583125 ], [ 127.2765, 36.58625 ], [ 127.27325, 36.58625 ], [ 127.27325, 36.583125 ], [ 127.2765, 36.583125 ] ] ] } },
{ "type": "Feature", "properties": { "grid_id": "dem-30-02", "mean_elevation_m": 43.29, "terrain_class": "TERRAIN_CONTEXT", "threshold_note": "LOW_ELEVATION_CONTEXT means <= AOI p25 elevation; it is not a flood extent." }, "geometry": { "type": "Polygon", "coordinates": [ [ [ 127.27975, 36.583125 ], [ 127.27975, 36.58625 ], [ 127.2765, 36.58625 ], [ 127.2765, 36.583125 ], [ 127.27975, 36.583125 ] ] ] } },
{ "type": "Feature", "properties": { "grid_id": "dem-30-03", "mean_elevation_m": 40.7, "terrain_class": "TERRAIN_CONTEXT", "threshold_note": "LOW_ELEVATION_CONTEXT means <= AOI p25 elevation; it is not a flood extent." }, "geometry": { "type": "Polygon", "coordinates": [ [ [ 127.283, 36.583125 ], [ 127.283, 36.58625 ], [ 127.27975, 36.58625 ], [ 127.27975, 36.583125 ], [ 127.283, 36.583125 ] ] ] } },
{ "type": "Feature", "properties": { "grid_id": "dem-30-04", "mean_elevation_m": 37.3, "terrain_class": "TERRAIN_CONTEXT", "threshold_note": "LOW_ELEVATION_CONTEXT means <= AOI p25 elevation; it is not a flood extent." }, "geometry": { "type": "Polygon", "coordinates": [ [ [ 127.28625, 36.583125 ], [ 127.28625, 36.58625 ], [ 127.283, 36.58625 ], [ 127.283, 36.583125 ], [ 127.28625, 36.583125 ] ] ] } },
{ "type": "Feature", "properties": { "grid_id": "dem-30-05", "mean_elevation_m": 43.07, "terrain_class": "TERRAIN_CONTEXT", "threshold_note": "LOW_ELEVATION_CONTEXT means <= AOI p25 elevation; it is not a flood extent." }, "geometry": { "type": "Polygon", "coordinates": [ [ [ 127.2895, 36.583125 ], [ 127.2895, 36.58625 ], [ 127.28625, 36.58625 ], [ 127.28625, 36.583125 ], [ 127.2895, 36.583125 ] ] ] } },
{ "type": "Feature", "properties": { "grid_id": "dem-30-06", "mean_elevation_m": 49.62, "terrain_class": "TERRAIN_CONTEXT", "threshold_note": "LOW_ELEVATION_CONTEXT means <= AOI p25 elevation; it is not a flood extent." }, "geometry": { "type": "Polygon", "coordinates": [ [ [ 127.29275, 36.583125 ], [ 127.29275, 36.58625 ], [ 127.2895, 36.58625 ], [ 127.2895, 36.583125 ], [ 127.29275, 36.583125 ] ] ] } },
{ "type": "Feature", "properties": { "grid_id": "dem-30-07", "mean_elevation_m": 33.91, "terrain_class": "TERRAIN_CONTEXT", "threshold_note": "LOW_ELEVATION_CONTEXT means <= AOI p25 elevation; it is not a flood extent." }, "geometry": { "type": "Polygon", "coordinates": [ [ [ 127.296, 36.583125 ], [ 127.296, 36.58625 ], [ 127.29275, 36.58625 ], [ 127.29275, 36.583125 ], [ 127.296, 36.583125 ] ] ] } },
{ "type": "Feature", "properties": { "grid_id": "dem-30-08", "mean_elevation_m": 28.76, "terrain_class": "LOW_ELEVATION_CONTEXT", "threshold_note": "LOW_ELEVATION_CONTEXT means <= AOI p25 elevation; it is not a flood extent." }, "geometry": { "type": "Polygon", "coordinates": [ [ [ 127.29925, 36.583125 ], [ 127.29925, 36.58625 ], [ 127.296, 36.58625 ], [ 127.296, 36.583125 ], [ 127.29925, 36.583125 ] ] ] } },
{ "type": "Feature", "properties": { "grid_id": "dem-30-09", "mean_elevation_m": 23.07, "terrain_class": "LOW_ELEVATION_CONTEXT", "threshold_note": "LOW_ELEVATION_CONTEXT means <= AOI p25 elevation; it is not a flood extent." }, "geometry": { "type": "Polygon", "coordinates": [ [ [ 127.3025, 36.583125 ], [ 127.3025, 36.58625 ], [ 127.29925, 36.58625 ], [ 127.29925, 36.583125 ], [ 127.3025, 36.583125 ] ] ] } },
{ "type": "Feature", "properties": { "grid_id": "dem-30-10", "mean_elevation_m": 23.57, "terrain_class": "LOW_ELEVATION_CONTEXT", "threshold_note": "LOW_ELEVATION_CONTEXT means <= AOI p25 elevation; it is not a flood extent." }, "geometry": { "type": "Polygon", "coordinates": [ [ [ 127.30575, 36.583125 ], [ 127.30575, 36.58625 ], [ 127.3025, 36.58625 ], [ 127.3025, 36.583125 ], [ 127.30575, 36.583125 ] ] ] } },
{ "type": "Feature", "properties": { "grid_id": "dem-30-11", "mean_elevation_m": 23.51, "terrain_class": "LOW_ELEVATION_CONTEXT", "threshold_note": "LOW_ELEVATION_CONTEXT means <= AOI p25 elevation; it is not a flood extent." }, "geometry": { "type": "Polygon", "coordinates": [ [ [ 127.309, 36.583125 ], [ 127.309, 36.58625 ], [ 127.30575, 36.58625 ], [ 127.30575, 36.583125 ], [ 127.309, 36.583125 ] ] ] } },
{ "type": "Feature", "properties": { "grid_id": "dem-30-12", "mean_elevation_m": 22.66, "terrain_class": "LOW_ELEVATION_CONTEXT", "threshold_note": "LOW_ELEVATION_CONTEXT means <= AOI p25 elevation; it is not a flood extent." }, "geometry": { "type": "Polygon", "coordinates": [ [ [ 127.31225, 36.583125 ], [ 127.31225, 36.58625 ], [ 127.309, 36.58625 ], [ 127.309, 36.583125 ], [ 127.31225, 36.583125 ] ] ] } },
{ "type": "Feature", "properties": { "grid_id": "dem-30-13", "mean_elevation_m": 22.63, "terrain_class": "LOW_ELEVATION_CONTEXT", "threshold_note": "LOW_ELEVATION_CONTEXT means <= AOI p25 elevation; it is not a flood extent." }, "geometry": { "type": "Polygon", "coordinates": [ [ [ 127.3155, 36.583125 ], [ 127.3155, 36.58625 ], [ 127.31225, 36.58625 ], [ 127.31225, 36.583125 ], [ 127.3155, 36.583125 ] ] ] } },
{ "type": "Feature", "properties": { "grid_id": "dem-30-14", "mean_elevation_m": 24.4, "terrain_class": "LOW_ELEVATION_CONTEXT", "threshold_note": "LOW_ELEVATION_CONTEXT means <= AOI p25 elevation; it is not a flood extent." }, "geometry": { "type": "Polygon", "coordinates": [ [ [ 127.31875, 36.583125 ], [ 127.31875, 36.58625 ], [ 127.3155, 36.58625 ], [ 127.3155, 36.583125 ], [ 127.31875, 36.583125 ] ] ] } },
{ "type": "Feature", "properties": { "grid_id": "dem-30-15", "mean_elevation_m": 24.16, "terrain_class": "LOW_ELEVATION_CONTEXT", "threshold_note": "LOW_ELEVATION_CONTEXT means <= AOI p25 elevation; it is not a flood extent." }, "geometry": { "type": "Polygon", "coordinates": [ [ [ 127.322, 36.583125 ], [ 127.322, 36.58625 ], [ 127.31875, 36.58625 ], [ 127.31875, 36.583125 ], [ 127.322, 36.583125 ] ] ] } },
{ "type": "Feature", "properties": { "grid_id": "dem-30-16", "mean_elevation_m": 20.86, "terrain_class": "LOW_ELEVATION_CONTEXT", "threshold_note": "LOW_ELEVATION_CONTEXT means <= AOI p25 elevation; it is not a flood extent." }, "geometry": { "type": "Polygon", "coordinates": [ [ [ 127.32525, 36.583125 ], [ 127.32525, 36.58625 ], [ 127.322, 36.58625 ], [ 127.322, 36.583125 ], [ 127.32525, 36.583125 ] ] ] } },
{ "type": "Feature", "properties": { "grid_id": "dem-30-17", "mean_elevation_m": 25.27, "terrain_class": "LOW_ELEVATION_CONTEXT", "threshold_note": "LOW_ELEVATION_CONTEXT means <= AOI p25 elevation; it is not a flood extent." }, "geometry": { "type": "Polygon", "coordinates": [ [ [ 127.3285, 36.583125 ], [ 127.3285, 36.58625 ], [ 127.32525, 36.58625 ], [ 127.32525, 36.583125 ], [ 127.3285, 36.583125 ] ] ] } },
{ "type": "Feature", "properties": { "grid_id": "dem-30-18", "mean_elevation_m": 36.41, "terrain_class": "TERRAIN_CONTEXT", "threshold_note": "LOW_ELEVATION_CONTEXT means <= AOI p25 elevation; it is not a flood extent." }, "geometry": { "type": "Polygon", "coordinates": [ [ [ 127.33175, 36.583125 ], [ 127.33175, 36.58625 ], [ 127.3285, 36.58625 ], [ 127.3285, 36.583125 ], [ 127.33175, 36.583125 ] ] ] } },
{ "type": "Feature", "properties": { "grid_id": "dem-30-19", "mean_elevation_m": 31.42, "terrain_class": "TERRAIN_CONTEXT", "threshold_note": "LOW_ELEVATION_CONTEXT means <= AOI p25 elevation; it is not a flood extent." }, "geometry": { "type": "Polygon", "coordinates": [ [ [ 127.335, 36.583125 ], [ 127.335, 36.58625 ], [ 127.33175, 36.58625 ], [ 127.33175, 36.583125 ], [ 127.335, 36.583125 ] ] ] } },
{ "type": "Feature", "properties": { "grid_id": "dem-30-20", "mean_elevation_m": 33.48, "terrain_class": "TERRAIN_CONTEXT", "threshold_note": "LOW_ELEVATION_CONTEXT means <= AOI p25 elevation; it is not a flood extent." }, "geometry": { "type": "Polygon", "coordinates": [ [ [ 127.33825, 36.583125 ], [ 127.33825, 36.58625 ], [ 127.335, 36.58625 ], [ 127.335, 36.583125 ], [ 127.33825, 36.583125 ] ] ] } },
{ "type": "Feature", "properties": { "grid_id": "dem-30-21", "mean_elevation_m": 31.62, "terrain_class": "TERRAIN_CONTEXT", "threshold_note": "LOW_ELEVATION_CONTEXT means <= AOI p25 elevation; it is not a flood extent." }, "geometry": { "type": "Polygon", "coordinates": [ [ [ 127.3415, 36.583125 ], [ 127.3415, 36.58625 ], [ 127.33825, 36.58625 ], [ 127.33825, 36.583125 ], [ 127.3415, 36.583125 ] ] ] } },
{ "type": "Feature", "properties": { "grid_id": "dem-30-22", "mean_elevation_m": 35.72, "terrain_class": "TERRAIN_CONTEXT", "threshold_note": "LOW_ELEVATION_CONTEXT means <= AOI p25 elevation; it is not a flood extent." }, "geometry": { "type": "Polygon", "coordinates": [ [ [ 127.34475, 36.583125 ], [ 127.34475, 36.58625 ], [ 127.3415, 36.58625 ], [ 127.3415, 36.583125 ], [ 127.34475, 36.583125 ] ] ] } },
{ "type": "Feature", "properties": { "grid_id": "dem-30-23", "mean_elevation_m": 42.86, "terrain_class": "TERRAIN_CONTEXT", "threshold_note": "LOW_ELEVATION_CONTEXT means <= AOI p25 elevation; it is not a flood extent." }, "geometry": { "type": "Polygon", "coordinates": [ [ [ 127.348, 36.583125 ], [ 127.348, 36.58625 ], [ 127.34475, 36.58625 ], [ 127.34475, 36.583125 ], [ 127.348, 36.583125 ] ] ] } },
{ "type": "Feature", "properties": { "grid_id": "dem-30-24", "mean_elevation_m": 35.17, "terrain_class": "TERRAIN_CONTEXT", "threshold_note": "LOW_ELEVATION_CONTEXT means <= AOI p25 elevation; it is not a flood extent." }, "geometry": { "type": "Polygon", "coordinates": [ [ [ 127.35125, 36.583125 ], [ 127.35125, 36.58625 ], [ 127.348, 36.58625 ], [ 127.348, 36.583125 ], [ 127.35125, 36.583125 ] ] ] } },
{ "type": "Feature", "properties": { "grid_id": "dem-30-25", "mean_elevation_m": 44.84, "terrain_class": "TERRAIN_CONTEXT", "threshold_note": "LOW_ELEVATION_CONTEXT means <= AOI p25 elevation; it is not a flood extent." }, "geometry": { "type": "Polygon", "coordinates": [ [ [ 127.3545, 36.583125 ], [ 127.3545, 36.58625 ], [ 127.35125, 36.58625 ], [ 127.35125, 36.583125 ], [ 127.3545, 36.583125 ] ] ] } },
{ "type": "Feature", "properties": { "grid_id": "dem-30-26", "mean_elevation_m": 38.87, "terrain_class": "TERRAIN_CONTEXT", "threshold_note": "LOW_ELEVATION_CONTEXT means <= AOI p25 elevation; it is not a flood extent." }, "geometry": { "type": "Polygon", "coordinates": [ [ [ 127.35775, 36.583125 ], [ 127.35775, 36.58625 ], [ 127.3545, 36.58625 ], [ 127.3545, 36.583125 ], [ 127.35775, 36.583125 ] ] ] } },
{ "type": "Feature", "properties": { "grid_id": "dem-30-27", "mean_elevation_m": 39.38, "terrain_class": "TERRAIN_CONTEXT", "threshold_note": "LOW_ELEVATION_CONTEXT means <= AOI p25 elevation; it is not a flood extent." }, "geometry": { "type": "Polygon", "coordinates": [ [ [ 127.361, 36.583125 ], [ 127.361, 36.58625 ], [ 127.35775, 36.58625 ], [ 127.35775, 36.583125 ], [ 127.361, 36.583125 ] ] ] } },
{ "type": "Feature", "properties": { "grid_id": "dem-30-28", "mean_elevation_m": 48.14, "terrain_class": "TERRAIN_CONTEXT", "threshold_note": "LOW_ELEVATION_CONTEXT means <= AOI p25 elevation; it is not a flood extent." }, "geometry": { "type": "Polygon", "coordinates": [ [ [ 127.36425, 36.583125 ], [ 127.36425, 36.58625 ], [ 127.361, 36.58625 ], [ 127.361, 36.583125 ], [ 127.36425, 36.583125 ] ] ] } },
{ "type": "Feature", "properties": { "grid_id": "dem-30-29", "mean_elevation_m": 46.57, "terrain_class": "TERRAIN_CONTEXT", "threshold_note": "LOW_ELEVATION_CONTEXT means <= AOI p25 elevation; it is not a flood extent." }, "geometry": { "type": "Polygon", "coordinates": [ [ [ 127.3675, 36.583125 ], [ 127.3675, 36.58625 ], [ 127.36425, 36.58625 ], [ 127.36425, 36.583125 ], [ 127.3675, 36.583125 ] ] ] } },
{ "type": "Feature", "properties": { "grid_id": "dem-30-30", "mean_elevation_m": 48.46, "terrain_class": "TERRAIN_CONTEXT", "threshold_note": "LOW_ELEVATION_CONTEXT means <= AOI p25 elevation; it is not a flood extent." }, "geometry": { "type": "Polygon", "coordinates": [ [ [ 127.37075, 36.583125 ], [ 127.37075, 36.58625 ], [ 127.3675, 36.58625 ], [ 127.3675, 36.583125 ], [ 127.37075, 36.583125 ] ] ] } },
{ "type": "Feature", "properties": { "grid_id": "dem-30-31", "mean_elevation_m": 55.26, "terrain_class": "TERRAIN_CONTEXT", "threshold_note": "LOW_ELEVATION_CONTEXT means <= AOI p25 elevation; it is not a flood extent." }, "geometry": { "type": "Polygon", "coordinates": [ [ [ 127.374, 36.583125 ], [ 127.374, 36.58625 ], [ 127.37075, 36.58625 ], [ 127.37075, 36.583125 ], [ 127.374, 36.583125 ] ] ] } },
{ "type": "Feature", "properties": { "grid_id": "dem-30-32", "mean_elevation_m": 58.32, "terrain_class": "TERRAIN_CONTEXT", "threshold_note": "LOW_ELEVATION_CONTEXT means <= AOI p25 elevation; it is not a flood extent." }, "geometry": { "type": "Polygon", "coordinates": [ [ [ 127.37725, 36.583125 ], [ 127.37725, 36.58625 ], [ 127.374, 36.58625 ], [ 127.374, 36.583125 ], [ 127.37725, 36.583125 ] ] ] } },
{ "type": "Feature", "properties": { "grid_id": "dem-30-33", "mean_elevation_m": 68.65, "terrain_class": "TERRAIN_CONTEXT", "threshold_note": "LOW_ELEVATION_CONTEXT means <= AOI p25 elevation; it is not a flood extent." }, "geometry": { "type": "Polygon", "coordinates": [ [ [ 127.3805, 36.583125 ], [ 127.3805, 36.58625 ], [ 127.37725, 36.58625 ], [ 127.37725, 36.583125 ], [ 127.3805, 36.583125 ] ] ] } },
{ "type": "Feature", "properties": { "grid_id": "dem-30-34", "mean_elevation_m": 63.77, "terrain_class": "TERRAIN_CONTEXT", "threshold_note": "LOW_ELEVATION_CONTEXT means <= AOI p25 elevation; it is not a flood extent." }, "geometry": { "type": "Polygon", "coordinates": [ [ [ 127.38375, 36.583125 ], [ 127.38375, 36.58625 ], [ 127.3805, 36.58625 ], [ 127.3805, 36.583125 ], [ 127.38375, 36.583125 ] ] ] } },
{ "type": "Feature", "properties": { "grid_id": "dem-30-35", "mean_elevation_m": 52.71, "terrain_class": "TERRAIN_CONTEXT", "threshold_note": "LOW_ELEVATION_CONTEXT means <= AOI p25 elevation; it is not a flood extent." }, "geometry": { "type": "Polygon", "coordinates": [ [ [ 127.387, 36.583125 ], [ 127.387, 36.58625 ], [ 127.38375, 36.58625 ], [ 127.38375, 36.583125 ], [ 127.387, 36.583125 ] ] ] } },
{ "type": "Feature", "properties": { "grid_id": "dem-30-36", "mean_elevation_m": 53.73, "terrain_class": "TERRAIN_CONTEXT", "threshold_note": "LOW_ELEVATION_CONTEXT means <= AOI p25 elevation; it is not a flood extent." }, "geometry": { "type": "Polygon", "coordinates": [ [ [ 127.39025, 36.583125 ], [ 127.39025, 36.58625 ], [ 127.387, 36.58625 ], [ 127.387, 36.583125 ], [ 127.39025, 36.583125 ] ] ] } },
{ "type": "Feature", "properties": { "grid_id": "dem-30-37", "mean_elevation_m": 59.46, "terrain_class": "TERRAIN_CONTEXT", "threshold_note": "LOW_ELEVATION_CONTEXT means <= AOI p25 elevation; it is not a flood extent." }, "geometry": { "type": "Polygon", "coordinates": [ [ [ 127.3935, 36.583125 ], [ 127.3935, 36.58625 ], [ 127.39025, 36.58625 ], [ 127.39025, 36.583125 ], [ 127.3935, 36.583125 ] ] ] } },
{ "type": "Feature", "properties": { "grid_id": "dem-30-38", "mean_elevation_m": 65.17, "terrain_class": "TERRAIN_CONTEXT", "threshold_note": "LOW_ELEVATION_CONTEXT means <= AOI p25 elevation; it is not a flood extent." }, "geometry": { "type": "Polygon", "coordinates": [ [ [ 127.39675, 36.583125 ], [ 127.39675, 36.58625 ], [ 127.3935, 36.58625 ], [ 127.3935, 36.583125 ], [ 127.39675, 36.583125 ] ] ] } },
{ "type": "Feature", "properties": { "grid_id": "dem-30-39", "mean_elevation_m": 61.38, "terrain_class": "TERRAIN_CONTEXT", "threshold_note": "LOW_ELEVATION_CONTEXT means <= AOI p25 elevation; it is not a flood extent." }, "geometry": { "type": "Polygon", "coordinates": [ [ [ 127.4, 36.583125 ], [ 127.4, 36.58625 ], [ 127.39675, 36.58625 ], [ 127.39675, 36.583125 ], [ 127.4, 36.583125 ] ] ] } },
{ "type": "Feature", "properties": { "grid_id": "dem-31-00", "mean_elevation_m": 35.84, "terrain_class": "TERRAIN_CONTEXT", "threshold_note": "LOW_ELEVATION_CONTEXT means <= AOI p25 elevation; it is not a flood extent." }, "geometry": { "type": "Polygon", "coordinates": [ [ [ 127.27325, 36.58 ], [ 127.27325, 36.583125 ], [ 127.27, 36.583125 ], [ 127.27, 36.58 ], [ 127.27325, 36.58 ] ] ] } },
{ "type": "Feature", "properties": { "grid_id": "dem-31-01", "mean_elevation_m": 42.37, "terrain_class": "TERRAIN_CONTEXT", "threshold_note": "LOW_ELEVATION_CONTEXT means <= AOI p25 elevation; it is not a flood extent." }, "geometry": { "type": "Polygon", "coordinates": [ [ [ 127.2765, 36.58 ], [ 127.2765, 36.583125 ], [ 127.27325, 36.583125 ], [ 127.27325, 36.58 ], [ 127.2765, 36.58 ] ] ] } },
{ "type": "Feature", "properties": { "grid_id": "dem-31-02", "mean_elevation_m": 53.27, "terrain_class": "TERRAIN_CONTEXT", "threshold_note": "LOW_ELEVATION_CONTEXT means <= AOI p25 elevation; it is not a flood extent." }, "geometry": { "type": "Polygon", "coordinates": [ [ [ 127.27975, 36.58 ], [ 127.27975, 36.583125 ], [ 127.2765, 36.583125 ], [ 127.2765, 36.58 ], [ 127.27975, 36.58 ] ] ] } },
{ "type": "Feature", "properties": { "grid_id": "dem-31-03", "mean_elevation_m": 47.05, "terrain_class": "TERRAIN_CONTEXT", "threshold_note": "LOW_ELEVATION_CONTEXT means <= AOI p25 elevation; it is not a flood extent." }, "geometry": { "type": "Polygon", "coordinates": [ [ [ 127.283, 36.58 ], [ 127.283, 36.583125 ], [ 127.27975, 36.583125 ], [ 127.27975, 36.58 ], [ 127.283, 36.58 ] ] ] } },
{ "type": "Feature", "properties": { "grid_id": "dem-31-04", "mean_elevation_m": 30.06, "terrain_class": "TERRAIN_CONTEXT", "threshold_note": "LOW_ELEVATION_CONTEXT means <= AOI p25 elevation; it is not a flood extent." }, "geometry": { "type": "Polygon", "coordinates": [ [ [ 127.28625, 36.58 ], [ 127.28625, 36.583125 ], [ 127.283, 36.583125 ], [ 127.283, 36.58 ], [ 127.28625, 36.58 ] ] ] } },
{ "type": "Feature", "properties": { "grid_id": "dem-31-05", "mean_elevation_m": 45.25, "terrain_class": "TERRAIN_CONTEXT", "threshold_note": "LOW_ELEVATION_CONTEXT means <= AOI p25 elevation; it is not a flood extent." }, "geometry": { "type": "Polygon", "coordinates": [ [ [ 127.2895, 36.58 ], [ 127.2895, 36.583125 ], [ 127.28625, 36.583125 ], [ 127.28625, 36.58 ], [ 127.2895, 36.58 ] ] ] } },
{ "type": "Feature", "properties": { "grid_id": "dem-31-06", "mean_elevation_m": 42.76, "terrain_class": "TERRAIN_CONTEXT", "threshold_note": "LOW_ELEVATION_CONTEXT means <= AOI p25 elevation; it is not a flood extent." }, "geometry": { "type": "Polygon", "coordinates": [ [ [ 127.29275, 36.58 ], [ 127.29275, 36.583125 ], [ 127.2895, 36.583125 ], [ 127.2895, 36.58 ], [ 127.29275, 36.58 ] ] ] } },
{ "type": "Feature", "properties": { "grid_id": "dem-31-07", "mean_elevation_m": 38.1, "terrain_class": "TERRAIN_CONTEXT", "threshold_note": "LOW_ELEVATION_CONTEXT means <= AOI p25 elevation; it is not a flood extent." }, "geometry": { "type": "Polygon", "coordinates": [ [ [ 127.296, 36.58 ], [ 127.296, 36.583125 ], [ 127.29275, 36.583125 ], [ 127.29275, 36.58 ], [ 127.296, 36.58 ] ] ] } },
{ "type": "Feature", "properties": { "grid_id": "dem-31-08", "mean_elevation_m": 28.75, "terrain_class": "LOW_ELEVATION_CONTEXT", "threshold_note": "LOW_ELEVATION_CONTEXT means <= AOI p25 elevation; it is not a flood extent." }, "geometry": { "type": "Polygon", "coordinates": [ [ [ 127.29925, 36.58 ], [ 127.29925, 36.583125 ], [ 127.296, 36.583125 ], [ 127.296, 36.58 ], [ 127.29925, 36.58 ] ] ] } },
{ "type": "Feature", "properties": { "grid_id": "dem-31-09", "mean_elevation_m": 22.97, "terrain_class": "LOW_ELEVATION_CONTEXT", "threshold_note": "LOW_ELEVATION_CONTEXT means <= AOI p25 elevation; it is not a flood extent." }, "geometry": { "type": "Polygon", "coordinates": [ [ [ 127.3025, 36.58 ], [ 127.3025, 36.583125 ], [ 127.29925, 36.583125 ], [ 127.29925, 36.58 ], [ 127.3025, 36.58 ] ] ] } },
{ "type": "Feature", "properties": { "grid_id": "dem-31-10", "mean_elevation_m": 16.41, "terrain_class": "LOW_ELEVATION_CONTEXT", "threshold_note": "LOW_ELEVATION_CONTEXT means <= AOI p25 elevation; it is not a flood extent." }, "geometry": { "type": "Polygon", "coordinates": [ [ [ 127.30575, 36.58 ], [ 127.30575, 36.583125 ], [ 127.3025, 36.583125 ], [ 127.3025, 36.58 ], [ 127.30575, 36.58 ] ] ] } },
{ "type": "Feature", "properties": { "grid_id": "dem-31-11", "mean_elevation_m": 20.42, "terrain_class": "LOW_ELEVATION_CONTEXT", "threshold_note": "LOW_ELEVATION_CONTEXT means <= AOI p25 elevation; it is not a flood extent." }, "geometry": { "type": "Polygon", "coordinates": [ [ [ 127.309, 36.58 ], [ 127.309, 36.583125 ], [ 127.30575, 36.583125 ], [ 127.30575, 36.58 ], [ 127.309, 36.58 ] ] ] } },
{ "type": "Feature", "properties": { "grid_id": "dem-31-12", "mean_elevation_m": 21.99, "terrain_class": "LOW_ELEVATION_CONTEXT", "threshold_note": "LOW_ELEVATION_CONTEXT means <= AOI p25 elevation; it is not a flood extent." }, "geometry": { "type": "Polygon", "coordinates": [ [ [ 127.31225, 36.58 ], [ 127.31225, 36.583125 ], [ 127.309, 36.583125 ], [ 127.309, 36.58 ], [ 127.31225, 36.58 ] ] ] } },
{ "type": "Feature", "properties": { "grid_id": "dem-31-13", "mean_elevation_m": 21.57, "terrain_class": "LOW_ELEVATION_CONTEXT", "threshold_note": "LOW_ELEVATION_CONTEXT means <= AOI p25 elevation; it is not a flood extent." }, "geometry": { "type": "Polygon", "coordinates": [ [ [ 127.3155, 36.58 ], [ 127.3155, 36.583125 ], [ 127.31225, 36.583125 ], [ 127.31225, 36.58 ], [ 127.3155, 36.58 ] ] ] } },
{ "type": "Feature", "properties": { "grid_id": "dem-31-14", "mean_elevation_m": 21.06, "terrain_class": "LOW_ELEVATION_CONTEXT", "threshold_note": "LOW_ELEVATION_CONTEXT means <= AOI p25 elevation; it is not a flood extent." }, "geometry": { "type": "Polygon", "coordinates": [ [ [ 127.31875, 36.58 ], [ 127.31875, 36.583125 ], [ 127.3155, 36.583125 ], [ 127.3155, 36.58 ], [ 127.31875, 36.58 ] ] ] } },
{ "type": "Feature", "properties": { "grid_id": "dem-31-15", "mean_elevation_m": 22.21, "terrain_class": "LOW_ELEVATION_CONTEXT", "threshold_note": "LOW_ELEVATION_CONTEXT means <= AOI p25 elevation; it is not a flood extent." }, "geometry": { "type": "Polygon", "coordinates": [ [ [ 127.322, 36.58 ], [ 127.322, 36.583125 ], [ 127.31875, 36.583125 ], [ 127.31875, 36.58 ], [ 127.322, 36.58 ] ] ] } },
{ "type": "Feature", "properties": { "grid_id": "dem-31-16", "mean_elevation_m": 24.87, "terrain_class": "LOW_ELEVATION_CONTEXT", "threshold_note": "LOW_ELEVATION_CONTEXT means <= AOI p25 elevation; it is not a flood extent." }, "geometry": { "type": "Polygon", "coordinates": [ [ [ 127.32525, 36.58 ], [ 127.32525, 36.583125 ], [ 127.322, 36.583125 ], [ 127.322, 36.58 ], [ 127.32525, 36.58 ] ] ] } },
{ "type": "Feature", "properties": { "grid_id": "dem-31-17", "mean_elevation_m": 32.43, "terrain_class": "TERRAIN_CONTEXT", "threshold_note": "LOW_ELEVATION_CONTEXT means <= AOI p25 elevation; it is not a flood extent." }, "geometry": { "type": "Polygon", "coordinates": [ [ [ 127.3285, 36.58 ], [ 127.3285, 36.583125 ], [ 127.32525, 36.583125 ], [ 127.32525, 36.58 ], [ 127.3285, 36.58 ] ] ] } },
{ "type": "Feature", "properties": { "grid_id": "dem-31-18", "mean_elevation_m": 27.04, "terrain_class": "LOW_ELEVATION_CONTEXT", "threshold_note": "LOW_ELEVATION_CONTEXT means <= AOI p25 elevation; it is not a flood extent." }, "geometry": { "type": "Polygon", "coordinates": [ [ [ 127.33175, 36.58 ], [ 127.33175, 36.583125 ], [ 127.3285, 36.583125 ], [ 127.3285, 36.58 ], [ 127.33175, 36.58 ] ] ] } },
{ "type": "Feature", "properties": { "grid_id": "dem-31-19", "mean_elevation_m": 26.74, "terrain_class": "LOW_ELEVATION_CONTEXT", "threshold_note": "LOW_ELEVATION_CONTEXT means <= AOI p25 elevation; it is not a flood extent." }, "geometry": { "type": "Polygon", "coordinates": [ [ [ 127.335, 36.58 ], [ 127.335, 36.583125 ], [ 127.33175, 36.583125 ], [ 127.33175, 36.58 ], [ 127.335, 36.58 ] ] ] } },
{ "type": "Feature", "properties": { "grid_id": "dem-31-20", "mean_elevation_m": 33.09, "terrain_class": "TERRAIN_CONTEXT", "threshold_note": "LOW_ELEVATION_CONTEXT means <= AOI p25 elevation; it is not a flood extent." }, "geometry": { "type": "Polygon", "coordinates": [ [ [ 127.33825, 36.58 ], [ 127.33825, 36.583125 ], [ 127.335, 36.583125 ], [ 127.335, 36.58 ], [ 127.33825, 36.58 ] ] ] } },
{ "type": "Feature", "properties": { "grid_id": "dem-31-21", "mean_elevation_m": 44.95, "terrain_class": "TERRAIN_CONTEXT", "threshold_note": "LOW_ELEVATION_CONTEXT means <= AOI p25 elevation; it is not a flood extent." }, "geometry": { "type": "Polygon", "coordinates": [ [ [ 127.3415, 36.58 ], [ 127.3415, 36.583125 ], [ 127.33825, 36.583125 ], [ 127.33825, 36.58 ], [ 127.3415, 36.58 ] ] ] } },
{ "type": "Feature", "properties": { "grid_id": "dem-31-22", "mean_elevation_m": 58.17, "terrain_class": "TERRAIN_CONTEXT", "threshold_note": "LOW_ELEVATION_CONTEXT means <= AOI p25 elevation; it is not a flood extent." }, "geometry": { "type": "Polygon", "coordinates": [ [ [ 127.34475, 36.58 ], [ 127.34475, 36.583125 ], [ 127.3415, 36.583125 ], [ 127.3415, 36.58 ], [ 127.34475, 36.58 ] ] ] } },
{ "type": "Feature", "properties": { "grid_id": "dem-31-23", "mean_elevation_m": 60.55, "terrain_class": "TERRAIN_CONTEXT", "threshold_note": "LOW_ELEVATION_CONTEXT means <= AOI p25 elevation; it is not a flood extent." }, "geometry": { "type": "Polygon", "coordinates": [ [ [ 127.348, 36.58 ], [ 127.348, 36.583125 ], [ 127.34475, 36.583125 ], [ 127.34475, 36.58 ], [ 127.348, 36.58 ] ] ] } },
{ "type": "Feature", "properties": { "grid_id": "dem-31-24", "mean_elevation_m": 46.9, "terrain_class": "TERRAIN_CONTEXT", "threshold_note": "LOW_ELEVATION_CONTEXT means <= AOI p25 elevation; it is not a flood extent." }, "geometry": { "type": "Polygon", "coordinates": [ [ [ 127.35125, 36.58 ], [ 127.35125, 36.583125 ], [ 127.348, 36.583125 ], [ 127.348, 36.58 ], [ 127.35125, 36.58 ] ] ] } },
{ "type": "Feature", "properties": { "grid_id": "dem-31-25", "mean_elevation_m": 56.19, "terrain_class": "TERRAIN_CONTEXT", "threshold_note": "LOW_ELEVATION_CONTEXT means <= AOI p25 elevation; it is not a flood extent." }, "geometry": { "type": "Polygon", "coordinates": [ [ [ 127.3545, 36.58 ], [ 127.3545, 36.583125 ], [ 127.35125, 36.583125 ], [ 127.35125, 36.58 ], [ 127.3545, 36.58 ] ] ] } },
{ "type": "Feature", "properties": { "grid_id": "dem-31-26", "mean_elevation_m": 52.01, "terrain_class": "TERRAIN_CONTEXT", "threshold_note": "LOW_ELEVATION_CONTEXT means <= AOI p25 elevation; it is not a flood extent." }, "geometry": { "type": "Polygon", "coordinates": [ [ [ 127.35775, 36.58 ], [ 127.35775, 36.583125 ], [ 127.3545, 36.583125 ], [ 127.3545, 36.58 ], [ 127.35775, 36.58 ] ] ] } },
{ "type": "Feature", "properties": { "grid_id": "dem-31-27", "mean_elevation_m": 58.29, "terrain_class": "TERRAIN_CONTEXT", "threshold_note": "LOW_ELEVATION_CONTEXT means <= AOI p25 elevation; it is not a flood extent." }, "geometry": { "type": "Polygon", "coordinates": [ [ [ 127.361, 36.58 ], [ 127.361, 36.583125 ], [ 127.35775, 36.583125 ], [ 127.35775, 36.58 ], [ 127.361, 36.58 ] ] ] } },
{ "type": "Feature", "properties": { "grid_id": "dem-31-28", "mean_elevation_m": 55.32, "terrain_class": "TERRAIN_CONTEXT", "threshold_note": "LOW_ELEVATION_CONTEXT means <= AOI p25 elevation; it is not a flood extent." }, "geometry": { "type": "Polygon", "coordinates": [ [ [ 127.36425, 36.58 ], [ 127.36425, 36.583125 ], [ 127.361, 36.583125 ], [ 127.361, 36.58 ], [ 127.36425, 36.58 ] ] ] } },
{ "type": "Feature", "properties": { "grid_id": "dem-31-29", "mean_elevation_m": 50.37, "terrain_class": "TERRAIN_CONTEXT", "threshold_note": "LOW_ELEVATION_CONTEXT means <= AOI p25 elevation; it is not a flood extent." }, "geometry": { "type": "Polygon", "coordinates": [ [ [ 127.3675, 36.58 ], [ 127.3675, 36.583125 ], [ 127.36425, 36.583125 ], [ 127.36425, 36.58 ], [ 127.3675, 36.58 ] ] ] } },
{ "type": "Feature", "properties": { "grid_id": "dem-31-30", "mean_elevation_m": 56.41, "terrain_class": "TERRAIN_CONTEXT", "threshold_note": "LOW_ELEVATION_CONTEXT means <= AOI p25 elevation; it is not a flood extent." }, "geometry": { "type": "Polygon", "coordinates": [ [ [ 127.37075, 36.58 ], [ 127.37075, 36.583125 ], [ 127.3675, 36.583125 ], [ 127.3675, 36.58 ], [ 127.37075, 36.58 ] ] ] } },
{ "type": "Feature", "properties": { "grid_id": "dem-31-31", "mean_elevation_m": 56.56, "terrain_class": "TERRAIN_CONTEXT", "threshold_note": "LOW_ELEVATION_CONTEXT means <= AOI p25 elevation; it is not a flood extent." }, "geometry": { "type": "Polygon", "coordinates": [ [ [ 127.374, 36.58 ], [ 127.374, 36.583125 ], [ 127.37075, 36.583125 ], [ 127.37075, 36.58 ], [ 127.374, 36.58 ] ] ] } },
{ "type": "Feature", "properties": { "grid_id": "dem-31-32", "mean_elevation_m": 74.0, "terrain_class": "TERRAIN_CONTEXT", "threshold_note": "LOW_ELEVATION_CONTEXT means <= AOI p25 elevation; it is not a flood extent." }, "geometry": { "type": "Polygon", "coordinates": [ [ [ 127.37725, 36.58 ], [ 127.37725, 36.583125 ], [ 127.374, 36.583125 ], [ 127.374, 36.58 ], [ 127.37725, 36.58 ] ] ] } },
{ "type": "Feature", "properties": { "grid_id": "dem-31-33", "mean_elevation_m": 72.6, "terrain_class": "TERRAIN_CONTEXT", "threshold_note": "LOW_ELEVATION_CONTEXT means <= AOI p25 elevation; it is not a flood extent." }, "geometry": { "type": "Polygon", "coordinates": [ [ [ 127.3805, 36.58 ], [ 127.3805, 36.583125 ], [ 127.37725, 36.583125 ], [ 127.37725, 36.58 ], [ 127.3805, 36.58 ] ] ] } },
{ "type": "Feature", "properties": { "grid_id": "dem-31-34", "mean_elevation_m": 60.19, "terrain_class": "TERRAIN_CONTEXT", "threshold_note": "LOW_ELEVATION_CONTEXT means <= AOI p25 elevation; it is not a flood extent." }, "geometry": { "type": "Polygon", "coordinates": [ [ [ 127.38375, 36.58 ], [ 127.38375, 36.583125 ], [ 127.3805, 36.583125 ], [ 127.3805, 36.58 ], [ 127.38375, 36.58 ] ] ] } },
{ "type": "Feature", "properties": { "grid_id": "dem-31-35", "mean_elevation_m": 53.11, "terrain_class": "TERRAIN_CONTEXT", "threshold_note": "LOW_ELEVATION_CONTEXT means <= AOI p25 elevation; it is not a flood extent." }, "geometry": { "type": "Polygon", "coordinates": [ [ [ 127.387, 36.58 ], [ 127.387, 36.583125 ], [ 127.38375, 36.583125 ], [ 127.38375, 36.58 ], [ 127.387, 36.58 ] ] ] } },
{ "type": "Feature", "properties": { "grid_id": "dem-31-36", "mean_elevation_m": 58.62, "terrain_class": "TERRAIN_CONTEXT", "threshold_note": "LOW_ELEVATION_CONTEXT means <= AOI p25 elevation; it is not a flood extent." }, "geometry": { "type": "Polygon", "coordinates": [ [ [ 127.39025, 36.58 ], [ 127.39025, 36.583125 ], [ 127.387, 36.583125 ], [ 127.387, 36.58 ], [ 127.39025, 36.58 ] ] ] } },
{ "type": "Feature", "properties": { "grid_id": "dem-31-37", "mean_elevation_m": 72.84, "terrain_class": "TERRAIN_CONTEXT", "threshold_note": "LOW_ELEVATION_CONTEXT means <= AOI p25 elevation; it is not a flood extent." }, "geometry": { "type": "Polygon", "coordinates": [ [ [ 127.3935, 36.58 ], [ 127.3935, 36.583125 ], [ 127.39025, 36.583125 ], [ 127.39025, 36.58 ], [ 127.3935, 36.58 ] ] ] } },
{ "type": "Feature", "properties": { "grid_id": "dem-31-38", "mean_elevation_m": 70.66, "terrain_class": "TERRAIN_CONTEXT", "threshold_note": "LOW_ELEVATION_CONTEXT means <= AOI p25 elevation; it is not a flood extent." }, "geometry": { "type": "Polygon", "coordinates": [ [ [ 127.39675, 36.58 ], [ 127.39675, 36.583125 ], [ 127.3935, 36.583125 ], [ 127.3935, 36.58 ], [ 127.39675, 36.58 ] ] ] } },
{ "type": "Feature", "properties": { "grid_id": "dem-31-39", "mean_elevation_m": 83.11, "terrain_class": "TERRAIN_CONTEXT", "threshold_note": "LOW_ELEVATION_CONTEXT means <= AOI p25 elevation; it is not a flood extent." }, "geometry": { "type": "Polygon", "coordinates": [ [ [ 127.4, 36.58 ], [ 127.4, 36.583125 ], [ 127.39675, 36.583125 ], [ 127.39675, 36.58 ], [ 127.4, 36.58 ] ] ] } }
]
}
