timestamp_kst,station_id,station_name,water_level_m,fw_raw,longitude,latitude,agency
2023-07-14 00:00,3011635,청주시(팔결교),2.96,160.17,127.4755556,36.7141667,기후에너지환경부
2023-07-14 00:00,3011665,청주시(미호강교),2.70,225.55,127.3505556,36.6230556,기후에너지환경부
2023-07-14 00:00,3011685,세종시(미호교),0.90,293.17,127.3163889,36.5825,기후에너지환경부
2023-07-14 00:10,3011635,청주시(팔결교),2.94,158.29,127.4755556,36.7141667,기후에너지환경부
2023-07-14 00:10,3011665,청주시(미호강교),2.72,228.91,127.3505556,36.6230556,기후에너지환경부
2023-07-14 00:10,3011685,세종시(미호교),0.91,296.35,127.3163889,36.5825,기후에너지환경부
2023-07-14 00:20,3011635,청주시(팔결교),2.95,159.23,127.4755556,36.7141667,기후에너지환경부
2023-07-14 00:20,3011665,청주시(미호강교),2.75,233.97,127.3505556,36.6230556,기후에너지환경부
2023-07-14 00:20,3011685,세종시(미호교),0.92,299.54,127.3163889,36.5825,기후에너지환경부
2023-07-14 00:30,3011635,청주시(팔결교),2.93,157.35,127.4755556,36.7141667,기후에너지환경부
2023-07-14 00:30,3011665,청주시(미호강교),2.78,239.06,127.3505556,36.6230556,기후에너지환경부
2023-07-14 00:30,3011685,세종시(미호교),0.94,305.96,127.3163889,36.5825,기후에너지환경부
2023-07-14 00:40,3011635,청주시(팔결교),2.93,157.35,127.4755556,36.7141667,기후에너지환경부
2023-07-14 00:40,3011665,청주시(미호강교),2.81,244.19,127.3505556,36.6230556,기후에너지환경부
2023-07-14 00:40,3011685,세종시(미호교),0.94,305.96,127.3163889,36.5825,기후에너지환경부
2023-07-14 00:50,3011635,청주시(팔결교),2.93,157.35,127.4755556,36.7141667,기후에너지환경부
2023-07-14 00:50,3011665,청주시(미호강교),2.84,249.35,127.3505556,36.6230556,기후에너지환경부
2023-07-14 00:50,3011685,세종시(미호교),0.96,312.42,127.3163889,36.5825,기후에너지환경부
2023-07-14 01:00,3011635,청주시(팔결교),2.93,157.35,127.4755556,36.7141667,기후에너지환경부
2023-07-14 01:00,3011665,청주시(미호강교),2.86,252.81,127.3505556,36.6230556,기후에너지환경부
2023-07-14 01:00,3011685,세종시(미호교),0.97,315.67,127.3163889,36.5825,기후에너지환경부
2023-07-14 01:10,3011635,청주시(팔결교),2.92,156.41,127.4755556,36.7141667,기후에너지환경부
2023-07-14 01:10,3011665,청주시(미호강교),2.88,256.29,127.3505556,36.6230556,기후에너지환경부
2023-07-14 01:10,3011685,세종시(미호교),0.99,322.20,127.3163889,36.5825,기후에너지환경부
2023-07-14 01:20,3011635,청주시(팔결교),2.89,153.61,127.4755556,36.7141667,기후에너지환경부
2023-07-14 01:20,3011665,청주시(미호강교),2.90,259.78,127.3505556,36.6230556,기후에너지환경부
2023-07-14 01:20,3011685,세종시(미호교),1.01,328.77,127.3163889,36.5825,기후에너지환경부
2023-07-14 01:30,3011635,청주시(팔결교),2.88,152.68,127.4755556,36.7141667,기후에너지환경부
2023-07-14 01:30,3011665,청주시(미호강교),2.92,263.28,127.3505556,36.6230556,기후에너지환경부
2023-07-14 01:30,3011685,세종시(미호교),1.02,332.07,127.3163889,36.5825,기후에너지환경부
2023-07-14 01:40,3011635,청주시(팔결교),2.87,151.75,127.4755556,36.7141667,기후에너지환경부
2023-07-14 01:40,3011665,청주시(미호강교),2.94,266.80,127.3505556,36.6230556,기후에너지환경부
2023-07-14 01:40,3011685,세종시(미호교),1.04,338.72,127.3163889,36.5825,기후에너지환경부
2023-07-14 01:50,3011635,청주시(팔결교),2.89,153.61,127.4755556,36.7141667,기후에너지환경부
2023-07-14 01:50,3011665,청주시(미호강교),2.96,270.34,127.3505556,36.6230556,기후에너지환경부
2023-07-14 01:50,3011685,세종시(미호교),1.05,342.05,127.3163889,36.5825,기후에너지환경부
2023-07-14 02:00,3011635,청주시(팔결교),2.90,154.54,127.4755556,36.7141667,기후에너지환경부
2023-07-14 02:00,3011665,청주시(미호강교),2.97,272.11,127.3505556,36.6230556,기후에너지환경부
2023-07-14 02:00,3011685,세종시(미호교),1.07,348.76,127.3163889,36.5825,기후에너지환경부
2023-07-14 02:10,3011635,청주시(팔결교),2.86,150.83,127.4755556,36.7141667,기후에너지환경부
2023-07-14 02:10,3011665,청주시(미호강교),2.99,275.67,127.3505556,36.6230556,기후에너지환경부
2023-07-14 02:10,3011685,세종시(미호교),1.09,355.52,127.3163889,36.5825,기후에너지환경부
2023-07-14 02:20,3011635,청주시(팔결교),2.89,153.61,127.4755556,36.7141667,기후에너지환경부
2023-07-14 02:20,3011665,청주시(미호강교),3.00,277.45,127.3505556,36.6230556,기후에너지환경부
2023-07-14 02:20,3011685,세종시(미호교),1.10,358.91,127.3163889,36.5825,기후에너지환경부
2023-07-14 02:30,3011635,청주시(팔결교),2.89,153.61,127.4755556,36.7141667,기후에너지환경부
2023-07-14 02:30,3011665,청주시(미호강교),3.02,281.03,127.3505556,36.6230556,기후에너지환경부
2023-07-14 02:30,3011685,세종시(미호교),1.10,358.91,127.3163889,36.5825,기후에너지환경부
2023-07-14 02:40,3011635,청주시(팔결교),2.86,150.83,127.4755556,36.7141667,기후에너지환경부
2023-07-14 02:40,3011665,청주시(미호강교),3.03,282.82,127.3505556,36.6230556,기후에너지환경부
2023-07-14 02:40,3011685,세종시(미호교),1.11,362.31,127.3163889,36.5825,기후에너지환경부
2023-07-14 02:50,3011635,청주시(팔결교),2.88,152.68,127.4755556,36.7141667,기후에너지환경부
2023-07-14 02:50,3011665,청주시(미호강교),3.04,284.62,127.3505556,36.6230556,기후에너지환경부
2023-07-14 02:50,3011685,세종시(미호교),1.12,365.73,127.3163889,36.5825,기후에너지환경부
2023-07-14 03:00,3011635,청주시(팔결교),2.93,157.35,127.4755556,36.7141667,기후에너지환경부
2023-07-14 03:00,3011665,청주시(미호강교),3.06,288.22,127.3505556,36.6230556,기후에너지환경부
2023-07-14 03:00,3011685,세종시(미호교),1.14,372.59,127.3163889,36.5825,기후에너지환경부
2023-07-14 03:10,3011635,청주시(팔결교),2.93,157.35,127.4755556,36.7141667,기후에너지환경부
2023-07-14 03:10,3011665,청주시(미호강교),3.08,291.84,127.3505556,36.6230556,기후에너지환경부
2023-07-14 03:10,3011685,세종시(미호교),1.16,379.49,127.3163889,36.5825,기후에너지환경부
2023-07-14 03:20,3011635,청주시(팔결교),2.93,157.35,127.4755556,36.7141667,기후에너지환경부
2023-07-14 03:20,3011665,청주시(미호강교),3.09,293.66,127.3505556,36.6230556,기후에너지환경부
2023-07-14 03:20,3011685,세종시(미호교),1.18,386.44,127.3163889,36.5825,기후에너지환경부
2023-07-14 03:30,3011635,청주시(팔결교),2.94,158.29,127.4755556,36.7141667,기후에너지환경부
2023-07-14 03:30,3011665,청주시(미호강교),3.10,295.48,127.3505556,36.6230556,기후에너지환경부
2023-07-14 03:30,3011685,세종시(미호교),1.19,389.93,127.3163889,36.5825,기후에너지환경부
2023-07-14 03:40,3011635,청주시(팔결교),2.94,158.29,127.4755556,36.7141667,기후에너지환경부
2023-07-14 03:40,3011665,청주시(미호강교),3.13,300.95,127.3505556,36.6230556,기후에너지환경부
2023-07-14 03:40,3011685,세종시(미호교),1.21,396.95,127.3163889,36.5825,기후에너지환경부
2023-07-14 03:50,3011635,청주시(팔결교),2.95,159.23,127.4755556,36.7141667,기후에너지환경부
2023-07-14 03:50,3011665,청주시(미호강교),3.16,306.46,127.3505556,36.6230556,기후에너지환경부
2023-07-14 03:50,3011685,세종시(미호교),1.23,404.00,127.3163889,36.5825,기후에너지환경부
2023-07-14 04:00,3011635,청주시(팔결교),3.00,163.96,127.4755556,36.7141667,기후에너지환경부
2023-07-14 04:00,3011665,청주시(미호강교),3.18,310.15,127.3505556,36.6230556,기후에너지환경부
2023-07-14 04:00,3011685,세종시(미호교),1.25,411.10,127.3163889,36.5825,기후에너지환경부
2023-07-14 04:10,3011635,청주시(팔결교),2.98,162.06,127.4755556,36.7141667,기후에너지환경부
2023-07-14 04:10,3011665,청주시(미호강교),3.22,317.57,127.3505556,36.6230556,기후에너지환경부
2023-07-14 04:10,3011685,세종시(미호교),1.29,425.42,127.3163889,36.5825,기후에너지환경부
2023-07-14 04:20,3011635,청주시(팔결교),3.02,165.86,127.4755556,36.7141667,기후에너지환경부
2023-07-14 04:20,3011665,청주시(미호강교),3.25,323.17,127.3505556,36.6230556,기후에너지환경부
2023-07-14 04:20,3011685,세종시(미호교),1.30,429.02,127.3163889,36.5825,기후에너지환경부
2023-07-14 04:30,3011635,청주시(팔결교),3.06,169.70,127.4755556,36.7141667,기후에너지환경부
2023-07-14 04:30,3011665,청주시(미호강교),3.29,330.69,127.3505556,36.6230556,기후에너지환경부
2023-07-14 04:30,3011685,세종시(미호교),1.34,443.55,127.3163889,36.5825,기후에너지환경부
2023-07-14 04:40,3011635,청주시(팔결교),3.10,174.62,127.4755556,36.7141667,기후에너지환경부
2023-07-14 04:40,3011665,청주시(미호강교),3.34,340.16,127.3505556,36.6230556,기후에너지환경부
2023-07-14 04:40,3011685,세종시(미호교),1.36,450.87,127.3163889,36.5825,기후에너지환경부
2023-07-14 04:50,3011635,청주시(팔결교),3.15,182.19,127.4755556,36.7141667,기후에너지환경부
2023-07-14 04:50,3011665,청주시(미호강교),3.39,349.71,127.3505556,36.6230556,기후에너지환경부
2023-07-14 04:50,3011685,세종시(미호교),1.39,461.94,127.3163889,36.5825,기후에너지환경부
2023-07-14 05:00,3011635,청주시(팔결교),3.19,188.31,127.4755556,36.7141667,기후에너지환경부
2023-07-14 05:00,3011665,청주시(미호강교),3.44,359.35,127.3505556,36.6230556,기후에너지환경부
2023-07-14 05:00,3011685,세종시(미호교),1.42,473.09,127.3163889,36.5825,기후에너지환경부
2023-07-14 05:10,3011635,청주시(팔결교),3.22,192.95,127.4755556,36.7141667,기후에너지환경부
2023-07-14 05:10,3011665,청주시(미호강교),3.49,369.06,127.3505556,36.6230556,기후에너지환경부
2023-07-14 05:10,3011685,세종시(미호교),1.47,491.88,127.3163889,36.5825,기후에너지환경부
2023-07-14 05:20,3011635,청주시(팔결교),3.28,202.34,127.4755556,36.7141667,기후에너지환경부
2023-07-14 05:20,3011665,청주시(미호강교),3.54,378.86,127.3505556,36.6230556,기후에너지환경부
2023-07-14 05:20,3011685,세종시(미호교),1.49,499.46,127.3163889,36.5825,기후에너지환경부
2023-07-14 05:30,3011635,청주시(팔결교),3.34,211.89,127.4755556,36.7141667,기후에너지환경부
2023-07-14 05:30,3011665,청주시(미호강교),3.60,390.72,127.3505556,36.6230556,기후에너지환경부
2023-07-14 05:30,3011685,세종시(미호교),1.51,507.09,127.3163889,36.5825,기후에너지환경부
2023-07-14 05:40,3011635,청주시(팔결교),3.37,216.71,127.4755556,36.7141667,기후에너지환경부
2023-07-14 05:40,3011665,청주시(미호강교),3.66,402.69,127.3505556,36.6230556,기후에너지환경부
2023-07-14 05:40,3011685,세종시(미호교),1.54,518.60,127.3163889,36.5825,기후에너지환경부
2023-07-14 05:50,3011635,청주시(팔결교),3.36,215.10,127.4755556,36.7141667,기후에너지환경부
2023-07-14 05:50,3011665,청주시(미호강교),3.73,416.81,127.3505556,36.6230556,기후에너지환경부
2023-07-14 05:50,3011685,세종시(미호교),1.56,526.32,127.3163889,36.5825,기후에너지환경부
2023-07-14 06:00,3011635,청주시(팔결교),3.46,231.40,127.4755556,36.7141667,기후에너지환경부
2023-07-14 06:00,3011665,청주시(미호강교),3.78,426.98,127.3505556,36.6230556,기후에너지환경부
2023-07-14 06:00,3011685,세종시(미호교),1.61,545.80,127.3163889,36.5825,기후에너지환경부
2023-07-14 06:10,3011635,청주시(팔결교),3.47,233.06,127.4755556,36.7141667,기후에너지환경부
2023-07-14 06:10,3011665,청주시(미호강교),3.83,437.23,127.3505556,36.6230556,기후에너지환경부
2023-07-14 06:10,3011685,세종시(미호교),1.62,549.72,127.3163889,36.5825,기후에너지환경부
2023-07-14 06:20,3011635,청주시(팔결교),3.60,254.90,127.4755556,36.7141667,기후에너지환경부
2023-07-14 06:20,3011665,청주시(미호강교),3.89,449.63,127.3505556,36.6230556,기후에너지환경부
2023-07-14 06:20,3011685,세종시(미호교),1.67,569.48,127.3163889,36.5825,기후에너지환경부
2023-07-14 06:30,3011635,청주시(팔결교),3.67,266.92,127.4755556,36.7141667,기후에너지환경부
2023-07-14 06:30,3011665,청주시(미호강교),3.94,460.04,127.3505556,36.6230556,기후에너지환경부
2023-07-14 06:30,3011685,세종시(미호교),1.70,581.45,127.3163889,36.5825,기후에너지환경부
2023-07-14 06:40,3011635,청주시(팔결교),3.72,275.63,127.4755556,36.7141667,기후에너지환경부
2023-07-14 06:40,3011665,청주시(미호강교),3.98,468.43,127.3505556,36.6230556,기후에너지환경부
2023-07-14 06:40,3011685,세종시(미호교),1.70,581.45,127.3163889,36.5825,기후에너지환경부
2023-07-14 06:50,3011635,청주시(팔결교),3.78,286.20,127.4755556,36.7141667,기후에너지환경부
2023-07-14 06:50,3011665,청주시(미호강교),4.03,478.97,127.3505556,36.6230556,기후에너지환경부
2023-07-14 06:50,3011685,세종시(미호교),1.73,593.50,127.3163889,36.5825,기후에너지환경부
2023-07-14 07:00,3011635,청주시(팔결교),3.87,302.30,127.4755556,36.7141667,기후에너지환경부
2023-07-14 07:00,3011665,청주시(미호강교),4.08,489.59,127.3505556,36.6230556,기후에너지환경부
2023-07-14 07:00,3011685,세종시(미호교),1.75,601.59,127.3163889,36.5825,기후에너지환경부
2023-07-14 07:10,3011635,청주시(팔결교),3.95,316.86,127.4755556,36.7141667,기후에너지환경부
2023-07-14 07:10,3011665,청주시(미호강교),4.12,498.14,127.3505556,36.6230556,기후에너지환경부
2023-07-14 07:10,3011685,세종시(미호교),1.78,613.78,127.3163889,36.5825,기후에너지환경부
2023-07-14 07:20,3011635,청주시(팔결교),4.04,333.51,127.4755556,36.7141667,기후에너지환경부
2023-07-14 07:20,3011665,청주시(미호강교),4.16,506.74,127.3505556,36.6230556,기후에너지환경부
2023-07-14 07:20,3011685,세종시(미호교),1.82,630.17,127.3163889,36.5825,기후에너지환경부
2023-07-14 07:30,3011635,청주시(팔결교),4.15,362.43,127.4755556,36.7141667,기후에너지환경부
2023-07-14 07:30,3011665,청주시(미호강교),4.20,515.38,127.3505556,36.6230556,기후에너지환경부
2023-07-14 07:30,3011685,세종시(미호교),1.85,642.55,127.3163889,36.5825,기후에너지환경부
2023-07-14 07:40,3011635,청주시(팔결교),4.21,384.03,127.4755556,36.7141667,기후에너지환경부
2023-07-14 07:40,3011665,청주시(미호강교),4.25,526.24,127.3505556,36.6230556,기후에너지환경부
2023-07-14 07:40,3011685,세종시(미호교),1.89,659.20,127.3163889,36.5825,기후에너지환경부
2023-07-14 07:50,3011635,청주시(팔결교),4.33,428.52,127.4755556,36.7141667,기후에너지환경부
2023-07-14 07:50,3011665,청주시(미호강교),4.29,534.98,127.3505556,36.6230556,기후에너지환경부
2023-07-14 07:50,3011685,세종시(미호교),1.94,680.20,127.3163889,36.5825,기후에너지환경부
2023-07-14 08:00,3011635,청주시(팔결교),4.38,447.56,127.4755556,36.7141667,기후에너지환경부
2023-07-14 08:00,3011665,청주시(미호강교),4.34,545.97,127.3505556,36.6230556,기후에너지환경부
2023-07-14 08:00,3011685,세종시(미호교),1.96,688.67,127.3163889,36.5825,기후에너지환경부
2023-07-14 08:10,3011635,청주시(팔결교),4.47,482.54,127.4755556,36.7141667,기후에너지환경부
2023-07-14 08:10,3011665,청주시(미호강교),4.40,559.26,127.3505556,36.6230556,기후에너지환경부
2023-07-14 08:10,3011685,세종시(미호교),2.00,705.70,127.3163889,36.5825,기후에너지환경부
2023-07-14 08:20,3011635,청주시(팔결교),4.53,506.36,127.4755556,36.7141667,기후에너지환경부
2023-07-14 08:20,3011665,청주시(미호강교),4.46,572.64,127.3505556,36.6230556,기후에너지환경부
2023-07-14 08:20,3011685,세종시(미호교),2.05,727.19,127.3163889,36.5825,기후에너지환경부
2023-07-14 08:30,3011635,청주시(팔결교),4.60,534.66,127.4755556,36.7141667,기후에너지환경부
2023-07-14 08:30,3011665,청주시(미호강교),4.52,586.11,127.3505556,36.6230556,기후에너지환경부
2023-07-14 08:30,3011685,세종시(미호교),2.07,735.85,127.3163889,36.5825,기후에너지환경부
2023-07-14 08:40,3011635,청주시(팔결교),4.67,563.48,127.4755556,36.7141667,기후에너지환경부
2023-07-14 08:40,3011665,청주시(미호강교),4.58,599.69,127.3505556,36.6230556,기후에너지환경부
2023-07-14 08:40,3011685,세종시(미호교),2.11,753.27,127.3163889,36.5825,기후에너지환경부
2023-07-14 08:50,3011635,청주시(팔결교),4.73,588.61,127.4755556,36.7141667,기후에너지환경부
2023-07-14 08:50,3011665,청주시(미호강교),4.65,615.65,127.3505556,36.6230556,기후에너지환경부
2023-07-14 08:50,3011685,세종시(미호교),2.14,766.43,127.3163889,36.5825,기후에너지환경부
2023-07-14 09:00,3011635,청주시(팔결교),4.76,601.32,127.4755556,36.7141667,기후에너지환경부
2023-07-14 09:00,3011665,청주시(미호강교),4.71,629.43,127.3505556,36.6230556,기후에너지환경부
2023-07-14 09:00,3011685,세종시(미호교),2.17,779.66,127.3163889,36.5825,기후에너지환경부
2023-07-14 09:10,3011635,청주시(팔결교),4.79,614.11,127.4755556,36.7141667,기후에너지환경부
2023-07-14 09:10,3011665,청주시(미호강교),4.77,643.31,127.3505556,36.6230556,기후에너지환경부
2023-07-14 09:10,3011685,세종시(미호교),2.22,801.89,127.3163889,36.5825,기후에너지환경부
2023-07-14 09:20,3011635,청주시(팔결교),4.84,635.65,127.4755556,36.7141667,기후에너지환경부
2023-07-14 09:20,3011665,청주시(미호강교),4.83,657.29,127.3505556,36.6230556,기후에너지환경부
2023-07-14 09:20,3011685,세종시(미호교),2.24,810.84,127.3163889,36.5825,기후에너지환경부
2023-07-14 09:30,3011635,청주시(팔결교),4.89,657.45,127.4755556,36.7141667,기후에너지환경부
2023-07-14 09:30,3011665,청주시(미호강교),4.89,671.35,127.3505556,36.6230556,기후에너지환경부
2023-07-14 09:30,3011685,세종시(미호교),2.29,833.36,127.3163889,36.5825,기후에너지환경부
2023-07-14 09:40,3011635,청주시(팔결교),4.89,657.45,127.4755556,36.7141667,기후에너지환경부
2023-07-14 09:40,3011665,청주시(미호강교),4.95,685.51,127.3505556,36.6230556,기후에너지환경부
2023-07-14 09:40,3011685,세종시(미호교),2.34,856.09,127.3163889,36.5825,기후에너지환경부
2023-07-14 09:50,3011635,청주시(팔결교),4.91,666.24,127.4755556,36.7141667,기후에너지환경부
2023-07-14 09:50,3011665,청주시(미호강교),5.00,697.38,127.3505556,36.6230556,기후에너지환경부
2023-07-14 09:50,3011685,세종시(미호교),2.40,883.64,127.3163889,36.5825,기후에너지환경부
2023-07-14 10:00,3011635,청주시(팔결교),4.92,670.65,127.4755556,36.7141667,기후에너지환경부
2023-07-14 10:00,3011665,청주시(미호강교),5.06,711.71,127.3505556,36.6230556,기후에너지환경부
2023-07-14 10:00,3011685,세종시(미호교),2.45,906.82,127.3163889,36.5825,기후에너지환경부
2023-07-14 10:10,3011635,청주시(팔결교),4.93,675.07,127.4755556,36.7141667,기후에너지환경부
2023-07-14 10:10,3011665,청주시(미호강교),5.11,723.72,127.3505556,36.6230556,기후에너지환경부
2023-07-14 10:10,3011685,세종시(미호교),2.52,947.52,127.3163889,36.5825,기후에너지환경부
2023-07-14 10:20,3011635,청주시(팔결교),4.92,670.65,127.4755556,36.7141667,기후에너지환경부
2023-07-14 10:20,3011665,청주시(미호강교),5.16,735.79,127.3505556,36.6230556,기후에너지환경부
2023-07-14 10:20,3011685,세종시(미호교),2.57,976.96,127.3163889,36.5825,기후에너지환경부
2023-07-14 10:30,3011635,청주시(팔결교),4.95,683.94,127.4755556,36.7141667,기후에너지환경부
2023-07-14 10:30,3011665,청주시(미호강교),5.21,747.92,127.3505556,36.6230556,기후에너지환경부
2023-07-14 10:30,3011685,세종시(미호교),2.64,1018.71,127.3163889,36.5825,기후에너지환경부
2023-07-14 10:40,3011635,청주시(팔결교),4.95,683.94,127.4755556,36.7141667,기후에너지환경부
2023-07-14 10:40,3011665,청주시(미호강교),5.26,760.12,127.3505556,36.6230556,기후에너지환경부
2023-07-14 10:40,3011685,세종시(미호교),2.70,1054.96,127.3163889,36.5825,기후에너지환경부
2023-07-14 10:50,3011635,청주시(팔결교),4.94,679.50,127.4755556,36.7141667,기후에너지환경부
2023-07-14 10:50,3011665,청주시(미호강교),5.29,767.46,127.3505556,36.6230556,기후에너지환경부
2023-07-14 10:50,3011685,세종시(미호교),2.76,1091.65,127.3163889,36.5825,기후에너지환경부
2023-07-14 11:00,3011635,청주시(팔결교),4.95,683.94,127.4755556,36.7141667,기후에너지환경부
2023-07-14 11:00,3011665,청주시(미호강교),5.34,779.76,127.3505556,36.6230556,기후에너지환경부
2023-07-14 11:00,3011685,세종시(미호교),2.81,1122.56,127.3163889,36.5825,기후에너지환경부
2023-07-14 11:10,3011635,청주시(팔결교),4.93,675.07,127.4755556,36.7141667,기후에너지환경부
2023-07-14 11:10,3011665,청주시(미호강교),5.38,789.63,127.3505556,36.6230556,기후에너지환경부
2023-07-14 11:10,3011685,세종시(미호교),2.87,1160.03,127.3163889,36.5825,기후에너지환경부
2023-07-14 11:20,3011635,청주시(팔결교),4.89,657.45,127.4755556,36.7141667,기후에너지환경부
2023-07-14 11:20,3011665,청주시(미호강교),5.42,799.55,127.3505556,36.6230556,기후에너지환경부
2023-07-14 11:20,3011685,세종시(미호교),2.93,1197.93,127.3163889,36.5825,기후에너지환경부
2023-07-14 11:30,3011635,청주시(팔결교),4.94,679.50,127.4755556,36.7141667,기후에너지환경부
2023-07-14 11:30,3011665,청주시(미호강교),5.47,812.00,127.3505556,36.6230556,기후에너지환경부
2023-07-14 11:30,3011685,세종시(미호교),2.99,1236.25,127.3163889,36.5825,기후에너지환경부
2023-07-14 11:40,3011635,청주시(팔결교),4.94,679.50,127.4755556,36.7141667,기후에너지환경부
2023-07-14 11:40,3011665,청주시(미호강교),5.52,824.51,127.3505556,36.6230556,기후에너지환경부
2023-07-14 11:40,3011685,세종시(미호교),3.06,1281.48,127.3163889,36.5825,기후에너지환경부
2023-07-14 11:50,3011635,청주시(팔결교),4.92,670.65,127.4755556,36.7141667,기후에너지환경부
2023-07-14 11:50,3011665,청주시(미호강교),5.56,834.56,127.3505556,36.6230556,기후에너지환경부
2023-07-14 11:50,3011685,세종시(미호교),3.12,1320.69,127.3163889,36.5825,기후에너지환경부
2023-07-14 12:00,3011635,청주시(팔결교),4.94,679.50,127.4755556,36.7141667,기후에너지환경부
2023-07-14 12:00,3011665,청주시(미호강교),5.60,844.65,127.3505556,36.6230556,기후에너지환경부
2023-07-14 12:00,3011685,세종시(미호교),3.18,1360.30,127.3163889,36.5825,기후에너지환경부
2023-07-14 12:10,3011635,청주시(팔결교),4.93,675.07,127.4755556,36.7141667,기후에너지환경부
2023-07-14 12:10,3011665,청주시(미호강교),5.63,852.24,127.3505556,36.6230556,기후에너지환경부
2023-07-14 12:10,3011685,세종시(미호교),3.24,1400.32,127.3163889,36.5825,기후에너지환경부
2023-07-14 12:20,3011635,청주시(팔결교),4.93,675.07,127.4755556,36.7141667,기후에너지환경부
2023-07-14 12:20,3011665,청주시(미호강교),5.67,862.40,127.3505556,36.6230556,기후에너지환경부
2023-07-14 12:20,3011685,세종시(미호교),3.29,1433.98,127.3163889,36.5825,기후에너지환경부
2023-07-14 12:30,3011635,청주시(팔결교),4.93,675.07,127.4755556,36.7141667,기후에너지환경부
2023-07-14 12:30,3011665,청주시(미호강교),5.71,872.59,127.3505556,36.6230556,기후에너지환경부
2023-07-14 12:30,3011685,세종시(미호교),3.34,1467.91,127.3163889,36.5825,기후에너지환경부
2023-07-14 12:40,3011635,청주시(팔결교),4.92,670.65,127.4755556,36.7141667,기후에너지환경부
2023-07-14 12:40,3011665,청주시(미호강교),5.74,880.26,127.3505556,36.6230556,기후에너지환경부
2023-07-14 12:40,3011685,세종시(미호교),3.39,1502.11,127.3163889,36.5825,기후에너지환경부
2023-07-14 12:50,3011635,청주시(팔결교),4.95,683.94,127.4755556,36.7141667,기후에너지환경부
2023-07-14 12:50,3011665,청주시(미호강교),5.78,890.52,127.3505556,36.6230556,기후에너지환경부
2023-07-14 12:50,3011685,세종시(미호교),3.44,1536.58,127.3163889,36.5825,기후에너지환경부
2023-07-14 13:00,3011635,청주시(팔결교),4.94,679.50,127.4755556,36.7141667,기후에너지환경부
2023-07-14 13:00,3011665,청주시(미호강교),5.81,898.24,127.3505556,36.6230556,기후에너지환경부
2023-07-14 13:00,3011685,세종시(미호교),3.47,1557.39,127.3163889,36.5825,기후에너지환경부
2023-07-14 13:10,3011635,청주시(팔결교),4.95,683.94,127.4755556,36.7141667,기후에너지환경부
2023-07-14 13:10,3011665,청주시(미호강교),5.84,917.53,127.3505556,36.6230556,기후에너지환경부
2023-07-14 13:10,3011685,세종시(미호교),3.52,1592.29,127.3163889,36.5825,기후에너지환경부
2023-07-14 13:20,3011635,청주시(팔결교),4.93,675.07,127.4755556,36.7141667,기후에너지환경부
2023-07-14 13:20,3011665,청주시(미호강교),5.87,937.11,127.3505556,36.6230556,기후에너지환경부
2023-07-14 13:20,3011685,세종시(미호교),3.56,1620.41,127.3163889,36.5825,기후에너지환경부
2023-07-14 13:30,3011635,청주시(팔결교),4.97,692.85,127.4755556,36.7141667,기후에너지환경부
2023-07-14 13:30,3011665,청주시(미호강교),5.90,956.96,127.3505556,36.6230556,기후에너지환경부
2023-07-14 13:30,3011685,세종시(미호교),3.59,1641.60,127.3163889,36.5825,기후에너지환경부
2023-07-14 13:40,3011635,청주시(팔결교),4.96,688.39,127.4755556,36.7141667,기후에너지환경부
2023-07-14 13:40,3011665,청주시(미호강교),5.92,970.35,127.3505556,36.6230556,기후에너지환경부
2023-07-14 13:40,3011685,세종시(미호교),3.63,1670.01,127.3163889,36.5825,기후에너지환경부
2023-07-14 13:50,3011635,청주시(팔결교),5.00,706.30,127.4755556,36.7141667,기후에너지환경부
2023-07-14 13:50,3011665,청주시(미호강교),5.95,990.66,127.3505556,36.6230556,기후에너지환경부
2023-07-14 13:50,3011685,세종시(미호교),3.67,1698.59,127.3163889,36.5825,기후에너지환경부
2023-07-14 14:00,3011635,청주시(팔결교),5.02,715.31,127.4755556,36.7141667,기후에너지환경부
2023-07-14 14:00,3011665,청주시(미호강교),5.98,1011.24,127.3505556,36.6230556,기후에너지환경부
2023-07-14 14:00,3011685,세종시(미호교),3.70,1720.13,127.3163889,36.5825,기후에너지환경부
2023-07-14 14:10,3011635,청주시(팔결교),5.07,738.01,127.4755556,36.7141667,기후에너지환경부
2023-07-14 14:10,3011665,청주시(미호강교),6.01,1032.11,127.3505556,36.6230556,기후에너지환경부
2023-07-14 14:10,3011685,세종시(미호교),3.75,1756.24,127.3163889,36.5825,기후에너지환경부
2023-07-14 14:20,3011635,청주시(팔결교),5.09,747.16,127.4755556,36.7141667,기후에너지환경부
2023-07-14 14:20,3011665,청주시(미호강교),6.03,1046.17,127.3505556,36.6230556,기후에너지환경부
2023-07-14 14:20,3011685,세종시(미호교),3.79,1785.32,127.3163889,36.5825,기후에너지환경부
2023-07-14 14:30,3011635,청주시(팔결교),5.05,728.90,127.4755556,36.7141667,기후에너지환경부
2023-07-14 14:30,3011665,청주시(미호강교),6.06,1067.51,127.3505556,36.6230556,기후에너지환경부
2023-07-14 14:30,3011685,세종시(미호교),3.83,1814.55,127.3163889,36.5825,기후에너지환경부
2023-07-14 14:40,3011635,청주시(팔결교),5.14,770.20,127.4755556,36.7141667,기후에너지환경부
2023-07-14 14:40,3011665,청주시(미호강교),6.09,1089.13,127.3505556,36.6230556,기후에너지환경부
2023-07-14 14:40,3011685,세종시(미호교),3.88,1851.33,127.3163889,36.5825,기후에너지환경부
2023-07-14 14:50,3011635,청주시(팔결교),5.18,788.81,127.4755556,36.7141667,기후에너지환경부
2023-07-14 14:50,3011665,청주시(미호강교),6.13,1118.40,127.3505556,36.6230556,기후에너지환경부
2023-07-14 14:50,3011685,세종시(미호교),3.92,1880.94,127.3163889,36.5825,기후에너지환경부
2023-07-14 15:00,3011635,청주시(팔결교),5.19,793.49,127.4755556,36.7141667,기후에너지환경부
2023-07-14 15:00,3011665,청주시(미호강교),6.16,1140.69,127.3505556,36.6230556,기후에너지환경부
2023-07-14 15:00,3011685,세종시(미호교),3.96,1910.71,127.3163889,36.5825,기후에너지환경부
2023-07-14 15:10,3011635,청주시(팔결교),5.24,817.02,127.4755556,36.7141667,기후에너지환경부
2023-07-14 15:10,3011665,청주시(미호강교),6.20,1170.86,127.3505556,36.6230556,기후에너지환경부
2023-07-14 15:10,3011685,세종시(미호교),4.01,1948.14,127.3163889,36.5825,기후에너지환경부
2023-07-14 15:20,3011635,청주시(팔결교),5.29,840.78,127.4755556,36.7141667,기후에너지환경부
2023-07-14 15:20,3011665,청주시(미호강교),6.24,1201.56,127.3505556,36.6230556,기후에너지환경부
2023-07-14 15:20,3011685,세종시(미호교),4.06,1985.83,127.3163889,36.5825,기후에너지환경부
2023-07-14 15:30,3011635,청주시(팔결교),5.27,831.25,127.4755556,36.7141667,기후에너지환경부
2023-07-14 15:30,3011665,청주시(미호강교),6.29,1240.66,127.3505556,36.6230556,기후에너지환경부
2023-07-14 15:30,3011685,세종시(미호교),4.10,2016.15,127.3163889,36.5825,기후에너지환경부
2023-07-14 15:40,3011635,청주시(팔결교),5.30,845.57,127.4755556,36.7141667,기후에너지환경부
2023-07-14 15:40,3011665,청주시(미호강교),6.35,1288.68,127.3505556,36.6230556,기후에너지환경부
2023-07-14 15:40,3011685,세종시(미호교),4.14,2046.64,127.3163889,36.5825,기후에너지환경부
2023-07-14 15:50,3011635,청주시(팔결교),5.32,855.16,127.4755556,36.7141667,기후에너지환경부
2023-07-14 15:50,3011665,청주시(미호강교),6.40,1329.62,127.3505556,36.6230556,기후에너지환경부
2023-07-14 15:50,3011685,세종시(미호교),4.18,2077.28,127.3163889,36.5825,기후에너지환경부
2023-07-14 16:00,3011635,청주시(팔결교),5.35,869.62,127.4755556,36.7141667,기후에너지환경부
2023-07-14 16:00,3011665,청주시(미호강교),6.45,1371.40,127.3505556,36.6230556,기후에너지환경부
2023-07-14 16:00,3011685,세종시(미호교),4.22,2108.08,127.3163889,36.5825,기후에너지환경부
2023-07-14 16:10,3011635,청주시(팔결교),5.34,864.79,127.4755556,36.7141667,기후에너지환경부
2023-07-14 16:10,3011665,청주시(미호강교),6.51,1422.67,127.3505556,36.6230556,기후에너지환경부
2023-07-14 16:10,3011685,세종시(미호교),4.25,2131.29,127.3163889,36.5825,기후에너지환경부
2023-07-14 16:20,3011635,청주시(팔결교),5.36,874.45,127.4755556,36.7141667,기후에너지환경부
2023-07-14 16:20,3011665,청주시(미호강교),6.57,1475.19,127.3505556,36.6230556,기후에너지환경부
2023-07-14 16:20,3011685,세종시(미호교),4.30,2170.15,127.3163889,36.5825,기후에너지환경부
2023-07-14 16:30,3011635,청주시(팔결교),5.39,889.02,127.4755556,36.7141667,기후에너지환경부
2023-07-14 16:30,3011665,청주시(미호강교),6.62,1519.91,127.3505556,36.6230556,기후에너지환경부
2023-07-14 16:30,3011685,세종시(미호교),4.35,2209.26,127.3163889,36.5825,기후에너지환경부
2023-07-14 16:40,3011635,청주시(팔결교),5.40,893.90,127.4755556,36.7141667,기후에너지환경부
2023-07-14 16:40,3011665,청주시(미호강교),6.67,1565.52,127.3505556,36.6230556,기후에너지환경부
2023-07-14 16:40,3011685,세종시(미호교),4.39,2240.72,127.3163889,36.5825,기후에너지환경부
2023-07-14 16:50,3011635,청주시(팔결교),5.38,884.16,127.4755556,36.7141667,기후에너지환경부
2023-07-14 16:50,3011665,청주시(미호강교),6.71,1602.65,127.3505556,36.6230556,기후에너지환경부
2023-07-14 16:50,3011685,세종시(미호교),4.43,2272.33,127.3163889,36.5825,기후에너지환경부
2023-07-14 17:00,3011635,청주시(팔결교),5.44,913.49,127.4755556,36.7141667,기후에너지환경부
2023-07-14 17:00,3011665,청주시(미호강교),6.75,1640.35,127.3505556,36.6230556,기후에너지환경부
2023-07-14 17:00,3011685,세종시(미호교),4.48,2312.06,127.3163889,36.5825,기후에너지환경부
2023-07-14 17:10,3011635,청주시(팔결교),5.43,908.58,127.4755556,36.7141667,기후에너지환경부
2023-07-14 17:10,3011665,청주시(미호강교),6.79,1678.63,127.3505556,36.6230556,기후에너지환경부
2023-07-14 17:10,3011685,세종시(미호교),4.52,2344.01,127.3163889,36.5825,기후에너지환경부
2023-07-14 17:20,3011635,청주시(팔결교),5.44,913.49,127.4755556,36.7141667,기후에너지환경부
2023-07-14 17:20,3011665,청주시(미호강교),6.82,1707.73,127.3505556,36.6230556,기후에너지환경부
2023-07-14 17:20,3011685,세종시(미호교),4.56,2376.12,127.3163889,36.5825,기후에너지환경부
2023-07-14 17:30,3011635,청주시(팔결교),5.42,903.68,127.4755556,36.7141667,기후에너지환경부
2023-07-14 17:30,3011665,청주시(미호강교),6.85,1737.15,127.3505556,36.6230556,기후에너지환경부
2023-07-14 17:30,3011685,세종시(미호교),4.60,2408.37,127.3163889,36.5825,기후에너지환경부
2023-07-14 17:40,3011635,청주시(팔결교),5.42,903.68,127.4755556,36.7141667,기후에너지환경부
2023-07-14 17:40,3011665,청주시(미호강교),6.88,1766.91,127.3505556,36.6230556,기후에너지환경부
2023-07-14 17:40,3011685,세종시(미호교),4.63,2432.66,127.3163889,36.5825,기후에너지환경부
2023-07-14 17:50,3011635,청주시(팔결교),5.39,889.02,127.4755556,36.7141667,기후에너지환경부
2023-07-14 17:50,3011665,청주시(미호강교),6.90,1786.93,127.3505556,36.6230556,기후에너지환경부
2023-07-14 17:50,3011685,세종시(미호교),4.67,2465.18,127.3163889,36.5825,기후에너지환경부
2023-07-14 18:00,3011635,청주시(팔결교),5.37,879.30,127.4755556,36.7141667,기후에너지환경부
2023-07-14 18:00,3011665,청주시(미호강교),6.93,1817.24,127.3505556,36.6230556,기후에너지환경부
2023-07-14 18:00,3011685,세종시(미호교),4.71,2497.84,127.3163889,36.5825,기후에너지환경부
2023-07-14 18:10,3011635,청주시(팔결교),5.37,879.30,127.4755556,36.7141667,기후에너지환경부
2023-07-14 18:10,3011665,청주시(미호강교),6.95,1837.63,127.3505556,36.6230556,기후에너지환경부
2023-07-14 18:10,3011685,세종시(미호교),4.73,2514.23,127.3163889,36.5825,기후에너지환경부
2023-07-14 18:20,3011635,청주시(팔결교),5.37,879.30,127.4755556,36.7141667,기후에너지환경부
2023-07-14 18:20,3011665,청주시(미호강교),6.97,1858.18,127.3505556,36.6230556,기후에너지환경부
2023-07-14 18:20,3011685,세종시(미호교),4.77,2547.12,127.3163889,36.5825,기후에너지환경부
2023-07-14 18:30,3011635,청주시(팔결교),5.39,889.02,127.4755556,36.7141667,기후에너지환경부
2023-07-14 18:30,3011665,청주시(미호강교),6.98,1868.51,127.3505556,36.6230556,기후에너지환경부
2023-07-14 18:30,3011685,세종시(미호교),4.80,2571.88,127.3163889,36.5825,기후에너지환경부
2023-07-14 18:40,3011635,청주시(팔결교),5.36,874.45,127.4755556,36.7141667,기후에너지환경부
2023-07-14 18:40,3011665,청주시(미호강교),6.99,1878.87,127.3505556,36.6230556,기후에너지환경부
2023-07-14 18:40,3011685,세종시(미호교),4.83,2596.73,127.3163889,36.5825,기후에너지환경부
2023-07-14 18:50,3011635,청주시(팔결교),5.38,884.16,127.4755556,36.7141667,기후에너지환경부
2023-07-14 18:50,3011665,청주시(미호강교),7.00,1889.28,127.3505556,36.6230556,기후에너지환경부
2023-07-14 18:50,3011685,세종시(미호교),4.86,2621.65,127.3163889,36.5825,기후에너지환경부
2023-07-14 19:00,3011635,청주시(팔결교),5.36,874.45,127.4755556,36.7141667,기후에너지환경부
2023-07-14 19:00,3011665,청주시(미호강교),7.02,1910.20,127.3505556,36.6230556,기후에너지환경부
2023-07-14 19:00,3011685,세종시(미호교),4.88,2638.32,127.3163889,36.5825,기후에너지환경부
2023-07-14 19:10,3011635,청주시(팔결교),5.35,869.62,127.4755556,36.7141667,기후에너지환경부
2023-07-14 19:10,3011665,청주시(미호강교),7.02,1910.20,127.3505556,36.6230556,기후에너지환경부
2023-07-14 19:10,3011685,세종시(미호교),4.90,2655.02,127.3163889,36.5825,기후에너지환경부
2023-07-14 19:20,3011635,청주시(팔결교),5.33,859.97,127.4755556,36.7141667,기후에너지환경부
2023-07-14 19:20,3011665,청주시(미호강교),7.03,1920.72,127.3505556,36.6230556,기후에너지환경부
2023-07-14 19:20,3011685,세종시(미호교),4.92,2671.76,127.3163889,36.5825,기후에너지환경부
2023-07-14 19:30,3011635,청주시(팔결교),5.33,859.97,127.4755556,36.7141667,기후에너지환경부
2023-07-14 19:30,3011665,청주시(미호강교),7.03,1920.72,127.3505556,36.6230556,기후에너지환경부
2023-07-14 19:30,3011685,세종시(미호교),4.93,2680.14,127.3163889,36.5825,기후에너지환경부
2023-07-14 19:40,3011635,청주시(팔결교),5.34,864.79,127.4755556,36.7141667,기후에너지환경부
2023-07-14 19:40,3011665,청주시(미호강교),7.03,1920.72,127.3505556,36.6230556,기후에너지환경부
2023-07-14 19:40,3011685,세종시(미호교),4.94,2688.53,127.3163889,36.5825,기후에너지환경부
2023-07-14 19:50,3011635,청주시(팔결교),5.32,855.16,127.4755556,36.7141667,기후에너지환경부
2023-07-14 19:50,3011665,청주시(미호강교),7.04,1931.27,127.3505556,36.6230556,기후에너지환경부
2023-07-14 19:50,3011685,세종시(미호교),4.95,2696.93,127.3163889,36.5825,기후에너지환경부
2023-07-14 20:00,3011635,청주시(팔결교),5.26,826.50,127.4755556,36.7141667,기후에너지환경부
2023-07-14 20:00,3011665,청주시(미호강교),7.03,1920.72,127.3505556,36.6230556,기후에너지환경부
2023-07-14 20:00,3011685,세종시(미호교),4.95,2696.93,127.3163889,36.5825,기후에너지환경부
2023-07-14 20:10,3011635,청주시(팔결교),5.30,845.57,127.4755556,36.7141667,기후에너지환경부
2023-07-14 20:10,3011665,청주시(미호강교),7.03,1920.72,127.3505556,36.6230556,기후에너지환경부
2023-07-14 20:10,3011685,세종시(미호교),4.96,2705.34,127.3163889,36.5825,기후에너지환경부
2023-07-14 20:20,3011635,청주시(팔결교),5.31,850.36,127.4755556,36.7141667,기후에너지환경부
2023-07-14 20:20,3011665,청주시(미호강교),7.02,1910.20,127.3505556,36.6230556,기후에너지환경부
2023-07-14 20:20,3011685,세종시(미호교),4.97,2713.76,127.3163889,36.5825,기후에너지환경부
2023-07-14 20:30,3011635,청주시(팔결교),5.28,836.01,127.4755556,36.7141667,기후에너지환경부
2023-07-14 20:30,3011665,청주시(미호강교),7.01,1899.72,127.3505556,36.6230556,기후에너지환경부
2023-07-14 20:30,3011685,세종시(미호교),4.97,2713.76,127.3163889,36.5825,기후에너지환경부
2023-07-14 20:40,3011635,청주시(팔결교),5.28,836.01,127.4755556,36.7141667,기후에너지환경부
2023-07-14 20:40,3011665,청주시(미호강교),7.00,1889.28,127.3505556,36.6230556,기후에너지환경부
2023-07-14 20:40,3011685,세종시(미호교),4.97,2713.76,127.3163889,36.5825,기후에너지환경부
2023-07-14 20:50,3011635,청주시(팔결교),5.29,840.78,127.4755556,36.7141667,기후에너지환경부
2023-07-14 20:50,3011665,청주시(미호강교),6.99,1878.87,127.3505556,36.6230556,기후에너지환경부
2023-07-14 20:50,3011685,세종시(미호교),4.97,2713.76,127.3163889,36.5825,기후에너지환경부
2023-07-14 21:00,3011635,청주시(팔결교),5.27,831.25,127.4755556,36.7141667,기후에너지환경부
2023-07-14 21:00,3011665,청주시(미호강교),6.97,1858.18,127.3505556,36.6230556,기후에너지환경부
2023-07-14 21:00,3011685,세종시(미호교),4.98,2722.18,127.3163889,36.5825,기후에너지환경부
2023-07-14 21:10,3011635,청주시(팔결교),5.31,850.36,127.4755556,36.7141667,기후에너지환경부
2023-07-14 21:10,3011665,청주시(미호강교),6.96,1847.89,127.3505556,36.6230556,기후에너지환경부
2023-07-14 21:10,3011685,세종시(미호교),4.98,2722.18,127.3163889,36.5825,기후에너지환경부
2023-07-14 21:20,3011635,청주시(팔결교),5.28,836.01,127.4755556,36.7141667,기후에너지환경부
2023-07-14 21:20,3011665,청주시(미호강교),6.94,1827.42,127.3505556,36.6230556,기후에너지환경부
2023-07-14 21:20,3011685,세종시(미호교),4.96,2705.34,127.3163889,36.5825,기후에너지환경부
2023-07-14 21:30,3011635,청주시(팔결교),5.26,826.50,127.4755556,36.7141667,기후에너지환경부
2023-07-14 21:30,3011665,청주시(미호강교),6.92,1807.10,127.3505556,36.6230556,기후에너지환경부
2023-07-14 21:30,3011685,세종시(미호교),4.96,2705.34,127.3163889,36.5825,기후에너지환경부
2023-07-14 21:40,3011635,청주시(팔결교),5.27,831.25,127.4755556,36.7141667,기후에너지환경부
2023-07-14 21:40,3011665,청주시(미호강교),6.90,1786.93,127.3505556,36.6230556,기후에너지환경부
2023-07-14 21:40,3011685,세종시(미호교),4.95,2696.93,127.3163889,36.5825,기후에너지환경부
2023-07-14 21:50,3011635,청주시(팔결교),5.26,826.50,127.4755556,36.7141667,기후에너지환경부
2023-07-14 21:50,3011665,청주시(미호강교),6.88,1766.91,127.3505556,36.6230556,기후에너지환경부
2023-07-14 21:50,3011685,세종시(미호교),4.94,2688.53,127.3163889,36.5825,기후에너지환경부
2023-07-14 22:00,3011635,청주시(팔결교),5.27,831.25,127.4755556,36.7141667,기후에너지환경부
2023-07-14 22:00,3011665,청주시(미호강교),6.86,1747.03,127.3505556,36.6230556,기후에너지환경부
2023-07-14 22:00,3011685,세종시(미호교),4.93,2680.14,127.3163889,36.5825,기후에너지환경부
2023-07-14 22:10,3011635,청주시(팔결교),5.24,817.02,127.4755556,36.7141667,기후에너지환경부
2023-07-14 22:10,3011665,청주시(미호강교),6.84,1727.31,127.3505556,36.6230556,기후에너지환경부
2023-07-14 22:10,3011685,세종시(미호교),4.92,2671.76,127.3163889,36.5825,기후에너지환경부
2023-07-14 22:20,3011635,청주시(팔결교),5.24,817.02,127.4755556,36.7141667,기후에너지환경부
2023-07-14 22:20,3011665,청주시(미호강교),6.82,1707.73,127.3505556,36.6230556,기후에너지환경부
2023-07-14 22:20,3011685,세종시(미호교),4.90,2655.02,127.3163889,36.5825,기후에너지환경부
2023-07-14 22:30,3011635,청주시(팔결교),5.20,798.18,127.4755556,36.7141667,기후에너지환경부
2023-07-14 22:30,3011665,청주시(미호강교),6.79,1678.63,127.3505556,36.6230556,기후에너지환경부
2023-07-14 22:30,3011685,세종시(미호교),4.90,2655.02,127.3163889,36.5825,기후에너지환경부
2023-07-14 22:40,3011635,청주시(팔결교),5.21,802.87,127.4755556,36.7141667,기후에너지환경부
2023-07-14 22:40,3011665,청주시(미호강교),6.77,1659.42,127.3505556,36.6230556,기후에너지환경부
2023-07-14 22:40,3011685,세종시(미호교),4.88,2638.32,127.3163889,36.5825,기후에너지환경부
2023-07-14 22:50,3011635,청주시(팔결교),5.20,798.18,127.4755556,36.7141667,기후에너지환경부
2023-07-14 22:50,3011665,청주시(미호강교),6.74,1630.87,127.3505556,36.6230556,기후에너지환경부
2023-07-14 22:50,3011685,세종시(미호교),4.86,2621.65,127.3163889,36.5825,기후에너지환경부
2023-07-14 23:00,3011635,청주시(팔결교),5.21,802.87,127.4755556,36.7141667,기후에너지환경부
2023-07-14 23:00,3011665,청주시(미호강교),6.72,1612.02,127.3505556,36.6230556,기후에너지환경부
2023-07-14 23:00,3011685,세종시(미호교),4.84,2605.03,127.3163889,36.5825,기후에너지환경부
2023-07-14 23:10,3011635,청주시(팔결교),5.21,802.87,127.4755556,36.7141667,기후에너지환경부
2023-07-14 23:10,3011665,청주시(미호강교),6.70,1593.31,127.3505556,36.6230556,기후에너지환경부
2023-07-14 23:10,3011685,세종시(미호교),4.81,2580.15,127.3163889,36.5825,기후에너지환경부
2023-07-14 23:20,3011635,청주시(팔결교),5.19,793.49,127.4755556,36.7141667,기후에너지환경부
2023-07-14 23:20,3011665,청주시(미호강교),6.67,1565.52,127.3505556,36.6230556,기후에너지환경부
2023-07-14 23:20,3011685,세종시(미호교),4.79,2563.62,127.3163889,36.5825,기후에너지환경부
2023-07-14 23:30,3011635,청주시(팔결교),5.23,812.29,127.4755556,36.7141667,기후에너지환경부
2023-07-14 23:30,3011665,청주시(미호강교),6.65,1547.17,127.3505556,36.6230556,기후에너지환경부
2023-07-14 23:30,3011685,세종시(미호교),4.77,2547.12,127.3163889,36.5825,기후에너지환경부
2023-07-14 23:40,3011635,청주시(팔결교),5.26,826.50,127.4755556,36.7141667,기후에너지환경부
2023-07-14 23:40,3011665,청주시(미호강교),6.63,1528.97,127.3505556,36.6230556,기후에너지환경부
2023-07-14 23:40,3011685,세종시(미호교),4.75,2530.66,127.3163889,36.5825,기후에너지환경부
2023-07-14 23:50,3011635,청주시(팔결교),5.24,817.02,127.4755556,36.7141667,기후에너지환경부
2023-07-14 23:50,3011665,청주시(미호강교),6.60,1501.92,127.3505556,36.6230556,기후에너지환경부
2023-07-14 23:50,3011685,세종시(미호교),4.73,2514.23,127.3163889,36.5825,기후에너지환경부
2023-07-15 00:00,3011635,청주시(팔결교),5.30,845.57,127.4755556,36.7141667,기후에너지환경부
2023-07-15 00:00,3011665,청주시(미호강교),6.58,1484.06,127.3505556,36.6230556,기후에너지환경부
2023-07-15 00:00,3011685,세종시(미호교),4.71,2497.84,127.3163889,36.5825,기후에너지환경부
2023-07-15 00:10,3011635,청주시(팔결교),5.31,850.36,127.4755556,36.7141667,기후에너지환경부
2023-07-15 00:10,3011665,청주시(미호강교),6.56,1466.35,127.3505556,36.6230556,기후에너지환경부
2023-07-15 00:10,3011685,세종시(미호교),4.69,2481.49,127.3163889,36.5825,기후에너지환경부
2023-07-15 00:20,3011635,청주시(팔결교),5.31,850.36,127.4755556,36.7141667,기후에너지환경부
2023-07-15 00:20,3011665,청주시(미호강교),6.54,1448.78,127.3505556,36.6230556,기후에너지환경부
2023-07-15 00:20,3011685,세종시(미호교),4.68,2473.33,127.3163889,36.5825,기후에너지환경부
2023-07-15 00:30,3011635,청주시(팔결교),5.39,889.02,127.4755556,36.7141667,기후에너지환경부
2023-07-15 00:30,3011665,청주시(미호강교),6.52,1431.34,127.3505556,36.6230556,기후에너지환경부
2023-07-15 00:30,3011685,세종시(미호교),4.66,2457.03,127.3163889,36.5825,기후에너지환경부
2023-07-15 00:40,3011635,청주시(팔결교),5.42,903.68,127.4755556,36.7141667,기후에너지환경부
2023-07-15 00:40,3011665,청주시(미호강교),6.51,1422.67,127.3505556,36.6230556,기후에너지환경부
2023-07-15 00:40,3011685,세종시(미호교),4.65,2448.90,127.3163889,36.5825,기후에너지환경부
2023-07-15 00:50,3011635,청주시(팔결교),5.48,933.23,127.4755556,36.7141667,기후에너지환경부
2023-07-15 00:50,3011665,청주시(미호강교),6.50,1414.04,127.3505556,36.6230556,기후에너지환경부
2023-07-15 00:50,3011685,세종시(미호교),4.65,2448.90,127.3163889,36.5825,기후에너지환경부
2023-07-15 01:00,3011635,청주시(팔결교),5.54,963.12,127.4755556,36.7141667,기후에너지환경부
2023-07-15 01:00,3011665,청주시(미호강교),6.50,1414.04,127.3505556,36.6230556,기후에너지환경부
2023-07-15 01:00,3011685,세종시(미호교),4.64,2440.78,127.3163889,36.5825,기후에너지환경부
2023-07-15 01:10,3011635,청주시(팔결교),5.57,978.18,127.4755556,36.7141667,기후에너지환경부
2023-07-15 01:10,3011665,청주시(미호강교),6.50,1414.04,127.3505556,36.6230556,기후에너지환경부
2023-07-15 01:10,3011685,세종시(미호교),4.65,2448.90,127.3163889,36.5825,기후에너지환경부
2023-07-15 01:20,3011635,청주시(팔결교),5.63,1008.56,127.4755556,36.7141667,기후에너지환경부
2023-07-15 01:20,3011665,청주시(미호강교),6.51,1422.67,127.3505556,36.6230556,기후에너지환경부
2023-07-15 01:20,3011685,세종시(미호교),4.66,2457.03,127.3163889,36.5825,기후에너지환경부
2023-07-15 01:30,3011635,청주시(팔결교),5.73,1059.90,127.4755556,36.7141667,기후에너지환경부
2023-07-15 01:30,3011665,청주시(미호강교),6.53,1440.04,127.3505556,36.6230556,기후에너지환경부
2023-07-15 01:30,3011685,세종시(미호교),4.67,2465.18,127.3163889,36.5825,기후에너지환경부
2023-07-15 01:40,3011635,청주시(팔결교),5.83,1112.11,127.4755556,36.7141667,기후에너지환경부
2023-07-15 01:40,3011665,청주시(미호강교),6.54,1448.78,127.3505556,36.6230556,기후에너지환경부
2023-07-15 01:40,3011685,세종시(미호교),4.68,2473.33,127.3163889,36.5825,기후에너지환경부
2023-07-15 01:50,3011635,청주시(팔결교),5.87,1133.24,127.4755556,36.7141667,기후에너지환경부
2023-07-15 01:50,3011665,청주시(미호강교),6.58,1484.06,127.3505556,36.6230556,기후에너지환경부
2023-07-15 01:50,3011685,세종시(미호교),4.70,2489.66,127.3163889,36.5825,기후에너지환경부
2023-07-15 02:00,3011635,청주시(팔결교),5.97,1186.67,127.4755556,36.7141667,기후에너지환경부
2023-07-15 02:00,3011665,청주시(미호강교),6.62,1519.91,127.3505556,36.6230556,기후에너지환경부
2023-07-15 02:00,3011685,세종시(미호교),4.72,2506.03,127.3163889,36.5825,기후에너지환경부
2023-07-15 02:10,3011635,청주시(팔결교),6.04,1224.58,127.4755556,36.7141667,기후에너지환경부
2023-07-15 02:10,3011665,청주시(미호강교),6.67,1565.52,127.3505556,36.6230556,기후에너지환경부
2023-07-15 02:10,3011685,세종시(미호교),4.75,2530.66,127.3163889,36.5825,기후에너지환경부
2023-07-15 02:20,3011635,청주시(팔결교),6.16,1290.52,127.4755556,36.7141667,기후에너지환경부
2023-07-15 02:20,3011665,청주시(미호강교),6.73,1621.43,127.3505556,36.6230556,기후에너지환경부
2023-07-15 02:20,3011685,세종시(미호교),4.78,2555.36,127.3163889,36.5825,기후에너지환경부
2023-07-15 02:30,3011635,청주시(팔결교),6.19,1307.20,127.4755556,36.7141667,기후에너지환경부
2023-07-15 02:30,3011665,청주시(미호강교),6.79,1678.63,127.3505556,36.6230556,기후에너지환경부
2023-07-15 02:30,3011685,세종시(미호교),4.81,2580.15,127.3163889,36.5825,기후에너지환경부
2023-07-15 02:40,3011635,청주시(팔결교),6.29,1363.31,127.4755556,36.7141667,기후에너지환경부
2023-07-15 02:40,3011665,청주시(미호강교),6.87,1756.95,127.3505556,36.6230556,기후에너지환경부
2023-07-15 02:40,3011685,세종시(미호교),4.86,2621.65,127.3163889,36.5825,기후에너지환경부
2023-07-15 02:50,3011635,청주시(팔결교),6.41,1431.72,127.4755556,36.7141667,기후에너지환경부
2023-07-15 02:50,3011665,청주시(미호강교),6.95,1837.63,127.3505556,36.6230556,기후에너지환경부
2023-07-15 02:50,3011685,세종시(미호교),4.91,2663.38,127.3163889,36.5825,기후에너지환경부
2023-07-15 03:00,3011635,청주시(팔결교),6.52,1495.45,127.4755556,36.7141667,기후에너지환경부
2023-07-15 03:00,3011665,청주시(미호강교),7.02,1910.20,127.3505556,36.6230556,기후에너지환경부
2023-07-15 03:00,3011685,세종시(미호교),4.96,2705.34,127.3163889,36.5825,기후에너지환경부
2023-07-15 03:10,3011635,청주시(팔결교),6.57,1524.73,127.4755556,36.7141667,기후에너지환경부
2023-07-15 03:10,3011665,청주시(미호강교),7.11,2006.24,127.3505556,36.6230556,기후에너지환경부
2023-07-15 03:10,3011685,세종시(미호교),5.02,2769.89,127.3163889,36.5825,기후에너지환경부
2023-07-15 03:20,3011635,청주시(팔결교),6.68,1589.85,127.4755556,36.7141667,기후에너지환경부
2023-07-15 03:20,3011665,청주시(미호강교),7.19,2094.22,127.3505556,36.6230556,기후에너지환경부
2023-07-15 03:20,3011685,세종시(미호교),5.08,2863.66,127.3163889,36.5825,기후에너지환경부
2023-07-15 03:30,3011635,청주시(팔결교),6.79,1655.91,127.4755556,36.7141667,기후에너지환경부
2023-07-15 03:30,3011665,청주시(미호강교),7.28,2196.20,127.3505556,36.6230556,기후에너지환경부
2023-07-15 03:30,3011685,세종시(미호교),5.14,2959.53,127.3163889,36.5825,기후에너지환경부
2023-07-15 03:40,3011635,청주시(팔결교),6.86,1698.44,127.4755556,36.7141667,기후에너지환경부
2023-07-15 03:40,3011665,청주시(미호강교),7.38,2313.28,127.3505556,36.6230556,기후에너지환경부
2023-07-15 03:40,3011685,세종시(미호교),5.21,3074.04,127.3163889,36.5825,기후에너지환경부
2023-07-15 03:50,3011635,청주시(팔결교),6.90,1722.90,127.4755556,36.7141667,기후에너지환경부
2023-07-15 03:50,3011665,청주시(미호강교),7.48,2434.39,127.3505556,36.6230556,기후에너지환경부
2023-07-15 03:50,3011685,세종시(미호교),5.29,3208.47,127.3163889,36.5825,기후에너지환경부
2023-07-15 04:00,3011635,청주시(팔결교),7.00,1784.60,127.4755556,36.7141667,기후에너지환경부
2023-07-15 04:00,3011665,청주시(미호강교),7.57,2546.90,127.3505556,36.6230556,기후에너지환경부
2023-07-15 04:00,3011685,세종시(미호교),5.37,3346.75,127.3163889,36.5825,기후에너지환경부
2023-07-15 04:10,3011635,청주시(팔결교),7.09,1840.78,127.4755556,36.7141667,기후에너지환경부
2023-07-15 04:10,3011665,청주시(미호강교),7.69,2702.15,127.3505556,36.6230556,기후에너지환경부
2023-07-15 04:10,3011685,세종시(미호교),5.46,3506.98,127.3163889,36.5825,기후에너지환경부
2023-07-15 04:20,3011635,청주시(팔결교),7.15,1878.56,127.4755556,36.7141667,기후에너지환경부
2023-07-15 04:20,3011665,청주시(미호강교),7.80,2849.82,127.3505556,36.6230556,기후에너지환경부
2023-07-15 04:20,3011685,세종시(미호교),5.55,3672.23,127.3163889,36.5825,기후에너지환경부
2023-07-15 04:30,3011635,청주시(팔결교),7.24,1935.73,127.4755556,36.7141667,기후에너지환경부
2023-07-15 04:30,3011665,청주시(미호강교),7.92,3016.87,127.3505556,36.6230556,기후에너지환경부
2023-07-15 04:30,3011685,세종시(미호교),5.64,3842.58,127.3163889,36.5825,기후에너지환경부
2023-07-15 04:40,3011635,청주시(팔결교),7.33,1993.50,127.4755556,36.7141667,기후에너지환경부
2023-07-15 04:40,3011665,청주시(미호강교),8.04,3190.23,127.3505556,36.6230556,기후에너지환경부
2023-07-15 04:40,3011685,세종시(미호교),5.76,4077.76,127.3163889,36.5825,기후에너지환경부
2023-07-15 04:50,3011635,청주시(팔결교),7.36,2012.89,127.4755556,36.7141667,기후에너지환경부
2023-07-15 04:50,3011665,청주시(미호강교),8.15,3354.79,127.3505556,36.6230556,기후에너지환경부
2023-07-15 04:50,3011685,세종시(미호교),5.88,4322.31,127.3163889,36.5825,기후에너지환경부
2023-07-15 05:00,3011635,청주시(팔결교),7.43,2058.38,127.4755556,36.7141667,기후에너지환경부
2023-07-15 05:00,3011665,청주시(미호강교),8.27,3540.58,127.3505556,36.6230556,기후에너지환경부
2023-07-15 05:00,3011685,세종시(미호교),6.00,4576.42,127.3163889,36.5825,기후에너지환경부
2023-07-15 05:10,3011635,청주시(팔결교),7.52,2117.39,127.4755556,36.7141667,기후에너지환경부
2023-07-15 05:10,3011665,청주시(미호강교),8.38,3716.72,127.3505556,36.6230556,기후에너지환경부
2023-07-15 05:10,3011685,세종시(미호교),6.13,4862.69,127.3163889,36.5825,기후에너지환경부
2023-07-15 05:20,3011635,청주시(팔결교),7.57,2150.42,127.4755556,36.7141667,기후에너지환경부
2023-07-15 05:20,3011665,청주시(미호강교),8.49,3898.53,127.3505556,36.6230556,기후에너지환경부
2023-07-15 05:20,3011685,세종시(미호교),6.25,5137.28,127.3163889,36.5825,기후에너지환경부
2023-07-15 05:30,3011635,청주시(팔결교),7.59,2163.68,127.4755556,36.7141667,기후에너지환경부
2023-07-15 05:30,3011665,청주시(미호강교),8.61,4103.43,127.3505556,36.6230556,기후에너지환경부
2023-07-15 05:30,3011685,세종시(미호교),6.40,5494.77,127.3163889,36.5825,기후에너지환경부
2023-07-15 05:40,3011635,청주시(팔결교),7.62,2183.63,127.4755556,36.7141667,기후에너지환경부
2023-07-15 05:40,3011665,청주시(미호강교),8.71,4279.50,127.3505556,36.6230556,기후에너지환경부
2023-07-15 05:40,3011685,세종시(미호교),6.53,5817.64,127.3163889,36.5825,기후에너지환경부
2023-07-15 05:50,3011635,청주시(팔결교),7.69,2230.41,127.4755556,36.7141667,기후에너지환경부
2023-07-15 05:50,3011665,청주시(미호강교),8.81,4460.46,127.3505556,36.6230556,기후에너지환경부
2023-07-15 05:50,3011685,세종시(미호교),6.65,6126.64,127.3163889,36.5825,기후에너지환경부
2023-07-15 06:00,3011635,청주시(팔결교),7.75,2270.79,127.4755556,36.7141667,기후에너지환경부
2023-07-15 06:00,3011665,청주시(미호강교),8.91,4646.39,127.3505556,36.6230556,기후에너지환경부
2023-07-15 06:00,3011685,세종시(미호교),6.76,6419.30,127.3163889,36.5825,기후에너지환경부
2023-07-15 06:10,3011635,청주시(팔결교),7.74,2264.05,127.4755556,36.7141667,기후에너지환경부
2023-07-15 06:10,3011665,청주시(미호강교),9.01,4837.35,127.3505556,36.6230556,기후에너지환경부
2023-07-15 06:10,3011685,세종시(미호교),6.88,6749.00,127.3163889,36.5825,기후에너지환경부
2023-07-15 06:20,3011635,청주시(팔결교),7.72,2250.57,127.4755556,36.7141667,기후에너지환경부
2023-07-15 06:20,3011665,청주시(미호강교),9.10,5013.57,127.3505556,36.6230556,기후에너지환경부
2023-07-15 06:20,3011685,세종시(미호교),7.01,7118.67,127.3163889,36.5825,기후에너지환경부
2023-07-15 06:30,3011635,청주시(팔결교),7.80,2304.63,127.4755556,36.7141667,기후에너지환경부
2023-07-15 06:30,3011665,청주시(미호강교),9.20,5214.26,127.3505556,36.6230556,기후에너지환경부
2023-07-15 06:30,3011685,세종시(미호교),7.12,7441.77,127.3163889,36.5825,기후에너지환경부
2023-07-15 06:40,3011635,청주시(팔결교),7.80,2304.63,127.4755556,36.7141667,기후에너지환경부
2023-07-15 06:40,3011665,청주시(미호강교),9.30,5420.16,127.3505556,36.6230556,기후에너지환경부
2023-07-15 06:40,3011685,세종시(미호교),7.23,7774.47,127.3163889,36.5825,기후에너지환경부
2023-07-15 06:50,3011635,청주시(팔결교),7.84,2331.83,127.4755556,36.7141667,기후에너지환경부
2023-07-15 06:50,3011665,청주시(미호강교),9.38,5588.68,127.3505556,36.6230556,기후에너지환경부
2023-07-15 06:50,3011685,세종시(미호교),7.34,8116.91,127.3163889,36.5825,기후에너지환경부
2023-07-15 07:00,3011635,청주시(팔결교),7.87,2352.30,127.4755556,36.7141667,기후에너지환경부
2023-07-15 07:00,3011665,청주시(미호강교),9.47,5782.35,127.3505556,36.6230556,기후에너지환경부
2023-07-15 07:00,3011685,세종시(미호교),7.46,8501.74,127.3163889,36.5825,기후에너지환경부
2023-07-15 07:10,3011635,청주시(팔결교),7.90,2372.84,127.4755556,36.7141667,기후에너지환경부
2023-07-15 07:10,3011665,청주시(미호강교),9.56,5980.38,127.3505556,36.6230556,기후에너지환경부
2023-07-15 07:10,3011685,세종시(미호교),7.56,8831.55,127.3163889,36.5825,기후에너지환경부
2023-07-15 07:20,3011635,청주시(팔결교),7.91,2379.70,127.4755556,36.7141667,기후에너지환경부
2023-07-15 07:20,3011665,청주시(미호강교),9.64,6160.11,127.3505556,36.6230556,기후에너지환경부
2023-07-15 07:20,3011685,세종시(미호교),7.66,9169.75,127.3163889,36.5825,기후에너지환경부
2023-07-15 07:30,3011635,청주시(팔결교),7.96,2414.09,127.4755556,36.7141667,기후에너지환경부
2023-07-15 07:30,3011665,청주시(미호강교),9.72,6343.36,127.3505556,36.6230556,기후에너지환경부
2023-07-15 07:30,3011685,세종시(미호교),7.75,9481.39,127.3163889,36.5825,기후에너지환경부
2023-07-15 07:40,3011635,청주시(팔결교),7.97,2420.99,127.4755556,36.7141667,기후에너지환경부
2023-07-15 07:40,3011665,청주시(미호강교),9.79,6506.61,127.3505556,36.6230556,기후에너지환경부
2023-07-15 07:40,3011685,세종시(미호교),7.85,9835.82,127.3163889,36.5825,기후에너지환경부
2023-07-15 07:50,3011635,청주시(팔결교),7.99,2434.81,127.4755556,36.7141667,기후에너지환경부
2023-07-15 07:50,3011665,청주시(미호강교),9.85,6648.72,127.3505556,36.6230556,기후에너지환경부
2023-07-15 07:50,3011685,세종시(미호교),7.92,10089.09,127.3163889,36.5825,기후에너지환경부
2023-07-15 08:00,3011635,청주시(팔결교),8.04,2469.48,127.4755556,36.7141667,기후에너지환경부
2023-07-15 08:00,3011665,청주시(미호강교),9.91,6792.86,127.3505556,36.6230556,기후에너지환경부
2023-07-15 08:00,3011685,세종시(미호교),8.01,10421.04,127.3163889,36.5825,기후에너지환경부
2023-07-15 08:10,3011635,청주시(팔결교),7.99,2434.81,127.4755556,36.7141667,기후에너지환경부
2023-07-15 08:10,3011665,청주시(미호강교),9.96,6914.53,127.3505556,36.6230556,기후에너지환경부
2023-07-15 08:10,3011685,세종시(미호교),8.09,10722.12,127.3163889,36.5825,기후에너지환경부
2023-07-15 08:20,3011635,청주시(팔결교),8.03,2462.53,127.4755556,36.7141667,기후에너지환경부
2023-07-15 08:20,3011665,청주시(미호강교),9.99,6988.22,127.3505556,36.6230556,기후에너지환경부
2023-07-15 08:20,3011685,세종시(미호교),8.17,11028.94,127.3163889,36.5825,기후에너지환경부
2023-07-15 08:30,3011635,청주시(팔결교),8.09,2504.32,127.4755556,36.7141667,기후에너지환경부
2023-07-15 08:30,3011665,청주시(미호강교),10.01,7037.63,127.3505556,36.6230556,기후에너지환경부
2023-07-15 08:30,3011685,세종시(미호교),8.23,11262.84,127.3163889,36.5825,기후에너지환경부
2023-07-15 08:40,3011635,청주시(팔결교),8.07,2490.36,127.4755556,36.7141667,기후에너지환경부
2023-07-15 08:40,3011665,청주시(미호강교),10.03,7087.27,127.3505556,36.6230556,기후에너지환경부
2023-07-15 08:40,3011685,세종시(미호교),8.28,11460.25,127.3163889,36.5825,기후에너지환경부
2023-07-15 08:50,3011635,청주시(팔결교),8.06,2483.39,127.4755556,36.7141667,기후에너지환경부
2023-07-15 08:50,3011665,청주시(미호강교),10.05,7137.14,127.3505556,36.6230556,기후에너지환경부
2023-07-15 08:50,3011685,세종시(미호교),8.33,11659.95,127.3163889,36.5825,기후에너지환경부
2023-07-15 09:00,3011635,청주시(팔결교),8.07,2490.36,127.4755556,36.7141667,기후에너지환경부
2023-07-15 09:00,3011665,청주시(미호강교),10.06,7162.17,127.3505556,36.6230556,기후에너지환경부
2023-07-15 09:00,3011685,세종시(미호교),8.37,11821.37,127.3163889,36.5825,기후에너지환경부
2023-07-15 09:10,3011635,청주시(팔결교),8.07,2490.36,127.4755556,36.7141667,기후에너지환경부
2023-07-15 09:10,3011665,청주시(미호강교),10.07,7187.25,127.3505556,36.6230556,기후에너지환경부
2023-07-15 09:10,3011685,세종시(미호교),8.41,11984.26,127.3163889,36.5825,기후에너지환경부
2023-07-15 09:20,3011635,청주시(팔결교),8.10,2511.30,127.4755556,36.7141667,기후에너지환경부
2023-07-15 09:20,3011665,청주시(미호강교),10.09,7237.58,127.3505556,36.6230556,기후에너지환경부
2023-07-15 09:20,3011685,세종시(미호교),8.45,12148.64,127.3163889,36.5825,기후에너지환경부
2023-07-15 09:30,3011635,청주시(팔결교),8.12,2525.30,127.4755556,36.7141667,기후에너지환경부
2023-07-15 09:30,3011665,청주시(미호강교),10.09,7237.58,127.3505556,36.6230556,기후에너지환경부
2023-07-15 09:30,3011685,세종시(미호교),8.48,12272.90,127.3163889,36.5825,기후에너지환경부
2023-07-15 09:40,3011635,청주시(팔결교),8.09,2504.32,127.4755556,36.7141667,기후에너지환경부
2023-07-15 09:40,3011665,청주시(미호강교),10.09,7237.58,127.3505556,36.6230556,기후에너지환경부
2023-07-15 09:40,3011685,세종시(미호교),8.50,12356.21,127.3163889,36.5825,기후에너지환경부
2023-07-15 09:50,3011635,청주시(팔결교),8.10,2511.30,127.4755556,36.7141667,기후에너지환경부
2023-07-15 09:50,3011665,청주시(미호강교),10.09,7237.58,127.3505556,36.6230556,기후에너지환경부
2023-07-15 09:50,3011685,세종시(미호교),8.51,12398.00,127.3163889,36.5825,기후에너지환경부
2023-07-15 10:00,3011635,청주시(팔결교),8.07,2490.36,127.4755556,36.7141667,기후에너지환경부
2023-07-15 10:00,3011665,청주시(미호강교),10.08,7212.38,127.3505556,36.6230556,기후에너지환경부
2023-07-15 10:00,3011685,세종시(미호교),8.52,12439.89,127.3163889,36.5825,기후에너지환경부
2023-07-15 10:10,3011635,청주시(팔결교),8.09,2504.32,127.4755556,36.7141667,기후에너지환경부
2023-07-15 10:10,3011665,청주시(미호강교),10.07,7187.25,127.3505556,36.6230556,기후에너지환경부
2023-07-15 10:10,3011685,세종시(미호교),8.53,12481.87,127.3163889,36.5825,기후에너지환경부
2023-07-15 10:20,3011635,청주시(팔결교),8.07,2490.36,127.4755556,36.7141667,기후에너지환경부
2023-07-15 10:20,3011665,청주시(미호강교),10.06,7162.17,127.3505556,36.6230556,기후에너지환경부
2023-07-15 10:20,3011685,세종시(미호교),8.53,12481.87,127.3163889,36.5825,기후에너지환경부
2023-07-15 10:30,3011635,청주시(팔결교),8.04,2469.48,127.4755556,36.7141667,기후에너지환경부
2023-07-15 10:30,3011665,청주시(미호강교),10.05,7137.14,127.3505556,36.6230556,기후에너지환경부
2023-07-15 10:30,3011685,세종시(미호교),8.53,12481.87,127.3163889,36.5825,기후에너지환경부
2023-07-15 10:40,3011635,청주시(팔결교),8.02,2455.59,127.4755556,36.7141667,기후에너지환경부
2023-07-15 10:40,3011665,청주시(미호강교),10.04,7112.18,127.3505556,36.6230556,기후에너지환경부
2023-07-15 10:40,3011685,세종시(미호교),8.53,12481.87,127.3163889,36.5825,기후에너지환경부
2023-07-15 10:50,3011635,청주시(팔결교),8.01,2448.66,127.4755556,36.7141667,기후에너지환경부
2023-07-15 10:50,3011665,청주시(미호강교),10.03,7087.27,127.3505556,36.6230556,기후에너지환경부
2023-07-15 10:50,3011685,세종시(미호교),8.54,12523.95,127.3163889,36.5825,기후에너지환경부
2023-07-15 11:00,3011635,청주시(팔결교),8.00,2441.73,127.4755556,36.7141667,기후에너지환경부
2023-07-15 11:00,3011665,청주시(미호강교),10.02,7062.43,127.3505556,36.6230556,기후에너지환경부
2023-07-15 11:00,3011685,세종시(미호교),8.54,12523.95,127.3163889,36.5825,기후에너지환경부
2023-07-15 11:10,3011635,청주시(팔결교),7.92,2386.56,127.4755556,36.7141667,기후에너지환경부
2023-07-15 11:10,3011665,청주시(미호강교),10.01,7037.63,127.3505556,36.6230556,기후에너지환경부
2023-07-15 11:10,3011685,세종시(미호교),8.53,12481.87,127.3163889,36.5825,기후에너지환경부
2023-07-15 11:20,3011635,청주시(팔결교),7.91,2379.70,127.4755556,36.7141667,기후에너지환경부
2023-07-15 11:20,3011665,청주시(미호강교),10.00,7012.90,127.3505556,36.6230556,기후에너지환경부
2023-07-15 11:20,3011685,세종시(미호교),8.52,12439.89,127.3163889,36.5825,기후에너지환경부
2023-07-15 11:30,3011635,청주시(팔결교),7.94,2400.31,127.4755556,36.7141667,기후에너지환경부
2023-07-15 11:30,3011665,청주시(미호강교),9.98,6963.60,127.3505556,36.6230556,기후에너지환경부
2023-07-15 11:30,3011685,세종시(미호교),8.52,12439.89,127.3163889,36.5825,기후에너지환경부
2023-07-15 11:40,3011635,청주시(팔결교),7.87,2352.30,127.4755556,36.7141667,기후에너지환경부
2023-07-15 11:40,3011665,청주시(미호강교),9.96,6914.53,127.3505556,36.6230556,기후에너지환경부
2023-07-15 11:40,3011685,세종시(미호교),8.50,12356.21,127.3163889,36.5825,기후에너지환경부
2023-07-15 11:50,3011635,청주시(팔결교),7.77,2284.31,127.4755556,36.7141667,기후에너지환경부
2023-07-15 11:50,3011665,청주시(미호강교),9.94,6865.69,127.3505556,36.6230556,기후에너지환경부
2023-07-15 11:50,3011685,세종시(미호교),8.50,12356.21,127.3163889,36.5825,기후에너지환경부
2023-07-15 12:00,3011635,청주시(팔결교),7.73,2257.31,127.4755556,36.7141667,기후에너지환경부
2023-07-15 12:00,3011665,청주시(미호강교),9.92,6817.08,127.3505556,36.6230556,기후에너지환경부
2023-07-15 12:00,3011685,세종시(미호교),8.50,12356.21,127.3163889,36.5825,기후에너지환경부
2023-07-15 12:10,3011635,청주시(팔결교),7.76,2277.55,127.4755556,36.7141667,기후에너지환경부
2023-07-15 12:10,3011665,청주시(미호강교),9.89,6744.59,127.3505556,36.6230556,기후에너지환경부
2023-07-15 12:10,3011685,세종시(미호교),8.48,12272.90,127.3163889,36.5825,기후에너지환경부
2023-07-15 12:20,3011635,청주시(팔결교),7.73,2257.31,127.4755556,36.7141667,기후에너지환경부
2023-07-15 12:20,3011665,청주시(미호강교),9.84,6624.90,127.3505556,36.6230556,기후에너지환경부
2023-07-15 12:20,3011685,세종시(미호교),8.46,12189.96,127.3163889,36.5825,기후에너지환경부
2023-07-15 12:30,3011635,청주시(팔결교),7.70,2237.13,127.4755556,36.7141667,기후에너지환경부
2023-07-15 12:30,3011665,청주시(미호강교),9.79,6506.61,127.3505556,36.6230556,기후에너지환경부
2023-07-15 12:30,3011685,세종시(미호교),8.44,12107.40,127.3163889,36.5825,기후에너지환경부
2023-07-15 12:40,3011635,청주시(팔결교),7.68,2223.71,127.4755556,36.7141667,기후에너지환경부
2023-07-15 12:40,3011665,청주시(미호강교),9.74,6389.72,127.3505556,36.6230556,기후에너지환경부
2023-07-15 12:40,3011685,세종시(미호교),8.41,11984.26,127.3163889,36.5825,기후에너지환경부
2023-07-15 12:50,3011635,청주시(팔결교),7.64,2196.96,127.4755556,36.7141667,기후에너지환경부
2023-07-15 12:50,3011665,청주시(미호강교),9.69,6274.22,127.3505556,36.6230556,기후에너지환경부
2023-07-15 12:50,3011685,세종시(미호교),8.37,11821.37,127.3163889,36.5825,기후에너지환경부
2023-07-15 13:00,3011635,청주시(팔결교),7.62,2183.63,127.4755556,36.7141667,기후에너지환경부
2023-07-15 13:00,3011665,청주시(미호강교),9.64,6160.11,127.3505556,36.6230556,기후에너지환경부
2023-07-15 13:00,3011685,세종시(미호교),8.35,11740.48,127.3163889,36.5825,기후에너지환경부
2023-07-15 13:10,3011635,청주시(팔결교),7.54,2130.58,127.4755556,36.7141667,기후에너지환경부
2023-07-15 13:10,3011665,청주시(미호강교),9.61,6092.30,127.3505556,36.6230556,기후에너지환경부
2023-07-15 13:10,3011685,세종시(미호교),8.31,11579.80,127.3163889,36.5825,기후에너지환경부
2023-07-15 13:20,3011635,청주시(팔결교),7.55,2137.18,127.4755556,36.7141667,기후에너지환경부
2023-07-15 13:20,3011665,청주시(미호강교),9.57,6002.65,127.3505556,36.6230556,기후에너지환경부
2023-07-15 13:20,3011685,세종시(미호교),8.26,11381.01,127.3163889,36.5825,기후에너지환경부
2023-07-15 13:30,3011635,청주시(팔결교),7.49,2097.65,127.4755556,36.7141667,기후에너지환경부
2023-07-15 13:30,3011665,청주시(미호강교),9.55,5958.16,127.3505556,36.6230556,기후에너지환경부
2023-07-15 13:30,3011685,세종시(미호교),8.23,11262.84,127.3163889,36.5825,기후에너지환경부
2023-07-15 13:40,3011635,청주시(팔결교),7.46,2077.98,127.4755556,36.7141667,기후에너지환경부
2023-07-15 13:40,3011665,청주시(미호강교),9.51,5869.82,127.3505556,36.6230556,기후에너지환경부
2023-07-15 13:40,3011685,세종시(미호교),8.20,11145.48,127.3163889,36.5825,기후에너지환경부
2023-07-15 13:50,3011635,청주시(팔결교),7.43,2058.38,127.4755556,36.7141667,기후에너지환경부
2023-07-15 13:50,3011665,청주시(미호강교),9.50,5847.87,127.3505556,36.6230556,기후에너지환경부
2023-07-15 13:50,3011685,세종시(미호교),8.17,11028.94,127.3163889,36.5825,기후에너지환경부
2023-07-15 14:00,3011635,청주시(팔결교),7.39,2032.34,127.4755556,36.7141667,기후에너지환경부
2023-07-15 14:00,3011665,청주시(미호강교),9.47,5782.35,127.3505556,36.6230556,기후에너지환경부
2023-07-15 14:00,3011685,세종시(미호교),8.14,10913.21,127.3163889,36.5825,기후에너지환경부
2023-07-15 14:10,3011635,청주시(팔결교),7.41,2045.35,127.4755556,36.7141667,기후에너지환경부
2023-07-15 14:10,3011665,청주시(미호강교),9.44,5717.31,127.3505556,36.6230556,기후에너지환경부
2023-07-15 14:10,3011685,세종시(미호교),8.11,10798.29,127.3163889,36.5825,기후에너지환경부
2023-07-15 14:20,3011635,청주시(팔결교),7.32,1987.05,127.4755556,36.7141667,기후에너지환경부
2023-07-15 14:20,3011665,청주시(미호강교),9.42,5674.22,127.3505556,36.6230556,기후에너지환경부
2023-07-15 14:20,3011685,세종시(미호교),8.08,10684.18,127.3163889,36.5825,기후에너지환경부
2023-07-15 14:30,3011635,청주시(팔결교),7.33,1993.50,127.4755556,36.7141667,기후에너지환경부
2023-07-15 14:30,3011665,청주시(미호강교),9.40,5631.35,127.3505556,36.6230556,기후에너지환경부
2023-07-15 14:30,3011685,세종시(미호교),8.06,10608.55,127.3163889,36.5825,기후에너지환경부
2023-07-15 14:40,3011635,청주시(팔결교),7.29,1967.75,127.4755556,36.7141667,기후에너지환경부
2023-07-15 14:40,3011665,청주시(미호강교),9.38,5588.68,127.3505556,36.6230556,기후에너지환경부
2023-07-15 14:40,3011685,세종시(미호교),8.04,10533.28,127.3163889,36.5825,기후에너지환경부
2023-07-15 14:50,3011635,청주시(팔결교),7.25,1942.12,127.4755556,36.7141667,기후에너지환경부
2023-07-15 14:50,3011665,청주시(미호강교),9.35,5525.09,127.3505556,36.6230556,기후에너지환경부
2023-07-15 14:50,3011685,세종시(미호교),8.01,10421.04,127.3163889,36.5825,기후에너지환경부
2023-07-15 15:00,3011635,청주시(팔결교),7.23,1929.35,127.4755556,36.7141667,기후에너지환경부
2023-07-15 15:00,3011665,청주시(미호강교),9.33,5482.96,127.3505556,36.6230556,기후에너지환경부
2023-07-15 15:00,3011685,세종시(미호교),7.99,10346.65,127.3163889,36.5825,기후에너지환경부
2023-07-15 15:10,3011635,청주시(팔결교),7.20,1910.25,127.4755556,36.7141667,기후에너지환경부
2023-07-15 15:10,3011665,청주시(미호강교),9.30,5420.16,127.3505556,36.6230556,기후에너지환경부
2023-07-15 15:10,3011685,세종시(미호교),7.96,10235.74,127.3163889,36.5825,기후에너지환경부
2023-07-15 15:20,3011635,청주시(팔결교),7.14,1872.24,127.4755556,36.7141667,기후에너지환경부
2023-07-15 15:20,3011665,청주시(미호강교),9.28,5378.56,127.3505556,36.6230556,기후에너지환경부
2023-07-15 15:20,3011685,세종시(미호교),7.94,10162.24,127.3163889,36.5825,기후에너지환경부
2023-07-15 15:30,3011635,청주시(팔결교),7.12,1859.63,127.4755556,36.7141667,기후에너지환경부
2023-07-15 15:30,3011665,청주시(미호강교),9.25,5316.55,127.3505556,36.6230556,기후에너지환경부
2023-07-15 15:30,3011685,세종시(미호교),7.91,10052.64,127.3163889,36.5825,기후에너지환경부
2023-07-15 15:40,3011635,청주시(팔결교),7.08,1834.50,127.4755556,36.7141667,기후에너지환경부
2023-07-15 15:40,3011665,청주시(미호강교),9.23,5275.48,127.3505556,36.6230556,기후에너지환경부
2023-07-15 15:40,3011685,세종시(미호교),7.89,9980.02,127.3163889,36.5825,기후에너지환경부
2023-07-15 15:50,3011635,청주시(팔결교),7.09,1840.78,127.4755556,36.7141667,기후에너지환경부
2023-07-15 15:50,3011665,청주시(미호강교),9.20,5214.26,127.3505556,36.6230556,기후에너지환경부
2023-07-15 15:50,3011685,세종시(미호교),7.86,9871.74,127.3163889,36.5825,기후에너지환경부
2023-07-15 16:00,3011635,청주시(팔결교),7.03,1803.26,127.4755556,36.7141667,기후에너지환경부
2023-07-15 16:00,3011665,청주시(미호강교),9.18,5173.70,127.3505556,36.6230556,기후에너지환경부
2023-07-15 16:00,3011685,세종시(미호교),7.84,9799.99,127.3163889,36.5825,기후에너지환경부
2023-07-15 16:10,3011635,청주시(팔결교),6.96,1759.83,127.4755556,36.7141667,기후에너지환경부
2023-07-15 16:10,3011665,청주시(미호강교),9.15,5113.26,127.3505556,36.6230556,기후에너지환경부
2023-07-15 16:10,3011685,세종시(미호교),7.81,9693.01,127.3163889,36.5825,기후에너지환경부
2023-07-15 16:20,3011635,청주시(팔결교),6.96,1759.83,127.4755556,36.7141667,기후에너지환경부
2023-07-15 16:20,3011665,청주시(미호강교),9.12,5053.29,127.3505556,36.6230556,기후에너지환경부
2023-07-15 16:20,3011685,세종시(미호교),7.78,9586.81,127.3163889,36.5825,기후에너지환경부
2023-07-15 16:30,3011635,청주시(팔결교),6.89,1716.78,127.4755556,36.7141667,기후에너지환경부
2023-07-15 16:30,3011665,청주시(미호강교),9.09,4993.78,127.3505556,36.6230556,기후에너지환경부
2023-07-15 16:30,3011685,세종시(미호교),7.75,9481.39,127.3163889,36.5825,기후에너지환경부
2023-07-15 16:40,3011635,청주시(팔결교),6.91,1729.04,127.4755556,36.7141667,기후에너지환경부
2023-07-15 16:40,3011665,청주시(미호강교),9.06,4934.74,127.3505556,36.6230556,기후에너지환경부
2023-07-15 16:40,3011685,세종시(미호교),7.72,9376.74,127.3163889,36.5825,기후에너지환경부
2023-07-15 16:50,3011635,청주시(팔결교),6.85,1692.34,127.4755556,36.7141667,기후에너지환경부
2023-07-15 16:50,3011665,청주시(미호강교),9.03,4876.15,127.3505556,36.6230556,기후에너지환경부
2023-07-15 16:50,3011685,세종시(미호교),7.70,9307.40,127.3163889,36.5825,기후에너지환경부
2023-07-15 17:00,3011635,청주시(팔결교),6.79,1655.91,127.4755556,36.7141667,기후에너지환경부
2023-07-15 17:00,3011665,청주시(미호강교),8.99,4798.75,127.3505556,36.6230556,기후에너지환경부
2023-07-15 17:00,3011685,세종시(미호교),7.67,9204.03,127.3163889,36.5825,기후에너지환경부
2023-07-15 17:10,3011635,청주시(팔결교),6.77,1643.83,127.4755556,36.7141667,기후에너지환경부
2023-07-15 17:10,3011665,청주시(미호강교),8.96,4741.24,127.3505556,36.6230556,기후에너지환경부
2023-07-15 17:10,3011685,세종시(미호교),7.63,9067.40,127.3163889,36.5825,기후에너지환경부
2023-07-15 17:20,3011635,청주시(팔결교),6.72,1613.76,127.4755556,36.7141667,기후에너지환경부
2023-07-15 17:20,3011665,청주시(미호강교),8.93,4684.18,127.3505556,36.6230556,기후에너지환경부
2023-07-15 17:20,3011685,세종시(미호교),7.61,8999.59,127.3163889,36.5825,기후에너지환경부
2023-07-15 17:30,3011635,청주시(팔결교),6.71,1607.77,127.4755556,36.7141667,기후에너지환경부
2023-07-15 17:30,3011665,청주시(미호강교),8.89,4608.81,127.3505556,36.6230556,기후에너지환경부
2023-07-15 17:30,3011685,세종시(미호교),7.57,8864.99,127.3163889,36.5825,기후에너지환경부
2023-07-15 17:40,3011635,청주시(팔결교),6.64,1566.06,127.4755556,36.7141667,기후에너지환경부
2023-07-15 17:40,3011665,청주시(미호강교),8.86,4552.80,127.3505556,36.6230556,기후에너지환경부
2023-07-15 17:40,3011685,세종시(미호교),7.54,8764.92,127.3163889,36.5825,기후에너지환경부
2023-07-15 17:50,3011635,청주시(팔결교),6.64,1566.06,127.4755556,36.7141667,기후에너지환경부
2023-07-15 17:50,3011665,청주시(미호강교),8.82,4478.83,127.3505556,36.6230556,기후에너지환경부
2023-07-15 17:50,3011685,세종시(미호교),7.49,8599.81,127.3163889,36.5825,기후에너지환경부
2023-07-15 18:00,3011635,청주시(팔결교),6.56,1518.86,127.4755556,36.7141667,기후에너지환경부
2023-07-15 18:00,3011665,청주시(미호강교),8.79,4423.88,127.3505556,36.6230556,기후에너지환경부
2023-07-15 18:00,3011685,세종시(미호교),7.46,8501.74,127.3163889,36.5825,기후에너지환경부
2023-07-15 18:10,3011635,청주시(팔결교),6.51,1489.61,127.4755556,36.7141667,기후에너지환경부
2023-07-15 18:10,3011665,청주시(미호강교),8.75,4351.29,127.3505556,36.6230556,기후에너지환경부
2023-07-15 18:10,3011685,세종시(미호교),7.43,8404.42,127.3163889,36.5825,기후에너지환경부
2023-07-15 18:20,3011635,청주시(팔결교),6.50,1483.79,127.4755556,36.7141667,기후에너지환경부
2023-07-15 18:20,3011665,청주시(미호강교),8.71,4279.50,127.3505556,36.6230556,기후에너지환경부
2023-07-15 18:20,3011685,세종시(미호교),7.39,8275.82,127.3163889,36.5825,기후에너지환경부
2023-07-15 18:30,3011635,청주시(팔결교),6.41,1431.72,127.4755556,36.7141667,기후에너지환경부
2023-07-15 18:30,3011665,청주시(미호강교),8.68,4226.17,127.3505556,36.6230556,기후에너지환경부
2023-07-15 18:30,3011685,세종시(미호교),7.35,8148.52,127.3163889,36.5825,기후에너지환경부
2023-07-15 18:40,3011635,청주시(팔결교),6.38,1414.51,127.4755556,36.7141667,기후에너지환경부
2023-07-15 18:40,3011665,청주시(미호강교),8.64,4155.74,127.3505556,36.6230556,기후에너지환경부
2023-07-15 18:40,3011685,세종시(미호교),7.31,8022.54,127.3163889,36.5825,기후에너지환경부
2023-07-15 18:50,3011635,청주시(팔결교),6.33,1385.98,127.4755556,36.7141667,기후에너지환경부
2023-07-15 18:50,3011665,청주시(미호강교),8.61,4103.43,127.3505556,36.6230556,기후에너지환경부
2023-07-15 18:50,3011685,세종시(미호교),7.27,7897.86,127.3163889,36.5825,기후에너지환경부
2023-07-15 19:00,3011635,청주시(팔결교),6.29,1363.31,127.4755556,36.7141667,기후에너지환경부
2023-07-15 19:00,3011665,청주시(미호강교),8.57,4034.36,127.3505556,36.6230556,기후에너지환경부
2023-07-15 19:00,3011685,세종시(미호교),7.24,7805.19,127.3163889,36.5825,기후에너지환경부
2023-07-15 19:10,3011635,청주시(팔결교),6.23,1329.54,127.4755556,36.7141667,기후에너지환경부
2023-07-15 19:10,3011665,청주시(미호강교),8.53,3966.06,127.3505556,36.6230556,기후에너지환경부
2023-07-15 19:10,3011685,세종시(미호교),7.19,7652.37,127.3163889,36.5825,기후에너지환경부
2023-07-15 19:20,3011635,청주시(팔결교),6.21,1318.35,127.4755556,36.7141667,기후에너지환경부
2023-07-15 19:20,3011665,청주시(미호강교),8.50,3915.34,127.3505556,36.6230556,기후에너지환경부
2023-07-15 19:20,3011685,세종시(미호교),7.15,7531.55,127.3163889,36.5825,기후에너지환경부
2023-07-15 19:30,3011635,청주시(팔결교),6.14,1279.45,127.4755556,36.7141667,기후에너지환경부
2023-07-15 19:30,3011665,청주시(미호강교),8.46,3848.38,127.3505556,36.6230556,기후에너지환경부
2023-07-15 19:30,3011685,세종시(미호교),7.12,7441.77,127.3163889,36.5825,기후에너지환경부
2023-07-15 19:40,3011635,청주시(팔결교),6.11,1262.90,127.4755556,36.7141667,기후에너지환경부
2023-07-15 19:40,3011665,청주시(미호강교),8.42,3782.17,127.3505556,36.6230556,기후에너지환경부
2023-07-15 19:40,3011685,세종시(미호교),7.08,7323.17,127.3163889,36.5825,기후에너지환경부
2023-07-15 19:50,3011635,청주시(팔결교),6.06,1235.49,127.4755556,36.7141667,기후에너지환경부
2023-07-15 19:50,3011665,청주시(미호강교),8.38,3716.72,127.3505556,36.6230556,기후에너지환경부
2023-07-15 19:50,3011685,세종시(미호교),7.03,7176.70,127.3163889,36.5825,기후에너지환경부
2023-07-15 20:00,3011635,청주시(팔결교),6.05,1230.03,127.4755556,36.7141667,기후에너지환경부
2023-07-15 20:00,3011665,청주시(미호강교),8.34,3652.02,127.3505556,36.6230556,기후에너지환경부
2023-07-15 20:00,3011685,세종시(미호교),6.99,7060.94,127.3163889,36.5825,기후에너지환경부
2023-07-15 20:10,3011635,청주시(팔결교),5.99,1197.46,127.4755556,36.7141667,기후에너지환경부
2023-07-15 20:10,3011665,청주시(미호강교),8.30,3588.06,127.3505556,36.6230556,기후에너지환경부
2023-07-15 20:10,3011685,세종시(미호교),6.95,6946.42,127.3163889,36.5825,기후에너지환경부
2023-07-15 20:20,3011635,청주시(팔결교),5.95,1175.92,127.4755556,36.7141667,기후에너지환경부
2023-07-15 20:20,3011665,청주시(미호강교),8.26,3524.85,127.3505556,36.6230556,기후에너지환경부
2023-07-15 20:20,3011685,세종시(미호교),6.90,6805.02,127.3163889,36.5825,기후에너지환경부
2023-07-15 20:30,3011635,청주시(팔결교),5.93,1165.20,127.4755556,36.7141667,기후에너지환경부
2023-07-15 20:30,3011665,청주시(미호강교),8.22,3462.37,127.3505556,36.6230556,기후에너지환경부
2023-07-15 20:30,3011685,세종시(미호교),6.86,6693.29,127.3163889,36.5825,기후에너지환경부
2023-07-15 20:40,3011635,청주시(팔결교),5.86,1127.95,127.4755556,36.7141667,기후에너지환경부
2023-07-15 20:40,3011665,청주시(미호강교),8.18,3400.62,127.3505556,36.6230556,기후에너지환경부
2023-07-15 20:40,3011685,세종시(미호교),6.82,6582.78,127.3163889,36.5825,기후에너지환경부
2023-07-15 20:50,3011635,청주시(팔결교),5.81,1101.60,127.4755556,36.7141667,기후에너지환경부
2023-07-15 20:50,3011665,청주시(미호강교),8.14,3339.61,127.3505556,36.6230556,기후에너지환경부
2023-07-15 20:50,3011685,세종시(미호교),6.78,6473.49,127.3163889,36.5825,기후에너지환경부
2023-07-15 21:00,3011635,청주시(팔결교),5.77,1080.68,127.4755556,36.7141667,기후에너지환경부
2023-07-15 21:00,3011665,청주시(미호강교),8.09,3264.36,127.3505556,36.6230556,기후에너지환경부
2023-07-15 21:00,3011685,세종시(미호교),6.74,6365.42,127.3163889,36.5825,기후에너지환경부
2023-07-15 21:10,3011635,청주시(팔결교),5.72,1054.72,127.4755556,36.7141667,기후에너지환경부
2023-07-15 21:10,3011665,청주시(미호강교),8.05,3204.97,127.3505556,36.6230556,기후에너지환경부
2023-07-15 21:10,3011685,세종시(미호교),6.68,6205.56,127.3163889,36.5825,기후에너지환경부
2023-07-15 21:20,3011635,청주시(팔결교),5.68,1034.12,127.4755556,36.7141667,기후에너지환경부
2023-07-15 21:20,3011665,청주시(미호강교),8.01,3146.29,127.3505556,36.6230556,기후에너지환경부
2023-07-15 21:20,3011685,세종시(미호교),6.64,6100.48,127.3163889,36.5825,기후에너지환경부
2023-07-15 21:30,3011635,청주시(팔결교),5.63,1008.56,127.4755556,36.7141667,기후에너지환경부
2023-07-15 21:30,3011665,청주시(미호강교),7.97,3088.33,127.3505556,36.6230556,기후에너지환경부
2023-07-15 21:30,3011685,세종시(미호교),6.60,5996.60,127.3163889,36.5825,기후에너지환경부
2023-07-15 21:40,3011635,청주시(팔결교),5.62,1003.47,127.4755556,36.7141667,기후에너지환경부
2023-07-15 21:40,3011665,청주시(미호강교),7.92,3016.87,127.3505556,36.6230556,기후에너지환경부
2023-07-15 21:40,3011685,세종시(미호교),6.56,5893.89,127.3163889,36.5825,기후에너지환경부
2023-07-15 21:50,3011635,청주시(팔결교),5.55,968.13,127.4755556,36.7141667,기후에너지환경부
2023-07-15 21:50,3011665,청주시(미호강교),7.88,2960.49,127.3505556,36.6230556,기후에너지환경부
2023-07-15 21:50,3011685,세종시(미호교),6.51,5767.17,127.3163889,36.5825,기후에너지환경부
2023-07-15 22:00,3011635,청주시(팔결교),5.50,943.16,127.4755556,36.7141667,기후에너지환경부
2023-07-15 22:00,3011665,청주시(미호강교),7.83,2891.00,127.3505556,36.6230556,기후에너지환경부
2023-07-15 22:00,3011685,세종시(미호교),6.47,5667.10,127.3163889,36.5825,기후에너지환경부
2023-07-15 22:10,3011635,청주시(팔결교),5.48,933.23,127.4755556,36.7141667,기후에너지환경부
2023-07-15 22:10,3011665,청주시(미호강교),7.79,2836.18,127.3505556,36.6230556,기후에너지환경부
2023-07-15 22:10,3011685,세종시(미호교),6.42,5543.64,127.3163889,36.5825,기후에너지환경부
2023-07-15 22:20,3011635,청주시(팔결교),5.39,889.02,127.4755556,36.7141667,기후에너지환경부
2023-07-15 22:20,3011665,청주시(미호강교),7.74,2768.63,127.3505556,36.6230556,기후에너지환경부
2023-07-15 22:20,3011685,세종시(미호교),6.37,5421.99,127.3163889,36.5825,기후에너지환경부
2023-07-15 22:30,3011635,청주시(팔결교),5.36,874.45,127.4755556,36.7141667,기후에너지환경부
2023-07-15 22:30,3011665,청주시(미호강교),7.70,2715.36,127.3505556,36.6230556,기후에너지환경부
2023-07-15 22:30,3011685,세종시(미호교),6.32,5302.12,127.3163889,36.5825,기후에너지환경부
2023-07-15 22:40,3011635,청주시(팔결교),5.29,840.78,127.4755556,36.7141667,기후에너지환경부
2023-07-15 22:40,3011665,청주시(미호강교),7.65,2649.73,127.3505556,36.6230556,기후에너지환경부
2023-07-15 22:40,3011685,세종시(미호교),6.28,5207.51,127.3163889,36.5825,기후에너지환경부
2023-07-15 22:50,3011635,청주시(팔결교),5.27,831.25,127.4755556,36.7141667,기후에너지환경부
2023-07-15 22:50,3011665,청주시(미호강교),7.60,2585.14,127.3505556,36.6230556,기후에너지환경부
2023-07-15 22:50,3011685,세종시(미호교),6.22,5067.70,127.3163889,36.5825,기후에너지환경부
2023-07-15 23:00,3011635,청주시(팔결교),5.20,798.18,127.4755556,36.7141667,기후에너지환경부
2023-07-15 23:00,3011665,청주시(미호강교),7.56,2534.23,127.3505556,36.6230556,기후에너지환경부
2023-07-15 23:00,3011685,세종시(미호교),6.18,4975.89,127.3163889,36.5825,기후에너지환경부
2023-07-15 23:10,3011635,청주시(팔결교),5.17,784.15,127.4755556,36.7141667,기후에너지환경부
2023-07-15 23:10,3011665,청주시(미호강교),7.51,2471.52,127.3505556,36.6230556,기후에너지환경부
2023-07-15 23:10,3011685,세종시(미호교),6.12,4840.26,127.3163889,36.5825,기후에너지환경부
2023-07-15 23:20,3011635,청주시(팔결교),5.13,765.58,127.4755556,36.7141667,기후에너지환경부
2023-07-15 23:20,3011665,청주시(미호강교),7.46,2409.84,127.3505556,36.6230556,기후에너지환경부
2023-07-15 23:20,3011685,세종시(미호교),6.08,4751.22,127.3163889,36.5825,기후에너지환경부
2023-07-15 23:30,3011635,청주시(팔결교),5.08,742.58,127.4755556,36.7141667,기후에너지환경부
2023-07-15 23:30,3011665,청주시(미호강교),7.42,2361.24,127.3505556,36.6230556,기후에너지환경부
2023-07-15 23:30,3011685,세종시(미호교),6.03,4641.46,127.3163889,36.5825,기후에너지환경부
2023-07-15 23:40,3011635,청주시(팔결교),5.00,706.30,127.4755556,36.7141667,기후에너지환경부
2023-07-15 23:40,3011665,청주시(미호강교),7.37,2301.39,127.3505556,36.6230556,기후에너지환경부
2023-07-15 23:40,3011685,세종시(미호교),5.99,4554.87,127.3163889,36.5825,기후에너지환경부
2023-07-15 23:50,3011635,청주시(팔결교),4.96,688.39,127.4755556,36.7141667,기후에너지환경부
2023-07-15 23:50,3011665,청주시(미호강교),7.33,2254.24,127.3505556,36.6230556,기후에너지환경부
2023-07-15 23:50,3011685,세종시(미호교),5.93,4427.02,127.3163889,36.5825,기후에너지환경부
2023-07-16 00:00,3011635,청주시(팔결교),4.96,688.39,127.4755556,36.7141667,기후에너지환경부
2023-07-16 00:00,3011665,청주시(미호강교),7.28,2196.20,127.3505556,36.6230556,기후에너지환경부
2023-07-16 00:00,3011685,세종시(미호교),5.88,4322.31,127.3163889,36.5825,기후에너지환경부
2023-07-16 00:10,3011635,청주시(팔결교),4.91,666.24,127.4755556,36.7141667,기후에너지환경부
2023-07-16 00:10,3011665,청주시(미호강교),7.23,2139.15,127.3505556,36.6230556,기후에너지환경부
2023-07-16 00:10,3011685,세종시(미호교),5.83,4219.26,127.3163889,36.5825,기후에너지환경부
2023-07-16 00:20,3011635,청주시(팔결교),4.85,639.99,127.4755556,36.7141667,기후에너지환경부
2023-07-16 00:20,3011665,청주시(미호강교),7.18,2083.09,127.3505556,36.6230556,기후에너지환경부
2023-07-16 00:20,3011685,세종시(미호교),5.78,4117.86,127.3163889,36.5825,기후에너지환경부
2023-07-16 00:30,3011635,청주시(팔결교),4.81,622.70,127.4755556,36.7141667,기후에너지환경부
2023-07-16 00:30,3011665,청주시(미호강교),7.13,2028.00,127.3505556,36.6230556,기후에너지환경부
2023-07-16 00:30,3011685,세종시(미호교),5.72,3998.33,127.3163889,36.5825,기후에너지환경부
2023-07-16 00:40,3011635,청주시(팔결교),4.80,618.40,127.4755556,36.7141667,기후에너지환경부
2023-07-16 00:40,3011665,청주시(미호강교),7.09,1984.63,127.3505556,36.6230556,기후에너지환경부
2023-07-16 00:40,3011685,세종시(미호교),5.66,3881.13,127.3163889,36.5825,기후에너지환경부
2023-07-16 00:50,3011635,청주시(팔결교),4.76,601.32,127.4755556,36.7141667,기후에너지환경부
2023-07-16 00:50,3011665,청주시(미호강교),7.04,1931.27,127.3505556,36.6230556,기후에너지환경부
2023-07-16 00:50,3011685,세종시(미호교),5.61,3785.23,127.3163889,36.5825,기후에너지환경부
2023-07-16 01:00,3011635,청주시(팔결교),4.74,592.83,127.4755556,36.7141667,기후에너지환경부
2023-07-16 01:00,3011665,청주시(미호강교),6.99,1878.87,127.3505556,36.6230556,기후에너지환경부
2023-07-16 01:00,3011685,세종시(미호교),5.56,3690.91,127.3163889,36.5825,기후에너지환경부
2023-07-16 01:10,3011635,청주시(팔결교),4.68,567.65,127.4755556,36.7141667,기후에너지환경부
2023-07-16 01:10,3011665,청주시(미호강교),6.94,1827.42,127.3505556,36.6230556,기후에너지환경부
2023-07-16 01:10,3011685,세종시(미호교),5.50,3579.80,127.3163889,36.5825,기후에너지환경부
2023-07-16 01:20,3011635,청주시(팔결교),4.68,567.65,127.4755556,36.7141667,기후에너지환경부
2023-07-16 01:20,3011665,청주시(미호강교),6.89,1776.90,127.3505556,36.6230556,기후에너지환경부
2023-07-16 01:20,3011685,세종시(미호교),5.46,3506.98,127.3163889,36.5825,기후에너지환경부
2023-07-16 01:30,3011635,청주시(팔결교),4.61,538.74,127.4755556,36.7141667,기후에너지환경부
2023-07-16 01:30,3011665,청주시(미호강교),6.84,1727.31,127.3505556,36.6230556,기후에너지환경부
2023-07-16 01:30,3011685,세종시(미호교),5.40,3399.61,127.3163889,36.5825,기후에너지환경부
2023-07-16 01:40,3011635,청주시(팔결교),4.61,538.74,127.4755556,36.7141667,기후에너지환경부
2023-07-16 01:40,3011665,청주시(미호강교),6.79,1678.63,127.3505556,36.6230556,기후에너지환경부
2023-07-16 01:40,3011685,세종시(미호교),5.34,3294.44,127.3163889,36.5825,기후에너지환경부
2023-07-16 01:50,3011635,청주시(팔결교),4.57,522.47,127.4755556,36.7141667,기후에너지환경부
2023-07-16 01:50,3011665,청주시(미호강교),6.73,1621.43,127.3505556,36.6230556,기후에너지환경부
2023-07-16 01:50,3011685,세종시(미호교),5.30,3225.54,127.3163889,36.5825,기후에너지환경부
2023-07-16 02:00,3011635,청주시(팔결교),4.54,510.37,127.4755556,36.7141667,기후에너지환경부
2023-07-16 02:00,3011665,청주시(미호강교),6.69,1584.01,127.3505556,36.6230556,기후에너지환경부
2023-07-16 02:00,3011685,세종시(미호교),5.24,3124.00,127.3163889,36.5825,기후에너지환경부
2023-07-16 02:10,3011635,청주시(팔결교),4.51,498.38,127.4755556,36.7141667,기후에너지환경부
2023-07-16 02:10,3011665,청주시(미호강교),6.64,1538.05,127.3505556,36.6230556,기후에너지환경부
2023-07-16 02:10,3011685,세종시(미호교),5.19,3041.03,127.3163889,36.5825,기후에너지환경부
2023-07-16 02:20,3011635,청주시(팔결교),4.46,478.61,127.4755556,36.7141667,기후에너지환경부
2023-07-16 02:20,3011665,청주시(미호강교),6.59,1492.97,127.3505556,36.6230556,기후에너지환경부
2023-07-16 02:20,3011685,세종시(미호교),5.13,2943.41,127.3163889,36.5825,기후에너지환경부
2023-07-16 02:30,3011635,청주시(팔결교),4.48,486.48,127.4755556,36.7141667,기후에너지환경부
2023-07-16 02:30,3011665,청주시(미호강교),6.54,1448.78,127.3505556,36.6230556,기후에너지환경부
2023-07-16 02:30,3011685,세종시(미호교),5.07,2847.89,127.3163889,36.5825,기후에너지환경부
2023-07-16 02:40,3011635,청주시(팔결교),4.40,455.25,127.4755556,36.7141667,기후에너지환경부
2023-07-16 02:40,3011665,청주시(미호강교),6.49,1405.45,127.3505556,36.6230556,기후에너지환경부
2023-07-16 02:40,3011685,세종시(미호교),5.01,2754.46,127.3163889,36.5825,기후에너지환경부
2023-07-16 02:50,3011635,청주시(팔결교),4.38,447.56,127.4755556,36.7141667,기후에너지환경부
2023-07-16 02:50,3011665,청주시(미호강교),6.44,1362.98,127.3505556,36.6230556,기후에너지환경부
2023-07-16 02:50,3011685,세종시(미호교),4.96,2705.34,127.3163889,36.5825,기후에너지환경부
2023-07-16 03:00,3011635,청주시(팔결교),4.40,455.25,127.4755556,36.7141667,기후에너지환경부
2023-07-16 03:00,3011665,청주시(미호강교),6.39,1321.36,127.3505556,36.6230556,기후에너지환경부
2023-07-16 03:00,3011685,세종시(미호교),4.89,2646.66,127.3163889,36.5825,기후에너지환경부
2023-07-16 03:10,3011635,청주시(팔결교),4.36,439.91,127.4755556,36.7141667,기후에너지환경부
2023-07-16 03:10,3011665,청주시(미호강교),6.34,1280.60,127.3505556,36.6230556,기후에너지환경부
2023-07-16 03:10,3011685,세종시(미호교),4.83,2596.73,127.3163889,36.5825,기후에너지환경부
2023-07-16 03:20,3011635,청주시(팔결교),4.32,424.75,127.4755556,36.7141667,기후에너지환경부
2023-07-16 03:20,3011665,청주시(미호강교),6.29,1240.66,127.3505556,36.6230556,기후에너지환경부
2023-07-16 03:20,3011685,세종시(미호교),4.76,2538.88,127.3163889,36.5825,기후에너지환경부
2023-07-16 03:30,3011635,청주시(팔결교),4.30,417.24,127.4755556,36.7141667,기후에너지환경부
2023-07-16 03:30,3011665,청주시(미호강교),6.24,1201.56,127.3505556,36.6230556,기후에너지환경부
2023-07-16 03:30,3011685,세종시(미호교),4.70,2489.66,127.3163889,36.5825,기후에너지환경부
2023-07-16 03:40,3011635,청주시(팔결교),4.29,413.51,127.4755556,36.7141667,기후에너지환경부
2023-07-16 03:40,3011665,청주시(미호강교),6.20,1170.86,127.3505556,36.6230556,기후에너지환경부
2023-07-16 03:40,3011685,세종시(미호교),4.65,2448.90,127.3163889,36.5825,기후에너지환경부
2023-07-16 03:50,3011635,청주시(팔결교),4.20,380.40,127.4755556,36.7141667,기후에너지환경부
2023-07-16 03:50,3011665,청주시(미호강교),6.14,1125.80,127.3505556,36.6230556,기후에너지환경부
2023-07-16 03:50,3011685,세종시(미호교),4.59,2400.29,127.3163889,36.5825,기후에너지환경부
2023-07-16 04:00,3011635,청주시(팔결교),4.21,384.03,127.4755556,36.7141667,기후에너지환경부
2023-07-16 04:00,3011665,청주시(미호강교),6.10,1096.40,127.3505556,36.6230556,기후에너지환경부
2023-07-16 04:00,3011685,세종시(미호교),4.54,2360.04,127.3163889,36.5825,기후에너지환경부
2023-07-16 04:10,3011635,청주시(팔결교),4.20,380.40,127.4755556,36.7141667,기후에너지환경부
2023-07-16 04:10,3011665,청주시(미호강교),6.06,1067.51,127.3505556,36.6230556,기후에너지환경부
2023-07-16 04:10,3011685,세종시(미호교),4.48,2312.06,127.3163889,36.5825,기후에너지환경부
2023-07-16 04:20,3011635,청주시(팔결교),4.16,366.00,127.4755556,36.7141667,기후에너지환경부
2023-07-16 04:20,3011665,청주시(미호강교),6.01,1032.11,127.3505556,36.6230556,기후에너지환경부
2023-07-16 04:20,3011685,세종시(미호교),4.44,2280.25,127.3163889,36.5825,기후에너지환경부
2023-07-16 04:30,3011635,청주시(팔결교),4.16,366.00,127.4755556,36.7141667,기후에너지환경부
2023-07-16 04:30,3011665,청주시(미호강교),5.96,997.49,127.3505556,36.6230556,기후에너지환경부
2023-07-16 04:30,3011685,세종시(미호교),4.37,2224.97,127.3163889,36.5825,기후에너지환경부
2023-07-16 04:40,3011635,청주시(팔결교),4.12,351.79,127.4755556,36.7141667,기후에너지환경부
2023-07-16 04:40,3011665,청주시(미호강교),5.92,970.35,127.3505556,36.6230556,기후에너지환경부
2023-07-16 04:40,3011685,세종시(미호교),4.32,2185.76,127.3163889,36.5825,기후에너지환경부
2023-07-16 04:50,3011635,청주시(팔결교),4.11,348.27,127.4755556,36.7141667,기후에너지환경부
2023-07-16 04:50,3011665,청주시(미호강교),5.87,937.11,127.3505556,36.6230556,기후에너지환경부
2023-07-16 04:50,3011685,세종시(미호교),4.25,2131.29,127.3163889,36.5825,기후에너지환경부
2023-07-16 05:00,3011635,청주시(팔결교),4.08,341.00,127.4755556,36.7141667,기후에너지환경부
2023-07-16 05:00,3011665,청주시(미호강교),5.83,911.07,127.3505556,36.6230556,기후에너지환경부
2023-07-16 05:00,3011685,세종시(미호교),4.20,2092.66,127.3163889,36.5825,기후에너지환경부
2023-07-16 05:10,3011635,청주시(팔결교),4.06,337.25,127.4755556,36.7141667,기후에너지환경부
2023-07-16 05:10,3011665,청주시(미호강교),5.78,890.52,127.3505556,36.6230556,기후에너지환경부
2023-07-16 05:10,3011685,세종시(미호교),4.15,2054.29,127.3163889,36.5825,기후에너지환경부
2023-07-16 05:20,3011635,청주시(팔결교),4.02,329.78,127.4755556,36.7141667,기후에너지환경부
2023-07-16 05:20,3011665,청주시(미호강교),5.74,880.26,127.3505556,36.6230556,기후에너지환경부
2023-07-16 05:20,3011685,세종시(미호교),4.13,2039.00,127.3163889,36.5825,기후에너지환경부
2023-07-16 05:30,3011635,청주시(팔결교),3.99,324.22,127.4755556,36.7141667,기후에너지환경부
2023-07-16 05:30,3011665,청주시(미호강교),5.70,870.04,127.3505556,36.6230556,기후에너지환경부
2023-07-16 05:30,3011685,세종시(미호교),4.06,1985.83,127.3163889,36.5825,기후에너지환경부
2023-07-16 05:40,3011635,청주시(팔결교),3.97,320.53,127.4755556,36.7141667,기후에너지환경부
2023-07-16 05:40,3011665,청주시(미호강교),5.66,859.86,127.3505556,36.6230556,기후에너지환경부
2023-07-16 05:40,3011685,세종시(미호교),4.01,1948.14,127.3163889,36.5825,기후에너지환경부
2023-07-16 05:50,3011635,청주시(팔결교),3.97,320.53,127.4755556,36.7141667,기후에너지환경부
2023-07-16 05:50,3011665,청주시(미호강교),5.61,847.18,127.3505556,36.6230556,기후에너지환경부
2023-07-16 05:50,3011685,세종시(미호교),3.97,1918.17,127.3163889,36.5825,기후에너지환경부
2023-07-16 06:00,3011635,청주시(팔결교),3.93,313.20,127.4755556,36.7141667,기후에너지환경부
2023-07-16 06:00,3011665,청주시(미호강교),5.57,837.08,127.3505556,36.6230556,기후에너지환경부
2023-07-16 06:00,3011685,세종시(미호교),3.93,1888.37,127.3163889,36.5825,기후에너지환경부
2023-07-16 06:10,3011635,청주시(팔결교),3.91,309.55,127.4755556,36.7141667,기후에너지환경부
2023-07-16 06:10,3011665,청주시(미호강교),5.53,827.02,127.3505556,36.6230556,기후에너지환경부
2023-07-16 06:10,3011685,세종시(미호교),3.89,1858.72,127.3163889,36.5825,기후에너지환경부
2023-07-16 06:20,3011635,청주시(팔결교),3.89,305.92,127.4755556,36.7141667,기후에너지환경부
2023-07-16 06:20,3011665,청주시(미호강교),5.49,817.00,127.3505556,36.6230556,기후에너지환경부
2023-07-16 06:20,3011685,세종시(미호교),3.84,1821.89,127.3163889,36.5825,기후에너지환경부
2023-07-16 06:30,3011635,청주시(팔결교),3.88,304.11,127.4755556,36.7141667,기후에너지환경부
2023-07-16 06:30,3011665,청주시(미호강교),5.45,807.01,127.3505556,36.6230556,기후에너지환경부
2023-07-16 06:30,3011685,세종시(미호교),3.79,1785.32,127.3163889,36.5825,기후에너지환경부
2023-07-16 06:40,3011635,청주시(팔결교),3.89,305.92,127.4755556,36.7141667,기후에너지환경부
2023-07-16 06:40,3011665,청주시(미호강교),5.41,797.07,127.3505556,36.6230556,기후에너지환경부
2023-07-16 06:40,3011685,세종시(미호교),3.77,1770.76,127.3163889,36.5825,기후에너지환경부
2023-07-16 06:50,3011635,청주시(팔결교),3.81,291.53,127.4755556,36.7141667,기후에너지환경부
2023-07-16 06:50,3011665,청주시(미호강교),5.37,787.16,127.3505556,36.6230556,기후에너지환경부
2023-07-16 06:50,3011685,세종시(미호교),3.71,1727.33,127.3163889,36.5825,기후에너지환경부
2023-07-16 07:00,3011635,청주시(팔결교),3.83,295.11,127.4755556,36.7141667,기후에너지환경부
2023-07-16 07:00,3011665,청주시(미호강교),5.34,779.76,127.3505556,36.6230556,기후에너지환경부
2023-07-16 07:00,3011685,세종시(미호교),3.67,1698.59,127.3163889,36.5825,기후에너지환경부
2023-07-16 07:10,3011635,청주시(팔결교),3.77,284.43,127.4755556,36.7141667,기후에너지환경부
2023-07-16 07:10,3011665,청주시(미호강교),5.30,769.92,127.3505556,36.6230556,기후에너지환경부
2023-07-16 07:10,3011685,세종시(미호교),3.62,1662.89,127.3163889,36.5825,기후에너지환경부
2023-07-16 07:20,3011635,청주시(팔결교),3.80,289.75,127.4755556,36.7141667,기후에너지환경부
2023-07-16 07:20,3011665,청주시(미호강교),5.27,762.56,127.3505556,36.6230556,기후에너지환경부
2023-07-16 07:20,3011685,세종시(미호교),3.58,1634.53,127.3163889,36.5825,기후에너지환경부
2023-07-16 07:30,3011635,청주시(팔결교),3.75,280.90,127.4755556,36.7141667,기후에너지환경부
2023-07-16 07:30,3011665,청주시(미호강교),5.23,752.79,127.3505556,36.6230556,기후에너지환경부
2023-07-16 07:30,3011685,세종시(미호교),3.55,1613.36,127.3163889,36.5825,기후에너지환경부
2023-07-16 07:40,3011635,청주시(팔결교),3.76,282.66,127.4755556,36.7141667,기후에너지환경부
2023-07-16 07:40,3011665,청주시(미호강교),5.20,745.49,127.3505556,36.6230556,기후에너지환경부
2023-07-16 07:40,3011685,세종시(미호교),3.53,1599.31,127.3163889,36.5825,기후에너지환경부
2023-07-16 07:50,3011635,청주시(팔결교),3.76,282.66,127.4755556,36.7141667,기후에너지환경부
2023-07-16 07:50,3011665,청주시(미호강교),5.17,738.21,127.3505556,36.6230556,기후에너지환경부
2023-07-16 07:50,3011685,세종시(미호교),3.50,1578.30,127.3163889,36.5825,기후에너지환경부
2023-07-16 08:00,3011635,청주시(팔결교),3.72,275.63,127.4755556,36.7141667,기후에너지환경부
2023-07-16 08:00,3011665,청주시(미호강교),5.13,728.54,127.3505556,36.6230556,기후에너지환경부
2023-07-16 08:00,3011685,세종시(미호교),3.45,1543.51,127.3163889,36.5825,기후에너지환경부
2023-07-16 08:10,3011635,청주시(팔결교),3.69,270.39,127.4755556,36.7141667,기후에너지환경부
2023-07-16 08:10,3011665,청주시(미호강교),5.10,721.31,127.3505556,36.6230556,기후에너지환경부
2023-07-16 08:10,3011685,세종시(미호교),3.43,1529.66,127.3163889,36.5825,기후에너지환경부
2023-07-16 08:20,3011635,청주시(팔결교),3.71,273.88,127.4755556,36.7141667,기후에너지환경부
2023-07-16 08:20,3011665,청주시(미호강교),5.06,711.71,127.3505556,36.6230556,기후에너지환경부
2023-07-16 08:20,3011685,세종시(미호교),3.38,1495.24,127.3163889,36.5825,기후에너지환경부
2023-07-16 08:30,3011635,청주시(팔결교),3.58,251.49,127.4755556,36.7141667,기후에너지환경부
2023-07-16 08:30,3011665,청주시(미호강교),5.03,704.53,127.3505556,36.6230556,기후에너지환경부
2023-07-16 08:30,3011685,세종시(미호교),3.35,1474.72,127.3163889,36.5825,기후에너지환경부
2023-07-16 08:40,3011635,청주시(팔결교),3.67,266.92,127.4755556,36.7141667,기후에너지환경부
2023-07-16 08:40,3011665,청주시(미호강교),5.00,697.38,127.3505556,36.6230556,기후에너지환경부
2023-07-16 08:40,3011685,세종시(미호교),3.31,1447.52,127.3163889,36.5825,기후에너지환경부
2023-07-16 08:50,3011635,청주시(팔결교),3.65,263.47,127.4755556,36.7141667,기후에너지환경부
2023-07-16 08:50,3011665,청주시(미호강교),4.97,690.25,127.3505556,36.6230556,기후에너지환경부
2023-07-16 08:50,3011685,세종시(미호교),3.29,1433.98,127.3163889,36.5825,기후에너지환경부
2023-07-16 09:00,3011635,청주시(팔결교),3.67,266.92,127.4755556,36.7141667,기후에너지환경부
2023-07-16 09:00,3011665,청주시(미호강교),4.93,680.78,127.3505556,36.6230556,기후에너지환경부
2023-07-16 09:00,3011685,세종시(미호교),3.25,1407.03,127.3163889,36.5825,기후에너지환경부
2023-07-16 09:10,3011635,청주시(팔결교),3.61,256.60,127.4755556,36.7141667,기후에너지환경부
2023-07-16 09:10,3011665,청주시(미호강교),4.90,673.71,127.3505556,36.6230556,기후에너지환경부
2023-07-16 09:10,3011685,세종시(미호교),3.21,1380.26,127.3163889,36.5825,기후에너지환경부
2023-07-16 09:20,3011635,청주시(팔결교),3.61,256.60,127.4755556,36.7141667,기후에너지환경부
2023-07-16 09:20,3011665,청주시(미호강교),4.87,666.65,127.3505556,36.6230556,기후에너지환경부
2023-07-16 09:20,3011685,세종시(미호교),3.17,1353.67,127.3163889,36.5825,기후에너지환경부
2023-07-16 09:30,3011635,청주시(팔결교),3.60,254.90,127.4755556,36.7141667,기후에너지환경부
2023-07-16 09:30,3011665,청주시(미호강교),4.84,659.62,127.3505556,36.6230556,기후에너지환경부
2023-07-16 09:30,3011685,세종시(미호교),3.14,1333.85,127.3163889,36.5825,기후에너지환경부
2023-07-16 09:40,3011635,청주시(팔결교),3.57,249.80,127.4755556,36.7141667,기후에너지환경부
2023-07-16 09:40,3011665,청주시(미호강교),4.80,650.29,127.3505556,36.6230556,기후에너지환경부
2023-07-16 09:40,3011685,세종시(미호교),3.11,1314.12,127.3163889,36.5825,기후에너지환경부
2023-07-16 09:50,3011635,청주시(팔결교),3.55,246.42,127.4755556,36.7141667,기후에너지환경부
2023-07-16 09:50,3011665,청주시(미호강교),4.77,643.31,127.3505556,36.6230556,기후에너지환경부
2023-07-16 09:50,3011685,세종시(미호교),3.07,1287.98,127.3163889,36.5825,기후에너지환경부
2023-07-16 10:00,3011635,청주시(팔결교),3.55,246.42,127.4755556,36.7141667,기후에너지환경부
2023-07-16 10:00,3011665,청주시(미호강교),4.75,638.68,127.3505556,36.6230556,기후에너지환경부
2023-07-16 10:00,3011685,세종시(미호교),3.04,1268.50,127.3163889,36.5825,기후에너지환경부
2023-07-16 10:10,3011635,청주시(팔결교),3.55,246.42,127.4755556,36.7141667,기후에너지환경부
2023-07-16 10:10,3011665,청주시(미호강교),4.71,629.43,127.3505556,36.6230556,기후에너지환경부
2023-07-16 10:10,3011685,세종시(미호교),3.00,1242.68,127.3163889,36.5825,기후에너지환경부
2023-07-16 10:20,3011635,청주시(팔결교),3.52,241.38,127.4755556,36.7141667,기후에너지환경부
2023-07-16 10:20,3011665,청주시(미호강교),4.68,622.53,127.3505556,36.6230556,기후에너지환경부
2023-07-16 10:20,3011685,세종시(미호교),2.98,1229.83,127.3163889,36.5825,기후에너지환경부
2023-07-16 10:30,3011635,청주시(팔결교),3.54,244.73,127.4755556,36.7141667,기후에너지환경부
2023-07-16 10:30,3011665,청주시(미호강교),4.66,617.94,127.3505556,36.6230556,기후에너지환경부
2023-07-16 10:30,3011685,세종시(미호교),2.95,1210.66,127.3163889,36.5825,기후에너지환경부
2023-07-16 10:40,3011635,청주시(팔결교),3.49,236.37,127.4755556,36.7141667,기후에너지환경부
2023-07-16 10:40,3011665,청주시(미호강교),4.63,611.08,127.3505556,36.6230556,기후에너지환경부
2023-07-16 10:40,3011685,세종시(미호교),2.92,1191.59,127.3163889,36.5825,기후에너지환경부
2023-07-16 10:50,3011635,청주시(팔결교),3.47,233.06,127.4755556,36.7141667,기후에너지환경부
2023-07-16 10:50,3011665,청주시(미호강교),4.61,606.51,127.3505556,36.6230556,기후에너지환경부
2023-07-16 10:50,3011685,세종시(미호교),2.90,1178.93,127.3163889,36.5825,기후에너지환경부
2023-07-16 11:00,3011635,청주시(팔결교),3.48,234.71,127.4755556,36.7141667,기후에너지환경부
2023-07-16 11:00,3011665,청주시(미호강교),4.58,599.69,127.3505556,36.6230556,기후에너지환경부
2023-07-16 11:00,3011685,세종시(미호교),2.86,1153.76,127.3163889,36.5825,기후에너지환경부
2023-07-16 11:10,3011635,청주시(팔결교),3.48,234.71,127.4755556,36.7141667,기후에너지환경부
2023-07-16 11:10,3011665,청주시(미호강교),4.55,592.89,127.3505556,36.6230556,기후에너지환경부
2023-07-16 11:10,3011685,세종시(미호교),2.83,1135.00,127.3163889,36.5825,기후에너지환경부
2023-07-16 11:20,3011635,청주시(팔결교),3.46,231.40,127.4755556,36.7141667,기후에너지환경부
2023-07-16 11:20,3011665,청주시(미호강교),4.53,588.37,127.3505556,36.6230556,기후에너지환경부
2023-07-16 11:20,3011685,세종시(미호교),2.80,1116.35,127.3163889,36.5825,기후에너지환경부
2023-07-16 11:30,3011635,청주시(팔결교),3.47,233.06,127.4755556,36.7141667,기후에너지환경부
2023-07-16 11:30,3011665,청주시(미호강교),4.50,581.61,127.3505556,36.6230556,기후에너지환경부
2023-07-16 11:30,3011685,세종시(미호교),2.77,1097.81,127.3163889,36.5825,기후에너지환경부
2023-07-16 11:40,3011635,청주시(팔결교),3.46,231.40,127.4755556,36.7141667,기후에너지환경부
2023-07-16 11:40,3011665,청주시(미호강교),4.48,577.12,127.3505556,36.6230556,기후에너지환경부
2023-07-16 11:40,3011685,세종시(미호교),2.74,1079.37,127.3163889,36.5825,기후에너지환경부
2023-07-16 11:50,3011635,청주시(팔결교),3.43,226.47,127.4755556,36.7141667,기후에너지환경부
2023-07-16 11:50,3011665,청주시(미호강교),4.45,570.40,127.3505556,36.6230556,기후에너지환경부
2023-07-16 11:50,3011685,세종시(미호교),2.72,1067.14,127.3163889,36.5825,기후에너지환경부
2023-07-16 12:00,3011635,청주시(팔결교),3.42,224.83,127.4755556,36.7141667,기후에너지환경부
2023-07-16 12:00,3011665,청주시(미호강교),4.43,565.93,127.3505556,36.6230556,기후에너지환경부
2023-07-16 12:00,3011685,세종시(미호교),2.69,1048.89,127.3163889,36.5825,기후에너지환경부
2023-07-16 12:10,3011635,청주시(팔결교),3.39,219.95,127.4755556,36.7141667,기후에너지환경부
2023-07-16 12:10,3011665,청주시(미호강교),4.41,561.48,127.3505556,36.6230556,기후에너지환경부
2023-07-16 12:10,3011685,세종시(미호교),2.67,1036.78,127.3163889,36.5825,기후에너지환경부
2023-07-16 12:20,3011635,청주시(팔결교),3.41,223.20,127.4755556,36.7141667,기후에너지환경부
2023-07-16 12:20,3011665,청주시(미호강교),4.39,557.04,127.3505556,36.6230556,기후에너지환경부
2023-07-16 12:20,3011685,세종시(미호교),2.64,1018.71,127.3163889,36.5825,기후에너지환경부
2023-07-16 12:30,3011635,청주시(팔결교),3.40,221.57,127.4755556,36.7141667,기후에너지환경부
2023-07-16 12:30,3011665,청주시(미호강교),4.36,550.39,127.3505556,36.6230556,기후에너지환경부
2023-07-16 12:30,3011685,세종시(미호교),2.61,1000.74,127.3163889,36.5825,기후에너지환경부
2023-07-16 12:40,3011635,청주시(팔결교),3.39,219.95,127.4755556,36.7141667,기후에너지환경부
2023-07-16 12:40,3011665,청주시(미호강교),4.34,545.97,127.3505556,36.6230556,기후에너지환경부
2023-07-16 12:40,3011685,세종시(미호교),2.58,982.89,127.3163889,36.5825,기후에너지환경부
2023-07-16 12:50,3011635,청주시(팔결교),3.38,218.33,127.4755556,36.7141667,기후에너지환경부
2023-07-16 12:50,3011665,청주시(미호강교),4.32,541.57,127.3505556,36.6230556,기후에너지환경부
2023-07-16 12:50,3011685,세종시(미호교),2.55,965.15,127.3163889,36.5825,기후에너지환경부
2023-07-16 13:00,3011635,청주시(팔결교),3.35,213.49,127.4755556,36.7141667,기후에너지환경부
2023-07-16 13:00,3011665,청주시(미호강교),4.30,537.18,127.3505556,36.6230556,기후에너지환경부
2023-07-16 13:00,3011685,세종시(미호교),2.53,953.38,127.3163889,36.5825,기후에너지환경부
2023-07-16 13:10,3011635,청주시(팔결교),3.36,215.10,127.4755556,36.7141667,기후에너지환경부
2023-07-16 13:10,3011665,청주시(미호강교),4.27,530.61,127.3505556,36.6230556,기후에너지환경부
2023-07-16 13:10,3011685,세종시(미호교),2.51,941.67,127.3163889,36.5825,기후에너지환경부
2023-07-16 13:20,3011635,청주시(팔결교),3.33,210.29,127.4755556,36.7141667,기후에너지환경부
2023-07-16 13:20,3011665,청주시(미호강교),4.26,528.42,127.3505556,36.6230556,기후에너지환경부
2023-07-16 13:20,3011685,세종시(미호교),2.49,930.00,127.3163889,36.5825,기후에너지환경부
2023-07-16 13:30,3011635,청주시(팔결교),3.34,211.89,127.4755556,36.7141667,기후에너지환경부
2023-07-16 13:30,3011665,청주시(미호강교),4.24,524.06,127.3505556,36.6230556,기후에너지환경부
2023-07-16 13:30,3011685,세종시(미호교),2.47,918.39,127.3163889,36.5825,기후에너지환경부
2023-07-16 13:40,3011635,청주시(팔결교),3.32,208.69,127.4755556,36.7141667,기후에너지환경부
2023-07-16 13:40,3011665,청주시(미호강교),4.22,519.71,127.3505556,36.6230556,기후에너지환경부
2023-07-16 13:40,3011685,세종시(미호교),2.45,906.82,127.3163889,36.5825,기후에너지환경부
2023-07-16 13:50,3011635,청주시(팔결교),3.30,205.51,127.4755556,36.7141667,기후에너지환경부
2023-07-16 13:50,3011665,청주시(미호강교),4.20,515.38,127.3505556,36.6230556,기후에너지환경부
2023-07-16 13:50,3011685,세종시(미호교),2.42,892.89,127.3163889,36.5825,기후에너지환경부
2023-07-16 14:00,3011635,청주시(팔결교),3.31,207.10,127.4755556,36.7141667,기후에너지환경부
2023-07-16 14:00,3011665,청주시(미호강교),4.18,511.05,127.3505556,36.6230556,기후에너지환경부
2023-07-16 14:00,3011685,세종시(미호교),2.41,888.26,127.3163889,36.5825,기후에너지환경부
2023-07-16 14:10,3011635,청주시(팔결교),3.28,202.34,127.4755556,36.7141667,기후에너지환경부
2023-07-16 14:10,3011665,청주시(미호강교),4.16,506.74,127.3505556,36.6230556,기후에너지환경부
2023-07-16 14:10,3011685,세종시(미호교),2.37,869.83,127.3163889,36.5825,기후에너지환경부
2023-07-16 14:20,3011635,청주시(팔결교),3.23,194.51,127.4755556,36.7141667,기후에너지환경부
2023-07-16 14:20,3011665,청주시(미호강교),4.14,502.43,127.3505556,36.6230556,기후에너지환경부
2023-07-16 14:20,3011685,세종시(미호교),2.36,865.24,127.3163889,36.5825,기후에너지환경부
2023-07-16 14:30,3011635,청주시(팔결교),3.21,191.40,127.4755556,36.7141667,기후에너지환경부
2023-07-16 14:30,3011665,청주시(미호강교),4.12,498.14,127.3505556,36.6230556,기후에너지환경부
2023-07-16 14:30,3011685,세종시(미호교),2.33,851.53,127.3163889,36.5825,기후에너지환경부
2023-07-16 14:40,3011635,청주시(팔결교),3.25,197.63,127.4755556,36.7141667,기후에너지환경부
2023-07-16 14:40,3011665,청주시(미호강교),4.10,493.86,127.3505556,36.6230556,기후에너지환경부
2023-07-16 14:40,3011685,세종시(미호교),2.31,842.43,127.3163889,36.5825,기후에너지환경부
2023-07-16 14:50,3011635,청주시(팔결교),3.24,196.07,127.4755556,36.7141667,기후에너지환경부
2023-07-16 14:50,3011665,청주시(미호강교),4.08,489.59,127.3505556,36.6230556,기후에너지환경부
2023-07-16 14:50,3011685,세종시(미호교),2.28,828.84,127.3163889,36.5825,기후에너지환경부
2023-07-16 15:00,3011635,청주시(팔결교),3.24,196.07,127.4755556,36.7141667,기후에너지환경부
2023-07-16 15:00,3011665,청주시(미호강교),4.07,487.46,127.3505556,36.6230556,기후에너지환경부
2023-07-16 15:00,3011685,세종시(미호교),2.27,824.33,127.3163889,36.5825,기후에너지환경부
2023-07-16 15:10,3011635,청주시(팔결교),3.20,189.85,127.4755556,36.7141667,기후에너지환경부
2023-07-16 15:10,3011665,청주시(미호강교),4.05,483.21,127.3505556,36.6230556,기후에너지환경부
2023-07-16 15:10,3011685,세종시(미호교),2.26,819.82,127.3163889,36.5825,기후에너지환경부
2023-07-16 15:20,3011635,청주시(팔결교),3.19,188.31,127.4755556,36.7141667,기후에너지환경부
2023-07-16 15:20,3011665,청주시(미호강교),4.04,481.09,127.3505556,36.6230556,기후에너지환경부
2023-07-16 15:20,3011685,세종시(미호교),2.26,819.82,127.3163889,36.5825,기후에너지환경부
2023-07-16 15:30,3011635,청주시(팔결교),3.16,183.71,127.4755556,36.7141667,기후에너지환경부
2023-07-16 15:30,3011665,청주시(미호강교),4.02,476.86,127.3505556,36.6230556,기후에너지환경부
2023-07-16 15:30,3011685,세종시(미호교),2.22,801.89,127.3163889,36.5825,기후에너지환경부
2023-07-16 15:40,3011635,청주시(팔결교),3.18,186.77,127.4755556,36.7141667,기후에너지환경부
2023-07-16 15:40,3011665,청주시(미호강교),4.01,474.75,127.3505556,36.6230556,기후에너지환경부
2023-07-16 15:40,3011685,세종시(미호교),2.21,797.43,127.3163889,36.5825,기후에너지환경부
2023-07-16 15:50,3011635,청주시(팔결교),3.17,185.24,127.4755556,36.7141667,기후에너지환경부
2023-07-16 15:50,3011665,청주시(미호강교),3.99,470.53,127.3505556,36.6230556,기후에너지환경부
2023-07-16 15:50,3011685,세종시(미호교),2.19,788.53,127.3163889,36.5825,기후에너지환경부
2023-07-16 16:00,3011635,청주시(팔결교),3.14,180.66,127.4755556,36.7141667,기후에너지환경부
2023-07-16 16:00,3011665,청주시(미호강교),3.97,466.33,127.3505556,36.6230556,기후에너지환경부
2023-07-16 16:00,3011685,세종시(미호교),2.18,784.09,127.3163889,36.5825,기후에너지환경부
2023-07-16 16:10,3011635,청주시(팔결교),3.15,182.19,127.4755556,36.7141667,기후에너지환경부
2023-07-16 16:10,3011665,청주시(미호강교),3.96,464.23,127.3505556,36.6230556,기후에너지환경부
2023-07-16 16:10,3011685,세종시(미호교),2.17,779.66,127.3163889,36.5825,기후에너지환경부
2023-07-16 16:20,3011635,청주시(팔결교),3.13,179.15,127.4755556,36.7141667,기후에너지환경부
2023-07-16 16:20,3011665,청주시(미호강교),3.94,460.04,127.3505556,36.6230556,기후에너지환경부
2023-07-16 16:20,3011685,세종시(미호교),2.14,766.43,127.3163889,36.5825,기후에너지환경부
2023-07-16 16:30,3011635,청주시(팔결교),3.12,177.63,127.4755556,36.7141667,기후에너지환경부
2023-07-16 16:30,3011665,청주시(미호강교),3.93,457.95,127.3505556,36.6230556,기후에너지환경부
2023-07-16 16:30,3011685,세종시(미호교),2.12,757.65,127.3163889,36.5825,기후에너지환경부
2023-07-16 16:40,3011635,청주시(팔결교),3.11,176.13,127.4755556,36.7141667,기후에너지환경부
2023-07-16 16:40,3011665,청주시(미호강교),3.91,453.78,127.3505556,36.6230556,기후에너지환경부
2023-07-16 16:40,3011685,세종시(미호교),2.11,753.27,127.3163889,36.5825,기후에너지환경부
2023-07-16 16:50,3011635,청주시(팔결교),3.11,176.13,127.4755556,36.7141667,기후에너지환경부
2023-07-16 16:50,3011665,청주시(미호강교),3.89,449.63,127.3505556,36.6230556,기후에너지환경부
2023-07-16 16:50,3011685,세종시(미호교),2.10,748.90,127.3163889,36.5825,기후에너지환경부
2023-07-16 17:00,3011635,청주시(팔결교),3.11,176.13,127.4755556,36.7141667,기후에너지환경부
2023-07-16 17:00,3011665,청주시(미호강교),3.88,447.55,127.3505556,36.6230556,기후에너지환경부
2023-07-16 17:00,3011685,세종시(미호교),2.09,744.55,127.3163889,36.5825,기후에너지환경부
2023-07-16 17:10,3011635,청주시(팔결교),3.07,170.66,127.4755556,36.7141667,기후에너지환경부
2023-07-16 17:10,3011665,청주시(미호강교),3.86,443.41,127.3505556,36.6230556,기후에너지환경부
2023-07-16 17:10,3011685,세종시(미호교),2.08,740.19,127.3163889,36.5825,기후에너지환경부
2023-07-16 17:20,3011635,청주시(팔결교),3.08,171.63,127.4755556,36.7141667,기후에너지환경부
2023-07-16 17:20,3011665,청주시(미호강교),3.84,439.29,127.3505556,36.6230556,기후에너지환경부
2023-07-16 17:20,3011685,세종시(미호교),2.07,735.85,127.3163889,36.5825,기후에너지환경부
2023-07-16 17:30,3011635,청주시(팔결교),3.07,170.66,127.4755556,36.7141667,기후에너지환경부
2023-07-16 17:30,3011665,청주시(미호강교),3.83,437.23,127.3505556,36.6230556,기후에너지환경부
2023-07-16 17:30,3011685,세종시(미호교),2.04,722.88,127.3163889,36.5825,기후에너지환경부
2023-07-16 17:40,3011635,청주시(팔결교),3.04,167.78,127.4755556,36.7141667,기후에너지환경부
2023-07-16 17:40,3011665,청주시(미호강교),3.81,433.12,127.3505556,36.6230556,기후에너지환경부
2023-07-16 17:40,3011685,세종시(미호교),2.03,718.57,127.3163889,36.5825,기후에너지환경부
2023-07-16 17:50,3011635,청주시(팔결교),3.02,165.86,127.4755556,36.7141667,기후에너지환경부
2023-07-16 17:50,3011665,청주시(미호강교),3.80,431.07,127.3505556,36.6230556,기후에너지환경부
2023-07-16 17:50,3011685,세종시(미호교),2.01,709.98,127.3163889,36.5825,기후에너지환경부
2023-07-16 18:00,3011635,청주시(팔결교),3.03,166.82,127.4755556,36.7141667,기후에너지환경부
2023-07-16 18:00,3011665,청주시(미호강교),3.79,429.02,127.3505556,36.6230556,기후에너지환경부
2023-07-16 18:00,3011685,세종시(미호교),2.02,714.27,127.3163889,36.5825,기후에너지환경부
2023-07-16 18:10,3011635,청주시(팔결교),3.01,164.91,127.4755556,36.7141667,기후에너지환경부
2023-07-16 18:10,3011665,청주시(미호강교),3.77,424.94,127.3505556,36.6230556,기후에너지환경부
2023-07-16 18:10,3011685,세종시(미호교),2.00,705.70,127.3163889,36.5825,기후에너지환경부
2023-07-16 18:20,3011635,청주시(팔결교),3.01,164.91,127.4755556,36.7141667,기후에너지환경부
2023-07-16 18:20,3011665,청주시(미호강교),3.76,422.90,127.3505556,36.6230556,기후에너지환경부
2023-07-16 18:20,3011685,세종시(미호교),1.97,692.91,127.3163889,36.5825,기후에너지환경부
2023-07-16 18:30,3011635,청주시(팔결교),3.01,164.91,127.4755556,36.7141667,기후에너지환경부
2023-07-16 18:30,3011665,청주시(미호강교),3.74,418.84,127.3505556,36.6230556,기후에너지환경부
2023-07-16 18:30,3011685,세종시(미호교),1.95,684.43,127.3163889,36.5825,기후에너지환경부
2023-07-16 18:40,3011635,청주시(팔결교),3.01,164.91,127.4755556,36.7141667,기후에너지환경부
2023-07-16 18:40,3011665,청주시(미호강교),3.73,416.81,127.3505556,36.6230556,기후에너지환경부
2023-07-16 18:40,3011685,세종시(미호교),1.95,684.43,127.3163889,36.5825,기후에너지환경부
2023-07-16 18:50,3011635,청주시(팔결교),2.99,163.01,127.4755556,36.7141667,기후에너지환경부
2023-07-16 18:50,3011665,청주시(미호강교),3.72,414.78,127.3505556,36.6230556,기후에너지환경부
2023-07-16 18:50,3011685,세종시(미호교),1.93,675.98,127.3163889,36.5825,기후에너지환경부
2023-07-16 19:00,3011635,청주시(팔결교),2.98,162.06,127.4755556,36.7141667,기후에너지환경부
2023-07-16 19:00,3011665,청주시(미호강교),3.70,410.74,127.3505556,36.6230556,기후에너지환경부
2023-07-16 19:00,3011685,세종시(미호교),1.92,671.77,127.3163889,36.5825,기후에너지환경부
2023-07-16 19:10,3011635,청주시(팔결교),2.97,161.11,127.4755556,36.7141667,기후에너지환경부
2023-07-16 19:10,3011665,청주시(미호강교),3.69,408.72,127.3505556,36.6230556,기후에너지환경부
2023-07-16 19:10,3011685,세종시(미호교),1.91,667.57,127.3163889,36.5825,기후에너지환경부
2023-07-16 19:20,3011635,청주시(팔결교),2.96,160.17,127.4755556,36.7141667,기후에너지환경부
2023-07-16 19:20,3011665,청주시(미호강교),3.68,406.71,127.3505556,36.6230556,기후에너지환경부
2023-07-16 19:20,3011685,세종시(미호교),1.89,659.20,127.3163889,36.5825,기후에너지환경부
2023-07-16 19:30,3011635,청주시(팔결교),2.96,160.17,127.4755556,36.7141667,기후에너지환경부
2023-07-16 19:30,3011665,청주시(미호강교),3.66,402.69,127.3505556,36.6230556,기후에너지환경부
2023-07-16 19:30,3011685,세종시(미호교),1.88,655.02,127.3163889,36.5825,기후에너지환경부
2023-07-16 19:40,3011635,청주시(팔결교),2.94,158.29,127.4755556,36.7141667,기후에너지환경부
2023-07-16 19:40,3011665,청주시(미호강교),3.65,400.69,127.3505556,36.6230556,기후에너지환경부
2023-07-16 19:40,3011685,세종시(미호교),1.86,646.70,127.3163889,36.5825,기후에너지환경부
2023-07-16 19:50,3011635,청주시(팔결교),2.94,158.29,127.4755556,36.7141667,기후에너지환경부
2023-07-16 19:50,3011665,청주시(미호강교),3.64,398.69,127.3505556,36.6230556,기후에너지환경부
2023-07-16 19:50,3011685,세종시(미호교),1.86,646.70,127.3163889,36.5825,기후에너지환경부
2023-07-16 20:00,3011635,청주시(팔결교),2.94,158.29,127.4755556,36.7141667,기후에너지환경부
2023-07-16 20:00,3011665,청주시(미호강교),3.62,394.70,127.3505556,36.6230556,기후에너지환경부
2023-07-16 20:00,3011685,세종시(미호교),1.83,634.29,127.3163889,36.5825,기후에너지환경부
2023-07-16 20:10,3011635,청주시(팔결교),2.95,159.23,127.4755556,36.7141667,기후에너지환경부
2023-07-16 20:10,3011665,청주시(미호강교),3.61,392.71,127.3505556,36.6230556,기후에너지환경부
2023-07-16 20:10,3011685,세종시(미호교),1.82,630.17,127.3163889,36.5825,기후에너지환경부
2023-07-16 20:20,3011635,청주시(팔결교),2.92,156.41,127.4755556,36.7141667,기후에너지환경부
2023-07-16 20:20,3011665,청주시(미호강교),3.59,388.73,127.3505556,36.6230556,기후에너지환경부
2023-07-16 20:20,3011685,세종시(미호교),1.82,630.17,127.3163889,36.5825,기후에너지환경부
2023-07-16 20:30,3011635,청주시(팔결교),2.95,159.23,127.4755556,36.7141667,기후에너지환경부
2023-07-16 20:30,3011665,청주시(미호강교),3.58,386.75,127.3505556,36.6230556,기후에너지환경부
2023-07-16 20:30,3011685,세종시(미호교),1.80,621.96,127.3163889,36.5825,기후에너지환경부
2023-07-16 20:40,3011635,청주시(팔결교),2.93,157.35,127.4755556,36.7141667,기후에너지환경부
2023-07-16 20:40,3011665,청주시(미호강교),3.57,384.77,127.3505556,36.6230556,기후에너지환경부
2023-07-16 20:40,3011685,세종시(미호교),1.79,617.86,127.3163889,36.5825,기후에너지환경부
2023-07-16 20:50,3011635,청주시(팔결교),2.90,154.54,127.4755556,36.7141667,기후에너지환경부
2023-07-16 20:50,3011665,청주시(미호강교),3.56,382.80,127.3505556,36.6230556,기후에너지환경부
2023-07-16 20:50,3011685,세종시(미호교),1.78,613.78,127.3163889,36.5825,기후에너지환경부
2023-07-16 21:00,3011635,청주시(팔결교),2.92,156.41,127.4755556,36.7141667,기후에너지환경부
2023-07-16 21:00,3011665,청주시(미호강교),3.54,378.86,127.3505556,36.6230556,기후에너지환경부
2023-07-16 21:00,3011685,세종시(미호교),1.76,605.64,127.3163889,36.5825,기후에너지환경부
2023-07-16 21:10,3011635,청주시(팔결교),2.90,154.54,127.4755556,36.7141667,기후에너지환경부
2023-07-16 21:10,3011665,청주시(미호강교),3.53,376.89,127.3505556,36.6230556,기후에너지환경부
2023-07-16 21:10,3011685,세종시(미호교),1.75,601.59,127.3163889,36.5825,기후에너지환경부
2023-07-16 21:20,3011635,청주시(팔결교),2.88,152.68,127.4755556,36.7141667,기후에너지환경부
2023-07-16 21:20,3011665,청주시(미호강교),3.52,374.93,127.3505556,36.6230556,기후에너지환경부
2023-07-16 21:20,3011685,세종시(미호교),1.73,593.50,127.3163889,36.5825,기후에너지환경부
2023-07-16 21:30,3011635,청주시(팔결교),2.89,153.61,127.4755556,36.7141667,기후에너지환경부
2023-07-16 21:30,3011665,청주시(미호강교),3.51,372.97,127.3505556,36.6230556,기후에너지환경부
2023-07-16 21:30,3011685,세종시(미호교),1.71,585.46,127.3163889,36.5825,기후에너지환경부
2023-07-16 21:40,3011635,청주시(팔결교),2.88,152.68,127.4755556,36.7141667,기후에너지환경부
2023-07-16 21:40,3011665,청주시(미호강교),3.50,371.01,127.3505556,36.6230556,기후에너지환경부
2023-07-16 21:40,3011685,세종시(미호교),1.70,581.45,127.3163889,36.5825,기후에너지환경부
2023-07-16 21:50,3011635,청주시(팔결교),2.86,150.83,127.4755556,36.7141667,기후에너지환경부
2023-07-16 21:50,3011665,청주시(미호강교),3.49,369.06,127.3505556,36.6230556,기후에너지환경부
2023-07-16 21:50,3011685,세종시(미호교),1.70,581.45,127.3163889,36.5825,기후에너지환경부
2023-07-16 22:00,3011635,청주시(팔결교),2.86,150.83,127.4755556,36.7141667,기후에너지환경부
2023-07-16 22:00,3011665,청주시(미호강교),3.47,365.17,127.3505556,36.6230556,기후에너지환경부
2023-07-16 22:00,3011685,세종시(미호교),1.67,569.48,127.3163889,36.5825,기후에너지환경부
2023-07-16 22:10,3011635,청주시(팔결교),2.86,150.83,127.4755556,36.7141667,기후에너지환경부
2023-07-16 22:10,3011665,청주시(미호강교),3.46,363.22,127.3505556,36.6230556,기후에너지환경부
2023-07-16 22:10,3011685,세종시(미호교),1.67,569.48,127.3163889,36.5825,기후에너지환경부
2023-07-16 22:20,3011635,청주시(팔결교),2.86,150.83,127.4755556,36.7141667,기후에너지환경부
2023-07-16 22:20,3011665,청주시(미호강교),3.45,361.28,127.3505556,36.6230556,기후에너지환경부
2023-07-16 22:20,3011685,세종시(미호교),1.67,569.48,127.3163889,36.5825,기후에너지환경부
2023-07-16 22:30,3011635,청주시(팔결교),2.84,148.98,127.4755556,36.7141667,기후에너지환경부
2023-07-16 22:30,3011665,청주시(미호강교),3.44,359.35,127.3505556,36.6230556,기후에너지환경부
2023-07-16 22:30,3011685,세종시(미호교),1.65,561.55,127.3163889,36.5825,기후에너지환경부
2023-07-16 22:40,3011635,청주시(팔결교),2.84,148.98,127.4755556,36.7141667,기후에너지환경부
2023-07-16 22:40,3011665,청주시(미호강교),3.43,357.41,127.3505556,36.6230556,기후에너지환경부
2023-07-16 22:40,3011685,세종시(미호교),1.64,557.60,127.3163889,36.5825,기후에너지환경부
2023-07-16 22:50,3011635,청주시(팔결교),2.81,146.23,127.4755556,36.7141667,기후에너지환경부
2023-07-16 22:50,3011665,청주시(미호강교),3.42,355.48,127.3505556,36.6230556,기후에너지환경부
2023-07-16 22:50,3011685,세종시(미호교),1.63,553.65,127.3163889,36.5825,기후에너지환경부
2023-07-16 23:00,3011635,청주시(팔결교),2.82,147.15,127.4755556,36.7141667,기후에너지환경부
2023-07-16 23:00,3011665,청주시(미호강교),3.41,353.55,127.3505556,36.6230556,기후에너지환경부
2023-07-16 23:00,3011685,세종시(미호교),1.61,545.80,127.3163889,36.5825,기후에너지환경부
2023-07-16 23:10,3011635,청주시(팔결교),2.80,145.32,127.4755556,36.7141667,기후에너지환경부
2023-07-16 23:10,3011665,청주시(미호강교),3.40,351.63,127.3505556,36.6230556,기후에너지환경부
2023-07-16 23:10,3011685,세종시(미호교),1.62,549.72,127.3163889,36.5825,기후에너지환경부
2023-07-16 23:20,3011635,청주시(팔결교),2.81,146.23,127.4755556,36.7141667,기후에너지환경부
2023-07-16 23:20,3011665,청주시(미호강교),3.39,349.71,127.3505556,36.6230556,기후에너지환경부
2023-07-16 23:20,3011685,세종시(미호교),1.61,545.80,127.3163889,36.5825,기후에너지환경부
2023-07-16 23:30,3011635,청주시(팔결교),2.79,144.40,127.4755556,36.7141667,기후에너지환경부
2023-07-16 23:30,3011665,청주시(미호강교),3.38,347.79,127.3505556,36.6230556,기후에너지환경부
2023-07-16 23:30,3011685,세종시(미호교),1.60,541.88,127.3163889,36.5825,기후에너지환경부
2023-07-16 23:40,3011635,청주시(팔결교),2.79,144.40,127.4755556,36.7141667,기후에너지환경부
2023-07-16 23:40,3011665,청주시(미호강교),3.37,345.88,127.3505556,36.6230556,기후에너지환경부
2023-07-16 23:40,3011685,세종시(미호교),1.61,545.80,127.3163889,36.5825,기후에너지환경부
2023-07-16 23:50,3011635,청주시(팔결교),2.77,142.59,127.4755556,36.7141667,기후에너지환경부
2023-07-16 23:50,3011665,청주시(미호강교),3.36,343.97,127.3505556,36.6230556,기후에너지환경부
2023-07-16 23:50,3011685,세종시(미호교),1.59,537.98,127.3163889,36.5825,기후에너지환경부
2023-07-17 00:00,3011635,청주시(팔결교),2.76,141.68,127.4755556,36.7141667,기후에너지환경부
2023-07-17 00:00,3011665,청주시(미호강교),3.35,342.06,127.3505556,36.6230556,기후에너지환경부
2023-07-17 00:00,3011685,세종시(미호교),1.58,534.08,127.3163889,36.5825,기후에너지환경부
