{"type": "FeatureCollection", "features": [{"type": "Feature", "properties": {"name": "OSM feature", "waterway": "stream", "osm_id": 52497947, "origin": "OBSERVED"}, "geometry": {"type": "LineString", "coordinates": [[127.323824, 36.6265241], [127.3239768, 36.626271], [127.3242369, 36.6262468], [127.3246013, 36.626324], [127.3248645, 36.6264636], [127.3251128, 36.6266396], [127.3253618, 36.626909], [127.3257296, 36.6272124], [127.3260122, 36.6273688], [127.3263303, 36.6274281], [127.3266351, 36.6273967], [127.3269427, 36.6272661], [127.3274892, 36.627012], [127.328356, 36.6266219], [127.3296109, 36.62602], [127.3303485, 36.6257118], [127.330635, 36.6256293], [127.3309978, 36.625647], [127.3312277, 36.6256824], [127.3315998, 36.6257178], [127.3317803, 36.6256865], [127.3320528, 36.6256183], [127.3321519, 36.6255757], [127.3323147, 36.6254195], [127.3325518, 36.6253797], [127.3327146, 36.6253286], [127.3328067, 36.6252945], [127.3328562, 36.6252406], [127.3328845, 36.6251554], [127.3328668, 36.6250616], [127.332789, 36.6249736], [127.3326085, 36.6248685], [127.3324952, 36.6246753], [127.3323218, 36.6244509], [127.3322457, 36.6243793]]}}, {"type": "Feature", "properties": {"name": "조천", "waterway": "river", "osm_id": 87146528, "origin": "OBSERVED"}, "geometry": {"type": "LineString", "coordinates": [[127.176609, 36.6031008], [127.1762747, 36.6034046], [127.1755659, 36.6039127], [127.1752323, 36.6042297], [127.1749174, 36.6046704], [127.1745901, 36.6049778], [127.1743882, 36.6052964], [127.1741305, 36.6057604], [127.174047, 36.6059057], [127.1738659, 36.6060678], [127.1734691, 36.6064144], [127.1731627, 36.6065765], [127.1730234, 36.606951], [127.172919, 36.607387], [127.1726753, 36.6077782], [127.172341, 36.6083484], [127.1724246, 36.6086055], [127.1724803, 36.608885], [127.1725221, 36.6091141], [127.172724, 36.6094271], [127.1729816, 36.6095277], [127.1733576, 36.6096451], [127.1736571, 36.6095725], [127.1740331, 36.6094048], [127.1742002, 36.6092986], [127.17443, 36.6092315], [127.1748199, 36.6092091], [127.1751541, 36.6092427], [127.1754675, 36.6093377], [127.1757599, 36.6095669], [127.1759061, 36.6098352], [127.1760384, 36.6101034], [127.1762264, 36.6104388], [127.1764701, 36.6106568], [127.1768322, 36.6109139], [127.1771525, 36.6112493], [127.1773962, 36.6115734], [127.1776539, 36.6118417], [127.1781413, 36.6121994], [127.1782249, 36.6123559], [127.1778697, 36.6128869], [127.1773962, 36.6135352], [127.1768949, 36.6141221], [127.1765467, 36.6145916], [127.1761568, 36.6150611], [127.1760036, 36.6154635], [127.1759897, 36.6157541], [127.1760384, 36.6161844], [127.1761568, 36.6167601], [127.176317, 36.6173916], [127.1764701, 36.6176264], [127.1768392, 36.6179561], [127.1772082, 36.6183473], [127.1777026, 36.6188224], [127.1780299, 36.6192136], [127.1785034, 36.6195657], [127.1788098, 36.619996], [127.1791509, 36.6205325], [127.1793111, 36.6208511], [127.1793181, 36.6211472], [127.1791161, 36.6213987], [127.1789769, 36.6217955], [127.1789281, 36.6221588], [127.1788515, 36.6225723], [127.1788863, 36.6230809], [127.1789908, 36.6235279], [127.1790186, 36.6238744], [127.1789769, 36.6243774], [127.1788933, 36.6247909], [127.1789142, 36.6251262], [127.1789212, 36.6255062], [127.1788237, 36.6258583], [127.1784407, 36.6263836], [127.1780786, 36.6267971], [127.1777862, 36.6270206], [127.1774868, 36.6270262], [127.1767556, 36.6269759], [127.1762682, 36.6268753], [127.1754535, 36.6269312], [127.1751402, 36.6270988], [127.1748338, 36.6272833], [127.1743882, 36.6274565], [127.1740888, 36.6276577], [127.173859, 36.6279259], [127.1736849, 36.628345], [127.1736571, 36.6286579], [127.1738102, 36.6290379], [127.1741793, 36.6294849], [127.174611, 36.6299264], [127.1750357, 36.6301164], [127.1756207, 36.6304181], [127.1759897, 36.6306863], [127.1765398, 36.6308875], [127.1769715, 36.6310663], [127.1771665, 36.6312563], [127.1774241, 36.6314295], [127.1777026, 36.6317145], [127.178002, 36.6322174], [127.1780926, 36.632508], [127.1782806, 36.6327706], [127.1784964, 36.6330165], [127.1788306, 36.6334411], [127.1788515, 36.6338323], [127.178768, 36.6343351], [127.1786496, 36.6347598], [127.178392, 36.6351677], [127.1780926, 36.6354415], [127.1773754, 36.636084], [127.1771804, 36.636207], [127.1771873, 36.6363746], [127.1770202, 36.636749], [127.1769576, 36.6372071], [127.1769854, 36.6376262], [127.1770577, 36.6379851], [127.1770968, 36.6381793], [127.1773336, 36.6386263], [127.1774659, 36.6390509], [127.1774311, 36.639565], [127.1774059, 36.6396224], [127.1772152, 36.6400566], [127.1772709, 36.6402857], [127.1769645, 36.6407159], [127.1768462, 36.6410959], [127.1768322, 36.6415261], [127.176881, 36.6420233], [127.1769715, 36.6423027], [127.1771316, 36.6427329], [127.1772639, 36.6430737], [127.1773684, 36.6433642], [127.1776121, 36.6435709], [127.1777026, 36.6438056], [127.1778001, 36.6440011], [127.178204, 36.6442805], [127.1784755, 36.6445486], [127.178949, 36.6448168], [127.1793598, 36.6451073], [127.1794225, 36.6453028], [127.1792206, 36.6456436], [127.1789142, 36.6460403], [127.178573, 36.6467498], [127.1785521, 36.6471521], [127.1785173, 36.6475766], [127.1784059, 36.6478727], [127.1784477, 36.6480683], [127.1786357, 36.6482861], [127.1788446, 36.6483979], [127.179144, 36.6484537], [127.1794648, 36.6483688], [127.1799317, 36.6483502], [127.1807501, 36.6483333], [127.1815602, 36.6482917], [127.1828066, 36.6481688], [127.1832592, 36.6482135], [127.1843036, 36.6484537], [127.1848537, 36.6485878], [127.1852785, 36.6487331], [127.1855719, 36.6489212], [127.1860843, 36.6492124], [127.1862765, 36.6495893], [127.1863192, 36.6500346], [127.1862765, 36.65054], [127.186159, 36.6511566], [127.1861163, 36.6518332], [127.1863725, 36.6522358], [127.1867569, 36.6525612], [127.1874507, 36.6529123], [127.1883902, 36.6534776], [127.1890841, 36.653863], [127.189415, 36.6545738], [127.1895751, 36.6549592], [127.190173, 36.6563552], [127.1905893, 36.6573229], [127.1911017, 36.6584791], [127.1913152, 36.6595153], [127.191486, 36.6606542], [127.1915394, 36.6614507], [127.1912832, 36.6627951], [127.1913579, 36.6636429], [127.1916248, 36.6642338], [127.1921052, 36.6649017], [127.1928525, 36.6655782], [127.1936318, 36.6661005], [127.1940161, 36.6662718], [127.1945392, 36.66658], [127.1950516, 36.6669311], [127.1954893, 36.667522], [127.1958202, 36.6683097], [127.1959804, 36.6686779], [127.1959163, 36.6687893], [127.1960328, 36.6693368], [127.1961507, 36.6695341], [127.196523, 36.6704236], [127.1966956, 36.6706388], [127.1970223, 36.6713464], [127.1970608, 36.6714578], [127.1975628, 36.6729107], [127.1979295, 36.6736697], [127.1985238, 36.6743324], [127.1992679, 36.6749687], [127.1999189, 36.6755655], [127.2007045, 36.6761382], [127.2010405, 36.6761357], [127.2016383, 36.676384], [127.2027379, 36.676521], [127.2038694, 36.6765467], [127.2046808, 36.6766066], [127.205396, 36.6765638], [127.2060686, 36.6764439], [127.2067625, 36.6762984], [127.2069653, 36.6764439], [127.2072322, 36.6764097], [127.2073603, 36.6761785], [127.2077446, 36.6760073], [127.2083211, 36.6759302], [127.208652, 36.6757076], [127.2091964, 36.6755278], [127.2095701, 36.6751939], [127.2101359, 36.6741151], [127.2110006, 36.6724112], [127.2119507, 36.6712981], [127.2128688, 36.6698682], [127.2138296, 36.6684125], [127.2141285, 36.6674106], [127.2145768, 36.6659806], [127.2145341, 36.6650216], [127.2146302, 36.663994], [127.2147903, 36.6635658], [127.214769, 36.6628979], [127.2148437, 36.6619302], [127.2152067, 36.6609112], [127.2159967, 36.660149], [127.2169681, 36.6595581], [127.2174912, 36.6590015], [127.2177047, 36.6581451], [127.2180036, 36.6565093], [127.218057, 36.6555245], [127.2179609, 36.6549164], [127.2175339, 36.6545139], [127.216808, 36.6543426], [127.2152067, 36.6538716], [127.2144487, 36.6535376], [127.2137228, 36.6528267], [127.2130503, 36.6519017], [127.2129115, 36.6513279], [127.2130396, 36.6506342], [127.2135947, 36.6500175], [127.2140751, 36.6495122], [127.214833, 36.6492381], [127.2155483, 36.649221], [127.2163169, 36.6493666], [127.2170962, 36.6497006], [127.2175126, 36.6502231], [127.2181317, 36.6507798], [127.2186228, 36.6512936], [127.2187722, 36.6517904], [127.2186548, 36.6521844], [127.2186441, 36.6527924], [127.2188043, 36.6534605], [127.218879, 36.6543512], [127.2193807, 36.6552761], [127.2197544, 36.6555502], [127.2202348, 36.6559527], [127.220886, 36.656535], [127.2214945, 36.6567577], [127.2222417, 36.6568262], [127.2234267, 36.6568348], [127.2246437, 36.6569547], [127.2251775, 36.6572459], [127.2261596, 36.6572887], [127.2270029, 36.6572887], [127.2275581, 36.6574685], [127.2278676, 36.6575542], [127.2296504, 36.6578882], [127.2313798, 36.658342], [127.2324325, 36.6587486], [127.2325328, 36.6587874], [127.2341021, 36.6594896], [127.2351269, 36.6600976], [127.2360983, 36.661031], [127.2365147, 36.6616305], [127.2369951, 36.6621614], [127.2378811, 36.6629064], [127.2390507, 36.6637495], [127.2400486, 36.6641351], [127.2414574, 36.6643194], [127.2441476, 36.6645848], [127.2457382, 36.6647304], [127.2476598, 36.6648503], [127.2499977, 36.6646277], [127.2519726, 36.6643451], [127.2531042, 36.6640539], [127.2543425, 36.663583], [127.2551966, 36.6631291], [127.2556556, 36.6624954], [127.2564968, 36.6618492], [127.2565974, 36.6612375], [127.2576532, 36.6600477], [127.2585917, 36.6588512], [127.2594727, 36.6576794], [127.259547, 36.6575806], [127.2607453, 36.6561824], [127.2611455, 36.6558795], [127.2625219, 36.6548378], [127.2633012, 36.6542395], [127.2644241, 36.6532715], [127.2653877, 36.6526059], [127.2661335, 36.6522093], [127.2667704, 36.6517252], [127.2672313, 36.6512479], [127.267402, 36.6511566], [127.2677089, 36.6509924], [127.2680525, 36.650542], [127.268748, 36.6493049], [127.2692592, 36.6488545], [127.2696963, 36.6487247], [127.2698709, 36.6486729], [127.2703821, 36.6486797], [127.2710273, 36.648525], [127.2715804, 36.6482494], [127.2720915, 36.6476308], [127.2722172, 36.6470795], [127.2720832, 36.6462257], [127.2713625, 36.6458962], [127.2706418, 36.6459298], [127.2693681, 36.6460038], [127.2681614, 36.6461114], [127.2669966, 36.646071], [127.2655637, 36.6461114], [127.2647174, 36.6460307], [127.263938, 36.6456206], [127.2628654, 36.6450827], [127.2621699, 36.6444776], [127.2617844, 36.6438321], [127.2613658, 36.643135], [127.2613403, 36.6430925], [127.2611476, 36.6422588], [127.2611895, 36.6414116], [127.2614241, 36.6406585], [127.2619772, 36.6400399], [127.2625051, 36.639623], [127.2630079, 36.6392599], [127.2637704, 36.6391591], [127.2647928, 36.6390918], [127.2655218, 36.6391591], [127.2662257, 36.6394213], [127.2666866, 36.6394616], [127.2672397, 36.6395222], [127.267667, 36.6397104], [127.2680944, 36.6398718], [127.268748, 36.6401878], [127.2694938, 36.640477], [127.2699296, 36.6404501], [127.2702899, 36.6404837], [127.2705161, 36.6406921], [127.2710189, 36.6408938], [127.2715888, 36.6409947], [127.2722927, 36.6409947], [127.2727619, 36.640914], [127.2731306, 36.6409678], [127.2736083, 36.6409275], [127.2740273, 36.6408602], [127.2745803, 36.6405711], [127.2752507, 36.6402416], [127.2758122, 36.6399928], [127.2760719, 36.639576], [127.2762228, 36.6390918], [127.2764239, 36.6389237], [127.2764574, 36.6386211], [127.2765412, 36.6382244], [127.2768513, 36.637673], [127.2770607, 36.6372696], [127.2773959, 36.637041], [127.2779239, 36.6367384], [127.2783512, 36.6361467], [127.2788792, 36.6354003], [127.2792562, 36.6349564], [127.2799434, 36.6346068], [127.2800174, 36.6345828], [127.2806892, 36.6343647], [127.2817115, 36.6342235], [127.2826165, 36.6342302], [127.2838484, 36.6344656], [127.2850969, 36.6346135], [127.2860103, 36.6350035], [127.2866472, 36.6355885], [127.2872928, 36.6360939], [127.2878372, 36.6362825], [127.2883064, 36.6362072], [127.2890522, 36.6363887], [127.2892533, 36.6365636], [127.2898147, 36.636456], [127.2904935, 36.6364896], [127.2909125, 36.6366173], [127.291189, 36.6364963], [127.2918846, 36.6360525], [127.2922114, 36.6357163], [127.2923371, 36.6353061], [127.292203, 36.6347951], [127.2920857, 36.6343109], [127.2918762, 36.6338469], [127.2918259, 36.6334703], [127.2919181, 36.6328382], [127.2918343, 36.6322465], [127.2918427, 36.6317825], [127.2920354, 36.6311974], [127.2921611, 36.63072], [127.2921443, 36.6304712], [127.2921346, 36.6304508], [127.29196, 36.6300811], [127.2915494, 36.6296507], [127.2913861, 36.6291723], [127.2913818, 36.6291598], [127.2914264, 36.6286941], [127.2914572, 36.628373], [127.2914965, 36.6279835], [127.2915326, 36.6276265], [127.2914656, 36.6269406], [127.2913985, 36.6263219], [127.2914896, 36.6257712], [127.2915075, 36.6256628], [127.2919181, 36.6248558], [127.2919906, 36.6247681], [127.2922838, 36.6244137], [127.2926303, 36.6239949], [127.293284, 36.6237797], [127.2936108, 36.6234838], [127.2936345, 36.6234009], [127.2937951, 36.6228382], [127.2943566, 36.6217217], [127.2947085, 36.6209416], [127.2951862, 36.6202892], [127.2956471, 36.6196973], [127.2962001, 36.6192198], [127.2968286, 36.6185943], [127.2974739, 36.6182513], [127.2977348, 36.6179565], [127.2982699, 36.6175316], [127.2987392, 36.6173702], [127.2988649, 36.6169868], [127.2991247, 36.6166774], [127.2999375, 36.6160586], [127.3007336, 36.6157156], [127.3010772, 36.61546], [127.301295, 36.6148345], [127.301471, 36.6144982], [127.301404, 36.6141215], [127.3013196, 36.6135345], [127.3013034, 36.613422], [127.3011693, 36.6127225], [127.301228, 36.6120767], [127.3013788, 36.6116866], [127.301404, 36.6110812], [127.301538, 36.6105969], [127.3016051, 36.6101664], [127.3013034, 36.6097023], [127.3012196, 36.6095139], [127.3012537, 36.609032], [127.3013018, 36.6084709], [127.3014459, 36.6080744], [127.3016889, 36.6077179], [127.3018444, 36.6071826], [127.3023138, 36.6064755], [127.3031453, 36.6055822], [127.3033582, 36.6054229], [127.3039095, 36.6049532], [127.3053508, 36.6038499], [127.3058285, 36.6032378], [127.3061385, 36.6027736], [127.3065072, 36.6020134], [127.3067084, 36.6010178], [127.3066748, 36.600224], [127.3065408, 36.5996319], [127.3062391, 36.5988785], [127.3058369, 36.5979568], [127.3053693, 36.5972351], [127.3051665, 36.5966113], [127.304471, 36.5955752], [127.3042279, 36.5950571], [127.3041274, 36.5943642], [127.3043285, 36.5931464], [127.3045212, 36.5925072], [127.3047559, 36.5919421], [127.3047056, 36.5914442], [127.304538, 36.5909732], [127.3042447, 36.5906503], [127.3035827, 36.5900515], [127.3031302, 36.5899034], [127.3028537, 36.5896478], [127.3025101, 36.5891162], [127.3022084, 36.5884972], [127.3019711, 36.5883414], [127.3017928, 36.5882251], [127.301471, 36.5879118], [127.3008174, 36.5875216], [127.3001973, 36.5872726], [127.3000443, 36.5871894], [127.2999375, 36.5871313], [127.299552, 36.5866401], [127.299552, 36.5858596], [127.2997539, 36.5851472], [127.2998815, 36.5848299], [127.3001258, 36.5841804], [127.3006068, 36.5838697], [127.300751, 36.583254], [127.3008429, 36.5827554], [127.300885, 36.5822198], [127.3007073, 36.5818757], [127.3010626, 36.5812881], [127.3011463, 36.5808349], [127.3011358, 36.5805831], [127.3010313, 36.5803481], [127.3011035, 36.5801914], [127.301168, 36.5800504], [127.3013802, 36.5798559], [127.3014807, 36.5796767], [127.3017943, 36.5792486], [127.3018152, 36.578275]]}}, {"type": "Feature", "properties": {"name": "OSM feature", "waterway": "river", "osm_id": 87146529, "origin": "OBSERVED"}, "geometry": {"type": "LineString", "coordinates": [[127.3465915, 36.632968], [127.3468528, 36.6324333], [127.3469965, 36.6317832], [127.3474669, 36.6312695], [127.3476498, 36.6307977], [127.3478719, 36.6301476], [127.3483683, 36.6294557], [127.3491, 36.6287007], [127.3501713, 36.6278829], [127.3512426, 36.627107]]}}, {"type": "Feature", "properties": {"name": "OSM feature", "waterway": "stream", "osm_id": 91821165, "origin": "OBSERVED"}, "geometry": {"type": "LineString", "coordinates": [[127.3711979, 36.5905164], [127.370803, 36.5903648], [127.3688202, 36.5887176], [127.3686228, 36.5884901], [127.3683653, 36.5884005], [127.3680305, 36.5881111], [127.3678331, 36.5878767], [127.3675241, 36.5877251], [127.3671893, 36.5873391], [127.3668116, 36.5870703], [127.3662966, 36.5866155], [127.3658073, 36.5862846], [127.3655842, 36.5861743], [127.3651121, 36.5860847], [127.3646829, 36.5861123], [127.3642451, 36.5863191], [127.3633352, 36.5870635], [127.3628803, 36.5873805], [127.3625885, 36.5874287], [127.3622279, 36.5873736], [127.3618331, 36.5872358], [127.3617043, 36.5871186], [127.3616185, 36.5868153], [127.3615155, 36.5865327], [127.3611893, 36.5862708], [127.3609242, 36.586162], [127.3604029, 36.5861114], [127.3601788, 36.5860478], [127.3598052, 36.5860937], [127.3589658, 36.5860408], [127.3580209, 36.5859702], [127.3576518, 36.5858537], [127.3571332, 36.5857973], [127.3568431, 36.5858008], [127.3567289, 36.5858643], [127.3564827, 36.5857691], [127.355907, 36.585702], [127.3555159, 36.5856879], [127.3550193, 36.585582], [127.3548644, 36.5854631], [127.3547204, 36.5853526], [127.354404, 36.5853174], [127.354004, 36.585395], [127.3536613, 36.5855256], [127.3534503, 36.5856526], [127.3530518, 36.5857866], [127.3528268, 36.5858854], [127.3525138, 36.585908], [127.3521376, 36.5859363], [127.3516138, 36.5859588], [127.351227, 36.5858798], [127.3509739, 36.5858459], [127.350668, 36.5858233], [127.3501125, 36.5855805], [127.3494374, 36.5852813], [127.3490437, 36.5851091], [127.3486886, 36.5849284], [127.3483616, 36.5848861], [127.3480979, 36.5849679], [127.347792, 36.585126], [127.3475283, 36.5851881], [127.3471908, 36.5851345], [127.3468673, 36.5850554], [127.3466177, 36.5849933], [127.3462907, 36.5850018], [127.346136, 36.585143], [127.3456227, 36.5855693], [127.3454118, 36.5857725], [127.3452114, 36.5862186], [127.3450356, 36.5864642], [127.3446805, 36.5865658], [127.3442797, 36.5865573], [127.3434464, 36.5865517], [127.342803, 36.5864077], [127.3422369, 36.5862863], [127.3418748, 36.5861621], [127.3416252, 36.586052], [127.3413158, 36.5859391], [127.3411048, 36.5858007], [127.3408306, 36.5854987], [127.3405212, 36.5853011], [127.340268, 36.5850526], [127.3400219, 36.5848437], [127.3397688, 36.5847844], [127.3395227, 36.5848211], [127.3390621, 36.584999], [127.3386332, 36.5850272], [127.3382921, 36.584951], [127.3378913, 36.5846997], [127.3376136, 36.5843017], [127.3373569, 36.584056], [127.3369561, 36.5837963], [127.336833, 36.5837173], [127.3365764, 36.583689], [127.3358521, 36.5837257], [127.3356376, 36.5837455], [127.3352193, 36.5836777], [127.3342594, 36.5834519], [127.3339817, 36.5833841], [127.3334015, 36.5834152], [127.3332679, 36.5834632], [127.3331062, 36.5834603], [127.3329585, 36.5834829], [127.332737, 36.5834152], [127.3325648, 36.5833164], [127.3322694, 36.5832401], [127.3317878, 36.5830227], [127.3310846, 36.582763], [127.3306205, 36.5825597], [127.3302232, 36.5824157], [127.3297907, 36.5821701], [127.3295306, 36.5820459], [127.3293302, 36.581916], [127.328743, 36.5817099], [127.3284477, 36.5815349], [127.3282578, 36.5813965], [127.3279379, 36.581086], [127.3275971, 36.5807368], [127.3270752, 36.5804016], [127.3268005, 36.5801633], [127.3265423, 36.5800178], [127.3261193, 36.5799648], [127.3258391, 36.579934], [127.325412, 36.5801161], [127.3249771, 36.5802592], [127.3243945, 36.5805521], [127.3238718, 36.5807338], [127.3235122, 36.580763], [127.3227932, 36.5807058], [127.3224946, 36.5808505], [127.3218853, 36.5810544], [127.3213736, 36.5813586], [127.3209048, 36.5814653], [127.320565, 36.5816472], [127.3204084, 36.5817679], [127.320276, 36.5818699], [127.3198762, 36.5823792]]}}, {"type": "Feature", "properties": {"name": "OSM feature", "waterway": "stream", "osm_id": 180087431, "origin": "OBSERVED"}, "geometry": {"type": "LineString", "coordinates": [[127.3927162, 36.5862506], [127.3925434, 36.5862168], [127.3923706, 36.5861118], [127.3922539, 36.5859693], [127.3921184, 36.5858043], [127.3919783, 36.5856768], [127.3916514, 36.5856656], [127.3911191, 36.5856431], [127.3908389, 36.5855606], [127.3902878, 36.5853618], [127.3900917, 36.5852681], [127.389698, 36.5852934], [127.3894391, 36.585378], [127.3891537, 36.5854872], [127.388886, 36.5855436], [127.3885216, 36.5855612], [127.3881704, 36.5855542], [127.3878149, 36.5854802], [127.3875559, 36.5854344], [127.3873759, 36.5853039], [127.3871564, 36.5851277], [127.3868272, 36.5849338], [127.386397, 36.5847717], [127.3859097, 36.584606], [127.3854839, 36.5844897], [127.3851284, 36.5843875], [127.3847772, 36.5842782], [127.3847684, 36.5840984], [127.3847991, 36.5839716], [127.3848738, 36.5838094], [127.3848255, 36.5836437], [127.3847465, 36.5834675], [127.3846104, 36.5831538], [127.3845138, 36.5828788], [127.3844743, 36.5826462], [127.3845006, 36.5824206], [127.3845884, 36.5821351], [127.3846982, 36.5819024], [127.3849659, 36.5818037], [127.3852469, 36.5818002], [127.3856771, 36.5817297], [127.3858922, 36.581705], [127.3860722, 36.5816063], [127.386397, 36.5815112], [127.3865857, 36.581416], [127.386656, 36.5812997], [127.3867087, 36.5809648], [127.3867394, 36.5803232], [127.3868316, 36.5796993], [127.3868096, 36.5794173], [127.386735, 36.5791388], [127.3866428, 36.5789837], [127.3866033, 36.5788744], [127.3866296, 36.5787475], [127.3867438, 36.5785748], [127.3869325, 36.5782928], [127.3870203, 36.578113], [127.3869984, 36.5778239], [127.3868799, 36.5776759], [127.3866955, 36.5773445], [127.3864848, 36.5771013], [127.386318, 36.5769991], [127.3858439, 36.5769814], [127.3856112, 36.5769427], [127.3853874, 36.576844], [127.3850713, 36.5766395], [127.384764, 36.5763257], [127.3844216, 36.575878], [127.3841495, 36.5754797], [127.3840134, 36.5751377], [127.3838729, 36.5749615], [127.3835788, 36.5747993], [127.3834383, 36.5747112], [127.3832979, 36.5745067], [127.3832057, 36.5743093], [127.3830169, 36.574052], [127.382657, 36.5736148], [127.3824638, 36.5733962], [127.3823629, 36.5731953], [127.3823497, 36.5729556], [127.382376, 36.572663], [127.3824067, 36.5724655], [127.382196, 36.5721694], [127.3819634, 36.5720636], [127.381858, 36.5719544], [127.3815069, 36.5717675], [127.3810854, 36.5715066], [127.3806772, 36.5714114], [127.3804709, 36.5713586], [127.3803392, 36.5712387], [127.3801241, 36.5710272], [127.38001, 36.5708051], [127.3797641, 36.5704772], [127.3797159, 36.5703573], [127.3796983, 36.5701141], [127.379672, 36.5698426], [127.379571, 36.5696558], [127.3793954, 36.5694619], [127.3791628, 36.5692609], [127.378895, 36.5690353], [127.3787062, 36.568859], [127.3784648, 36.5686827], [127.3781663, 36.5685558], [127.3779249, 36.5685135], [127.377679, 36.5684394], [127.3774991, 36.5683302], [127.3773761, 36.5682279], [127.3773323, 36.5681221], [127.3773323, 36.5677766], [127.3773191, 36.5676462], [127.3772093, 36.5673888], [127.3772181, 36.5671526]]}}, {"type": "Feature", "properties": {"name": "미호천", "waterway": "river", "osm_id": 183944812, "origin": "OBSERVED"}, "geometry": {"type": "LineString", "coordinates": [[127.331457, 36.5934991], [127.3304954, 36.5926347], [127.3294816, 36.5913256], [127.3287291, 36.5902598], [127.3284364, 36.5893954], [127.3282901, 36.5884303], [127.3269313, 36.5867435], [127.325468, 36.5853419], [127.3235344, 36.5839907], [127.3217367, 36.5830842], [127.3198762, 36.5823792], [127.3184966, 36.5822533], [127.3174932, 36.5823289], [127.3155805, 36.5826814], [127.3134796, 36.5826646], [127.310553, 36.5828325], [127.3089643, 36.5830758], [127.3070203, 36.5832353], [127.3057451, 36.5830675], [127.304355, 36.5824883], [127.3030067, 36.581691], [127.30239, 36.5808013], [127.3021601, 36.5798697], [127.3018152, 36.578275], [127.3018361, 36.5768481], [127.3022124, 36.5760339], [127.3023796, 36.5752281], [127.3028708, 36.5739439], [127.3034875, 36.5733227], [127.3036547, 36.5728023], [127.3032889, 36.5722902], [127.3034143, 36.571753], [127.3038429, 36.5710731], [127.303822, 36.5703596], [127.3038324, 36.5696461], [127.3040833, 36.5688234], [127.3046895, 36.5678664], [127.3048463, 36.5670858], [127.3046163, 36.5659525], [127.304353, 36.5654178], [127.3044623, 36.564369], [127.3041134, 36.5635723], [127.3032171, 36.5624878], [127.3025448, 36.5620741], [127.3024002, 36.5614567], [127.3021217, 36.5602623], [127.301679, 36.5596354], [127.3013196, 36.5586593], [127.3004156, 36.5573825], [127.3001717, 36.5563515], [127.2995553, 36.5551618], [127.2988212, 36.5540579], [127.2987897, 36.5522542], [127.298853, 36.5511573], [127.2983552, 36.5500347], [127.2981934, 36.5490122], [127.2978644, 36.5480263], [127.2972909, 36.5472399], [127.2967709, 36.5464727], [127.296442, 36.5454601], [127.296381, 36.5448125], [127.2962611, 36.5442686]]}}, {"type": "Feature", "properties": {"name": "미호천", "waterway": "river", "osm_id": 201717615, "origin": "OBSERVED"}, "geometry": {"type": "LineString", "coordinates": [[127.5015908, 36.9820639], [127.5007821, 36.9809448], [127.5000368, 36.9800021], [127.4988412, 36.979295], [127.4968692, 36.9783647], [127.4955338, 36.9773848], [127.494214, 36.9756977], [127.4931271, 36.97442], [127.4911562, 36.971847], [127.4898567, 36.9699068], [127.4888475, 36.9686789], [127.4870247, 36.9664163], [127.4853177, 36.9642266], [127.4843156, 36.9629399], [127.4846717, 36.9616152], [127.4843486, 36.9609155], [127.483626, 36.9597565], [127.483115, 36.9593797], [127.4824593, 36.9584437], [127.4822261, 36.9582423], [127.4821052, 36.9581379], [127.4817791, 36.9572197], [127.4815617, 36.9560161], [127.4812667, 36.9553089], [127.4798474, 36.954428], [127.4790892, 36.9540809], [127.4780638, 36.953733], [127.4776892, 36.9537152], [127.4775245, 36.9534876], [127.4773395, 36.9532321], [127.4769076, 36.9526353], [127.4760278, 36.9519237], [127.4750515, 36.9504061], [127.4740736, 36.9492482], [127.4730023, 36.9474828], [127.4723677, 36.9463586], [127.4717132, 36.9452697], [127.4713229, 36.9444191], [127.4704623, 36.9430532], [127.4700192, 36.9421783], [127.4698464, 36.9417626], [127.4695154, 36.9413347], [127.4692349, 36.9406907], [127.4690005, 36.9401256], [127.4686341, 36.939756], [127.4681447, 36.9391293], [127.4668572, 36.9385189], [127.4645746, 36.9377742], [127.4630995, 36.9373522], [127.4618728, 36.9364959], [127.4611431, 36.935565], [127.4599474, 36.9348203], [127.4597354, 36.93466], [127.4593729, 36.9343859], [127.4587294, 36.9338823], [127.4573024, 36.9329483], [127.4550664, 36.9322387], [127.4527855, 36.931601], [127.4519427, 36.9317178], [127.4508191, 36.9322387], [127.4485606, 36.933074], [127.4473808, 36.9330022], [127.4468915, 36.9327571], [127.4463793, 36.9313685], [127.4462711, 36.9303646], [127.4462241, 36.9299287], [127.4466899, 36.926838], [127.4480097, 36.9245665], [127.4483979, 36.9235486], [127.4473731, 36.9217114], [127.4450129, 36.9192038], [127.4441744, 36.917441], [127.4442085, 36.9164755], [127.4442521, 36.9152436], [127.445044, 36.9134187], [127.4458048, 36.9103149], [127.4466122, 36.9090361], [127.4480874, 36.908229], [127.4502767, 36.907571], [127.4519382, 36.9063046], [127.4545157, 36.9041566], [127.4583045, 36.9001956], [127.4599417, 36.8977482], [127.4629887, 36.895157], [127.4651345, 36.8935268], [127.466379, 36.8913645], [127.4682197, 36.8886115], [127.4711532, 36.8863065], [127.4711258, 36.8841841], [127.4716252, 36.8820956], [127.4740394, 36.8796939], [127.4758419, 36.877617], [127.4774083, 36.8756088], [127.4781807, 36.8734288], [127.4798974, 36.8716093], [127.4826869, 36.8697382], [127.4843391, 36.8686395], [127.489383, 36.8679876], [127.4912845, 36.8677123], [127.4928666, 36.8668425], [127.4941882, 36.866116], [127.4964627, 36.8650517], [127.4973973, 36.8646571], [127.4992754, 36.8635963], [127.4998032, 36.8632959], [127.5022109, 36.8629202], [127.5033491, 36.8623318], [127.5034779, 36.8613517], [127.5034347, 36.8598311], [127.503494, 36.8591584], [127.5039822, 36.8584803], [127.5050694, 36.8577151], [127.5059758, 36.8567537], [127.5062138, 36.8560852], [127.505908, 36.8550593], [127.5051547, 36.8534298], [127.5044023, 36.852154], [127.5035323, 36.8503714], [127.5033046, 36.8494995], [127.5032559, 36.8479119], [127.5035648, 36.8466626], [127.5038088, 36.8453873], [127.5035811, 36.844125], [127.502768, 36.8426153], [127.5018981, 36.8416838], [127.4999965, 36.8398972], [127.4982681, 36.8386054], [127.4979151, 36.8368404], [127.4964989, 36.8332167], [127.4944604, 36.8293867], [127.4936879, 36.8276176], [127.4921252, 36.8240045], [127.49212, 36.8227961], [127.4927766, 36.8212785], [127.4928416, 36.8198838], [127.4925267, 36.8193031], [127.4926655, 36.8183655], [127.4924118, 36.8166719], [127.4921672, 36.8148763], [127.4915497, 36.8144467], [127.490829, 36.8140701], [127.4901538, 36.8134689], [127.4894482, 36.8128979], [127.4893496, 36.812327], [127.489342, 36.8115921], [127.4895393, 36.8108572], [127.4897669, 36.8104016], [127.4904497, 36.8098185], [127.4913297, 36.8091686], [127.4920128, 36.8084979], [127.4920638, 36.808175], [127.4928079, 36.8067721], [127.4932954, 36.8064129], [127.4938941, 36.8060594], [127.4942563, 36.8056721], [127.4945059, 36.8052233], [127.4947489, 36.8042827], [127.494805, 36.8031759], [127.493748, 36.80227], [127.4925178, 36.8020971], [127.4909169, 36.8022256], [127.4892944, 36.8022485], [127.487856, 36.8018447], [127.4871649, 36.8013062], [127.4875011, 36.7995412], [127.4877813, 36.7988681], [127.4884725, 36.7971629], [127.4888648, 36.796056], [127.4889582, 36.7949491], [127.489201, 36.793887], [127.4888648, 36.792421], [127.4888461, 36.7922864], [127.4869594, 36.7907605], [127.4851474, 36.7907007], [127.4832794, 36.7915534], [127.4809818, 36.7930044], [127.4794874, 36.7934831], [127.4776941, 36.7928249], [127.4765733, 36.7917479], [127.4765173, 36.7909849], [127.4785721, 36.7899228], [127.4815235, 36.7875143], [127.4843068, 36.7850907], [127.4878374, 36.7833852], [127.4901724, 36.7825324], [127.4934113, 36.7808883], [127.4991117, 36.7798957], [127.5030899, 36.7801773], [127.5055851, 36.7794364], [127.5071114, 36.7784201], [127.5089109, 36.7764407], [127.510244, 36.7754843], [127.5105018, 36.7747221], [127.5101677, 36.7732978], [127.5095356, 36.7711176], [127.5084912, 36.7694414], [127.5073414, 36.7687488], [127.506913, 36.7681803], [127.5067357, 36.767423], [127.5063344, 36.7667063], [127.5055801, 36.7663497], [127.5037316, 36.765515], [127.5028888, 36.7644987], [127.5024861, 36.7627624], [127.5024335, 36.7616978], [127.5024689, 36.7603211], [127.5015818, 36.7593394], [127.4999577, 36.7584284], [127.4983517, 36.75719], [127.496465, 36.7559795], [127.4955872, 36.7550533], [127.4931954, 36.7532977], [127.4927196, 36.7521977], [127.4926086, 36.7514455], [127.4924937, 36.7509168], [127.4924387, 36.7506218], [127.4919406, 36.7496554], [127.4908521, 36.7487118], [127.4892971, 36.747553], [127.4890826, 36.7468051], [127.4877653, 36.7462321], [127.4872067, 36.7457114], [127.486969, 36.7454898], [127.4866416, 36.7445421], [127.486607, 36.7441624], [127.4865538, 36.7439018], [127.486661, 36.7433017], [127.4868785, 36.742281], [127.4866198, 36.7418068], [127.4861467, 36.7412813], [127.4844765, 36.74056], [127.4840238, 36.7402522], [127.483547, 36.7400394], [127.4830459, 36.739764], [127.4828286, 36.7393512], [127.4830336, 36.7390149], [127.4832827, 36.7386611], [127.4832618, 36.7382435], [127.483392, 36.7377362], [127.4830419, 36.7358594], [127.4822929, 36.7346803], [127.4810862, 36.7336613], [127.4809522, 36.7330788], [127.4810267, 36.7321316], [127.4808989, 36.7315983], [127.4805909, 36.7308293], [127.4803778, 36.7306032], [127.480244, 36.7303907], [127.4802073, 36.729771], [127.4797278, 36.7291303], [127.4790786, 36.7289161], [127.4787046, 36.7287073], [127.4783012, 36.7281913], [127.4780431, 36.7276737], [127.477994, 36.7267231], [127.4787294, 36.7252067], [127.4786804, 36.7242658], [127.4788902, 36.7229399], [127.4783594, 36.7217574], [127.4777242, 36.7210032], [127.4775443, 36.7207896], [127.4769318, 36.7202181], [127.4765468, 36.7187297], [127.4762596, 36.7179595], [127.4762668, 36.7157598], [127.4760938, 36.7151849], [127.4759879, 36.7148329], [127.4758495, 36.7143731], [127.4752223, 36.7134397], [127.4745093, 36.7129239], [127.4737735, 36.7125435], [127.4727813, 36.7123236], [127.4709097, 36.7122588], [127.4696481, 36.711684], [127.4681014, 36.7108691], [127.4665417, 36.7098465], [127.4657489, 36.7089637], [127.4651706, 36.7076964], [127.4647875, 36.7047894], [127.4647287, 36.7028417], [127.464738, 36.7017291], [127.4635032, 36.6997905], [127.4622771, 36.6984605], [127.4615167, 36.6964311], [127.460023, 36.6950935], [127.457915, 36.6943582], [127.455502, 36.6936897], [127.4533978, 36.6920732], [127.4504686, 36.6895211], [127.4485462, 36.6874835], [127.446668, 36.6853926], [127.4444805, 36.6840282], [127.4424302, 36.6833615], [127.4412102, 36.6831599], [127.4390227, 36.6830536], [127.4355536, 36.6826814], [127.4344708, 36.6821868], [127.4337575, 36.6821989], [127.4331096, 36.6824102], [127.4321937, 36.6834442], [127.4313899, 36.6837097], [127.4299486, 36.6834758], [127.4279107, 36.683072], [127.4261842, 36.6824967], [127.4259991, 36.6823304], [127.4257775, 36.6822948], [127.4244587, 36.6821761], [127.4238545, 36.6817386], [127.422561, 36.6810689], [127.4209225, 36.6806414], [127.4192093, 36.6806659], [127.4181792, 36.6808609], [127.4171508, 36.6810555], [127.4162788, 36.6812137], [127.4157175, 36.6816973], [127.4151645, 36.6816816], [127.4144597, 36.6816616], [127.4122771, 36.681279], [127.4103572, 36.6807925], [127.4088613, 36.6802006], [127.4068267, 36.6798606], [127.4052649, 36.6798026], [127.4040238, 36.6795928], [127.4023681, 36.6793253], [127.4024391, 36.6785706], [127.4018239, 36.6776829], [127.4008944, 36.6774209], [127.3997609, 36.677309], [127.398342, 36.6770376], [127.3981846, 36.6769269], [127.3977819, 36.6766439], [127.3972127, 36.6753422], [127.3965414, 36.6749784], [127.3962925, 36.6745046], [127.3954599, 36.6739261], [127.394878, 36.6733811], [127.3942557, 36.6727397], [127.3939761, 36.6720623], [127.3937431, 36.6714979], [127.3934822, 36.6704685], [127.3926206, 36.6688407], [127.3913169, 36.6672278], [127.3903813, 36.6665218], [127.3891216, 36.6658844], [127.3881129, 36.6647287], [127.387207, 36.6631513], [127.3871489, 36.6630633], [127.385997, 36.6613182], [127.3861285, 36.660178], [127.3855867, 36.6590884], [127.3848006, 36.6590889], [127.3843997, 36.6590259], [127.3840983, 36.6589614], [127.3835368, 36.6588328], [127.3832418, 36.6587385], [127.3826604, 36.6582057], [127.3822911, 36.6575035], [127.3804327, 36.6546972], [127.3782281, 36.6532355], [127.3774599, 36.6522704], [127.3751645, 36.6501934], [127.3718059, 36.6488106], [127.3704174, 36.6483343], [127.3699972, 36.6480449], [127.3693751, 36.6473286], [127.3685001, 36.6460499], [127.3671331, 36.6445678], [127.3654065, 36.6431415], [127.363344, 36.6424144], [127.3613754, 36.6411105], [127.3600942, 36.6391798], [127.3589363, 36.6377859], [127.3582528, 36.6371272], [127.3579628, 36.6351807], [127.3573963, 36.6333559], [127.3566515, 36.6326744], [127.3558415, 36.6320349], [127.354535, 36.6315736], [127.3533853, 36.6310703], [127.3525622, 36.6303049], [127.3522356, 36.6299065], [127.3518828, 36.6287322], [127.3512426, 36.627107], [127.3517481, 36.6260944], [127.3517483, 36.625326], [127.3517484, 36.6248654], [127.3512144, 36.6237161], [127.3505763, 36.6221684], [127.3506286, 36.620931], [127.3505502, 36.6198405], [127.3503804, 36.6188653], [127.3500537, 36.6180578], [127.3496748, 36.6176803], [127.349309, 36.6170407], [127.3491522, 36.6162017], [127.3491392, 36.6152894], [127.3492437, 36.6142931], [127.3491914, 36.6135696], [127.3489693, 36.613192], [127.3487864, 36.6125628], [127.3485251, 36.6116294], [127.3477412, 36.6105597], [127.3468528, 36.6098151], [127.3458599, 36.6087035], [127.3450629, 36.6079798], [127.3445664, 36.607382], [127.3442696, 36.6067285], [127.3440961, 36.6059452], [127.3435212, 36.6051795], [127.3434298, 36.6044244], [127.3433645, 36.6037951], [127.3435343, 36.603407], [127.3439132, 36.6030085], [127.3442137, 36.6022428], [127.3445795, 36.6009108], [127.3447624, 36.599994], [127.344637, 36.5990039], [127.3440621, 36.5981312], [127.3433096, 36.5973173], [127.3423689, 36.5967047], [127.3413551, 36.5963774], [127.3401635, 36.5961928], [127.3385748, 36.5961089], [127.3369443, 36.5962432], [127.3349898, 36.5960837], [127.3341536, 36.5958068], [127.3330039, 36.5949593], [127.331457, 36.5934991]]}}, {"type": "Feature", "properties": {"name": "OSM feature", "waterway": "river", "osm_id": 217520886, "origin": "OBSERVED"}, "geometry": {"type": "LineString", "coordinates": [[127.4423794, 36.6079745], [127.4424315, 36.6081262], [127.4424478, 36.6083015], [127.4424445, 36.6085839], [127.4423989, 36.6088952], [127.442438, 36.6090652], [127.4425846, 36.6093529], [127.4427019, 36.6095125], [127.442715, 36.609672], [127.4429398, 36.6100984], [127.4431646, 36.610475], [127.4433927, 36.6107993], [127.4436404, 36.6112021], [127.4438261, 36.6114192], [127.443875, 36.6116154], [127.443976, 36.6118194], [127.4441487, 36.6119711], [127.4442204, 36.612094], [127.4444159, 36.6123791], [127.4445397, 36.612625], [127.4446505, 36.6128656], [127.4447189, 36.6129284], [127.4449111, 36.6131219], [127.4449665, 36.6132396], [127.4449274, 36.6133861], [127.4449665, 36.6135116], [127.4449405, 36.613679], [127.4448786, 36.6138045], [127.4448492, 36.6140242], [127.4449046, 36.6141576], [127.4448753, 36.6142256], [127.4448557, 36.6143956], [127.444872, 36.6145107], [127.4448232, 36.6146127], [127.4447645, 36.6146938], [127.4447841, 36.6147879], [127.444771, 36.614937], [127.4447254, 36.6152169], [127.4448036, 36.6152299], [127.4448264, 36.6152953], [127.4448069, 36.6153502], [127.4446831, 36.6155699], [127.4446993, 36.6155961], [127.444745, 36.6156144], [127.444771, 36.6156929], [127.4447222, 36.6158472], [127.4447026, 36.6159858], [127.4446668, 36.6164356], [127.4446537, 36.6165873], [127.4446928, 36.6167024], [127.4446831, 36.6168828], [127.4447059, 36.6170031], [127.4447384, 36.6172045], [127.4447482, 36.6174582], [127.4447645, 36.6177851], [127.4447938, 36.6183082], [127.4447808, 36.6186534], [127.4447841, 36.6190692], [127.4447515, 36.6195975], [127.4446831, 36.6200578], [127.4445886, 36.6204736], [127.4445332, 36.6206959], [127.4444875, 36.620879], [127.4444061, 36.6209966], [127.4442106, 36.6212817], [127.4440118, 36.6215171], [127.4438717, 36.6217054], [127.4437805, 36.6219512], [127.4434449, 36.6224324], [127.4432331, 36.622809], [127.4430734, 36.6230469], [127.4429365, 36.6233006], [127.4425944, 36.6238393], [127.4423337, 36.624378], [127.4421219, 36.6247101], [127.4419887, 36.6250091], [127.441933, 36.6250919], [127.4416886, 36.6253796], [127.4415615, 36.6256176], [127.4414833, 36.6258111], [127.4412748, 36.6261667], [127.4410858, 36.626389], [127.441076, 36.6265407], [127.4409913, 36.6266609], [127.4408772, 36.6267394], [127.4408316, 36.6268649], [127.4408088, 36.6270349], [127.440698, 36.6271735], [127.4406035, 36.6272702], [127.4405221, 36.6273801], [127.4404993, 36.6275762], [127.4406035, 36.6277462], [127.4406133, 36.6279711], [127.4405188, 36.6282325], [127.4404699, 36.6283293], [127.4405318, 36.6284548], [127.4405872, 36.6286169], [127.4405449, 36.6286849], [127.4399877, 36.6289307], [127.4396684, 36.6291556], [127.4392611, 36.629391], [127.4390428, 36.6295949], [127.4389385, 36.629812], [127.4387462, 36.6301493], [127.4384074, 36.6307533], [127.4382705, 36.6309364], [127.4382738, 36.6310409], [127.4382021, 36.6311848], [127.4381239, 36.6314175], [127.4381206, 36.6316084], [127.4381662, 36.6318254], [127.4381891, 36.6319875], [127.438251, 36.6320712], [127.4384562, 36.6322438], [127.4386843, 36.6324869], [127.4387625, 36.6325706], [127.4389222, 36.6329472], [127.4391275, 36.6332662], [127.4392122, 36.633491], [127.4392057, 36.633776], [127.4391047, 36.6340061], [127.4389352, 36.6342022], [127.438743, 36.6343487], [127.4384823, 36.6344585], [127.4382151, 36.6345997], [127.4377915, 36.63472], [127.4374918, 36.6347696], [127.4371333, 36.6348612], [127.436801, 36.6349684], [127.4365566, 36.6351148], [127.4363513, 36.6353684], [127.4360972, 36.6356743], [127.4360418, 36.635826], [127.4355921, 36.6363071], [127.435465, 36.6364901], [127.4352044, 36.6366601], [127.4348264, 36.6368666], [127.434393, 36.6370104], [127.4337837, 36.6371647], [127.4330245, 36.6373346], [127.4324477, 36.637468], [127.4315908, 36.6376745], [127.4311542, 36.637821], [127.4307762, 36.6378968], [127.4304471, 36.6379438], [127.4301082, 36.6379726], [127.4296846, 36.6380014], [127.4288602, 36.6380327], [127.4281271, 36.6380746], [127.4274005, 36.6381478], [127.4267032, 36.6382811], [127.4262112, 36.638357], [127.4257843, 36.6383753], [127.4254845, 36.6384145], [127.4252955, 36.6384981], [127.4249339, 36.6387308], [127.4247709, 36.6389609], [127.4245754, 36.6392433], [127.4244516, 36.6395074], [127.4244418, 36.63991], [127.4245233, 36.6404983], [127.4245852, 36.6409088], [127.4244809, 36.6410787], [127.424393, 36.6411728], [127.42423, 36.6412225], [127.4239726, 36.6415049], [127.4235849, 36.6419127], [127.4233535, 36.6422343], [127.4232069, 36.6426265], [127.4232102, 36.6428461], [127.4233698, 36.6433298], [127.423448, 36.6436775], [127.4234708, 36.6439389], [127.4233959, 36.6442579], [127.4235588, 36.6450265], [127.4234806, 36.6456304], [127.4233992, 36.6458344], [127.4230929, 36.6465219], [127.4225683, 36.6474212], [127.4221935, 36.6478186], [127.4216005, 36.6483807], [127.420724, 36.6492094], [127.4201016, 36.6497558], [127.4198279, 36.6499937], [127.4194337, 36.6501009], [127.4191502, 36.6501662], [127.418896, 36.6502159], [127.4182639, 36.6503806], [127.4180391, 36.6505008], [127.4179218, 36.6506681], [127.4175921, 36.6510583], [127.417088, 36.6515346], [127.4167628, 36.6517123], [127.4162492, 36.6517766], [127.4154671, 36.6517614], [127.4146943, 36.6516405], [127.4138462, 36.6516027], [127.4131912, 36.6514817], [127.4128708, 36.6514817], [127.4124515, 36.6515762], [127.4119709, 36.6518257], [127.4115091, 36.6523323], [127.4109814, 36.6531374], [127.4105714, 36.6538481], [127.4100861, 36.6544907], [127.4098081, 36.6550237], [127.409516, 36.6554017], [127.4091155, 36.6555945], [127.4086207, 36.6556928], [127.4080977, 36.655844], [127.4080167, 36.6558861], [127.4077632, 36.6560179], [127.4071035, 36.6569251], [127.4065098, 36.6577642], [127.4062177, 36.6582178], [127.4061753, 36.6585013], [127.406147, 36.6591741], [127.4060763, 36.6596466], [127.4057606, 36.6602778], [127.4055533, 36.6607163], [127.4048889, 36.6611132], [127.4040596, 36.6613362], [127.401209, 36.6618578], [127.3983253, 36.6624512], [127.3975007, 36.6625457], [127.3964358, 36.6625684], [127.3954746, 36.6624399], [127.3947584, 36.6621866], [127.3940187, 36.6618578], [127.3931093, 36.6614647], [127.3926711, 36.6612568], [127.3913753, 36.6607163], [127.3908635, 36.6605169], [127.3903858, 36.6603307], [127.389156, 36.6597978], [127.3877472, 36.6593329], [127.386932, 36.6591363], [127.3861027, 36.659125], [127.3855867, 36.6590884]]}}, {"type": "Feature", "properties": {"name": "OSM feature", "waterway": "river", "osm_id": 217824398, "origin": "OBSERVED"}, "geometry": {"type": "LineString", "coordinates": [[127.4033114, 36.6100138], [127.4031699, 36.6100726], [127.4031118, 36.6101801], [127.4030082, 36.6102795], [127.4028693, 36.6103403], [127.4027758, 36.6103951], [127.4026949, 36.6105228], [127.4025257, 36.6106587], [127.4021492, 36.610973], [127.401985, 36.6111069], [127.4018385, 36.6112022], [127.4016742, 36.6112488], [127.4014873, 36.6112549], [127.4014165, 36.6113117], [127.4013382, 36.6113259], [127.4012902, 36.6113685], [127.4009693, 36.6114476], [127.4003782, 36.6116463], [127.3997238, 36.6118471], [127.3994888, 36.6119323], [127.3993322, 36.6119384], [127.3992286, 36.6120073], [127.3989987, 36.612054], [127.398885, 36.6120803], [127.3987006, 36.6121716], [127.3985035, 36.6122547], [127.398309, 36.6122689], [127.3979376, 36.6119769], [127.3978188, 36.6117518], [127.3976723, 36.6115368], [127.3975611, 36.6113908], [127.3973514, 36.6112854], [127.3970508, 36.6112042], [127.3968866, 36.6111616], [127.3966769, 36.6111515], [127.3964975, 36.6110805], [127.3961589, 36.6109994], [127.3958608, 36.6109588], [127.3957143, 36.6109609], [127.3955955, 36.6109811], [127.3955374, 36.6110623], [127.3955172, 36.6111698], [127.3954035, 36.6113198], [127.3953252, 36.6113259], [127.3952595, 36.6113807], [127.3949841, 36.6115084], [127.3948351, 36.6115936], [127.3946683, 36.6116626], [127.3944056, 36.6117944], [127.3941175, 36.6119972], [127.3939836, 36.6120986], [127.3938699, 36.612127], [127.3936729, 36.6121067], [127.3935516, 36.6120458], [127.3933545, 36.6120195], [127.3931549, 36.612058], [127.3929806, 36.6121006], [127.3927886, 36.6121979], [127.3926016, 36.6123764], [127.3924753, 36.6124149], [127.3923414, 36.6124981], [127.3921418, 36.6126117], [127.3919246, 36.6127516], [127.3917831, 36.6128124], [127.3916037, 36.6128428], [127.3914799, 36.6129098], [127.3913384, 36.6129645], [127.3911919, 36.6129828], [127.3909771, 36.6129422], [127.3908887, 36.6128793], [127.3907674, 36.6127151], [127.3905956, 36.6125893], [127.3905426, 36.6125103], [127.3904516, 36.6123926], [127.3902748, 36.6123237], [127.3902015, 36.6122486], [127.3899766, 36.6121452], [127.3897366, 36.6120458], [127.3894259, 36.611983], [127.3892061, 36.6119647], [127.3890772, 36.6120073], [127.388966, 36.6120742], [127.3888145, 36.6122243], [127.3887715, 36.6123622], [127.3886831, 36.6124575], [127.3886477, 36.6125488], [127.388673, 36.6126867], [127.3887614, 36.6127475], [127.388769, 36.6129037], [127.3888397, 36.6130842], [127.3888448, 36.6131693], [127.3890747, 36.6133458], [127.3891555, 36.6133214], [127.3893071, 36.6133944], [127.3894233, 36.6134979], [127.3895168, 36.6135405], [127.3895876, 36.613579], [127.3896937, 36.6137858], [127.3897644, 36.6139156], [127.3897493, 36.6140049], [127.3897013, 36.6141468], [127.3896078, 36.6142218], [127.3895598, 36.6143476], [127.3895446, 36.6144774], [127.3894966, 36.6146072], [127.3894713, 36.6147633], [127.3894259, 36.6148809], [127.3894334, 36.6149681], [127.3894132, 36.6150533], [127.3893576, 36.6151729], [127.3893602, 36.6152682], [127.3894082, 36.6154224], [127.3894486, 36.6155988], [127.3895345, 36.6156921], [127.3895724, 36.6158421], [127.3896052, 36.6160064], [127.3896785, 36.616193], [127.389676, 36.6163349], [127.3897063, 36.6164586], [127.3896735, 36.6165661], [127.3895926, 36.6166594], [127.3894663, 36.6167952], [127.389388, 36.6169271], [127.389292, 36.6170203], [127.3891884, 36.617144], [127.3892061, 36.617578], [127.3892414, 36.6176834], [127.3892237, 36.6177564], [127.3891303, 36.61787], [127.3889585, 36.6180667], [127.3886477, 36.6184114], [127.3883774, 36.6187643], [127.388246, 36.6190461], [127.3882056, 36.6193361], [127.3881955, 36.619545], [127.3882511, 36.6197112], [127.388337, 36.6199039], [127.3882864, 36.6201472], [127.3883268, 36.6202608], [127.3883496, 36.6203581], [127.3883117, 36.6204534], [127.3882081, 36.6206339], [127.3881247, 36.6208204], [127.3880287, 36.6209624], [127.3878948, 36.6210415], [127.3876775, 36.6210496], [127.3874603, 36.6210354], [127.3873011, 36.6209948], [127.3870889, 36.6210029], [127.3868716, 36.6210334], [127.3866594, 36.621084], [127.3864042, 36.6210699], [127.3860353, 36.6209948], [127.3853582, 36.6208671], [127.3852041, 36.6208671], [127.3847974, 36.6208103], [127.3844436, 36.6208225], [127.3842769, 36.6208691], [127.3840015, 36.6208488], [127.3837564, 36.6208285], [127.3834583, 36.6208346], [127.3831703, 36.6208752], [127.3830541, 36.6209421], [127.3828267, 36.6209705], [127.3826498, 36.6209401], [127.38243, 36.6210131], [127.382281, 36.6210881], [127.3820713, 36.6211915], [127.3819273, 36.6212868], [127.3818212, 36.6214328], [127.3817807, 36.6216538], [127.3817934, 36.6220594], [127.3818515, 36.622838], [127.3819045, 36.6232172], [127.3819197, 36.6235558], [127.3819247, 36.6238255], [127.3819172, 36.6240364], [127.381849, 36.624152], [127.3818161, 36.6243101], [127.3817858, 36.6245088], [127.3817277, 36.624667], [127.3816064, 36.6248333], [127.3815913, 36.6249083], [127.3815786, 36.6251151], [127.3815786, 36.6252753], [127.3814523, 36.6255368], [127.3814144, 36.6256119], [127.3813588, 36.625695], [127.3812906, 36.62577], [127.3811466, 36.6258349], [127.3809369, 36.6258978], [127.3807424, 36.625912], [127.3805251, 36.6259363], [127.3804063, 36.625989], [127.3803103, 36.6259971], [127.3801006, 36.6259505], [127.3799642, 36.6259302], [127.3797166, 36.6257903], [127.3794589, 36.6256524], [127.379037, 36.625474], [127.3786706, 36.6253442], [127.3784281, 36.6252773], [127.3781704, 36.6252347], [127.3779001, 36.6251982], [127.3776373, 36.6251151], [127.3772811, 36.6249204], [127.3770209, 36.6248312], [127.3769375, 36.6247765], [127.3769223, 36.6247015], [127.3768263, 36.6246569], [127.3767101, 36.6245311], [127.3764928, 36.6243689], [127.3763008, 36.6241945], [127.3760987, 36.6240668], [127.3759698, 36.6239756], [127.3757728, 36.6239715], [127.3756894, 36.6239796], [127.3756313, 36.6240202], [127.3755555, 36.6240546], [127.3754191, 36.6240546], [127.3753837, 36.6240242], [127.3753155, 36.6240121], [127.3751639, 36.6240121], [127.3750376, 36.6239958], [127.3749592, 36.6240222], [127.3748708, 36.6240729], [127.3747495, 36.6241763], [127.3747597, 36.6242209], [127.3747091, 36.624302], [127.3746434, 36.6243689], [127.3744843, 36.6244764], [127.3744059, 36.6245048], [127.3743453, 36.6245514], [127.3742973, 36.6246102], [127.3742341, 36.6246467], [127.3742013, 36.6247157], [127.3741381, 36.6247704], [127.3739739, 36.6248251], [127.373888, 36.6248353], [127.3737971, 36.6248738], [127.3737339, 36.6249286], [127.3736733, 36.6249995], [127.3734964, 36.6250705], [127.3733524, 36.6250969], [127.3732463, 36.6250563], [127.373125, 36.6250705], [127.3729734, 36.625111], [127.3727941, 36.625107], [127.3724858, 36.6250705], [127.3723292, 36.6249995], [127.3720993, 36.624963], [127.3719174, 36.6248251], [127.371786, 36.6246406], [127.3716369, 36.6245048], [127.3715434, 36.6243405], [127.3714247, 36.6242513], [127.3713161, 36.6242148], [127.3711468, 36.6242412], [127.3709421, 36.6242878], [127.3707122, 36.6243649], [127.3704849, 36.6244095], [127.3703004, 36.6244237], [127.3700932, 36.6243993], [127.3699492, 36.6244054], [127.3696208, 36.6247015], [127.3695223, 36.6248738], [127.3694313, 36.625034], [127.3693303, 36.625251], [127.3691989, 36.6254395], [127.369113, 36.625545], [127.3690271, 36.6257112], [127.3689083, 36.6259444], [127.3687391, 36.6261431], [127.368638, 36.6261897], [127.3684409, 36.6262242], [127.3681251, 36.6262019], [127.3680215, 36.626137], [127.3678725, 36.6261289], [127.3676729, 36.6261269], [127.367539, 36.6261309], [127.3674127, 36.626133], [127.3672661, 36.6261512], [127.3671777, 36.6261776], [127.3671221, 36.62621], [127.3670691, 36.626285], [127.3669629, 36.6263094], [127.3668594, 36.6263803], [127.3667836, 36.6264756], [127.3667401, 36.6265528], [127.3666951, 36.626648], [127.3666118, 36.626723], [127.3666042, 36.6268163], [127.3665612, 36.6269095], [127.3664526, 36.6269988], [127.3663288, 36.6271853], [127.3661873, 36.6273982], [127.3660989, 36.6274631], [127.3659801, 36.6275421], [127.3658311, 36.6275868], [127.3656113, 36.6276172], [127.3651868, 36.6276131], [127.3650933, 36.6275827], [127.3648129, 36.6275766], [127.3647674, 36.6275057], [127.3646664, 36.6274894], [127.36454, 36.6275219], [127.3643026, 36.6275138], [127.3641105, 36.627532], [127.3639716, 36.6275097], [127.3638503, 36.6275057], [127.3636305, 36.6274833], [127.363489, 36.6274022], [127.3632667, 36.6274063], [127.3629079, 36.6273455], [127.3626553, 36.6273475], [127.3624481, 36.6273211], [127.3622157, 36.6273597], [127.3620035, 36.6274104], [127.361771, 36.6274833], [127.3613062, 36.6275908], [127.3609651, 36.627676], [127.360667, 36.6277064], [127.3603234, 36.6277226], [127.360144, 36.6277023], [127.3599772, 36.6276172], [127.3599216, 36.6275239], [127.3598408, 36.6274286], [127.3596033, 36.6272826], [127.3594163, 36.6272157], [127.3591965, 36.6270981], [127.359093, 36.6270434], [127.359045, 36.626944], [127.3589515, 36.6268872], [127.3588024, 36.6267859], [127.3585548, 36.6265243], [127.3584664, 36.6263013], [127.3582516, 36.626064], [127.3578348, 36.6257315], [127.3576402, 36.6256545], [127.3574735, 36.6255855], [127.3572309, 36.6255815], [127.3570743, 36.6255957], [127.3569429, 36.6255531], [127.3567155, 36.6255815], [127.3566246, 36.6256362], [127.3564326, 36.6257112], [127.3561698, 36.6257964], [127.3559778, 36.625845], [127.3556772, 36.6259059], [127.3555028, 36.6259708], [127.355374, 36.6259951], [127.3552578, 36.6259403], [127.3551087, 36.625914], [127.3548636, 36.6259099], [127.354611, 36.6259586], [127.3544089, 36.6259099], [127.354131, 36.6257031], [127.3539137, 36.6255125], [127.353656, 36.6253625], [127.3534387, 36.625326], [127.3531557, 36.6253463], [127.3529334, 36.6254071], [127.3525949, 36.6254355], [127.3517483, 36.625326]]}}, {"type": "Feature", "properties": {"name": "내창천", "waterway": "river", "osm_id": 324947093, "origin": "OBSERVED"}, "geometry": {"type": "LineString", "coordinates": [[127.2766636, 36.6076972], [127.2770341, 36.6073275], [127.2772606, 36.6070718], [127.2774636, 36.6068179], [127.2776071, 36.6066532], [127.2776722, 36.6065795], [127.277839, 36.6063826], [127.2780693, 36.6061174], [127.2782412, 36.6059285], [127.2784247, 36.6057195], [127.2785265, 36.6055936], [127.2786934, 36.6055012], [127.2788519, 36.6054222], [127.2790672, 36.6053351], [127.2792157, 36.6052895], [127.2793525, 36.6052627], [127.2795627, 36.6052587], [127.2798848, 36.6052869], [127.2801768, 36.6053686], [127.2803937, 36.6054422], [127.2806207, 36.6054998], [127.2809093, 36.6055427], [127.2811263, 36.6055253], [127.2813031, 36.6054744], [127.2817019, 36.6053512], [127.2822226, 36.6051824], [127.2826331, 36.6050243], [127.2827437, 36.6049659], [127.2828516, 36.604909], [127.2829985, 36.6048314], [127.2831637, 36.6047028], [127.2834073, 36.6045233], [127.283444, 36.6044269], [127.2835475, 36.6043492], [127.2836242, 36.6042447], [127.283676, 36.6041308], [127.2837778, 36.6040505], [127.2839646, 36.6038643], [127.2841482, 36.6036834], [127.2843251, 36.6035508], [127.2843347, 36.603544], [127.2844551, 36.6034581], [127.2845353, 36.6034008], [127.2848507, 36.6031905], [127.285403, 36.6028944], [127.28567, 36.6027457], [127.2859437, 36.6026439], [127.2861789, 36.6025729], [127.2865077, 36.6025461], [127.2868948, 36.602798], [127.2870635, 36.6029885], [127.2871315, 36.6031437], [127.28716, 36.6032865], [127.2872137, 36.6034834], [127.287279, 36.6037571], [127.2873613, 36.6040897], [127.2874218, 36.6043036], [127.2874688, 36.6044577], [127.2876307, 36.604747], [127.2876865, 36.6048171], [127.2877725, 36.6049252], [127.2880345, 36.6050672], [127.2883232, 36.6051141], [127.2885384, 36.6051342], [127.2893143, 36.6052092], [127.2899885, 36.6052534], [127.2910364, 36.6053525], [127.2913084, 36.6053766], [127.2916922, 36.6054583], [127.2921911, 36.6056137], [127.2925248, 36.6057423], [127.2928081, 36.605874], [127.2933308, 36.6062272], [127.2937897, 36.6064991], [127.2938862, 36.6065455], [127.2941267, 36.6066612], [127.2944121, 36.6067737], [127.2945572, 36.6068166], [127.2949394, 36.6068621], [127.2951713, 36.6068769], [127.2959606, 36.6069867], [127.2966364, 36.6070992], [127.2973355, 36.6072439], [127.2978211, 36.607406], [127.2982933, 36.6075654], [127.2988824, 36.6077341], [127.2991927, 36.6077904], [127.2994224, 36.6078351], [127.2997528, 36.6078297], [127.3000534, 36.6078165], [127.3005652, 36.6077507], [127.3008225, 36.6077176], [127.3010213, 36.6077055], [127.301161, 36.6077113], [127.3014217, 36.6077289], [127.3016889, 36.6077179]]}}, {"type": "Feature", "properties": {"name": "OSM feature", "waterway": "stream", "osm_id": 378012768, "origin": "OBSERVED"}, "geometry": {"type": "LineString", "coordinates": [[127.3195142, 36.6465505], [127.3196093, 36.6462126], [127.319825, 36.6460124], [127.3203796, 36.6456342], [127.3209219, 36.645382], [127.3213224, 36.645204], [127.3218493, 36.6449074], [127.3226627, 36.6446058], [127.3234514, 36.6443981], [127.3243527, 36.6442879], [127.3250289, 36.6442053], [127.3261442, 36.6441534], [127.3271856, 36.6440693], [127.3285044, 36.6440788], [127.3285629, 36.6440792], [127.3295149, 36.6442127], [127.3301434, 36.6443215], [127.3313112, 36.6446503], [127.3317856, 36.6448036], [127.3328363, 36.6450854], [127.3337421, 36.6453771], [127.3344446, 36.6455378], [127.3353042, 36.6458146], [127.3360159, 36.6462472], [127.3365859, 36.6468875], [127.337729, 36.6478985], [127.3384315, 36.6482125], [127.3388536, 36.6486006], [127.3389984, 36.6494138], [127.3391001, 36.6500615], [127.3393465, 36.6505905], [127.3399011, 36.6509909], [127.3405451, 36.6513172], [127.3412568, 36.6514581], [127.3424738, 36.6515545], [127.3433704, 36.6516954], [127.3444149, 36.6516806], [127.3454624, 36.6516287], [127.3463775, 36.6515298], [127.347083, 36.6513963], [127.3477054, 36.6512505], [127.3481152, 36.6511071], [127.3483956, 36.6508797], [127.3485804, 36.650593], [127.3487345, 36.6501727], [127.3488423, 36.6496165], [127.3489779, 36.6491147], [127.3492521, 36.6483534], [127.3495602, 36.6474981], [127.3497566, 36.646989]]}}, {"type": "Feature", "properties": {"name": "OSM feature", "waterway": "stream", "osm_id": 471355812, "origin": "OBSERVED"}, "geometry": {"type": "LineString", "coordinates": [[127.2932038, 36.6134238], [127.2936562, 36.6133102], [127.2939649, 36.6132852], [127.2942786, 36.6132808], [127.2947093, 36.6132615], [127.2951297, 36.6132175], [127.2961594, 36.6131593], [127.2966467, 36.6131218], [127.297289, 36.6130002], [127.2977719, 36.6129541], [127.2980711, 36.6129477], [127.2991907, 36.6132817], [127.300263, 36.6136588], [127.3005882, 36.6137176], [127.3013196, 36.6135345]]}}, {"type": "Feature", "properties": {"name": "OSM feature", "waterway": "stream", "osm_id": 472316764, "origin": "OBSERVED"}, "geometry": {"type": "LineString", "coordinates": [[127.2813056, 36.6008509], [127.2814387, 36.6009502], [127.2814808, 36.6010533], [127.2815508, 36.6012014], [127.2816255, 36.6013551], [127.2816508, 36.6013825], [127.2817213, 36.6015182], [127.2818361, 36.6016104], [127.28188, 36.6016457], [127.2820598, 36.6017488], [127.282333, 36.6018631], [127.2826109, 36.6019812], [127.2828374, 36.6020956], [127.2830195, 36.6022399], [127.2831637, 36.6023573], [127.2831853, 36.6023749], [127.2833884, 36.6024086], [127.2836943, 36.602418], [127.2838858, 36.6024686], [127.2840352, 36.6025698], [127.284117, 36.6026336], [127.2842197, 36.602613], [127.2844205, 36.6026017], [127.284577, 36.6025942], [127.2846165, 36.6025783], [127.2846811, 36.6025189], [127.2848122, 36.6024854], [127.285163, 36.6024236], [127.2853559, 36.6023751], [127.2855943, 36.6023137], [127.2858124, 36.6022701], [127.2859864, 36.6022812], [127.2860944, 36.6023839], [127.2861789, 36.6025729]]}}, {"type": "Feature", "properties": {"name": "OSM feature", "waterway": "stream", "osm_id": 472316767, "origin": "OBSERVED"}, "geometry": {"type": "LineString", "coordinates": [[127.284117, 36.6026336], [127.2842085, 36.6027401], [127.2842868, 36.6027703], [127.2844089, 36.6027577], [127.2844828, 36.6027249], [127.2846165, 36.6025783]]}}, {"type": "Feature", "properties": {"name": "OSM feature", "waterway": "stream", "osm_id": 474553606, "origin": "OBSERVED"}, "geometry": {"type": "LineString", "coordinates": [[127.337519, 36.5626988], [127.3371779, 36.5628192], [127.3368068, 36.5628282], [127.3356972, 36.562771], [127.3351911, 36.5627259], [127.3339766, 36.5626265], [127.3337479, 36.5626175], [127.3336287, 36.562609], [127.3335024, 36.5627084], [127.3331002, 36.5632123], [127.3329765, 36.5633341], [127.3329284, 36.5634268], [127.3329062, 36.5635589], [127.3329171, 36.563816], [127.3328904, 36.5638621], [127.3325183, 36.5639874], [127.3322522, 36.5640958], [127.331956, 36.5643216], [127.3312888, 36.5649931], [127.3298605, 36.5664172], [127.3288717, 36.567387], [127.3276512, 36.5685979], [127.3267113, 36.5695426], [127.3262032, 36.5700544], [127.3258156, 36.5705317], [127.3255917, 36.5707807], [127.3247865, 36.5714758], [127.3239081, 36.5722677], [127.3236282, 36.5725617], [127.323077, 36.5731012], [127.3226851, 36.5734919], [127.3224397, 36.5737305], [127.3221383, 36.5741974], [127.3217895, 36.5749513], [127.3215311, 36.575591], [127.3214837, 36.575923], [127.3214708, 36.5765973], [127.3215397, 36.5769293], [127.3216431, 36.5771229], [127.3218067, 36.5776797], [127.3220349, 36.5784681], [127.3223019, 36.5791147], [127.3225516, 36.5799411], [127.3227932, 36.5807058]]}}, {"type": "Feature", "properties": {"name": "농수 보", "waterway": "dam", "osm_id": 475211835, "origin": "OBSERVED"}, "geometry": {"type": "LineString", "coordinates": [[127.3451758, 36.6590708], [127.3464587, 36.658597], [127.3465767, 36.6587217], [127.3453839, 36.6592395], [127.3451758, 36.6590708]]}}, {"type": "Feature", "properties": {"name": "OSM feature", "waterway": "stream", "osm_id": 480579349, "origin": "OBSERVED"}, "geometry": {"type": "LineString", "coordinates": [[127.3993997, 36.6363965], [127.399274, 36.6364014], [127.3992119, 36.6364102], [127.3991917, 36.6364151], [127.3991638, 36.6364264], [127.3991095, 36.6364637], [127.3990334, 36.6365671], [127.3989589, 36.6366979], [127.3988394, 36.6369644], [127.3987369, 36.6371985], [127.398723, 36.6372633], [127.3987183, 36.6373642], [127.3987307, 36.6374576], [127.3987773, 36.6375697], [127.3988797, 36.6377341], [127.399021, 36.6378873], [127.39926, 36.6381227], [127.3993128, 36.6381912], [127.3993392, 36.6382497], [127.3993624, 36.6383207], [127.3994106, 36.6385224], [127.3994354, 36.6386009], [127.3994804, 36.6386794], [127.399707, 36.638982], [127.3998141, 36.6391103], [127.3998483, 36.6391663], [127.3998715, 36.6392286], [127.3998886, 36.6393855], [127.3998979, 36.6395238], [127.3998684, 36.6396695], [127.3997955, 36.6399808], [127.3997318, 36.6403258], [127.3997318, 36.6403769], [127.3997132, 36.6405761], [127.3997132, 36.6406882], [127.3997225, 36.6408078], [127.3997256, 36.640941], [127.3997163, 36.6410357], [127.3996698, 36.6411478], [127.3996046, 36.6412673], [127.3994401, 36.6414878], [127.3993904, 36.6415662], [127.3993252, 36.6416858], [127.3993066, 36.6417705], [127.3992942, 36.6419149], [127.3993174, 36.6420619], [127.3993873, 36.6424928], [127.3994214, 36.6427344], [127.3994276, 36.642844], [127.3994199, 36.6429996], [127.3994214, 36.643372], [127.399423, 36.643636], [127.3994106, 36.6437543], [127.3993981, 36.6438477], [127.3993578, 36.6439449], [127.3992709, 36.6441653], [127.3991855, 36.6443907], [127.3990815, 36.644641], [127.3990443, 36.6447469], [127.3989899, 36.6448926], [127.3988891, 36.6451989], [127.398813, 36.6454467], [127.3987199, 36.6457033]]}}, {"type": "Feature", "properties": {"name": "OSM feature", "waterway": "stream", "osm_id": 480579351, "origin": "OBSERVED"}, "geometry": {"type": "LineString", "coordinates": [[127.3911472, 36.6600679], [127.3908635, 36.6605169]]}}, {"type": "Feature", "properties": {"name": "OSM feature", "waterway": "stream", "osm_id": 480579356, "origin": "OBSERVED"}, "geometry": {"type": "LineString", "coordinates": [[127.3985786, 36.6459934], [127.3984001, 36.6462699], [127.3982977, 36.6464081], [127.3982744, 36.6464729], [127.3982698, 36.6465426], [127.3982651, 36.6466871], [127.3982496, 36.6467668], [127.3982201, 36.6468601], [127.3981332, 36.6470395], [127.3980866, 36.6471702], [127.3980059, 36.6473894], [127.3979687, 36.6475189], [127.3979112, 36.6476795], [127.3978181, 36.6478315], [127.3977281, 36.6479585], [127.3976629, 36.6480743], [127.3975837, 36.6481988], [127.3975123, 36.6482648], [127.3974472, 36.6483171], [127.3973866, 36.6483844], [127.3973416, 36.6484666], [127.3973013, 36.6485562], [127.3972687, 36.6486646], [127.3972609, 36.6488065], [127.39725, 36.6490817], [127.3972625, 36.6493607], [127.3972842, 36.6495213], [127.3973199, 36.6496533], [127.3973478, 36.649723], [127.3973897, 36.6497878], [127.3975341, 36.6500157], [127.3976536, 36.6502485], [127.3977017, 36.6503631], [127.3977421, 36.6504938], [127.3977684, 36.6506196], [127.3978119, 36.65084], [127.3978709, 36.6511625], [127.3979019, 36.6513256], [127.3979407, 36.6514651], [127.398023, 36.6516158], [127.3980959, 36.6516793], [127.3982263, 36.6517627], [127.3983287, 36.6518287], [127.3984327, 36.6518686], [127.3985569, 36.6518872], [127.3986935, 36.6518872], [127.3988922, 36.6518648], [127.3989946, 36.6518636], [127.3991001, 36.651886], [127.3991979, 36.6519283], [127.3993531, 36.6520105], [127.399558, 36.6521251], [127.3998126, 36.6522745], [127.4000361, 36.6524102], [127.4001245, 36.65247], [127.4001928, 36.6525298], [127.4002596, 36.6525983], [127.4003418, 36.6527103], [127.4004008, 36.6527763], [127.400452, 36.6528249], [127.4005451, 36.6528921], [127.4006476, 36.6529743], [127.4008106, 36.6530864], [127.4009161, 36.6531387], [127.4010092, 36.6531798], [127.4010899, 36.6532134], [127.4011256, 36.6532283], [127.4011551, 36.6532619], [127.4013584, 36.6534749], [127.4014997, 36.6535944], [127.401703, 36.653755], [127.4017822, 36.6538484], [127.4018303, 36.6539231], [127.401852, 36.6539904], [127.4018536, 36.6540551], [127.4018427, 36.6541224], [127.4018148, 36.6541896], [127.4017449, 36.6542506], [127.4016844, 36.6543029], [127.4016145, 36.6543465], [127.4015245, 36.6543801], [127.401405, 36.65441], [127.401121, 36.6544698], [127.4009254, 36.6545196], [127.4008028, 36.654547], [127.400764, 36.654552], [127.4007205, 36.6545482], [127.4006259, 36.6545295], [127.4003015, 36.6544287], [127.4002099, 36.6544075], [127.400154, 36.6543963], [127.4001261, 36.654405], [127.4000795, 36.6544287], [127.400033, 36.6544772], [127.3999429, 36.6545395], [127.3997179, 36.6546279], [127.3994369, 36.6547587], [127.3992957, 36.6548222], [127.3992321, 36.6548421], [127.399021, 36.6548794], [127.3988922, 36.6548969], [127.3987618, 36.6549131], [127.3984389, 36.6549504], [127.3981937, 36.6549678], [127.3980975, 36.6549828], [127.397995, 36.655004], [127.3979004, 36.6550525], [127.3978336, 36.6551148], [127.3977079, 36.655243], [127.3976288, 36.6552791], [127.3975698, 36.6552991], [127.3975077, 36.6553439], [127.3972562, 36.6555431], [127.3970203, 36.6557224], [127.3965873, 36.6560399], [127.3964398, 36.656157], [127.3964119, 36.6561881], [127.3963824, 36.6562267], [127.3963529, 36.6562902], [127.396072, 36.6569314], [127.396027, 36.6570024], [127.3959478, 36.6570995], [127.3958625, 36.6572004], [127.3955288, 36.6574594], [127.395403, 36.6575403], [127.3950647, 36.6576661], [127.394866, 36.6577321], [127.3944547, 36.6578043], [127.3942917, 36.6578342], [127.3942095, 36.6578503], [127.3941567, 36.6578715], [127.3940061, 36.6579375], [127.3939068, 36.6580085], [127.3936662, 36.6581778], [127.3932503, 36.6584779], [127.3927195, 36.6588688], [127.3922973, 36.6591751], [127.3917401, 36.6595885], [127.3913024, 36.6598774], [127.3912388, 36.6599521], [127.3912138, 36.6599836], [127.3911472, 36.6600679]]}}, {"type": "Feature", "properties": {"name": "OSM feature", "waterway": "stream", "osm_id": 480579357, "origin": "OBSERVED"}, "geometry": {"type": "LineString", "coordinates": [[127.3987199, 36.6457033], [127.3985786, 36.6459934]]}}, {"type": "Feature", "properties": {"name": "OSM feature", "waterway": "drain", "osm_id": 480579361, "origin": "OBSERVED"}, "geometry": {"type": "LineString", "coordinates": [[127.3945417, 36.6613656], [127.3942429, 36.6612398], [127.3939798, 36.6611259], [127.3935864, 36.6609684], [127.3931688, 36.6608022], [127.3927063, 36.6606092], [127.3921646, 36.6603882], [127.3920785, 36.660354], [127.3919295, 36.6602774], [127.3916687, 36.6601741], [127.3912138, 36.6599836]]}}, {"type": "Feature", "properties": {"name": "OSM feature", "waterway": "drain", "osm_id": 480579362, "origin": "OBSERVED"}, "geometry": {"type": "LineString", "coordinates": [[127.3947194, 36.6614403], [127.3945417, 36.6613656]]}}, {"type": "Feature", "properties": {"name": "OSM feature", "waterway": "drain", "osm_id": 480579365, "origin": "OBSERVED"}, "geometry": {"type": "LineString", "coordinates": [[127.4008133, 36.6614375], [127.4002489, 36.6615482], [127.4000426, 36.6615886], [127.3998335, 36.661626], [127.3993291, 36.6617232], [127.3988591, 36.6618103], [127.3985597, 36.661874], [127.3982713, 36.6619374], [127.3981277, 36.6619684], [127.3979796, 36.6619938], [127.397867, 36.6620132], [127.3977896, 36.6620219], [127.3976621, 36.6620378], [127.397479, 36.662041], [127.3971927, 36.6620423], [127.3968551, 36.6620292], [127.3966494, 36.6620143], [127.3964228, 36.6619943], [127.3961303, 36.6619607], [127.3961023, 36.6619545], [127.3959533, 36.6619221], [127.3957267, 36.6618561], [127.3956615, 36.6618387], [127.3954667, 36.6617734], [127.3953503, 36.6617229], [127.395102, 36.6616059], [127.3947194, 36.6614403]]}}, {"type": "Feature", "properties": {"name": "OSM feature", "waterway": "stream", "osm_id": 744249192, "origin": "OBSERVED"}, "geometry": {"type": "LineString", "coordinates": [[127.393285, 36.6506344], [127.3932138, 36.650574], [127.3931386, 36.6505071], [127.3926995, 36.6501255], [127.3926507, 36.6500847], [127.3910792, 36.6487309], [127.3910263, 36.6486869], [127.389526, 36.6473901], [127.389465, 36.6473396], [127.3879341, 36.6460037], [127.3878752, 36.6459547], [127.3863423, 36.6446335], [127.3862793, 36.6445715], [127.3859907, 36.6443154]]}}, {"type": "Feature", "properties": {"name": "OSM feature", "waterway": "stream", "osm_id": 744249197, "origin": "OBSERVED"}, "geometry": {"type": "LineString", "coordinates": [[127.3771593, 36.6436124], [127.3763461, 36.64372]]}}, {"type": "Feature", "properties": {"name": "OSM feature", "waterway": "stream", "osm_id": 744249198, "origin": "OBSERVED"}, "geometry": {"type": "LineString", "coordinates": [[127.3763461, 36.64372], [127.3762566, 36.6437168], [127.3760818, 36.6437657], [127.3760289, 36.6437706], [127.3755187, 36.6436107], [127.3715645, 36.6422193], [127.3714649, 36.6421639], [127.3702715, 36.6414543], [127.3695701, 36.6407169], [127.3689684, 36.6400677], [127.3685089, 36.6392406], [127.3684337, 36.6391395], [127.3679824, 36.6383043], [127.3679275, 36.6382162], [127.3678279, 36.6381509], [127.3656627, 36.6372064], [127.3655489, 36.6371672], [127.3635606, 36.6363043], [127.3634752, 36.6362733], [127.3633329, 36.6362553], [127.3632272, 36.636301], [127.3630137, 36.6364495], [127.3629426, 36.6365098], [127.3626539, 36.6367741], [127.3623083, 36.6367659]]}}, {"type": "Feature", "properties": {"name": "OSM feature", "waterway": "stream", "osm_id": 744249199, "origin": "OBSERVED"}, "geometry": {"type": "LineString", "coordinates": [[127.3623083, 36.6367659], [127.3609389, 36.6370373]]}}, {"type": "Feature", "properties": {"name": "OSM feature", "waterway": "stream", "osm_id": 744249200, "origin": "OBSERVED"}, "geometry": {"type": "LineString", "coordinates": [[127.3609389, 36.6370373], [127.3600649, 36.6372965], [127.3596501, 36.6366842], [127.3592212, 36.637224], [127.3589363, 36.6377859]]}}, {"type": "Feature", "properties": {"name": "OSM feature", "waterway": "stream", "osm_id": 744249224, "origin": "OBSERVED"}, "geometry": {"type": "LineString", "coordinates": [[127.3855616, 36.6439419], [127.3847627, 36.6432551], [127.3847058, 36.6432062], [127.3844211, 36.6429436], [127.384291, 36.6428653], [127.3841467, 36.6427968], [127.3839881, 36.6427364], [127.3837868, 36.642694], [127.3835917, 36.642681], [127.3833619, 36.6427071], [127.3808207, 36.6430741], [127.3807313, 36.6430904], [127.3776736, 36.6435341], [127.3775496, 36.6435504], [127.3771593, 36.6436124]]}}, {"type": "Feature", "properties": {"name": "OSM feature", "waterway": "stream", "osm_id": 744249225, "origin": "OBSERVED"}, "geometry": {"type": "LineString", "coordinates": [[127.3859907, 36.6443154], [127.3858015, 36.6441474], [127.3855616, 36.6439419]]}}, {"type": "Feature", "properties": {"name": "OSM feature", "waterway": "drain", "osm_id": 755047033, "origin": "OBSERVED"}, "geometry": {"type": "LineString", "coordinates": [[127.3382, 36.6250883], [127.3379188, 36.6248945], [127.3373121, 36.6248362], [127.3372987, 36.6247957]]}}, {"type": "Feature", "properties": {"name": "OSM feature", "waterway": "drain", "osm_id": 755047041, "origin": "OBSERVED"}, "geometry": {"type": "LineString", "coordinates": [[127.3370675, 36.6238914], [127.3371145, 36.6238421], [127.3375422, 36.6234171], [127.3410848, 36.6197177]]}}, {"type": "Feature", "properties": {"name": "OSM feature", "waterway": "drain", "osm_id": 755047042, "origin": "OBSERVED"}, "geometry": {"type": "LineString", "coordinates": [[127.3372987, 36.6247957], [127.3371971, 36.6244865]]}}, {"type": "Feature", "properties": {"name": "OSM feature", "waterway": "drain", "osm_id": 755047043, "origin": "OBSERVED"}, "geometry": {"type": "LineString", "coordinates": [[127.3410848, 36.6197177], [127.3415246, 36.6191747], [127.3415717, 36.6190421]]}}, {"type": "Feature", "properties": {"name": "OSM feature", "waterway": "stream", "osm_id": 755047044, "origin": "OBSERVED"}, "geometry": {"type": "LineString", "coordinates": [[127.3357646, 36.610778], [127.3356066, 36.610744], [127.3332305, 36.6101775], [127.3319257, 36.609709], [127.3311878, 36.6096223], [127.3292366, 36.6093688], [127.328971, 36.6092526], [127.3286995, 36.6091323], [127.327412, 36.6075132], [127.3268917, 36.6062988], [127.3269933, 36.6050924], [127.3277685, 36.6020108], [127.3269466, 36.6006911], [127.3261019, 36.5974853], [127.3254927, 36.5970207], [127.3234065, 36.5959341], [127.3205166, 36.5951472], [127.3166137, 36.5923923], [127.3161828, 36.5919288], [127.3091821, 36.5870585], [127.3064907, 36.5864578], [127.3072062, 36.58446], [127.3072023, 36.5839204], [127.3070203, 36.5832353]]}}, {"type": "Feature", "properties": {"name": "OSM feature", "waterway": "stream", "osm_id": 755047390, "origin": "OBSERVED"}, "geometry": {"type": "LineString", "coordinates": [[127.3311481, 36.6191314], [127.3310843, 36.6190421], [127.3310039, 36.6189872], [127.3303386, 36.6185327], [127.3293589, 36.6177958], [127.3293219, 36.6176523], [127.329365, 36.6175485], [127.3317559, 36.6154711], [127.3319778, 36.6151546], [127.3320159, 36.6149237], [127.3318683, 36.6146808], [127.3318319, 36.6145937]]}}, {"type": "Feature", "properties": {"name": "OSM feature", "waterway": "stream", "osm_id": 755047391, "origin": "OBSERVED"}, "geometry": {"type": "LineString", "coordinates": [[127.3318319, 36.6145937], [127.3315711, 36.6140413]]}}, {"type": "Feature", "properties": {"name": "OSM feature", "waterway": "stream", "osm_id": 755047392, "origin": "OBSERVED"}, "geometry": {"type": "LineString", "coordinates": [[127.3315711, 36.6140413], [127.3314281, 36.6136284], [127.331274, 36.6134132], [127.330892, 36.6127999], [127.330513, 36.6118675], [127.3302758, 36.6115534], [127.3302863, 36.6112434], [127.3302375, 36.6110819], [127.328971, 36.6092526]]}}, {"type": "Feature", "properties": {"name": "OSM feature", "waterway": "drain", "osm_id": 755047776, "origin": "OBSERVED"}, "geometry": {"type": "LineString", "coordinates": [[127.3306488, 36.6109696], [127.3304289, 36.6112549], [127.3329381, 36.6127391]]}}, {"type": "Feature", "properties": {"name": "OSM feature", "waterway": "drain", "osm_id": 755047777, "origin": "OBSERVED"}, "geometry": {"type": "LineString", "coordinates": [[127.3374547, 36.6233763], [127.3375422, 36.6234171]]}}, {"type": "Feature", "properties": {"name": "OSM feature", "waterway": "drain", "osm_id": 755047778, "origin": "OBSERVED"}, "geometry": {"type": "LineString", "coordinates": [[127.3360061, 36.619939], [127.3345343, 36.6216092], [127.3374547, 36.6233763]]}}, {"type": "Feature", "properties": {"name": "OSM feature", "waterway": "drain", "osm_id": 755047779, "origin": "OBSERVED"}, "geometry": {"type": "LineString", "coordinates": [[127.3385014, 36.617268], [127.3381948, 36.617581]]}}, {"type": "Feature", "properties": {"name": "OSM feature", "waterway": "drain", "osm_id": 755047780, "origin": "OBSERVED"}, "geometry": {"type": "LineString", "coordinates": [[127.3335875, 36.6131508], [127.3341339, 36.6134788], [127.3351894, 36.6141157], [127.337109, 36.6152715]]}}, {"type": "Feature", "properties": {"name": "OSM feature", "waterway": "drain", "osm_id": 755047781, "origin": "OBSERVED"}, "geometry": {"type": "LineString", "coordinates": [[127.3329381, 36.6127391], [127.3335875, 36.6131508]]}}, {"type": "Feature", "properties": {"name": "OSM feature", "waterway": "drain", "osm_id": 755051111, "origin": "OBSERVED"}, "geometry": {"type": "LineString", "coordinates": [[127.3461211, 36.6389819], [127.3453389, 36.63835], [127.3453106, 36.6382549], [127.3452876, 36.6381924], [127.3452416, 36.6381214], [127.345146, 36.6380774], [127.344893, 36.6380064], [127.3446594, 36.6379368], [127.3445054, 36.6378062], [127.3443762, 36.6376315], [127.3441957, 36.6374526], [127.3441604, 36.6373972], [127.344132, 36.6372353], [127.3440648, 36.6371232], [127.3439675, 36.6370394], [127.3439215, 36.6369144], [127.3438613, 36.6367554], [127.3437728, 36.6365978], [127.3437109, 36.6364643], [127.3437286, 36.6363152], [127.3437091, 36.6361973], [127.3436366, 36.6361221], [127.3435463, 36.635892], [127.3435198, 36.6356762], [127.3433888, 36.6355924], [127.3433463, 36.6354831], [127.3433375, 36.6353751], [127.3432756, 36.6352317], [127.3431906, 36.6350997], [127.3431995, 36.6350201], [127.3433941, 36.6349349], [127.3434366, 36.6348966], [127.3433269, 36.6346935], [127.343387, 36.6345033], [127.3434118, 36.6343825], [127.343475, 36.6342086], [127.3435263, 36.6340793], [127.3436455, 36.6338447], [127.3436438, 36.6337793], [127.3436774, 36.6336288], [127.3437712, 36.6335322], [127.3437959, 36.6334144], [127.3436951, 36.6333278], [127.3436479, 36.6333121]]}}, {"type": "Feature", "properties": {"name": "OSM feature", "waterway": "drain", "osm_id": 755051112, "origin": "OBSERVED"}, "geometry": {"type": "LineString", "coordinates": [[127.3389223, 36.6246984], [127.3389199, 36.6246147]]}}, {"type": "Feature", "properties": {"name": "OSM feature", "waterway": "drain", "osm_id": 755051113, "origin": "OBSERVED"}, "geometry": {"type": "LineString", "coordinates": [[127.3389199, 36.6246147], [127.3389136, 36.6245724]]}}, {"type": "Feature", "properties": {"name": "OSM feature", "waterway": "drain", "osm_id": 755051114, "origin": "OBSERVED"}, "geometry": {"type": "LineString", "coordinates": [[127.3389136, 36.6245724], [127.3389088, 36.6245079]]}}, {"type": "Feature", "properties": {"name": "OSM feature", "waterway": "drain", "osm_id": 755051115, "origin": "OBSERVED"}, "geometry": {"type": "LineString", "coordinates": [[127.3389088, 36.6245079], [127.3388919, 36.6242131], [127.3388246, 36.6241755], [127.3383386, 36.623892], [127.3383097, 36.62391], [127.3381148, 36.6243795], [127.338048, 36.6244452], [127.3379125, 36.6244778], [127.3375124, 36.624498], [127.3375105, 36.6244655]]}}, {"type": "Feature", "properties": {"name": "OSM feature", "waterway": "drain", "osm_id": 755051116, "origin": "OBSERVED"}, "geometry": {"type": "LineString", "coordinates": [[127.3433624, 36.633217], [127.3431571, 36.6331275], [127.3430386, 36.6330168], [127.3430191, 36.6328591], [127.3430651, 36.6326135], [127.3430987, 36.6322556], [127.3430509, 36.631148], [127.3430987, 36.6309065], [127.343127, 36.6307631], [127.3428132, 36.6302963]]}}, {"type": "Feature", "properties": {"name": "OSM feature", "waterway": "drain", "osm_id": 755051117, "origin": "OBSERVED"}, "geometry": {"type": "LineString", "coordinates": [[127.3436479, 36.6333121], [127.3433624, 36.633217]]}}, {"type": "Feature", "properties": {"name": "OSM feature", "waterway": "drain", "osm_id": 755051118, "origin": "OBSERVED"}, "geometry": {"type": "LineString", "coordinates": [[127.3425761, 36.6297711], [127.3419829, 36.6287401], [127.3418338, 36.6284435], [127.3416675, 36.6281745], [127.3414798, 36.6279334], [127.3414315, 36.6278365], [127.3414163, 36.6278088]]}}, {"type": "Feature", "properties": {"name": "OSM feature", "waterway": "drain", "osm_id": 755051119, "origin": "OBSERVED"}, "geometry": {"type": "LineString", "coordinates": [[127.3428132, 36.6302963], [127.3425761, 36.6297711]]}}, {"type": "Feature", "properties": {"name": "OSM feature", "waterway": "drain", "osm_id": 755051120, "origin": "OBSERVED"}, "geometry": {"type": "LineString", "coordinates": [[127.3413859, 36.6277533], [127.3413725, 36.6277289], [127.3410265, 36.6272015], [127.3407476, 36.6270336], [127.3406644, 36.626842], [127.339267, 36.626192], [127.3389961, 36.6256064], [127.3389223, 36.6246984]]}}, {"type": "Feature", "properties": {"name": "OSM feature", "waterway": "drain", "osm_id": 755051121, "origin": "OBSERVED"}, "geometry": {"type": "LineString", "coordinates": [[127.3414163, 36.6278088], [127.3413859, 36.6277533]]}}, {"type": "Feature", "properties": {"name": "OSM feature", "waterway": "drain", "osm_id": 755051164, "origin": "OBSERVED"}, "geometry": {"type": "LineString", "coordinates": [[127.3479017, 36.6275103], [127.3476778, 36.6275297], [127.3446269, 36.6276491]]}}, {"type": "Feature", "properties": {"name": "OSM feature", "waterway": "drain", "osm_id": 755051165, "origin": "OBSERVED"}, "geometry": {"type": "LineString", "coordinates": [[127.3446269, 36.6276491], [127.3444948, 36.6276428]]}}, {"type": "Feature", "properties": {"name": "OSM feature", "waterway": "drain", "osm_id": 755051166, "origin": "OBSERVED"}, "geometry": {"type": "LineString", "coordinates": [[127.3444948, 36.6276428], [127.3413859, 36.6277533]]}}, {"type": "Feature", "properties": {"name": "OSM feature", "waterway": "drain", "osm_id": 755051866, "origin": "OBSERVED"}, "geometry": {"type": "LineString", "coordinates": [[127.3416246, 36.6200505], [127.3418647, 36.6200871], [127.34437, 36.6237408], [127.3443685, 36.6243042]]}}, {"type": "Feature", "properties": {"name": "OSM feature", "waterway": "drain", "osm_id": 755051867, "origin": "OBSERVED"}, "geometry": {"type": "LineString", "coordinates": [[127.3443685, 36.6243042], [127.3443821, 36.6245544]]}}, {"type": "Feature", "properties": {"name": "OSM feature", "waterway": "drain", "osm_id": 755051868, "origin": "OBSERVED"}, "geometry": {"type": "LineString", "coordinates": [[127.3443821, 36.6245544], [127.3445785, 36.6276744]]}}, {"type": "Feature", "properties": {"name": "OSM feature", "waterway": "drain", "osm_id": 755051872, "origin": "OBSERVED"}, "geometry": {"type": "LineString", "coordinates": [[127.3445785, 36.6276744], [127.3445806, 36.6277175]]}}, {"type": "Feature", "properties": {"name": "OSM feature", "waterway": "drain", "osm_id": 755051873, "origin": "OBSERVED"}, "geometry": {"type": "LineString", "coordinates": [[127.3445806, 36.6277175], [127.3447471, 36.6306434], [127.3447074, 36.6307034], [127.3446186, 36.6307521], [127.3445229, 36.630769], [127.3434581, 36.6308102], [127.3431639, 36.6309095], [127.3430987, 36.6309065]]}}, {"type": "Feature", "properties": {"name": "OSM feature", "waterway": "stream", "osm_id": 777739781, "origin": "OBSERVED"}, "geometry": {"type": "LineString", "coordinates": [[127.2764676, 36.6004598], [127.2766684, 36.6004073], [127.2768739, 36.6002723], [127.2770653, 36.6002536], [127.2772988, 36.6003286], [127.2774856, 36.6003886], [127.2777892, 36.6003586], [127.2779573, 36.6003923], [127.2782749, 36.6004336], [127.2786485, 36.6005198], [127.2789193, 36.6005985], [127.2791341, 36.6007485], [127.2793209, 36.6007972], [127.2796712, 36.6007485], [127.2800354, 36.6006735], [127.2802643, 36.600711], [127.2804417, 36.6007972], [127.2808994, 36.600756], [127.2812076, 36.6007672], [127.2813056, 36.6008509]]}}, {"type": "Feature", "properties": {"name": "내창천", "waterway": "stream", "osm_id": 777739792, "origin": "OBSERVED"}, "geometry": {"type": "LineString", "coordinates": [[127.2745265, 36.6105838], [127.274517, 36.610519], [127.27444, 36.6103301], [127.2742923, 36.6101325], [127.2742075, 36.6099858], [127.2741964, 36.6098759], [127.2744346, 36.6092838], [127.2746546, 36.6086207], [127.2748477, 36.6081599], [127.2750194, 36.6079704], [127.2755934, 36.6078929], [127.2761942, 36.6078456], [127.2765321, 36.607781], [127.2766636, 36.6076972]]}}, {"type": "Feature", "properties": {"name": "송곡천", "waterway": "stream", "osm_id": 777748047, "origin": "OBSERVED"}, "geometry": {"type": "LineString", "coordinates": [[127.2439065, 36.6272068], [127.2442993, 36.6273534], [127.2450449, 36.6275084], [127.2456135, 36.6276677], [127.2461392, 36.6277408], [127.2466811, 36.6277279], [127.2476091, 36.627616], [127.2487249, 36.6275557], [127.2493686, 36.6276074], [127.2498031, 36.6277839], [127.2507151, 36.6285287], [127.2517504, 36.6293251], [127.2521098, 36.6295576], [127.2527268, 36.6297384], [127.2537138, 36.6297341], [127.2557845, 36.6295404], [127.2570397, 36.6294543], [127.2577693, 36.629437], [127.2587134, 36.6295748], [127.2604766, 36.6300032], [127.2610523, 36.6301431], [127.2621735, 36.6304444], [127.2632303, 36.6305908], [127.26433, 36.6306381], [127.2656979, 36.6305391], [127.2667762, 36.6304487], [127.2675165, 36.630397], [127.2684928, 36.6304616], [127.2691741, 36.6305822], [127.2701718, 36.6308663], [127.2712501, 36.6312322], [127.2720601, 36.6316541], [127.2735353, 36.632571], [127.2740664, 36.6327776], [127.2751339, 36.6327776], [127.2771295, 36.6327389], [127.2782024, 36.6327346], [127.2787817, 36.6330015], [127.2796025, 36.6340002], [127.2800174, 36.6345828]]}}, {"type": "Feature", "properties": {"name": "OSM feature", "waterway": "ditch", "osm_id": 778560477, "origin": "OBSERVED"}, "geometry": {"type": "LineString", "coordinates": [[127.2844453, 36.5805402], [127.2844827, 36.5799514], [127.284506, 36.5796326], [127.2845247, 36.5793851], [127.2845574, 36.5792014], [127.284464, 36.5789876], [127.2842678, 36.5787326], [127.2841884, 36.5786201], [127.2842118, 36.5783876], [127.2843752, 36.5781025], [127.2846414, 36.577825], [127.2847955, 36.5776375], [127.2848329, 36.5773075], [127.2848469, 36.5769775], [127.2850431, 36.5767487], [127.2851551, 36.5765724], [127.2851785, 36.5764112], [127.2850804, 36.5761187], [127.2843612, 36.5749861], [127.2832124, 36.5731596], [127.2779633, 36.5753086]]}}, {"type": "Feature", "properties": {"name": "OSM feature", "waterway": "ditch", "osm_id": 778560521, "origin": "OBSERVED"}, "geometry": {"type": "LineString", "coordinates": [[127.2691177, 36.5824146], [127.2694876, 36.5818204], [127.2698454, 36.5812687], [127.2704186, 36.5803938], [127.2711016, 36.5793491], [127.2717765, 36.5783044], [127.2720651, 36.5778865], [127.2722928, 36.577671], [127.2726302, 36.5774914], [127.2741507, 36.5768646], [127.2763176, 36.5759733], [127.2779633, 36.5753086]]}}, {"type": "Feature", "properties": {"name": "OSM feature", "waterway": "stream", "osm_id": 782870956, "origin": "OBSERVED"}, "geometry": {"type": "LineString", "coordinates": [[127.3956694, 36.6629584], [127.3957066, 36.6627843]]}}, {"type": "Feature", "properties": {"name": "OSM feature", "waterway": "stream", "osm_id": 782870957, "origin": "OBSERVED"}, "geometry": {"type": "LineString", "coordinates": [[127.3957066, 36.6627843], [127.3956772, 36.6627233], [127.3954746, 36.6624399]]}}, {"type": "Feature", "properties": {"name": "OSM feature", "waterway": "drain", "osm_id": 794398288, "origin": "OBSERVED"}, "geometry": {"type": "LineString", "coordinates": [[127.2754611, 36.5930489], [127.2753914, 36.5928616], [127.2753377, 36.5927819], [127.2753082, 36.5927108], [127.2752895, 36.5926312]]}}, {"type": "Feature", "properties": {"name": "OSM feature", "waterway": "drain", "osm_id": 794398289, "origin": "OBSERVED"}, "geometry": {"type": "LineString", "coordinates": [[127.2752895, 36.5926312], [127.2753082, 36.592573], [127.2753619, 36.5924912], [127.2754128, 36.5923857], [127.275445, 36.5922758], [127.2755148, 36.5921552], [127.2756006, 36.5920712], [127.2756712, 36.5919763], [127.2757473, 36.5917252], [127.275827, 36.591684], [127.2759561, 36.5916869], [127.2760712, 36.591657], [127.2761738, 36.5916016], [127.2762446, 36.5915377], [127.2762817, 36.5914269], [127.2762924, 36.5912493], [127.2763331, 36.5911015], [127.2763915, 36.5910106], [127.276487, 36.5908756], [127.2765472, 36.5907719], [127.2765525, 36.5907037], [127.2765596, 36.5905573], [127.2765666, 36.5904948], [127.2766073, 36.5903953], [127.2766197, 36.59033], [127.2766109, 36.5902192], [127.2765755, 36.5901126], [127.2765631, 36.590033], [127.2765755, 36.5899279], [127.276618, 36.5898384], [127.2767171, 36.5897219], [127.2767878, 36.5896409], [127.2768179, 36.5895713], [127.2768445, 36.5894718], [127.2768728, 36.5893482], [127.2769259, 36.5891635], [127.276986, 36.58902], [127.2770338, 36.5889006], [127.2770533, 36.588848], [127.27714, 36.588767], [127.2772285, 36.5886406], [127.277324, 36.5885155], [127.2774143, 36.5884204], [127.2774815, 36.588345], [127.2776319, 36.5883266], [127.2777293, 36.5882754], [127.2778142, 36.5882129], [127.277885, 36.5881873], [127.2779522, 36.5882072], [127.2781133, 36.5882839], [127.2782778, 36.58833], [127.2784176, 36.5883692], [127.2786353, 36.5884175]]}}, {"type": "Feature", "properties": {"name": "노장천", "waterway": "stream", "osm_id": 794842578, "origin": "OBSERVED"}, "geometry": {"type": "LineString", "coordinates": [[127.2790159, 36.6747279], [127.2789473, 36.6746884], [127.2787456, 36.6746069], [127.2785203, 36.6745789], [127.2783048, 36.6745756]]}}, {"type": "Feature", "properties": {"name": "노장천", "waterway": "stream", "osm_id": 794842583, "origin": "OBSERVED"}, "geometry": {"type": "LineString", "coordinates": [[127.2753338, 36.6710145], [127.2752597, 36.6706399], [127.2751662, 36.6701703], [127.2751987, 36.6697399], [127.2752719, 36.6694399], [127.2754061, 36.6690942], [127.2754671, 36.6688562], [127.2754752, 36.668504], [127.2754996, 36.6682171], [127.2754343, 36.6680036]]}}, {"type": "Feature", "properties": {"name": "OSM feature", "waterway": "stream", "osm_id": 794842584, "origin": "OBSERVED"}, "geometry": {"type": "LineString", "coordinates": [[127.2753531, 36.6711123], [127.2753338, 36.6710145]]}}, {"type": "Feature", "properties": {"name": "노장천", "waterway": "stream", "osm_id": 794842586, "origin": "OBSERVED"}, "geometry": {"type": "LineString", "coordinates": [[127.275404, 36.6679044], [127.2753939, 36.6678714], [127.2751744, 36.6676203], [127.2748125, 36.6671768], [127.2744548, 36.6666094], [127.2741499, 36.6661561], [127.2739141, 36.6658854], [127.2739019, 36.6652887], [127.2740401, 36.6648517], [127.2741661, 36.6644864], [127.2743694, 36.6640495], [127.2744222, 36.663756], [127.2742637, 36.6633288], [127.2738775, 36.6627907], [127.2735116, 36.6624385], [127.2727798, 36.6619167], [127.2724069, 36.661587], [127.2723814, 36.6615644], [127.2721293, 36.6612318], [127.2719017, 36.6607035], [127.2717675, 36.660211], [127.2715561, 36.6594348], [127.2712471, 36.6583912], [127.2711252, 36.6578498], [127.270808, 36.6572139], [127.2706007, 36.6569301], [127.2704503, 36.6565355], [127.2701942, 36.6559256], [127.2698892, 36.6552244], [127.2696209, 36.6545068], [127.2694827, 36.6540209], [127.2692916, 36.6534436], [127.2691534, 36.6528793], [127.2690396, 36.6524618], [127.2689176, 36.6522824], [127.2684582, 36.65194], [127.268198, 36.651771]]}}, {"type": "Feature", "properties": {"name": "OSM feature", "waterway": "stream", "osm_id": 794842587, "origin": "OBSERVED"}, "geometry": {"type": "LineString", "coordinates": [[127.2754343, 36.6680036], [127.275404, 36.6679044]]}}, {"type": "Feature", "properties": {"name": "노장천", "waterway": "stream", "osm_id": 794842588, "origin": "OBSERVED"}, "geometry": {"type": "LineString", "coordinates": [[127.2781571, 36.6745694], [127.2781503, 36.6745691], [127.2779307, 36.674455], [127.2775161, 36.67423], [127.2772355, 36.6739268], [127.276951, 36.6738028], [127.2761826, 36.6736268], [127.2758858, 36.67348], [127.2757598, 36.6733496], [127.2757172, 36.6732254], [127.2756703, 36.6730887], [127.2756256, 36.6725996], [127.2755118, 36.6719018], [127.2754102, 36.6714095], [127.2753654, 36.6711747], [127.2753531, 36.6711123]]}}, {"type": "Feature", "properties": {"name": "OSM feature", "waterway": "stream", "osm_id": 794842589, "origin": "OBSERVED"}, "geometry": {"type": "LineString", "coordinates": [[127.2783048, 36.6745756], [127.2781571, 36.6745694]]}}, {"type": "Feature", "properties": {"name": "OSM feature", "waterway": "stream", "osm_id": 795278932, "origin": "OBSERVED"}, "geometry": {"type": "LineString", "coordinates": [[127.2865249, 36.6619759], [127.2862589, 36.6618018], [127.2861048, 36.6616033], [127.2859368, 36.6614723], [127.2857151, 36.6612945], [127.2855681, 36.6611354], [127.2854234, 36.6607666], [127.2853021, 36.6604072], [127.2850734, 36.6599635], [127.2849427, 36.6597239], [127.2847747, 36.6595797], [127.2844457, 36.6593289], [127.2838646, 36.6589882], [127.2832999, 36.6586381], [127.2828028, 36.6584135], [127.2824038, 36.6582618], [127.2818274, 36.6581102], [127.2816033, 36.6579885], [127.2812346, 36.657792], [127.2809663, 36.6575449], [127.2804692, 36.6571854], [127.2800165, 36.6568353], [127.2793654, 36.6564104], [127.278803, 36.6560734], [127.278152, 36.6556597], [127.2773259, 36.6551898], [127.2771532, 36.6550737], [127.2770342, 36.654967], [127.2768965, 36.6548397], [127.2767355, 36.6546544], [127.2766118, 36.6544147], [127.2764438, 36.6540216], [127.2763738, 36.6538025], [127.2762851, 36.6533663], [127.2762244, 36.653166], [127.2760541, 36.6526942], [127.2758464, 36.6521513], [127.2757834, 36.6519641], [127.2757017, 36.6518312], [127.2755687, 36.6517226], [127.2754123, 36.6516421], [127.275102, 36.6515391], [127.2747823, 36.6515747], [127.2745676, 36.6515971], [127.2742269, 36.6515428], [127.2738768, 36.6514998], [127.2735618, 36.6513987], [127.2730321, 36.6512508], [127.272584, 36.6511328], [127.2721663, 36.6510093], [127.2719633, 36.6508969], [127.2717346, 36.6507359], [127.2712212, 36.6503671], [127.2709416, 36.6501302]]}}, {"type": "Feature", "properties": {"name": "OSM feature", "waterway": "stream", "osm_id": 795278933, "origin": "OBSERVED"}, "geometry": {"type": "LineString", "coordinates": [[127.2708488, 36.6500516], [127.2708035, 36.6500132], [127.2703508, 36.6496594], [127.2701874, 36.6494815], [127.2700498, 36.6492812], [127.2696963, 36.6487247]]}}, {"type": "Feature", "properties": {"name": "OSM feature", "waterway": "stream", "osm_id": 795278934, "origin": "OBSERVED"}, "geometry": {"type": "LineString", "coordinates": [[127.2709416, 36.6501302], [127.2708488, 36.6500516]]}}, {"type": "Feature", "properties": {"name": "OSM feature", "waterway": "stream", "osm_id": 795278935, "origin": "OBSERVED"}, "geometry": {"type": "LineString", "coordinates": [[127.3009114, 36.6749384], [127.3009362, 36.6746775], [127.3008973, 36.6745072], [127.300777, 36.6742604], [127.3004693, 36.6741243], [127.3002748, 36.6740448], [127.3002217, 36.6739143], [127.3002323, 36.6737299], [127.3003844, 36.6733952], [127.3005377, 36.673271]]}}, {"type": "Feature", "properties": {"name": "OSM feature", "waterway": "stream", "osm_id": 795278936, "origin": "OBSERVED"}, "geometry": {"type": "LineString", "coordinates": [[127.3006324, 36.6731942], [127.300724, 36.67312], [127.3010671, 36.6727625], [127.3011909, 36.6725668], [127.3010246, 36.6724278], [127.3007134, 36.6722888], [127.3002571, 36.6720108], [127.2998751, 36.6718661], [127.2996133, 36.6717441], [127.2994542, 36.6715341], [127.2992384, 36.671171], [127.2991358, 36.6709384], [127.2991641, 36.6707596], [127.29915, 36.670544], [127.2990722, 36.6702178], [127.2989413, 36.669883], [127.2987291, 36.6694376], [127.2985522, 36.6691652], [127.2982127, 36.6690092], [127.2975371, 36.6686943], [127.2972471, 36.6684588], [127.2970843, 36.6682318], [127.2966599, 36.6679169], [127.2964017, 36.6677439], [127.2962425, 36.6675112], [127.2958853, 36.6672814], [127.2956129, 36.6670175], [127.2952557, 36.6666799], [127.2949126, 36.6664898], [127.2945483, 36.6663934], [127.2940106, 36.6662373], [127.293611, 36.665965], [127.2933421, 36.6657578], [127.2928753, 36.6654599], [127.2925357, 36.6652897], [127.2922457, 36.665145], [127.2921183, 36.6648897], [127.2920157, 36.6647052], [127.2916479, 36.6643336], [127.2914427, 36.6640498], [127.2910466, 36.6635789], [127.2906469, 36.663105], [127.2902791, 36.6628412], [127.2900138, 36.6626851], [127.2896919, 36.6626113], [127.2893453, 36.6625773], [127.2891224, 36.6625574], [127.2886768, 36.6624723], [127.2884893, 36.6624212]]}}, {"type": "Feature", "properties": {"name": "OSM feature", "waterway": "stream", "osm_id": 795278937, "origin": "OBSERVED"}, "geometry": {"type": "LineString", "coordinates": [[127.3005377, 36.673271], [127.3006324, 36.6731942]]}}, {"type": "Feature", "properties": {"name": "OSM feature", "waterway": "stream", "osm_id": 829418323, "origin": "OBSERVED"}, "geometry": {"type": "LineString", "coordinates": [[127.3195114, 36.6466139], [127.3195142, 36.6465505]]}}, {"type": "Feature", "properties": {"name": "OSM feature", "waterway": "stream", "osm_id": 829418324, "origin": "OBSERVED"}, "geometry": {"type": "LineString", "coordinates": [[127.3129093, 36.6522201], [127.3129408, 36.6521923], [127.3132397, 36.6521585], [127.3138748, 36.6520124], [127.314169, 36.6517876], [127.3144025, 36.6515965], [127.3147107, 36.6512331], [127.3147014, 36.6508847], [127.3146173, 36.6503377], [127.3147154, 36.6500829], [127.3149489, 36.6495583], [127.3152478, 36.6494871], [127.3160276, 36.6494085], [127.3164993, 36.6492923], [127.3168852, 36.6491104], [127.317001, 36.6488686], [127.3170025, 36.6488243], [127.3170093, 36.6486231], [127.3171876, 36.6483034], [127.3174423, 36.6481421], [127.3177391, 36.6480642], [127.3182444, 36.6479084], [127.3185679, 36.647812], [127.3188884, 36.6476489], [127.3191749, 36.6473918], [127.3193136, 36.6471495], [127.3194984, 36.6468133], [127.3195114, 36.6466139]]}}, {"type": "Feature", "properties": {"name": "노장천", "waterway": "stream", "osm_id": 866135322, "origin": "OBSERVED"}, "geometry": {"type": "LineString", "coordinates": [[127.2703717, 36.6742997], [127.2704002, 36.6737641], [127.2704288, 36.673105], [127.2704858, 36.6727204], [127.2704573, 36.6723817], [127.2704687, 36.6720796], [127.2703976, 36.67174], [127.2702463, 36.6714348], [127.270043, 36.6710046], [127.2698215, 36.6703343], [127.2697844, 36.6700932], [127.269898, 36.6697437], [127.2701123, 36.6694487], [127.2706868, 36.6690763], [127.2712006, 36.668806], [127.2722512, 36.6683538], [127.2728758, 36.6679989], [127.2735148, 36.6671844], [127.273847, 36.6665129], [127.2739141, 36.6658854]]}}, {"type": "Feature", "properties": {"name": "OSM feature", "waterway": "stream", "osm_id": 905454566, "origin": "OBSERVED"}, "geometry": {"type": "LineString", "coordinates": [[127.3939776, 36.6768577], [127.3937677, 36.676378], [127.3929389, 36.6743817], [127.3928155, 36.6734007]]}}, {"type": "Feature", "properties": {"name": "OSM feature", "waterway": "stream", "osm_id": 905454567, "origin": "OBSERVED"}, "geometry": {"type": "LineString", "coordinates": [[127.3959269, 36.6791465], [127.3950686, 36.6792993], [127.3941056, 36.6771503], [127.3940904, 36.6771189]]}}, {"type": "Feature", "properties": {"name": "OSM feature", "waterway": "stream", "osm_id": 905454568, "origin": "OBSERVED"}, "geometry": {"type": "LineString", "coordinates": [[127.3940904, 36.6771189], [127.3940756, 36.6770845], [127.3939776, 36.6768577]]}}, {"type": "Feature", "properties": {"name": "OSM feature", "waterway": "stream", "osm_id": 905454569, "origin": "OBSERVED"}, "geometry": {"type": "LineString", "coordinates": [[127.3963558, 36.6800079], [127.3959269, 36.6791465], [127.3958111, 36.6789157], [127.3959859, 36.6785472], [127.3962827, 36.678231], [127.3970104, 36.6777712]]}}, {"type": "Feature", "properties": {"name": "OSM feature", "waterway": "stream", "osm_id": 905454570, "origin": "OBSERVED"}, "geometry": {"type": "LineString", "coordinates": [[127.3930173, 36.6732675], [127.3931203, 36.6731906], [127.3929847, 36.6727236], [127.3932466, 36.6725036], [127.3936194, 36.6722318], [127.3939761, 36.6720623]]}}, {"type": "Feature", "properties": {"name": "OSM feature", "waterway": "stream", "osm_id": 905454571, "origin": "OBSERVED"}, "geometry": {"type": "LineString", "coordinates": [[127.3928254, 36.6733939], [127.3930173, 36.6732675]]}}, {"type": "Feature", "properties": {"name": "OSM feature", "waterway": "stream", "osm_id": 905454572, "origin": "OBSERVED"}, "geometry": {"type": "LineString", "coordinates": [[127.3928155, 36.6734007], [127.3928254, 36.6733939]]}}, {"type": "Feature", "properties": {"name": "OSM feature", "waterway": "stream", "osm_id": 905454575, "origin": "OBSERVED"}, "geometry": {"type": "LineString", "coordinates": [[127.3926804, 36.6776421], [127.3926842, 36.6776315], [127.3929241, 36.6777765], [127.3930583, 36.6777765], [127.3931274, 36.6777505], [127.393353, 36.6775891], [127.3934485, 36.6773934], [127.3936559, 36.6772875], [127.3939527, 36.6771407], [127.3940756, 36.6770845]]}}, {"type": "Feature", "properties": {"name": "OSM feature", "waterway": "stream", "osm_id": 905454576, "origin": "OBSERVED"}, "geometry": {"type": "LineString", "coordinates": [[127.3926541, 36.6777158], [127.3926804, 36.6776421]]}}, {"type": "Feature", "properties": {"name": "OSM feature", "waterway": "ditch", "osm_id": 905634002, "origin": "OBSERVED"}, "geometry": {"type": "LineString", "coordinates": [[127.3874259, 36.6704466], [127.3874071, 36.6704328], [127.3859376, 36.6690948], [127.3851734, 36.668399]]}}, {"type": "Feature", "properties": {"name": "OSM feature", "waterway": "ditch", "osm_id": 905634003, "origin": "OBSERVED"}, "geometry": {"type": "LineString", "coordinates": [[127.3849181, 36.6674339], [127.3848961, 36.6673709], [127.3852017, 36.6654298], [127.3853459, 36.664514], [127.3855123, 36.6642693], [127.3857575, 36.6640886], [127.3858752, 36.6640018]]}}, {"type": "Feature", "properties": {"name": "OSM feature", "waterway": "ditch", "osm_id": 905634004, "origin": "OBSERVED"}, "geometry": {"type": "LineString", "coordinates": [[127.3850162, 36.6677144], [127.3849181, 36.6674339]]}}, {"type": "Feature", "properties": {"name": "OSM feature", "waterway": "stream", "osm_id": 905634005, "origin": "OBSERVED"}, "geometry": {"type": "LineString", "coordinates": [[127.3863099, 36.6636795], [127.3871489, 36.6630633]]}}, {"type": "Feature", "properties": {"name": "OSM feature", "waterway": "stream", "osm_id": 905634006, "origin": "OBSERVED"}, "geometry": {"type": "LineString", "coordinates": [[127.3858752, 36.6640018], [127.3860216, 36.6638912]]}}, {"type": "Feature", "properties": {"name": "OSM feature", "waterway": "stream", "osm_id": 905634007, "origin": "OBSERVED"}, "geometry": {"type": "LineString", "coordinates": [[127.3860216, 36.6638912], [127.3862349, 36.6637345]]}}, {"type": "Feature", "properties": {"name": "OSM feature", "waterway": "stream", "osm_id": 905634008, "origin": "OBSERVED"}, "geometry": {"type": "LineString", "coordinates": [[127.3862349, 36.6637345], [127.3863099, 36.6636795]]}}, {"type": "Feature", "properties": {"name": "OSM feature", "waterway": "ditch", "osm_id": 905634009, "origin": "OBSERVED"}, "geometry": {"type": "LineString", "coordinates": [[127.3850522, 36.6682454], [127.3850193, 36.6682037], [127.3850162, 36.6677144]]}}, {"type": "Feature", "properties": {"name": "OSM feature", "waterway": "ditch", "osm_id": 905634010, "origin": "OBSERVED"}, "geometry": {"type": "LineString", "coordinates": [[127.3851734, 36.668399], [127.3850522, 36.6682454]]}}, {"type": "Feature", "properties": {"name": "OSM feature", "waterway": "ditch", "osm_id": 905634011, "origin": "OBSERVED"}, "geometry": {"type": "LineString", "coordinates": [[127.3888245, 36.6717606], [127.3887171, 36.6716314], [127.3874935, 36.6704964]]}}, {"type": "Feature", "properties": {"name": "OSM feature", "waterway": "ditch", "osm_id": 905634012, "origin": "OBSERVED"}, "geometry": {"type": "LineString", "coordinates": [[127.3874935, 36.6704964], [127.3874259, 36.6704466]]}}, {"type": "Feature", "properties": {"name": "OSM feature", "waterway": "ditch", "osm_id": 905634013, "origin": "OBSERVED"}, "geometry": {"type": "LineString", "coordinates": [[127.3848373, 36.6673943], [127.3847962, 36.6673207], [127.3845897, 36.6671897], [127.3823354, 36.6668279], [127.3821754, 36.6667732], [127.3809835, 36.6663654], [127.3798812, 36.6659114], [127.3798403, 36.6658398], [127.3797068, 36.6656059], [127.379334, 36.6648335], [127.3791087, 36.6644634], [127.3788834, 36.6642547], [127.3786983, 36.664117], [127.3772202, 36.663404], [127.3771348, 36.6629505], [127.3777934, 36.6626276], [127.3785516, 36.6620847], [127.3799481, 36.6610052], [127.3800871, 36.6609196], [127.3815072, 36.6600447], [127.3824138, 36.660865], [127.3825947, 36.6609677], [127.3828386, 36.6611813], [127.3842462, 36.6625833], [127.3857575, 36.6640886]]}}, {"type": "Feature", "properties": {"name": "OSM feature", "waterway": "ditch", "osm_id": 905634014, "origin": "OBSERVED"}, "geometry": {"type": "LineString", "coordinates": [[127.3850162, 36.6677144], [127.3848373, 36.6673943]]}}, {"type": "Feature", "properties": {"name": "OSM feature", "waterway": "ditch", "osm_id": 905634015, "origin": "OBSERVED"}, "geometry": {"type": "LineString", "coordinates": [[127.3906132, 36.67056], [127.3898156, 36.6694672], [127.3889217, 36.668196], [127.3886015, 36.6677055], [127.3883773, 36.667451], [127.388302, 36.6673401], [127.3876842, 36.6664305], [127.3863991, 36.6647948], [127.3857575, 36.6640886]]}}, {"type": "Feature", "properties": {"name": "OSM feature", "waterway": "ditch", "osm_id": 905634016, "origin": "OBSERVED"}, "geometry": {"type": "LineString", "coordinates": [[127.3866256, 36.6685839], [127.388302, 36.6673401]]}}, {"type": "Feature", "properties": {"name": "OSM feature", "waterway": "ditch", "osm_id": 905634017, "origin": "OBSERVED"}, "geometry": {"type": "LineString", "coordinates": [[127.3859376, 36.6690948], [127.3864552, 36.6687107]]}}, {"type": "Feature", "properties": {"name": "OSM feature", "waterway": "ditch", "osm_id": 905634018, "origin": "OBSERVED"}, "geometry": {"type": "LineString", "coordinates": [[127.3864552, 36.6687107], [127.3866256, 36.6685839]]}}, {"type": "Feature", "properties": {"name": "OSM feature", "waterway": "ditch", "osm_id": 905634019, "origin": "OBSERVED"}, "geometry": {"type": "LineString", "coordinates": [[127.3852017, 36.6654298], [127.3846089, 36.664907], [127.3800871, 36.6609196]]}}, {"type": "Feature", "properties": {"name": "OSM feature", "waterway": "ditch", "osm_id": 905634020, "origin": "OBSERVED"}, "geometry": {"type": "LineString", "coordinates": [[127.3821754, 36.6667732], [127.3823115, 36.6665968], [127.3846089, 36.664907]]}}, {"type": "Feature", "properties": {"name": "OSM feature", "waterway": "ditch", "osm_id": 905634021, "origin": "OBSERVED"}, "geometry": {"type": "LineString", "coordinates": [[127.3798403, 36.6658398], [127.3829873, 36.6635138]]}}, {"type": "Feature", "properties": {"name": "OSM feature", "waterway": "ditch", "osm_id": 905634022, "origin": "OBSERVED"}, "geometry": {"type": "LineString", "coordinates": [[127.3830326, 36.6634803], [127.3842462, 36.6625833]]}}, {"type": "Feature", "properties": {"name": "OSM feature", "waterway": "ditch", "osm_id": 905634023, "origin": "OBSERVED"}, "geometry": {"type": "LineString", "coordinates": [[127.3829873, 36.6635138], [127.3830326, 36.6634803]]}}, {"type": "Feature", "properties": {"name": "내창천", "waterway": "stream", "osm_id": 910873214, "origin": "OBSERVED"}, "geometry": {"type": "LineString", "coordinates": [[127.2726306, 36.6136574], [127.2726627, 36.613491], [127.2727177, 36.6133584], [127.2728235, 36.613227], [127.2728855, 36.6130436], [127.2734089, 36.6124059], [127.2737522, 36.6119123], [127.2739936, 36.6117419], [127.2742134, 36.6115499], [127.2742799, 36.6114599], [127.2742958, 36.6113618], [127.274332, 36.6112012], [127.2744085, 36.6110324], [127.2745532, 36.6107666], [127.2745524, 36.6107611]]}}, {"type": "Feature", "properties": {"name": "내창천", "waterway": "stream", "osm_id": 910873215, "origin": "OBSERVED"}, "geometry": {"type": "LineString", "coordinates": [[127.2745524, 36.6107611], [127.2745265, 36.6105838]]}}, {"type": "Feature", "properties": {"name": "OSM feature", "waterway": "stream", "osm_id": 988994048, "origin": "OBSERVED"}, "geometry": {"type": "LineString", "coordinates": [[127.3313629, 36.6194425], [127.3311481, 36.6191314]]}}, {"type": "Feature", "properties": {"name": "OSM feature", "waterway": "stream", "osm_id": 988994049, "origin": "OBSERVED"}, "geometry": {"type": "LineString", "coordinates": [[127.3322457, 36.6243793], [127.3322295, 36.6240824]]}}, {"type": "Feature", "properties": {"name": "OSM feature", "waterway": "stream", "osm_id": 988994050, "origin": "OBSERVED"}, "geometry": {"type": "LineString", "coordinates": [[127.3322295, 36.6240824], [127.3322457, 36.6238083], [127.3320669, 36.6231492], [127.3319937, 36.622898], [127.3319002, 36.6222846], [127.3317294, 36.6215243], [127.3316075, 36.6212568], [127.3314082, 36.6205683], [127.3312172, 36.620304], [127.330896, 36.6198896], [127.3314367, 36.6195633], [127.3313629, 36.6194425]]}}, {"type": "Feature", "properties": {"name": "OSM feature", "waterway": "stream", "osm_id": 989156965, "origin": "OBSERVED"}, "geometry": {"type": "LineString", "coordinates": [[127.3283197, 36.6480066], [127.3280717, 36.6477979], [127.3280921, 36.6475174], [127.3282262, 36.6472303], [127.3282303, 36.6471521], [127.3281652, 36.6469531], [127.3281648, 36.6467027], [127.3281896, 36.6466231], [127.328186, 36.646271], [127.3282639, 36.6462142], [127.328363, 36.6460382], [127.3283771, 36.6458337], [127.328317, 36.6454759], [127.328317, 36.6450699], [127.3283984, 36.6444735], [127.3285044, 36.6440788]]}}, {"type": "Feature", "properties": {"name": "OSM feature", "waterway": "stream", "osm_id": 989156966, "origin": "OBSERVED"}, "geometry": {"type": "LineString", "coordinates": [[127.3245067, 36.6477784], [127.3244328, 36.6476598], [127.3243588, 36.6474225], [127.324365, 36.6467501], [127.3243527, 36.6463397], [127.3243465, 36.6461914], [127.3241924, 36.6458947], [127.3241308, 36.6455684], [127.3242294, 36.6451778], [127.3242972, 36.6446488], [127.3243527, 36.6443621], [127.3243527, 36.6442879]]}}, {"type": "Feature", "properties": {"name": "OSM feature", "waterway": "stream", "osm_id": 990226422, "origin": "OBSERVED"}, "geometry": {"type": "LineString", "coordinates": [[127.3687906, 36.6562483], [127.3690192, 36.6554178], [127.3691607, 36.6551961], [127.3693055, 36.655043], [127.369901, 36.6543673], [127.3719248, 36.6519751], [127.3720117, 36.6518144]]}}, {"type": "Feature", "properties": {"name": "OSM feature", "waterway": "stream", "osm_id": 990226423, "origin": "OBSERVED"}, "geometry": {"type": "LineString", "coordinates": [[127.3695029, 36.657313], [127.3687527, 36.6571308], [127.3686672, 36.6570833], [127.3686244, 36.6570041], [127.3686474, 36.656859], [127.3687475, 36.6564048]]}}, {"type": "Feature", "properties": {"name": "OSM feature", "waterway": "stream", "osm_id": 990226424, "origin": "OBSERVED"}, "geometry": {"type": "LineString", "coordinates": [[127.3687475, 36.6564048], [127.3687906, 36.6562483]]}}, {"type": "Feature", "properties": {"name": "OSM feature", "waterway": "stream", "osm_id": 1101136460, "origin": "OBSERVED"}, "geometry": {"type": "LineString", "coordinates": [[127.3978235, 36.6772299], [127.3981846, 36.6769269]]}}, {"type": "Feature", "properties": {"name": "OSM feature", "waterway": "stream", "osm_id": 1101136461, "origin": "OBSERVED"}, "geometry": {"type": "LineString", "coordinates": [[127.3970104, 36.6777712], [127.397515, 36.6775014]]}}, {"type": "Feature", "properties": {"name": "OSM feature", "waterway": "stream", "osm_id": 1101136462, "origin": "OBSERVED"}, "geometry": {"type": "LineString", "coordinates": [[127.397515, 36.6775014], [127.3976848, 36.6773557]]}}, {"type": "Feature", "properties": {"name": "OSM feature", "waterway": "stream", "osm_id": 1101136463, "origin": "OBSERVED"}, "geometry": {"type": "LineString", "coordinates": [[127.3976848, 36.6773557], [127.3978235, 36.6772299]]}}, {"type": "Feature", "properties": {"name": "OSM feature", "waterway": "drain", "osm_id": 1101942128, "origin": "OBSERVED"}, "geometry": {"type": "LineString", "coordinates": [[127.3372077, 36.6153309], [127.3391661, 36.6165101], [127.3385014, 36.617268]]}}, {"type": "Feature", "properties": {"name": "OSM feature", "waterway": "drain", "osm_id": 1101942129, "origin": "OBSERVED"}, "geometry": {"type": "LineString", "coordinates": [[127.337109, 36.6152715], [127.3372077, 36.6153309]]}}, {"type": "Feature", "properties": {"name": "OSM feature", "waterway": "stream", "osm_id": 1101957665, "origin": "OBSERVED"}, "geometry": {"type": "LineString", "coordinates": [[127.3415717, 36.6190421], [127.3407481, 36.6144794], [127.3400934, 36.6128857], [127.339658, 36.612201], [127.3392723, 36.6118885], [127.3384936, 36.6115164], [127.3377244, 36.6111652], [127.3367867, 36.6109981], [127.3359134, 36.6108101]]}}, {"type": "Feature", "properties": {"name": "OSM feature", "waterway": "stream", "osm_id": 1101957666, "origin": "OBSERVED"}, "geometry": {"type": "LineString", "coordinates": [[127.3359134, 36.6108101], [127.3357646, 36.610778]]}}, {"type": "Feature", "properties": {"name": "OSM feature", "waterway": "drain", "osm_id": 1102245527, "origin": "OBSERVED"}, "geometry": {"type": "LineString", "coordinates": [[127.3381948, 36.617581], [127.3360458, 36.619886]]}}, {"type": "Feature", "properties": {"name": "OSM feature", "waterway": "drain", "osm_id": 1102245528, "origin": "OBSERVED"}, "geometry": {"type": "LineString", "coordinates": [[127.3360458, 36.619886], [127.3360061, 36.619939]]}}, {"type": "Feature", "properties": {"name": "OSM feature", "waterway": "drain", "osm_id": 1102245537, "origin": "OBSERVED"}, "geometry": {"type": "LineString", "coordinates": [[127.337529, 36.6244065], [127.3378781, 36.6236341], [127.3375422, 36.6234171]]}}, {"type": "Feature", "properties": {"name": "OSM feature", "waterway": "drain", "osm_id": 1102245538, "origin": "OBSERVED"}, "geometry": {"type": "LineString", "coordinates": [[127.3375105, 36.6244655], [127.337529, 36.6244065]]}}, {"type": "Feature", "properties": {"name": "OSM feature", "waterway": "drain", "osm_id": 1102245539, "origin": "OBSERVED"}, "geometry": {"type": "LineString", "coordinates": [[127.3371971, 36.6244865], [127.3370391, 36.624131], [127.3370171, 36.6240433], [127.3370095, 36.6240182]]}}, {"type": "Feature", "properties": {"name": "OSM feature", "waterway": "drain", "osm_id": 1102245540, "origin": "OBSERVED"}, "geometry": {"type": "LineString", "coordinates": [[127.3370095, 36.6240182], [127.3370675, 36.6238914]]}}, {"type": "Feature", "properties": {"name": "OSM feature", "waterway": "stream", "osm_id": 1166166303, "origin": "OBSERVED"}, "geometry": {"type": "LineString", "coordinates": [[127.3960114, 36.6642224], [127.3960071, 36.6641747], [127.3960024, 36.663895], [127.3958186, 36.6633545], [127.3956678, 36.6630068], [127.3956694, 36.6629584]]}}, {"type": "Feature", "properties": {"name": "OSM feature", "waterway": "stream", "osm_id": 1166166304, "origin": "OBSERVED"}, "geometry": {"type": "LineString", "coordinates": [[127.3960207, 36.6643248], [127.3960114, 36.6642224]]}}, {"type": "Feature", "properties": {"name": "OSM feature", "waterway": "stream", "osm_id": 1166166305, "origin": "OBSERVED"}, "geometry": {"type": "LineString", "coordinates": [[127.3999243, 36.6662714], [127.3998755, 36.6662497], [127.3975808, 36.6651725], [127.3961955, 36.664496], [127.3960259, 36.6643826], [127.3960207, 36.6643248]]}}, {"type": "Feature", "properties": {"name": "OSM feature", "waterway": "stream", "osm_id": 1166166306, "origin": "OBSERVED"}, "geometry": {"type": "LineString", "coordinates": [[127.4000243, 36.6663159], [127.3999243, 36.6662714]]}}]}