{
"type": "FeatureCollection",
"name": "osong_wamis_rivers",
"crs": { "type": "name", "properties": { "name": "urn:ogc:def:crs:OGC:1.3:CRS84" } },
"features": [
{ "type": "Feature", "properties": { "ObjectID": 2113, "RIVCD_2": 3001810, "RIVNM_2": "미호천", "CLAS1": 3, "CLAS2": "국가", "source_dataset": "WAMIS river network", "river_scope": "national", "data_role": "official_river_polygon_context", "aoi_bbox": "127.27,36.58,127.4,36.68" }, "geometry": { "type": "Polygon", "coordinates": [ [ [ 127.30051294366875, 36.580020622501834 ], [ 127.300514131334026, 36.580087305220843 ], [ 127.300514890178349, 36.580191195945211 ], [ 127.300538169514141, 36.580258813528147 ], [ 127.300705375439378, 36.580868842386487 ], [ 127.300809919490177, 36.581250258188192 ], [ 127.301391107749055, 36.582503856375553 ], [ 127.30151218374786, 36.582500810821536 ], [ 127.301680284300673, 36.582527338823198 ], [ 127.301724845744644, 36.582536606497861 ], [ 127.301808018803584, 36.582566844255524 ], [ 127.301860124367977, 36.582590566529504 ], [ 127.301925523895775, 36.582627950638951 ], [ 127.302014349743686, 36.582692842474636 ], [ 127.302091882643083, 36.58275283294509 ], [ 127.302153078093923, 36.582788985705612 ], [ 127.302394751570034, 36.582940269626704 ], [ 127.30251938584108, 36.58300979106756 ], [ 127.302588350326857, 36.583041643675358 ], [ 127.302684330991411, 36.583069749236756 ], [ 127.302862370324419, 36.583114859413975 ], [ 127.303042346282723, 36.583137831568621 ], [ 127.303193320932579, 36.583168086610002 ], [ 127.303262960090237, 36.583197655528096 ], [ 127.303287223444357, 36.583204757958832 ], [ 127.303376860896449, 36.583216560500908 ], [ 127.303645191712391, 36.583254788474719 ], [ 127.303802277553174, 36.583275934992344 ], [ 127.304056530530261, 36.583314304745514 ], [ 127.304323636681104, 36.583362357383876 ], [ 127.304578437703967, 36.58340614136106 ], [ 127.304934527571291, 36.583458831577204 ], [ 127.305107007330292, 36.583478827806459 ], [ 127.305272140657365, 36.583489093564459 ], [ 127.305425219065967, 36.583494134128792 ], [ 127.305587393823814, 36.583502072344636 ], [ 127.305706375891305, 36.583517078060574 ], [ 127.30585736545855, 36.583536731663017 ], [ 127.306027199606248, 36.583571521353797 ], [ 127.306199262191186, 36.583616416687576 ], [ 127.306376312895154, 36.583667515015755 ], [ 127.306575880817249, 36.583727821529479 ], [ 127.3068240686206, 36.583796877182976 ], [ 127.306876330348729, 36.583811809647798 ], [ 127.306895911382838, 36.583815867490046 ], [ 127.306912200195171, 36.583817763597054 ], [ 127.306937266055073, 36.583818833715242 ], [ 127.306947870490902, 36.583818564211448 ], [ 127.306958767505989, 36.583816616578758 ], [ 127.306982227991512, 36.583809671513883 ], [ 127.306994322185474, 36.583808180174827 ], [ 127.307003810120278, 36.583808273066168 ], [ 127.30700389950168, 36.58380829124097 ], [ 127.307616747632494, 36.583838647519087 ], [ 127.307667850631972, 36.583836793552216 ], [ 127.307714096273287, 36.583836440846994 ], [ 127.307788750657267, 36.583839644395049 ], [ 127.308177040500681, 36.584016157045539 ], [ 127.308399669225778, 36.584123601232839 ], [ 127.308624630507254, 36.584229182633415 ], [ 127.308646995733241, 36.584236630709441 ], [ 127.308663201935147, 36.584240347484005 ], [ 127.308814005727072, 36.584257339407863 ], [ 127.309191218483548, 36.584300914938055 ], [ 127.309647496261277, 36.584351888899036 ], [ 127.310088331583017, 36.584396962307572 ], [ 127.310388792889896, 36.584429395356985 ], [ 127.310708145236845, 36.584463051241791 ], [ 127.310943019949818, 36.584482155454708 ], [ 127.311332181917138, 36.584523222555276 ], [ 127.311802339461252, 36.58457138492151 ], [ 127.312318779387908, 36.584621992877018 ], [ 127.312772357558586, 36.584667671417144 ], [ 127.313195463030425, 36.584709950489398 ], [ 127.313553390259429, 36.584746361909744 ], [ 127.313889328228711, 36.584780622995446 ], [ 127.314118044596185, 36.584807505747499 ], [ 127.314455521998894, 36.584840516349935 ], [ 127.314894830024585, 36.584885261294296 ], [ 127.314905623995443, 36.584885251010412 ], [ 127.314910253345857, 36.584880894916168 ], [ 127.314919440839788, 36.584826153591237 ], [ 127.314923292181476, 36.584822726641256 ], [ 127.315012390121439, 36.584832612013614 ], [ 127.315017407073071, 36.584835401842717 ], [ 127.315010145348253, 36.584893570078563 ], [ 127.31502133731793, 36.584898226589999 ], [ 127.315321794463117, 36.584928467362772 ], [ 127.315417834414646, 36.584936477239431 ], [ 127.315633045827212, 36.584958697029023 ], [ 127.315886057959673, 36.584983060903667 ], [ 127.316924055517717, 36.585081522711754 ], [ 127.31707939096286, 36.585099086300737 ], [ 127.318034330049173, 36.585210185276409 ], [ 127.318730098211617, 36.585309381363956 ], [ 127.319517717016396, 36.58547331612386 ], [ 127.319713654124072, 36.585514081176058 ], [ 127.319742950926738, 36.585524664072047 ], [ 127.320482260793511, 36.585740456878568 ], [ 127.32064265411114, 36.58578667866751 ], [ 127.320765782560301, 36.585832900106581 ], [ 127.320771983637997, 36.585838091279086 ], [ 127.320806611377293, 36.585851272853048 ], [ 127.321353797745047, 36.586042704708547 ], [ 127.321904739873929, 36.586263656723069 ], [ 127.322106898167775, 36.586346168598411 ], [ 127.322561797227266, 36.586538674166363 ], [ 127.322901521719274, 36.586714494974593 ], [ 127.323269517431868, 36.586919390584306 ], [ 127.323361581967205, 36.586970164554977 ], [ 127.323536115752475, 36.587064733054021 ], [ 127.323654976557393, 36.587134041729357 ], [ 127.323823410866439, 36.587236936092154 ], [ 127.324040980519754, 36.587374561997841 ], [ 127.324246418909397, 36.587507579157233 ], [ 127.324421519974521, 36.587625142764402 ], [ 127.324652555456481, 36.58778361032973 ], [ 127.32482080784898, 36.587908853103436 ], [ 127.325000015160199, 36.588045427404033 ], [ 127.325243942190511, 36.588231767421043 ], [ 127.325490266265632, 36.588435392280871 ], [ 127.325742050722269, 36.588659241743414 ], [ 127.325981121953944, 36.588890884543126 ], [ 127.326186143680033, 36.589096333587847 ], [ 127.326289674811875, 36.589199411049336 ], [ 127.326387640826312, 36.589286705793988 ], [ 127.326562881234281, 36.589493127694993 ], [ 127.326579259441644, 36.589510781340032 ], [ 127.32676528539875, 36.589712712911115 ], [ 127.32732283478974, 36.590334528415113 ], [ 127.327658943841001, 36.590708740554781 ], [ 127.328011132598689, 36.5910897740726 ], [ 127.328357770876522, 36.591470803945768 ], [ 127.328648831097397, 36.591791826340256 ], [ 127.328930239318481, 36.592097546456031 ], [ 127.329229504467165, 36.592428212648912 ], [ 127.329542515471672, 36.592769465160146 ], [ 127.330074052298912, 36.593350067669547 ], [ 127.330322991389849, 36.593620485740537 ], [ 127.330575748673724, 36.593892073451343 ], [ 127.33070124651104, 36.594028095734188 ], [ 127.330806528014747, 36.594121747370529 ], [ 127.330896011217277, 36.594190444519228 ], [ 127.330994823535661, 36.594255837295968 ], [ 127.331123752037811, 36.594336742464257 ], [ 127.331546894250096, 36.59460810781183 ], [ 127.331464052862984, 36.594655692853138 ], [ 127.331497761292894, 36.594693266493977 ], [ 127.331526589497869, 36.59467900218992 ], [ 127.331658395745237, 36.594826349840773 ], [ 127.33176612905865, 36.594905044535295 ], [ 127.331967638892664, 36.595060551448398 ], [ 127.332058691362732, 36.595153107312868 ], [ 127.332748226314607, 36.595863219234047 ], [ 127.333213395786743, 36.596346236608227 ], [ 127.333325407939995, 36.596465541370918 ], [ 127.333686859927937, 36.596838691628669 ], [ 127.334185229257031, 36.597346501331671 ], [ 127.334639628326386, 36.597787226579968 ], [ 127.335249951222551, 36.598334719745075 ], [ 127.335781778562819, 36.598780502244104 ], [ 127.336709178987888, 36.599548360353992 ], [ 127.337238859964216, 36.599988104088354 ], [ 127.33725402584804, 36.600000677322036 ], [ 127.337332114427994, 36.600065392822067 ], [ 127.337539126268965, 36.600236356685315 ], [ 127.337737471956942, 36.600400801340733 ], [ 127.337937038787828, 36.600565550227842 ], [ 127.338184720660095, 36.600771541145662 ], [ 127.338300037569539, 36.600866634894238 ], [ 127.338536983168126, 36.601063032941724 ], [ 127.338940763712316, 36.601405840128159 ], [ 127.33898133538662, 36.60144421241116 ], [ 127.339186170475656, 36.60163962820301 ], [ 127.339249055510479, 36.601702554972469 ], [ 127.339371867999631, 36.601829203155198 ], [ 127.339496081032522, 36.601966507050882 ], [ 127.339623213762763, 36.602111958916026 ], [ 127.339778825155733, 36.602305980410392 ], [ 127.339881843454947, 36.602441831025473 ], [ 127.339984152818133, 36.602582215153681 ], [ 127.340034471089382, 36.602656297846622 ], [ 127.3401327500778, 36.602804885512967 ], [ 127.340230974546031, 36.602963827677023 ], [ 127.340322275306363, 36.603120968293538 ], [ 127.340413461349101, 36.60328838400514 ], [ 127.34067937628393, 36.604145047842763 ], [ 127.340766118737349, 36.604424467146401 ], [ 127.34071584326405, 36.604654968124215 ], [ 127.340696743012245, 36.604782344662105 ], [ 127.340756919765525, 36.60516594025291 ], [ 127.340781254964213, 36.605547872418903 ], [ 127.340792721779152, 36.605954189216853 ], [ 127.340779435558076, 36.606229623541083 ], [ 127.340751838890824, 36.606353907368998 ], [ 127.340748234700868, 36.606365506683552 ], [ 127.340734509016215, 36.606612014811851 ], [ 127.340703284138343, 36.60688452769557 ], [ 127.340676985226622, 36.607032227027986 ], [ 127.340599949938067, 36.607342051263267 ], [ 127.340488333899302, 36.607708043182434 ], [ 127.340404701980688, 36.607976694062891 ], [ 127.340352168105454, 36.608144609488342 ], [ 127.340293107839415, 36.608343100478166 ], [ 127.340289912272738, 36.608356012908537 ], [ 127.340275284422944, 36.608527235306354 ], [ 127.340210309381106, 36.608847765375565 ], [ 127.340127320770705, 36.609115720911028 ], [ 127.340082651241531, 36.609293238708069 ], [ 127.340057598524126, 36.609490614038016 ], [ 127.340037015182119, 36.609797888357058 ], [ 127.340040817739663, 36.610083465606955 ], [ 127.340064947828623, 36.610344942349123 ], [ 127.340106126913881, 36.610635450454389 ], [ 127.340159613365699, 36.610882668731605 ], [ 127.340224436038469, 36.611117221660898 ], [ 127.340313790720685, 36.611369193770045 ], [ 127.340339128066134, 36.611429723845461 ], [ 127.340379708368161, 36.611552513960767 ], [ 127.340381465765418, 36.611563592155683 ], [ 127.340420448781813, 36.611656271786046 ], [ 127.34065304536044, 36.612158890332587 ], [ 127.340777306236049, 36.612445232466655 ], [ 127.340858021678329, 36.612622452745228 ], [ 127.34086410495901, 36.612640954256804 ], [ 127.341007159547843, 36.612899558607594 ], [ 127.341105838560907, 36.61305441660496 ], [ 127.341260783784435, 36.613273868085876 ], [ 127.341459291989636, 36.613549479514262 ], [ 127.341681820614383, 36.613872799278766 ], [ 127.341901256772971, 36.614175881229997 ], [ 127.34212158717267, 36.614486572613011 ], [ 127.342334164300141, 36.614790005252139 ], [ 127.342550350222965, 36.615080460659989 ], [ 127.342809129421283, 36.615454409326418 ], [ 127.343060540276397, 36.615806911830447 ], [ 127.34324683501471, 36.616083061218887 ], [ 127.343507093383622, 36.616448875121151 ], [ 127.343743785388298, 36.616765581665774 ], [ 127.343933028222509, 36.617025102932345 ], [ 127.344062173884765, 36.617185825581977 ], [ 127.344079254454087, 36.617206106444641 ], [ 127.344083996416927, 36.617211509029339 ], [ 127.344152811162246, 36.617266918705802 ], [ 127.34417577697306, 36.617300230322591 ], [ 127.344196557412531, 36.617320301449261 ], [ 127.344214455821714, 36.617313202998965 ], [ 127.344228728920655, 36.61731041438663 ], [ 127.344291751725379, 36.617379908660801 ], [ 127.344282862258865, 36.617397126515222 ], [ 127.344263469559593, 36.617405438244901 ], [ 127.344268831416358, 36.617411793616384 ], [ 127.34458432999196, 36.61775685442597 ], [ 127.345138610538896, 36.618370130919146 ], [ 127.345702407040108, 36.619009699431132 ], [ 127.346247037027595, 36.619605625925537 ], [ 127.346833306983569, 36.620257171855741 ], [ 127.347204381718598, 36.620675010174693 ], [ 127.347406956705569, 36.620901515530285 ], [ 127.347499532171938, 36.620996215783606 ], [ 127.347561611420232, 36.621095808156312 ], [ 127.347957442355877, 36.621513239422264 ], [ 127.348364759069895, 36.62197054647045 ], [ 127.348576120079031, 36.622205105958002 ], [ 127.348646987302544, 36.622260301052009 ], [ 127.348806485946469, 36.622337790894761 ], [ 127.349065883178142, 36.622471949151951 ], [ 127.349092820916496, 36.622485639184468 ], [ 127.349119800514742, 36.6225065484713 ], [ 127.349218954252493, 36.622594180729614 ], [ 127.349303919962239, 36.622706097582153 ], [ 127.349318291045549, 36.62272463616015 ], [ 127.349329909420774, 36.622745075222312 ], [ 127.349589888473673, 36.623305106764953 ], [ 127.349611720983631, 36.62338620795785 ], [ 127.349637750852182, 36.623490951753666 ], [ 127.349669184026169, 36.623601924507206 ], [ 127.349700366633712, 36.623716421796502 ], [ 127.349734529898839, 36.623841867035139 ], [ 127.349767802661248, 36.623966342928519 ], [ 127.349811009302769, 36.624128861976715 ], [ 127.349832568953559, 36.624224020752578 ], [ 127.34983492208768, 36.624242479209208 ], [ 127.349834932010992, 36.624250048208737 ], [ 127.349909695346312, 36.624347286154439 ], [ 127.35000004453488, 36.624437926670133 ], [ 127.350065830737293, 36.624999996796475 ], [ 127.350075491230626, 36.626832027841907 ], [ 127.350067652006743, 36.626985036575455 ], [ 127.351419131112294, 36.630065846497715 ], [ 127.351462471831283, 36.630099115341693 ], [ 127.351580288064881, 36.630221627936493 ], [ 127.35166318589269, 36.630306288106546 ], [ 127.351782002681531, 36.6304369891511 ], [ 127.351840302171965, 36.630486883864648 ], [ 127.351863118885404, 36.63050368551206 ], [ 127.351918259440126, 36.630554942930679 ], [ 127.351973786091762, 36.630619579036818 ], [ 127.352068416219595, 36.630749620491912 ], [ 127.352186284981073, 36.630910071191067 ], [ 127.352303035245697, 36.631084834371094 ], [ 127.3524135434334, 36.631241493026423 ], [ 127.352511388044036, 36.631379438828951 ], [ 127.35259621820687, 36.631507814370728 ], [ 127.352695951967945, 36.631647889888896 ], [ 127.352813644110128, 36.631813213226003 ], [ 127.352915646562437, 36.631960598899624 ], [ 127.352964527913159, 36.632031562054806 ], [ 127.353350459359788, 36.632597915210781 ], [ 127.353781485100782, 36.633178445285239 ], [ 127.354174273526539, 36.633760363942066 ], [ 127.354543258596593, 36.634277751836642 ], [ 127.354875406659573, 36.634753769031143 ], [ 127.355191187134352, 36.635199997922783 ], [ 127.355515333850221, 36.635643784020786 ], [ 127.355865370238575, 36.636116617931627 ], [ 127.356208761106032, 36.636575465944823 ], [ 127.356579900118305, 36.637049731297189 ], [ 127.356961962888306, 36.637520716307961 ], [ 127.357339510718973, 36.637973702573731 ], [ 127.357486670549932, 36.638150260227661 ], [ 127.357698769748168, 36.638398310078891 ], [ 127.357852230409122, 36.638577786631743 ], [ 127.358162798372248, 36.638924528187005 ], [ 127.358226219607346, 36.638987118890789 ], [ 127.358288401266321, 36.639057167072146 ], [ 127.358644291459839, 36.639461379395954 ], [ 127.359171343148233, 36.640038408107458 ], [ 127.359750908288319, 36.640641104190273 ], [ 127.360292626968246, 36.641209063430395 ], [ 127.360703324239637, 36.641592801249253 ], [ 127.361200898182545, 36.642074570262338 ], [ 127.361709433638794, 36.642558178124098 ], [ 127.362009118533678, 36.642847298404583 ], [ 127.362427252567059, 36.643220743715574 ], [ 127.362830659760974, 36.643595376785264 ], [ 127.363234558204368, 36.643931008498477 ], [ 127.363721748552067, 36.644355161909694 ], [ 127.364093596593634, 36.644662996936617 ], [ 127.36456972201232, 36.645062254720806 ], [ 127.364972230705504, 36.645396505013757 ], [ 127.365287034439135, 36.645649902368532 ], [ 127.365657116554189, 36.645943328161451 ], [ 127.36601386143046, 36.64622526896008 ], [ 127.366276945361705, 36.646434991110645 ], [ 127.366538625906742, 36.646649710798478 ], [ 127.366847706590931, 36.646894488286861 ], [ 127.367110337597012, 36.647111310055877 ], [ 127.367378471002951, 36.647344427395595 ], [ 127.367443509215875, 36.647379261465879 ], [ 127.367464731439625, 36.647404364694069 ], [ 127.367510254712016, 36.647441522706202 ], [ 127.367711394086854, 36.64760183387569 ], [ 127.367969964665718, 36.647810602467302 ], [ 127.368245004424807, 36.648039297340937 ], [ 127.368559352290546, 36.648295761354284 ], [ 127.368865609738748, 36.648550508190077 ], [ 127.369163266364339, 36.648783781974316 ], [ 127.369429737887202, 36.649010373200319 ], [ 127.369758623665547, 36.64926988798851 ], [ 127.37013874989475, 36.64957058576109 ], [ 127.370502940489857, 36.649872819163662 ], [ 127.370664949217527, 36.650000374686428 ], [ 127.370774153834063, 36.650086362453692 ], [ 127.371032511454928, 36.650298585836687 ], [ 127.371327809179007, 36.650536077811999 ], [ 127.371755744897413, 36.650892274788944 ], [ 127.372093197348448, 36.651164741364923 ], [ 127.372355410458809, 36.651374515722154 ], [ 127.37253868048748, 36.651526558033005 ], [ 127.37260159657275, 36.651579041880495 ], [ 127.372652864849144, 36.651614494814766 ], [ 127.372700264336444, 36.651643137303125 ], [ 127.37274783090038, 36.651666814515053 ], [ 127.372820058215552, 36.651693325296399 ], [ 127.372932807682702, 36.651734288767152 ], [ 127.373131520441476, 36.65180656790772 ], [ 127.37328549737812, 36.65186468532653 ], [ 127.373705553992792, 36.652031067853983 ], [ 127.373750258225499, 36.652059431207853 ], [ 127.373784002457285, 36.65209469379456 ], [ 127.373865946048866, 36.652358747399887 ], [ 127.373862301110051, 36.652381953434855 ], [ 127.373874758229192, 36.65246968571067 ], [ 127.37395101574046, 36.652656033356166 ], [ 127.373966583332603, 36.652679243495264 ], [ 127.374012841158759, 36.652721226376954 ], [ 127.374225505630164, 36.652886554536693 ], [ 127.374921996602723, 36.653446669208776 ], [ 127.375000037690867, 36.653509105737264 ], [ 127.375246469368747, 36.65369479259229 ], [ 127.375649054509935, 36.654028355604567 ], [ 127.37605604738188, 36.654365823496782 ], [ 127.37671380756133, 36.654902080592649 ], [ 127.377408989522181, 36.655466609153812 ], [ 127.378064347445417, 36.655997025368372 ], [ 127.378569260252888, 36.656410562745123 ], [ 127.379065584909995, 36.656814392762698 ], [ 127.379309552851907, 36.657015902473795 ], [ 127.379470939773668, 36.657133462111382 ], [ 127.379693899897177, 36.657331612433907 ], [ 127.380440508437417, 36.65797095219574 ], [ 127.381078382187155, 36.658540336336465 ], [ 127.381462347231206, 36.658895909624889 ], [ 127.3815155004513, 36.658939650725422 ], [ 127.381587292330735, 36.659018702029513 ], [ 127.381677033718191, 36.6591038507988 ], [ 127.381949964297732, 36.659342134115775 ], [ 127.381977856352435, 36.659357130166086 ], [ 127.382089889136992, 36.659430986954092 ], [ 127.382091883668195, 36.659445264990346 ], [ 127.382121785148811, 36.65950738229327 ], [ 127.382188477427121, 36.659592747655388 ], [ 127.382348792490703, 36.65975195853148 ], [ 127.382720812419549, 36.660107539339378 ], [ 127.383065210955763, 36.660442660391752 ], [ 127.383187084370945, 36.660569652642685 ], [ 127.383283189131959, 36.660669800071346 ], [ 127.383386800091017, 36.660795129891312 ], [ 127.383665285366234, 36.661052621887272 ], [ 127.38398532775858, 36.661376024064715 ], [ 127.384374847466844, 36.661799216083331 ], [ 127.384680218121161, 36.6621355854275 ], [ 127.38494744812192, 36.6624538025197 ], [ 127.385247539521259, 36.662798064164306 ], [ 127.385538881994691, 36.663141604447468 ], [ 127.385791934374694, 36.663457043794367 ], [ 127.385833714893735, 36.663511689120391 ], [ 127.38587887068384, 36.663558518110015 ], [ 127.386096957825444, 36.66381743569557 ], [ 127.386112855487369, 36.663836308340066 ], [ 127.38612658370576, 36.663852717830864 ], [ 127.386462586299658, 36.664254260916067 ], [ 127.386484499369658, 36.664276519844449 ], [ 127.386572769373373, 36.664400696320683 ], [ 127.38657758035886, 36.664405754674689 ], [ 127.386600631232483, 36.66443202811363 ], [ 127.386767186523628, 36.664640485652718 ], [ 127.387054774664492, 36.664991134951329 ], [ 127.387224146671997, 36.665223383111275 ], [ 127.387527494432959, 36.665637338199971 ], [ 127.387902846168856, 36.666160455384805 ], [ 127.388281703967422, 36.666672277121386 ], [ 127.38838560996389, 36.666826093544003 ], [ 127.388435240501082, 36.666899554037798 ], [ 127.388454837699385, 36.666928560805722 ], [ 127.388835339547555, 36.667432184082863 ], [ 127.389214434860492, 36.667950895789119 ], [ 127.389609740292514, 36.668490784720042 ], [ 127.389782977551661, 36.668721211683042 ], [ 127.389812971775726, 36.668791051042099 ], [ 127.389819631362272, 36.668807502235438 ], [ 127.390021295002597, 36.669073556888542 ], [ 127.390358677337744, 36.669531404383903 ], [ 127.390773396444231, 36.670093833689997 ], [ 127.39117496362222, 36.670651285868125 ], [ 127.391528615770454, 36.671158476275643 ], [ 127.39156604131388, 36.671199436312691 ], [ 127.391634024720858, 36.67140338874205 ], [ 127.391682193443017, 36.671471753068296 ], [ 127.391869580860273, 36.67172400948121 ], [ 127.392198648457807, 36.672176932696814 ], [ 127.392385061650046, 36.672412764002615 ], [ 127.392461605158644, 36.672510482789818 ], [ 127.392583588989112, 36.672590858143117 ], [ 127.392769401661894, 36.672785185390801 ], [ 127.392887280474014, 36.67295982217032 ], [ 127.392890770633144, 36.672964136245156 ], [ 127.392903207201826, 36.673157306559347 ], [ 127.392901087109777, 36.67317379474796 ], [ 127.393154609979675, 36.673522999102815 ], [ 127.393443669588478, 36.673926019521623 ], [ 127.393714247067166, 36.674290992377585 ], [ 127.39396196125044, 36.674622931606706 ], [ 127.394226050097757, 36.674953707499945 ], [ 127.394268059472296, 36.675000481752249 ], [ 127.394456265321082, 36.67521002740741 ], [ 127.394716731679949, 36.675477122996774 ], [ 127.394988853677717, 36.6757302209042 ], [ 127.395238011639876, 36.675955640213097 ], [ 127.395336531716126, 36.676033377736509 ], [ 127.39538897648751, 36.676072609861642 ], [ 127.395446677490312, 36.676118041629692 ], [ 127.395610641407998, 36.676247971433781 ], [ 127.395841904151197, 36.676442494076902 ], [ 127.396123179325599, 36.67665549540537 ], [ 127.396461988120876, 36.676928967674932 ], [ 127.396939932798546, 36.677288943993325 ], [ 127.397309392119681, 36.677541107452065 ], [ 127.397344662625713, 36.677564401752555 ], [ 127.397394852285132, 36.677597556791561 ], [ 127.397619395749516, 36.677745881334928 ], [ 127.397931364335307, 36.677938608556531 ], [ 127.398381894754962, 36.678201753381998 ], [ 127.398760185539288, 36.678422524502082 ], [ 127.399158463505302, 36.678646343957688 ], [ 127.399453743030818, 36.678615616586256 ], [ 127.399678743152876, 36.678772694698949 ], [ 127.399973660157471, 36.678937475777595 ], [ 127.399999947140998, 36.678952083985081 ], [ 127.400000001573162, 36.678952114235713 ], [ 127.400000006274482, 36.675677331577091 ], [ 127.399999952758478, 36.67567729667563 ], [ 127.399762380632438, 36.675505456499153 ], [ 127.39973128354805, 36.675477951044634 ], [ 127.399697662275088, 36.67543618005103 ], [ 127.399612498326846, 36.675341783390074 ], [ 127.399547821872048, 36.675161280818976 ], [ 127.399512755770729, 36.675000069882579 ], [ 127.399425023440614, 36.674936256733822 ], [ 127.399179447231589, 36.674741355661972 ], [ 127.39854386313894, 36.674221102119759 ], [ 127.398295626134768, 36.673995210851395 ], [ 127.398044148295838, 36.673763498053248 ], [ 127.397835412748833, 36.67356983190696 ], [ 127.397629197357219, 36.673363530437882 ], [ 127.397410040070056, 36.673131330206481 ], [ 127.39726415970388, 36.672973210722787 ], [ 127.397064745551745, 36.672751341746924 ], [ 127.396835468317974, 36.672490527337786 ], [ 127.396681068304673, 36.672304770806363 ], [ 127.396544502206012, 36.672119738136026 ], [ 127.396288331072043, 36.671772882481548 ], [ 127.39604655798837, 36.671447919851396 ], [ 127.395867487904624, 36.671205815447131 ], [ 127.395719726922394, 36.670991747556648 ], [ 127.395513177375719, 36.670702488505889 ], [ 127.395247604041785, 36.67034408137868 ], [ 127.395060038800523, 36.670085250966459 ], [ 127.394855809676201, 36.669806561880222 ], [ 127.394680101100036, 36.669566831325724 ], [ 127.39453263811977, 36.669363782019296 ], [ 127.394429982163018, 36.669218969019937 ], [ 127.394224670995442, 36.668936181471423 ], [ 127.39386385754743, 36.668447442447004 ], [ 127.39373228141676, 36.668255090765577 ], [ 127.393540571512901, 36.667995271551113 ], [ 127.393487662184953, 36.667922634226549 ], [ 127.393482794571554, 36.667915955219129 ], [ 127.393350515625073, 36.667734716077469 ], [ 127.393152038539583, 36.66746323204849 ], [ 127.392930459771875, 36.667162230057066 ], [ 127.39267993437457, 36.666804046893539 ], [ 127.392392337166541, 36.666420663609934 ], [ 127.392073292335411, 36.665980630126832 ], [ 127.391717114024118, 36.665480939037707 ], [ 127.391364365081003, 36.66498399952782 ], [ 127.390932069391596, 36.664396182282715 ], [ 127.390567014677231, 36.663894595381485 ], [ 127.390185379994875, 36.663384510784617 ], [ 127.38991701100079, 36.663025226960599 ], [ 127.389834961804794, 36.662966398950005 ], [ 127.389817502247169, 36.662953156083816 ], [ 127.389663792231829, 36.662795169449673 ], [ 127.389660655845404, 36.662778634951977 ], [ 127.389639476739788, 36.662682409719913 ], [ 127.38963496957372, 36.66267139469884 ], [ 127.389268009185287, 36.66222124656381 ], [ 127.389027664126829, 36.661934318984223 ], [ 127.388720309658339, 36.661567401869789 ], [ 127.388229722373978, 36.661010500775646 ], [ 127.388105553489083, 36.660858325590624 ], [ 127.388015730786279, 36.66073186613486 ], [ 127.387950372766042, 36.660624068917414 ], [ 127.387917550110387, 36.660531144481411 ], [ 127.387911604007158, 36.66049875902192 ], [ 127.38790972932533, 36.660475147127954 ], [ 127.387911158086595, 36.660449766005321 ], [ 127.386957786631825, 36.658430852152428 ], [ 127.386791019706735, 36.658326782113214 ], [ 127.386508398333959, 36.658125694463088 ], [ 127.385929760977675, 36.657725909494317 ], [ 127.385583559420084, 36.657488412271242 ], [ 127.385444543797533, 36.657395740242386 ], [ 127.385287182243246, 36.65730665816421 ], [ 127.385173997455908, 36.657259626315117 ], [ 127.385044694685675, 36.657201605812183 ], [ 127.384909681788159, 36.657141738799375 ], [ 127.384908333298981, 36.657129109360689 ], [ 127.384904706441816, 36.657115179568294 ], [ 127.384897319600924, 36.657103092403254 ], [ 127.384831744223419, 36.657057554025393 ], [ 127.384679947750996, 36.656965094114057 ], [ 127.384631458533121, 36.656892249668132 ], [ 127.384628911345118, 36.656888149006576 ], [ 127.38431711334475, 36.656663278878924 ], [ 127.38365367634934, 36.656136787258937 ], [ 127.382971048673483, 36.65558212297536 ], [ 127.382231034463274, 36.654983969398295 ], [ 127.381645923255391, 36.654511734547469 ], [ 127.380913972958311, 36.653918638095867 ], [ 127.380317338968524, 36.65343140227877 ], [ 127.37966748747364, 36.65290672108123 ], [ 127.378974594047321, 36.65233810778841 ], [ 127.378215605397855, 36.651730535961441 ], [ 127.377359131172312, 36.651038453707173 ], [ 127.376886182548787, 36.650657935030068 ], [ 127.376077393567229, 36.650000108091582 ], [ 127.376062865991216, 36.649988294203709 ], [ 127.375646590984417, 36.64965996659668 ], [ 127.375401030531663, 36.649443639528478 ], [ 127.375079000240447, 36.649168016135029 ], [ 127.375000054139292, 36.649104734866754 ], [ 127.374271068667781, 36.648544091963188 ], [ 127.37424317669111, 36.648511720459304 ], [ 127.374175236862484, 36.648453496830648 ], [ 127.373608251735618, 36.648001898082072 ], [ 127.373062214897757, 36.647556613174864 ], [ 127.372543845845541, 36.647140246485286 ], [ 127.372290976170589, 36.646930902519799 ], [ 127.371970633402782, 36.646657192621099 ], [ 127.371674634399184, 36.646419894260355 ], [ 127.371243027543414, 36.646071701669634 ], [ 127.370845982398023, 36.645747440031144 ], [ 127.370363789630645, 36.6453566693977 ], [ 127.370156851051291, 36.645192405969311 ], [ 127.369913267644648, 36.644995462594011 ], [ 127.369616237643513, 36.644757440346623 ], [ 127.369305867479156, 36.644507645401113 ], [ 127.369009740077047, 36.644275251558753 ], [ 127.368730312757052, 36.644050455157675 ], [ 127.368405172290693, 36.643778419677723 ], [ 127.368144623687769, 36.643565133213762 ], [ 127.367732176415601, 36.64323241143677 ], [ 127.367369004568744, 36.64293989934837 ], [ 127.36729574792848, 36.642873665950674 ], [ 127.367252207391957, 36.642839187484697 ], [ 127.367186258916448, 36.642779052672836 ], [ 127.366718162978003, 36.64239590048264 ], [ 127.366219318079487, 36.641988879940534 ], [ 127.365699500354694, 36.641543658864691 ], [ 127.365318925301722, 36.641192727285393 ], [ 127.36483289709831, 36.640761557046019 ], [ 127.364408647970151, 36.64035488569359 ], [ 127.36395536815445, 36.639932722591716 ], [ 127.363597210652017, 36.639580599417542 ], [ 127.36325269901134, 36.63924254515198 ], [ 127.362864335768322, 36.63884256244615 ], [ 127.362464101434114, 36.638426107014915 ], [ 127.36210256690994, 36.638070978795646 ], [ 127.36178007083582, 36.637737116005077 ], [ 127.361376877601884, 36.637319088422544 ], [ 127.361242838386119, 36.637171231060897 ], [ 127.361073860884332, 36.636993678954269 ], [ 127.361065938839033, 36.636985017144319 ], [ 127.361064717657968, 36.63697984833729 ], [ 127.361064920533138, 36.63697525995228 ], [ 127.361068970411239, 36.636971220557903 ], [ 127.361167487883861, 36.636930064853402 ], [ 127.361180787816934, 36.6369214638394 ], [ 127.361153669309033, 36.636877354424634 ], [ 127.361148256867097, 36.636875225991808 ], [ 127.36106535834567, 36.636915830150016 ], [ 127.361023341160788, 36.636925968063444 ], [ 127.361018501369145, 36.636926371697399 ], [ 127.36101262613812, 36.636925315500427 ], [ 127.361007575210692, 36.636921204188738 ], [ 127.360942356911309, 36.636849915199015 ], [ 127.36077988718931, 36.636700612373751 ], [ 127.360642502690951, 36.636564298596191 ], [ 127.360558061017571, 36.636487958352141 ], [ 127.360480651922884, 36.636398691597975 ], [ 127.360478213172939, 36.636396330424631 ], [ 127.360374922187674, 36.636295959292646 ], [ 127.360216221071511, 36.636148481128487 ], [ 127.360023635800829, 36.635956762520969 ], [ 127.359887032907906, 36.63581527418021 ], [ 127.35980540563088, 36.635729894684061 ], [ 127.359698895121539, 36.635593612520019 ], [ 127.359567565638727, 36.635421749546893 ], [ 127.359565755610305, 36.635419376474673 ], [ 127.359436326265808, 36.635244937308983 ], [ 127.359360578913069, 36.635140084877413 ], [ 127.35915358680397, 36.634835162993184 ], [ 127.359015482725724, 36.634631814689222 ], [ 127.358877186678839, 36.634427404027221 ], [ 127.358762415528872, 36.634256866920651 ], [ 127.358671139167441, 36.634130397541256 ], [ 127.358593979421229, 36.634022232629356 ], [ 127.358485369535529, 36.633875467843339 ], [ 127.358336075644814, 36.633683678859896 ], [ 127.358240606709586, 36.633569080487298 ], [ 127.358092201050624, 36.633394967013807 ], [ 127.357946426031361, 36.633226191552168 ], [ 127.35773187473248, 36.63299161279928 ], [ 127.35758869787675, 36.632840201040118 ], [ 127.357511610060058, 36.632768603856121 ], [ 127.357473330006869, 36.632740187927638 ], [ 127.357433907358654, 36.632716344820274 ], [ 127.357199082414013, 36.632582275886257 ], [ 127.357035058134485, 36.632477939932059 ], [ 127.356957055631099, 36.632418769339772 ], [ 127.356867198430024, 36.632349029715918 ], [ 127.356744733244255, 36.632295356984542 ], [ 127.356641982488568, 36.632254301777493 ], [ 127.356593245821585, 36.632227710235007 ], [ 127.356538142337797, 36.632192759528401 ], [ 127.356471788115485, 36.63212556127894 ], [ 127.356342893689302, 36.631998671533005 ], [ 127.356296667778523, 36.631944093183414 ], [ 127.356272483573647, 36.631902802444202 ], [ 127.356258676459433, 36.631861852365134 ], [ 127.356253321525514, 36.631815773942954 ], [ 127.35624885149069, 36.631789493486174 ], [ 127.356238669412775, 36.631770897718766 ], [ 127.356230173164434, 36.63175640580112 ], [ 127.356145851919777, 36.631633671429562 ], [ 127.356115838636271, 36.631576474797384 ], [ 127.355870938872314, 36.631275669791307 ], [ 127.355672336380707, 36.631049212828273 ], [ 127.3555510325412, 36.630916603280809 ], [ 127.355452912258372, 36.630802695370647 ], [ 127.355349987662379, 36.630671752243011 ], [ 127.355154872352244, 36.630376582824923 ], [ 127.355109971300038, 36.630313115036117 ], [ 127.355082875512494, 36.630277871361194 ], [ 127.355051786329341, 36.630229680911846 ], [ 127.354909419598627, 36.630021555400276 ], [ 127.354734484439732, 36.629751862743262 ], [ 127.354492013366666, 36.629393077009084 ], [ 127.354294091277495, 36.629068933944126 ], [ 127.354136712471885, 36.628786931142223 ], [ 127.354066258128057, 36.628643951941179 ], [ 127.35398932171897, 36.628447408524501 ], [ 127.353950925390336, 36.628338981501621 ], [ 127.353933268095801, 36.628262473108848 ], [ 127.353916725143876, 36.628216618834749 ], [ 127.353888960546186, 36.628159514518579 ], [ 127.353800485918001, 36.627994292908056 ], [ 127.353739479853971, 36.62789019590857 ], [ 127.353649169106987, 36.627744020592097 ], [ 127.353595475985202, 36.627649380203593 ], [ 127.353550915814012, 36.627559768757308 ], [ 127.353519827715729, 36.627484895330461 ], [ 127.353449380789584, 36.627274238430864 ], [ 127.353373359577532, 36.627088524503122 ], [ 127.353257634145578, 36.626843497097063 ], [ 127.353218275764362, 36.62674202098485 ], [ 127.353200489607389, 36.626676236535474 ], [ 127.353185971735684, 36.626628069594432 ], [ 127.353186374635314, 36.6265500922431 ], [ 127.353187159454023, 36.626518423555119 ], [ 127.353182692413299, 36.626485374511432 ], [ 127.353142112911272, 36.626375673390712 ], [ 127.353119182842875, 36.626272922933282 ], [ 127.353123586659464, 36.626219022333487 ], [ 127.353133847374025, 36.626176529307763 ], [ 127.353159935720825, 36.626094251004275 ], [ 127.353166467425609, 36.626038829490398 ], [ 127.353157693210093, 36.625982831987066 ], [ 127.353085251067569, 36.625723862835095 ], [ 127.353076747732743, 36.625683120822835 ], [ 127.35307638145359, 36.62563685724588 ], [ 127.352933982016239, 36.625192956535734 ], [ 127.352925067257743, 36.625167508834501 ], [ 127.352919136189854, 36.625131616441408 ], [ 127.352907768119735, 36.625029379624586 ], [ 127.352901900248256, 36.625000262975 ], [ 127.352789344799177, 36.624895083095005 ], [ 127.35267066810718, 36.624749567876719 ], [ 127.352610718848624, 36.624490813964734 ], [ 127.35258001013041, 36.624307108138076 ], [ 127.352576843523408, 36.624117600072054 ], [ 127.352554155063018, 36.623949804794044 ], [ 127.352508698095662, 36.623693953527237 ], [ 127.352467287530672, 36.623516894676868 ], [ 127.352417465316123, 36.623346456817821 ], [ 127.35239143510195, 36.623109725101038 ], [ 127.352395991504736, 36.622771821726609 ], [ 127.352376308761805, 36.622446345224439 ], [ 127.352361193198789, 36.62212932681993 ], [ 127.352383943132494, 36.621790441660998 ], [ 127.352413685936256, 36.621472162603126 ], [ 127.352431065917997, 36.621243114873941 ], [ 127.352437469932582, 36.621036455808436 ], [ 127.352386219831828, 36.620951793795555 ], [ 127.352264266994496, 36.620863400258209 ], [ 127.352121372331126, 36.620759552340886 ], [ 127.35188140386488, 36.620585585773199 ], [ 127.351748954662, 36.620386510544662 ], [ 127.351706828972411, 36.620295026215025 ], [ 127.351553024956843, 36.619686257408375 ], [ 127.351536512243271, 36.619525995229914 ], [ 127.35152518639012, 36.619350621354222 ], [ 127.351464187473596, 36.619108009392178 ], [ 127.351466845466717, 36.619107587197462 ], [ 127.351475944547261, 36.619107461511256 ], [ 127.351478355498287, 36.619104065861457 ], [ 127.351478193268193, 36.619090692808712 ], [ 127.351474633004699, 36.619062426346993 ], [ 127.351471452869319, 36.619041213694636 ], [ 127.351489439518076, 36.618955317755791 ], [ 127.351499645415728, 36.618827074070232 ], [ 127.351506430566133, 36.618772743711112 ], [ 127.351522638328092, 36.618634686557421 ], [ 127.351521285877766, 36.618565483925806 ], [ 127.351510784993138, 36.618486025246831 ], [ 127.351477327192754, 36.618308510638464 ], [ 127.351459095517839, 36.618224893612094 ], [ 127.351458849463256, 36.618094320029428 ], [ 127.351467539007402, 36.617986978422955 ], [ 127.35147019097144, 36.617940705923395 ], [ 127.351470490622674, 36.6178416242183 ], [ 127.35146418104766, 36.617751835952006 ], [ 127.351450497100089, 36.61768545405689 ], [ 127.351404521204316, 36.61752314292508 ], [ 127.351295191283796, 36.617135669751065 ], [ 127.351161127811736, 36.616749297846177 ], [ 127.351013327580645, 36.616458693006919 ], [ 127.350981541559946, 36.616388606682506 ], [ 127.3509554316513, 36.616339671238428 ], [ 127.350940176488891, 36.616300948942325 ], [ 127.350905734052077, 36.61620734994564 ], [ 127.350865394939191, 36.615976111488273 ], [ 127.350798240262549, 36.615631803897472 ], [ 127.350703569574847, 36.615271260011014 ], [ 127.350647492413174, 36.614941653421567 ], [ 127.350613275730609, 36.61475122802846 ], [ 127.350601886123656, 36.614692641451313 ], [ 127.35058183402947, 36.614660881684912 ], [ 127.350564050844667, 36.614643658753494 ], [ 127.350520656526726, 36.614611543359139 ], [ 127.350483795059304, 36.614582988058324 ], [ 127.350468349640295, 36.614551592849509 ], [ 127.35045195573899, 36.61449829358839 ], [ 127.350426730986882, 36.614400333715658 ], [ 127.350412232278089, 36.614358211828943 ], [ 127.350335528314986, 36.614165728058822 ], [ 127.350236052822737, 36.613957940588548 ], [ 127.350131679524665, 36.613709875026721 ], [ 127.350067807242993, 36.613615894359967 ], [ 127.350042170987436, 36.613570300252391 ], [ 127.350021693280013, 36.613516058223851 ], [ 127.349999999860373, 36.613432469006788 ], [ 127.349979829490024, 36.613354687367348 ], [ 127.349960166586953, 36.613265496967912 ], [ 127.349939875426102, 36.613180842125082 ], [ 127.349930556734719, 36.613146923140214 ], [ 127.349913079319094, 36.613106045110399 ], [ 127.349897667954281, 36.61307465887824 ], [ 127.349741666215692, 36.612797133559532 ], [ 127.349636022065795, 36.612651171714397 ], [ 127.349421034261951, 36.612402601649279 ], [ 127.349418410214412, 36.612396029997527 ], [ 127.349414922599621, 36.612388452982408 ], [ 127.349411233312622, 36.612381075845533 ], [ 127.349407333396954, 36.612373903984583 ], [ 127.349399033383492, 36.61236030426997 ], [ 127.349394946803898, 36.612353665861278 ], [ 127.349390927007519, 36.612347188003994 ], [ 127.349384881963587, 36.61233788949486 ], [ 127.34937865816363, 36.612328507821388 ], [ 127.349374795113192, 36.61232193279956 ], [ 127.349370864937313, 36.612315373919763 ], [ 127.349366867646538, 36.612308825772999 ], [ 127.349359061040346, 36.612295673823645 ], [ 127.349355386352315, 36.612288844815986 ], [ 127.349351678240438, 36.612281952660886 ], [ 127.349347934517326, 36.612274972113568 ], [ 127.349344034525174, 36.61226784532537 ], [ 127.349340123417917, 36.612260684265962 ], [ 127.349336190016729, 36.61225348711821 ], [ 127.349327967247589, 36.612239281687387 ], [ 127.349323789054822, 36.612232607100246 ], [ 127.34931954769408, 36.612226213701398 ], [ 127.34931308862086, 36.612217067920078 ], [ 127.349306522908506, 36.612208706309424 ], [ 127.349299636377381, 36.612200859951258 ], [ 127.349292939425823, 36.612193282479737 ], [ 127.34928617918743, 36.61218604749817 ], [ 127.349279340091059, 36.612179111714802 ], [ 127.349272601746307, 36.61217212016539 ], [ 127.349266376033938, 36.612164884055765 ], [ 127.349260921946893, 36.612157629088856 ], [ 127.349256498488486, 36.612150575558609 ], [ 127.349252814131432, 36.612141828141269 ], [ 127.349251143983139, 36.612133525007344 ], [ 127.349250513896195, 36.612125172705042 ], [ 127.349248965571178, 36.612116328824563 ], [ 127.349246430086595, 36.612109081155019 ], [ 127.349242448183631, 36.612101532357251 ], [ 127.349237652600024, 36.61209377879068 ], [ 127.349232161992191, 36.612085757500317 ], [ 127.349226111844956, 36.61207795186197 ], [ 127.349219830878397, 36.612070383927524 ], [ 127.349213035172284, 36.612062995641615 ], [ 127.349206140339362, 36.612055978648307 ], [ 127.349199244914374, 36.612049266361176 ], [ 127.349192253020178, 36.612042709009742 ], [ 127.349185552564279, 36.612036943544588 ], [ 127.349178983527736, 36.612032600814004 ], [ 127.349172140960505, 36.612029756031518 ], [ 127.349162608530676, 36.612027739027887 ], [ 127.349152799364347, 36.612026569084136 ], [ 127.349142481004606, 36.612026175588845 ], [ 127.349131783974585, 36.612026144016696 ], [ 127.349124047887869, 36.612026193721491 ], [ 127.349114900462837, 36.612025156231596 ], [ 127.349109012714692, 36.612023542301799 ], [ 127.349105732578323, 36.612021992975684 ], [ 127.349098740255414, 36.612015660993436 ], [ 127.349093899362103, 36.612010510898571 ], [ 127.349091533814331, 36.612006734219712 ], [ 127.349091096170497, 36.612004076040506 ], [ 127.349091968897469, 36.612001524094836 ], [ 127.349094896646605, 36.611999128006651 ], [ 127.349103455426885, 36.611995803290803 ], [ 127.349113648219685, 36.611992916969776 ], [ 127.349121196072218, 36.611990759317941 ], [ 127.349126872591782, 36.611988292786108 ], [ 127.349129179409829, 36.61198662792976 ], [ 127.349131951574876, 36.61198143699054 ], [ 127.349133447313108, 36.611975936121929 ], [ 127.349133473138721, 36.611971863173018 ], [ 127.349131821770129, 36.611967705162662 ], [ 127.349126233700204, 36.611960358066625 ], [ 127.349120881643884, 36.611953552169751 ], [ 127.349115154708414, 36.61194516276219 ], [ 127.349110269249152, 36.611937634451778 ], [ 127.349105201857839, 36.611929357664962 ], [ 127.34909948455676, 36.611920616683392 ], [ 127.349093441083241, 36.611911694988294 ], [ 127.349086751056248, 36.611902882457237 ], [ 127.349079589584832, 36.611893838544454 ], [ 127.349074799782471, 36.611887723907302 ], [ 127.349069998970705, 36.611881520908902 ], [ 127.349065042045851, 36.611875092337314 ], [ 127.349060071790859, 36.611868618673597 ], [ 127.349055079224684, 36.611862117936361 ], [ 127.349049997411356, 36.611855508905741 ], [ 127.34904485984174, 36.611848820472169 ], [ 127.34903965312165, 36.611842039997676 ], [ 127.349034401792522, 36.611835198164357 ], [ 127.349029105857937, 36.611828293169211 ], [ 127.34902376508947, 36.611821442207102 ], [ 127.349018381688396, 36.611814663310803 ], [ 127.349012986719288, 36.61180808272983 ], [ 127.349005183457351, 36.61179786063893 ], [ 127.349000042252044, 36.611790746690275 ], [ 127.348994879066183, 36.6117834361863 ], [ 127.348989522222482, 36.611775656656143 ], [ 127.348984177054419, 36.611767624720258 ], [ 127.348978830139657, 36.611759342164603 ], [ 127.348967831696498, 36.611741864347437 ], [ 127.348962447732234, 36.611733085918466 ], [ 127.348957078847803, 36.611724603200727 ], [ 127.348951698202001, 36.611716417963173 ], [ 127.34894608797488, 36.611708982483229 ], [ 127.348940443990827, 36.61170165514033 ], [ 127.348934743920367, 36.611694417876194 ], [ 127.348929189207212, 36.611687188008034 ], [ 127.348923768697105, 36.611679951097763 ], [ 127.348918538206703, 36.611672755897189 ], [ 127.348913497725448, 36.611665607815311 ], [ 127.348909005291688, 36.611658402732026 ], [ 127.348904524234555, 36.611651098497852 ], [ 127.348900041135252, 36.611643695095808 ], [ 127.348895558582043, 36.611636012228949 ], [ 127.348891141115828, 36.6116282122493 ], [ 127.348886779808353, 36.611620286130545 ], [ 127.348882327422373, 36.611612044370744 ], [ 127.348877795136787, 36.611603488787068 ], [ 127.348873162809426, 36.611594626565989 ], [ 127.348868550773105, 36.611585681432338 ], [ 127.348863947838524, 36.611576656977952 ], [ 127.348859503556653, 36.611567703041679 ], [ 127.348855251400479, 36.611558857529019 ], [ 127.348851175697078, 36.611550129435166 ], [ 127.348843340997931, 36.61153312079324 ], [ 127.3488396397982, 36.611525020618728 ], [ 127.348835835595324, 36.61151698522152 ], [ 127.348831944048072, 36.611509012818466 ], [ 127.3488279945648, 36.611500932161633 ], [ 127.348823978182082, 36.611492752254676 ], [ 127.348819537555471, 36.611484222026931 ], [ 127.348815014370885, 36.611475594332163 ], [ 127.34881041534473, 36.611466865572879 ], [ 127.348800344411174, 36.611449747713628 ], [ 127.348794649424676, 36.611441068047199 ], [ 127.348788965674544, 36.611432361349721 ], [ 127.348783281925705, 36.611423654651951 ], [ 127.34877735057897, 36.611414615887298 ], [ 127.348771441897455, 36.61140542389591 ], [ 127.348765576044471, 36.611396060673357 ], [ 127.348759700123992, 36.611387272595444 ], [ 127.348753794564033, 36.611378774762969 ], [ 127.348747854898647, 36.611370563564229 ], [ 127.348742040261328, 36.611362462507053 ], [ 127.348736348404984, 36.611354476997541 ], [ 127.348731070280166, 36.61134649922495 ], [ 127.348725915003058, 36.61133860274316 ], [ 127.348720904924065, 36.611330794792572 ], [ 127.348715975147172, 36.611323095123836 ], [ 127.348711112288854, 36.61131548568995 ], [ 127.348701777553174, 36.611300472860229 ], [ 127.348697104884366, 36.611292818592162 ], [ 127.348692365246151, 36.611285101133802 ], [ 127.348687534019874, 36.611277329468848 ], [ 127.348682837108683, 36.611269493066203 ], [ 127.34867815352554, 36.611261703558327 ], [ 127.348673490000948, 36.61125395013579 ], [ 127.348668819084523, 36.611246546486086 ], [ 127.348664147496109, 36.611239487208778 ], [ 127.348659468498099, 36.611232786719334 ], [ 127.34865236151785, 36.61122338224871 ], [ 127.34864516629591, 36.611214500536242 ], [ 127.348637895127851, 36.611205571848799 ], [ 127.348630411297677, 36.611196745661914 ], [ 127.348622759330041, 36.611188126606208 ], [ 127.348615154121674, 36.611179613986558 ], [ 127.348607660522589, 36.611171211491325 ], [ 127.348600924248302, 36.611162092362861 ], [ 127.34859702617301, 36.611155192729754 ], [ 127.348593114873552, 36.61114819391458 ], [ 127.348586750860036, 36.611137416496163 ], [ 127.348581900951231, 36.611130059493568 ], [ 127.348576815722623, 36.611122954612078 ], [ 127.348571633742438, 36.611116148905793 ], [ 127.348566339341389, 36.611109649566821 ], [ 127.348560677775765, 36.611103348091255 ], [ 127.348554669134842, 36.611097264337616 ], [ 127.348548463102091, 36.611091479631199 ], [ 127.348542290035269, 36.611085992461703 ], [ 127.348533034682617, 36.611078449557652 ], [ 127.348523881185812, 36.611071429652995 ], [ 127.348515275835581, 36.611064300461294 ], [ 127.348507173853505, 36.611057087167787 ], [ 127.34849959698326, 36.611050107128541 ], [ 127.348492871626007, 36.611043422060817 ], [ 127.348487194115961, 36.611036130713167 ], [ 127.348482449286323, 36.611027655978582 ], [ 127.348478059474161, 36.611018334284111 ], [ 127.348473712652904, 36.611008758420823 ], [ 127.348469500142954, 36.610999119623031 ], [ 127.348465576862239, 36.610989109774415 ], [ 127.348463052207677, 36.610982098294016 ], [ 127.348460403515531, 36.610974471832037 ], [ 127.348457717453442, 36.610966513570048 ], [ 127.348455009694163, 36.610958214512955 ], [ 127.348449227601776, 36.610940370057733 ], [ 127.348446213420004, 36.610930943734253 ], [ 127.348443219313992, 36.610921544481251 ], [ 127.34844023633805, 36.61091217228735 ], [ 127.348437447457087, 36.610903043745523 ], [ 127.348434834747735, 36.610894175060039 ], [ 127.348432240402815, 36.610886207898993 ], [ 127.348429390380659, 36.610878610028188 ], [ 127.348426271259058, 36.610871383233501 ], [ 127.348418722818124, 36.610857888977591 ], [ 127.34841404314092, 36.610851558092726 ], [ 127.348406559497406, 36.61084266698348 ], [ 127.34839845386621, 36.610835049805139 ], [ 127.348390040591269, 36.610828072300691 ], [ 127.348381280154143, 36.6108213575923 ], [ 127.348373086900565, 36.610813947646037 ], [ 127.348367843585208, 36.6108087897967 ], [ 127.348361431319148, 36.610799842351703 ], [ 127.348355767162261, 36.610790315291567 ], [ 127.348352459727636, 36.610783324448548 ], [ 127.34834930907742, 36.610776214806791 ], [ 127.348346315211558, 36.610768986366303 ], [ 127.348340997883682, 36.610754800788598 ], [ 127.348337298116903, 36.610744872354935 ], [ 127.348333745377019, 36.61073523980064 ], [ 127.34833050712848, 36.610726040367069 ], [ 127.348327837402081, 36.610716603660663 ], [ 127.348326743145449, 36.610706649694684 ], [ 127.34832620585739, 36.610696647756498 ], [ 127.348325925883344, 36.610686583040717 ], [ 127.348325209782956, 36.610676528587838 ], [ 127.348323119723204, 36.610666874455738 ], [ 127.348319302149903, 36.610657721162454 ], [ 127.348314050887694, 36.610648634558245 ], [ 127.348308209588978, 36.610639352478486 ], [ 127.348302308314004, 36.610629862976801 ], [ 127.348297943948026, 36.610623557730577 ], [ 127.34829092826682, 36.610614405774108 ], [ 127.34828333252068, 36.61060567678431 ], [ 127.348275469785776, 36.610597383780657 ], [ 127.348267711183055, 36.610589592143754 ], [ 127.348260681027227, 36.610582124171316 ], [ 127.348253928349521, 36.61057457541667 ], [ 127.34824805948135, 36.610566815032811 ], [ 127.348243105358108, 36.610559034177506 ], [ 127.348239090859366, 36.610551090445391 ], [ 127.348236236137424, 36.610542482882202 ], [ 127.348233502868879, 36.610533525691132 ], [ 127.348229928910754, 36.610524461052172 ], [ 127.348224967015739, 36.610514942091804 ], [ 127.348218555567684, 36.610505597979227 ], [ 127.348213931662201, 36.610499357307333 ], [ 127.348208739753261, 36.610493090669713 ], [ 127.348203324233793, 36.610486807520047 ], [ 127.348197819395779, 36.610480453939203 ], [ 127.348192245391843, 36.610474017331917 ], [ 127.348180718140668, 36.610460660428707 ], [ 127.348175086734571, 36.61045384511695 ], [ 127.348169614024144, 36.610447076885166 ], [ 127.34816431790783, 36.610440352150171 ], [ 127.348158867249012, 36.610433744413179 ], [ 127.348153450367292, 36.61042701952384 ], [ 127.348148053826506, 36.610420186479999 ], [ 127.348137340552199, 36.610406881093752 ], [ 127.348131636014912, 36.610400868022815 ], [ 127.348122891838798, 36.610392739761792 ], [ 127.348114441448232, 36.610385338484555 ], [ 127.348106386062042, 36.610378368627785 ], [ 127.348098730909555, 36.610371444355685 ], [ 127.348091890889705, 36.610363974812422 ], [ 127.348085414480849, 36.610355838621324 ], [ 127.34807937669963, 36.610347556945861 ], [ 127.348074210178538, 36.610339759585486 ], [ 127.348070204940612, 36.610331669815999 ], [ 127.348066723897404, 36.610323137176081 ], [ 127.348063340223845, 36.61031399163933 ], [ 127.348059117044798, 36.610304136452115 ], [ 127.348054556357468, 36.610294183472263 ], [ 127.348049425343859, 36.610284249598038 ], [ 127.348043736768361, 36.610274668401104 ], [ 127.348037270732704, 36.610265811019516 ], [ 127.348029857442, 36.610257588889482 ], [ 127.348021940568216, 36.610249564447024 ], [ 127.348013654700154, 36.610241532321439 ], [ 127.348005560727557, 36.610233724012311 ], [ 127.347998069168483, 36.610225501780434 ], [ 127.347991142647615, 36.610216537431768 ], [ 127.347987179428472, 36.610209836024914 ], [ 127.347983502776486, 36.610202979925248 ], [ 127.347980097072096, 36.610195951082837 ], [ 127.347973728547672, 36.610181857902681 ], [ 127.34797104753801, 36.610174783106444 ], [ 127.347968344394602, 36.610167591086707 ], [ 127.347965628080942, 36.610160272839941 ], [ 127.347962576814126, 36.610152694533397 ], [ 127.347959257212722, 36.610145097854399 ], [ 127.347955678236616, 36.610137475602322 ], [ 127.347946703449011, 36.610122668712314 ], [ 127.347936489217062, 36.610108100039383 ], [ 127.347931014828688, 36.610101070358773 ], [ 127.347922941557357, 36.610090703609643 ], [ 127.347917782018087, 36.610083923144565 ], [ 127.347912754283357, 36.610077216770563 ], [ 127.347907525416886, 36.610070436216553 ], [ 127.347902265414945, 36.610063567275411 ], [ 127.347896967571856, 36.610056608135629 ], [ 127.347891672036923, 36.610049612938489 ], [ 127.347886376573783, 36.610042581681157 ], [ 127.347880991601741, 36.610035577354367 ], [ 127.347875593566272, 36.610028392710355 ], [ 127.347870173504063, 36.610021036752748 ], [ 127.34786460439615, 36.61001327673204 ], [ 127.347858990950556, 36.610005318324156 ], [ 127.347853333167322, 36.609997161529122 ], [ 127.347842134996156, 36.609980289157271 ], [ 127.347836451211947, 36.609971708622581 ], [ 127.347830733971279, 36.60996308296982 ], [ 127.347824983256487, 36.609954421213992 ], [ 127.347819221375076, 36.609945752231575 ], [ 127.347813437169762, 36.609937063387349 ], [ 127.347807563594159, 36.609928331156638 ], [ 127.347801443801643, 36.60991970679131 ], [ 127.347795068843055, 36.609911192082933 ], [ 127.347782699875864, 36.609894916806802 ], [ 127.347776572032984, 36.609886977570895 ], [ 127.34777041277529, 36.609879092384588 ], [ 127.347764228829675, 36.609871252241511 ], [ 127.347758416200833, 36.609863376512386 ], [ 127.347752702032068, 36.609855472060744 ], [ 127.347747099685108, 36.609847567751657 ], [ 127.347741810600127, 36.609839580904428 ], [ 127.347736655807324, 36.609831540138458 ], [ 127.347731610727394, 36.609823434604351 ], [ 127.347726791278021, 36.609815455568494 ], [ 127.347722184058341, 36.609807593998802 ], [ 127.347717925407906, 36.609799891538593 ], [ 127.347713854563679, 36.609792216363253 ], [ 127.347709998362575, 36.609784568507088 ], [ 127.347706331817548, 36.609777144465497 ], [ 127.347702868343504, 36.609769946058648 ], [ 127.347699663570481, 36.609763115794856 ], [ 127.347694955659293, 36.609753009357036 ], [ 127.347690285431469, 36.609743074252414 ], [ 127.347685646177766, 36.609733310472457 ], [ 127.347681309301421, 36.609723312688445 ], [ 127.347677419945626, 36.609713194675081 ], [ 127.347674254942604, 36.60970320199467 ], [ 127.347671617899508, 36.60969312524788 ], [ 127.347669493281785, 36.609682903112805 ], [ 127.347667234405691, 36.609672718669117 ], [ 127.34766409223424, 36.609662489824174 ], [ 127.347659921394239, 36.609652219998104 ], [ 127.347655179892072, 36.60964214236364 ], [ 127.347648190724811, 36.609628690240427 ], [ 127.347644672542785, 36.609622023647567 ], [ 127.347639364896764, 36.609612116573899 ], [ 127.347633911509718, 36.609602400431903 ], [ 127.347627855640681, 36.609593136073023 ], [ 127.347621165586347, 36.609584523589895 ], [ 127.347613940780789, 36.609576038435755 ], [ 127.347606591163839, 36.609567336761252 ], [ 127.347601253875865, 36.609561133015497 ], [ 127.347595692976654, 36.609554914559517 ], [ 127.347589897291371, 36.609548677772949 ], [ 127.347584036591627, 36.60954252203809 ], [ 127.347577827010255, 36.609536367659707 ], [ 127.347571248440971, 36.609530203794023 ], [ 127.347557424172436, 36.609518223187685 ], [ 127.347550321925951, 36.609512242557187 ], [ 127.347543141459695, 36.609506234781193 ], [ 127.34753588272045, 36.609500226904615 ], [ 127.347528746878012, 36.60949427327489 ], [ 127.347521747333033, 36.609488382924233 ], [ 127.347515293300916, 36.609482579815307 ], [ 127.347508874892483, 36.60947685788674 ], [ 127.347502478685726, 36.609471218924362 ], [ 127.347496238431646, 36.609465883065653 ], [ 127.347487149613443, 36.609457961661164 ], [ 127.347478841539115, 36.609449920454026 ], [ 127.347471259395505, 36.609441202246401 ], [ 127.347464375869947, 36.609432048605811 ], [ 127.347460101201989, 36.609425689352491 ], [ 127.347455990502141, 36.609418969708365 ], [ 127.347451781078234, 36.609412414010954 ], [ 127.347447470665472, 36.609406036681385 ], [ 127.347440233613568, 36.609396974539955 ], [ 127.347434718748161, 36.609391241142987 ], [ 127.347428758534576, 36.609385662233841 ], [ 127.347415600234001, 36.609375085199574 ], [ 127.347408871812178, 36.609370076857708 ], [ 127.347402042486863, 36.609365203611432 ], [ 127.347395112240264, 36.609360474475778 ], [ 127.347384865031216, 36.609353665835684 ], [ 127.347374341983098, 36.609347244487054 ], [ 127.347366923224342, 36.609343012352859 ], [ 127.347359225019673, 36.609338727573203 ], [ 127.347351770942126, 36.609334261002445 ], [ 127.347344596717249, 36.609329641534472 ], [ 127.347337702366318, 36.60932485835135 ], [ 127.347328534791657, 36.609317198269125 ], [ 127.347320258946894, 36.609308706341352 ], [ 127.34731485831287, 36.609302891949994 ], [ 127.347309587710512, 36.609296915454742 ], [ 127.347304261806869, 36.609290630574925 ], [ 127.347298779402522, 36.609284322055288 ], [ 127.347293140490393, 36.609277993501799 ], [ 127.347287152854236, 36.609271586972049 ], [ 127.347281079706306, 36.609265448979841 ], [ 127.347268731032045, 36.609253733468947 ], [ 127.347262690824977, 36.609247903831466 ], [ 127.347256675151584, 36.609242108482171 ], [ 127.347250690717559, 36.609236349232688 ], [ 127.347244829339459, 36.609230563095565 ], [ 127.347239138034922, 36.609224723086101 ], [ 127.347233612352497, 36.609218818380548 ], [ 127.347228162957251, 36.60921278756237 ], [ 127.347222479289101, 36.609206478781118 ], [ 127.34721655911531, 36.609199890230961 ], [ 127.347210547730469, 36.609193058158162 ], [ 127.347204447385352, 36.609185975353618 ], [ 127.347198010142591, 36.60917848824414 ], [ 127.34719174981096, 36.609170882362953 ], [ 127.347185690951548, 36.609163177574644 ], [ 127.347179900268429, 36.609155570492057 ], [ 127.347174187913552, 36.609147936464581 ], [ 127.347168562832451, 36.609140275503719 ], [ 127.347157740895369, 36.609124411426535 ], [ 127.347147282151212, 36.609108095260417 ], [ 127.347142217105741, 36.609099962629834 ], [ 127.347137274561149, 36.609092084379569 ], [ 127.34713252357146, 36.609084599429401 ], [ 127.347127852786713, 36.609077269640196 ], [ 127.347123181757311, 36.609070064257672 ], [ 127.347118611505167, 36.609062788687147 ], [ 127.347114162164814, 36.609055439348424 ], [ 127.347109769073143, 36.609047918796392 ], [ 127.347105443380102, 36.609040243272446 ], [ 127.347101428848546, 36.609032414892326 ], [ 127.347097403203492, 36.609024552240726 ], [ 127.34709335528791, 36.609016642682327 ], [ 127.347089273613733, 36.60900884126066 ], [ 127.347085216416076, 36.609001102975334 ], [ 127.347081168040205, 36.608993427806304 ], [ 127.347073443029629, 36.608977825524377 ], [ 127.347069638974148, 36.608969871202994 ], [ 127.34706596021411, 36.608961888194223 ], [ 127.347062379944845, 36.608953860236639 ], [ 127.347058781233429, 36.608946111720726 ], [ 127.347055159624858, 36.608938633625755 ], [ 127.347051517141864, 36.608931534134484 ], [ 127.347043785302972, 36.60891713083867 ], [ 127.347039919521677, 36.608909859775139 ], [ 127.347036018115602, 36.60890250933361 ], [ 127.347032060960842, 36.608895077685254 ], [ 127.347027947883021, 36.608887330311106 ], [ 127.347023709707315, 36.608879512459104 ], [ 127.347019359837873, 36.608871631358461 ], [ 127.347014663276255, 36.608863776857632 ], [ 127.347010011457556, 36.608855915202035 ], [ 127.347005404406616, 36.608848033770705 ], [ 127.347000607331694, 36.608840117838128 ], [ 127.346995631432506, 36.608832158403736 ], [ 127.346990600020092, 36.608823998764485 ], [ 127.346985633620562, 36.608815759876364 ], [ 127.346980754622663, 36.60880742914712 ], [ 127.34697136046934, 36.608791117937756 ], [ 127.346966854416053, 36.608783058137234 ], [ 127.34696240399181, 36.608775140845225 ], [ 127.346958009193045, 36.608767367864694 ], [ 127.346953649999151, 36.608759685079875 ], [ 127.346949321905271, 36.608752108711997 ], [ 127.346944839655109, 36.60874445461684 ], [ 127.346940424625558, 36.608736735699736 ], [ 127.346936063380426, 36.608728960958445 ], [ 127.346931927828919, 36.608721278460017 ], [ 127.3469279355526, 36.608713522222359 ], [ 127.346924111201602, 36.608705667035096 ], [ 127.346917074198643, 36.608689367863953 ], [ 127.346913805655007, 36.608680914793304 ], [ 127.346910515065431, 36.60867230122696 ], [ 127.346907189018808, 36.608663523541701 ], [ 127.346903919057013, 36.608654657581226 ], [ 127.346900751705618, 36.608645925174699 ], [ 127.346897671253004, 36.608637355149995 ], [ 127.346891698677709, 36.608621107828775 ], [ 127.346885583235149, 36.608605860990281 ], [ 127.346882397542316, 36.60859848982691 ], [ 127.346879155815927, 36.608591181696553 ], [ 127.346875849128281, 36.608583927572717 ], [ 127.34687243079712, 36.608576584958186 ], [ 127.346868965577542, 36.608569204420235 ], [ 127.346865478026956, 36.608561807626451 ], [ 127.346858740094063, 36.608546958450241 ], [ 127.346855619564067, 36.608539434114554 ], [ 127.346852613125435, 36.608531891895367 ], [ 127.346849718563178, 36.608524320971839 ], [ 127.346846876094034, 36.608516418362619 ], [ 127.346844047154221, 36.608508459877598 ], [ 127.346841216099833, 36.608500440087695 ], [ 127.346838286256983, 36.608492616698072 ], [ 127.346835335713351, 36.608485083565256 ], [ 127.346832375657939, 36.60847783709761 ], [ 127.34682929394404, 36.608471043027293 ], [ 127.34682451126541, 36.608461522432982 ], [ 127.34681949534199, 36.608452336897216 ], [ 127.346814202109613, 36.608443151004799 ], [ 127.346808961131558, 36.608433552291579 ], [ 127.346805465746158, 36.608426730643799 ], [ 127.34680184739301, 36.608419892610776 ], [ 127.346798106057889, 36.608413045404546 ], [ 127.346792639959261, 36.608403067770524 ], [ 127.346786942460241, 36.608393623527647 ], [ 127.346780964863456, 36.608384458389835 ], [ 127.346775021348606, 36.608375022845081 ], [ 127.346770934846646, 36.608368564642809 ], [ 127.346766691942065, 36.608362034119153 ], [ 127.346757470059188, 36.608349128986148 ], [ 127.346752566939131, 36.608342844624424 ], [ 127.346745195885404, 36.608333782267032 ], [ 127.346737579692132, 36.608325415553097 ], [ 127.346729944061252, 36.608317831317009 ], [ 127.346722457337364, 36.608310717855758 ], [ 127.346715318407249, 36.608304151151309 ], [ 127.346708418166713, 36.608297889460957 ], [ 127.346701660608815, 36.608291853329149 ], [ 127.346695507392283, 36.608285554735929 ], [ 127.346689822384064, 36.608278849266028 ], [ 127.346684614907886, 36.608271545813153 ], [ 127.346679817812046, 36.608263674942059 ], [ 127.34667527809566, 36.608255705236708 ], [ 127.346671038238924, 36.608247642160826 ], [ 127.346667146756616, 36.608239831953448 ], [ 127.346663797109528, 36.608232831991501 ], [ 127.346660881271688, 36.608225856026692 ], [ 127.346657231691736, 36.608216728134934 ], [ 127.346654360293272, 36.608209898270388 ], [ 127.346651469092862, 36.608202904306978 ], [ 127.346649190803376, 36.608195837209067 ], [ 127.346647044838207, 36.608188579163048 ], [ 127.346644629015756, 36.608180945745062 ], [ 127.34664197762055, 36.608172563777572 ], [ 127.346639342987032, 36.608163622900619 ], [ 127.346636451757718, 36.608154386000862 ], [ 127.346632904199978, 36.60814569096032 ], [ 127.346628565503835, 36.608137854933979 ], [ 127.346623589619952, 36.608129929740258 ], [ 127.346618554815478, 36.608121267042193 ], [ 127.346613585370051, 36.608112350204593 ], [ 127.346608478463807, 36.60810283098678 ], [ 127.346605108165093, 36.608096101446939 ], [ 127.346601746815978, 36.608089370115479 ], [ 127.346598407866779, 36.608082620782767 ], [ 127.346594856603033, 36.608075800859488 ], [ 127.34659140608332, 36.608068926975719 ], [ 127.346588065256626, 36.608061997339938 ], [ 127.346584680181792, 36.608054826044679 ], [ 127.34658124864751, 36.608047400466042 ], [ 127.346577705542259, 36.608039850336453 ], [ 127.346574128660194, 36.608032417358466 ], [ 127.346570553800845, 36.60802509256316 ], [ 127.346566590619801, 36.608018490272059 ], [ 127.346560111808301, 36.608009488550643 ], [ 127.34655323682388, 36.608001786284007 ], [ 127.346546420475889, 36.607994965761058 ], [ 127.346537963037932, 36.607987942991095 ], [ 127.346530303528155, 36.607982278909482 ], [ 127.346525825529554, 36.607978165901393 ], [ 127.346522549949384, 36.607973300786377 ], [ 127.346520548050862, 36.607967835108525 ], [ 127.346519303124239, 36.607959566735587 ], [ 127.34651928949522, 36.607951772335213 ], [ 127.346519441406713, 36.607942824226015 ], [ 127.346518514364888, 36.607933265312106 ], [ 127.346516515972382, 36.607923773532534 ], [ 127.346513904189734, 36.607914598291458 ], [ 127.34651112444871, 36.607905540029215 ], [ 127.346508367461311, 36.607896285268836 ], [ 127.346504330057698, 36.607883130766254 ], [ 127.346500485477904, 36.607873111934474 ], [ 127.346496204552494, 36.607863222356741 ], [ 127.34649134405484, 36.607853512332589 ], [ 127.346486147958629, 36.607843875799048 ], [ 127.346480660901747, 36.607834357888692 ], [ 127.34647528822191, 36.607824677855092 ], [ 127.34647022428895, 36.607814933310891 ], [ 127.346465307960173, 36.607805187153623 ], [ 127.346460894276163, 36.607795712094223 ], [ 127.346456952042047, 36.607786450396439 ], [ 127.346453515067466, 36.607777268681652 ], [ 127.346450532184079, 36.607768031658736 ], [ 127.346447710050754, 36.607758930068101 ], [ 127.346445067672292, 36.607750530077254 ], [ 127.346441785259174, 36.607741222351002 ], [ 127.346438674640865, 36.607733247265429 ], [ 127.346436106720333, 36.607729028534862 ], [ 127.346434121909965, 36.607727358199234 ], [ 127.346430689832161, 36.607726989569969 ], [ 127.346428167283349, 36.607728086151305 ], [ 127.346423488042291, 36.607734120182251 ], [ 127.346419465192696, 36.607741835457915 ], [ 127.346415555838604, 36.60774983214823 ], [ 127.346412058740668, 36.607755186166948 ], [ 127.346407899193707, 36.607759657663181 ], [ 127.346403296982359, 36.607762933197598 ], [ 127.346396781686082, 36.607765584229924 ], [ 127.346392235718923, 36.607766434797036 ], [ 127.346388188331517, 36.607766222234716 ], [ 127.346385871235938, 36.607765209566175 ], [ 127.346383376957604, 36.6077621989416 ], [ 127.346381328679442, 36.607756446523929 ], [ 127.346379970235489, 36.607747916567455 ], [ 127.34637951319344, 36.60774043892382 ], [ 127.346379554130507, 36.607732201054702 ], [ 127.346379580500127, 36.607723415053826 ], [ 127.346379552047964, 36.60771408086925 ], [ 127.346379072234996, 36.607706808738598 ], [ 127.34637790862439, 36.607699270684954 ], [ 127.346376230832121, 36.607691641818342 ], [ 127.346374376347072, 36.607684023541914 ], [ 127.346372452285209, 36.607676531386012 ], [ 127.346370867558903, 36.607669337163038 ], [ 127.346369428091933, 36.607662195414385 ], [ 127.346368403907576, 36.607653141214605 ], [ 127.346368530473498, 36.607646832669282 ], [ 127.346370630710169, 36.607638788573119 ], [ 127.346373952201759, 36.607631768354089 ], [ 127.346378145983181, 36.607624691563288 ], [ 127.346380545770543, 36.607618962909314 ], [ 127.346381273010095, 36.607614238175138 ], [ 127.34638064945986, 36.607607274172608 ], [ 127.346378392251339, 36.607599747330191 ], [ 127.346375402997992, 36.607591474903678 ], [ 127.346372358819892, 36.607582706580388 ], [ 127.346370056045643, 36.607575603384824 ], [ 127.346367773200839, 36.607567472503 ], [ 127.346365519302523, 36.607558277886483 ], [ 127.346363126478096, 36.607548093241995 ], [ 127.346361441012377, 36.607540952978987 ], [ 127.346359610116536, 36.607533846785515 ], [ 127.34635763377986, 36.607526780070557 ], [ 127.346353843409545, 36.607516508882895 ], [ 127.346349663018458, 36.607506689746096 ], [ 127.346345344190738, 36.607497889127508 ], [ 127.346340971710603, 36.607490206301634 ], [ 127.346338699506205, 36.607486860603714 ], [ 127.346328315348671, 36.607399325825661 ], [ 127.346319025162273, 36.607361200157683 ], [ 127.346308943714646, 36.607324002015055 ], [ 127.346293021549272, 36.607285371965602 ], [ 127.346283610514746, 36.607255193777313 ], [ 127.346282420241323, 36.607223910132944 ], [ 127.346286043948993, 36.607191934935436 ], [ 127.346289287103502, 36.607184941662233 ], [ 127.347912937425448, 36.603552810578734 ], [ 127.347828065383297, 36.603145293513244 ], [ 127.347660668534587, 36.60252193235894 ], [ 127.347574190987515, 36.602256556495036 ], [ 127.347501451104563, 36.602051319338457 ], [ 127.347435914697968, 36.601902694893099 ], [ 127.347289654354555, 36.601579423484388 ], [ 127.347209471492135, 36.601399204105725 ], [ 127.347035180763839, 36.601050863495551 ], [ 127.346995384269746, 36.600971328725429 ], [ 127.346857468137202, 36.600721709404233 ], [ 127.346803168970908, 36.600626004607292 ], [ 127.346400735797417, 36.600008741559769 ], [ 127.346395222456835, 36.60000035769017 ], [ 127.346373933753142, 36.59996800596646 ], [ 127.346156822632111, 36.599649508036045 ], [ 127.345960941171768, 36.599397153357287 ], [ 127.345708628729852, 36.599094041009302 ], [ 127.345362624933912, 36.598691585368279 ], [ 127.345009298625513, 36.598335308586918 ], [ 127.344541309114689, 36.59785331808083 ], [ 127.344214742069681, 36.597514009440346 ], [ 127.344108594630214, 36.597403629434581 ], [ 127.34394302512294, 36.597227331158969 ], [ 127.343895961085309, 36.597138316402621 ], [ 127.34388412728255, 36.597090896258095 ], [ 127.343871309913482, 36.597007822174248 ], [ 127.343865967143628, 36.596927229801743 ], [ 127.343841291371845, 36.596874468549515 ], [ 127.343790775182256, 36.596801000154763 ], [ 127.343769967436458, 36.596730698899748 ], [ 127.343806865583815, 36.596649092700069 ], [ 127.343816579051875, 36.596616858656823 ], [ 127.343788028366689, 36.596625104252439 ], [ 127.343723589541412, 36.596637655248202 ], [ 127.343685181979879, 36.596638342312048 ], [ 127.343650747914353, 36.596635675574802 ], [ 127.343618907019177, 36.596629999406126 ], [ 127.343552567141231, 36.596607300839956 ], [ 127.343451509352022, 36.596565302333723 ], [ 127.343321110751646, 36.59650434622673 ], [ 127.343182953667679, 36.596445431590418 ], [ 127.343062579302853, 36.596402289472771 ], [ 127.342931372269575, 36.596353256959624 ], [ 127.342890592446167, 36.596332973477331 ], [ 127.342821768170722, 36.596294053184216 ], [ 127.342784099838738, 36.596262196662934 ], [ 127.342751366226452, 36.596221632709138 ], [ 127.342723542350271, 36.596176960763763 ], [ 127.342689948429737, 36.596118529664146 ], [ 127.342653678715564, 36.596077387659335 ], [ 127.342642770645128, 36.596066749942977 ], [ 127.34259074639364, 36.596028709925349 ], [ 127.342536319771924, 36.59599553302612 ], [ 127.342508062904358, 36.59597917667756 ], [ 127.342335460647178, 36.595914106948406 ], [ 127.341928771419063, 36.595775055887337 ], [ 127.341895909763323, 36.595763597464568 ], [ 127.341799988243736, 36.595730170452676 ], [ 127.341702266415354, 36.595714455514077 ], [ 127.34163013104326, 36.595707614638194 ], [ 127.341432087026448, 36.595689321256309 ], [ 127.341284898114253, 36.595687787513683 ], [ 127.341159977584852, 36.59569500260892 ], [ 127.341055174955201, 36.59570304493846 ], [ 127.341015937385635, 36.595703075544392 ], [ 127.340916717933524, 36.595694835033264 ], [ 127.340805396566495, 36.595679292325727 ], [ 127.340713024626339, 36.595675014784646 ], [ 127.340656327978337, 36.595679556500031 ], [ 127.340617292799507, 36.595689905853021 ], [ 127.340546098978621, 36.595724325586808 ], [ 127.340496734001405, 36.595753933419232 ], [ 127.340441801828277, 36.595773518075895 ], [ 127.340384827515351, 36.595785810416132 ], [ 127.34031885268918, 36.595789685053681 ], [ 127.340197983095052, 36.595788452071901 ], [ 127.340074948723995, 36.595785207513387 ], [ 127.339971179533535, 36.59577670047738 ], [ 127.339881134024992, 36.595765422537056 ], [ 127.339812817823244, 36.595757525524192 ], [ 127.339757963082661, 36.595751473017017 ], [ 127.339695897116599, 36.595744386678085 ], [ 127.339667189137586, 36.595739981180948 ], [ 127.339618181209772, 36.595736273171198 ], [ 127.339519608028468, 36.595745330413287 ], [ 127.339425682660547, 36.595741839499851 ], [ 127.339308376505372, 36.595726999519052 ], [ 127.339177233458173, 36.595691930850805 ], [ 127.33909528195251, 36.595678771883946 ], [ 127.338971202838948, 36.595676963575201 ], [ 127.338852380471423, 36.595670910754919 ], [ 127.338700213917434, 36.59565022096195 ], [ 127.338501153397232, 36.595626546571999 ], [ 127.338268465806422, 36.595595314898233 ], [ 127.338116267677904, 36.59557276000799 ], [ 127.337987795148877, 36.595565535688159 ], [ 127.337876434128859, 36.595566112677751 ], [ 127.337620434222075, 36.595549897723672 ], [ 127.337443891635914, 36.595523722625664 ], [ 127.337320155640597, 36.595461921623183 ], [ 127.337282874070169, 36.595446276526339 ], [ 127.337116476653023, 36.595416872987023 ], [ 127.336908552029286, 36.595362123425915 ], [ 127.336789310456908, 36.595308048496321 ], [ 127.336758088837371, 36.595300793711722 ], [ 127.336699881967675, 36.595292000044786 ], [ 127.336622485492001, 36.595272735228498 ], [ 127.336574645711863, 36.595260301015905 ], [ 127.336506358252606, 36.595246571223477 ], [ 127.336446518867845, 36.595229447105062 ], [ 127.336380502002569, 36.595205708259535 ], [ 127.336338461686182, 36.595190471025731 ], [ 127.336286681130588, 36.595169007237146 ], [ 127.336238271304168, 36.595145984850454 ], [ 127.336182169400303, 36.595112521477496 ], [ 127.336134327716181, 36.5950947231401 ], [ 127.336100573748425, 36.595080707031975 ], [ 127.33604529624084, 36.595048674512427 ], [ 127.336004694681577, 36.595020349310126 ], [ 127.335971571299666, 36.595000003675928 ], [ 127.3359105497846, 36.594962626288194 ], [ 127.335862147490019, 36.594928771293304 ], [ 127.335796430719981, 36.594873355508945 ], [ 127.335721545551962, 36.594817335665184 ], [ 127.335631788060326, 36.594748039558276 ], [ 127.335257226621479, 36.594387645844833 ], [ 127.334972513346116, 36.594113697943172 ], [ 127.334924188698537, 36.594061675571545 ], [ 127.334877525074049, 36.594016119261639 ], [ 127.334835525492139, 36.593958078162899 ], [ 127.334794023010289, 36.593896583176196 ], [ 127.334594028000041, 36.593694271634362 ], [ 127.334458124379552, 36.593559337014895 ], [ 127.334413322669633, 36.593520623715555 ], [ 127.334365103563258, 36.593477107847853 ], [ 127.334334477150733, 36.593452313599627 ], [ 127.334328539132727, 36.59344887061723 ], [ 127.334309854102912, 36.593438055448559 ], [ 127.334265771351241, 36.593415568355155 ], [ 127.334244480806703, 36.593394605834192 ], [ 127.334225999273897, 36.593348248252397 ], [ 127.334212807470351, 36.593313635602868 ], [ 127.334192005325377, 36.593262978220906 ], [ 127.334155849196662, 36.593192385255968 ], [ 127.334124875618656, 36.593138700882896 ], [ 127.33409145875352, 36.593083716738107 ], [ 127.334051381448106, 36.593023344939347 ], [ 127.334020020634256, 36.59298349447441 ], [ 127.333969144224966, 36.592932362445424 ], [ 127.333854213210159, 36.592845670557708 ], [ 127.333792449551865, 36.592799047021366 ], [ 127.333720254693162, 36.592741278935875 ], [ 127.333657970854034, 36.592698531069637 ], [ 127.333610100725366, 36.592670991827994 ], [ 127.33354281210579, 36.592644281878265 ], [ 127.333489362834243, 36.592631589775095 ], [ 127.333417290477527, 36.592604388062405 ], [ 127.333347902528061, 36.592559965928594 ], [ 127.33322993242615, 36.59249070066258 ], [ 127.333166409726473, 36.5924513638981 ], [ 127.333100331331721, 36.592412077611215 ], [ 127.333029435024301, 36.592372598828639 ], [ 127.332947420179707, 36.592320400429713 ], [ 127.332898970843758, 36.592287950499809 ], [ 127.332830147688156, 36.592247320579673 ], [ 127.332779333542092, 36.592215588487186 ], [ 127.332699404411812, 36.592159581284626 ], [ 127.332633517554612, 36.592115690124913 ], [ 127.332585274274791, 36.592084232010237 ], [ 127.332511226766556, 36.592031938122339 ], [ 127.332445354314856, 36.591993894032051 ], [ 127.332374070401343, 36.591960283102807 ], [ 127.332310041109039, 36.591932273464273 ], [ 127.332216027283764, 36.59188827218059 ], [ 127.332158697299548, 36.591859027815467 ], [ 127.331994764597013, 36.59177390224243 ], [ 127.331934350301239, 36.591736952775584 ], [ 127.331876637855743, 36.591696527284014 ], [ 127.331792499121832, 36.591625344827698 ], [ 127.331752652701454, 36.591579263209631 ], [ 127.331683375071904, 36.591492108972346 ], [ 127.331639007371749, 36.59143902886634 ], [ 127.331573594326869, 36.591361830822443 ], [ 127.331516379595399, 36.591289113987123 ], [ 127.331470302992514, 36.591233371964584 ], [ 127.331401468141678, 36.591155721839783 ], [ 127.331352523706897, 36.591114073432898 ], [ 127.33118406376019, 36.590973431126066 ], [ 127.331107592075256, 36.590894578224088 ], [ 127.331098335960377, 36.590859512830271 ], [ 127.331033972406402, 36.590784438111456 ], [ 127.330985417031812, 36.590734775732656 ], [ 127.330953835147398, 36.590713370710084 ], [ 127.330909108536702, 36.590685858274341 ], [ 127.330854163227954, 36.590662824417024 ], [ 127.330813554458231, 36.590655087771822 ], [ 127.330794851191541, 36.590648038506266 ], [ 127.330781990064821, 36.590640045543701 ], [ 127.330769698868636, 36.590621911468695 ], [ 127.330740150945374, 36.590587552861166 ], [ 127.330713838661623, 36.590575568762567 ], [ 127.330691253170812, 36.5905699076921 ], [ 127.330670581193971, 36.590552142136673 ], [ 127.330643457442562, 36.590522703751653 ], [ 127.330629610937464, 36.590499088110519 ], [ 127.33061642173368, 36.590464240661404 ], [ 127.330589805699233, 36.590435767594656 ], [ 127.330517861242555, 36.590369877159205 ], [ 127.330407024908837, 36.590271996469738 ], [ 127.33027160905489, 36.590140921555047 ], [ 127.330130048186163, 36.589999248659552 ], [ 127.330018614722434, 36.589891709840892 ], [ 127.32999287744164, 36.589870531060093 ], [ 127.329968320160731, 36.589855713167033 ], [ 127.329916874258998, 36.589819684177783 ], [ 127.329912657396704, 36.589815639422049 ], [ 127.329832629142302, 36.589730470085428 ], [ 127.329647582626365, 36.589508534905825 ], [ 127.329554536510244, 36.589378280578856 ], [ 127.329470849310724, 36.589275717548787 ], [ 127.329416042668413, 36.589168985768893 ], [ 127.329344795628828, 36.589069624562882 ], [ 127.329268245922123, 36.588952777353235 ], [ 127.329193962425862, 36.588825282968443 ], [ 127.329144140179409, 36.588755031258948 ], [ 127.329089477696385, 36.58866643779352 ], [ 127.328890185095673, 36.588454518325399 ], [ 127.328660323863019, 36.588206049063565 ], [ 127.328608445580358, 36.588146915126281 ], [ 127.328564786391979, 36.58810990869253 ], [ 127.328515198240595, 36.588081858272439 ], [ 127.328479225730433, 36.588046893053196 ], [ 127.328443650241269, 36.588000248503576 ], [ 127.328424955124561, 36.587955559264557 ], [ 127.328382427877486, 36.587898156953898 ], [ 127.328348409073968, 36.587836161996023 ], [ 127.32829988347217, 36.587776684768642 ], [ 127.328255914671914, 36.587714085866338 ], [ 127.328209515692905, 36.587655504154604 ], [ 127.328164411717751, 36.587601776188095 ], [ 127.32810067066427, 36.587542882753056 ], [ 127.328036969387583, 36.587480212037157 ], [ 127.327981010850934, 36.587433588422165 ], [ 127.327933673071001, 36.587372053720287 ], [ 127.32786630714169, 36.587309610209765 ], [ 127.327786018991191, 36.587251013642977 ], [ 127.327741038009179, 36.587189462434928 ], [ 127.327689968101069, 36.587109257491278 ], [ 127.327646153800558, 36.58705398420711 ], [ 127.327550334958389, 36.586988041199348 ], [ 127.327466779071315, 36.586936310954968 ], [ 127.327405737384595, 36.586881553546952 ], [ 127.327371993236397, 36.586834318131437 ], [ 127.327344477493725, 36.586775235139946 ], [ 127.327320954473066, 36.586719329418806 ], [ 127.327301759563667, 36.586677623251227 ], [ 127.327271399639329, 36.586632776286983 ], [ 127.327230128747814, 36.586589182819054 ], [ 127.327198983559299, 36.586543599069863 ], [ 127.327178250420801, 36.586512989975873 ], [ 127.327177094753182, 36.586498854511305 ], [ 127.327180705463064, 36.586488833212186 ], [ 127.327172144625422, 36.586453811770504 ], [ 127.32707011091415, 36.586326021552793 ], [ 127.327012417709909, 36.586259873777969 ], [ 127.326980081769904, 36.586226025831628 ], [ 127.326963054874184, 36.586202776553201 ], [ 127.326937891902944, 36.586160609104745 ], [ 127.326898062098621, 36.586119644595705 ], [ 127.326881268440161, 36.586101099695227 ], [ 127.326864328248845, 36.586080097077826 ], [ 127.326844887551573, 36.586064532307731 ], [ 127.326843043827921, 36.586025157314985 ], [ 127.326849933923398, 36.585984307526374 ], [ 127.326812288495375, 36.58592836134995 ], [ 127.326787324130436, 36.585880433541597 ], [ 127.326774804547242, 36.585845197166357 ], [ 127.326739931053638, 36.585789467749244 ], [ 127.32663069081643, 36.585714729235164 ], [ 127.326536406455034, 36.585614591755409 ], [ 127.326363261053658, 36.585443975102784 ], [ 127.326242095675383, 36.585360573426996 ], [ 127.326199584529064, 36.585319282032671 ], [ 127.326157824886181, 36.58528186278042 ], [ 127.326016082995338, 36.585047829079095 ], [ 127.325797897850421, 36.584728763557898 ], [ 127.325517409209553, 36.584441047325775 ], [ 127.32526851183971, 36.584231111700227 ], [ 127.325000016199951, 36.584023914398863 ], [ 127.324988889080217, 36.584016069393819 ], [ 127.324868281197197, 36.583891390818707 ], [ 127.324682531505502, 36.583737766367555 ], [ 127.32438853073684, 36.583525429445949 ], [ 127.32424799176961, 36.583441059614238 ], [ 127.323988472234262, 36.583305214750233 ], [ 127.323557886452662, 36.582886371789598 ], [ 127.323130506457431, 36.582661694575982 ], [ 127.322862979489514, 36.582557923541771 ], [ 127.322796806374583, 36.582535727496499 ], [ 127.322763742820356, 36.582530220629096 ], [ 127.32272737801874, 36.58252339805474 ], [ 127.322679831167306, 36.582509487429832 ], [ 127.31717474679678, 36.581165142470631 ], [ 127.31705505474163, 36.581151268580612 ], [ 127.316718614681065, 36.581127399179614 ], [ 127.316413525430207, 36.581103129969463 ], [ 127.315881835759129, 36.581064412461522 ], [ 127.315746102875266, 36.58105373265748 ], [ 127.315665127491016, 36.581036888151687 ], [ 127.31557659864859, 36.581001013750218 ], [ 127.315476568926698, 36.580963729556672 ], [ 127.314661871461524, 36.580856762377273 ], [ 127.313540953741537, 36.58072366141522 ], [ 127.312905326986325, 36.580658188031855 ], [ 127.312319025500983, 36.580594258382348 ], [ 127.311395935376382, 36.580462627722291 ], [ 127.3108840845982, 36.58040456940499 ], [ 127.310346193238232, 36.580349857123352 ], [ 127.310057976047972, 36.580341252229701 ], [ 127.309833724843415, 36.580368329309131 ], [ 127.309659762875498, 36.580395284337868 ], [ 127.309475944370988, 36.580373935131746 ], [ 127.309305593416212, 36.580336971479639 ], [ 127.30912361955285, 36.580293801041648 ], [ 127.309022852010116, 36.580247293261984 ], [ 127.308892949938979, 36.580140339642242 ], [ 127.308850631249655, 36.580080298250238 ], [ 127.308801471695759, 36.580014842416475 ], [ 127.30051237934191, 36.580012732501935 ], [ 127.30051294366875, 36.580020622501834 ] ] ] } },
{ "type": "Feature", "properties": { "ObjectID": 2353, "RIVCD_2": 3022190, "RIVNM_2": "노송천", "CLAS1": 1, "CLAS2": "지방", "source_dataset": "WAMIS river network", "river_scope": "local", "data_role": "official_river_polygon_context", "aoi_bbox": "127.27,36.58,127.4,36.68" }, "geometry": { "type": "Polygon", "coordinates": [ [ [ 127.322561892418122, 36.580142606263543 ], [ 127.322619204331247, 36.580302404071702 ], [ 127.322628282336922, 36.580354474111047 ], [ 127.322707345302021, 36.580591125117557 ], [ 127.322708909100811, 36.580601384772073 ], [ 127.322703920336181, 36.580624396391833 ], [ 127.322698149713716, 36.580639325753843 ], [ 127.322686608146441, 36.580652703154406 ], [ 127.322673892914196, 36.580666073398902 ], [ 127.322653100103352, 36.580682567060848 ], [ 127.322650846741197, 36.580683501274066 ], [ 127.322301081548289, 36.580730468096817 ], [ 127.321999316878262, 36.580742990541843 ], [ 127.321804637063295, 36.580762970934174 ], [ 127.321311465626295, 36.580943648031244 ], [ 127.320961562809032, 36.581055169312961 ], [ 127.320895018352303, 36.581077417666613 ], [ 127.320693894119913, 36.581104308317457 ], [ 127.320501140484907, 36.581128003677421 ], [ 127.320087106506179, 36.581176453853153 ], [ 127.319949328909303, 36.581192988587212 ], [ 127.319883166683795, 36.58119776217378 ], [ 127.319759507532595, 36.581205311982217 ], [ 127.319703972016129, 36.581209670616971 ], [ 127.319590771183826, 36.5812171098571 ], [ 127.319471328407303, 36.581222693254034 ], [ 127.319194941364174, 36.581239347071822 ], [ 127.31884398226525, 36.581249947828546 ], [ 127.318507108710108, 36.581254218795095 ], [ 127.318107073136488, 36.581239336430805 ], [ 127.317742252991422, 36.581221502755973 ], [ 127.317373546626072, 36.581198370175187 ], [ 127.31717474679678, 36.581165142470631 ], [ 127.322679831167306, 36.582509487429832 ], [ 127.32219435097565, 36.582195554338021 ], [ 127.321410163971507, 36.581809621450226 ], [ 127.321119536618539, 36.581647019318552 ], [ 127.321203430657064, 36.581512902033751 ], [ 127.321464639616977, 36.581371501179568 ], [ 127.321826531681154, 36.581273039327407 ], [ 127.321830179136953, 36.581271542871249 ], [ 127.322035206971009, 36.581176377921764 ], [ 127.322184007753023, 36.581117942630613 ], [ 127.32236298010092, 36.581031075366361 ], [ 127.322548576086888, 36.580952021122329 ], [ 127.322664480862102, 36.580909588459122 ], [ 127.32269009681778, 36.58090050693523 ], [ 127.32282672564574, 36.580852043215096 ], [ 127.322880725654443, 36.580838541381567 ], [ 127.322969323259471, 36.580826118624863 ], [ 127.322932405206927, 36.580670321522092 ], [ 127.322852196369965, 36.580644269649135 ], [ 127.322783908177314, 36.580602345509746 ], [ 127.322687649611183, 36.580360532199947 ], [ 127.32266610435731, 36.580295517833882 ], [ 127.322633742605035, 36.580211341196673 ], [ 127.322573571229441, 36.580017073604608 ], [ 127.322506925138072, 36.580017066638639 ], [ 127.322561892418122, 36.580142606263543 ] ] ] } },
{ "type": "Feature", "properties": { "ObjectID": 2360, "RIVCD_2": 3022260, "RIVNM_2": "내창천", "CLAS1": 1, "CLAS2": "지방", "source_dataset": "WAMIS river network", "river_scope": "local", "data_role": "official_river_polygon_context", "aoi_bbox": "127.27,36.58,127.4,36.68" }, "geometry": { "type": "Polygon", "coordinates": [ [ [ 127.27447642063531, 36.610991436712382 ], [ 127.274489897411499, 36.61095787584788 ], [ 127.274516281782255, 36.610905296200634 ], [ 127.274536938849209, 36.610845710070777 ], [ 127.274531729732018, 36.610817434582032 ], [ 127.274529854687884, 36.610594181749583 ], [ 127.274525594637566, 36.610518000536047 ], [ 127.274498206298247, 36.610441512320314 ], [ 127.274455240010823, 36.6103347366642 ], [ 127.274421621164109, 36.610262839696247 ], [ 127.274339356154087, 36.610127823128337 ], [ 127.274316769920802, 36.610103463290997 ], [ 127.274258048217305, 36.610019801032671 ], [ 127.274248057103875, 36.609900450525217 ], [ 127.274253887368161, 36.609858273163034 ], [ 127.274270413958689, 36.609803201169363 ], [ 127.274286210754568, 36.609766020767111 ], [ 127.274355653081884, 36.609638773896563 ], [ 127.274495827871803, 36.609231270820388 ], [ 127.274668163283039, 36.608786648684998 ], [ 127.274713216701826, 36.608697728731187 ], [ 127.274765042724681, 36.608523112308774 ], [ 127.274824637137456, 36.608320984122152 ], [ 127.274939325755454, 36.608030544396073 ], [ 127.274999975625164, 36.608021411327833 ], [ 127.275130580449044, 36.608001734680279 ], [ 127.275188525446239, 36.607989886501485 ], [ 127.275298237907379, 36.607960246538156 ], [ 127.275437066832254, 36.607933991485794 ], [ 127.2755353943123, 36.607921157258552 ], [ 127.275716757027283, 36.607911681381921 ], [ 127.275831004757251, 36.607906685669242 ], [ 127.276123770201522, 36.607878369968503 ], [ 127.276275161808584, 36.60786708802339 ], [ 127.276356564367561, 36.607860429076204 ], [ 127.276427087948008, 36.607849577519858 ], [ 127.276498807597449, 36.607835751410043 ], [ 127.2765781686537, 36.607804937282559 ], [ 127.276803543710855, 36.607590907032581 ], [ 127.276965614692827, 36.607463388493336 ], [ 127.277062500448835, 36.607360649056389 ], [ 127.277075866466589, 36.607344542607024 ], [ 127.277656541022111, 36.606672518291248 ], [ 127.27770847806606, 36.606624754503912 ], [ 127.277914086480905, 36.606349092891634 ], [ 127.278428044443388, 36.60575832423136 ], [ 127.278514383433574, 36.60566759359758 ], [ 127.278569764463015, 36.605617811054451 ], [ 127.278591615364732, 36.605599006676442 ], [ 127.278699338610778, 36.605539947497462 ], [ 127.278801673930715, 36.605486559479026 ], [ 127.278944922473571, 36.605425955928006 ], [ 127.279063083609586, 36.605378864272154 ], [ 127.279201877135705, 36.605337852585848 ], [ 127.279312161597574, 36.605316732756016 ], [ 127.279430643281131, 36.605303011288726 ], [ 127.279532250267749, 36.605296239711279 ], [ 127.279599671569116, 36.605296396871687 ], [ 127.279676095253052, 36.605301588391825 ], [ 127.279838792590041, 36.605315435018895 ], [ 127.279986530422164, 36.605350123555731 ], [ 127.280252077202931, 36.605425383986329 ], [ 127.280302009972004, 36.60543609933471 ], [ 127.280633975624397, 36.605512788514346 ], [ 127.280830657768576, 36.605559301826261 ], [ 127.280894800932231, 36.605568144498022 ], [ 127.280950804866876, 36.605570355158093 ], [ 127.281033166364338, 36.605563646091134 ], [ 127.281117880283759, 36.605549072987202 ], [ 127.281204159485853, 36.60552898911665 ], [ 127.281393572133169, 36.605481881699369 ], [ 127.282171219454568, 36.60523939369839 ], [ 127.282494941280646, 36.605120820939256 ], [ 127.282621679152399, 36.605072580268192 ], [ 127.282741499009944, 36.605021524984927 ], [ 127.282820712669846, 36.604982345887684 ], [ 127.282889257787716, 36.604942081728034 ], [ 127.283042433869937, 36.604842990015108 ], [ 127.283163804689096, 36.604757714341581 ], [ 127.283305944367328, 36.604652124017704 ], [ 127.283512411282473, 36.604443560124757 ], [ 127.283678274118046, 36.604275588890651 ], [ 127.283832718540566, 36.604080953741281 ], [ 127.284081205915143, 36.603838721855595 ], [ 127.284216474134112, 36.603731091400618 ], [ 127.284448637478278, 36.603560996159793 ], [ 127.284613870505083, 36.603468541223307 ], [ 127.28495154504327, 36.60326346445715 ], [ 127.285257796504496, 36.603087488271136 ], [ 127.285566868254548, 36.602906817739729 ], [ 127.285721991329936, 36.602828749055476 ], [ 127.285844531309678, 36.602771332718099 ], [ 127.286015455215306, 36.60271095966759 ], [ 127.286247751028867, 36.602638636172514 ], [ 127.286324233548243, 36.602624141952866 ], [ 127.286373620898914, 36.602620644316104 ], [ 127.286411532478894, 36.602621038609541 ], [ 127.286441304753922, 36.602626122341199 ], [ 127.286468913969713, 36.602636310097523 ], [ 127.286501345392082, 36.6026534624718 ], [ 127.286581691320933, 36.602713105477456 ], [ 127.286803417842009, 36.602878237301184 ], [ 127.286889744013635, 36.602955717085656 ], [ 127.28693033655064, 36.603004243566005 ], [ 127.286966771146382, 36.603049015959812 ], [ 127.287006051238748, 36.603138168935367 ], [ 127.287045181166704, 36.603273849920569 ], [ 127.287080326236804, 36.603420120018491 ], [ 127.287129953665783, 36.603635434917301 ], [ 127.287171589481233, 36.603807443618962 ], [ 127.28722805486602, 36.604049173845461 ], [ 127.287271694164474, 36.604246660701207 ], [ 127.287308327585919, 36.604371614663897 ], [ 127.287318479584897, 36.60441826924508 ], [ 127.287373893147148, 36.60449602163817 ], [ 127.287378053578635, 36.604524181141919 ], [ 127.287388550617493, 36.604566545185683 ], [ 127.287411530721585, 36.604656909391984 ], [ 127.28744166469545, 36.604735866134739 ], [ 127.287473451845173, 36.604799148711017 ], [ 127.287505890792232, 36.604848210357424 ], [ 127.287552979160154, 36.604905590118086 ], [ 127.287614857523494, 36.604960814585155 ], [ 127.287697203147189, 36.605025552062756 ], [ 127.287765737290371, 36.605072462042415 ], [ 127.28781363536514, 36.605098056209172 ], [ 127.287858372618345, 36.605118295222276 ], [ 127.287946524621546, 36.605145224888282 ], [ 127.288071090818249, 36.605171876679137 ], [ 127.288169543957039, 36.605188742109114 ], [ 127.288340670326122, 36.605211893802498 ], [ 127.288514802568756, 36.605231693394039 ], [ 127.288528660963237, 36.605228362598545 ], [ 127.288652744818975, 36.605240127338476 ], [ 127.28866114648514, 36.605245064434136 ], [ 127.288686424960261, 36.60525015766526 ], [ 127.288819134919237, 36.605260846710422 ], [ 127.289071739988927, 36.605277681550469 ], [ 127.28924519656195, 36.605292787467128 ], [ 127.289308555181321, 36.605295183900097 ], [ 127.289729636338066, 36.60532819592153 ], [ 127.289754253507198, 36.605329795343906 ], [ 127.289922054169679, 36.605341821587558 ], [ 127.290119948975928, 36.605358660523763 ], [ 127.290350451674342, 36.605376968249416 ], [ 127.290523236671461, 36.60539167807044 ], [ 127.290737275478079, 36.605412666020612 ], [ 127.290953969628248, 36.605429231873487 ], [ 127.291056085798616, 36.605436507569252 ], [ 127.291219552594796, 36.605455310888814 ], [ 127.291287740327661, 36.605466553047172 ], [ 127.291321002687852, 36.605472445810584 ], [ 127.291367573705173, 36.605492273830116 ], [ 127.291389556458853, 36.605512199427615 ], [ 127.291478532125609, 36.605532013276274 ], [ 127.291602313621212, 36.605557599838697 ], [ 127.291950071154858, 36.605658137043577 ], [ 127.292146355536858, 36.60572139350765 ], [ 127.292156551468253, 36.605719483880513 ], [ 127.292330327488173, 36.605780362290282 ], [ 127.292446683599977, 36.605819881258789 ], [ 127.292444360425563, 36.605838116383772 ], [ 127.292598871994045, 36.605894518251247 ], [ 127.292698344830299, 36.6059355185063 ], [ 127.292789159128091, 36.605979740012813 ], [ 127.292863183690031, 36.606023831300853 ], [ 127.293008406715828, 36.606118580772893 ], [ 127.293079254954563, 36.606168077218719 ], [ 127.293119680098812, 36.606175853432731 ], [ 127.293169661484271, 36.606211091517793 ], [ 127.293312309710615, 36.606307251505569 ], [ 127.293392653030651, 36.606357842426547 ], [ 127.293633930021699, 36.606501907456583 ], [ 127.293751626084699, 36.606569653466835 ], [ 127.293816880742526, 36.606602880318221 ], [ 127.293998115403582, 36.606652193922358 ], [ 127.294053516409278, 36.60667470279342 ], [ 127.294026093484675, 36.606708760987324 ], [ 127.294040729582676, 36.606715736855627 ], [ 127.294068823071925, 36.606681802421264 ], [ 127.294242797297457, 36.606750265412835 ], [ 127.294302176073174, 36.60677223292317 ], [ 127.294363722273758, 36.606791526685811 ], [ 127.29440446989436, 36.606801834435139 ], [ 127.294512210392952, 36.606817518863153 ], [ 127.294883986159618, 36.606865026560484 ], [ 127.295056422392761, 36.60688719904843 ], [ 127.29513963099231, 36.606901037717158 ], [ 127.295202613386266, 36.606947340682794 ], [ 127.295222079436044, 36.606954573520305 ], [ 127.295383414085094, 36.606996490966807 ], [ 127.295543407402974, 36.607029823604044 ], [ 127.295904643698961, 36.607091395087373 ], [ 127.29624641643673, 36.607151751233864 ], [ 127.296565744560169, 36.607209170664227 ], [ 127.296689654636936, 36.607235147018457 ], [ 127.296772979790106, 36.607252549280624 ], [ 127.296814400876414, 36.607263800324425 ], [ 127.296836019950319, 36.60727304511326 ], [ 127.29685299050189, 36.607282826480798 ], [ 127.296868460534881, 36.607297700571863 ], [ 127.29688756544553, 36.607301176868575 ], [ 127.296890704519839, 36.607300610666982 ], [ 127.297192972435084, 36.607403388110768 ], [ 127.297227064504824, 36.607403781481679 ], [ 127.297243855235138, 36.607395999445458 ], [ 127.297264976908053, 36.607391962397706 ], [ 127.297287922531922, 36.60739168951082 ], [ 127.297307047121151, 36.607394498663034 ], [ 127.29760276836619, 36.607474854421007 ], [ 127.297615083173056, 36.607476858637334 ], [ 127.297720521759118, 36.607503702247044 ], [ 127.297843113273458, 36.607533097261459 ], [ 127.29798249251256, 36.607570461029376 ], [ 127.298272901040718, 36.607660461193142 ], [ 127.298528548482452, 36.607739221472542 ], [ 127.298792843818688, 36.607822526748073 ], [ 127.299005911951511, 36.607884936604705 ], [ 127.29913664905807, 36.607921357703233 ], [ 127.299207996980826, 36.607939841511701 ], [ 127.299213990935002, 36.607940509706374 ], [ 127.299218312480832, 36.607939301764134 ], [ 127.299228455616159, 36.607931922939237 ], [ 127.299231114671272, 36.607931914797945 ], [ 127.299251578304364, 36.607942776297293 ], [ 127.299253240380509, 36.607945187907553 ], [ 127.299251580219419, 36.607948940763862 ], [ 127.299252580524112, 36.607950415501399 ], [ 127.299253413097716, 36.607951891759413 ], [ 127.299256739716597, 36.607954037526262 ], [ 127.299370663174983, 36.607977855909695 ], [ 127.299435025576727, 36.6079848138519 ], [ 127.29957156663167, 36.607987445168398 ], [ 127.299727887489723, 36.607980021775148 ], [ 127.299999962179058, 36.607964911574776 ], [ 127.300026726320823, 36.607963429345872 ], [ 127.300179819456005, 36.60795102185525 ], [ 127.300235469324207, 36.607944862341633 ], [ 127.300280258256933, 36.607936548043568 ], [ 127.300410185076544, 36.607899742874658 ], [ 127.300607904629544, 36.607843014249227 ], [ 127.300708796997327, 36.607839046926983 ], [ 127.300725692910845, 36.60800760717818 ], [ 127.300958414654076, 36.607374392350842 ], [ 127.300932731740005, 36.607400779660232 ], [ 127.30089822159745, 36.607434263256785 ], [ 127.300650111140968, 36.60749205840267 ], [ 127.300620345035298, 36.607503470290816 ], [ 127.300585096975581, 36.607513398142849 ], [ 127.300307400523238, 36.607577583386288 ], [ 127.299999962014269, 36.607641898371007 ], [ 127.299909317585531, 36.607656831931223 ], [ 127.299823841869497, 36.607664636019734 ], [ 127.299700947218653, 36.607673397660179 ], [ 127.299615634290944, 36.607677044150385 ], [ 127.299465963369656, 36.607678168080938 ], [ 127.299375333075261, 36.6076737730777 ], [ 127.299261895533974, 36.607650747034498 ], [ 127.29892642316193, 36.60756773741565 ], [ 127.29851559729461, 36.60746168512469 ], [ 127.298361915685817, 36.607419499992794 ], [ 127.298348448669216, 36.607416821384213 ], [ 127.298275258892815, 36.60739052874716 ], [ 127.298090300398457, 36.607336193977822 ], [ 127.297901851366262, 36.607277522191154 ], [ 127.297686286281788, 36.607210557144739 ], [ 127.297423821762237, 36.607125370189081 ], [ 127.297259489129104, 36.607074875325885 ], [ 127.296984855033372, 36.607013724155657 ], [ 127.296703747065408, 36.606957732318961 ], [ 127.296424537397826, 36.606915642404957 ], [ 127.296165594166737, 36.606874212144042 ], [ 127.295905201415806, 36.606839821364318 ], [ 127.295598333541207, 36.606810503292643 ], [ 127.295446605420295, 36.606807924297904 ], [ 127.295345739993081, 36.606807183181154 ], [ 127.29509972901873, 36.606824608375916 ], [ 127.294895729429157, 36.606802412283614 ], [ 127.29470663528069, 36.606781829964589 ], [ 127.294599665021764, 36.606765793651398 ], [ 127.294535980231018, 36.606751793543488 ], [ 127.294502164560313, 36.606741739394664 ], [ 127.294450011967214, 36.60672121422833 ], [ 127.294129846701026, 36.606581282307317 ], [ 127.294020126555424, 36.606532298072011 ], [ 127.293887923459422, 36.606464496586163 ], [ 127.293896987088175, 36.60641412916965 ], [ 127.293636729919768, 36.606258449319064 ], [ 127.29350659570521, 36.606184966124736 ], [ 127.293406423497956, 36.606113274628868 ], [ 127.293108091991911, 36.605913595656368 ], [ 127.293083303188837, 36.605890759064792 ], [ 127.293001288972476, 36.605832197562926 ], [ 127.292925767829317, 36.605785821158079 ], [ 127.292895498939515, 36.605770143742127 ], [ 127.292807669213332, 36.605722977792439 ], [ 127.292726006405545, 36.605692026085642 ], [ 127.292550041258536, 36.60562852287574 ], [ 127.292390868989045, 36.605574934522849 ], [ 127.292173479255439, 36.605507287406347 ], [ 127.29209680169096, 36.605477142691498 ], [ 127.291923997388324, 36.605421146363369 ], [ 127.291732573579807, 36.605368636707759 ], [ 127.291561096471014, 36.605327388929105 ], [ 127.291337572204114, 36.605286157966781 ], [ 127.291119216923946, 36.605252962611864 ], [ 127.291042374028464, 36.605243733559405 ], [ 127.290814372189359, 36.605221940949015 ], [ 127.290461146669898, 36.605188920466126 ], [ 127.290184910675208, 36.605165523707043 ], [ 127.28986511775588, 36.605138393025854 ], [ 127.289832023005118, 36.60513263537689 ], [ 127.289802081264824, 36.605130229652389 ], [ 127.28977880651081, 36.605125942528318 ], [ 127.289744865933827, 36.605112138366437 ], [ 127.28971127083598, 36.605097936340947 ], [ 127.289628285419951, 36.605074628513371 ], [ 127.289615308283018, 36.605074632650201 ], [ 127.289261157456849, 36.605074744359136 ], [ 127.289185828745786, 36.605066402061603 ], [ 127.289101283085216, 36.605059345173835 ], [ 127.288872338695754, 36.605042453150432 ], [ 127.288746229042331, 36.605033153358491 ], [ 127.288675198471978, 36.605038777201663 ], [ 127.288548983702441, 36.605016383611307 ], [ 127.288237185875786, 36.604984634440839 ], [ 127.288090282742047, 36.604968254478052 ], [ 127.288001166728776, 36.604910390893806 ], [ 127.287930643773095, 36.604871929984554 ], [ 127.287857524379163, 36.604814758261462 ], [ 127.287824227737858, 36.604778307185221 ], [ 127.287822510415623, 36.604776625532509 ], [ 127.287732671227118, 36.604665362737862 ], [ 127.28769506567788, 36.604596994412127 ], [ 127.287656283996782, 36.60450167449973 ], [ 127.287633476604483, 36.604430611787855 ], [ 127.287629283169252, 36.604351645424721 ], [ 127.287601983897446, 36.604259939336053 ], [ 127.287570993618672, 36.604115679952343 ], [ 127.287527032115378, 36.6039522549531 ], [ 127.287521370250317, 36.603920342529349 ], [ 127.287469905524773, 36.603722989644886 ], [ 127.287430618554438, 36.603590400677618 ], [ 127.287370495817285, 36.603357114677252 ], [ 127.287303065169837, 36.603115790429747 ], [ 127.28726543430912, 36.603004113776308 ], [ 127.287098923159192, 36.602869862330486 ], [ 127.286920562276549, 36.602761857415338 ], [ 127.286706017857995, 36.602633523528759 ], [ 127.286561177812104, 36.602549410155007 ], [ 127.286468074612358, 36.602492980668309 ], [ 127.286355297179028, 36.602407451431461 ], [ 127.286079096481501, 36.602469265968232 ], [ 127.286046061976961, 36.602479456740753 ], [ 127.286002924613797, 36.602492770195205 ], [ 127.285813213779591, 36.602559180179789 ], [ 127.28562499949328, 36.60263417304445 ], [ 127.285457073010946, 36.602722436175618 ], [ 127.285179087590762, 36.602873997090931 ], [ 127.284955633454459, 36.603004638156072 ], [ 127.284700749948314, 36.60315325024952 ], [ 127.284518466809445, 36.603256038146085 ], [ 127.284211494069766, 36.603449271262782 ], [ 127.284023729949467, 36.603596487078121 ], [ 127.283856610838484, 36.603793127884465 ], [ 127.283733844415153, 36.603924147529263 ], [ 127.283627701591953, 36.60404725319718 ], [ 127.283559658694728, 36.604157110991558 ], [ 127.283510803544658, 36.604224243595446 ], [ 127.283421974094779, 36.604338179800614 ], [ 127.283368295581425, 36.604400341715568 ], [ 127.283280321869228, 36.604494413886627 ], [ 127.28320486368753, 36.60456713416599 ], [ 127.283113967631593, 36.604644928799054 ], [ 127.283084508040744, 36.604666942127949 ], [ 127.283000020137209, 36.604730636237015 ], [ 127.282924574135549, 36.604782073718738 ], [ 127.282792161263046, 36.604849459468134 ], [ 127.282659816827234, 36.604917079584418 ], [ 127.282610544658937, 36.604943501061584 ], [ 127.282526022920436, 36.604988730223496 ], [ 127.282431424655613, 36.605032282167599 ], [ 127.282332378530469, 36.605073373829534 ], [ 127.282248944797303, 36.605104552181949 ], [ 127.282163351410148, 36.605134700619949 ], [ 127.282044463333605, 36.605177876101997 ], [ 127.281915066849621, 36.605217867966886 ], [ 127.281776258544738, 36.605259946560537 ], [ 127.281613554678216, 36.605311794946552 ], [ 127.281314280196227, 36.605404174685212 ], [ 127.281170363693946, 36.605446993246069 ], [ 127.281141863086418, 36.605453008011644 ], [ 127.281051727051164, 36.605467306130372 ], [ 127.280971293643788, 36.605472325735164 ], [ 127.280933159688828, 36.605472587396193 ], [ 127.28082231248878, 36.605465043565452 ], [ 127.280731516253937, 36.605451047520539 ], [ 127.280520111539275, 36.605406614641019 ], [ 127.280470146266637, 36.60539316056402 ], [ 127.280362931549988, 36.60535780087352 ], [ 127.280277345566759, 36.605332155873903 ], [ 127.280224603533298, 36.605320061446939 ], [ 127.280020000934144, 36.60525561428063 ], [ 127.279888448692162, 36.605228286686291 ], [ 127.279768275823727, 36.605197433470906 ], [ 127.279559661924281, 36.605183325130092 ], [ 127.279256513799865, 36.60523670802592 ], [ 127.279098084418735, 36.605278242312401 ], [ 127.278939459264009, 36.605333466218475 ], [ 127.278724242700505, 36.605425380514838 ], [ 127.278586108898224, 36.605500669738511 ], [ 127.278482024078528, 36.605583187223843 ], [ 127.278427768664841, 36.605638166267532 ], [ 127.27810684934903, 36.605991792317134 ], [ 127.277810814758283, 36.60632524681774 ], [ 127.277651364398992, 36.606521985050144 ], [ 127.277603136640835, 36.606575482068493 ], [ 127.277450094153949, 36.606752119498196 ], [ 127.277362869351364, 36.60685841299729 ], [ 127.276751347544149, 36.607516323677864 ], [ 127.276675791742505, 36.607595708891033 ], [ 127.276612778925127, 36.607646597694753 ], [ 127.276546744386408, 36.607681318696358 ], [ 127.276474194461457, 36.607719426097859 ], [ 127.276381349159365, 36.607770833976147 ], [ 127.276320042779687, 36.607789819917265 ], [ 127.276220968504916, 36.607805801430288 ], [ 127.276145320853232, 36.607812213266037 ], [ 127.275949717703369, 36.607824641581402 ], [ 127.275754575143679, 36.607844035435477 ], [ 127.275633277224486, 36.607847155301734 ], [ 127.275484935680126, 36.607863934118853 ], [ 127.275334893409308, 36.607889549659127 ], [ 127.275133881626815, 36.607933836284616 ], [ 127.274999976995275, 36.607961656270781 ], [ 127.274996356366913, 36.607962412104328 ], [ 127.274925756872918, 36.60797696603403 ], [ 127.274888606429627, 36.607983891508113 ], [ 127.274865689863887, 36.608014863440793 ], [ 127.274837662599523, 36.60806373311874 ], [ 127.274787813797701, 36.608203037944165 ], [ 127.274728263463956, 36.608348483457739 ], [ 127.274664991416088, 36.608481683130762 ], [ 127.274562375066708, 36.608731489541704 ], [ 127.274524892629486, 36.608818527005624 ], [ 127.274370702958123, 36.609318257743617 ], [ 127.274322354695727, 36.609458558636739 ], [ 127.274282246814124, 36.609584487170878 ], [ 127.274237284661325, 36.609680110675598 ], [ 127.274181561327353, 36.609799324061271 ], [ 127.274129593621112, 36.609871462786927 ], [ 127.274106243793511, 36.609908832589667 ], [ 127.274110805756166, 36.609950355321168 ], [ 127.274150228948784, 36.610010316699977 ], [ 127.274183581364881, 36.61004153575103 ], [ 127.274200650724325, 36.610073416293176 ], [ 127.274222497014108, 36.61010686006945 ], [ 127.274244255740399, 36.610152704711965 ], [ 127.274269905945133, 36.610193153129536 ], [ 127.274318359708801, 36.610268592283589 ], [ 127.274359138304575, 36.610341671181459 ], [ 127.274389415149429, 36.610403843667633 ], [ 127.274428379854641, 36.610479322505633 ], [ 127.274451691511459, 36.610683161546163 ], [ 127.274395479969058, 36.610980441495414 ], [ 127.27447642063531, 36.610991436712382 ] ] ] } },
{ "type": "Feature", "properties": { "ObjectID": 2342, "RIVCD_2": 3022080, "RIVNM_2": "석남천", "CLAS1": 1, "CLAS2": "지방", "source_dataset": "WAMIS river network", "river_scope": "local", "data_role": "official_river_polygon_context", "aoi_bbox": "127.27,36.58,127.4,36.68" }, "geometry": { "type": "Polygon", "coordinates": [ [ [ 127.399999965672947, 36.661704107587781 ], [ 127.399942972447306, 36.661716318238646 ], [ 127.399266737120655, 36.661861317877616 ], [ 127.398620432345083, 36.66199205588179 ], [ 127.398124451460419, 36.662094109104494 ], [ 127.397894215004797, 36.662128309353946 ], [ 127.397515019183714, 36.662159242076704 ], [ 127.397180363544507, 36.662170810098473 ], [ 127.39689559651876, 36.6621650648162 ], [ 127.396672220718827, 36.662152454063524 ], [ 127.396237558948329, 36.662105330123794 ], [ 127.395852969792699, 36.662039448638353 ], [ 127.395611508835486, 36.661987796213019 ], [ 127.395451501210601, 36.661944991768458 ], [ 127.39522583589212, 36.661873669206486 ], [ 127.395083037982602, 36.661819587291063 ], [ 127.394877187654416, 36.661738583248479 ], [ 127.394556959755107, 36.661606909245485 ], [ 127.394404623195598, 36.661544181757961 ], [ 127.394374658288314, 36.661535430529774 ], [ 127.394263606257127, 36.661494535787277 ], [ 127.393943295212807, 36.661348297322661 ], [ 127.393600329745311, 36.66121440625647 ], [ 127.393080932796011, 36.660998734683766 ], [ 127.392378487489623, 36.660706337101949 ], [ 127.391765988776996, 36.660462912373625 ], [ 127.391069470809356, 36.660186005517119 ], [ 127.391012965136412, 36.660161716254713 ], [ 127.390548143836781, 36.65996192819663 ], [ 127.389489583435008, 36.65952309502083 ], [ 127.388972566889066, 36.659311325590792 ], [ 127.388522689654351, 36.65913444149156 ], [ 127.387984762020452, 36.658936064229202 ], [ 127.387676934823602, 36.658796769324447 ], [ 127.387259367236254, 36.658593372716361 ], [ 127.387094103930508, 36.658508843515882 ], [ 127.386957786631825, 36.658430852152428 ], [ 127.387911158086595, 36.660449766005321 ], [ 127.387912460692149, 36.66042650327492 ], [ 127.387912830672718, 36.660419825354943 ], [ 127.387943999371529, 36.660241075782118 ], [ 127.387945690272787, 36.660232455483211 ], [ 127.387950497513913, 36.660227627997223 ], [ 127.387954130506998, 36.660226993157039 ], [ 127.388044932093422, 36.660236430640111 ], [ 127.388073088929559, 36.660239608726087 ], [ 127.388111559523182, 36.660227750557716 ], [ 127.388133683746773, 36.660221163386986 ], [ 127.388161697408947, 36.660218117402188 ], [ 127.388203195309273, 36.660215900821761 ], [ 127.388243613299863, 36.660213001684063 ], [ 127.388279749468509, 36.660210630398034 ], [ 127.388355683107122, 36.66020578845464 ], [ 127.388390973362618, 36.660206510269745 ], [ 127.388803326147936, 36.660237912753701 ], [ 127.388974061160823, 36.660253007980373 ], [ 127.389118685857824, 36.660267287146446 ], [ 127.389246856542471, 36.660290206984719 ], [ 127.389358795179731, 36.660321497306157 ], [ 127.389481549244536, 36.660363981494129 ], [ 127.38966888287483, 36.660438775443623 ], [ 127.390448908281769, 36.660760724821948 ], [ 127.390585728807679, 36.660817435564965 ], [ 127.390692353412092, 36.660861629144279 ], [ 127.391504608224707, 36.661198263064165 ], [ 127.392302522319298, 36.661522423424351 ], [ 127.393045103500484, 36.661827348566909 ], [ 127.394029309142738, 36.662233253276106 ], [ 127.394933542193542, 36.66259541455846 ], [ 127.395234860171755, 36.662706911694436 ], [ 127.395434150061931, 36.662770986506956 ], [ 127.395590134684596, 36.66280946027333 ], [ 127.395734208848623, 36.662839809965313 ], [ 127.395780741519047, 36.662848899886036 ], [ 127.396090261444286, 36.662897227150829 ], [ 127.396248606222102, 36.662918452931599 ], [ 127.396418051964162, 36.662935874837906 ], [ 127.396430002395405, 36.662941070622445 ], [ 127.396446679335796, 36.662941294269608 ], [ 127.396695012629365, 36.662960744190507 ], [ 127.39686010250476, 36.662962140342465 ], [ 127.397149361419011, 36.662961445712355 ], [ 127.397450304201612, 36.662949313272165 ], [ 127.39766902110749, 36.662927856521819 ], [ 127.397876864565944, 36.662905724744611 ], [ 127.398123477999476, 36.662865071227493 ], [ 127.398407089509973, 36.662810398080794 ], [ 127.398748037297395, 36.662728073714568 ], [ 127.398948614771982, 36.66268597842123 ], [ 127.39903132023376, 36.662677509612088 ], [ 127.39930277726917, 36.662621964000515 ], [ 127.399713194080164, 36.662537476101839 ], [ 127.399999970462758, 36.662478950640526 ], [ 127.400000021921514, 36.662478939528562 ], [ 127.400000022675741, 36.661704095378369 ], [ 127.399999965672947, 36.661704107587781 ] ] ] } },
{ "type": "Feature", "properties": { "ObjectID": 2125, "RIVCD_2": 3012200, "RIVNM_2": "조천", "CLAS1": 1, "CLAS2": "지방", "source_dataset": "WAMIS river network", "river_scope": "local", "data_role": "official_river_polygon_context", "aoi_bbox": "127.27,36.58,127.4,36.68" }, "geometry": { "type": "MultiPolygon", "coordinates": [ [ [ [ 127.270075927389684, 36.649132164362641 ], [ 127.270350821806559, 36.648958812632408 ], [ 127.270470868454979, 36.648954267888328 ], [ 127.270686283188311, 36.648955202025981 ], [ 127.270855702391216, 36.648930639591697 ], [ 127.271047448421456, 36.648879379708397 ], [ 127.271364705534168, 36.648793005678641 ], [ 127.271407720284429, 36.64877172101383 ], [ 127.271533037234377, 36.648647070214317 ], [ 127.271571150698932, 36.648621562505035 ], [ 127.27176664756135, 36.648460445343076 ], [ 127.271845316392742, 36.648363537558033 ], [ 127.271974043452786, 36.648242176057643 ], [ 127.272002260581601, 36.648192180904005 ], [ 127.272051280323396, 36.648116994527548 ], [ 127.272242038725679, 36.647874352573005 ], [ 127.272396568111134, 36.647697215792014 ], [ 127.272494793532346, 36.647555387398363 ], [ 127.272571990362579, 36.647377857454984 ], [ 127.27263361635346, 36.647110422338187 ], [ 127.272565217890858, 36.646874707802482 ], [ 127.272441972279054, 36.646642876671457 ], [ 127.272130810207173, 36.64634828643846 ], [ 127.272070509847765, 36.64624899224102 ], [ 127.272134867597373, 36.646166464529372 ], [ 127.272331934011433, 36.64601462394149 ], [ 127.272355595881322, 36.645979406294074 ], [ 127.271927168198886, 36.645683057008981 ], [ 127.271616448111985, 36.645699977754532 ], [ 127.271327298457734, 36.645742116042527 ], [ 127.270967111664163, 36.645806131572463 ], [ 127.270580377817225, 36.645761187116761 ], [ 127.270184686240896, 36.645719813877051 ], [ 127.270070687188749, 36.645773544748863 ], [ 127.270000078563385, 36.645744579181184 ], [ 127.270000077805548, 36.646420402772776 ], [ 127.27012410016107, 36.646421636776459 ], [ 127.270254262907883, 36.646429920198571 ], [ 127.270439810782037, 36.646452216677595 ], [ 127.270709799344203, 36.646493956595059 ], [ 127.270766214361515, 36.646499468727647 ], [ 127.27083148943035, 36.646502836094541 ], [ 127.270925012601012, 36.646503190865161 ], [ 127.270967597728315, 36.646506462236154 ], [ 127.271089296802089, 36.646534247634406 ], [ 127.27134856731611, 36.646618772077524 ], [ 127.271395923419036, 36.646640771086652 ], [ 127.271512774410127, 36.646748790584184 ], [ 127.27154667030554, 36.646799454681052 ], [ 127.271584901247707, 36.646871755737749 ], [ 127.271602407020822, 36.646921117282069 ], [ 127.271604806037615, 36.646983108646729 ], [ 127.271593725865358, 36.647044527860992 ], [ 127.271563888757967, 36.647127166543846 ], [ 127.271533221081143, 36.647215241439909 ], [ 127.271494230689569, 36.647318176824193 ], [ 127.271437414131, 36.647440761222221 ], [ 127.271390648085386, 36.647539938643888 ], [ 127.271344147381711, 36.647650740423956 ], [ 127.271304759425021, 36.647736625912337 ], [ 127.27125506860817, 36.64783428675559 ], [ 127.271180430215978, 36.647935438924783 ], [ 127.271120544079523, 36.648008449494498 ], [ 127.270976799992724, 36.648188776798655 ], [ 127.270885285765033, 36.648305690509957 ], [ 127.270867675457339, 36.648325655387879 ], [ 127.270848096999302, 36.648343056233202 ], [ 127.270773767282279, 36.64836990757 ], [ 127.270726091723503, 36.648375369023604 ], [ 127.270550991483347, 36.648412378986535 ], [ 127.270195121904436, 36.648495748319007 ], [ 127.270147435700139, 36.648508517032852 ], [ 127.270090785251796, 36.648519252685396 ], [ 127.270009389564166, 36.648530854652748 ], [ 127.270000075232716, 36.648531642521426 ], [ 127.2700000744167, 36.649152669060975 ], [ 127.270075927389684, 36.649132164362641 ] ] ], [ [ [ 127.270191388805372, 36.640905807063014 ], [ 127.270395886014882, 36.64094724645696 ], [ 127.270643833304831, 36.640980736835303 ], [ 127.270980914008163, 36.641027577945245 ], [ 127.271234159575613, 36.641064164000973 ], [ 127.271375182147608, 36.641094463533825 ], [ 127.271481910341421, 36.641105358241077 ], [ 127.271795808904486, 36.641123403886212 ], [ 127.272098568959123, 36.641130490454017 ], [ 127.272392826751542, 36.641127861720697 ], [ 127.272663565954559, 36.641114528100402 ], [ 127.272909036213562, 36.641089193672244 ], [ 127.273055805178601, 36.641077458225134 ], [ 127.273245840963313, 36.641057540048486 ], [ 127.273505966205349, 36.641031125246421 ], [ 127.273710437582253, 36.641010983156654 ], [ 127.273946679165519, 36.640984568900009 ], [ 127.273997513184995, 36.640984578803838 ], [ 127.274027885027905, 36.640959969698237 ], [ 127.274053941963601, 36.640945014629906 ], [ 127.274096382504737, 36.640949296084635 ], [ 127.274134427015255, 36.640940450627205 ], [ 127.27416484129958, 36.640928107314714 ], [ 127.274184311037914, 36.640868101014576 ], [ 127.274241359374258, 36.640820101730085 ], [ 127.274352903389698, 36.640783059656684 ], [ 127.274436054327666, 36.640768026924121 ], [ 127.27460013510624, 36.640741579291308 ], [ 127.274679969881348, 36.640727445215468 ], [ 127.274847933337924, 36.640704457312324 ], [ 127.274943300426997, 36.640684591857337 ], [ 127.274967162832027, 36.640677913580568 ], [ 127.274999959246969, 36.640668773059893 ], [ 127.275049560756131, 36.640655546231841 ], [ 127.275144078218958, 36.640629294619863 ], [ 127.275211622176769, 36.640611684260094 ], [ 127.275287315090509, 36.640593054316263 ], [ 127.275365136781957, 36.640563244384083 ], [ 127.275410123104763, 36.640547533196106 ], [ 127.275446722546761, 36.640526155608484 ], [ 127.275546458632974, 36.640460817451704 ], [ 127.275606254427117, 36.640427832586795 ], [ 127.275649144220139, 36.640405195675747 ], [ 127.275686155388172, 36.640389152037258 ], [ 127.275710754324862, 36.640373000278835 ], [ 127.275742568736035, 36.640348288874748 ], [ 127.275783683488285, 36.640329009349102 ], [ 127.275798430151411, 36.640324928085548 ], [ 127.27581677623256, 36.640317893081964 ], [ 127.275848917579538, 36.640300011995279 ], [ 127.275888274699184, 36.640274231145739 ], [ 127.275962386536108, 36.640232786351113 ], [ 127.275996603832567, 36.640217289076695 ], [ 127.27602126231578, 36.640199074743435 ], [ 127.276050136860164, 36.640171234948042 ], [ 127.276093813271387, 36.640117894412029 ], [ 127.276158814329037, 36.64006494551208 ], [ 127.276188233122909, 36.640026813427397 ], [ 127.276241696507498, 36.639887167600122 ], [ 127.276271645802026, 36.639787783462339 ], [ 127.276316159708657, 36.639727863494798 ], [ 127.276375331859114, 36.639648706061912 ], [ 127.276415124900581, 36.639478866831425 ], [ 127.276472717913393, 36.639349141484331 ], [ 127.276540154337255, 36.639273765919071 ], [ 127.276564655717706, 36.639236980361574 ], [ 127.27659014773289, 36.639189503113187 ], [ 127.276666610009215, 36.639048675969505 ], [ 127.276793079204978, 36.638824846192634 ], [ 127.276968296857618, 36.638705940699325 ], [ 127.276973440689417, 36.638693385279268 ], [ 127.276992071681093, 36.638662621450351 ], [ 127.277096938519563, 36.638511086927942 ], [ 127.277145664548655, 36.63843769354618 ], [ 127.277298122312629, 36.638215072944938 ], [ 127.277758536006786, 36.637594435948905 ], [ 127.277997055111186, 36.637259008449284 ], [ 127.278361842379482, 36.636758594608516 ], [ 127.278476374002267, 36.636597356862616 ], [ 127.278578284824135, 36.636455010740413 ], [ 127.278725935476487, 36.636253622150001 ], [ 127.278910802136309, 36.636003196129813 ], [ 127.279100036288341, 36.635780370909551 ], [ 127.279203347627728, 36.635670938656844 ], [ 127.279295159463814, 36.635590603343651 ], [ 127.279373172805393, 36.635525791416484 ], [ 127.279445613945128, 36.635475652695717 ], [ 127.27957141610554, 36.635401780710616 ], [ 127.27972617810758, 36.635312925177658 ], [ 127.27986144929109, 36.635244663274356 ], [ 127.279981906866638, 36.635192564737082 ], [ 127.28013464451459, 36.635131649518826 ], [ 127.280274239475958, 36.635084641592513 ], [ 127.280363731860575, 36.635053162278226 ], [ 127.280583007217146, 36.634976048435753 ], [ 127.280624518897724, 36.634962101200344 ], [ 127.280767162888694, 36.63491415894913 ], [ 127.280962169313099, 36.634854313887679 ], [ 127.281152807130454, 36.634810790189995 ], [ 127.281274596287034, 36.634790425464594 ], [ 127.281441204008885, 36.634770909114025 ], [ 127.281713150201014, 36.634755081581936 ], [ 127.282270945805863, 36.634736235088674 ], [ 127.282567722491535, 36.634744001677973 ], [ 127.282847479808709, 36.634745141159321 ], [ 127.283004852722883, 36.63475972563198 ], [ 127.283208322320959, 36.6347829417764 ], [ 127.283471769107408, 36.634818361071915 ], [ 127.284064617917821, 36.634924778745571 ], [ 127.284277219942339, 36.634958549914927 ], [ 127.284519613083418, 36.634999947161752 ], [ 127.284617562619317, 36.635015770652686 ], [ 127.284785002114361, 36.635049379929711 ], [ 127.284923902463106, 36.635078974475377 ], [ 127.285080235257567, 36.635117251068742 ], [ 127.285198526373946, 36.635151993522776 ], [ 127.285326648571015, 36.635193653628903 ], [ 127.285428496715483, 36.635226029545962 ], [ 127.285511703287696, 36.635258218562029 ], [ 127.285578229518151, 36.635296942198238 ], [ 127.285645988718528, 36.635339620176396 ], [ 127.285712773072191, 36.635399898984005 ], [ 127.285772938316171, 36.635459985552515 ], [ 127.285823044725745, 36.635527586912623 ], [ 127.285835093429981, 36.635553681654727 ], [ 127.286203914894443, 36.635915205922451 ], [ 127.286262065582449, 36.635895789256665 ], [ 127.286292042214455, 36.635953012332735 ], [ 127.286259286204086, 36.636002995639693 ], [ 127.286446361345369, 36.636156810889538 ], [ 127.28657664172438, 36.636282305472562 ], [ 127.286601905225112, 36.636283470385678 ], [ 127.286627626347851, 36.636272828312833 ], [ 127.286772413221868, 36.636172581500276 ], [ 127.286793937525701, 36.636166744067893 ], [ 127.286888031471776, 36.636233976543032 ], [ 127.28724506805689, 36.636430618026608 ], [ 127.287277872889618, 36.636460366487867 ], [ 127.287289638660667, 36.636500094806173 ], [ 127.287289708455447, 36.636548764918537 ], [ 127.287306331375362, 36.636572145156073 ], [ 127.287938412846742, 36.636720857704859 ], [ 127.288745451199944, 36.636958470918479 ], [ 127.289163939338735, 36.637057084107234 ], [ 127.289269172054958, 36.637078745737739 ], [ 127.289573591048466, 36.63711229300241 ], [ 127.290184336741362, 36.63716836325807 ], [ 127.290360189984071, 36.637171701858584 ], [ 127.290574807615073, 36.637136078964936 ], [ 127.290965595106883, 36.637027051362935 ], [ 127.291147839925387, 36.636975619684968 ], [ 127.291409332807945, 36.636863601707141 ], [ 127.291623290352504, 36.636759402537479 ], [ 127.291659053378453, 36.636743066863382 ], [ 127.291757973968046, 36.636697867494107 ], [ 127.291791436513861, 36.636682582509799 ], [ 127.291967665567896, 36.636578204989611 ], [ 127.292217956433205, 36.636360427337138 ], [ 127.292412514762773, 36.636106263210323 ], [ 127.292533544615779, 36.635870617288802 ], [ 127.292585109850904, 36.63572177622887 ], [ 127.292575627681927, 36.635511853442516 ], [ 127.292526947799601, 36.635089385032792 ], [ 127.292457767182199, 36.634873011701984 ], [ 127.292422099465824, 36.634701578636452 ], [ 127.292380755991204, 36.634486903484571 ], [ 127.292349799153243, 36.634271599139659 ], [ 127.292344335025987, 36.634204469570811 ], [ 127.292350526471765, 36.63411476339607 ], [ 127.292361988083343, 36.634026063460169 ], [ 127.292337950534289, 36.633979282558315 ], [ 127.29233912473525, 36.633914360602837 ], [ 127.292339818129832, 36.633876051799817 ], [ 127.292339958456779, 36.633842098065521 ], [ 127.292371690244437, 36.633841866693409 ], [ 127.292359673208097, 36.633659002344764 ], [ 127.292337826979477, 36.633422570135522 ], [ 127.292326228976506, 36.633342037225965 ], [ 127.292300421651248, 36.633167063961324 ], [ 127.29227299159443, 36.632976612758981 ], [ 127.292244994253551, 36.632683362845555 ], [ 127.292235770629119, 36.632547593922546 ], [ 127.29223521564532, 36.632539331635414 ], [ 127.292229494956246, 36.632427856952262 ], [ 127.29222962867938, 36.632380546617156 ], [ 127.292229820846558, 36.63231313299783 ], [ 127.292241700107795, 36.632101301885669 ], [ 127.292256896259204, 36.631918026964073 ], [ 127.292282185159792, 36.631707522779514 ], [ 127.292310965998723, 36.631494496870808 ], [ 127.292332028098656, 36.631313451632131 ], [ 127.292357143437783, 36.631142472355002 ], [ 127.292385942640692, 36.630940789078849 ], [ 127.29239611204153, 36.630877451369159 ], [ 127.292409324964481, 36.63082618099542 ], [ 127.292432976697597, 36.630771243484972 ], [ 127.292466145685125, 36.630731781424366 ], [ 127.292506096343359, 36.630706019501019 ], [ 127.292562085396241, 36.630678127304421 ], [ 127.292627549192005, 36.630649021930196 ], [ 127.292635813587651, 36.630643694040742 ], [ 127.292640768022054, 36.63063555312722 ], [ 127.292667943022607, 36.630595575738653 ], [ 127.292669403512122, 36.630585660005842 ], [ 127.292669401652773, 36.630576333110611 ], [ 127.292668484462382, 36.630567152468068 ], [ 127.292664015559552, 36.630556052667387 ], [ 127.292660630332051, 36.630553780411873 ], [ 127.292646341875667, 36.630548175276829 ], [ 127.292622155193641, 36.630538186058637 ], [ 127.29252203045246, 36.630496629406842 ], [ 127.292472465592539, 36.630466355542247 ], [ 127.292437715015396, 36.63040660506158 ], [ 127.292408159478939, 36.630272381904355 ], [ 127.292356037020937, 36.629884724696922 ], [ 127.292289372488838, 36.629453703498022 ], [ 127.292223126535376, 36.629050355332502 ], [ 127.292141463691479, 36.628588029472752 ], [ 127.292078619810582, 36.628212004290035 ], [ 127.292030438130212, 36.627913973385745 ], [ 127.292012306782354, 36.627662916066861 ], [ 127.292006611978152, 36.627451308355859 ], [ 127.29202137146855, 36.62735380467236 ], [ 127.292069977029087, 36.627177459157636 ], [ 127.292087299673597, 36.627116679747154 ], [ 127.292240052442665, 36.626645598 ], [ 127.292450165582949, 36.625993669058701 ], [ 127.292641098796864, 36.625370029562966 ], [ 127.292662026171627, 36.625313513197014 ], [ 127.292697019074467, 36.625242732552856 ], [ 127.292773029123893, 36.625130200936184 ], [ 127.292866751437771, 36.625000549958493 ], [ 127.292881187571695, 36.62498068079028 ], [ 127.293009385655935, 36.624809364674412 ], [ 127.293148543835031, 36.624624606269833 ], [ 127.293215796747361, 36.624525801594601 ], [ 127.293272292977306, 36.624453635522926 ], [ 127.293420228914457, 36.624263212577539 ], [ 127.293500666742801, 36.624166285876811 ], [ 127.293813162726124, 36.623769186912973 ], [ 127.293921817704842, 36.623636695947951 ], [ 127.293984025849923, 36.623452584111057 ], [ 127.294048320215211, 36.623364483630425 ], [ 127.294280689022031, 36.622973777113977 ], [ 127.294280554403954, 36.622938576968252 ], [ 127.294133117187258, 36.622832169065049 ], [ 127.294112625526637, 36.622802885438716 ], [ 127.294125545742389, 36.622754747904899 ], [ 127.294256675408221, 36.62246769022579 ], [ 127.294487278731481, 36.621967118150998 ], [ 127.29485701565379, 36.621430467421639 ], [ 127.294950506466364, 36.621283016924473 ], [ 127.295154984619643, 36.62096882485352 ], [ 127.295357626687846, 36.620675057225398 ], [ 127.29550254643712, 36.620465110726556 ], [ 127.295631916736312, 36.620285292516527 ], [ 127.295824945840295, 36.620057006881652 ], [ 127.295991532573879, 36.619863109313556 ], [ 127.29620466238211, 36.619524591493892 ], [ 127.296364839806074, 36.61935331005045 ], [ 127.296426979651358, 36.61928521961957 ], [ 127.296601964637745, 36.619098816156253 ], [ 127.297175966551933, 36.618617440186917 ], [ 127.297327887221485, 36.618512592876378 ], [ 127.297606116705992, 36.618326327407239 ], [ 127.297806894186579, 36.618220473441831 ], [ 127.29797677073492, 36.618151859975818 ], [ 127.298127813666255, 36.618054339336261 ], [ 127.298328637338557, 36.617902724453579 ], [ 127.298582157530973, 36.617702209030291 ], [ 127.298847725375126, 36.617492146684626 ], [ 127.299164073690619, 36.617330688038464 ], [ 127.299357176311574, 36.617244974227397 ], [ 127.299467378422449, 36.617202235736123 ], [ 127.299499054056298, 36.617195136540708 ], [ 127.299518334473973, 36.617191420545467 ], [ 127.299537025880355, 36.617188868293582 ], [ 127.299555787415159, 36.617186873283465 ], [ 127.299573870489326, 36.617186036457625 ], [ 127.299585965598013, 36.61718885325228 ], [ 127.29961155385908, 36.617194429689988 ], [ 127.299648891150895, 36.617220747745236 ], [ 127.299671807034599, 36.61723828077249 ], [ 127.299687170652405, 36.617247712846236 ], [ 127.299702659812922, 36.617249251599162 ], [ 127.299857138027008, 36.617180564476968 ], [ 127.299999978054174, 36.617133814543401 ], [ 127.300090085140951, 36.617104328045968 ], [ 127.300277156802849, 36.617051346887941 ], [ 127.300966812111611, 36.616617639030387 ], [ 127.301036288790471, 36.616497206522098 ], [ 127.301117037025122, 36.616331770086269 ], [ 127.301205367885728, 36.616147686999639 ], [ 127.30133490762617, 36.615780498617575 ], [ 127.301519549600044, 36.615303005994889 ], [ 127.301632346845608, 36.615029684166338 ], [ 127.30172592337199, 36.61476031306475 ], [ 127.301789359200725, 36.614594163976676 ], [ 127.301804106389866, 36.6144886751459 ], [ 127.30180851498541, 36.614263064074585 ], [ 127.301785222422296, 36.614120220517151 ], [ 127.301808219958986, 36.61395798515403 ], [ 127.301885429480066, 36.613780572117399 ], [ 127.301925160143668, 36.613672649270477 ], [ 127.301948809940683, 36.61360588742042 ], [ 127.301963009009896, 36.613569400263522 ], [ 127.301979361661083, 36.613491871382507 ], [ 127.302037499116039, 36.613479990646191 ], [ 127.302081379561983, 36.61314660223082 ], [ 127.302120450884473, 36.612731908502631 ], [ 127.302155402041677, 36.612433705170027 ], [ 127.302171408118809, 36.612101180895742 ], [ 127.302190434407976, 36.61181200214677 ], [ 127.302195847111022, 36.611580648263953 ], [ 127.302194489097246, 36.611450357561047 ], [ 127.302186534014638, 36.611262084015571 ], [ 127.302162771977251, 36.611044817208672 ], [ 127.302137890638917, 36.610844657208034 ], [ 127.30208955820278, 36.610535057550962 ], [ 127.302036704065856, 36.610048712949848 ], [ 127.302032100523661, 36.609992222680184 ], [ 127.302015476264401, 36.609925220774819 ], [ 127.302007708612379, 36.609781959411166 ], [ 127.302008774236114, 36.609702791390156 ], [ 127.302005191961086, 36.60938327554976 ], [ 127.302021776414406, 36.609184936873397 ], [ 127.30202820270199, 36.609015624063446 ], [ 127.30203866055605, 36.608891178429815 ], [ 127.302080952398825, 36.608666443212243 ], [ 127.302136714811539, 36.608482416875518 ], [ 127.302222270205476, 36.608236963000579 ], [ 127.302340471460354, 36.607888103346127 ], [ 127.302452827347452, 36.607639491595954 ], [ 127.302549867373315, 36.607453422133162 ], [ 127.302667201771925, 36.607228713597372 ], [ 127.302801708453416, 36.606960022067923 ], [ 127.302999081181753, 36.606739057011801 ], [ 127.303177389957156, 36.606521779729427 ], [ 127.303402799706362, 36.606242538564999 ], [ 127.303563191088401, 36.606094073369221 ], [ 127.303777020709859, 36.605874929902079 ], [ 127.303967420830034, 36.605710030506479 ], [ 127.304163068419072, 36.605574441824551 ], [ 127.304455816263385, 36.605355971280268 ], [ 127.304721535269223, 36.605176333871917 ], [ 127.304944682822466, 36.605011973355921 ], [ 127.305189961558227, 36.604847717108882 ], [ 127.305340512417558, 36.604756740173151 ], [ 127.305555916932775, 36.604596262139808 ], [ 127.305596584993637, 36.604538601735769 ], [ 127.305636926296572, 36.604468543334946 ], [ 127.30569074165092, 36.604380390313246 ], [ 127.305733803703362, 36.604303439826381 ], [ 127.305778510660033, 36.604224169735431 ], [ 127.305823177407035, 36.604140384840981 ], [ 127.305845959350336, 36.604064935621551 ], [ 127.305872032786155, 36.603979757343687 ], [ 127.305884479900726, 36.603902046540796 ], [ 127.306155375408707, 36.603388557580601 ], [ 127.306331611193158, 36.6032818340407 ], [ 127.306554300076485, 36.603136403041511 ], [ 127.306729172486584, 36.602995773015301 ], [ 127.306824469869767, 36.602898554507235 ], [ 127.306880770810807, 36.602837664562664 ], [ 127.306921113054685, 36.602774480558864 ], [ 127.307020439091161, 36.60259665612066 ], [ 127.307133143637444, 36.602351552522414 ], [ 127.307191947134683, 36.602188764303513 ], [ 127.307246072063549, 36.602047631575914 ], [ 127.307322360293995, 36.601812724357792 ], [ 127.307351870597898, 36.601676279252267 ], [ 127.307380084561757, 36.601482866127746 ], [ 127.307409290463326, 36.601246584563668 ], [ 127.307413164574285, 36.601124704136737 ], [ 127.307420362552747, 36.600778423563156 ], [ 127.307397055619916, 36.600484054458811 ], [ 127.307367227297078, 36.600247644994376 ], [ 127.307327339873652, 36.600022489833236 ], [ 127.307321777212081, 36.600000570729534 ], [ 127.30726941576583, 36.599792065953402 ], [ 127.307249358993232, 36.599722332966479 ], [ 127.307117928839972, 36.599325152800972 ], [ 127.306971285457323, 36.598991756168225 ], [ 127.306934615633978, 36.598918146796734 ], [ 127.306806448907182, 36.598672438362215 ], [ 127.306677287312823, 36.598432355345601 ], [ 127.306632248540694, 36.598361362884063 ], [ 127.306614560807304, 36.598325641898796 ], [ 127.306541545027386, 36.598178223301652 ], [ 127.306380740585979, 36.597862796888727 ], [ 127.306370230780146, 36.597836059278642 ], [ 127.306353837186293, 36.597794388634313 ], [ 127.306259325732299, 36.597622477159859 ], [ 127.306115590892972, 36.59735282936807 ], [ 127.305996214897036, 36.597130292105156 ], [ 127.305922899776959, 36.596988137390959 ], [ 127.305825446651355, 36.59680679825523 ], [ 127.305702134512728, 36.596571836968018 ], [ 127.305576065966164, 36.596320885601124 ], [ 127.305500306646934, 36.596167849089682 ], [ 127.305428578428433, 36.59603380836294 ], [ 127.305367910213278, 36.595918293505257 ], [ 127.305352458783219, 36.595882909527447 ], [ 127.305267872895456, 36.595616730649382 ], [ 127.305232467025107, 36.595408919649493 ], [ 127.305228825761546, 36.595352400283787 ], [ 127.305222757989981, 36.59526492475014 ], [ 127.305211668328184, 36.595172946114019 ], [ 127.30520730283331, 36.595080762104445 ], [ 127.305210762818419, 36.59499144143512 ], [ 127.305216665727144, 36.594892732898479 ], [ 127.305229013166667, 36.594787619795859 ], [ 127.30524827023973, 36.594645830412965 ], [ 127.305262191043383, 36.59455700462442 ], [ 127.305264524721366, 36.594542148060995 ], [ 127.305278308371996, 36.594426911610938 ], [ 127.305292309872698, 36.594296146220707 ], [ 127.305309057644266, 36.594142018351171 ], [ 127.30532364578572, 36.594043819808235 ], [ 127.305337630423907, 36.593892112458313 ], [ 127.305342016439369, 36.59382215576445 ], [ 127.305351906469852, 36.593706260244332 ], [ 127.305352631127178, 36.593640296636664 ], [ 127.305374562129373, 36.59353669023298 ], [ 127.305380838923909, 36.593504439288317 ], [ 127.305400295734387, 36.593306012333215 ], [ 127.305412045493043, 36.593188500734321 ], [ 127.305432710987276, 36.593035812604207 ], [ 127.305452039366898, 36.592895573847663 ], [ 127.305464153181589, 36.592787963139067 ], [ 127.305466938620924, 36.592763228631021 ], [ 127.30548027096512, 36.592638693280314 ], [ 127.305492022710084, 36.592521190678333 ], [ 127.305510042691651, 36.592332896028189 ], [ 127.305521903977194, 36.59219754202531 ], [ 127.30552966609855, 36.592097224571468 ], [ 127.305527194549612, 36.592065493027228 ], [ 127.305551294800964, 36.591973919764023 ], [ 127.305537939914416, 36.591894545839416 ], [ 127.305515737100279, 36.591755674473376 ], [ 127.305488666638837, 36.591638261757936 ], [ 127.30546097155468, 36.591552382607468 ], [ 127.305372393636915, 36.591347068422444 ], [ 127.305315940011582, 36.591231271853069 ], [ 127.305268222594918, 36.591154445300234 ], [ 127.305163868524303, 36.590997481658306 ], [ 127.305100687678376, 36.590915494793457 ], [ 127.304997625053602, 36.590800025717805 ], [ 127.304886147226782, 36.590701319758843 ], [ 127.304762480702536, 36.590605792265038 ], [ 127.304640723216963, 36.59050432866465 ], [ 127.304481167474165, 36.590375954360383 ], [ 127.304336670717646, 36.590252009308486 ], [ 127.304300912277768, 36.590231825435581 ], [ 127.304257300058467, 36.590218429598423 ], [ 127.304142387315366, 36.590180855473641 ], [ 127.304081551137969, 36.590152038994752 ], [ 127.303996534469391, 36.59007806607034 ], [ 127.303959074672505, 36.590034916194206 ], [ 127.303945542993759, 36.590004112994812 ], [ 127.303928750711947, 36.589941787859935 ], [ 127.303868180058728, 36.589858506458405 ], [ 127.303828702223356, 36.589822128921448 ], [ 127.303738213185554, 36.58975419589315 ], [ 127.303627445584041, 36.589642016037914 ], [ 127.303556396962293, 36.589561940989263 ], [ 127.303433059377966, 36.589427110685158 ], [ 127.303353511649846, 36.589334261611988 ], [ 127.303239057258153, 36.589204889038065 ], [ 127.303127579457978, 36.589076264107497 ], [ 127.303003654361248, 36.588941830844476 ], [ 127.302816154403374, 36.588755554988438 ], [ 127.302679899628444, 36.58862298332582 ], [ 127.302634622776878, 36.588578031500319 ], [ 127.302564613452191, 36.588514678664545 ], [ 127.302471568384021, 36.588435695203323 ], [ 127.302331577304415, 36.588322100815439 ], [ 127.302233055617847, 36.588242879101905 ], [ 127.302089205650375, 36.588127772512436 ], [ 127.301947184067387, 36.588017399878616 ], [ 127.301656695702391, 36.587785551268844 ], [ 127.30149519027934, 36.587658700432769 ], [ 127.301354727164266, 36.587546322934038 ], [ 127.301174261609731, 36.587405353157976 ], [ 127.301033990887092, 36.587290676763246 ], [ 127.300899973999719, 36.587180355897694 ], [ 127.300787101069275, 36.587076126523783 ], [ 127.300675913823554, 36.586954654086426 ], [ 127.300576552662932, 36.586836331351776 ], [ 127.300477246586922, 36.586692380664203 ], [ 127.300370210179935, 36.58652826472013 ], [ 127.300300720624321, 36.586379138692436 ], [ 127.300279815976452, 36.586304693510222 ], [ 127.300267769333317, 36.586203355068029 ], [ 127.300265195974632, 36.58607840947959 ], [ 127.300268465408294, 36.585961819805412 ], [ 127.300283541548339, 36.585827061160678 ], [ 127.300285364955982, 36.58581874874011 ], [ 127.300294961848735, 36.585774901225804 ], [ 127.300298255870032, 36.58575983539555 ], [ 127.30031981443345, 36.585636774703715 ], [ 127.300350786296121, 36.585497695615871 ], [ 127.300393135014218, 36.585336258426771 ], [ 127.300435390502457, 36.585196204746133 ], [ 127.300493933213787, 36.585023893631835 ], [ 127.30055257884743, 36.584861008786142 ], [ 127.300620242823953, 36.584674725117331 ], [ 127.300695924104303, 36.584458692539279 ], [ 127.300789567525896, 36.584203937850091 ], [ 127.300886457578272, 36.583942677832646 ], [ 127.30098151032, 36.583667940768336 ], [ 127.301078082032134, 36.583416962600587 ], [ 127.301171983745434, 36.58315726955118 ], [ 127.301240417028083, 36.582966234023132 ], [ 127.301305883396253, 36.582776026494265 ], [ 127.301358079913868, 36.582639461588336 ], [ 127.301357311999482, 36.5826198183222 ], [ 127.301329511525822, 36.582573732141825 ], [ 127.301346718047924, 36.582530542677304 ], [ 127.30136803619348, 36.582509915711775 ], [ 127.301391107749055, 36.582503856375553 ], [ 127.300809919490177, 36.581250258188192 ], [ 127.3007931363898, 36.581273081491361 ], [ 127.300773693717602, 36.581287765166159 ], [ 127.300723162338898, 36.581395731484037 ], [ 127.300520251576927, 36.5817846817692 ], [ 127.300301411778008, 36.581901254966944 ], [ 127.300153688516872, 36.58219647201409 ], [ 127.300081167538224, 36.58233682649908 ], [ 127.30002440210653, 36.582419451562089 ], [ 127.300014146139972, 36.582454567801541 ], [ 127.299999968086695, 36.582535922852209 ], [ 127.299983133009931, 36.582632422327983 ], [ 127.299929890200275, 36.582943929079036 ], [ 127.299857641601321, 36.583336881872228 ], [ 127.299802515110272, 36.583664936990139 ], [ 127.299711994797434, 36.58409528041112 ], [ 127.299662541263032, 36.584303955105085 ], [ 127.299545947048401, 36.584617459215984 ], [ 127.299441685304984, 36.584855270194986 ], [ 127.299331461813665, 36.585089041311626 ], [ 127.2992173724666, 36.585345983481481 ], [ 127.299187167837474, 36.58544703991852 ], [ 127.299141699420602, 36.585672539523657 ], [ 127.299109732635074, 36.585934140058455 ], [ 127.299243599917659, 36.585945879605504 ], [ 127.299187471351061, 36.586267196561941 ], [ 127.29920540943543, 36.586432627558551 ], [ 127.299290055849582, 36.586685158830583 ], [ 127.299447714847602, 36.586939821450244 ], [ 127.29970732695088, 36.587264083645344 ], [ 127.299796504545313, 36.587329156176821 ], [ 127.299999960408144, 36.587474333365904 ], [ 127.300125038328844, 36.587570611042345 ], [ 127.300298412177824, 36.587710048781098 ], [ 127.300496581549666, 36.58786335683989 ], [ 127.300695540413741, 36.588027303633247 ], [ 127.300898238454408, 36.588186862406744 ], [ 127.301104797113595, 36.588359179948931 ], [ 127.301372189801057, 36.588545779174495 ], [ 127.301573314885204, 36.588662328827517 ], [ 127.30178826841545, 36.588791368934395 ], [ 127.301932122509655, 36.588884165464755 ], [ 127.302032407039945, 36.588968436965544 ], [ 127.302153599009415, 36.589084205569748 ], [ 127.302328384758354, 36.589254025154943 ], [ 127.302482766356519, 36.589435546446587 ], [ 127.302559334813338, 36.589532864424754 ], [ 127.302666140162998, 36.589652418422403 ], [ 127.302782058952346, 36.589808065581082 ], [ 127.302858424732719, 36.58991327839626 ], [ 127.302909039574089, 36.590014456725577 ], [ 127.302936514883896, 36.590087837676123 ], [ 127.302939129029923, 36.590107891440098 ], [ 127.302940050047297, 36.590131696266113 ], [ 127.302938410093731, 36.590152347004192 ], [ 127.302911572150293, 36.590222226861684 ], [ 127.302949218495385, 36.590367699841401 ], [ 127.303069802708634, 36.59052431001038 ], [ 127.303165130794042, 36.59058594821569 ], [ 127.30332231884816, 36.590646628265084 ], [ 127.303446589562128, 36.590728055124131 ], [ 127.303488740868346, 36.590768317261677 ], [ 127.303527861356343, 36.59080202045719 ], [ 127.303578683309937, 36.590844099861613 ], [ 127.303620166114015, 36.59097618259544 ], [ 127.303615761600213, 36.590998182843649 ], [ 127.303639531806638, 36.591138257961269 ], [ 127.303644766508697, 36.591168063079891 ], [ 127.303666853091087, 36.591218147332825 ], [ 127.303773305301647, 36.591420488401532 ], [ 127.303848713478487, 36.591580120943497 ], [ 127.303894234937218, 36.591718475662041 ], [ 127.303940838458942, 36.591902017295276 ], [ 127.303946556969734, 36.592020826822569 ], [ 127.303970040851084, 36.592090587721437 ], [ 127.303972732376536, 36.592169466483327 ], [ 127.303961961978771, 36.592403736875333 ], [ 127.303934833545711, 36.592613248507725 ], [ 127.30388796319437, 36.592983007716576 ], [ 127.303848659106421, 36.593319079342322 ], [ 127.303809148499965, 36.593645618101277 ], [ 127.303764155458921, 36.594032900097197 ], [ 127.303723505271634, 36.594425062727503 ], [ 127.303685658951807, 36.594757058217198 ], [ 127.303664379811494, 36.595039213430582 ], [ 127.303662554785063, 36.595180607554674 ], [ 127.30367894667539, 36.595462244231754 ], [ 127.303688447643125, 36.595576916623266 ], [ 127.303745654577682, 36.595819340210014 ], [ 127.303815661027372, 36.596093487076203 ], [ 127.303924228821998, 36.596408951902319 ], [ 127.304152745878469, 36.596852477508534 ], [ 127.304599222382379, 36.597701399890298 ], [ 127.304647108337662, 36.597788976423679 ], [ 127.304654122872847, 36.597802286886441 ], [ 127.304903810489421, 36.598275999112175 ], [ 127.30498370196554, 36.598427654397348 ], [ 127.305192550936411, 36.598840103358242 ], [ 127.30527616155365, 36.599000022275249 ], [ 127.305487328410294, 36.599401614974141 ], [ 127.305541282946436, 36.59950525137716 ], [ 127.305554494378271, 36.599537153659639 ], [ 127.305648741544076, 36.599760349869058 ], [ 127.305673359606317, 36.59981897684041 ], [ 127.305712277759042, 36.599941810472593 ], [ 127.305734346578049, 36.600000499985128 ], [ 127.305767152361042, 36.600134514881113 ], [ 127.305800395578032, 36.600276943296464 ], [ 127.305829558930085, 36.600448427679403 ], [ 127.305854012551876, 36.600626368148745 ], [ 127.305868482407234, 36.60081568733272 ], [ 127.305867906943675, 36.601017696788247 ], [ 127.305849759990636, 36.601199943733626 ], [ 127.305822645471167, 36.601377899334686 ], [ 127.305781276563124, 36.601603479682154 ], [ 127.30574211999317, 36.601785852820477 ], [ 127.305688628917153, 36.601970146208089 ], [ 127.305641992789702, 36.602106689173709 ], [ 127.30557432764374, 36.602270717060172 ], [ 127.305533043095238, 36.602361531910191 ], [ 127.305456442461207, 36.602515426684811 ], [ 127.305393891308185, 36.602626715932495 ], [ 127.305309234966799, 36.60278163057162 ], [ 127.305105660028858, 36.60309237905625 ], [ 127.304918434130883, 36.603320790938049 ], [ 127.30487214809304, 36.603379619285811 ], [ 127.304833003055364, 36.603426597349944 ], [ 127.304768977858984, 36.603524958105346 ], [ 127.304608165883934, 36.603669434262386 ], [ 127.30456311233408, 36.603709343790058 ], [ 127.304469990509361, 36.603783898486661 ], [ 127.304374495483927, 36.603860369412281 ], [ 127.304330536936703, 36.603905799640771 ], [ 127.304306246962255, 36.603933194255433 ], [ 127.304275570048432, 36.60397129001808 ], [ 127.304255279449748, 36.60399828731736 ], [ 127.304240447180305, 36.604018339395644 ], [ 127.303617148146131, 36.604470244549901 ], [ 127.303567908903418, 36.604483076509659 ], [ 127.303504732386102, 36.604513003181253 ], [ 127.303402404133038, 36.604560229961663 ], [ 127.303331366254426, 36.604612479173312 ], [ 127.303202813552772, 36.604701766227336 ], [ 127.303129965305899, 36.604748233703404 ], [ 127.303062168730378, 36.604799970644962 ], [ 127.302988980384868, 36.60485963184712 ], [ 127.302907765294705, 36.604932730130855 ], [ 127.302842788054591, 36.604982827269524 ], [ 127.302746863689535, 36.605050171163704 ], [ 127.302604733572281, 36.605177898549641 ], [ 127.302537447564319, 36.605240482898381 ], [ 127.302453688892285, 36.605320635408177 ], [ 127.302380341975095, 36.605397372206049 ], [ 127.302274137672399, 36.605491404742878 ], [ 127.302188078968356, 36.605584044448307 ], [ 127.302040498842516, 36.605739090211685 ], [ 127.30198183548768, 36.605800633805643 ], [ 127.301879280892493, 36.605910850388973 ], [ 127.301811772823953, 36.605988950589257 ], [ 127.301740374916236, 36.606086572599075 ], [ 127.301656603099502, 36.606186900110643 ], [ 127.301602065200271, 36.60625451567833 ], [ 127.301550860321328, 36.606331341097714 ], [ 127.301494801635556, 36.606427715576132 ], [ 127.301453197813032, 36.606504246826447 ], [ 127.301402247074051, 36.606586496032762 ], [ 127.301345593641571, 36.606670472001383 ], [ 127.301292345246551, 36.606765208527825 ], [ 127.30123472955249, 36.606869381870631 ], [ 127.301173573026091, 36.606979872404878 ], [ 127.301139401026774, 36.607050750903682 ], [ 127.301091615861225, 36.607159278598353 ], [ 127.301024900373307, 36.607274595423611 ], [ 127.30100174891227, 36.607314096603254 ], [ 127.300958414654076, 36.607374392350842 ], [ 127.300725692910845, 36.60800760717818 ], [ 127.300695743912243, 36.608147394313534 ], [ 127.300669286964549, 36.608340603009914 ], [ 127.300620689487957, 36.608553888941131 ], [ 127.300591302075617, 36.608746411169108 ], [ 127.300584090040047, 36.60885835107878 ], [ 127.300579407902006, 36.608942276574716 ], [ 127.300570471894787, 36.609099257982813 ], [ 127.30056411296087, 36.609229011164139 ], [ 127.30056125707064, 36.609331505216588 ], [ 127.300560774809597, 36.609443238213046 ], [ 127.300560923867337, 36.60952779201763 ], [ 127.300562302478212, 36.609617740655892 ], [ 127.300563861702116, 36.609691395871707 ], [ 127.300562869378908, 36.609853566969932 ], [ 127.3005869453511, 36.61011814360775 ], [ 127.300635882512765, 36.610501426343546 ], [ 127.300698751193863, 36.610874195597582 ], [ 127.300722653629634, 36.611074393921697 ], [ 127.300738380626385, 36.611243804945232 ], [ 127.300748850923611, 36.611404073170419 ], [ 127.300749266231463, 36.61147388245157 ], [ 127.300745340206092, 36.611594249630656 ], [ 127.300711068763192, 36.611695001701861 ], [ 127.300682326000839, 36.611782637163351 ], [ 127.300674078421935, 36.611849343410292 ], [ 127.300658582882932, 36.611989724366907 ], [ 127.300619065959864, 36.612133294304037 ], [ 127.300596508419432, 36.612219436383953 ], [ 127.300576713634982, 36.612286180992484 ], [ 127.300542966594847, 36.612429735310457 ], [ 127.300443473576692, 36.612830920252911 ], [ 127.300404553910667, 36.612995818788981 ], [ 127.300387116687176, 36.61305363524184 ], [ 127.30038342260417, 36.613077686487451 ], [ 127.300377355178838, 36.613187794568255 ], [ 127.300381680339598, 36.613207851176881 ], [ 127.300527911390759, 36.613657239628665 ], [ 127.300588895150938, 36.613702259837467 ], [ 127.300628748226387, 36.613841116062339 ], [ 127.300633401400717, 36.613882356656809 ], [ 127.30062943695637, 36.613912402429719 ], [ 127.300616048333296, 36.614002162220871 ], [ 127.300603898410202, 36.61405990280106 ], [ 127.300538320924971, 36.614237024349293 ], [ 127.30045135531968, 36.614467844848654 ], [ 127.300397059626306, 36.614581982973135 ], [ 127.300247621654577, 36.614874346819022 ], [ 127.300165815701064, 36.615009254343384 ], [ 127.300129727594907, 36.615048681316409 ], [ 127.300042166362275, 36.61517240230296 ], [ 127.300006502445697, 36.615228523923207 ], [ 127.299999975206248, 36.615240138710156 ], [ 127.299958666361476, 36.615299627859279 ], [ 127.299874392062861, 36.615386241290246 ], [ 127.299743758257435, 36.615503797368817 ], [ 127.299701708538151, 36.615553862704978 ], [ 127.299676590184305, 36.61558558392472 ], [ 127.299645645952808, 36.615637016552746 ], [ 127.299626211774779, 36.615681292589002 ], [ 127.299607727316669, 36.615723287621464 ], [ 127.299565660651794, 36.615832530928138 ], [ 127.299542449808101, 36.615874680269272 ], [ 127.29953074527846, 36.615888677096912 ], [ 127.299502816134819, 36.615910592444301 ], [ 127.2994497874801, 36.615951681913273 ], [ 127.299373924370514, 36.616005245731557 ], [ 127.299335052840291, 36.616041308781909 ], [ 127.299311663671304, 36.616075385747777 ], [ 127.299274119414079, 36.616125718147195 ], [ 127.299134947847278, 36.616310810331605 ], [ 127.299072648216679, 36.616376812269706 ], [ 127.299014574285351, 36.616434729440996 ], [ 127.298952450992914, 36.616497343776423 ], [ 127.298887699521188, 36.616553953261594 ], [ 127.298792474338256, 36.616630273933509 ], [ 127.298714122771059, 36.616688225228266 ], [ 127.298602814996471, 36.616774382787263 ], [ 127.298494596560346, 36.616864524684019 ], [ 127.298335762986113, 36.616989926826413 ], [ 127.298269508490947, 36.617045350658721 ], [ 127.298221566971435, 36.617093213035773 ], [ 127.298196245928267, 36.617127618256085 ], [ 127.29819205584964, 36.617157133466151 ], [ 127.298190732826654, 36.617187621742055 ], [ 127.298179995805455, 36.617209537040559 ], [ 127.298156860819631, 36.617242728929874 ], [ 127.298123562151815, 36.617278651366547 ], [ 127.298079902778312, 36.617317374325133 ], [ 127.298039406204595, 36.617347428399917 ], [ 127.29790432264231, 36.617460490814615 ], [ 127.297844454310223, 36.617517140457217 ], [ 127.297717074814585, 36.617633850571046 ], [ 127.297676505230569, 36.617665193540709 ], [ 127.297644426696891, 36.617689389404561 ], [ 127.297618562976638, 36.617713891506817 ], [ 127.29754704262308, 36.617783728173031 ], [ 127.29747760006606, 36.617830444867117 ], [ 127.297375499481376, 36.617898772628102 ], [ 127.297255282635575, 36.617989006563853 ], [ 127.29723603281181, 36.618027045931122 ], [ 127.297227701581988, 36.618038033652574 ], [ 127.297200143916911, 36.618057621411133 ], [ 127.296957715453942, 36.618234100773662 ], [ 127.296735915559907, 36.61840256083174 ], [ 127.296480524912255, 36.618619333948665 ], [ 127.296243744214706, 36.618843757803432 ], [ 127.296013318639908, 36.619061448842814 ], [ 127.295791281791793, 36.619289239775917 ], [ 127.295593555441613, 36.619516592392493 ], [ 127.29538486407418, 36.619762390346331 ], [ 127.295221364442256, 36.619971697188767 ], [ 127.295059040307706, 36.62022837418364 ], [ 127.294790456344515, 36.62066431496411 ], [ 127.294593445899054, 36.620984443948629 ], [ 127.294405482980068, 36.621291366817275 ], [ 127.294205920720515, 36.621611853122353 ], [ 127.294026090775816, 36.621891522671561 ], [ 127.293909249911479, 36.622078525863856 ], [ 127.293752796944503, 36.622285021094122 ], [ 127.293588956857718, 36.6224983889607 ], [ 127.293459806046485, 36.622647260413196 ], [ 127.293286510847622, 36.622803142727676 ], [ 127.293143602388312, 36.622923650451398 ], [ 127.293025462988865, 36.62306369863844 ], [ 127.292835529303588, 36.623201779238947 ], [ 127.292688037193898, 36.623390406480397 ], [ 127.292589775500105, 36.623495963217394 ], [ 127.292434688472213, 36.623636948948104 ], [ 127.292349564447079, 36.623706922785068 ], [ 127.292183447490657, 36.624071795917288 ], [ 127.292187111233432, 36.624088528707993 ], [ 127.292187891122282, 36.624108811978438 ], [ 127.292187150982087, 36.624134550268813 ], [ 127.292177803069578, 36.624249612032408 ], [ 127.292140591428151, 36.624316144411154 ], [ 127.292124827484216, 36.624328168139769 ], [ 127.29209886723261, 36.624354652138933 ], [ 127.292042531619842, 36.624398289118581 ], [ 127.291974355456645, 36.624457245294749 ], [ 127.291938208163003, 36.624488864436628 ], [ 127.291897638657019, 36.624533778352742 ], [ 127.291846942548105, 36.624582157953704 ], [ 127.29171324255546, 36.624697516222383 ], [ 127.291593994036319, 36.624808871721783 ], [ 127.291465176709792, 36.624938202454281 ], [ 127.291422391825989, 36.624989069427379 ], [ 127.291416667943778, 36.625000607599588 ], [ 127.291403452346401, 36.625027268811081 ], [ 127.291389935246272, 36.625068692427746 ], [ 127.291365003805168, 36.625187170546006 ], [ 127.291325201770391, 36.625397701636153 ], [ 127.291310873529426, 36.625461176268203 ], [ 127.291285133692057, 36.625531770773989 ], [ 127.291251937254003, 36.62561105346969 ], [ 127.291233623173881, 36.62568185569549 ], [ 127.291203694116973, 36.625797842284847 ], [ 127.291178325028824, 36.625868570834676 ], [ 127.291136897235731, 36.626315716978411 ], [ 127.291123639005193, 36.626372150950957 ], [ 127.291097248263441, 36.626484000417612 ], [ 127.291082242823421, 36.62659932978908 ], [ 127.290868916167824, 36.627673256152946 ], [ 127.290810088112138, 36.6280635645223 ], [ 127.290804677060009, 36.6281404978537 ], [ 127.290802593912446, 36.628151461817545 ], [ 127.290801025915755, 36.628219293162203 ], [ 127.290800306547723, 36.628266126508436 ], [ 127.290797416622837, 36.628413370265655 ], [ 127.290801755795314, 36.628497155867159 ], [ 127.290805246691065, 36.628566220324068 ], [ 127.290829705555851, 36.628776485305998 ], [ 127.290851225127852, 36.628980971925444 ], [ 127.290876643823836, 36.62918795531418 ], [ 127.290906395763812, 36.629441281465674 ], [ 127.290930324058152, 36.62969744430945 ], [ 127.2909406364235, 36.629877221002843 ], [ 127.290959703802088, 36.630095339313172 ], [ 127.290969796411233, 36.630308487237663 ], [ 127.290987202762707, 36.630578462151526 ], [ 127.290999212611197, 36.630819783408398 ], [ 127.291009003093293, 36.631047962339821 ], [ 127.29102060802046, 36.631288511183762 ], [ 127.29102676413028, 36.631489916465512 ], [ 127.291031468934136, 36.631711846285825 ], [ 127.291047500014145, 36.63205058852428 ], [ 127.291059274788509, 36.632285494250318 ], [ 127.291068144474295, 36.632488615296694 ], [ 127.291077950274143, 36.632717894012316 ], [ 127.291086597405155, 36.632950455741792 ], [ 127.291100394226902, 36.633236110238549 ], [ 127.291118915564084, 36.633567475291173 ], [ 127.29112335649431, 36.633847518662925 ], [ 127.291132341755485, 36.634069275597035 ], [ 127.2911339670503, 36.634082112155355 ], [ 127.291138066228783, 36.634086796307187 ], [ 127.291155103561877, 36.63427351534768 ], [ 127.291153013173144, 36.634282144416751 ], [ 127.291163991486187, 36.634549628742342 ], [ 127.291169471444519, 36.634947925014878 ], [ 127.291164107823548, 36.63532057630983 ], [ 127.2911601205018, 36.635514816603305 ], [ 127.29115316725435, 36.635559637644342 ], [ 127.291119568985451, 36.635705729371494 ], [ 127.291109977934639, 36.635729885284974 ], [ 127.291103826116512, 36.635741345141106 ], [ 127.291088809404826, 36.635768181605052 ], [ 127.29104026767402, 36.63584760847381 ], [ 127.29095092709241, 36.635930155037272 ], [ 127.290790657784754, 36.636050387568012 ], [ 127.2907735830658, 36.636056404821773 ], [ 127.290586709374807, 36.636127617453205 ], [ 127.290482807789232, 36.636141820856722 ], [ 127.290221039353213, 36.636147108160166 ], [ 127.289926493898292, 36.636140074942141 ], [ 127.289702033336198, 36.63612039052299 ], [ 127.289257144969156, 36.63606257391649 ], [ 127.28874186770237, 36.635992164960555 ], [ 127.288451014652892, 36.635943272751149 ], [ 127.288240072203251, 36.635890822153058 ], [ 127.288020289002688, 36.635799897609985 ], [ 127.287848704372209, 36.635713650722089 ], [ 127.287736927950974, 36.635693627718354 ], [ 127.287592476562651, 36.63569688610427 ], [ 127.287514971034454, 36.63570059728692 ], [ 127.287386589273041, 36.635692418849764 ], [ 127.287297059087223, 36.635670862922034 ], [ 127.287195581266801, 36.635629420209114 ], [ 127.287111275916303, 36.635579061644805 ], [ 127.287021426389657, 36.635504538411027 ], [ 127.286910899297425, 36.635383601537704 ], [ 127.286782677754971, 36.635228175891633 ], [ 127.286597941962128, 36.635011096503071 ], [ 127.286413445410844, 36.634813082101672 ], [ 127.286360213235184, 36.634759412514882 ], [ 127.286286886772203, 36.634686452694581 ], [ 127.286203011891686, 36.634609617296874 ], [ 127.286123146153159, 36.634549766022104 ], [ 127.28600926238461, 36.634476298692967 ], [ 127.285885013588285, 36.634405488269216 ], [ 127.285785091493338, 36.634354886136002 ], [ 127.285644541489503, 36.634293657907641 ], [ 127.285514567706556, 36.634246551568495 ], [ 127.285416113285493, 36.634212202147232 ], [ 127.285296802525309, 36.63417938005923 ], [ 127.285090997955592, 36.634138575067716 ], [ 127.284530571821492, 36.634045799480113 ], [ 127.284037124779374, 36.633974372935434 ], [ 127.283781605011612, 36.633932348683338 ], [ 127.283635631488053, 36.633909843753138 ], [ 127.283478157532272, 36.633891168938192 ], [ 127.283328378231516, 36.633880071466727 ], [ 127.283196671515796, 36.633878140660549 ], [ 127.28307021788774, 36.633879278953579 ], [ 127.282850302405933, 36.633886739381111 ], [ 127.282653680118344, 36.633892451525981 ], [ 127.282456689108486, 36.633900398384903 ], [ 127.280940389176081, 36.634007676573717 ], [ 127.280723925065729, 36.634045115988236 ], [ 127.280423912403606, 36.634066349007902 ], [ 127.279982403421968, 36.634208245007905 ], [ 127.279969696923018, 36.634209698193359 ], [ 127.279967591694486, 36.634208946063175 ], [ 127.279963184012473, 36.634205207529732 ], [ 127.279703960769893, 36.634356603627488 ], [ 127.279642608601506, 36.634418331031227 ], [ 127.279630028722352, 36.634427155050652 ], [ 127.279491469785839, 36.634504194799973 ], [ 127.27942191123293, 36.634544052819351 ], [ 127.27921868642305, 36.634647375538201 ], [ 127.279044499619218, 36.634735626456489 ], [ 127.278961435448252, 36.634779256259847 ], [ 127.278690548815504, 36.634946914928065 ], [ 127.27853313258511, 36.635057059336276 ], [ 127.278498262175773, 36.635114127750704 ], [ 127.278405349843993, 36.635195872152359 ], [ 127.278379779508001, 36.635208276058378 ], [ 127.278325939631003, 36.635276448022267 ], [ 127.277695493941607, 36.636107691621042 ], [ 127.277344344966977, 36.636582668907607 ], [ 127.277329099368231, 36.636603367615066 ], [ 127.277307367455165, 36.636632858208344 ], [ 127.277263905894273, 36.636760984145042 ], [ 127.276980235484061, 36.637149429220031 ], [ 127.276644836183024, 36.63762523255533 ], [ 127.276381742025308, 36.638015988286874 ], [ 127.276098154917221, 36.6384111727087 ], [ 127.276065990622897, 36.638459692066633 ], [ 127.275980995382454, 36.638590335722292 ], [ 127.275912524295236, 36.63869235905473 ], [ 127.27578218812333, 36.638883304870028 ], [ 127.275711260631041, 36.638977393900511 ], [ 127.27556216299007, 36.639247367125257 ], [ 127.275513797432936, 36.639324599094536 ], [ 127.275471582869983, 36.63938381091765 ], [ 127.275384333513387, 36.639472548353716 ], [ 127.275171345175892, 36.639652727004403 ], [ 127.275091840503507, 36.63971534087041 ], [ 127.274999962363481, 36.639779128500294 ], [ 127.274931449322864, 36.639835544499121 ], [ 127.274838056805265, 36.63989145908419 ], [ 127.274723176210685, 36.639949271179489 ], [ 127.274580185528947, 36.640013445020315 ], [ 127.27444082399586, 36.640078981409175 ], [ 127.274399103467886, 36.640098010511913 ], [ 127.274338862344962, 36.640128642828188 ], [ 127.274320713509667, 36.640137823537501 ], [ 127.274229813244659, 36.640178159109567 ], [ 127.27410359928237, 36.640221615344423 ], [ 127.274029487442419, 36.640244340326461 ], [ 127.273968684662933, 36.640255005064425 ], [ 127.273867080600084, 36.640279352759457 ], [ 127.273836584537932, 36.640287597643351 ], [ 127.273798542962155, 36.640310077232016 ], [ 127.273730222710029, 36.640326122123646 ], [ 127.273687070183087, 36.640332087387876 ], [ 127.273669407497962, 36.640327234437713 ], [ 127.273634473521483, 36.640329811249082 ], [ 127.273611149793084, 36.640333603694124 ], [ 127.273397965363344, 36.640362334722433 ], [ 127.273373128647791, 36.640364788226464 ], [ 127.273269176856033, 36.640373264622383 ], [ 127.273193937078815, 36.640380708389841 ], [ 127.273113153716778, 36.640388759978109 ], [ 127.273002903562954, 36.64039352801435 ], [ 127.272780107058466, 36.640401013006198 ], [ 127.272419077320833, 36.640399180772732 ], [ 127.271486472787586, 36.640375709167891 ], [ 127.271354314870067, 36.64036687155496 ], [ 127.271198435168913, 36.640347357803059 ], [ 127.270732876012985, 36.640283940432923 ], [ 127.270416381834082, 36.640239350565437 ], [ 127.270229721097408, 36.64021710959944 ], [ 127.270129194132124, 36.640200847414242 ], [ 127.27010441132613, 36.640193423555658 ], [ 127.270084857413806, 36.640185133529677 ], [ 127.270055572925457, 36.64016575255102 ], [ 127.270000083625476, 36.640132329879229 ], [ 127.270000083090963, 36.640862880831328 ], [ 127.270191388805372, 36.640905807063014 ] ] ] ] } },
{ "type": "Feature", "properties": { "ObjectID": 2359, "RIVCD_2": 3022250, "RIVNM_2": "송곡천", "CLAS1": 1, "CLAS2": "지방", "source_dataset": "WAMIS river network", "river_scope": "local", "data_role": "official_river_polygon_context", "aoi_bbox": "127.27,36.58,127.4,36.68" }, "geometry": { "type": "Polygon", "coordinates": [ [ [ 127.270439843526006, 36.631102635888993 ], [ 127.270572473207963, 36.631145427590717 ], [ 127.270804287233219, 36.631220398703128 ], [ 127.271011508287543, 36.631290648740119 ], [ 127.271176389952913, 36.631350846552266 ], [ 127.271338989924615, 36.631420945404855 ], [ 127.271452061492838, 36.631475342322751 ], [ 127.271578737414529, 36.631538583658674 ], [ 127.271719039577349, 36.631619960237757 ], [ 127.271924190474053, 36.631739740168577 ], [ 127.27228343490853, 36.631954453500448 ], [ 127.272558736235084, 36.632118721838644 ], [ 127.27286335322502, 36.632301280907043 ], [ 127.273268362370388, 36.632547227011877 ], [ 127.273434376259274, 36.632641707769402 ], [ 127.273516246012733, 36.632686965310981 ], [ 127.273608712894244, 36.632731458630978 ], [ 127.273736731310393, 36.632781383306309 ], [ 127.273837892932434, 36.63281551132377 ], [ 127.273933943223767, 36.632842641154227 ], [ 127.274020353910558, 36.632862906657728 ], [ 127.274119803674054, 36.632880420210142 ], [ 127.274245922113906, 36.632895503296538 ], [ 127.274375063681234, 36.632905714877275 ], [ 127.274511391080978, 36.632908149183628 ], [ 127.274672202386881, 36.632907074138942 ], [ 127.274888071855202, 36.632897078937432 ], [ 127.274999972965034, 36.632894757110904 ], [ 127.275036866920445, 36.632893986584961 ], [ 127.275376929875705, 36.632886388527602 ], [ 127.275644993697469, 36.632880624611609 ], [ 127.275899179460168, 36.632876891204639 ], [ 127.276086382508808, 36.632873932884003 ], [ 127.276322479952981, 36.63287148436865 ], [ 127.276695176547989, 36.632865672881344 ], [ 127.276920801176715, 36.632864346648653 ], [ 127.277148625882489, 36.632855669693164 ], [ 127.27762307001916, 36.632844138969091 ], [ 127.277831043036187, 36.632846268660096 ], [ 127.278008600092718, 36.632847836480963 ], [ 127.278158497923386, 36.632868123505226 ], [ 127.278280915599623, 36.632895410712145 ], [ 127.278390642403011, 36.6329383187636 ], [ 127.278461354668252, 36.632973379665906 ], [ 127.27852663633891, 36.633009660072865 ], [ 127.278587839783185, 36.633049877814905 ], [ 127.278649442439658, 36.633101496595202 ], [ 127.278709993300495, 36.633158747744503 ], [ 127.278773718905384, 36.63322218181343 ], [ 127.278790004351634, 36.633236471927532 ], [ 127.278974397397334, 36.633464928883718 ], [ 127.279096650041041, 36.633617079451753 ], [ 127.279385320871711, 36.633969583884088 ], [ 127.279549011722835, 36.634164675064262 ], [ 127.279607814377513, 36.634239303369256 ], [ 127.279668984299519, 36.634319334184063 ], [ 127.279693566766355, 36.634345715964905 ], [ 127.279703960769893, 36.634356603627488 ], [ 127.279963184012473, 36.634205207529732 ], [ 127.279946532823217, 36.634201381475023 ], [ 127.279924697021357, 36.634195620244284 ], [ 127.279890988196101, 36.634174351165782 ], [ 127.279711668948636, 36.633996212149761 ], [ 127.279632788093906, 36.633900444523263 ], [ 127.27945494024199, 36.633671144292627 ], [ 127.279447442464999, 36.633662944822952 ], [ 127.279429715441907, 36.633658308963255 ], [ 127.279395688646346, 36.633663957846061 ], [ 127.279367836290575, 36.633626436461583 ], [ 127.279304816637122, 36.633545013752787 ], [ 127.279280757301166, 36.633505555746517 ], [ 127.279259795336671, 36.633441362797711 ], [ 127.279245139823018, 36.633407740466282 ], [ 127.279244567390251, 36.633388826004108 ], [ 127.279044372576138, 36.633106509982433 ], [ 127.278905163208833, 36.632918525839152 ], [ 127.278867411036742, 36.632857949112434 ], [ 127.278720719464957, 36.632796735570423 ], [ 127.278576849194266, 36.632742519100262 ], [ 127.278451224563142, 36.632693826501793 ], [ 127.278293820809452, 36.632650389863713 ], [ 127.278271918767274, 36.632644520026496 ], [ 127.277792933142848, 36.632617630284017 ], [ 127.277109279737587, 36.632587043799568 ], [ 127.277109125506286, 36.632606418480677 ], [ 127.277053359455522, 36.632604186607743 ], [ 127.276991856843395, 36.63260841130937 ], [ 127.276882201321797, 36.632610270434611 ], [ 127.276104274889548, 36.632633378655335 ], [ 127.275392586478858, 36.632651543881103 ], [ 127.274999980733369, 36.632655090607258 ], [ 127.274895690320022, 36.632655935738526 ], [ 127.274855517929268, 36.632656361062885 ], [ 127.274738067242879, 36.632657823051879 ], [ 127.27453647123059, 36.632662351273652 ], [ 127.274366857420858, 36.63266576958442 ], [ 127.274234191746785, 36.632661308275367 ], [ 127.274141646832902, 36.632648823835964 ], [ 127.274037359483287, 36.632625634318096 ], [ 127.273912776999808, 36.632589586913994 ], [ 127.273775427559556, 36.632528320106871 ], [ 127.273648889923265, 36.632464051865178 ], [ 127.273506505248051, 36.632379862738823 ], [ 127.273369644370106, 36.632295613632245 ], [ 127.273217096655145, 36.632204786036631 ], [ 127.272878289695967, 36.632003366488462 ], [ 127.272713022491217, 36.631903655888884 ], [ 127.272581822089805, 36.631819735801407 ], [ 127.272374089687332, 36.631694196914623 ], [ 127.272174898076941, 36.631581127274039 ], [ 127.272041395693392, 36.631506727402979 ], [ 127.271848856336689, 36.631399535081776 ], [ 127.271775489029125, 36.63135525006512 ], [ 127.271634097679737, 36.631272414642879 ], [ 127.271530406217025, 36.631217998020936 ], [ 127.271361667047188, 36.631137648444323 ], [ 127.271254042485893, 36.631096360646922 ], [ 127.27116631999192, 36.631065209547629 ], [ 127.271033284891374, 36.631021014997735 ], [ 127.271016450926041, 36.631015835097941 ], [ 127.270946100859916, 36.63099316965878 ], [ 127.270767833956711, 36.63094121971249 ], [ 127.270636213522693, 36.630899145958651 ], [ 127.270314975007039, 36.630804048424515 ], [ 127.270183293810064, 36.630766779031823 ], [ 127.270000087181927, 36.6307106566789 ], [ 127.270000087167574, 36.630959829658892 ], [ 127.270439843526006, 36.631102635888993 ] ] ] } },
{ "type": "Feature", "properties": { "ObjectID": 2358, "RIVCD_2": 3022240, "RIVNM_2": "노장천", "CLAS1": 1, "CLAS2": "지방", "source_dataset": "WAMIS river network", "river_scope": "local", "data_role": "official_river_polygon_context", "aoi_bbox": "127.27,36.58,127.4,36.68" }, "geometry": { "type": "MultiPolygon", "coordinates": [ [ [ [ 127.270238577009096, 36.674659634209604 ], [ 127.270413060862211, 36.674621904384942 ], [ 127.270436463661994, 36.674573937927228 ], [ 127.270457925333204, 36.674520867090649 ], [ 127.270466199787649, 36.67449390503883 ], [ 127.270470412086141, 36.674473611594713 ], [ 127.270476028751958, 36.674441689828406 ], [ 127.270477056188597, 36.674393440438237 ], [ 127.270481578461641, 36.674282347676773 ], [ 127.270486074214745, 36.674122152482404 ], [ 127.270493912196017, 36.673955002415454 ], [ 127.270502094344835, 36.673780480617467 ], [ 127.270507835488473, 36.673630501695826 ], [ 127.270511300441797, 36.673537002172971 ], [ 127.270515830222635, 36.673447464046731 ], [ 127.270522461178373, 36.673318911654633 ], [ 127.270569056367734, 36.67281782315527 ], [ 127.270563822537454, 36.672038593385636 ], [ 127.27054375963435, 36.671778373684624 ], [ 127.270521171737997, 36.671723321195707 ], [ 127.270449733596479, 36.67156026250067 ], [ 127.270365206053526, 36.671386905131328 ], [ 127.270279928253842, 36.671207053713253 ], [ 127.270237109078209, 36.671124363898862 ], [ 127.270182068779036, 36.67101181113749 ], [ 127.270155645934196, 36.670957236174594 ], [ 127.2700727935418, 36.670772701524832 ], [ 127.270055361312245, 36.670730261735848 ], [ 127.270000029637501, 36.67062747529458 ], [ 127.270000028263397, 36.671109330089223 ], [ 127.270127631676218, 36.671365465509886 ], [ 127.270265500069556, 36.671642512656128 ], [ 127.270364290436689, 36.671886367123463 ], [ 127.270393348543962, 36.671977711708209 ], [ 127.270381960866644, 36.672351977875735 ], [ 127.27038000872092, 36.672714441866319 ], [ 127.270374843942804, 36.672836863348202 ], [ 127.270368036331092, 36.673088068603199 ], [ 127.27035706530998, 36.673427467651472 ], [ 127.270355380055477, 36.673745256026251 ], [ 127.270338335172696, 36.674130265949259 ], [ 127.270322519152373, 36.674252385593448 ], [ 127.270275862982771, 36.674378623252878 ], [ 127.270217240357965, 36.674450809682774 ], [ 127.270085366267978, 36.674536941374377 ], [ 127.27000001789439, 36.674577640695858 ], [ 127.270000017373334, 36.674744831311308 ], [ 127.270238577009096, 36.674659634209604 ] ] ], [ [ [ 127.270013144455021, 36.669872229447513 ], [ 127.270034935705041, 36.669811849990616 ], [ 127.270068361848615, 36.669728553650785 ], [ 127.270116283376936, 36.669623022056925 ], [ 127.270135189835472, 36.669591881381585 ], [ 127.270153154538306, 36.669568845093508 ], [ 127.270197040400106, 36.669515280243665 ], [ 127.270243910716786, 36.669470388070174 ], [ 127.270283644979159, 36.669435558981505 ], [ 127.270346694822592, 36.669389116757813 ], [ 127.270425961374002, 36.669341420234879 ], [ 127.27053836615562, 36.669279230231304 ], [ 127.270655262154719, 36.669214957310061 ], [ 127.270797712718021, 36.66914019141803 ], [ 127.270973088166102, 36.669050300350939 ], [ 127.271185390621397, 36.668939042514388 ], [ 127.271424742620724, 36.668815601174892 ], [ 127.271608869774198, 36.668718173266946 ], [ 127.271822207307721, 36.668602143776305 ], [ 127.271998545510357, 36.668516621658583 ], [ 127.272068267862551, 36.66848831126228 ], [ 127.272194409775949, 36.668445885026053 ], [ 127.272280635668977, 36.668421421182344 ], [ 127.272391658783363, 36.668399566707144 ], [ 127.272478665100067, 36.668380615929095 ], [ 127.272564527515584, 36.668367812876703 ], [ 127.27265374914613, 36.668358867345738 ], [ 127.272827508577038, 36.668309555585118 ], [ 127.272856925007986, 36.668293222579315 ], [ 127.272916890963899, 36.668245099932626 ], [ 127.272948280855672, 36.668204558412093 ], [ 127.273010403040516, 36.668130163157826 ], [ 127.273051334776966, 36.66808321035824 ], [ 127.273129196368842, 36.667996171865688 ], [ 127.273198972284163, 36.667919560799604 ], [ 127.273243664723921, 36.667873815879979 ], [ 127.273271102704797, 36.667841365745907 ], [ 127.273343737076047, 36.667760701519846 ], [ 127.273431647343358, 36.667652940431928 ], [ 127.273506559957312, 36.667551580390587 ], [ 127.273544513833841, 36.667494901871841 ], [ 127.273587562208419, 36.667414305638474 ], [ 127.273599821733967, 36.667395435485261 ], [ 127.273665677588639, 36.667289076479967 ], [ 127.273701071931711, 36.667226681194073 ], [ 127.273701997740261, 36.667225410047173 ], [ 127.273731790788659, 36.667170434201481 ], [ 127.27373932057138, 36.667157892532636 ], [ 127.273787204945847, 36.667056675676726 ], [ 127.273842220888326, 36.666915269424379 ], [ 127.273897962355377, 36.666770599317786 ], [ 127.273943028996413, 36.66663785909315 ], [ 127.273957180768605, 36.666600942826889 ], [ 127.274058005483951, 36.666274691398741 ], [ 127.274042988905521, 36.665752304360439 ], [ 127.274049270238422, 36.665643866819444 ], [ 127.274084722792921, 36.665499927973997 ], [ 127.274113358489984, 36.665371207791189 ], [ 127.274142588015039, 36.66514109072665 ], [ 127.274180320860722, 36.66493427530358 ], [ 127.27423579392601, 36.664774279116436 ], [ 127.274300992001216, 36.664593965473365 ], [ 127.274339072643158, 36.664478596179258 ], [ 127.274424379394759, 36.664301066501217 ], [ 127.274467569724621, 36.664254496084531 ], [ 127.274487781929352, 36.664207382719987 ], [ 127.274504184422327, 36.664155116422485 ], [ 127.274514036250935, 36.66408215569114 ], [ 127.274523804302987, 36.663966554226946 ], [ 127.274527802435742, 36.663939322312793 ], [ 127.274533836962533, 36.663881454342167 ], [ 127.274547273660588, 36.663856941164269 ], [ 127.274551493826081, 36.663835681152399 ], [ 127.274542342089717, 36.663794467445371 ], [ 127.274501274034151, 36.663581597905285 ], [ 127.274506325320644, 36.663548542542166 ], [ 127.2744845000758, 36.663481998147851 ], [ 127.274475537061932, 36.663452066062845 ], [ 127.274442758885158, 36.663425539790239 ], [ 127.274388487146553, 36.663381436971953 ], [ 127.274350257738078, 36.663347111455749 ], [ 127.274322760404402, 36.663320871011159 ], [ 127.274298969652236, 36.663292926552117 ], [ 127.274260902595515, 36.663244417237394 ], [ 127.274242390662494, 36.663215902210723 ], [ 127.274210841602525, 36.663163988578738 ], [ 127.274145963397856, 36.663065112513898 ], [ 127.27410542783791, 36.663002136729723 ], [ 127.274069989002726, 36.662950358117172 ], [ 127.274019408500962, 36.662890071330423 ], [ 127.273979049073745, 36.66283887112678 ], [ 127.273902910892616, 36.662747374807722 ], [ 127.273784311137078, 36.662617307687611 ], [ 127.273689677078977, 36.662517320101777 ], [ 127.273584656559564, 36.662415192385765 ], [ 127.273518220509317, 36.662352789186784 ], [ 127.273429767615312, 36.66227364663068 ], [ 127.273338327255885, 36.662200614046434 ], [ 127.273237013500847, 36.662128287393728 ], [ 127.273219481322599, 36.662117693932586 ], [ 127.273002595943595, 36.661967178706178 ], [ 127.272756721606541, 36.661769394821647 ], [ 127.272636880883184, 36.66167360792884 ], [ 127.272551223318132, 36.661596496604652 ], [ 127.272452338352295, 36.661505457133266 ], [ 127.272383399218882, 36.661418160111019 ], [ 127.272311455092463, 36.661293508473896 ], [ 127.272195754163704, 36.661028902955252 ], [ 127.272101903004085, 36.66077552123533 ], [ 127.271988443090606, 36.66036542430016 ], [ 127.271871263592047, 36.659994497170906 ], [ 127.271847202424695, 36.659958732144901 ], [ 127.271831850778497, 36.659906374699034 ], [ 127.271768688236961, 36.659689176069428 ], [ 127.271667220888688, 36.65933023440234 ], [ 127.271549590372317, 36.658877450492163 ], [ 127.271478051302765, 36.658635172304997 ], [ 127.271455202350651, 36.658558961340098 ], [ 127.271440256344277, 36.658513398260347 ], [ 127.271425302522331, 36.658478054485727 ], [ 127.271405954461969, 36.658440160066064 ], [ 127.271393991236664, 36.658415885146368 ], [ 127.271385024010257, 36.658384950337954 ], [ 127.271318411314667, 36.65815629583669 ], [ 127.271246710683684, 36.65790253035091 ], [ 127.271193280678403, 36.657717316977831 ], [ 127.271171490951872, 36.657630452336022 ], [ 127.271152672044579, 36.657513689073198 ], [ 127.271130494594203, 36.657402108345345 ], [ 127.271080737777481, 36.657268925321873 ], [ 127.271071358387815, 36.657248041338882 ], [ 127.271049264600137, 36.657214831143435 ], [ 127.271011337547733, 36.657166833065517 ], [ 127.270970887987801, 36.657113740295472 ], [ 127.27092330445916, 36.657058374649921 ], [ 127.270865423617195, 36.656997426964573 ], [ 127.270819338635576, 36.656950673417718 ], [ 127.270773649435682, 36.656899512313487 ], [ 127.27074340825726, 36.656858713838638 ], [ 127.270734407970764, 36.656846623720604 ], [ 127.270719426002714, 36.656825516172326 ], [ 127.27071417233276, 36.656817004979992 ], [ 127.270703389860799, 36.656797681454712 ], [ 127.270678358503275, 36.656746248161951 ], [ 127.27061501635211, 36.656604364608768 ], [ 127.270547624835132, 36.656452423373501 ], [ 127.270530421062261, 36.656410146265415 ], [ 127.270510893066472, 36.656365340495938 ], [ 127.27048540362216, 36.656307745472823 ], [ 127.270428935710271, 36.656167656407334 ], [ 127.270359800904885, 36.656012224720371 ], [ 127.270297624778777, 36.655867671205002 ], [ 127.27021871792752, 36.655688262500774 ], [ 127.270149327816895, 36.655520385975514 ], [ 127.270099380484268, 36.65538978221057 ], [ 127.270041128521257, 36.655247336600951 ], [ 127.270000065168134, 36.65514030012713 ], [ 127.270000064159035, 36.655709305509426 ], [ 127.2700441376616, 36.655815658159334 ], [ 127.27029488375247, 36.656437083236312 ], [ 127.270327087124869, 36.656501964490971 ], [ 127.270441185706801, 36.656734306284449 ], [ 127.270487603400696, 36.656846770447039 ], [ 127.270484215763943, 36.656860221407371 ], [ 127.270504636525331, 36.656917162993814 ], [ 127.270516867506217, 36.656957362496605 ], [ 127.270550445291562, 36.657002631649029 ], [ 127.270558877989203, 36.657015200281592 ], [ 127.270586735095719, 36.657049480021982 ], [ 127.270609670994304, 36.657083878290294 ], [ 127.270638452824343, 36.65713308672003 ], [ 127.270644278936928, 36.65714853690757 ], [ 127.27065569116472, 36.657169064241316 ], [ 127.270702033553476, 36.657183359189204 ], [ 127.270750010070202, 36.657245780762253 ], [ 127.270765221015751, 36.657271203291344 ], [ 127.270775824653541, 36.657290490405728 ], [ 127.270802340212569, 36.657341064702393 ], [ 127.270810125169092, 36.657357023486654 ], [ 127.270825115836217, 36.657393359057508 ], [ 127.27084044985962, 36.657418799843114 ], [ 127.270854833340735, 36.657450864771143 ], [ 127.270857929465564, 36.657479134334089 ], [ 127.270868965657158, 36.657510298539663 ], [ 127.270887730092142, 36.657547878209549 ], [ 127.270893628071633, 36.657580638989323 ], [ 127.270919652488985, 36.657637674214193 ], [ 127.270952548051241, 36.657714746606587 ], [ 127.27098612931448, 36.657814947206049 ], [ 127.271029888813885, 36.657960281670228 ], [ 127.271088242893711, 36.658172329393082 ], [ 127.27115572487773, 36.658409488571692 ], [ 127.271189458647171, 36.658540769261322 ], [ 127.271199478788546, 36.658584911172341 ], [ 127.271209314901057, 36.658630747535121 ], [ 127.271222844955389, 36.658677584436894 ], [ 127.271292448525656, 36.658911206530789 ], [ 127.271380352893388, 36.659201820012022 ], [ 127.271459749465592, 36.65947506876666 ], [ 127.27155959765274, 36.659787191181501 ], [ 127.271600706346547, 36.659919266563215 ], [ 127.271640418804594, 36.660074053257667 ], [ 127.271667770346596, 36.660186848155853 ], [ 127.271661617989665, 36.66019306206897 ], [ 127.271618900763315, 36.660204676133361 ], [ 127.27159180830526, 36.660210244086734 ], [ 127.271595344676882, 36.66022142576972 ], [ 127.27159780124687, 36.660229208558114 ], [ 127.271602858672082, 36.660245172871058 ], [ 127.271629951136276, 36.660239606718228 ], [ 127.271682112145115, 36.66023180062782 ], [ 127.271686528657298, 36.660244280341516 ], [ 127.271772092034368, 36.66052079505215 ], [ 127.271772094609858, 36.660531293838673 ], [ 127.271763121737408, 36.660543073575667 ], [ 127.271744464738603, 36.660561949332504 ], [ 127.271690669852205, 36.660601585820181 ], [ 127.271673208017788, 36.660613585468958 ], [ 127.271687810380911, 36.660643838700373 ], [ 127.271716365660467, 36.660643880812678 ], [ 127.271750073936587, 36.660643453199164 ], [ 127.271778432207313, 36.660651101712567 ], [ 127.271807843431034, 36.660662154469122 ], [ 127.271811374292284, 36.660670671322642 ], [ 127.271825659587975, 36.660718903295283 ], [ 127.271867738449274, 36.660846353964949 ], [ 127.271951725151027, 36.66109716214914 ], [ 127.272048351679857, 36.661284350896857 ], [ 127.272161521465492, 36.661440347118436 ], [ 127.272288259409237, 36.661582924313294 ], [ 127.272474465955639, 36.661756676806696 ], [ 127.27251057630086, 36.661790369642681 ], [ 127.272596807873185, 36.661858036253413 ], [ 127.272720914077411, 36.661955425161835 ], [ 127.272835986726193, 36.662000046791285 ], [ 127.272935056714687, 36.662039127881854 ], [ 127.272997151291008, 36.662072282330335 ], [ 127.273003571821121, 36.662075357837836 ], [ 127.273025562303701, 36.662088103575499 ], [ 127.273143827823887, 36.662159004082433 ], [ 127.273233491318564, 36.662217443682373 ], [ 127.273318946145523, 36.662287077147354 ], [ 127.273430122634039, 36.662380827522732 ], [ 127.273554879705657, 36.662496560358541 ], [ 127.273716483238701, 36.662664070861361 ], [ 127.273832615777309, 36.662786050584003 ], [ 127.273907867123555, 36.66287697371785 ], [ 127.273968141804531, 36.662958107024615 ], [ 127.274028782516652, 36.6630480449668 ], [ 127.274095251480915, 36.663166922814277 ], [ 127.274123458696792, 36.66321670802661 ], [ 127.274135623639182, 36.663246786843885 ], [ 127.274143219593725, 36.663278849293299 ], [ 127.274146405026954, 36.663309210376383 ], [ 127.274147838286765, 36.663347946604311 ], [ 127.274144693169703, 36.663384981147964 ], [ 127.274136967665896, 36.663427127480453 ], [ 127.274129229414925, 36.663452953175145 ], [ 127.274114989578038, 36.663506449557829 ], [ 127.274103176939917, 36.663540368330949 ], [ 127.274128952444357, 36.663617446106855 ], [ 127.274147218357498, 36.663648989696135 ], [ 127.274161864807837, 36.663688425292889 ], [ 127.274182158079213, 36.663758369070067 ], [ 127.274188351789078, 36.663811576055622 ], [ 127.274188380791287, 36.66386676905897 ], [ 127.274182590383631, 36.663896141311803 ], [ 127.274168544287519, 36.663962974737096 ], [ 127.274149383945655, 36.664026125783643 ], [ 127.274124058993735, 36.664095804558436 ], [ 127.274113665693449, 36.664117283628386 ], [ 127.274107868767956, 36.664128957773187 ], [ 127.274080859284965, 36.66420221046274 ], [ 127.274095706698745, 36.664288540254532 ], [ 127.274075625377833, 36.664530458996843 ], [ 127.273933449215562, 36.66496076879212 ], [ 127.273882327100537, 36.665139545758699 ], [ 127.273867635647079, 36.665191952236391 ], [ 127.273804464196431, 36.665411100328242 ], [ 127.273765209729234, 36.665646466573321 ], [ 127.273748755885421, 36.665745051302864 ], [ 127.273735766660906, 36.66582292993661 ], [ 127.273744174389989, 36.666002038055886 ], [ 127.273752266597683, 36.66608862547875 ], [ 127.273757535629656, 36.666199264743724 ], [ 127.273760012923063, 36.666257453524686 ], [ 127.273757014036619, 36.666291828916904 ], [ 127.273736449875685, 36.666369383040696 ], [ 127.273707437235629, 36.666456038794216 ], [ 127.273609091475166, 36.666765171694031 ], [ 127.273467886563552, 36.667064140701704 ], [ 127.273388400225258, 36.66721877558264 ], [ 127.273241988591209, 36.667440438708631 ], [ 127.273072651787515, 36.667658152705307 ], [ 127.272693394866096, 36.668007318120807 ], [ 127.272515623618091, 36.668111210934391 ], [ 127.272243553152052, 36.668262438989601 ], [ 127.271756782972005, 36.668437602629076 ], [ 127.270915979456291, 36.668857967349354 ], [ 127.270561387783488, 36.669090688042814 ], [ 127.270396036542422, 36.669164695523996 ], [ 127.270152988674283, 36.669275418429777 ], [ 127.270001039938023, 36.669404633298598 ], [ 127.27000003304795, 36.669406079747503 ], [ 127.270000031637792, 36.669915642480511 ], [ 127.270013144455021, 36.669872229447513 ] ] ] ] } },
{ "type": "Feature", "properties": { "ObjectID": 2344, "RIVCD_2": 3022100, "RIVNM_2": "병천천", "CLAS1": 1, "CLAS2": "지방", "source_dataset": "WAMIS river network", "river_scope": "local", "data_role": "official_river_polygon_context", "aoi_bbox": "127.27,36.58,127.4,36.68" }, "geometry": { "type": "Polygon", "coordinates": [ [ [ 127.355438037148446, 36.679967954219414 ], [ 127.356519165286343, 36.679534849545419 ], [ 127.357349317858365, 36.67920508085097 ], [ 127.357903574831695, 36.67894675777287 ], [ 127.358571334010819, 36.678581713221348 ], [ 127.359765816802863, 36.677919765407218 ], [ 127.36033232600299, 36.677579184308065 ], [ 127.36063443886637, 36.677379949896405 ], [ 127.361079002168566, 36.677044950509149 ], [ 127.36134060925211, 36.676844990907078 ], [ 127.361681661350389, 36.676567183685187 ], [ 127.362400603971068, 36.675913194814434 ], [ 127.362674632294883, 36.675584026793317 ], [ 127.362820692187725, 36.675355515571084 ], [ 127.363017829504301, 36.675000671995143 ], [ 127.363151659161488, 36.674710399504107 ], [ 127.363240078426685, 36.674519487607881 ], [ 127.363332055870316, 36.674290753129767 ], [ 127.36342609994702, 36.674023318096467 ], [ 127.363438678060518, 36.673971951094821 ], [ 127.363473806650603, 36.673796485342045 ], [ 127.363476098890771, 36.67377733848074 ], [ 127.363472942269027, 36.673724505638404 ], [ 127.363460747224025, 36.673688318396302 ], [ 127.363436046312756, 36.673674055517949 ], [ 127.363425120902193, 36.673665439151073 ], [ 127.363325837448102, 36.673574745153878 ], [ 127.363253733416684, 36.673207044815243 ], [ 127.363202312381816, 36.67299178701937 ], [ 127.363180682850526, 36.672890160424707 ], [ 127.363179686114208, 36.672861490032645 ], [ 127.363180268179335, 36.672828551988339 ], [ 127.363187727561112, 36.672808704295996 ], [ 127.363229709398837, 36.672753527119205 ], [ 127.363230948973268, 36.672746170565311 ], [ 127.363212678413703, 36.672719515902735 ], [ 127.363167844524696, 36.672648590902689 ], [ 127.363141818807179, 36.672592709962885 ], [ 127.363092924575952, 36.67251944359986 ], [ 127.363097476816549, 36.672509517997071 ], [ 127.36312934139842, 36.672496246797579 ], [ 127.363268707772022, 36.672440193450683 ], [ 127.363266064040189, 36.672420170080628 ], [ 127.363189966327099, 36.672292577456993 ], [ 127.362957274128732, 36.67196168049599 ], [ 127.362975822729979, 36.671883127788035 ], [ 127.362903660954899, 36.671833668214525 ], [ 127.362843080140649, 36.671777695132086 ], [ 127.362818007216518, 36.671755278598525 ], [ 127.36278963212898, 36.671744669604891 ], [ 127.362740551580131, 36.671731427824383 ], [ 127.362735681503324, 36.671721197487763 ], [ 127.362729333917983, 36.671703571409537 ], [ 127.362720761286553, 36.671686097822786 ], [ 127.362703341760692, 36.671656873003123 ], [ 127.362693093975807, 36.671639954605197 ], [ 127.362681917223512, 36.671623101845618 ], [ 127.362670943578806, 36.671606572053363 ], [ 127.362651717188157, 36.671573946516908 ], [ 127.362635295100318, 36.671547719397012 ], [ 127.362615920850089, 36.671521483460275 ], [ 127.362594420630202, 36.671495073783959 ], [ 127.362566891586511, 36.671469430626885 ], [ 127.362536120037007, 36.671445950907895 ], [ 127.362509509472986, 36.671424900998581 ], [ 127.362478942255549, 36.6714023302047 ], [ 127.362451092996508, 36.671381843185948 ], [ 127.36242501073103, 36.671365800755247 ], [ 127.362401503080974, 36.671353149101087 ], [ 127.362372832463549, 36.671336420337305 ], [ 127.362343976175993, 36.671315872631105 ], [ 127.362313799298377, 36.671292851499572 ], [ 127.36228411907733, 36.671268709478362 ], [ 127.362256970386369, 36.671249526781672 ], [ 127.362223374131062, 36.671229974220068 ], [ 127.362192997933434, 36.671212080514643 ], [ 127.362164310106223, 36.671196271202483 ], [ 127.362140493937531, 36.671184729777814 ], [ 127.36212208946705, 36.671172078566407 ], [ 127.362044379672895, 36.671105487298369 ], [ 127.361991234497083, 36.671072532077062 ], [ 127.361934517455666, 36.671043202098801 ], [ 127.361705287866371, 36.670943710688668 ], [ 127.361624305004867, 36.67091166954102 ], [ 127.361545173945871, 36.67088545232788 ], [ 127.361490908374947, 36.670870911263279 ], [ 127.361402347402759, 36.670852480895505 ], [ 127.361011032444068, 36.6707889943224 ], [ 127.360658293475453, 36.670736501128637 ], [ 127.360549900611133, 36.67072288793517 ], [ 127.360433956584671, 36.670714002234469 ], [ 127.360312763817404, 36.670708963242603 ], [ 127.36019919374661, 36.670700520025981 ], [ 127.359798120968236, 36.670643826082376 ], [ 127.359684490596777, 36.670631697003692 ], [ 127.35926455410123, 36.670595280642452 ], [ 127.359037279140139, 36.670542195225408 ], [ 127.358963444585115, 36.670509994853717 ], [ 127.358820400847762, 36.67051604025837 ], [ 127.358613385500021, 36.670498902513508 ], [ 127.358310692290473, 36.670438122965685 ], [ 127.358108745569638, 36.670402107716818 ], [ 127.358058168707743, 36.670384336731281 ], [ 127.358038876313671, 36.670380339958498 ], [ 127.358016546338803, 36.670380208766083 ], [ 127.357988200380007, 36.67037996041401 ], [ 127.357955971319313, 36.670377210290333 ], [ 127.357925337289004, 36.670373670550511 ], [ 127.357896185117156, 36.670366376954163 ], [ 127.357860289055282, 36.670354374921374 ], [ 127.357800583262019, 36.670329051046345 ], [ 127.35777965672672, 36.670320355505631 ], [ 127.357740479034618, 36.67031228182713 ], [ 127.357704531836987, 36.670306198884532 ], [ 127.357674027753674, 36.670306254386553 ], [ 127.357569263933897, 36.670238075489387 ], [ 127.357480454645028, 36.670232619790838 ], [ 127.357450321353554, 36.670228240337238 ], [ 127.357421763704252, 36.670221450368977 ], [ 127.357388971818835, 36.670213248995687 ], [ 127.357345439762554, 36.670204629077588 ], [ 127.357277230164286, 36.670190920398149 ], [ 127.356887400223115, 36.670149818729392 ], [ 127.356236551314396, 36.670075305403294 ], [ 127.355898705256607, 36.670039405350309 ], [ 127.355819229618916, 36.670030254572772 ], [ 127.355742564324245, 36.670023932423184 ], [ 127.355678951941641, 36.670022427390528 ], [ 127.355576397091923, 36.670022517625021 ], [ 127.355453048691999, 36.670020777748249 ], [ 127.355400010312849, 36.670019970533986 ], [ 127.3553514089011, 36.670042580439969 ], [ 127.355159474538567, 36.670139845363494 ], [ 127.355112275287766, 36.670160612423381 ], [ 127.355049585629743, 36.670189760717143 ], [ 127.355003788681998, 36.670206270791056 ], [ 127.354956750398415, 36.670213971756141 ], [ 127.354897548122764, 36.670217860797614 ], [ 127.354784955846739, 36.670219800603618 ], [ 127.354637639293102, 36.670216526965874 ], [ 127.354475343843845, 36.670210277949323 ], [ 127.35428854597285, 36.670196390141243 ], [ 127.353916361495337, 36.670170443603574 ], [ 127.353456937136869, 36.670140322859247 ], [ 127.353363175598432, 36.670128760303463 ], [ 127.35326113448437, 36.670116358099953 ], [ 127.353054937244892, 36.670086870273295 ], [ 127.352759200340344, 36.670046808704264 ], [ 127.352599351592318, 36.670025366405902 ], [ 127.352421883983723, 36.670006355923753 ], [ 127.352162817041304, 36.669978331761016 ], [ 127.351952051880019, 36.669957353653494 ], [ 127.351755202415902, 36.669944040755787 ], [ 127.351394469726657, 36.669914963398909 ], [ 127.351211540262071, 36.669897795963216 ], [ 127.351047115862812, 36.669878347177942 ], [ 127.350883744183719, 36.669862013238074 ], [ 127.350537622574834, 36.669811101209717 ], [ 127.350318476388878, 36.669784368990527 ], [ 127.350149356104566, 36.669762978461549 ], [ 127.349999962283832, 36.669740790378356 ], [ 127.349924417397546, 36.669729567186018 ], [ 127.348912022759222, 36.669572047714766 ], [ 127.347896108041752, 36.669426604153635 ], [ 127.347657678665854, 36.669390353301701 ], [ 127.347450757568723, 36.669345269847888 ], [ 127.347213511097138, 36.669298472161898 ], [ 127.346987656524618, 36.669247406551293 ], [ 127.34680344356002, 36.669202706333124 ], [ 127.346571594326335, 36.669136607950982 ], [ 127.346284414483307, 36.669054719295872 ], [ 127.346122847381807, 36.669003473568601 ], [ 127.346026565695539, 36.668972943597105 ], [ 127.345944880903147, 36.668947030040997 ], [ 127.345556849249022, 36.668825332651863 ], [ 127.345168063666918, 36.668709673016032 ], [ 127.344923432450543, 36.668636130113853 ], [ 127.344424602215597, 36.668480776238525 ], [ 127.34423205924395, 36.668420939525568 ], [ 127.344126461896451, 36.668388129480327 ], [ 127.34382514543455, 36.668298184090453 ], [ 127.343616860755688, 36.668234921703281 ], [ 127.34339484290048, 36.668167490423095 ], [ 127.342932119358665, 36.668025337749697 ], [ 127.342485779685063, 36.667890119393768 ], [ 127.342326662616557, 36.667842735548795 ], [ 127.342170545867447, 36.667795919801392 ], [ 127.342076791993179, 36.667759827775107 ], [ 127.341951322813188, 36.667714682272759 ], [ 127.341825320903681, 36.667668546091804 ], [ 127.341734394136481, 36.667631319866636 ], [ 127.341622490563665, 36.667588287111926 ], [ 127.341550580897817, 36.667556576122855 ], [ 127.341443244543129, 36.667504175556466 ], [ 127.341332205057682, 36.667449227750751 ], [ 127.341220793014799, 36.667388324084911 ], [ 127.341094590026145, 36.667316362706266 ], [ 127.340963242009607, 36.667226959457288 ], [ 127.340837710594741, 36.667139952791075 ], [ 127.340606629417621, 36.66697169749213 ], [ 127.340432250753679, 36.666841326323265 ], [ 127.34027197264858, 36.666715201808699 ], [ 127.340045733890548, 36.666533370018307 ], [ 127.339796232249142, 36.666333968866475 ], [ 127.339578128338843, 36.666167449057525 ], [ 127.339460337433309, 36.666069516246928 ], [ 127.339377273112675, 36.665995950627277 ], [ 127.339332135622939, 36.66595427684139 ], [ 127.339290682422927, 36.665911320677999 ], [ 127.33924375894307, 36.665857872756099 ], [ 127.339200530176569, 36.665802441110664 ], [ 127.339136993918487, 36.665710266026004 ], [ 127.339012543814931, 36.665514580319773 ], [ 127.338843278305077, 36.665260754270484 ], [ 127.338726652130831, 36.6651087597727 ], [ 127.338646704682247, 36.664995606091026 ], [ 127.33861281143578, 36.664939166382219 ], [ 127.33857942788373, 36.664871235122973 ], [ 127.338544247558715, 36.66478173590523 ], [ 127.338501812945211, 36.664664862924056 ], [ 127.338453712526743, 36.664520890575616 ], [ 127.338426292491675, 36.664438478563127 ], [ 127.338409298118791, 36.664375917139317 ], [ 127.338398276438639, 36.664306119419145 ], [ 127.338394863151734, 36.664254900972914 ], [ 127.338391225253559, 36.664175169801659 ], [ 127.338364448823455, 36.664144670215528 ], [ 127.338336458436657, 36.663944491766898 ], [ 127.338323488090651, 36.663896931222581 ], [ 127.338321591332388, 36.663869678316878 ], [ 127.338323916452225, 36.663846204791874 ], [ 127.338359416147483, 36.663682037003952 ], [ 127.338406791663672, 36.663410183935277 ], [ 127.338448205826836, 36.663209647082375 ], [ 127.338474328576098, 36.66312656845173 ], [ 127.338484676870308, 36.663098731756385 ], [ 127.338572828756725, 36.662861419603139 ], [ 127.338592610966202, 36.662802007361741 ], [ 127.338611631780779, 36.662728880570249 ], [ 127.338632857603017, 36.662615764720428 ], [ 127.338647598213058, 36.662559284504617 ], [ 127.338660220097267, 36.662525023224504 ], [ 127.338677272403345, 36.66249538178613 ], [ 127.338687316878037, 36.662477935269564 ], [ 127.33871688138295, 36.662439759205881 ], [ 127.338778476872363, 36.662385769229964 ], [ 127.338851617800586, 36.662332845984189 ], [ 127.338895108873544, 36.662279617552464 ], [ 127.338939962556424, 36.662234019382979 ], [ 127.33898294371069, 36.662171980836241 ], [ 127.339000682600826, 36.662108076320699 ], [ 127.339020644106483, 36.661990251082017 ], [ 127.339051390595813, 36.66189046126361 ], [ 127.339069035748878, 36.661784447854039 ], [ 127.339097815694217, 36.66171333907856 ], [ 127.339110975085276, 36.66168409618362 ], [ 127.339129070920478, 36.661650738326927 ], [ 127.339181436013774, 36.661565702659018 ], [ 127.339212158151, 36.661501112469679 ], [ 127.339262485671, 36.661413272171664 ], [ 127.339298523721368, 36.661339582245624 ], [ 127.339315855983941, 36.661297747487062 ], [ 127.339329581396711, 36.661262050636424 ], [ 127.3393604085921, 36.661196324665262 ], [ 127.339376533439292, 36.661142103551384 ], [ 127.33941229078421, 36.661024593414581 ], [ 127.339430342043798, 36.660962995263489 ], [ 127.339439637274751, 36.66093006722248 ], [ 127.339453485158018, 36.660887063014151 ], [ 127.339473450417714, 36.66084131028159 ], [ 127.33949088330435, 36.660786479699127 ], [ 127.339503619574174, 36.660745307623621 ], [ 127.339521330102045, 36.660690387260537 ], [ 127.339533194440392, 36.660605664657091 ], [ 127.339546980017246, 36.660514991176044 ], [ 127.339559901579378, 36.660439492270683 ], [ 127.339569490423656, 36.660373935954006 ], [ 127.339569938464507, 36.660320867434052 ], [ 127.339569158433974, 36.660259997537018 ], [ 127.339575615769292, 36.660222816018077 ], [ 127.339580351478816, 36.660208618463422 ], [ 127.339585650375682, 36.660192627694819 ], [ 127.339591036466615, 36.660178833081751 ], [ 127.339595247660583, 36.660165044098108 ], [ 127.339599830677287, 36.660148935170469 ], [ 127.339602022446499, 36.660140954494729 ], [ 127.339614303062348, 36.660100360548029 ], [ 127.339622959673193, 36.660072058093029 ], [ 127.33963499882897, 36.660045368456132 ], [ 127.339646692256167, 36.660015966659621 ], [ 127.339654032839917, 36.659996363646641 ], [ 127.339669011986089, 36.659948354033467 ], [ 127.339689023752058, 36.659857328309059 ], [ 127.339703720662129, 36.659699327068893 ], [ 127.339694729485913, 36.659546881401738 ], [ 127.339691336938969, 36.659393601270239 ], [ 127.339706612285397, 36.659278212601727 ], [ 127.339740642985902, 36.659119624342921 ], [ 127.339770194041435, 36.658946685474859 ], [ 127.339787608475774, 36.658834572087109 ], [ 127.339810663536639, 36.658761775017147 ], [ 127.339836186775003, 36.658718196872478 ], [ 127.339863126278743, 36.658676901405499 ], [ 127.339894928975809, 36.658619192660495 ], [ 127.339928224464501, 36.658565706706732 ], [ 127.339955575501534, 36.658515822337307 ], [ 127.339974757645948, 36.658474974378812 ], [ 127.340022418573369, 36.658391816094422 ], [ 127.34004369229919, 36.658351313500766 ], [ 127.340061334476161, 36.658319245812457 ], [ 127.340081718777128, 36.658280294389641 ], [ 127.340119030150646, 36.658216334805815 ], [ 127.340161690542757, 36.658150952618357 ], [ 127.340395019440066, 36.657880577524281 ], [ 127.340461505278469, 36.657818470723562 ], [ 127.340599598008879, 36.65767843723345 ], [ 127.340702007737832, 36.657593114411569 ], [ 127.340742934524798, 36.657560672083719 ], [ 127.340850706528798, 36.657502125264834 ], [ 127.340956201314839, 36.657457225729601 ], [ 127.341148003074025, 36.657403671500404 ], [ 127.341321268257985, 36.657372258204404 ], [ 127.341591244058179, 36.657350613890095 ], [ 127.341733461738627, 36.65734767295605 ], [ 127.341872039298536, 36.657345446412016 ], [ 127.342088579347603, 36.657347563718687 ], [ 127.342318461611228, 36.657357123000132 ], [ 127.342472793704999, 36.657366744214258 ], [ 127.342541781269603, 36.65737728735381 ], [ 127.342588608980748, 36.657389542856663 ], [ 127.342645840489098, 36.657407157945435 ], [ 127.342804647077855, 36.657427292455353 ], [ 127.342873702791451, 36.657442891071227 ], [ 127.342914735958004, 36.657450124691898 ], [ 127.342958562911448, 36.657459064002659 ], [ 127.342982413628135, 36.657465528507615 ], [ 127.343002998378964, 36.657469192268536 ], [ 127.34308210030224, 36.657487769920152 ], [ 127.343238846665031, 36.657537457520753 ], [ 127.343417805365036, 36.657599425421004 ], [ 127.343503992166177, 36.657634700563293 ], [ 127.343583248998314, 36.65767308571219 ], [ 127.343632450740529, 36.657701139900247 ], [ 127.343749503671731, 36.657770791485277 ], [ 127.344103973188311, 36.658099744137083 ], [ 127.344546829027379, 36.658479651757702 ], [ 127.34508873552781, 36.658943469612531 ], [ 127.34509344035024, 36.658947494591018 ], [ 127.345116008084148, 36.658954627710649 ], [ 127.345142115159732, 36.658962221583543 ], [ 127.345173671195369, 36.658973259028315 ], [ 127.345204533164761, 36.658986704354234 ], [ 127.34522887599249, 36.659000312485162 ], [ 127.345253762637327, 36.659022858727596 ], [ 127.34526381391197, 36.659032355500948 ], [ 127.345399909640534, 36.659164804810466 ], [ 127.345481099762836, 36.659240381424432 ], [ 127.345551340706137, 36.659297805729672 ], [ 127.345666729445966, 36.659384843073568 ], [ 127.345818619391821, 36.659480075260333 ], [ 127.346196358477684, 36.659723878598946 ], [ 127.346664204198717, 36.660020215019678 ], [ 127.34704588542661, 36.660224217973536 ], [ 127.347091077704704, 36.660245397996199 ], [ 127.347249502258975, 36.660310656663491 ], [ 127.347557718724602, 36.660436481761202 ], [ 127.348080878100319, 36.660637582876447 ], [ 127.348106427896113, 36.660647915928173 ], [ 127.348307174740654, 36.660720076699221 ], [ 127.348538700870961, 36.660793915190894 ], [ 127.348650575656407, 36.660822315621353 ], [ 127.348748694515265, 36.660837969389434 ], [ 127.348860899763139, 36.660847362950719 ], [ 127.349037380859798, 36.660858390262234 ], [ 127.34917281629005, 36.660862795257167 ], [ 127.349283411475824, 36.660860128003073 ], [ 127.349361240644797, 36.660853385928078 ], [ 127.349446285820306, 36.660842655700918 ], [ 127.349575516257801, 36.660820252792234 ], [ 127.349701043887137, 36.660792742616813 ], [ 127.349802264530041, 36.660764680596209 ], [ 127.349904367009415, 36.660734219824604 ], [ 127.349999958440904, 36.660703094478201 ], [ 127.35001103626378, 36.660699493439239 ], [ 127.350104844748174, 36.660662217576458 ], [ 127.35018526403131, 36.66062254665885 ], [ 127.350244741278871, 36.660589715133533 ], [ 127.350296983509836, 36.660552201141833 ], [ 127.350330758202077, 36.660526491519256 ], [ 127.350358549929055, 36.660501340508432 ], [ 127.35037031666954, 36.660484021370578 ], [ 127.350374159008894, 36.660465574424762 ], [ 127.350371838125128, 36.660444864199214 ], [ 127.350358008367209, 36.660408841166884 ], [ 127.350376469383775, 36.660395738610923 ], [ 127.350407816335661, 36.660382517012657 ], [ 127.350435820482048, 36.660366673270886 ], [ 127.35044981790837, 36.660353053049974 ], [ 127.350460962090466, 36.660339404003359 ], [ 127.350466436134127, 36.66032541969355 ], [ 127.350474946580491, 36.660312796844835 ], [ 127.35049710461999, 36.660281129943506 ], [ 127.350506214701625, 36.660267404416793 ], [ 127.350511722388063, 36.660248745000516 ], [ 127.350516674891409, 36.66023365480229 ], [ 127.350527832454276, 36.660222329816733 ], [ 127.350542286399275, 36.660213322199397 ], [ 127.350552319305621, 36.660206110217622 ], [ 127.350560073921585, 36.660194335621284 ], [ 127.350562555349782, 36.660181793547856 ], [ 127.350569303502724, 36.6601627696785 ], [ 127.350579888460487, 36.660146653431809 ], [ 127.350595312651222, 36.660126567667028 ], [ 127.35060542242887, 36.660114309215139 ], [ 127.350614922001384, 36.66010514392358 ], [ 127.350625582967325, 36.660100642613386 ], [ 127.350639871674616, 36.660099537270902 ], [ 127.350650654305511, 36.660099244283842 ], [ 127.35066393080227, 36.66009965578472 ], [ 127.350672227769834, 36.660099045959356 ], [ 127.350682176007282, 36.660095104479652 ], [ 127.350699716977132, 36.660083239371772 ], [ 127.350712131900238, 36.66006626177591 ], [ 127.350725579921132, 36.660049694751599 ], [ 127.350736703707014, 36.660033811751319 ], [ 127.35075381810374, 36.66001221537713 ], [ 127.350773193233167, 36.659988043560652 ], [ 127.350794166333671, 36.659963796214221 ], [ 127.350810563729951, 36.659941481344397 ], [ 127.350828436271982, 36.659916638728149 ], [ 127.350843944497456, 36.659891216192335 ], [ 127.350860163475957, 36.659863928452232 ], [ 127.350875511969903, 36.659835451451123 ], [ 127.350890234263673, 36.659811401801456 ], [ 127.350907169173752, 36.659784192479272 ], [ 127.350927976068107, 36.659755565443447 ], [ 127.350947179025383, 36.6597231320928 ], [ 127.35096322636258, 36.65969081378757 ], [ 127.350976303042856, 36.6596636609288 ], [ 127.350990908215948, 36.659636484738826 ], [ 127.35100558939304, 36.659610507628805 ], [ 127.351018032289474, 36.659587068126804 ], [ 127.351029720734957, 36.659564938451844 ], [ 127.351041435820306, 36.659544078112262 ], [ 127.351056076227451, 36.659519498260039 ], [ 127.351075375865662, 36.659496065522738 ], [ 127.351095631231914, 36.659473703148691 ], [ 127.351110573440479, 36.659453916008033 ], [ 127.351126270047146, 36.659432837066163 ], [ 127.351138794741289, 36.659409884459706 ], [ 127.351149667728933, 36.659385855207013 ], [ 127.351161997283, 36.659361964800432 ], [ 127.351176714103929, 36.659341827589806 ], [ 127.351198409371307, 36.659318927903414 ], [ 127.351219403115863, 36.659296580853933 ], [ 127.351241155445607, 36.659274250974995 ], [ 127.351264474390646, 36.659251850928733 ], [ 127.351284024300512, 36.65923203165643 ], [ 127.351308857427725, 36.659207727733786 ], [ 127.351332916243294, 36.659183424642386 ], [ 127.351354758195228, 36.65916100470465 ], [ 127.351483366357229, 36.659009946743893 ], [ 127.351499839770113, 36.658992119506678 ], [ 127.351517863120463, 36.658973583822103 ], [ 127.351534356748132, 36.658955709727493 ], [ 127.351551568612052, 36.658937888812375 ], [ 127.351568889876205, 36.658922527306473 ], [ 127.351586998133101, 36.658905208733813 ], [ 127.351604356718823, 36.658887883815368 ], [ 127.351620810208018, 36.658868749369972 ], [ 127.35163586226588, 36.658853394042225 ], [ 127.351649343548559, 36.658836772861598 ], [ 127.351758248834031, 36.658706671423857 ], [ 127.351777451602317, 36.658620321381008 ], [ 127.351791720331818, 36.658560607947898 ], [ 127.351821231724287, 36.65835799061562 ], [ 127.351835873153291, 36.658313945604398 ], [ 127.351842137619343, 36.658299509659415 ], [ 127.351842122749559, 36.658281577121642 ], [ 127.351842110639581, 36.658271547083949 ], [ 127.35184655407663, 36.658262658470768 ], [ 127.351862072702843, 36.658248978668958 ], [ 127.351863481375375, 36.658241404265013 ], [ 127.35186181131418, 36.658235903074313 ], [ 127.351853817290205, 36.658229177001225 ], [ 127.351842600068181, 36.658219334960989 ], [ 127.351842595524644, 36.658213531136688 ], [ 127.351842909639146, 36.65820609600452 ], [ 127.351861672451903, 36.658192748381737 ], [ 127.351911756747484, 36.658148491410792 ], [ 127.351922121844112, 36.658135879774356 ], [ 127.351926612414857, 36.658119898261319 ], [ 127.351931678845062, 36.658100023009574 ], [ 127.351942216032498, 36.658080509746654 ], [ 127.351953057316507, 36.658069303227045 ], [ 127.351966210322587, 36.65803001082724 ], [ 127.351984285863296, 36.657975853496573 ], [ 127.352002616558082, 36.657943873234245 ], [ 127.35201090001965, 36.657918625464951 ], [ 127.352022933742589, 36.657891195329498 ], [ 127.352025933554387, 36.657867208495368 ], [ 127.352032081731338, 36.657844509299835 ], [ 127.3520368080259, 36.65781875768154 ], [ 127.352044758808162, 36.657801289390235 ], [ 127.352056969174356, 36.657783274674678 ], [ 127.352078046884515, 36.657757629906229 ], [ 127.352122548287866, 36.657705917765121 ], [ 127.352136624415039, 36.657682330517744 ], [ 127.352144971632072, 36.657658811882818 ], [ 127.352151249707688, 36.657634859764684 ], [ 127.352166520648112, 36.657613691803824 ], [ 127.352186251316724, 36.657601991457923 ], [ 127.352197591802806, 36.657591811434855 ], [ 127.352212367537277, 36.657562778218512 ], [ 127.352248018306639, 36.657485274116972 ], [ 127.352253160941302, 36.657462928849853 ], [ 127.352259506550809, 36.657431714371924 ], [ 127.352261943691801, 36.657407023666551 ], [ 127.352263242066002, 36.657402101315796 ], [ 127.352280349033734, 36.657381521587908 ], [ 127.352302659485403, 36.657344212971914 ], [ 127.352325055759877, 36.657291249109846 ], [ 127.352347253150029, 36.657243982439816 ], [ 127.352357770584788, 36.657234697465803 ], [ 127.352366054063083, 36.657231608396053 ], [ 127.352388493562259, 36.65723215546744 ], [ 127.352428778270991, 36.657232135067716 ], [ 127.352442751952722, 36.657228129912227 ], [ 127.352457449799658, 36.657221065980771 ], [ 127.352467150561836, 36.65720467260514 ], [ 127.352548014709171, 36.657212002720314 ], [ 127.352653975514642, 36.656917613878285 ], [ 127.352734750835594, 36.656668293747472 ], [ 127.352779439573325, 36.656517628158213 ], [ 127.352783546553113, 36.656498467465191 ], [ 127.352820759219497, 36.656354598897948 ], [ 127.352865585100716, 36.6561634274928 ], [ 127.352908117974494, 36.655964718542627 ], [ 127.352948524317, 36.655750950185201 ], [ 127.352981676008142, 36.655508763155609 ], [ 127.353019904264642, 36.655219820047918 ], [ 127.353032470269454, 36.655054380657035 ], [ 127.353032138540399, 36.655029942533801 ], [ 127.353033497002627, 36.654932132051471 ], [ 127.353028425326755, 36.654839645072677 ], [ 127.353021736068627, 36.654795283285878 ], [ 127.352977470564241, 36.654589947521174 ], [ 127.352964078248732, 36.654468524907571 ], [ 127.352943198546868, 36.65436831783633 ], [ 127.352933889057894, 36.654313349426246 ], [ 127.352922337324557, 36.654252540166915 ], [ 127.352933513100737, 36.654138044310272 ], [ 127.352889768679987, 36.654127269718302 ], [ 127.352856006060961, 36.654083873333867 ], [ 127.352833365309962, 36.654021411447495 ], [ 127.352809152994126, 36.653965216608391 ], [ 127.352773999263562, 36.653832168437511 ], [ 127.352751384962488, 36.653751188061023 ], [ 127.352731354268073, 36.653646039996353 ], [ 127.352725937287587, 36.65358352725891 ], [ 127.352722342488732, 36.65350889707792 ], [ 127.352709583930647, 36.653458011755362 ], [ 127.352707527464091, 36.653421612262328 ], [ 127.352713027530385, 36.653377043752194 ], [ 127.35271569726477, 36.653251230833476 ], [ 127.352721388473427, 36.653199109834468 ], [ 127.352720606922887, 36.653135978988956 ], [ 127.352786056785945, 36.653067668891353 ], [ 127.352865984338791, 36.65299107026722 ], [ 127.352873765297488, 36.652946062831198 ], [ 127.352814889744835, 36.652538278217563 ], [ 127.352816306566524, 36.652312332884307 ], [ 127.352919548666705, 36.652262086672039 ], [ 127.353020982730072, 36.652190588099415 ], [ 127.353063394791789, 36.652147127064495 ], [ 127.353072020367406, 36.652135629219281 ], [ 127.353079756847464, 36.652105680280485 ], [ 127.353084664636413, 36.65205586972062 ], [ 127.35309081021083, 36.652003504046903 ], [ 127.353098017701015, 36.651972844075743 ], [ 127.353114374395773, 36.651920052865854 ], [ 127.353145168940031, 36.651852772595909 ], [ 127.353160816366398, 36.651809347037464 ], [ 127.353168911170982, 36.651776845498944 ], [ 127.353171176189235, 36.651734133652987 ], [ 127.35317534432609, 36.651598889291037 ], [ 127.353179682967578, 36.651446900766345 ], [ 127.35318437516348, 36.651291360782622 ], [ 127.353190277792123, 36.651092256632502 ], [ 127.353196540431739, 36.650928628556869 ], [ 127.353202804629959, 36.650752375939668 ], [ 127.353207842379859, 36.650584489484132 ], [ 127.353211837010235, 36.65046514004483 ], [ 127.353217072316824, 36.650345229598742 ], [ 127.353219253649669, 36.650281729157705 ], [ 127.35321778006265, 36.650216365329079 ], [ 127.353217757589007, 36.650118558472528 ], [ 127.353217481836111, 36.65007521423918 ], [ 127.353216346324913, 36.650000314807528 ], [ 127.353213239468616, 36.649944301075593 ], [ 127.353187890717976, 36.649685742611304 ], [ 127.35317952145914, 36.649630735670506 ], [ 127.353159661809983, 36.64953827546222 ], [ 127.353157402441042, 36.649503795887895 ], [ 127.353155485447857, 36.649390340330179 ], [ 127.353146277503612, 36.649328080721453 ], [ 127.353107476938945, 36.649103724593481 ], [ 127.353089993470292, 36.649017321739187 ], [ 127.353076275219195, 36.648968935982808 ], [ 127.353048543522377, 36.648915681089399 ], [ 127.353048513894294, 36.648899477573281 ], [ 127.353043006519641, 36.648873974684214 ], [ 127.353007506451377, 36.648767565234778 ], [ 127.352954438864913, 36.648607376108551 ], [ 127.352911075249025, 36.648493303221713 ], [ 127.352880988969005, 36.648428800122581 ], [ 127.352847233203519, 36.64837369688388 ], [ 127.352842440174882, 36.64835029895643 ], [ 127.35283215053957, 36.648315789615879 ], [ 127.352763269128204, 36.64816012439281 ], [ 127.352723394772198, 36.648075202897829 ], [ 127.352666344130412, 36.647961524071739 ], [ 127.352603346413247, 36.647845456106445 ], [ 127.352537265877828, 36.64774214766485 ], [ 127.352475839681844, 36.647642285056484 ], [ 127.352408335190304, 36.647540801206958 ], [ 127.352313419226832, 36.647404146640895 ], [ 127.352254515521508, 36.647322884896873 ], [ 127.352195280527184, 36.647261666567324 ], [ 127.352176313904252, 36.647232048731539 ], [ 127.352139228662438, 36.647177521713722 ], [ 127.35205303012755, 36.647069343382221 ], [ 127.351955933848018, 36.64690344489744 ], [ 127.351878247425901, 36.646837250656461 ], [ 127.351822470916886, 36.646781402140348 ], [ 127.351764176922373, 36.646710582028994 ], [ 127.351718758427396, 36.646653287731944 ], [ 127.351639472413197, 36.64654989201884 ], [ 127.351562556976589, 36.646436710763616 ], [ 127.351543326504711, 36.646408399663578 ], [ 127.351524401680379, 36.646380557719063 ], [ 127.351490652269305, 36.646333600003217 ], [ 127.351464437006214, 36.646308500325226 ], [ 127.351445498301402, 36.646294903787862 ], [ 127.351210049175918, 36.645916825473378 ], [ 127.35115203529736, 36.645789432928638 ], [ 127.351092826751682, 36.64565974545414 ], [ 127.351013094341084, 36.645484717684909 ], [ 127.350959709390708, 36.645354355890333 ], [ 127.350899036774734, 36.645195232634443 ], [ 127.35082452022607, 36.645011189082112 ], [ 127.350764631796991, 36.644825110196003 ], [ 127.350758418520087, 36.644806520775397 ], [ 127.350754005807048, 36.644797503892441 ], [ 127.35073806595733, 36.644722342420984 ], [ 127.3506943491291, 36.64456107850102 ], [ 127.350665273146646, 36.644430463950286 ], [ 127.35063639485783, 36.644298326109045 ], [ 127.350610201824608, 36.644154464963385 ], [ 127.35058370068117, 36.643987148294421 ], [ 127.350563326970388, 36.64379714323286 ], [ 127.350551880231265, 36.643595727403778 ], [ 127.350524078317576, 36.643303952104077 ], [ 127.350513464533734, 36.643138182464241 ], [ 127.35050610702514, 36.643012497432267 ], [ 127.350502991851542, 36.642924889714799 ], [ 127.350491866542754, 36.642858302050513 ], [ 127.350491920536953, 36.642840782438071 ], [ 127.35048126584158, 36.642685828884865 ], [ 127.35047377560447, 36.642545517797203 ], [ 127.350476550784634, 36.642444366171262 ], [ 127.350476731074963, 36.64239044248756 ], [ 127.350459918128919, 36.642325205329193 ], [ 127.350468353936535, 36.642288818900894 ], [ 127.350470760520665, 36.642245250795426 ], [ 127.350471813686312, 36.642156442095583 ], [ 127.350466974517204, 36.642070667647587 ], [ 127.350457093017098, 36.642027388821916 ], [ 127.350450963074778, 36.641994777605099 ], [ 127.350451802961487, 36.641910986363499 ], [ 127.350448644263111, 36.641774187514997 ], [ 127.350439924396838, 36.641663571959207 ], [ 127.350430538970315, 36.641526905920692 ], [ 127.350418125128684, 36.641449949405853 ], [ 127.350401192636525, 36.641365672471267 ], [ 127.350384917971695, 36.641312624201198 ], [ 127.350369734810798, 36.641271316588046 ], [ 127.350357327631002, 36.641249960776435 ], [ 127.350345841925403, 36.641234548786606 ], [ 127.350338688473585, 36.641227982313893 ], [ 127.350329618919091, 36.641225378215495 ], [ 127.350325843036501, 36.641223848139376 ], [ 127.350290695880702, 36.641218589719692 ], [ 127.350274839143893, 36.64121322932602 ], [ 127.350265203980058, 36.64120924702506 ], [ 127.350193990546373, 36.641136132665309 ], [ 127.350166171293409, 36.641062393119284 ], [ 127.350170008929553, 36.641050514417365 ], [ 127.350185271708824, 36.640961662271152 ], [ 127.350228447629078, 36.640885300294784 ], [ 127.350246164175189, 36.6408417676572 ], [ 127.350258209176246, 36.640800514083516 ], [ 127.350266633144173, 36.640764426942091 ], [ 127.350278076738718, 36.640735656535895 ], [ 127.350302013475513, 36.640697630835803 ], [ 127.350322344679626, 36.640663697001635 ], [ 127.350331304691778, 36.640641935310661 ], [ 127.350337056027172, 36.640615739633226 ], [ 127.350338649904657, 36.640592135043121 ], [ 127.350336482563009, 36.640560592556817 ], [ 127.350312080224157, 36.640389466836687 ], [ 127.350278257558671, 36.640207511306961 ], [ 127.350253929350828, 36.640072187701186 ], [ 127.350237122025121, 36.640007868217438 ], [ 127.350217684815576, 36.639851661264281 ], [ 127.350212382073963, 36.63982411927865 ], [ 127.350208019362398, 36.63978136481429 ], [ 127.350198100854556, 36.6397273797281 ], [ 127.350191536486946, 36.639680098782918 ], [ 127.350190359137912, 36.639657267796558 ], [ 127.35018512011743, 36.639621093155185 ], [ 127.350171254385344, 36.639557073047534 ], [ 127.350139102205503, 36.639417446635719 ], [ 127.350096980290502, 36.639246940414111 ], [ 127.35006034628671, 36.639100822965766 ], [ 127.35002777133468, 36.638974056736835 ], [ 127.350000000054422, 36.638876050691614 ], [ 127.349995135969124, 36.638858889080197 ], [ 127.349963836517688, 36.638762090194199 ], [ 127.349930958733822, 36.638657808688357 ], [ 127.349910249475073, 36.638600791763253 ], [ 127.349893871351384, 36.638556567124688 ], [ 127.349886123688947, 36.638537000286661 ], [ 127.349882902844342, 36.638458178344742 ], [ 127.34987788924667, 36.63844199917073 ], [ 127.349844763121439, 36.63834937908841 ], [ 127.34977260872995, 36.638149440653663 ], [ 127.349724237459171, 36.6380135024041 ], [ 127.349707845147648, 36.637968637654986 ], [ 127.349682220230392, 36.637905129112575 ], [ 127.349662261765786, 36.637870657724406 ], [ 127.349612649611132, 36.63777940146381 ], [ 127.349600561835302, 36.637685042727789 ], [ 127.349532535535076, 36.637534996387409 ], [ 127.349471712149665, 36.637399356015607 ], [ 127.34938702867386, 36.637207626746616 ], [ 127.349331920936237, 36.637082800670754 ], [ 127.349292324393673, 36.637000220319976 ], [ 127.349255370706956, 36.636928796622882 ], [ 127.349236991382682, 36.636897013618139 ], [ 127.349210967222277, 36.636853925174201 ], [ 127.349191946410272, 36.6367644635556 ], [ 127.349173926455094, 36.63672854312275 ], [ 127.349121596710688, 36.636636500701385 ], [ 127.349047710069001, 36.636505188766733 ], [ 127.348981046004113, 36.636383838469605 ], [ 127.348900043072561, 36.636241219852792 ], [ 127.348803902161023, 36.636071908463414 ], [ 127.348707168920853, 36.635907121756766 ], [ 127.348591172533759, 36.635711113268599 ], [ 127.348538849985161, 36.635622956040024 ], [ 127.348487238050083, 36.635538697765917 ], [ 127.348462362686533, 36.635447494085561 ], [ 127.348426489444492, 36.635387168922335 ], [ 127.348382956899442, 36.635311663601193 ], [ 127.348341697832808, 36.635237071669813 ], [ 127.348315762523043, 36.635193703668278 ], [ 127.34829931708515, 36.635164104596527 ], [ 127.348270197828768, 36.635106175148714 ], [ 127.348237634245365, 36.635040975235903 ], [ 127.34821572167067, 36.634994071253239 ], [ 127.348187817319172, 36.634928154260457 ], [ 127.348164049731366, 36.634868955083299 ], [ 127.348143509740069, 36.634804378074435 ], [ 127.348104024806673, 36.634684408731957 ], [ 127.348067444709841, 36.634568530468549 ], [ 127.348046359719746, 36.634494481611128 ], [ 127.348032855166451, 36.634440426817335 ], [ 127.348021025033773, 36.63439040385181 ], [ 127.348010232190404, 36.634335068781077 ], [ 127.347997906202906, 36.634249353085764 ], [ 127.347991511103757, 36.634199953674184 ], [ 127.347984678112866, 36.63415253880094 ], [ 127.347973954986443, 36.634079965375577 ], [ 127.347966772156838, 36.634029576914678 ], [ 127.347961788187959, 36.633982723326874 ], [ 127.347960696298898, 36.633958900758984 ], [ 127.347982005629817, 36.633903824806616 ], [ 127.347977185670999, 36.633846364405883 ], [ 127.347971823792989, 36.633790320467291 ], [ 127.347970815084309, 36.633757180124618 ], [ 127.347969853613733, 36.633710243321069 ], [ 127.347970780226277, 36.63368268391536 ], [ 127.34797507672333, 36.63363080099208 ], [ 127.347984065826907, 36.633548592262962 ], [ 127.347987120510965, 36.633482007931342 ], [ 127.347993235607646, 36.633419945810331 ], [ 127.348000938151017, 36.633354916179961 ], [ 127.348008816181789, 36.633291651904891 ], [ 127.348021427144985, 36.633224210716371 ], [ 127.348035781308297, 36.633154222313443 ], [ 127.348057222926542, 36.633071506585814 ], [ 127.348085554588081, 36.632969487752298 ], [ 127.348123855293565, 36.632846606534649 ], [ 127.348149786882686, 36.632775123763714 ], [ 127.348170482133654, 36.632722663130316 ], [ 127.348205158518581, 36.632633998121968 ], [ 127.348237398026356, 36.632558199781926 ], [ 127.348274034393, 36.632480712215489 ], [ 127.3483385676777, 36.632356050508228 ], [ 127.348383474784441, 36.632274880897661 ], [ 127.348404339518453, 36.632230537522076 ], [ 127.348476851479958, 36.632151837039828 ], [ 127.348542417014315, 36.632030946591946 ], [ 127.348587321347196, 36.631956705809671 ], [ 127.34865662640378, 36.631858947076701 ], [ 127.348703307915628, 36.631802417532747 ], [ 127.34880176095497, 36.631692316352279 ], [ 127.348876709939702, 36.631611554280759 ], [ 127.348958857987142, 36.631535168144069 ], [ 127.349100169377891, 36.631405783902551 ], [ 127.349242532346963, 36.63127951459515 ], [ 127.349306260992392, 36.631222113894744 ], [ 127.349429176255327, 36.631112203587506 ], [ 127.349563624078741, 36.630996013453128 ], [ 127.349692842430102, 36.630895383637395 ], [ 127.349724537947111, 36.63087050801272 ], [ 127.349814749131198, 36.630795124895364 ], [ 127.349862776752062, 36.630751963997341 ], [ 127.349955631371159, 36.630662966070837 ], [ 127.350000024869075, 36.630624960715409 ], [ 127.350060603120795, 36.630573112472739 ], [ 127.35015662749565, 36.630493178432609 ], [ 127.350264436909555, 36.630415218982442 ], [ 127.350360835019998, 36.630355821374991 ], [ 127.350400338190212, 36.630329311040718 ], [ 127.350466871554147, 36.630279419104802 ], [ 127.350547816184033, 36.630222291754087 ], [ 127.350619472245015, 36.63018044031017 ], [ 127.350774039335747, 36.630105586072254 ], [ 127.351132987361211, 36.630048281516856 ], [ 127.351283202704238, 36.630039800302299 ], [ 127.351375077578908, 36.630048495405788 ], [ 127.351419131112294, 36.630065846497715 ], [ 127.350067652006743, 36.626985036575455 ], [ 127.350062514454621, 36.627085177606403 ], [ 127.350035057815433, 36.627258744661596 ], [ 127.350000033740159, 36.627345626685191 ], [ 127.34989408202506, 36.627608528930736 ], [ 127.349836229287007, 36.627676030568431 ], [ 127.349651459152412, 36.627838110583319 ], [ 127.34959722945527, 36.627901222769459 ], [ 127.349456402883305, 36.628103651318128 ], [ 127.349374921596493, 36.628168295768788 ], [ 127.349010393218762, 36.628421635066466 ], [ 127.348698792341011, 36.62860116265729 ], [ 127.348406853825168, 36.628720847734449 ], [ 127.347594494251751, 36.63002818119994 ], [ 127.347381234137998, 36.630495598283986 ], [ 127.347142533368469, 36.630995144156941 ], [ 127.346986209609099, 36.631187568397934 ], [ 127.346900582629829, 36.631316480802212 ], [ 127.34649320752581, 36.632086378621317 ], [ 127.34642068990749, 36.632311241350884 ], [ 127.34635118389663, 36.632644934930099 ], [ 127.346279223957197, 36.633559389971808 ], [ 127.346294961290937, 36.633675752160606 ], [ 127.346509870961043, 36.634110131001783 ], [ 127.346679164040793, 36.634494522189229 ], [ 127.346781287795125, 36.634633008203217 ], [ 127.34684634911882, 36.634679993168973 ], [ 127.346909209979771, 36.634705086910969 ], [ 127.346987803197294, 36.634737713906588 ], [ 127.347026641157797, 36.63476876988679 ], [ 127.347075085582347, 36.634842765694749 ], [ 127.34720053216796, 36.635025726907031 ], [ 127.347225968283325, 36.635100636106053 ], [ 127.34731549287531, 36.635219369910352 ], [ 127.347346168672686, 36.635297633957954 ], [ 127.347487020341021, 36.635651556535386 ], [ 127.347525760189029, 36.635857632533259 ], [ 127.347618791707703, 36.636079777739809 ], [ 127.347640128780867, 36.636172379790729 ], [ 127.34767183196567, 36.63671100185865 ], [ 127.347684550810598, 36.637645034109099 ], [ 127.347682307326224, 36.639047230500964 ], [ 127.347706474848579, 36.63950839507379 ], [ 127.347718539045985, 36.639836497636523 ], [ 127.347750638149648, 36.640173779583769 ], [ 127.34773899411374, 36.640401736993816 ], [ 127.347689653546297, 36.640669499569057 ], [ 127.347642065498647, 36.640836752888653 ], [ 127.347544710206435, 36.641109655602975 ], [ 127.347528647386881, 36.641155616780559 ], [ 127.3475166249182, 36.641205104372766 ], [ 127.347502866384232, 36.641271559512319 ], [ 127.347494532544886, 36.641320262111975 ], [ 127.347492569395342, 36.641353690696896 ], [ 127.34749638100331, 36.641435818305219 ], [ 127.347500731052818, 36.641470661305767 ], [ 127.347518651105219, 36.641593758351796 ], [ 127.347547139841922, 36.641804566496148 ], [ 127.347583598527748, 36.642054938881465 ], [ 127.347610585418934, 36.642254856799497 ], [ 127.347641910124764, 36.642484599949931 ], [ 127.347679835300653, 36.642774544433586 ], [ 127.347726961279349, 36.643121109210135 ], [ 127.347785144487858, 36.643519031893092 ], [ 127.34782549182097, 36.643845241158104 ], [ 127.347865645838496, 36.644160700705214 ], [ 127.34790205141725, 36.644435744973208 ], [ 127.347929176594718, 36.644616226662357 ], [ 127.347949797904121, 36.644728301731575 ], [ 127.347970471335643, 36.644874224431291 ], [ 127.347984265442648, 36.644940085500451 ], [ 127.348032449967874, 36.645123873665199 ], [ 127.348111216699564, 36.64539851570084 ], [ 127.348147581080354, 36.645515195801607 ], [ 127.348187122383138, 36.645634344627581 ], [ 127.348228279410918, 36.645756832834465 ], [ 127.34827383734752, 36.645876054200109 ], [ 127.348325033280119, 36.645995556779447 ], [ 127.348392629395832, 36.646135917382445 ], [ 127.348433387929873, 36.646209718818405 ], [ 127.348494082106825, 36.646303097236981 ], [ 127.348565509103494, 36.646400156552517 ], [ 127.348657219235449, 36.646511970232424 ], [ 127.348743472083228, 36.646620520708019 ], [ 127.348812623379004, 36.646721415550168 ], [ 127.348867306680745, 36.646805430419811 ], [ 127.348893984647617, 36.646856761173275 ], [ 127.348969152964898, 36.647034433124929 ], [ 127.348987350683643, 36.647082473462397 ], [ 127.349026387213783, 36.647190765529686 ], [ 127.349051997406235, 36.647267691959527 ], [ 127.349063661040176, 36.647302324172166 ], [ 127.349732046791246, 36.647792120577435 ], [ 127.34975572127847, 36.647809740421344 ], [ 127.349783957941625, 36.647938031808614 ], [ 127.349818568475769, 36.648036837893656 ], [ 127.349880873136996, 36.64813900538914 ], [ 127.349930921603502, 36.648233830055204 ], [ 127.34997620505932, 36.648362846028817 ], [ 127.349999973557118, 36.648438255409175 ], [ 127.350029746566435, 36.648532686686359 ], [ 127.350108760503275, 36.648674805930419 ], [ 127.350229811219606, 36.649097856908966 ], [ 127.350344145191158, 36.649482050257014 ], [ 127.350494224181134, 36.650000073845767 ], [ 127.350532088763188, 36.650130771465349 ], [ 127.350623922517983, 36.650615624244146 ], [ 127.350919446569577, 36.651411875828749 ], [ 127.351086709943459, 36.651779602937232 ], [ 127.351092047776319, 36.651784850902089 ], [ 127.3511039022207, 36.651787447602246 ], [ 127.351140675016083, 36.651787672058013 ], [ 127.35115171973068, 36.65178895516479 ], [ 127.351161558185154, 36.651798469215748 ], [ 127.351220988047587, 36.652009843066942 ], [ 127.351273356948852, 36.652324398584931 ], [ 127.351365337336006, 36.652692465749844 ], [ 127.351381929572099, 36.652735543650579 ], [ 127.351396187315089, 36.652745180388813 ], [ 127.351418032603377, 36.652743357772295 ], [ 127.351580443242966, 36.652662191318583 ], [ 127.351609966739716, 36.652651768957433 ], [ 127.351635626423089, 36.652650351316382 ], [ 127.351664678574934, 36.652657004470662 ], [ 127.351706857289216, 36.652719427812599 ], [ 127.351762392573633, 36.652783064946775 ], [ 127.351811217273081, 36.652882865285811 ], [ 127.351901440664804, 36.653164029326561 ], [ 127.351978673117074, 36.653453182417238 ], [ 127.352013510137695, 36.653720524304262 ], [ 127.352011878203285, 36.653836631190487 ], [ 127.351985260377134, 36.653944449337828 ], [ 127.351984671598885, 36.654532636001207 ], [ 127.351949855438818, 36.654743991410278 ], [ 127.351897675028951, 36.654909430125585 ], [ 127.351902131584723, 36.655107405668431 ], [ 127.351894168717664, 36.655119629048279 ], [ 127.351873716332889, 36.655127574630654 ], [ 127.351854686040497, 36.655136093525719 ], [ 127.351855422948404, 36.655150915011951 ], [ 127.351863563687701, 36.655187186851464 ], [ 127.351845818327945, 36.655333268190311 ], [ 127.351836020779658, 36.65534300296202 ], [ 127.351807543728583, 36.655349826106445 ], [ 127.351780252589407, 36.655359027059198 ], [ 127.351754152271354, 36.655564138657596 ], [ 127.35171084666591, 36.655760621356094 ], [ 127.351696290093443, 36.655877316107755 ], [ 127.35167961681023, 36.65597638220148 ], [ 127.351661509876322, 36.656057537418704 ], [ 127.351627573337339, 36.656196833724557 ], [ 127.351602255558475, 36.656315651592365 ], [ 127.351579607352818, 36.656446129100225 ], [ 127.351557796469763, 36.656534396075635 ], [ 127.351539160431273, 36.656612435042732 ], [ 127.351517518878424, 36.656681228140016 ], [ 127.351488300383465, 36.656766227864402 ], [ 127.351435487418854, 36.656909086705319 ], [ 127.351364726476035, 36.657096577738159 ], [ 127.351285154573034, 36.657299420985979 ], [ 127.351209466153477, 36.657513204148458 ], [ 127.35112565741224, 36.657726423588223 ], [ 127.351089944462274, 36.657849515828005 ], [ 127.351062863201335, 36.657959532759918 ], [ 127.351046865435009, 36.658027894686086 ], [ 127.351032269305279, 36.658081906576975 ], [ 127.351012193902292, 36.658123705382593 ], [ 127.350990746321287, 36.658166860117959 ], [ 127.350939952550746, 36.65826427871896 ], [ 127.350884044884708, 36.65835375414126 ], [ 127.35084836328538, 36.658419641131161 ], [ 127.350829192489144, 36.658449470998903 ], [ 127.350802447585849, 36.65846837428402 ], [ 127.350772160886038, 36.658483439973324 ], [ 127.350626270823511, 36.658545759485527 ], [ 127.35058929722048, 36.658563250775693 ], [ 127.350553036632391, 36.65858812077559 ], [ 127.350515727398033, 36.658622932926725 ], [ 127.3504703293804, 36.658669953760707 ], [ 127.350415780687428, 36.658721667080869 ], [ 127.35035190713397, 36.658781337866678 ], [ 127.350293996071642, 36.658828936093094 ], [ 127.350248768391324, 36.658866446293956 ], [ 127.350200893732222, 36.658900271447202 ], [ 127.350086995914751, 36.658975743654658 ], [ 127.350016597275356, 36.659022249642916 ], [ 127.349999963365377, 36.659031499659477 ], [ 127.349967486339622, 36.659049562555637 ], [ 127.349841245526662, 36.659109336590042 ], [ 127.349752151378581, 36.659146778669538 ], [ 127.349647026981302, 36.659189070317865 ], [ 127.349555452441393, 36.65922225767342 ], [ 127.349368055111569, 36.659275145860967 ], [ 127.349172528615256, 36.659318244054063 ], [ 127.349075291057289, 36.659333550851308 ], [ 127.348991256132919, 36.659342311433242 ], [ 127.3488939917832, 36.659347247263305 ], [ 127.348786503159147, 36.659348508166289 ], [ 127.348669672007972, 36.659347227511063 ], [ 127.348533273584636, 36.659342274415785 ], [ 127.348426814826382, 36.659331889003511 ], [ 127.348309071648018, 36.659314138344648 ], [ 127.34821070524255, 36.65929224015072 ], [ 127.348112334360579, 36.659264675079541 ], [ 127.346972755843225, 36.658865329505765 ], [ 127.346827091777257, 36.658821832703957 ], [ 127.346806118517478, 36.658816324648015 ], [ 127.34670793750233, 36.658790622949489 ], [ 127.346647264725704, 36.658769505784711 ], [ 127.346576957824368, 36.658739512691824 ], [ 127.346476156077557, 36.658698236823618 ], [ 127.346397677095581, 36.658659059489153 ], [ 127.346391308285405, 36.658610597780971 ], [ 127.346403136795672, 36.658579383482476 ], [ 127.346403326184557, 36.658561775747373 ], [ 127.346398929670229, 36.658548974273032 ], [ 127.34586615749275, 36.657948098394634 ], [ 127.345184589570806, 36.656947010394347 ], [ 127.345141387735708, 36.656895239121148 ], [ 127.344997504910879, 36.656816167625323 ], [ 127.344505185902932, 36.656656677262028 ], [ 127.344366029186702, 36.656615980567018 ], [ 127.344205737247307, 36.656586211024674 ], [ 127.344093178734042, 36.656568919132781 ], [ 127.343961604354021, 36.65655574549244 ], [ 127.343819108385574, 36.656546551006144 ], [ 127.34360422985273, 36.656542764052965 ], [ 127.343407834510728, 36.656538265393415 ], [ 127.343294930659937, 36.656533598621039 ], [ 127.343290621968819, 36.656532981739339 ], [ 127.343133529837047, 36.656513528057673 ], [ 127.343070607924702, 36.65651370841168 ], [ 127.342856449720728, 36.656583874232787 ], [ 127.342831082299867, 36.656593814894755 ], [ 127.342781065035553, 36.656598645802802 ], [ 127.342758349427825, 36.656598648271626 ], [ 127.342718362189004, 36.656597807571359 ], [ 127.342525490573692, 36.65657825715703 ], [ 127.342331558299506, 36.656551051340834 ], [ 127.342229223573298, 36.656528789563829 ], [ 127.342162461297391, 36.656510499947409 ], [ 127.342038797739534, 36.656460139015707 ], [ 127.341936629087854, 36.656414753881357 ], [ 127.341795185798858, 36.656362695927847 ], [ 127.341666068231291, 36.656325966971686 ], [ 127.341578872847506, 36.656302419395445 ], [ 127.341496788797414, 36.65628639882177 ], [ 127.341418766743544, 36.656278899113865 ], [ 127.341334742294336, 36.656277211406085 ], [ 127.341196304654616, 36.65627978909675 ], [ 127.341096613171203, 36.656283777775712 ], [ 127.340984945952044, 36.656285215382567 ], [ 127.340926649521521, 36.656284382090661 ], [ 127.340791554607563, 36.656279576931496 ], [ 127.340679531329215, 36.656271364182189 ], [ 127.340563810239459, 36.656259322239556 ], [ 127.340447558079674, 36.656243309292663 ], [ 127.340322856493771, 36.656239069237927 ], [ 127.340230741320624, 36.656239089956024 ], [ 127.340125239431089, 36.656243652393478 ], [ 127.340032063523509, 36.656264240025749 ], [ 127.33998610434017, 36.656276166363696 ], [ 127.339903677011861, 36.656309391055892 ], [ 127.339817733192973, 36.656357090761404 ], [ 127.339771415972052, 36.656381931340256 ], [ 127.33974746731819, 36.656388462000038 ], [ 127.339706338753629, 36.656408232318917 ], [ 127.339572850497419, 36.656509088464006 ], [ 127.339537823585118, 36.656537789931107 ], [ 127.339491744424507, 36.656598775226975 ], [ 127.33936142996123, 36.656806749135377 ], [ 127.338879349163065, 36.657584850028577 ], [ 127.338809129386732, 36.657703954160787 ], [ 127.338740136509102, 36.657824821429202 ], [ 127.338707287719174, 36.657891354082032 ], [ 127.338618985590614, 36.658115672203259 ], [ 127.338585604733694, 36.658213997984376 ], [ 127.338554289803923, 36.65832172733267 ], [ 127.338464548912853, 36.658634422220295 ], [ 127.338369275614227, 36.658981249084583 ], [ 127.338201375244438, 36.659616356031179 ], [ 127.338066844562846, 36.660148287028598 ], [ 127.33790948302773, 36.660797772158361 ], [ 127.337902271491984, 36.660816417850164 ], [ 127.337635475785774, 36.661937863816028 ], [ 127.337515040566004, 36.662338847857264 ], [ 127.337462141242099, 36.662699207090085 ], [ 127.337406986587496, 36.662827114992979 ], [ 127.337248519918475, 36.663105463547453 ], [ 127.337250418856186, 36.663137871213912 ], [ 127.33717207746102, 36.663753835487235 ], [ 127.337048771386009, 36.664246579774534 ], [ 127.337015500434703, 36.66440944484102 ], [ 127.337018658341975, 36.664533591948214 ], [ 127.337066712958801, 36.664764921272791 ], [ 127.337148399317101, 36.664918304808204 ], [ 127.337308738490663, 36.665088848386638 ], [ 127.337356162071799, 36.665174989494055 ], [ 127.337398643525219, 36.665328483375795 ], [ 127.337523193335869, 36.665684400423487 ], [ 127.337679649852888, 36.666133027045319 ], [ 127.337708683685506, 36.666196077342732 ], [ 127.33774275656846, 36.666219129859606 ], [ 127.337844709298139, 36.666220940079242 ], [ 127.337907455773987, 36.666227079916688 ], [ 127.338482088231402, 36.666732575660085 ], [ 127.338666120563971, 36.666884416480315 ], [ 127.339261943255138, 36.667246091368128 ], [ 127.339437729096971, 36.66732235675434 ], [ 127.339490438476219, 36.66738361931062 ], [ 127.33976217821143, 36.667585129833974 ], [ 127.339779282870168, 36.667600750468466 ], [ 127.339781288641646, 36.667611333082398 ], [ 127.339771591396897, 36.667621939618002 ], [ 127.33970252421328, 36.667635852266081 ], [ 127.339687462201624, 36.667642167681905 ], [ 127.339682137159215, 36.667650023331298 ], [ 127.339685614195758, 36.66766451138956 ], [ 127.33989468868441, 36.667812024380908 ], [ 127.340547783339773, 36.668114325362545 ], [ 127.341248938680124, 36.668424821892138 ], [ 127.342300835756134, 36.66884824399736 ], [ 127.342786250143106, 36.669078823988286 ], [ 127.342794400906598, 36.669085677073845 ], [ 127.34295281165538, 36.669184669788521 ], [ 127.343304632447143, 36.669367061548208 ], [ 127.343384016279259, 36.669404979960809 ], [ 127.343449898049116, 36.669428252959811 ], [ 127.343809548890022, 36.669547038814891 ], [ 127.343870312992792, 36.669579925594306 ], [ 127.343958982807877, 36.669646955964716 ], [ 127.344140446568304, 36.669715043491692 ], [ 127.344226517653226, 36.669751291514167 ], [ 127.344309218683037, 36.669781725853035 ], [ 127.344386287635146, 36.669808186209877 ], [ 127.34519548337714, 36.669857009043369 ], [ 127.345763822264743, 36.669879438136114 ], [ 127.346294666415048, 36.669987023371704 ], [ 127.346584465646885, 36.67007366983691 ], [ 127.34710851941314, 36.670215216330533 ], [ 127.34750412191363, 36.670306968967431 ], [ 127.347661769549887, 36.670319403971661 ], [ 127.348190559005857, 36.670317102459336 ], [ 127.348411881927831, 36.670340172290025 ], [ 127.348655321431124, 36.67037296446366 ], [ 127.34874149212483, 36.670403232455648 ], [ 127.348827115574323, 36.670517641361748 ], [ 127.348842176881433, 36.670575675103848 ], [ 127.34885025241671, 36.670635081063601 ], [ 127.349999963280723, 36.670795433476627 ], [ 127.350622643189226, 36.670882281566307 ], [ 127.351579478589088, 36.671004303039574 ], [ 127.351732607862161, 36.671021045171919 ], [ 127.351856183807612, 36.671011118469515 ], [ 127.352017198727694, 36.670976201926223 ], [ 127.352047683833703, 36.670974507134183 ], [ 127.352144133347068, 36.670984207973319 ], [ 127.352556268019057, 36.670988016582875 ], [ 127.352729612440939, 36.671002588227118 ], [ 127.352798354967774, 36.671014946126739 ], [ 127.352962615806476, 36.671093632943837 ], [ 127.353069133503794, 36.671123062899191 ], [ 127.354544336740759, 36.671270250189906 ], [ 127.355116111135317, 36.671360660040307 ], [ 127.355617145041748, 36.671414611608263 ], [ 127.355656288018636, 36.671415088166725 ], [ 127.355715172660197, 36.671415164930096 ], [ 127.357126588935145, 36.671494484993396 ], [ 127.357323293416115, 36.671504112555731 ], [ 127.357612798479238, 36.67148933921036 ], [ 127.357815941172902, 36.671488638950891 ], [ 127.358225316316464, 36.671478126985448 ], [ 127.358549114591796, 36.671467149601931 ], [ 127.358954520862952, 36.671469083627755 ], [ 127.359308557708871, 36.671489731877358 ], [ 127.359389905524111, 36.671494443589218 ], [ 127.35956527729121, 36.671511845575864 ], [ 127.359661197899612, 36.671522819823025 ], [ 127.359747397370754, 36.671536618639294 ], [ 127.359887415980012, 36.671576744794052 ], [ 127.360070373216274, 36.671637469853614 ], [ 127.360344372542059, 36.671742523220409 ], [ 127.360563475989252, 36.671853778868325 ], [ 127.360810746542171, 36.671959634643848 ], [ 127.36093339736982, 36.672017475222262 ], [ 127.361048322522805, 36.672073808380524 ], [ 127.361059911902743, 36.672081342148473 ], [ 127.361114674539024, 36.672124854335138 ], [ 127.361222195095067, 36.672212821059773 ], [ 127.361247087504324, 36.672237120032314 ], [ 127.361324692345164, 36.672326276031242 ], [ 127.361372770144953, 36.672416964404938 ], [ 127.361421111245733, 36.672539371158273 ], [ 127.361457514191571, 36.672669022815647 ], [ 127.361511908127454, 36.672889904729615 ], [ 127.361594655740177, 36.673193693715454 ], [ 127.361663670489577, 36.673454719737485 ], [ 127.361718049305054, 36.673672177645734 ], [ 127.361746754805424, 36.673806178064204 ], [ 127.361737971701558, 36.673853791875757 ], [ 127.361649796861713, 36.673980298584986 ], [ 127.36160373849998, 36.67405856667321 ], [ 127.361585267372007, 36.67410403988896 ], [ 127.361575285317016, 36.674146153192908 ], [ 127.361569689572462, 36.674193658909012 ], [ 127.361556029103411, 36.674286246062287 ], [ 127.361536887594482, 36.674427240550237 ], [ 127.361520005608867, 36.674548853785126 ], [ 127.361500661929497, 36.674599015528891 ], [ 127.361473712182899, 36.67467307958669 ], [ 127.361441576068415, 36.674738508525273 ], [ 127.361399374698635, 36.674828659065071 ], [ 127.361378663188063, 36.674880113736577 ], [ 127.361343209706547, 36.674941821033265 ], [ 127.3612957393795, 36.675000665609772 ], [ 127.361011895515489, 36.67524340565658 ], [ 127.360637180605522, 36.675527262113384 ], [ 127.360475933521997, 36.675758302270189 ], [ 127.360372718510675, 36.675875490581411 ], [ 127.360335393597268, 36.675941556787997 ], [ 127.360307081757341, 36.675965874668165 ], [ 127.360105224671685, 36.67607214171688 ], [ 127.359957499089973, 36.676165999054298 ], [ 127.359899819943635, 36.676243463079338 ], [ 127.359897886787181, 36.676282542260211 ], [ 127.35991909991921, 36.676304556392751 ], [ 127.360109253818152, 36.676349001673685 ], [ 127.360129436402431, 36.676375271400332 ], [ 127.360129645909865, 36.676420281308097 ], [ 127.36012028724366, 36.676450037561075 ], [ 127.360029706349465, 36.676476966857301 ], [ 127.359999271599207, 36.67648806269726 ], [ 127.359865101727848, 36.676571388399267 ], [ 127.359627567449294, 36.676786161207858 ], [ 127.359508243915414, 36.676906290255694 ], [ 127.35928513311427, 36.677110418346587 ], [ 127.359120773167021, 36.677216724397233 ], [ 127.358995064313731, 36.677328284806102 ], [ 127.358864431537768, 36.677429569456493 ], [ 127.358736022910691, 36.67758864398813 ], [ 127.358651820652796, 36.677693293743914 ], [ 127.358551194340194, 36.677776372883514 ], [ 127.358454118296038, 36.677833572542937 ], [ 127.358235145146779, 36.677941402660259 ], [ 127.358156977130903, 36.677962813749559 ], [ 127.358075606632426, 36.677974097225572 ], [ 127.357985076133332, 36.677983209749925 ], [ 127.357904738459283, 36.678019523340048 ], [ 127.357807041337978, 36.678061052009447 ], [ 127.357722019365369, 36.678073823752733 ], [ 127.357494252776803, 36.678085411427681 ], [ 127.357288863961628, 36.678114837147199 ], [ 127.35717698802658, 36.678138403224551 ], [ 127.35708464895886, 36.67814611558358 ], [ 127.356960121988877, 36.67818272166749 ], [ 127.356656564456088, 36.678314114990314 ], [ 127.35632190690697, 36.678419485439527 ], [ 127.356169137424317, 36.678469198551717 ], [ 127.355906962350261, 36.678589118874413 ], [ 127.35568569658642, 36.678701349801401 ], [ 127.355083507434642, 36.678964328054526 ], [ 127.355013464013837, 36.678981605512234 ], [ 127.354976073235775, 36.679007966455146 ], [ 127.354942045429937, 36.679055312782417 ], [ 127.354891626223989, 36.679085651432473 ], [ 127.354682630563516, 36.679177801202265 ], [ 127.354476675379573, 36.679247927290646 ], [ 127.35428385657616, 36.679304119426739 ], [ 127.354142758101702, 36.679338069922274 ], [ 127.35398832937355, 36.679412439377494 ], [ 127.353687459479005, 36.679524812342599 ], [ 127.35339706714494, 36.679594555125199 ], [ 127.35317853208528, 36.679624536314705 ], [ 127.353089586611986, 36.679655762439133 ], [ 127.352822052806786, 36.67973105995619 ], [ 127.352712775691288, 36.679785567811102 ], [ 127.352665306836244, 36.679808111267313 ], [ 127.352360601469286, 36.679923889167654 ], [ 127.352218047026568, 36.679974871944211 ], [ 127.352081175128518, 36.680016514642958 ], [ 127.355319049934593, 36.680016006186023 ], [ 127.355438037148446, 36.679967954219414 ] ] ] } }
]
}
