{"type": "FeatureCollection", "features": [{"type": "Feature", "properties": {"name": "고려대학교 세종캠퍼스", "amenity": "university", "osm_id": 227115256, "origin": "OBSERVED"}, "geometry": {"type": "Point", "coordinates": [127.28719482047619, 36.61024367095238]}}, {"type": "Feature", "properties": {"name": "한국교원대학교", "amenity": "university", "osm_id": 230620326, "origin": "OBSERVED"}, "geometry": {"type": "Point", "coordinates": [127.35797234423077, 36.6098331724359]}}, {"type": "Feature", "properties": {"name": "OSM feature", "amenity": "parking", "osm_id": 406956694, "origin": "OBSERVED"}, "geometry": {"type": "Point", "coordinates": [127.32991815999999, 36.61958376]}}, {"type": "Feature", "properties": {"name": "학술정보원", "amenity": "library", "osm_id": 434752711, "origin": "OBSERVED"}, "geometry": {"type": "Point", "coordinates": [127.28710103043478, 36.61005626086956]}}, {"type": "Feature", "properties": {"name": "Amphitheater", "amenity": "theatre", "osm_id": 434858530, "origin": "OBSERVED"}, "geometry": {"type": "Point", "coordinates": [127.28172305000001, 36.610471285]}}, {"type": "Feature", "properties": {"name": "OSM feature", "amenity": "parking", "osm_id": 434859985, "origin": "OBSERVED"}, "geometry": {"type": "Point", "coordinates": [127.2884432, 36.61043953]}}, {"type": "Feature", "properties": {"name": "OSM feature", "amenity": "parking", "osm_id": 434859987, "origin": "OBSERVED"}, "geometry": {"type": "Point", "coordinates": [127.28651535384614, 36.61115608461539]}}, {"type": "Feature", "properties": {"name": "OSM feature", "amenity": "parking", "osm_id": 468464910, "origin": "OBSERVED"}, "geometry": {"type": "Point", "coordinates": [127.35773281428571, 36.607760785714284]}}, {"type": "Feature", "properties": {"name": "OSM feature", "amenity": "parking", "osm_id": 468464920, "origin": "OBSERVED"}, "geometry": {"type": "Point", "coordinates": [127.35617084, 36.611040179999996]}}, {"type": "Feature", "properties": {"name": "OSM feature", "amenity": "parking", "osm_id": 468644835, "origin": "OBSERVED"}, "geometry": {"type": "Point", "coordinates": [127.3570313857143, 36.61097155714286]}}, {"type": "Feature", "properties": {"name": "OSM feature", "amenity": "parking", "osm_id": 468644838, "origin": "OBSERVED"}, "geometry": {"type": "Point", "coordinates": [127.35726096, 36.610452880000004]}}, {"type": "Feature", "properties": {"name": "OSM feature", "amenity": "parking", "osm_id": 468644841, "origin": "OBSERVED"}, "geometry": {"type": "Point", "coordinates": [127.35918403999999, 36.61016016]}}, {"type": "Feature", "properties": {"name": "OSM feature", "amenity": "parking", "osm_id": 468644848, "origin": "OBSERVED"}, "geometry": {"type": "Point", "coordinates": [127.36177496666666, 36.60813126666667]}}, {"type": "Feature", "properties": {"name": "OSM feature", "amenity": "parking", "osm_id": 468644857, "origin": "OBSERVED"}, "geometry": {"type": "Point", "coordinates": [127.36201098, 36.61002096]}}, {"type": "Feature", "properties": {"name": "OSM feature", "amenity": "parking", "osm_id": 468644860, "origin": "OBSERVED"}, "geometry": {"type": "Point", "coordinates": [127.35602288, 36.60642174]}}, {"type": "Feature", "properties": {"name": "OSM feature", "amenity": "parking", "osm_id": 468644864, "origin": "OBSERVED"}, "geometry": {"type": "Point", "coordinates": [127.35687102, 36.61207556]}}, {"type": "Feature", "properties": {"name": "OSM feature", "amenity": "parking", "osm_id": 468644867, "origin": "OBSERVED"}, "geometry": {"type": "Point", "coordinates": [127.35629018, 36.612978580000004]}}, {"type": "Feature", "properties": {"name": "OSM feature", "amenity": "parking", "osm_id": 468644869, "origin": "OBSERVED"}, "geometry": {"type": "Point", "coordinates": [127.35679064000001, 36.61287176]}}, {"type": "Feature", "properties": {"name": "도서관(미래관)", "amenity": "library", "osm_id": 468644875, "origin": "OBSERVED"}, "geometry": {"type": "Point", "coordinates": [127.35854855882353, 36.60897804117647]}}, {"type": "Feature", "properties": {"name": "OSM feature", "amenity": "parking", "osm_id": 468650605, "origin": "OBSERVED"}, "geometry": {"type": "Point", "coordinates": [127.35627178, 36.61338796]}}, {"type": "Feature", "properties": {"name": "OSM feature", "amenity": "parking", "osm_id": 468650609, "origin": "OBSERVED"}, "geometry": {"type": "Point", "coordinates": [127.3549897, 36.61509774285714]}}, {"type": "Feature", "properties": {"name": "OSM feature", "amenity": "parking", "osm_id": 468653958, "origin": "OBSERVED"}, "geometry": {"type": "Point", "coordinates": [127.36121376000001, 36.60935236]}}, {"type": "Feature", "properties": {"name": "OSM feature", "amenity": "parking", "osm_id": 468653967, "origin": "OBSERVED"}, "geometry": {"type": "Point", "coordinates": [127.36201055833334, 36.60553155]}}, {"type": "Feature", "properties": {"name": "오송유치원", "amenity": "kindergarten", "osm_id": 468654446, "origin": "OBSERVED"}, "geometry": {"type": "Point", "coordinates": [127.32560276, 36.62868942]}}, {"type": "Feature", "properties": {"name": "OSM feature", "amenity": "parking", "osm_id": 468672298, "origin": "OBSERVED"}, "geometry": {"type": "Point", "coordinates": [127.35672087999998, 36.613898660000004]}}, {"type": "Feature", "properties": {"name": "OSM feature", "amenity": "parking", "osm_id": 468672313, "origin": "OBSERVED"}, "geometry": {"type": "Point", "coordinates": [127.3601683, 36.606689933333335]}}, {"type": "Feature", "properties": {"name": "OSM feature", "amenity": "parking", "osm_id": 468672325, "origin": "OBSERVED"}, "geometry": {"type": "Point", "coordinates": [127.36086813333333, 36.61247545]}}, {"type": "Feature", "properties": {"name": "OSM feature", "amenity": "parking", "osm_id": 468680268, "origin": "OBSERVED"}, "geometry": {"type": "Point", "coordinates": [127.360067, 36.6134932]}}, {"type": "Feature", "properties": {"name": "OSM feature", "amenity": "parking", "osm_id": 468708600, "origin": "OBSERVED"}, "geometry": {"type": "Point", "coordinates": [127.36105751999999, 36.61073844]}}, {"type": "Feature", "properties": {"name": "OSM feature", "amenity": "parking", "osm_id": 468738233, "origin": "OBSERVED"}, "geometry": {"type": "Point", "coordinates": [127.3575857, 36.6125903]}}, {"type": "Feature", "properties": {"name": "OSM feature", "amenity": "parking", "osm_id": 468738244, "origin": "OBSERVED"}, "geometry": {"type": "Point", "coordinates": [127.36152544, 36.60573754]}}, {"type": "Feature", "properties": {"name": "OSM feature", "amenity": "parking", "osm_id": 468946477, "origin": "OBSERVED"}, "geometry": {"type": "Point", "coordinates": [127.35756311999998, 36.60988690000001]}}, {"type": "Feature", "properties": {"name": "세종도원초둥학교", "amenity": "school", "osm_id": 469068798, "origin": "OBSERVED"}, "geometry": {"type": "Point", "coordinates": [127.28684380833333, 36.585721533333334]}}, {"type": "Feature", "properties": {"name": "조치원명동초등학교", "amenity": "school", "osm_id": 469361862, "origin": "OBSERVED"}, "geometry": {"type": "Point", "coordinates": [127.30475799000001, 36.60128695]}}, {"type": "Feature", "properties": {"name": "OSM feature", "amenity": "parking", "osm_id": 469362280, "origin": "OBSERVED"}, "geometry": {"type": "Point", "coordinates": [127.3051056236842, 36.60033785]}}, {"type": "Feature", "properties": {"name": "OSM feature", "amenity": "parking", "osm_id": 469395380, "origin": "OBSERVED"}, "geometry": {"type": "Point", "coordinates": [127.303731925, 36.603854425]}}, {"type": "Feature", "properties": {"name": "OSM feature", "amenity": "parking", "osm_id": 470125425, "origin": "OBSERVED"}, "geometry": {"type": "Point", "coordinates": [127.36751396, 36.62185452]}}, {"type": "Feature", "properties": {"name": "OSM feature", "amenity": "parking", "osm_id": 470125430, "origin": "OBSERVED"}, "geometry": {"type": "Point", "coordinates": [127.36876362000001, 36.61933512]}}, {"type": "Feature", "properties": {"name": "OSM feature", "amenity": "parking", "osm_id": 470125431, "origin": "OBSERVED"}, "geometry": {"type": "Point", "coordinates": [127.3695492375, 36.619362775]}}, {"type": "Feature", "properties": {"name": "OSM feature", "amenity": "parking", "osm_id": 470125432, "origin": "OBSERVED"}, "geometry": {"type": "Point", "coordinates": [127.36670521666667, 36.61966795833333]}}, {"type": "Feature", "properties": {"name": "OSM feature", "amenity": "library", "osm_id": 470125433, "origin": "OBSERVED"}, "geometry": {"type": "Point", "coordinates": [127.36906512727273, 36.61800906363636]}}, {"type": "Feature", "properties": {"name": "운동장", "amenity": "school", "osm_id": 470125445, "origin": "OBSERVED"}, "geometry": {"type": "Point", "coordinates": [127.36758317333333, 36.61741247333334]}}, {"type": "Feature", "properties": {"name": "OSM feature", "amenity": "community_centre", "osm_id": 471355817, "origin": "OBSERVED"}, "geometry": {"type": "Point", "coordinates": [127.28408744761906, 36.615709095238095]}}, {"type": "Feature", "properties": {"name": "OSM feature", "amenity": "parking", "osm_id": 471475720, "origin": "OBSERVED"}, "geometry": {"type": "Point", "coordinates": [127.28877412, 36.614031880000006]}}, {"type": "Feature", "properties": {"name": "OSM feature", "amenity": "parking", "osm_id": 471475730, "origin": "OBSERVED"}, "geometry": {"type": "Point", "coordinates": [127.29818173999999, 36.61153122]}}, {"type": "Feature", "properties": {"name": "OSM feature", "amenity": "parking", "osm_id": 471475731, "origin": "OBSERVED"}, "geometry": {"type": "Point", "coordinates": [127.29827748571428, 36.610958928571435]}}, {"type": "Feature", "properties": {"name": "OSM feature", "amenity": "parking", "osm_id": 471482385, "origin": "OBSERVED"}, "geometry": {"type": "Point", "coordinates": [127.29149603333333, 36.60221833333333]}}, {"type": "Feature", "properties": {"name": "OSM feature", "amenity": "parking", "osm_id": 471482386, "origin": "OBSERVED"}, "geometry": {"type": "Point", "coordinates": [127.29055993, 36.602228960000005]}}, {"type": "Feature", "properties": {"name": "OSM feature", "amenity": "parking", "osm_id": 471482387, "origin": "OBSERVED"}, "geometry": {"type": "Point", "coordinates": [127.29105594444445, 36.6026259]}}, {"type": "Feature", "properties": {"name": "OSM feature", "amenity": "parking", "osm_id": 471693832, "origin": "OBSERVED"}, "geometry": {"type": "Point", "coordinates": [127.30414436000001, 36.60443236]}}, {"type": "Feature", "properties": {"name": "OSM feature", "amenity": "parking", "osm_id": 471693833, "origin": "OBSERVED"}, "geometry": {"type": "Point", "coordinates": [127.30529291666666, 36.60450435]}}, {"type": "Feature", "properties": {"name": "OSM feature", "amenity": "parking", "osm_id": 472314326, "origin": "OBSERVED"}, "geometry": {"type": "Point", "coordinates": [127.28468282000001, 36.616778239999995]}}, {"type": "Feature", "properties": {"name": "OSM feature", "amenity": "parking", "osm_id": 472314341, "origin": "OBSERVED"}, "geometry": {"type": "Point", "coordinates": [127.28593385714285, 36.61562935714286]}}, {"type": "Feature", "properties": {"name": "OSM feature", "amenity": "parking", "osm_id": 472314342, "origin": "OBSERVED"}, "geometry": {"type": "Point", "coordinates": [127.28649902, 36.615653599999995]}}, {"type": "Feature", "properties": {"name": "OSM feature", "amenity": "parking", "osm_id": 472554747, "origin": "OBSERVED"}, "geometry": {"type": "Point", "coordinates": [127.29879455000001, 36.6106963]}}, {"type": "Feature", "properties": {"name": "상봉교회", "amenity": "place_of_worship", "osm_id": 472643084, "origin": "OBSERVED"}, "geometry": {"type": "Point", "coordinates": [127.28859136000001, 36.638140199999995]}}, {"type": "Feature", "properties": {"name": "OSM feature", "amenity": "parking", "osm_id": 472925297, "origin": "OBSERVED"}, "geometry": {"type": "Point", "coordinates": [127.28592809999999, 36.621807483333335]}}, {"type": "Feature", "properties": {"name": "OSM feature", "amenity": "parking", "osm_id": 472925299, "origin": "OBSERVED"}, "geometry": {"type": "Point", "coordinates": [127.28607485, 36.621650669999994]}}, {"type": "Feature", "properties": {"name": "OSM feature", "amenity": "parking", "osm_id": 472925310, "origin": "OBSERVED"}, "geometry": {"type": "Point", "coordinates": [127.28730286, 36.62361016]}}, {"type": "Feature", "properties": {"name": "OSM feature", "amenity": "parking", "osm_id": 472925314, "origin": "OBSERVED"}, "geometry": {"type": "Point", "coordinates": [127.28727068, 36.62376418]}}, {"type": "Feature", "properties": {"name": "OSM feature", "amenity": "parking", "osm_id": 472925315, "origin": "OBSERVED"}, "geometry": {"type": "Point", "coordinates": [127.28745752, 36.623655480000004]}}, {"type": "Feature", "properties": {"name": "OSM feature", "amenity": "parking", "osm_id": 472925318, "origin": "OBSERVED"}, "geometry": {"type": "Point", "coordinates": [127.28716755999999, 36.62355578]}}, {"type": "Feature", "properties": {"name": "OSM feature", "amenity": "parking", "osm_id": 472925342, "origin": "OBSERVED"}, "geometry": {"type": "Point", "coordinates": [127.2901547857143, 36.620921700000004]}}, {"type": "Feature", "properties": {"name": "신안1리마을회관", "amenity": "townhall", "osm_id": 472925393, "origin": "OBSERVED"}, "geometry": {"type": "Point", "coordinates": [127.28680824, 36.6167867]}}, {"type": "Feature", "properties": {"name": "월하1리마을회관", "amenity": "townhall", "osm_id": 473699106, "origin": "OBSERVED"}, "geometry": {"type": "Point", "coordinates": [127.27439078, 36.593734080000004]}}, {"type": "Feature", "properties": {"name": "쭈꾸미 , 추어탕", "amenity": "restaurant", "osm_id": 473830076, "origin": "OBSERVED"}, "geometry": {"type": "Point", "coordinates": [127.29049761666666, 36.634783133333336]}}, {"type": "Feature", "properties": {"name": "OSM feature", "amenity": "parking", "osm_id": 473830077, "origin": "OBSERVED"}, "geometry": {"type": "Point", "coordinates": [127.29066454545455, 36.634520381818184]}}, {"type": "Feature", "properties": {"name": "OSM feature", "amenity": "place_of_worship", "osm_id": 473830096, "origin": "OBSERVED"}, "geometry": {"type": "Point", "coordinates": [127.29015340000001, 36.63217034]}}, {"type": "Feature", "properties": {"name": "한국교원대부설 미호중학교", "amenity": "school", "osm_id": 473913228, "origin": "OBSERVED"}, "geometry": {"type": "Point", "coordinates": [127.36682688421052, 36.623182773684206]}}, {"type": "Feature", "properties": {"name": "한국교원대부설 월곡초등학교", "amenity": "school", "osm_id": 473913229, "origin": "OBSERVED"}, "geometry": {"type": "Point", "coordinates": [127.3629890764706, 36.6228258117647]}}, {"type": "Feature", "properties": {"name": "충청대학교", "amenity": "university", "osm_id": 473913231, "origin": "OBSERVED"}, "geometry": {"type": "Point", "coordinates": [127.3681295618182, 36.61940834]}}, {"type": "Feature", "properties": {"name": "세종북부경찰서", "amenity": "police", "osm_id": 474100399, "origin": "OBSERVED"}, "geometry": {"type": "Point", "coordinates": [127.29489043333334, 36.58830435185185]}}, {"type": "Feature", "properties": {"name": "침산2리마을회관", "amenity": "townhall", "osm_id": 474190957, "origin": "OBSERVED"}, "geometry": {"type": "Point", "coordinates": [127.2920926, 36.60357704]}}, {"type": "Feature", "properties": {"name": "조치원읍 행정복지센터", "amenity": "townhall", "osm_id": 475087350, "origin": "OBSERVED"}, "geometry": {"type": "Point", "coordinates": [127.29846197692308, 36.60453913846154]}}, {"type": "Feature", "properties": {"name": "대전지방법원 세종특별자치시법원", "amenity": "courthouse", "osm_id": 475087352, "origin": "OBSERVED"}, "geometry": {"type": "Point", "coordinates": [127.2989833, 36.6044756]}}, {"type": "Feature", "properties": {"name": "OSM feature", "amenity": "parking_space", "osm_id": 475087353, "origin": "OBSERVED"}, "geometry": {"type": "Point", "coordinates": [127.29826718, 36.60421258]}}, {"type": "Feature", "properties": {"name": "OSM feature", "amenity": "parking_space", "osm_id": 475087354, "origin": "OBSERVED"}, "geometry": {"type": "Point", "coordinates": [127.29840088, 36.60423826]}}, {"type": "Feature", "properties": {"name": "OSM feature", "amenity": "parking_space", "osm_id": 475087355, "origin": "OBSERVED"}, "geometry": {"type": "Point", "coordinates": [127.29859303999999, 36.6043253]}}, {"type": "Feature", "properties": {"name": "OSM feature", "amenity": "parking_space", "osm_id": 475087356, "origin": "OBSERVED"}, "geometry": {"type": "Point", "coordinates": [127.2986817, 36.60420528]}}, {"type": "Feature", "properties": {"name": "정중1리 노인정", "amenity": "community_centre", "osm_id": 475264666, "origin": "OBSERVED"}, "geometry": {"type": "Point", "coordinates": [127.30028131666667, 36.62204581666666]}}, {"type": "Feature", "properties": {"name": "주차장", "amenity": "parking", "osm_id": 475406442, "origin": "OBSERVED"}, "geometry": {"type": "Point", "coordinates": [127.35250746666667, 36.660140122222224]}}, {"type": "Feature", "properties": {"name": "OSM feature", "amenity": "parking_space", "osm_id": 475406443, "origin": "OBSERVED"}, "geometry": {"type": "Point", "coordinates": [127.3510332, 36.66100401999999]}}, {"type": "Feature", "properties": {"name": "옥산중학교", "amenity": "school", "osm_id": 475408370, "origin": "OBSERVED"}, "geometry": {"type": "Point", "coordinates": [127.37057813125, 36.6707132875]}}, {"type": "Feature", "properties": {"name": "신안골분식", "amenity": "restaurant", "osm_id": 475652420, "origin": "OBSERVED"}, "geometry": {"type": "Point", "coordinates": [127.28824854, 36.61584606]}}, {"type": "Feature", "properties": {"name": "홍카페", "amenity": "cafe", "osm_id": 475652421, "origin": "OBSERVED"}, "geometry": {"type": "Point", "coordinates": [127.28976560000001, 36.61385428]}}, {"type": "Feature", "properties": {"name": "BBQ치킨", "amenity": "restaurant", "osm_id": 475652432, "origin": "OBSERVED"}, "geometry": {"type": "Point", "coordinates": [127.29118867142857, 36.61397025714286]}}, {"type": "Feature", "properties": {"name": "OSM feature", "amenity": "parking", "osm_id": 475819985, "origin": "OBSERVED"}, "geometry": {"type": "Point", "coordinates": [127.29849033999999, 36.593802159999996]}}, {"type": "Feature", "properties": {"name": "마포숯불갈비", "amenity": "restaurant", "osm_id": 475982841, "origin": "OBSERVED"}, "geometry": {"type": "Point", "coordinates": [127.38210372, 36.6671197]}}, {"type": "Feature", "properties": {"name": "세종경찰서 조치원지구대", "amenity": "police", "osm_id": 476263696, "origin": "OBSERVED"}, "geometry": {"type": "Point", "coordinates": [127.29801212, 36.60439358]}}, {"type": "Feature", "properties": {"name": "옥산초등학교", "amenity": "school", "osm_id": 478857720, "origin": "OBSERVED"}, "geometry": {"type": "Point", "coordinates": [127.37285373529411, 36.66414977647059]}}, {"type": "Feature", "properties": {"name": "옥산면행정복지센터", "amenity": "townhall", "osm_id": 478857734, "origin": "OBSERVED"}, "geometry": {"type": "Point", "coordinates": [127.37563839230769, 36.66466966923077]}}, {"type": "Feature", "properties": {"name": "옥산보건지소", "amenity": "clinic", "osm_id": 478857736, "origin": "OBSERVED"}, "geometry": {"type": "Point", "coordinates": [127.37615941818181, 36.66485420909091]}}, {"type": "Feature", "properties": {"name": "충청대학", "amenity": "bus_station", "osm_id": 491717980, "origin": "OBSERVED"}, "geometry": {"type": "Point", "coordinates": [127.3691964, 36.62097138]}}, {"type": "Feature", "properties": {"name": "OSM feature", "amenity": "place_of_worship", "osm_id": 545486562, "origin": "OBSERVED"}, "geometry": {"type": "Point", "coordinates": [127.30102474, 36.5945947]}}, {"type": "Feature", "properties": {"name": "OSM feature", "amenity": "parking", "osm_id": 545486578, "origin": "OBSERVED"}, "geometry": {"type": "Point", "coordinates": [127.30137198, 36.59449778]}}, {"type": "Feature", "properties": {"name": "OSM feature", "amenity": "parking", "osm_id": 545487739, "origin": "OBSERVED"}, "geometry": {"type": "Point", "coordinates": [127.29881172222223, 36.6110715]}}, {"type": "Feature", "properties": {"name": "OSM feature", "amenity": "place_of_worship", "osm_id": 545771790, "origin": "OBSERVED"}, "geometry": {"type": "Point", "coordinates": [127.2887984857143, 36.6437809]}}, {"type": "Feature", "properties": {"name": "OSM feature", "amenity": "place_of_worship", "osm_id": 545771791, "origin": "OBSERVED"}, "geometry": {"type": "Point", "coordinates": [127.28901212000001, 36.64383602]}}, {"type": "Feature", "properties": {"name": "OSM feature", "amenity": "place_of_worship", "osm_id": 545771792, "origin": "OBSERVED"}, "geometry": {"type": "Point", "coordinates": [127.28888722000002, 36.6440674]}}, {"type": "Feature", "properties": {"name": "OSM feature", "amenity": "school", "osm_id": 545771794, "origin": "OBSERVED"}, "geometry": {"type": "Point", "coordinates": [127.28673627142858, 36.63879852380952]}}, {"type": "Feature", "properties": {"name": "서촌초등학교", "amenity": "school", "osm_id": 656429119, "origin": "OBSERVED"}, "geometry": {"type": "Point", "coordinates": [127.39940659677418, 36.650342890322584]}}, {"type": "Feature", "properties": {"name": "OSM feature", "amenity": "parking", "osm_id": 656429122, "origin": "OBSERVED"}, "geometry": {"type": "Point", "coordinates": [127.39929098, 36.65080174]}}, {"type": "Feature", "properties": {"name": "OSM feature", "amenity": "parking", "osm_id": 656429123, "origin": "OBSERVED"}, "geometry": {"type": "Point", "coordinates": [127.3992254, 36.65092498]}}, {"type": "Feature", "properties": {"name": "OSM feature", "amenity": "parking", "osm_id": 656434825, "origin": "OBSERVED"}, "geometry": {"type": "Point", "coordinates": [127.39742559999999, 36.64757042]}}, {"type": "Feature", "properties": {"name": "OSM feature", "amenity": "parking", "osm_id": 656434854, "origin": "OBSERVED"}, "geometry": {"type": "Point", "coordinates": [127.39859744, 36.64621376]}}, {"type": "Feature", "properties": {"name": "OSM feature", "amenity": "parking", "osm_id": 656434855, "origin": "OBSERVED"}, "geometry": {"type": "Point", "coordinates": [127.39876497999998, 36.646378219999995]}}, {"type": "Feature", "properties": {"name": "OSM feature", "amenity": "parking", "osm_id": 656434857, "origin": "OBSERVED"}, "geometry": {"type": "Point", "coordinates": [127.39882992, 36.6462712]}}, {"type": "Feature", "properties": {"name": "OSM feature", "amenity": "parking", "osm_id": 656434859, "origin": "OBSERVED"}, "geometry": {"type": "Point", "coordinates": [127.39896447999999, 36.64619128]}}, {"type": "Feature", "properties": {"name": "OSM feature", "amenity": "parking", "osm_id": 656434863, "origin": "OBSERVED"}, "geometry": {"type": "Point", "coordinates": [127.39801392307693, 36.64610936923077]}}, {"type": "Feature", "properties": {"name": "남리 주차장", "amenity": "parking", "osm_id": 662069026, "origin": "OBSERVED"}, "geometry": {"type": "Point", "coordinates": [127.29951324545455, 36.59496700909091]}}, {"type": "Feature", "properties": {"name": "세종특별자치시 평생교육연구원", "amenity": "library", "osm_id": 662070367, "origin": "OBSERVED"}, "geometry": {"type": "Point", "coordinates": [127.28784663333333, 36.600396700000005]}}, {"type": "Feature", "properties": {"name": "세종문화예술회관", "amenity": "theatre", "osm_id": 662070368, "origin": "OBSERVED"}, "geometry": {"type": "Point", "coordinates": [127.28735140952382, 36.59968755714286]}}, {"type": "Feature", "properties": {"name": "OSM feature", "amenity": "parking", "osm_id": 662070554, "origin": "OBSERVED"}, "geometry": {"type": "Point", "coordinates": [127.28774471666667, 36.599390383333336]}}, {"type": "Feature", "properties": {"name": "조치원역 자전거보관소", "amenity": "bicycle_parking", "osm_id": 678851722, "origin": "OBSERVED"}, "geometry": {"type": "Point", "coordinates": [127.29627497142857, 36.601532385714286]}}, {"type": "Feature", "properties": {"name": "조치원주차타워", "amenity": "parking", "osm_id": 697163620, "origin": "OBSERVED"}, "geometry": {"type": "Point", "coordinates": [127.29781294285715, 36.60059051428571]}}, {"type": "Feature", "properties": {"name": "OSM feature", "amenity": "parking", "osm_id": 697163623, "origin": "OBSERVED"}, "geometry": {"type": "Point", "coordinates": [127.30259156, 36.60148289999999]}}, {"type": "Feature", "properties": {"name": "메가박스 세종", "amenity": "cinema", "osm_id": 697163979, "origin": "OBSERVED"}, "geometry": {"type": "Point", "coordinates": [127.29810895714286, 36.602823914285715]}}, {"type": "Feature", "properties": {"name": "OSM feature", "amenity": "parking", "osm_id": 763409991, "origin": "OBSERVED"}, "geometry": {"type": "Point", "coordinates": [127.32676406666667, 36.61907696666667]}}, {"type": "Feature", "properties": {"name": "국립리버파크자이어린이집", "amenity": "school", "osm_id": 775144886, "origin": "OBSERVED"}, "geometry": {"type": "Point", "coordinates": [127.39110608333333, 36.67484281666667]}}, {"type": "Feature", "properties": {"name": "OSM feature", "amenity": "parking", "osm_id": 775164259, "origin": "OBSERVED"}, "geometry": {"type": "Point", "coordinates": [127.38899388333334, 36.67771076666667]}}, {"type": "Feature", "properties": {"name": "OSM feature", "amenity": "parking", "osm_id": 775570982, "origin": "OBSERVED"}, "geometry": {"type": "Point", "coordinates": [127.38997434000001, 36.6735703]}}, {"type": "Feature", "properties": {"name": "청주소로초등학교", "amenity": "school", "osm_id": 775597199, "origin": "OBSERVED"}, "geometry": {"type": "Point", "coordinates": [127.39038707777779, 36.672407122222225]}}, {"type": "Feature", "properties": {"name": "OSM feature", "amenity": "parking", "osm_id": 775599207, "origin": "OBSERVED"}, "geometry": {"type": "Point", "coordinates": [127.39111261428572, 36.67269768571429]}}, {"type": "Feature", "properties": {"name": "문화자동차운전전문학원", "amenity": "driving_school", "osm_id": 777233915, "origin": "OBSERVED"}, "geometry": {"type": "Point", "coordinates": [127.29511885384615, 36.61105455384615]}}, {"type": "Feature", "properties": {"name": "서창1리마을회관", "amenity": "townhall", "osm_id": 777239157, "origin": "OBSERVED"}, "geometry": {"type": "Point", "coordinates": [127.29720858, 36.61266862]}}, {"type": "Feature", "properties": {"name": "OSM feature", "amenity": "parking", "osm_id": 777281340, "origin": "OBSERVED"}, "geometry": {"type": "Point", "coordinates": [127.29491096666668, 36.59594868333334]}}, {"type": "Feature", "properties": {"name": "OSM feature", "amenity": "parking", "osm_id": 777281341, "origin": "OBSERVED"}, "geometry": {"type": "Point", "coordinates": [127.2944974, 36.5958214]}}, {"type": "Feature", "properties": {"name": "세상의빛교회", "amenity": "place_of_worship", "osm_id": 777281349, "origin": "OBSERVED"}, "geometry": {"type": "Point", "coordinates": [127.2953768090909, 36.59595567272727]}}, {"type": "Feature", "properties": {"name": "세종시노인복지관", "amenity": "social_facility", "osm_id": 777284520, "origin": "OBSERVED"}, "geometry": {"type": "Point", "coordinates": [127.30340472, 36.60070634]}}, {"type": "Feature", "properties": {"name": "조치원공영버스터미널", "amenity": "bus_station", "osm_id": 777284522, "origin": "OBSERVED"}, "geometry": {"type": "Point", "coordinates": [127.3026244875, 36.601907175]}}, {"type": "Feature", "properties": {"name": "NH농협은행", "amenity": "bank", "osm_id": 777284524, "origin": "OBSERVED"}, "geometry": {"type": "Point", "coordinates": [127.29833024285713, 36.601595700000004]}}, {"type": "Feature", "properties": {"name": "원리119지역대", "amenity": "fire_station", "osm_id": 777284530, "origin": "OBSERVED"}, "geometry": {"type": "Point", "coordinates": [127.29650636000001, 36.60204676]}}, {"type": "Feature", "properties": {"name": "OSM feature", "amenity": "parking", "osm_id": 777287819, "origin": "OBSERVED"}, "geometry": {"type": "Point", "coordinates": [127.29091153333333, 36.60488375]}}, {"type": "Feature", "properties": {"name": "OSM feature", "amenity": "parking", "osm_id": 777287820, "origin": "OBSERVED"}, "geometry": {"type": "Point", "coordinates": [127.29133058333333, 36.6049332]}}, {"type": "Feature", "properties": {"name": "OSM feature", "amenity": "parking", "osm_id": 777287823, "origin": "OBSERVED"}, "geometry": {"type": "Point", "coordinates": [127.29023052, 36.60481744]}}, {"type": "Feature", "properties": {"name": "OSM feature", "amenity": "parking", "osm_id": 777297300, "origin": "OBSERVED"}, "geometry": {"type": "Point", "coordinates": [127.28800161111111, 36.598565888888885]}}, {"type": "Feature", "properties": {"name": "OSM feature", "amenity": "place_of_worship", "osm_id": 777297324, "origin": "OBSERVED"}, "geometry": {"type": "Point", "coordinates": [127.29316664000001, 36.5984969]}}, {"type": "Feature", "properties": {"name": "OSM feature", "amenity": "place_of_worship", "osm_id": 777297325, "origin": "OBSERVED"}, "geometry": {"type": "Point", "coordinates": [127.2929165, 36.59861422]}}, {"type": "Feature", "properties": {"name": "침산1리마을회관", "amenity": "townhall", "osm_id": 777297328, "origin": "OBSERVED"}, "geometry": {"type": "Point", "coordinates": [127.29381573999999, 36.60007306]}}, {"type": "Feature", "properties": {"name": "OSM feature", "amenity": "parking", "osm_id": 777459732, "origin": "OBSERVED"}, "geometry": {"type": "Point", "coordinates": [127.29319628, 36.6040357]}}, {"type": "Feature", "properties": {"name": "침산리17주차장", "amenity": "parking", "osm_id": 777459745, "origin": "OBSERVED"}, "geometry": {"type": "Point", "coordinates": [127.288321475, 36.601923975000005]}}, {"type": "Feature", "properties": {"name": "OSM feature", "amenity": "parking", "osm_id": 777466737, "origin": "OBSERVED"}, "geometry": {"type": "Point", "coordinates": [127.28941551666666, 36.599618666666665]}}, {"type": "Feature", "properties": {"name": "조치원어린이도서관", "amenity": "library", "osm_id": 777466756, "origin": "OBSERVED"}, "geometry": {"type": "Point", "coordinates": [127.29414362857143, 36.59738954285714]}}, {"type": "Feature", "properties": {"name": "세종천애안요양원", "amenity": "social_facility", "osm_id": 777466767, "origin": "OBSERVED"}, "geometry": {"type": "Point", "coordinates": [127.29522802, 36.59748528]}}, {"type": "Feature", "properties": {"name": "조치원제일감리교회", "amenity": "place_of_worship", "osm_id": 777466769, "origin": "OBSERVED"}, "geometry": {"type": "Point", "coordinates": [127.29486353333334, 36.59848005]}}, {"type": "Feature", "properties": {"name": "조치원중학교", "amenity": "school", "osm_id": 777470387, "origin": "OBSERVED"}, "geometry": {"type": "Point", "coordinates": [127.28626345714285, 36.59553337142857]}}, {"type": "Feature", "properties": {"name": "OSM feature", "amenity": "parking", "osm_id": 777470394, "origin": "OBSERVED"}, "geometry": {"type": "Point", "coordinates": [127.28361768571429, 36.593617685714285]}}, {"type": "Feature", "properties": {"name": "OSM feature", "amenity": "parking", "osm_id": 777470400, "origin": "OBSERVED"}, "geometry": {"type": "Point", "coordinates": [127.28413135, 36.59370508333333]}}, {"type": "Feature", "properties": {"name": "조치원성결교회", "amenity": "place_of_worship", "osm_id": 777470409, "origin": "OBSERVED"}, "geometry": {"type": "Point", "coordinates": [127.29312108888888, 36.607132622222224]}}, {"type": "Feature", "properties": {"name": "OSM feature", "amenity": "parking", "osm_id": 777470410, "origin": "OBSERVED"}, "geometry": {"type": "Point", "coordinates": [127.29363800000002, 36.606869059999994]}}, {"type": "Feature", "properties": {"name": "세종방송", "amenity": "studio", "osm_id": 777470417, "origin": "OBSERVED"}, "geometry": {"type": "Point", "coordinates": [127.28964165000001, 36.6061354625]}}, {"type": "Feature", "properties": {"name": "세종전통시장", "amenity": "marketplace", "osm_id": 777474570, "origin": "OBSERVED"}, "geometry": {"type": "Point", "coordinates": [127.29991032608696, 36.6009837]}}, {"type": "Feature", "properties": {"name": "OSM feature", "amenity": "parking", "osm_id": 777474571, "origin": "OBSERVED"}, "geometry": {"type": "Point", "coordinates": [127.29271051999999, 36.60510498]}}, {"type": "Feature", "properties": {"name": "OSM feature", "amenity": "parking", "osm_id": 777474572, "origin": "OBSERVED"}, "geometry": {"type": "Point", "coordinates": [127.29290566, 36.6052941]}}, {"type": "Feature", "properties": {"name": "서창2리마을회관", "amenity": "townhall", "osm_id": 777731449, "origin": "OBSERVED"}, "geometry": {"type": "Point", "coordinates": [127.29115454000001, 36.60560674]}}, {"type": "Feature", "properties": {"name": "OSM feature", "amenity": "parking", "osm_id": 777731466, "origin": "OBSERVED"}, "geometry": {"type": "Point", "coordinates": [127.29346154, 36.60709526]}}, {"type": "Feature", "properties": {"name": "OSM feature", "amenity": "parking", "osm_id": 777731473, "origin": "OBSERVED"}, "geometry": {"type": "Point", "coordinates": [127.2929464, 36.6079985]}}, {"type": "Feature", "properties": {"name": "OSM feature", "amenity": "parking", "osm_id": 777731483, "origin": "OBSERVED"}, "geometry": {"type": "Point", "coordinates": [127.29381434, 36.60847364]}}, {"type": "Feature", "properties": {"name": "OSM feature", "amenity": "parking", "osm_id": 777731495, "origin": "OBSERVED"}, "geometry": {"type": "Point", "coordinates": [127.29285908, 36.606728939999996]}}, {"type": "Feature", "properties": {"name": "조치원중앙교회", "amenity": "place_of_worship", "osm_id": 777739752, "origin": "OBSERVED"}, "geometry": {"type": "Point", "coordinates": [127.284087, 36.605314085714284]}}, {"type": "Feature", "properties": {"name": "OSM feature", "amenity": "parking", "osm_id": 777739759, "origin": "OBSERVED"}, "geometry": {"type": "Point", "coordinates": [127.2825969, 36.60241145]}}, {"type": "Feature", "properties": {"name": "1972 송은정 보리밥 본점", "amenity": "restaurant", "osm_id": 778314553, "origin": "OBSERVED"}, "geometry": {"type": "Point", "coordinates": [127.28918712, 36.60399804]}}, {"type": "Feature", "properties": {"name": "OSM feature", "amenity": "parking", "osm_id": 778314557, "origin": "OBSERVED"}, "geometry": {"type": "Point", "coordinates": [127.29041500000001, 36.603739159999996]}}, {"type": "Feature", "properties": {"name": "엔제리너스", "amenity": "cafe", "osm_id": 778314587, "origin": "OBSERVED"}, "geometry": {"type": "Point", "coordinates": [127.29240961666666, 36.60374223333333]}}, {"type": "Feature", "properties": {"name": "세종교회", "amenity": "place_of_worship", "osm_id": 778324406, "origin": "OBSERVED"}, "geometry": {"type": "Point", "coordinates": [127.29824056, 36.601955700000005]}}, {"type": "Feature", "properties": {"name": "세종우리신협 본점", "amenity": "bank", "osm_id": 778324438, "origin": "OBSERVED"}, "geometry": {"type": "Point", "coordinates": [127.29796508, 36.59986144]}}, {"type": "Feature", "properties": {"name": "세종전통시장 제2공영주차장", "amenity": "parking", "osm_id": 778324439, "origin": "OBSERVED"}, "geometry": {"type": "Point", "coordinates": [127.29943724, 36.59978418]}}, {"type": "Feature", "properties": {"name": "만수초등학교", "amenity": "school", "osm_id": 778763446, "origin": "OBSERVED"}, "geometry": {"type": "Point", "coordinates": [127.32910423999999, 36.62712666]}}, {"type": "Feature", "properties": {"name": "이룬요양원", "amenity": "social_facility", "osm_id": 779099178, "origin": "OBSERVED"}, "geometry": {"type": "Point", "coordinates": [127.28871985714285, 36.601513828571434]}}, {"type": "Feature", "properties": {"name": "행복동산교회", "amenity": "place_of_worship", "osm_id": 781577319, "origin": "OBSERVED"}, "geometry": {"type": "Point", "coordinates": [127.2936396, 36.60392948]}}, {"type": "Feature", "properties": {"name": "OSM feature", "amenity": "parking", "osm_id": 781577325, "origin": "OBSERVED"}, "geometry": {"type": "Point", "coordinates": [127.29362217142857, 36.604128]}}, {"type": "Feature", "properties": {"name": "조치원대동초등학교", "amenity": "school", "osm_id": 787170974, "origin": "OBSERVED"}, "geometry": {"type": "Point", "coordinates": [127.29357485833333, 36.59631125]}}, {"type": "Feature", "properties": {"name": "OSM feature", "amenity": "school", "osm_id": 787170975, "origin": "OBSERVED"}, "geometry": {"type": "Point", "coordinates": [127.28786728571428, 36.60344500952381]}}, {"type": "Feature", "properties": {"name": "세종여자고등학교", "amenity": "school", "osm_id": 787170978, "origin": "OBSERVED"}, "geometry": {"type": "Point", "coordinates": [127.287298903125, 36.607125953125]}}, {"type": "Feature", "properties": {"name": "세종고등학교", "amenity": "school", "osm_id": 787170981, "origin": "OBSERVED"}, "geometry": {"type": "Point", "coordinates": [127.29944904999999, 36.61075344444444]}}, {"type": "Feature", "properties": {"name": "조치원교동초등학교", "amenity": "school", "osm_id": 787170983, "origin": "OBSERVED"}, "geometry": {"type": "Point", "coordinates": [127.29818941612903, 36.605425232258064]}}, {"type": "Feature", "properties": {"name": "세종중학교", "amenity": "school", "osm_id": 787170984, "origin": "OBSERVED"}, "geometry": {"type": "Point", "coordinates": [127.29786343333333, 36.6065068]}}, {"type": "Feature", "properties": {"name": "GS칼텍스 명품주유소", "amenity": "fuel", "osm_id": 788884511, "origin": "OBSERVED"}, "geometry": {"type": "Point", "coordinates": [127.29291886000001, 36.58465264]}}, {"type": "Feature", "properties": {"name": "송곡1리 마을회관", "amenity": "townhall", "osm_id": 792602724, "origin": "OBSERVED"}, "geometry": {"type": "Point", "coordinates": [127.27192194, 36.627776340000004]}}, {"type": "Feature", "properties": {"name": "OSM feature", "amenity": "parking", "osm_id": 794431739, "origin": "OBSERVED"}, "geometry": {"type": "Point", "coordinates": [127.29720261428572, 36.59135878571429]}}, {"type": "Feature", "properties": {"name": "OSM feature", "amenity": "parking", "osm_id": 794431741, "origin": "OBSERVED"}, "geometry": {"type": "Point", "coordinates": [127.29545058333333, 36.5914535]}}, {"type": "Feature", "properties": {"name": "심중2리마을회관", "amenity": "townhall", "osm_id": 795278926, "origin": "OBSERVED"}, "geometry": {"type": "Point", "coordinates": [127.28112616000001, 36.659695299999996]}}, {"type": "Feature", "properties": {"name": "세종셀프세차타운", "amenity": "car_wash", "osm_id": 795307893, "origin": "OBSERVED"}, "geometry": {"type": "Point", "coordinates": [127.29503751428571, 36.58403168571429]}}, {"type": "Feature", "properties": {"name": "홍익대학교 세종캠퍼스", "amenity": "university", "osm_id": 795312568, "origin": "OBSERVED"}, "geometry": {"type": "Point", "coordinates": [127.2873825111111, 36.621041185185184]}}, {"type": "Feature", "properties": {"name": "OSM feature", "amenity": "parking", "osm_id": 795320215, "origin": "OBSERVED"}, "geometry": {"type": "Point", "coordinates": [127.29980812857143, 36.6705023]}}, {"type": "Feature", "properties": {"name": "OSM feature", "amenity": "parking", "osm_id": 795320216, "origin": "OBSERVED"}, "geometry": {"type": "Point", "coordinates": [127.30024824, 36.67060468]}}, {"type": "Feature", "properties": {"name": "OSM feature", "amenity": "parking", "osm_id": 795320217, "origin": "OBSERVED"}, "geometry": {"type": "Point", "coordinates": [127.30047164, 36.67021454]}}, {"type": "Feature", "properties": {"name": "OSM feature", "amenity": "parking", "osm_id": 798279027, "origin": "OBSERVED"}, "geometry": {"type": "Point", "coordinates": [127.28517353333332, 36.59321956666667]}}, {"type": "Feature", "properties": {"name": "OSM feature", "amenity": "parking", "osm_id": 798279028, "origin": "OBSERVED"}, "geometry": {"type": "Point", "coordinates": [127.28647496666667, 36.593568966666666]}}, {"type": "Feature", "properties": {"name": "OSM feature", "amenity": "parking", "osm_id": 798279029, "origin": "OBSERVED"}, "geometry": {"type": "Point", "coordinates": [127.28669834285714, 36.59350611428572]}}, {"type": "Feature", "properties": {"name": "죽림어린이집", "amenity": "kindergarten", "osm_id": 798279054, "origin": "OBSERVED"}, "geometry": {"type": "Point", "coordinates": [127.29299545454546, 36.59022996363637]}}, {"type": "Feature", "properties": {"name": "신흥2리마을회관", "amenity": "townhall", "osm_id": 798449512, "origin": "OBSERVED"}, "geometry": {"type": "Point", "coordinates": [127.28719968571428, 36.59372378571429]}}, {"type": "Feature", "properties": {"name": "OSM feature", "amenity": "parking", "osm_id": 798463319, "origin": "OBSERVED"}, "geometry": {"type": "Point", "coordinates": [127.29499471666666, 36.58777013333333]}}, {"type": "Feature", "properties": {"name": "세종북부경찰서 민원봉사실", "amenity": "police", "osm_id": 798463320, "origin": "OBSERVED"}, "geometry": {"type": "Point", "coordinates": [127.29540065384616, 36.58783073076923]}}, {"type": "Feature", "properties": {"name": "OSM feature", "amenity": "parking", "osm_id": 798463321, "origin": "OBSERVED"}, "geometry": {"type": "Point", "coordinates": [127.29452705714286, 36.58807757142857]}}, {"type": "Feature", "properties": {"name": "OSM feature", "amenity": "parking", "osm_id": 800456638, "origin": "OBSERVED"}, "geometry": {"type": "Point", "coordinates": [127.28386678, 36.60671826]}}, {"type": "Feature", "properties": {"name": "OSM feature", "amenity": "parking", "osm_id": 800456647, "origin": "OBSERVED"}, "geometry": {"type": "Point", "coordinates": [127.28516243333333, 36.607777066666664]}}, {"type": "Feature", "properties": {"name": "OSM feature", "amenity": "parking", "osm_id": 800456648, "origin": "OBSERVED"}, "geometry": {"type": "Point", "coordinates": [127.28521148, 36.607690559999995]}}, {"type": "Feature", "properties": {"name": "OSM feature", "amenity": "parking", "osm_id": 800456649, "origin": "OBSERVED"}, "geometry": {"type": "Point", "coordinates": [127.28523089999999, 36.60751884]}}, {"type": "Feature", "properties": {"name": "OSM feature", "amenity": "parking", "osm_id": 800456650, "origin": "OBSERVED"}, "geometry": {"type": "Point", "coordinates": [127.2852031, 36.60744103333334]}}, {"type": "Feature", "properties": {"name": "OSM feature", "amenity": "parking", "osm_id": 800456664, "origin": "OBSERVED"}, "geometry": {"type": "Point", "coordinates": [127.28798157000001, 36.60739797]}}, {"type": "Feature", "properties": {"name": "OSM feature", "amenity": "parking", "osm_id": 800456665, "origin": "OBSERVED"}, "geometry": {"type": "Point", "coordinates": [127.2880475, 36.6076875375]}}, {"type": "Feature", "properties": {"name": "OSM feature", "amenity": "parking", "osm_id": 801956149, "origin": "OBSERVED"}, "geometry": {"type": "Point", "coordinates": [127.2976687625, 36.611398775]}}, {"type": "Feature", "properties": {"name": "남리마을회관", "amenity": "townhall", "osm_id": 801956168, "origin": "OBSERVED"}, "geometry": {"type": "Point", "coordinates": [127.30180822857143, 36.59840561428571]}}, {"type": "Feature", "properties": {"name": "미동어린이집", "amenity": "kindergarten", "osm_id": 801956170, "origin": "OBSERVED"}, "geometry": {"type": "Point", "coordinates": [127.29030395625, 36.58265373125]}}, {"type": "Feature", "properties": {"name": "OSM feature", "amenity": "parking", "osm_id": 806460935, "origin": "OBSERVED"}, "geometry": {"type": "Point", "coordinates": [127.29638578571429, 36.60068811428572]}}, {"type": "Feature", "properties": {"name": "OSM feature", "amenity": "parking", "osm_id": 806460937, "origin": "OBSERVED"}, "geometry": {"type": "Point", "coordinates": [127.28894062500001, 36.59189533333333]}}, {"type": "Feature", "properties": {"name": "OSM feature", "amenity": "parking", "osm_id": 806460939, "origin": "OBSERVED"}, "geometry": {"type": "Point", "coordinates": [127.28879305000001, 36.59243203]}}, {"type": "Feature", "properties": {"name": "OSM feature", "amenity": "parking", "osm_id": 816721466, "origin": "OBSERVED"}, "geometry": {"type": "Point", "coordinates": [127.29398885999998, 36.58839587]}}, {"type": "Feature", "properties": {"name": "세종도원성당", "amenity": "place_of_worship", "osm_id": 823487049, "origin": "OBSERVED"}, "geometry": {"type": "Point", "coordinates": [127.28842290000001, 36.58706702222222]}}, {"type": "Feature", "properties": {"name": "방탄사", "amenity": "place_of_worship", "osm_id": 827034324, "origin": "OBSERVED"}, "geometry": {"type": "Point", "coordinates": [127.28389358, 36.59294894]}}, {"type": "Feature", "properties": {"name": "물안개광장공원", "amenity": "fountain", "osm_id": 827034329, "origin": "OBSERVED"}, "geometry": {"type": "Point", "coordinates": [127.28576602000001, 36.593502]}}, {"type": "Feature", "properties": {"name": "OSM feature", "amenity": "parking", "osm_id": 827034343, "origin": "OBSERVED"}, "geometry": {"type": "Point", "coordinates": [127.28786405999999, 36.59268142]}}, {"type": "Feature", "properties": {"name": "OSM feature", "amenity": "parking", "osm_id": 837592269, "origin": "OBSERVED"}, "geometry": {"type": "Point", "coordinates": [127.2944706, 36.61058868]}}, {"type": "Feature", "properties": {"name": "주차장4", "amenity": "parking", "osm_id": 837592278, "origin": "OBSERVED"}, "geometry": {"type": "Point", "coordinates": [127.28824415384616, 36.60931351538461]}}, {"type": "Feature", "properties": {"name": "OSM feature", "amenity": "parking", "osm_id": 837592291, "origin": "OBSERVED"}, "geometry": {"type": "Point", "coordinates": [127.28676622352941, 36.59266151764706]}}, {"type": "Feature", "properties": {"name": "OSM feature", "amenity": "parking", "osm_id": 840241371, "origin": "OBSERVED"}, "geometry": {"type": "Point", "coordinates": [127.28675538, 36.62175282]}}, {"type": "Feature", "properties": {"name": "OSM feature", "amenity": "parking", "osm_id": 840241372, "origin": "OBSERVED"}, "geometry": {"type": "Point", "coordinates": [127.28744939999999, 36.62079932]}}, {"type": "Feature", "properties": {"name": "OSM feature", "amenity": "parking", "osm_id": 840241373, "origin": "OBSERVED"}, "geometry": {"type": "Point", "coordinates": [127.28769938, 36.6206766]}}, {"type": "Feature", "properties": {"name": "OSM feature", "amenity": "parking", "osm_id": 840241374, "origin": "OBSERVED"}, "geometry": {"type": "Point", "coordinates": [127.28781388, 36.620560139999995]}}, {"type": "Feature", "properties": {"name": "OSM feature", "amenity": "parking", "osm_id": 840241375, "origin": "OBSERVED"}, "geometry": {"type": "Point", "coordinates": [127.2879287, 36.620446900000005]}}, {"type": "Feature", "properties": {"name": "OSM feature", "amenity": "parking", "osm_id": 840241376, "origin": "OBSERVED"}, "geometry": {"type": "Point", "coordinates": [127.28798904, 36.62036014]}}, {"type": "Feature", "properties": {"name": "OSM feature", "amenity": "parking", "osm_id": 840241377, "origin": "OBSERVED"}, "geometry": {"type": "Point", "coordinates": [127.28799944999999, 36.62015626666666]}}, {"type": "Feature", "properties": {"name": "OSM feature", "amenity": "parking", "osm_id": 840241378, "origin": "OBSERVED"}, "geometry": {"type": "Point", "coordinates": [127.28827980000001, 36.61999072]}}, {"type": "Feature", "properties": {"name": "OSM feature", "amenity": "parking", "osm_id": 840241379, "origin": "OBSERVED"}, "geometry": {"type": "Point", "coordinates": [127.28839648, 36.61936168]}}, {"type": "Feature", "properties": {"name": "OSM feature", "amenity": "parking", "osm_id": 840241380, "origin": "OBSERVED"}, "geometry": {"type": "Point", "coordinates": [127.28840586000001, 36.6192562]}}, {"type": "Feature", "properties": {"name": "OSM feature", "amenity": "parking", "osm_id": 840241384, "origin": "OBSERVED"}, "geometry": {"type": "Point", "coordinates": [127.28614236000001, 36.62358792]}}, {"type": "Feature", "properties": {"name": "OSM feature", "amenity": "parking", "osm_id": 840241385, "origin": "OBSERVED"}, "geometry": {"type": "Point", "coordinates": [127.28618238333333, 36.623051466666666]}}, {"type": "Feature", "properties": {"name": "거송식당", "amenity": "restaurant", "osm_id": 840241389, "origin": "OBSERVED"}, "geometry": {"type": "Point", "coordinates": [127.29247344000001, 36.61271556]}}, {"type": "Feature", "properties": {"name": "OSM feature", "amenity": "community_centre", "osm_id": 841920594, "origin": "OBSERVED"}, "geometry": {"type": "Point", "coordinates": [127.2856534, 36.59398994]}}, {"type": "Feature", "properties": {"name": "투썸플레이스", "amenity": "cafe", "osm_id": 841920599, "origin": "OBSERVED"}, "geometry": {"type": "Point", "coordinates": [127.28775188, 36.5921565]}}, {"type": "Feature", "properties": {"name": "OSM feature", "amenity": "parking", "osm_id": 841920604, "origin": "OBSERVED"}, "geometry": {"type": "Point", "coordinates": [127.2874335, 36.592887033333334]}}, {"type": "Feature", "properties": {"name": "OSM feature", "amenity": "parking", "osm_id": 841920605, "origin": "OBSERVED"}, "geometry": {"type": "Point", "coordinates": [127.28767468571428, 36.5930669]}}, {"type": "Feature", "properties": {"name": "OSM feature", "amenity": "parking", "osm_id": 842153064, "origin": "OBSERVED"}, "geometry": {"type": "Point", "coordinates": [127.28628776999999, 36.604519870000004]}}, {"type": "Feature", "properties": {"name": "노인회관", "amenity": "social_facility", "osm_id": 842163970, "origin": "OBSERVED"}, "geometry": {"type": "Point", "coordinates": [127.2935463888889, 36.601950055555555]}}, {"type": "Feature", "properties": {"name": "상1리마을회관", "amenity": "townhall", "osm_id": 843061397, "origin": "OBSERVED"}, "geometry": {"type": "Point", "coordinates": [127.30369433333334, 36.603143244444446]}}, {"type": "Feature", "properties": {"name": "상1리경로당", "amenity": "social_facility", "osm_id": 843061398, "origin": "OBSERVED"}, "geometry": {"type": "Point", "coordinates": [127.30387585, 36.60315726666666]}}, {"type": "Feature", "properties": {"name": "OSM feature", "amenity": "parking", "osm_id": 843061423, "origin": "OBSERVED"}, "geometry": {"type": "Point", "coordinates": [127.29891988888888, 36.606519677777776]}}, {"type": "Feature", "properties": {"name": "세종시립요양원", "amenity": "social_facility", "osm_id": 843061425, "origin": "OBSERVED"}, "geometry": {"type": "Point", "coordinates": [127.2999275, 36.6072663]}}, {"type": "Feature", "properties": {"name": "OSM feature", "amenity": "parking", "osm_id": 843163415, "origin": "OBSERVED"}, "geometry": {"type": "Point", "coordinates": [127.28941032857142, 36.588779957142854]}}, {"type": "Feature", "properties": {"name": "OSM feature", "amenity": "parking", "osm_id": 843163418, "origin": "OBSERVED"}, "geometry": {"type": "Point", "coordinates": [127.29078355714286, 36.58891271428571]}}, {"type": "Feature", "properties": {"name": "OSM feature", "amenity": "parking", "osm_id": 843530896, "origin": "OBSERVED"}, "geometry": {"type": "Point", "coordinates": [127.29789399999999, 36.6051097]}}, {"type": "Feature", "properties": {"name": "중앙요양병원", "amenity": "hospital", "osm_id": 843530897, "origin": "OBSERVED"}, "geometry": {"type": "Point", "coordinates": [127.28826315, 36.613474625]}}, {"type": "Feature", "properties": {"name": "홍익대학교 국제연수원", "amenity": "school", "osm_id": 843530899, "origin": "OBSERVED"}, "geometry": {"type": "Point", "coordinates": [127.28439677428572, 36.62804596285714]}}, {"type": "Feature", "properties": {"name": "OSM feature", "amenity": "parking", "osm_id": 844275612, "origin": "OBSERVED"}, "geometry": {"type": "Point", "coordinates": [127.29273205714286, 36.596223542857146]}}, {"type": "Feature", "properties": {"name": "조치원농협 본점", "amenity": "bank", "osm_id": 844275634, "origin": "OBSERVED"}, "geometry": {"type": "Point", "coordinates": [127.29562073636363, 36.595477972727274]}}, {"type": "Feature", "properties": {"name": "명리마을회관", "amenity": "townhall", "osm_id": 844275638, "origin": "OBSERVED"}, "geometry": {"type": "Point", "coordinates": [127.30389376000001, 36.5997121]}}, {"type": "Feature", "properties": {"name": "119특수구조단 화학구조대", "amenity": "fire_station", "osm_id": 844279748, "origin": "OBSERVED"}, "geometry": {"type": "Point", "coordinates": [127.29690284545454, 36.586054454545454]}}, {"type": "Feature", "properties": {"name": "OSM feature", "amenity": "parking", "osm_id": 844612116, "origin": "OBSERVED"}, "geometry": {"type": "Point", "coordinates": [127.29936085555556, 36.59902484444444]}}, {"type": "Feature", "properties": {"name": "OSM feature", "amenity": "parking", "osm_id": 844612118, "origin": "OBSERVED"}, "geometry": {"type": "Point", "coordinates": [127.2998641, 36.598949766666664]}}, {"type": "Feature", "properties": {"name": "세종두리울작은도서관", "amenity": "library", "osm_id": 844612120, "origin": "OBSERVED"}, "geometry": {"type": "Point", "coordinates": [127.29985672000001, 36.598569659999995]}}, {"type": "Feature", "properties": {"name": "OSM feature", "amenity": "parking", "osm_id": 844612124, "origin": "OBSERVED"}, "geometry": {"type": "Point", "coordinates": [127.30161801666667, 36.59517926666667]}}, {"type": "Feature", "properties": {"name": "OSM feature", "amenity": "place_of_worship", "osm_id": 844612127, "origin": "OBSERVED"}, "geometry": {"type": "Point", "coordinates": [127.29998468, 36.59830316]}}, {"type": "Feature", "properties": {"name": "OSM feature", "amenity": "place_of_worship", "osm_id": 844612128, "origin": "OBSERVED"}, "geometry": {"type": "Point", "coordinates": [127.30008027142857, 36.597974528571434]}}, {"type": "Feature", "properties": {"name": "OSM feature", "amenity": "place_of_worship", "osm_id": 844612129, "origin": "OBSERVED"}, "geometry": {"type": "Point", "coordinates": [127.30027851, 36.59793929]}}, {"type": "Feature", "properties": {"name": "OSM feature", "amenity": "parking", "osm_id": 846496537, "origin": "OBSERVED"}, "geometry": {"type": "Point", "coordinates": [127.29283441666666, 36.590075166666665]}}, {"type": "Feature", "properties": {"name": "OSM feature", "amenity": "parking", "osm_id": 846720373, "origin": "OBSERVED"}, "geometry": {"type": "Point", "coordinates": [127.3039962, 36.60123278]}}, {"type": "Feature", "properties": {"name": "근로복지공단세종어린이집", "amenity": "kindergarten", "osm_id": 846720379, "origin": "OBSERVED"}, "geometry": {"type": "Point", "coordinates": [127.30104057999999, 36.5971604]}}, {"type": "Feature", "properties": {"name": "신흥3리마을회관", "amenity": "townhall", "osm_id": 847193865, "origin": "OBSERVED"}, "geometry": {"type": "Point", "coordinates": [127.28982968, 36.596761779999994]}}, {"type": "Feature", "properties": {"name": "세종시장애인복지관", "amenity": "social_facility", "osm_id": 847193881, "origin": "OBSERVED"}, "geometry": {"type": "Point", "coordinates": [127.29536360909091, 36.586643631818184]}}, {"type": "Feature", "properties": {"name": "OSM feature", "amenity": "parking", "osm_id": 847603886, "origin": "OBSERVED"}, "geometry": {"type": "Point", "coordinates": [127.29466785, 36.5972411125]}}, {"type": "Feature", "properties": {"name": "보연사", "amenity": "place_of_worship", "osm_id": 849177204, "origin": "OBSERVED"}, "geometry": {"type": "Point", "coordinates": [127.2897097, 36.5826542]}}, {"type": "Feature", "properties": {"name": "번암1리(안동네)노인정", "amenity": "social_facility", "osm_id": 849177213, "origin": "OBSERVED"}, "geometry": {"type": "Point", "coordinates": [127.29055441999999, 36.58311436]}}, {"type": "Feature", "properties": {"name": "OSM feature", "amenity": "parking", "osm_id": 849177214, "origin": "OBSERVED"}, "geometry": {"type": "Point", "coordinates": [127.29039741428572, 36.58295071428571]}}, {"type": "Feature", "properties": {"name": "번암1리마을회관", "amenity": "townhall", "osm_id": 849177220, "origin": "OBSERVED"}, "geometry": {"type": "Point", "coordinates": [127.2945628, 36.58572491666666]}}, {"type": "Feature", "properties": {"name": "OSM feature", "amenity": "parking", "osm_id": 849177232, "origin": "OBSERVED"}, "geometry": {"type": "Point", "coordinates": [127.27136257777778, 36.5922441]}}, {"type": "Feature", "properties": {"name": "OSM feature", "amenity": "parking", "osm_id": 849177233, "origin": "OBSERVED"}, "geometry": {"type": "Point", "coordinates": [127.27169058571428, 36.592262885714284]}}, {"type": "Feature", "properties": {"name": "한유에너지 중부주유소", "amenity": "fuel", "osm_id": 849433120, "origin": "OBSERVED"}, "geometry": {"type": "Point", "coordinates": [127.29263668888888, 36.58052712222222]}}, {"type": "Feature", "properties": {"name": "한유에너지 중부CNG충전소", "amenity": "fuel", "osm_id": 849433121, "origin": "OBSERVED"}, "geometry": {"type": "Point", "coordinates": [127.29274618, 36.58077688]}}, {"type": "Feature", "properties": {"name": "푸른초원교회", "amenity": "place_of_worship", "osm_id": 849433125, "origin": "OBSERVED"}, "geometry": {"type": "Point", "coordinates": [127.29327554999999, 36.590250149999996]}}, {"type": "Feature", "properties": {"name": "죽림복지마을회관", "amenity": "social_facility", "osm_id": 849433129, "origin": "OBSERVED"}, "geometry": {"type": "Point", "coordinates": [127.2949126, 36.591551300000006]}}, {"type": "Feature", "properties": {"name": "죽림4리복지마을회관", "amenity": "social_facility", "osm_id": 849433131, "origin": "OBSERVED"}, "geometry": {"type": "Point", "coordinates": [127.29666002857142, 36.59366944285715]}}, {"type": "Feature", "properties": {"name": "침산커뮤니티센터", "amenity": "community_centre", "osm_id": 849489959, "origin": "OBSERVED"}, "geometry": {"type": "Point", "coordinates": [127.29400684, 36.60027948]}}, {"type": "Feature", "properties": {"name": "OSM feature", "amenity": "parking", "osm_id": 849506484, "origin": "OBSERVED"}, "geometry": {"type": "Point", "coordinates": [127.29710963333332, 36.589868333333335]}}, {"type": "Feature", "properties": {"name": "조치원농협 시장지점", "amenity": "bank", "osm_id": 849971442, "origin": "OBSERVED"}, "geometry": {"type": "Point", "coordinates": [127.2990087375, 36.6002687625]}}, {"type": "Feature", "properties": {"name": "OSM feature", "amenity": "parking", "osm_id": 857307685, "origin": "OBSERVED"}, "geometry": {"type": "Point", "coordinates": [127.29213075, 36.58981286666667]}}, {"type": "Feature", "properties": {"name": "OSM feature", "amenity": "shelter", "osm_id": 857307691, "origin": "OBSERVED"}, "geometry": {"type": "Point", "coordinates": [127.29206198, 36.58997572]}}, {"type": "Feature", "properties": {"name": "OSM feature", "amenity": "shelter", "osm_id": 857307718, "origin": "OBSERVED"}, "geometry": {"type": "Point", "coordinates": [127.29190143999999, 36.6240795]}}, {"type": "Feature", "properties": {"name": "라포레스타", "amenity": "cafe", "osm_id": 857806435, "origin": "OBSERVED"}, "geometry": {"type": "Point", "coordinates": [127.28141706666666, 36.59550187777778]}}, {"type": "Feature", "properties": {"name": "OSM feature", "amenity": "shelter", "osm_id": 858351602, "origin": "OBSERVED"}, "geometry": {"type": "Point", "coordinates": [127.28047242, 36.612900735]}}, {"type": "Feature", "properties": {"name": "OSM feature", "amenity": "shelter", "osm_id": 859095625, "origin": "OBSERVED"}, "geometry": {"type": "Point", "coordinates": [127.29382244000001, 36.59035712]}}, {"type": "Feature", "properties": {"name": "OSM feature", "amenity": "shelter", "osm_id": 859095633, "origin": "OBSERVED"}, "geometry": {"type": "Point", "coordinates": [127.294867695, 36.585525515]}}, {"type": "Feature", "properties": {"name": "OSM feature", "amenity": "parking", "osm_id": 859095637, "origin": "OBSERVED"}, "geometry": {"type": "Point", "coordinates": [127.29506283333335, 36.586682849999995]}}, {"type": "Feature", "properties": {"name": "노장3리마을회관", "amenity": "townhall", "osm_id": 866135312, "origin": "OBSERVED"}, "geometry": {"type": "Point", "coordinates": [127.27306472857143, 36.66960184285715]}}, {"type": "Feature", "properties": {"name": "자이안센터", "amenity": "community_centre", "osm_id": 867326401, "origin": "OBSERVED"}, "geometry": {"type": "Point", "coordinates": [127.28909154, 36.58963484]}}, {"type": "Feature", "properties": {"name": "OSM feature", "amenity": "parking", "osm_id": 867326403, "origin": "OBSERVED"}, "geometry": {"type": "Point", "coordinates": [127.28983372, 36.58968132]}}, {"type": "Feature", "properties": {"name": "조치원역서부주차장", "amenity": "parking", "osm_id": 870458413, "origin": "OBSERVED"}, "geometry": {"type": "Point", "coordinates": [127.29526187142856, 36.60132224285714]}}, {"type": "Feature", "properties": {"name": "SK동유주유소", "amenity": "fuel", "osm_id": 870458434, "origin": "OBSERVED"}, "geometry": {"type": "Point", "coordinates": [127.29766576, 36.604590540000004]}}, {"type": "Feature", "properties": {"name": "SK셀프금빛주유소", "amenity": "fuel", "osm_id": 871802555, "origin": "OBSERVED"}, "geometry": {"type": "Point", "coordinates": [127.29717886, 36.6085156]}}, {"type": "Feature", "properties": {"name": "GS중앙주유소", "amenity": "fuel", "osm_id": 871802560, "origin": "OBSERVED"}, "geometry": {"type": "Point", "coordinates": [127.29653702, 36.60976952]}}, {"type": "Feature", "properties": {"name": "OSM feature", "amenity": "parking", "osm_id": 887779434, "origin": "OBSERVED"}, "geometry": {"type": "Point", "coordinates": [127.33893857142857, 36.60116948571429]}}, {"type": "Feature", "properties": {"name": "OSM feature", "amenity": "parking", "osm_id": 887779466, "origin": "OBSERVED"}, "geometry": {"type": "Point", "coordinates": [127.347617, 36.620496816666666]}}, {"type": "Feature", "properties": {"name": "초코렛어린이집", "amenity": "kindergarten", "osm_id": 903664685, "origin": "OBSERVED"}, "geometry": {"type": "Point", "coordinates": [127.2722398, 36.59125728]}}, {"type": "Feature", "properties": {"name": "월하2리복지화관", "amenity": "social_facility", "osm_id": 904971308, "origin": "OBSERVED"}, "geometry": {"type": "Point", "coordinates": [127.28329288, 36.58481296]}}, {"type": "Feature", "properties": {"name": "아이마루유치원", "amenity": "kindergarten", "osm_id": 904971310, "origin": "OBSERVED"}, "geometry": {"type": "Point", "coordinates": [127.2824595875, 36.5833116125]}}, {"type": "Feature", "properties": {"name": "카페이길", "amenity": "cafe", "osm_id": 904971313, "origin": "OBSERVED"}, "geometry": {"type": "Point", "coordinates": [127.28348724, 36.5826867]}}, {"type": "Feature", "properties": {"name": "스카이셀프세차장", "amenity": "car_wash", "osm_id": 904971314, "origin": "OBSERVED"}, "geometry": {"type": "Point", "coordinates": [127.28351342, 36.58292324]}}, {"type": "Feature", "properties": {"name": "OSM feature", "amenity": "parking", "osm_id": 907023586, "origin": "OBSERVED"}, "geometry": {"type": "Point", "coordinates": [127.2923364375, 36.6043815125]}}, {"type": "Feature", "properties": {"name": "봉산2리마을회관", "amenity": "townhall", "osm_id": 910873179, "origin": "OBSERVED"}, "geometry": {"type": "Point", "coordinates": [127.27529252857143, 36.5989776]}}, {"type": "Feature", "properties": {"name": "OSM feature", "amenity": "toilets", "osm_id": 911468400, "origin": "OBSERVED"}, "geometry": {"type": "Point", "coordinates": [127.30049216, 36.5897253]}}, {"type": "Feature", "properties": {"name": "OSM feature", "amenity": "toilets", "osm_id": 911468401, "origin": "OBSERVED"}, "geometry": {"type": "Point", "coordinates": [127.30072568, 36.59075774]}}, {"type": "Feature", "properties": {"name": "OSM feature", "amenity": "parking", "osm_id": 937099898, "origin": "OBSERVED"}, "geometry": {"type": "Point", "coordinates": [127.33962918, 36.64923396]}}, {"type": "Feature", "properties": {"name": "OSM feature", "amenity": "parking", "osm_id": 937099901, "origin": "OBSERVED"}, "geometry": {"type": "Point", "coordinates": [127.32868922, 36.64342522]}}, {"type": "Feature", "properties": {"name": "OSM feature", "amenity": "parking", "osm_id": 937099911, "origin": "OBSERVED"}, "geometry": {"type": "Point", "coordinates": [127.33745137999999, 36.641077360000004]}}, {"type": "Feature", "properties": {"name": "OSM feature", "amenity": "parking", "osm_id": 937099917, "origin": "OBSERVED"}, "geometry": {"type": "Point", "coordinates": [127.33901785555557, 36.6411188]}}, {"type": "Feature", "properties": {"name": "OSM feature", "amenity": "parking", "osm_id": 937099931, "origin": "OBSERVED"}, "geometry": {"type": "Point", "coordinates": [127.33569886666666, 36.63534471111112]}}, {"type": "Feature", "properties": {"name": "OSM feature", "amenity": "parking", "osm_id": 937099940, "origin": "OBSERVED"}, "geometry": {"type": "Point", "coordinates": [127.3214654, 36.6359215875]}}, {"type": "Feature", "properties": {"name": "OSM feature", "amenity": "parking", "osm_id": 937100994, "origin": "OBSERVED"}, "geometry": {"type": "Point", "coordinates": [127.32811718333333, 36.61811665]}}, {"type": "Feature", "properties": {"name": "OSM feature", "amenity": "cafe", "osm_id": 942124145, "origin": "OBSERVED"}, "geometry": {"type": "Point", "coordinates": [127.39100426, 36.6759232]}}, {"type": "Feature", "properties": {"name": "오송중학교", "amenity": "school", "osm_id": 950244112, "origin": "OBSERVED"}, "geometry": {"type": "Point", "coordinates": [127.33014897999999, 36.62670482]}}, {"type": "Feature", "properties": {"name": "오송고등학교", "amenity": "school", "osm_id": 950244113, "origin": "OBSERVED"}, "geometry": {"type": "Point", "coordinates": [127.32599345714286, 36.62942628571428]}}, {"type": "Feature", "properties": {"name": "오송햇살주유소", "amenity": "fuel", "osm_id": 951438784, "origin": "OBSERVED"}, "geometry": {"type": "Point", "coordinates": [127.3313353, 36.63115634]}}, {"type": "Feature", "properties": {"name": "OSM feature", "amenity": "parking", "osm_id": 956052181, "origin": "OBSERVED"}, "geometry": {"type": "Point", "coordinates": [127.32441414, 36.62409082]}}, {"type": "Feature", "properties": {"name": "강내농협", "amenity": "bank", "osm_id": 961666823, "origin": "OBSERVED"}, "geometry": {"type": "Point", "coordinates": [127.36404064000001, 36.62444502]}}, {"type": "Feature", "properties": {"name": "강내도서관", "amenity": "library", "osm_id": 961666825, "origin": "OBSERVED"}, "geometry": {"type": "Point", "coordinates": [127.36310454, 36.62388082]}}, {"type": "Feature", "properties": {"name": "OSM feature", "amenity": "parking", "osm_id": 968672077, "origin": "OBSERVED"}, "geometry": {"type": "Point", "coordinates": [127.29268691875001, 36.61000293125]}}, {"type": "Feature", "properties": {"name": "OSM feature", "amenity": "parking", "osm_id": 968672078, "origin": "OBSERVED"}, "geometry": {"type": "Point", "coordinates": [127.28447771111112, 36.61038804444445]}}, {"type": "Feature", "properties": {"name": "OSM feature", "amenity": "parking", "osm_id": 968672079, "origin": "OBSERVED"}, "geometry": {"type": "Point", "coordinates": [127.29164202, 36.6109731]}}, {"type": "Feature", "properties": {"name": "OSM feature", "amenity": "university", "osm_id": 989036825, "origin": "OBSERVED"}, "geometry": {"type": "Point", "coordinates": [127.3253205, 36.636362775]}}, {"type": "Feature", "properties": {"name": "OSM feature", "amenity": "kindergarten", "osm_id": 989046120, "origin": "OBSERVED"}, "geometry": {"type": "Point", "coordinates": [127.32669983999999, 36.638549510000004]}}, {"type": "Feature", "properties": {"name": "OSM feature", "amenity": "parking", "osm_id": 989068409, "origin": "OBSERVED"}, "geometry": {"type": "Point", "coordinates": [127.32820007999999, 36.63710744]}}, {"type": "Feature", "properties": {"name": "베스티안병원", "amenity": "hospital", "osm_id": 989068435, "origin": "OBSERVED"}, "geometry": {"type": "Point", "coordinates": [127.32183685, 36.6361309]}}, {"type": "Feature", "properties": {"name": "OSM feature", "amenity": "place_of_worship", "osm_id": 989068481, "origin": "OBSERVED"}, "geometry": {"type": "Point", "coordinates": [127.3314826375, 36.6328195375]}}, {"type": "Feature", "properties": {"name": "OSM feature", "amenity": "place_of_worship", "osm_id": 989445199, "origin": "OBSERVED"}, "geometry": {"type": "Point", "coordinates": [127.32392569999999, 36.62461894]}}, {"type": "Feature", "properties": {"name": "OSM feature", "amenity": "parking", "osm_id": 989445200, "origin": "OBSERVED"}, "geometry": {"type": "Point", "coordinates": [127.3243252, 36.62485962857143]}}, {"type": "Feature", "properties": {"name": "OSM feature", "amenity": "library", "osm_id": 990226352, "origin": "OBSERVED"}, "geometry": {"type": "Point", "coordinates": [127.3694103, 36.66614701304348]}}, {"type": "Feature", "properties": {"name": "OSM feature", "amenity": "parking", "osm_id": 990226357, "origin": "OBSERVED"}, "geometry": {"type": "Point", "coordinates": [127.369582075, 36.66655645]}}, {"type": "Feature", "properties": {"name": "옥산성당", "amenity": "place_of_worship", "osm_id": 990228672, "origin": "OBSERVED"}, "geometry": {"type": "Point", "coordinates": [127.37605142727274, 36.66546802727273]}}, {"type": "Feature", "properties": {"name": "양업고등학교", "amenity": "school", "osm_id": 990255997, "origin": "OBSERVED"}, "geometry": {"type": "Point", "coordinates": [127.34708651999999, 36.67185882666667]}}, {"type": "Feature", "properties": {"name": "옥산119안전센터", "amenity": "fire_station", "osm_id": 1013359122, "origin": "OBSERVED"}, "geometry": {"type": "Point", "coordinates": [127.389222525, 36.6722667125]}}, {"type": "Feature", "properties": {"name": "OSM feature", "amenity": "parking_space", "osm_id": 1034145082, "origin": "OBSERVED"}, "geometry": {"type": "Point", "coordinates": [127.28865888, 36.60948948]}}, {"type": "Feature", "properties": {"name": "OSM feature", "amenity": "parking_space", "osm_id": 1034145083, "origin": "OBSERVED"}, "geometry": {"type": "Point", "coordinates": [127.28782868, 36.60942936]}}, {"type": "Feature", "properties": {"name": "OSM feature", "amenity": "parking_space", "osm_id": 1034145084, "origin": "OBSERVED"}, "geometry": {"type": "Point", "coordinates": [127.28804210000001, 36.60944528]}}, {"type": "Feature", "properties": {"name": "OSM feature", "amenity": "parking_space", "osm_id": 1034145085, "origin": "OBSERVED"}, "geometry": {"type": "Point", "coordinates": [127.28835558, 36.60946802]}}, {"type": "Feature", "properties": {"name": "OSM feature", "amenity": "parking_space", "osm_id": 1034145096, "origin": "OBSERVED"}, "geometry": {"type": "Point", "coordinates": [127.28817016, 36.60934254]}}, {"type": "Feature", "properties": {"name": "OSM feature", "amenity": "parking_space", "osm_id": 1034145097, "origin": "OBSERVED"}, "geometry": {"type": "Point", "coordinates": [127.28817899999999, 36.609272759999996]}}, {"type": "Feature", "properties": {"name": "OSM feature", "amenity": "parking_space", "osm_id": 1034145098, "origin": "OBSERVED"}, "geometry": {"type": "Point", "coordinates": [127.28819106, 36.60917264]}}, {"type": "Feature", "properties": {"name": "OSM feature", "amenity": "parking_space", "osm_id": 1034145099, "origin": "OBSERVED"}, "geometry": {"type": "Point", "coordinates": [127.28819776, 36.609107]}}, {"type": "Feature", "properties": {"name": "OSM feature", "amenity": "parking_space", "osm_id": 1034145100, "origin": "OBSERVED"}, "geometry": {"type": "Point", "coordinates": [127.28836575999999, 36.6090108]}}, {"type": "Feature", "properties": {"name": "OSM feature", "amenity": "toilets", "osm_id": 1034168539, "origin": "OBSERVED"}, "geometry": {"type": "Point", "coordinates": [127.28763604000001, 36.609216780000004]}}, {"type": "Feature", "properties": {"name": "OSM feature", "amenity": "parking", "osm_id": 1034833289, "origin": "OBSERVED"}, "geometry": {"type": "Point", "coordinates": [127.28976606, 36.61082216]}}, {"type": "Feature", "properties": {"name": "OSM feature", "amenity": "parking", "osm_id": 1035068823, "origin": "OBSERVED"}, "geometry": {"type": "Point", "coordinates": [127.28973142857141, 36.611789228571425]}}, {"type": "Feature", "properties": {"name": "버거킹", "amenity": "fast_food", "osm_id": 1035614280, "origin": "OBSERVED"}, "geometry": {"type": "Point", "coordinates": [127.28932826, 36.603502]}}, {"type": "Feature", "properties": {"name": "세종북부소방서", "amenity": "fire_station", "osm_id": 1035614281, "origin": "OBSERVED"}, "geometry": {"type": "Point", "coordinates": [127.28882036153846, 36.60447670769231]}}, {"type": "Feature", "properties": {"name": "OSM feature", "amenity": "fire_station", "osm_id": 1035614282, "origin": "OBSERVED"}, "geometry": {"type": "Point", "coordinates": [127.2890292875, 36.6045068875]}}, {"type": "Feature", "properties": {"name": "세종북부소방서", "amenity": "fire_station", "osm_id": 1035614283, "origin": "OBSERVED"}, "geometry": {"type": "Point", "coordinates": [127.2888795, 36.60473901428571]}}, {"type": "Feature", "properties": {"name": "OSM feature", "amenity": "parking", "osm_id": 1035740925, "origin": "OBSERVED"}, "geometry": {"type": "Point", "coordinates": [127.28330138571428, 36.60288457142857]}}, {"type": "Feature", "properties": {"name": "조치원복합커뮤니티센터", "amenity": "community_centre", "osm_id": 1052559772, "origin": "OBSERVED"}, "geometry": {"type": "Point", "coordinates": [127.28769920625, 36.5955292125]}}, {"type": "Feature", "properties": {"name": "OSM feature", "amenity": "parking", "osm_id": 1052559786, "origin": "OBSERVED"}, "geometry": {"type": "Point", "coordinates": [127.28588858571428, 36.595298657142855]}}, {"type": "Feature", "properties": {"name": "OSM feature", "amenity": "bicycle_parking", "osm_id": 1070747410, "origin": "OBSERVED"}, "geometry": {"type": "Point", "coordinates": [127.29329145555556, 36.6026905]}}, {"type": "Feature", "properties": {"name": "OSM feature", "amenity": "parking", "osm_id": 1070747419, "origin": "OBSERVED"}, "geometry": {"type": "Point", "coordinates": [127.29393922, 36.60344252]}}, {"type": "Feature", "properties": {"name": "OSM feature", "amenity": "parking", "osm_id": 1070747420, "origin": "OBSERVED"}, "geometry": {"type": "Point", "coordinates": [127.2929599375, 36.6033366625]}}, {"type": "Feature", "properties": {"name": "OSM feature", "amenity": "parking", "osm_id": 1070747441, "origin": "OBSERVED"}, "geometry": {"type": "Point", "coordinates": [127.29176277777778, 36.60254286666667]}}, {"type": "Feature", "properties": {"name": "OSM feature", "amenity": "parking", "osm_id": 1070747442, "origin": "OBSERVED"}, "geometry": {"type": "Point", "coordinates": [127.29233007142857, 36.60327294285714]}}, {"type": "Feature", "properties": {"name": "카페휘게호두당", "amenity": "cafe", "osm_id": 1075572147, "origin": "OBSERVED"}, "geometry": {"type": "Point", "coordinates": [127.28080221999998, 36.60119502]}}, {"type": "Feature", "properties": {"name": "OSM feature", "amenity": "parking", "osm_id": 1101942117, "origin": "OBSERVED"}, "geometry": {"type": "Point", "coordinates": [127.35033853333334, 36.629820099999996]}}, {"type": "Feature", "properties": {"name": "OSM feature", "amenity": "parking", "osm_id": 1134920372, "origin": "OBSERVED"}, "geometry": {"type": "Point", "coordinates": [127.2946956, 36.59062908571428]}}, {"type": "Feature", "properties": {"name": "OSM feature", "amenity": "parking", "osm_id": 1134920373, "origin": "OBSERVED"}, "geometry": {"type": "Point", "coordinates": [127.29491016666667, 36.59000373333333]}}, {"type": "Feature", "properties": {"name": "OSM feature", "amenity": "parking", "osm_id": 1134920394, "origin": "OBSERVED"}, "geometry": {"type": "Point", "coordinates": [127.286885475, 36.5994887]}}, {"type": "Feature", "properties": {"name": "알뜰 주유소", "amenity": "fuel", "osm_id": 1143173761, "origin": "OBSERVED"}, "geometry": {"type": "Point", "coordinates": [127.29045492, 36.62518976]}}, {"type": "Feature", "properties": {"name": "오송초등학교", "amenity": "school", "osm_id": 1147301701, "origin": "OBSERVED"}, "geometry": {"type": "Point", "coordinates": [127.32549220833333, 36.612958354166665]}}, {"type": "Feature", "properties": {"name": "청주성신학교", "amenity": "school", "osm_id": 1167356312, "origin": "OBSERVED"}, "geometry": {"type": "Point", "coordinates": [127.39909514285715, 36.59781701428572]}}, {"type": "Feature", "properties": {"name": "OSM feature", "amenity": "parking", "osm_id": 1221896155, "origin": "OBSERVED"}, "geometry": {"type": "Point", "coordinates": [127.28664265, 36.608879875]}}, {"type": "Feature", "properties": {"name": "OSM feature", "amenity": "parking", "osm_id": 1222373469, "origin": "OBSERVED"}, "geometry": {"type": "Point", "coordinates": [127.2857834, 36.597347971428576]}}, {"type": "Feature", "properties": {"name": "OSM feature", "amenity": "parking", "osm_id": 1222373471, "origin": "OBSERVED"}, "geometry": {"type": "Point", "coordinates": [127.28320220833332, 36.595827066666665]}}, {"type": "Feature", "properties": {"name": "OSM feature", "amenity": "parking", "osm_id": 1222373472, "origin": "OBSERVED"}, "geometry": {"type": "Point", "coordinates": [127.28304954000001, 36.5964976]}}, {"type": "Feature", "properties": {"name": "OSM feature", "amenity": "parking", "osm_id": 1222373473, "origin": "OBSERVED"}, "geometry": {"type": "Point", "coordinates": [127.28278614999999, 36.595648016666665]}}, {"type": "Feature", "properties": {"name": "OSM feature", "amenity": "parking", "osm_id": 1225814532, "origin": "OBSERVED"}, "geometry": {"type": "Point", "coordinates": [127.30977764, 36.58082268]}}, {"type": "Feature", "properties": {"name": "OSM feature", "amenity": "parking", "osm_id": 1225814533, "origin": "OBSERVED"}, "geometry": {"type": "Point", "coordinates": [127.30857284000001, 36.5802612]}}, {"type": "Feature", "properties": {"name": "강내초등학교", "amenity": "school", "osm_id": 1235096746, "origin": "OBSERVED"}, "geometry": {"type": "Point", "coordinates": [127.35673844, 36.59707816]}}, {"type": "Feature", "properties": {"name": "OSM feature", "amenity": "parking", "osm_id": 1237368413, "origin": "OBSERVED"}, "geometry": {"type": "Point", "coordinates": [127.37770600000002, 36.66618532]}}, {"type": "Feature", "properties": {"name": "기타학교용지", "amenity": "school", "osm_id": 1237368419, "origin": "OBSERVED"}, "geometry": {"type": "Point", "coordinates": [127.39344366666667, 36.67908825]}}, {"type": "Feature", "properties": {"name": "OSM feature", "amenity": "parking", "osm_id": 1244269275, "origin": "OBSERVED"}, "geometry": {"type": "Point", "coordinates": [127.36632741999999, 36.66591514]}}, {"type": "Feature", "properties": {"name": "OSM feature", "amenity": "charging_station", "osm_id": 1274204475, "origin": "OBSERVED"}, "geometry": {"type": "Point", "coordinates": [127.28994386, 36.61185534]}}, {"type": "Feature", "properties": {"name": "OSM feature", "amenity": "taxi", "osm_id": 1275203786, "origin": "OBSERVED"}, "geometry": {"type": "Point", "coordinates": [127.29694488571428, 36.60143085714286]}}, {"type": "Feature", "properties": {"name": "OSM feature", "amenity": "bicycle_parking", "osm_id": 1275203787, "origin": "OBSERVED"}, "geometry": {"type": "Point", "coordinates": [127.29508208, 36.601298039999996]}}, {"type": "Feature", "properties": {"name": "OSM feature", "amenity": "shelter", "osm_id": 1290615317, "origin": "OBSERVED"}, "geometry": {"type": "Point", "coordinates": [127.28778723999999, 36.61096526]}}, {"type": "Feature", "properties": {"name": "GS칼텍스", "amenity": "fuel", "osm_id": 1342413735, "origin": "OBSERVED"}, "geometry": {"type": "Point", "coordinates": [127.29247457142857, 36.61462902857143]}}, {"type": "Feature", "properties": {"name": "로스팅빈", "amenity": "cafe", "osm_id": 1342419920, "origin": "OBSERVED"}, "geometry": {"type": "Point", "coordinates": [127.32123383999999, 36.60830308]}}, {"type": "Feature", "properties": {"name": "오송숯불갈비", "amenity": "restaurant", "osm_id": 1342419922, "origin": "OBSERVED"}, "geometry": {"type": "Point", "coordinates": [127.32132752857144, 36.60849387142857]}}, {"type": "Feature", "properties": {"name": "오송읍사무소", "amenity": "townhall", "osm_id": 1342419926, "origin": "OBSERVED"}, "geometry": {"type": "Point", "coordinates": [127.32456728, 36.60921742]}}, {"type": "Feature", "properties": {"name": "오송복지회관", "amenity": "social_facility", "osm_id": 1342419928, "origin": "OBSERVED"}, "geometry": {"type": "Point", "coordinates": [127.32399417777778, 36.608988644444445]}}, {"type": "Feature", "properties": {"name": "OSM feature", "amenity": "parking", "osm_id": 1342419938, "origin": "OBSERVED"}, "geometry": {"type": "Point", "coordinates": [127.32435590909091, 36.60931330454545]}}, {"type": "Feature", "properties": {"name": "OSM feature", "amenity": "fuel", "osm_id": 1342419945, "origin": "OBSERVED"}, "geometry": {"type": "Point", "coordinates": [127.32425624, 36.61002166]}}, {"type": "Feature", "properties": {"name": "한국교원대학교", "amenity": "university", "osm_id": 1343758067, "origin": "OBSERVED"}, "geometry": {"type": "Point", "coordinates": [127.35768232183908, 36.60969427701149]}}, {"type": "Feature", "properties": {"name": "조치원우체국", "amenity": "post_office", "osm_id": 1350374565, "origin": "OBSERVED"}, "geometry": {"type": "Point", "coordinates": [127.28360636363637, 36.60212066363636]}}, {"type": "Feature", "properties": {"name": "롯데시네마", "amenity": "cinema", "osm_id": 1358512359, "origin": "OBSERVED"}, "geometry": {"type": "Point", "coordinates": [127.31651314000001, 36.61870118]}}, {"type": "Feature", "properties": {"name": "삼월카츠", "amenity": "restaurant", "osm_id": 1358894161, "origin": "OBSERVED"}, "geometry": {"type": "Point", "coordinates": [127.31951576000002, 36.622484199999995]}}, {"type": "Feature", "properties": {"name": "상구네돼지구 청주오송점", "amenity": "restaurant", "osm_id": 1358894162, "origin": "OBSERVED"}, "geometry": {"type": "Point", "coordinates": [127.31913907142858, 36.62268652857143]}}, {"type": "Feature", "properties": {"name": "파스타제작소", "amenity": "restaurant", "osm_id": 1358894163, "origin": "OBSERVED"}, "geometry": {"type": "Point", "coordinates": [127.31903299999999, 36.62263156]}}, {"type": "Feature", "properties": {"name": "중식당연", "amenity": "restaurant", "osm_id": 1358894164, "origin": "OBSERVED"}, "geometry": {"type": "Point", "coordinates": [127.31913201666667, 36.623050299999996]}}, {"type": "Feature", "properties": {"name": "무인카페 칠라노", "amenity": "cafe", "osm_id": 1358894165, "origin": "OBSERVED"}, "geometry": {"type": "Point", "coordinates": [127.31942828000001, 36.62320808]}}, {"type": "Feature", "properties": {"name": "애여니쿠키", "amenity": "restaurant", "osm_id": 1358894167, "origin": "OBSERVED"}, "geometry": {"type": "Point", "coordinates": [127.31896872, 36.62258732]}}, {"type": "Feature", "properties": {"name": "카루쿠", "amenity": "pub", "osm_id": 1358894171, "origin": "OBSERVED"}, "geometry": {"type": "Point", "coordinates": [127.31877182000001, 36.62244546]}}, {"type": "Feature", "properties": {"name": "왓더버거", "amenity": "restaurant", "osm_id": 1358894172, "origin": "OBSERVED"}, "geometry": {"type": "Point", "coordinates": [127.31861808, 36.62233242]}}, {"type": "Feature", "properties": {"name": "감동식혜", "amenity": "cafe", "osm_id": 1358894520, "origin": "OBSERVED"}, "geometry": {"type": "Point", "coordinates": [127.31849044, 36.622238859999996]}}, {"type": "Feature", "properties": {"name": "갈비가좋아", "amenity": "restaurant", "osm_id": 1360872974, "origin": "OBSERVED"}, "geometry": {"type": "Point", "coordinates": [127.31893491428572, 36.6229136]}}, {"type": "Feature", "properties": {"name": "금성회관", "amenity": "restaurant", "osm_id": 1360872975, "origin": "OBSERVED"}, "geometry": {"type": "Point", "coordinates": [127.31878748, 36.622819400000004]}}, {"type": "Feature", "properties": {"name": "곱이곱다", "amenity": "restaurant", "osm_id": 1360872976, "origin": "OBSERVED"}, "geometry": {"type": "Point", "coordinates": [127.31864131428571, 36.622729371428576]}}, {"type": "Feature", "properties": {"name": "나루", "amenity": "restaurant", "osm_id": 1360872977, "origin": "OBSERVED"}, "geometry": {"type": "Point", "coordinates": [127.31993512, 36.62298432]}}, {"type": "Feature", "properties": {"name": "다이닝완숙", "amenity": "restaurant", "osm_id": 1360872978, "origin": "OBSERVED"}, "geometry": {"type": "Point", "coordinates": [127.3195536, 36.62269558333333]}}, {"type": "Feature", "properties": {"name": "청풍골오리", "amenity": "restaurant", "osm_id": 1360872979, "origin": "OBSERVED"}, "geometry": {"type": "Point", "coordinates": [127.32071154, 36.62301696]}}, {"type": "Feature", "properties": {"name": "삼첩분식", "amenity": "restaurant", "osm_id": 1360872980, "origin": "OBSERVED"}, "geometry": {"type": "Point", "coordinates": [127.32022972, 36.62262898]}}, {"type": "Feature", "properties": {"name": "봉산리1197", "amenity": "cafe", "osm_id": 1360872981, "origin": "OBSERVED"}, "geometry": {"type": "Point", "coordinates": [127.32001771999998, 36.622646280000005]}}, {"type": "Feature", "properties": {"name": "OSM feature", "amenity": "parking", "osm_id": 1383026030, "origin": "OBSERVED"}, "geometry": {"type": "Point", "coordinates": [127.29644716, 36.60519388]}}, {"type": "Feature", "properties": {"name": "OSM feature", "amenity": "shelter", "osm_id": 1390095861, "origin": "OBSERVED"}, "geometry": {"type": "Point", "coordinates": [127.28435735999999, 36.603181539999994]}}, {"type": "Feature", "properties": {"name": "OSM feature", "amenity": "parking", "osm_id": 1390095875, "origin": "OBSERVED"}, "geometry": {"type": "Point", "coordinates": [127.28104953333334, 36.6010957]}}, {"type": "Feature", "properties": {"name": "OSM feature", "amenity": "parking", "osm_id": 1390095950, "origin": "OBSERVED"}, "geometry": {"type": "Point", "coordinates": [127.27203668695651, 36.60326776521739]}}, {"type": "Feature", "properties": {"name": "OSM feature", "amenity": "parking", "osm_id": 1390095953, "origin": "OBSERVED"}, "geometry": {"type": "Point", "coordinates": [127.2748742, 36.60397602]}}, {"type": "Feature", "properties": {"name": "OSM feature", "amenity": "parking", "osm_id": 1390095954, "origin": "OBSERVED"}, "geometry": {"type": "Point", "coordinates": [127.27490326, 36.6037847]}}, {"type": "Feature", "properties": {"name": "OSM feature", "amenity": "parking", "osm_id": 1390096002, "origin": "OBSERVED"}, "geometry": {"type": "Point", "coordinates": [127.28849545294118, 36.59795617647059]}}, {"type": "Feature", "properties": {"name": "OSM feature", "amenity": "parking", "osm_id": 1390738672, "origin": "OBSERVED"}, "geometry": {"type": "Point", "coordinates": [127.29092981428572, 36.605059985714284]}}, {"type": "Feature", "properties": {"name": "OSM feature", "amenity": "parking", "osm_id": 1390738677, "origin": "OBSERVED"}, "geometry": {"type": "Point", "coordinates": [127.2808562125, 36.605772574999996]}}, {"type": "Feature", "properties": {"name": "OSM feature", "amenity": "parking", "osm_id": 1390738717, "origin": "OBSERVED"}, "geometry": {"type": "Point", "coordinates": [127.28772644285714, 36.59605604285714]}}, {"type": "Feature", "properties": {"name": "OSM feature", "amenity": "parking", "osm_id": 1390738726, "origin": "OBSERVED"}, "geometry": {"type": "Point", "coordinates": [127.28660352, 36.603204]}}, {"type": "Feature", "properties": {"name": "OSM feature", "amenity": "parking", "osm_id": 1390738727, "origin": "OBSERVED"}, "geometry": {"type": "Point", "coordinates": [127.28602992, 36.6030604]}}, {"type": "Feature", "properties": {"name": "OSM feature", "amenity": "parking", "osm_id": 1390738741, "origin": "OBSERVED"}, "geometry": {"type": "Point", "coordinates": [127.28508891999999, 36.60389768]}}, {"type": "Feature", "properties": {"name": "OSM feature", "amenity": "parking", "osm_id": 1408494571, "origin": "OBSERVED"}, "geometry": {"type": "Point", "coordinates": [127.29075496, 36.6045126]}}, {"type": "Feature", "properties": {"name": "OSM feature", "amenity": "parking", "osm_id": 1408494586, "origin": "OBSERVED"}, "geometry": {"type": "Point", "coordinates": [127.29285580000001, 36.604159980000006]}}, {"type": "Feature", "properties": {"name": "비브", "amenity": "cafe", "osm_id": 1408494593, "origin": "OBSERVED"}, "geometry": {"type": "Point", "coordinates": [127.29010865999999, 36.60462801999999]}}, {"type": "Feature", "properties": {"name": "OSM feature", "amenity": "parking", "osm_id": 1408494623, "origin": "OBSERVED"}, "geometry": {"type": "Point", "coordinates": [127.29258152, 36.60443574]}}, {"type": "Feature", "properties": {"name": "OSM feature", "amenity": "parking", "osm_id": 1410396833, "origin": "OBSERVED"}, "geometry": {"type": "Point", "coordinates": [127.29306316, 36.60548032]}}, {"type": "Feature", "properties": {"name": "OSM feature", "amenity": "parking", "osm_id": 1410396841, "origin": "OBSERVED"}, "geometry": {"type": "Point", "coordinates": [127.29368452857143, 36.605639842857144]}}, {"type": "Feature", "properties": {"name": "OSM feature", "amenity": "parking", "osm_id": 1410396851, "origin": "OBSERVED"}, "geometry": {"type": "Point", "coordinates": [127.29730743333334, 36.609538783333335]}}, {"type": "Feature", "properties": {"name": "OSM feature", "amenity": "parking", "osm_id": 1410396877, "origin": "OBSERVED"}, "geometry": {"type": "Point", "coordinates": [127.29440258571428, 36.60547832857143]}}, {"type": "Feature", "properties": {"name": "OSM feature", "amenity": "parking", "osm_id": 1410396880, "origin": "OBSERVED"}, "geometry": {"type": "Point", "coordinates": [127.29422389999999, 36.60578486]}}, {"type": "Feature", "properties": {"name": "OSM feature", "amenity": "parking", "osm_id": 1410396883, "origin": "OBSERVED"}, "geometry": {"type": "Point", "coordinates": [127.29443218333334, 36.606070499999994]}}, {"type": "Feature", "properties": {"name": "OSM feature", "amenity": "toilets", "osm_id": 1410414582, "origin": "OBSERVED"}, "geometry": {"type": "Point", "coordinates": [127.29306097999999, 36.60840124]}}, {"type": "Feature", "properties": {"name": "OSM feature", "amenity": "fountain", "osm_id": 1410414597, "origin": "OBSERVED"}, "geometry": {"type": "Point", "coordinates": [127.28158254444445, 36.60222378888889]}}, {"type": "Feature", "properties": {"name": "OSM feature", "amenity": "parking", "osm_id": 1410414603, "origin": "OBSERVED"}, "geometry": {"type": "Point", "coordinates": [127.28846002, 36.60401708]}}, {"type": "Feature", "properties": {"name": "OSM feature", "amenity": "parking", "osm_id": 1410414616, "origin": "OBSERVED"}, "geometry": {"type": "Point", "coordinates": [127.28948134, 36.60333396]}}, {"type": "Feature", "properties": {"name": "OSM feature", "amenity": "parking", "osm_id": 1410414617, "origin": "OBSERVED"}, "geometry": {"type": "Point", "coordinates": [127.28929894000001, 36.60369806]}}, {"type": "Feature", "properties": {"name": "OSM feature", "amenity": "parking", "osm_id": 1410414618, "origin": "OBSERVED"}, "geometry": {"type": "Point", "coordinates": [127.28929235714286, 36.60397367142857]}}, {"type": "Feature", "properties": {"name": "OSM feature", "amenity": "parking", "osm_id": 1410414624, "origin": "OBSERVED"}, "geometry": {"type": "Point", "coordinates": [127.29365995999999, 36.60450138]}}, {"type": "Feature", "properties": {"name": "엘리프세종 커뮤니티센터", "amenity": "community_centre", "osm_id": 1410570485, "origin": "OBSERVED"}, "geometry": {"type": "Point", "coordinates": [127.28129537142857, 36.6024612]}}, {"type": "Feature", "properties": {"name": "노인정", "amenity": "community_centre", "osm_id": 1410570492, "origin": "OBSERVED"}, "geometry": {"type": "Point", "coordinates": [127.28067080000001, 36.60254105714286]}}, {"type": "Feature", "properties": {"name": "OSM feature", "amenity": "community_centre", "osm_id": 1410570505, "origin": "OBSERVED"}, "geometry": {"type": "Point", "coordinates": [127.28053814, 36.60302782]}}, {"type": "Feature", "properties": {"name": "OSM feature", "amenity": "parking", "osm_id": 1410570513, "origin": "OBSERVED"}, "geometry": {"type": "Point", "coordinates": [127.29130760000001, 36.60356658]}}, {"type": "Feature", "properties": {"name": "OSM feature", "amenity": "toilets", "osm_id": 1410570514, "origin": "OBSERVED"}, "geometry": {"type": "Point", "coordinates": [127.29172624, 36.604405220000004]}}, {"type": "Feature", "properties": {"name": "OSM feature", "amenity": "parking", "osm_id": 1410570526, "origin": "OBSERVED"}, "geometry": {"type": "Point", "coordinates": [127.27748945, 36.60466055]}}, {"type": "Feature", "properties": {"name": "OSM feature", "amenity": "parking", "osm_id": 1410570531, "origin": "OBSERVED"}, "geometry": {"type": "Point", "coordinates": [127.27629431999999, 36.60340016]}}, {"type": "Feature", "properties": {"name": "카페디펜스", "amenity": "cafe", "osm_id": 1410919077, "origin": "OBSERVED"}, "geometry": {"type": "Point", "coordinates": [127.28892487142856, 36.60273731428572]}}, {"type": "Feature", "properties": {"name": "OSM feature", "amenity": "parking", "osm_id": 1410955290, "origin": "OBSERVED"}, "geometry": {"type": "Point", "coordinates": [127.28758092000001, 36.60033702]}}, {"type": "Feature", "properties": {"name": "OSM feature", "amenity": "parking", "osm_id": 1410965152, "origin": "OBSERVED"}, "geometry": {"type": "Point", "coordinates": [127.2874535, 36.59211586]}}, {"type": "Feature", "properties": {"name": "OSM feature", "amenity": "parking", "osm_id": 1410965154, "origin": "OBSERVED"}, "geometry": {"type": "Point", "coordinates": [127.28795336, 36.5921602]}}, {"type": "Feature", "properties": {"name": "바다향", "amenity": "restaurant", "osm_id": 1410965166, "origin": "OBSERVED"}, "geometry": {"type": "Point", "coordinates": [127.29148067777777, 36.60194843333333]}}, {"type": "Feature", "properties": {"name": "현대오일뱅크", "amenity": "fuel", "osm_id": 1412504966, "origin": "OBSERVED"}, "geometry": {"type": "Point", "coordinates": [127.28982191999998, 36.62754796]}}, {"type": "Feature", "properties": {"name": "OSM feature", "amenity": "fuel", "osm_id": 1412504996, "origin": "OBSERVED"}, "geometry": {"type": "Point", "coordinates": [127.28902129999999, 36.6302794]}}, {"type": "Feature", "properties": {"name": "OSM feature", "amenity": "fuel", "osm_id": 1412505004, "origin": "OBSERVED"}, "geometry": {"type": "Point", "coordinates": [127.28790264, 36.63118486]}}, {"type": "Feature", "properties": {"name": "OSM feature", "amenity": "parking", "osm_id": 1412521661, "origin": "OBSERVED"}, "geometry": {"type": "Point", "coordinates": [127.29331635999999, 36.60393142]}}, {"type": "Feature", "properties": {"name": "OSM feature", "amenity": "parking", "osm_id": 1412521721, "origin": "OBSERVED"}, "geometry": {"type": "Point", "coordinates": [127.29924899999999, 36.59237443333333]}}, {"type": "Feature", "properties": {"name": "OSM feature", "amenity": "parking", "osm_id": 1413068155, "origin": "OBSERVED"}, "geometry": {"type": "Point", "coordinates": [127.29076954, 36.603138079999994]}}, {"type": "Feature", "properties": {"name": "OSM feature", "amenity": "parking", "osm_id": 1413068156, "origin": "OBSERVED"}, "geometry": {"type": "Point", "coordinates": [127.28900045999998, 36.603538900000004]}}, {"type": "Feature", "properties": {"name": "OSM feature", "amenity": "parking", "osm_id": 1413068199, "origin": "OBSERVED"}, "geometry": {"type": "Point", "coordinates": [127.29835548000001, 36.59408186]}}, {"type": "Feature", "properties": {"name": "OSM feature", "amenity": "cafe", "osm_id": 1414107936, "origin": "OBSERVED"}, "geometry": {"type": "Point", "coordinates": [127.29334568571429, 36.60074311428571]}}, {"type": "Feature", "properties": {"name": "온세계교회", "amenity": "place_of_worship", "osm_id": 1414448917, "origin": "OBSERVED"}, "geometry": {"type": "Point", "coordinates": [127.29207372, 36.59799098]}}, {"type": "Feature", "properties": {"name": "OSM feature", "amenity": "parking", "osm_id": 1414448992, "origin": "OBSERVED"}, "geometry": {"type": "Point", "coordinates": [127.29294156, 36.59243628]}}, {"type": "Feature", "properties": {"name": "OSM feature", "amenity": "parking", "osm_id": 1414448993, "origin": "OBSERVED"}, "geometry": {"type": "Point", "coordinates": [127.2924329, 36.5923783]}}, {"type": "Feature", "properties": {"name": "OSM feature", "amenity": "parking", "osm_id": 1414448994, "origin": "OBSERVED"}, "geometry": {"type": "Point", "coordinates": [127.29192823999999, 36.592207619999996]}}, {"type": "Feature", "properties": {"name": "OSM feature", "amenity": "parking", "osm_id": 1414448999, "origin": "OBSERVED"}, "geometry": {"type": "Point", "coordinates": [127.29295424, 36.59261658]}}, {"type": "Feature", "properties": {"name": "OSM feature", "amenity": "parking", "osm_id": 1414449000, "origin": "OBSERVED"}, "geometry": {"type": "Point", "coordinates": [127.2933216, 36.59274735]}}, {"type": "Feature", "properties": {"name": "OSM feature", "amenity": "parking", "osm_id": 1419388629, "origin": "OBSERVED"}, "geometry": {"type": "Point", "coordinates": [127.29714736666668, 36.597686877777775]}}, {"type": "Feature", "properties": {"name": "OSM feature", "amenity": "parking", "osm_id": 1419388634, "origin": "OBSERVED"}, "geometry": {"type": "Point", "coordinates": [127.29734656666666, 36.59703068333334]}}, {"type": "Feature", "properties": {"name": "OSM feature", "amenity": "parking", "osm_id": 1419388699, "origin": "OBSERVED"}, "geometry": {"type": "Point", "coordinates": [127.29842995999999, 36.60429454]}}, {"type": "Feature", "properties": {"name": "참포도원교회", "amenity": "place_of_worship", "osm_id": 1420199288, "origin": "OBSERVED"}, "geometry": {"type": "Point", "coordinates": [127.28844805714286, 36.608331414285715]}}, {"type": "Feature", "properties": {"name": "한국자유총연맹 세종시지부", "amenity": "social_centre", "osm_id": 1420199299, "origin": "OBSERVED"}, "geometry": {"type": "Point", "coordinates": [127.2966042, 36.60819466]}}, {"type": "Feature", "properties": {"name": "조치원역일원 도시재생 현장지원센터", "amenity": "community_centre", "osm_id": 1420201555, "origin": "OBSERVED"}, "geometry": {"type": "Point", "coordinates": [127.29706222222222, 36.59887744444445]}}, {"type": "Feature", "properties": {"name": "OSM feature", "amenity": "parking", "osm_id": 1421158107, "origin": "OBSERVED"}, "geometry": {"type": "Point", "coordinates": [127.29870912000001, 36.60184754]}}, {"type": "Feature", "properties": {"name": "세종에덴요양원", "amenity": "social_facility", "osm_id": 1421158109, "origin": "OBSERVED"}, "geometry": {"type": "Point", "coordinates": [127.29899646666667, 36.60190197777777]}}, {"type": "Feature", "properties": {"name": "OSM feature", "amenity": "parking", "osm_id": 1421158119, "origin": "OBSERVED"}, "geometry": {"type": "Point", "coordinates": [127.29948105999999, 36.60178518]}}, {"type": "Feature", "properties": {"name": "OSM feature", "amenity": "parking", "osm_id": 1421158122, "origin": "OBSERVED"}, "geometry": {"type": "Point", "coordinates": [127.29983774, 36.60195586]}}, {"type": "Feature", "properties": {"name": "OSM feature", "amenity": "toilets", "osm_id": 1421312501, "origin": "OBSERVED"}, "geometry": {"type": "Point", "coordinates": [127.28579428, 36.6024728]}}, {"type": "Feature", "properties": {"name": "청주 오스코", "amenity": "conference_centre", "osm_id": 1423171859, "origin": "OBSERVED"}, "geometry": {"type": "Point", "coordinates": [127.33521534375, 36.6267443125]}}, {"type": "Feature", "properties": {"name": "OSM feature", "amenity": "parking", "osm_id": 1423171861, "origin": "OBSERVED"}, "geometry": {"type": "Point", "coordinates": [127.33608303999999, 36.62549774]}}, {"type": "Feature", "properties": {"name": "OSM feature", "amenity": "parking_space", "osm_id": 1431432600, "origin": "OBSERVED"}, "geometry": {"type": "Point", "coordinates": [127.28631246, 36.604568]}}, {"type": "Feature", "properties": {"name": "OSM feature", "amenity": "parking_space", "osm_id": 1431432601, "origin": "OBSERVED"}, "geometry": {"type": "Point", "coordinates": [127.28253985714287, 36.60233204285714]}}, {"type": "Feature", "properties": {"name": "OSM feature", "amenity": "parking_space", "osm_id": 1431432602, "origin": "OBSERVED"}, "geometry": {"type": "Point", "coordinates": [127.28261158000001, 36.60241764]}}, {"type": "Feature", "properties": {"name": "OSM feature", "amenity": "parking_space", "osm_id": 1431432603, "origin": "OBSERVED"}, "geometry": {"type": "Point", "coordinates": [127.28268520000002, 36.602508920000005]}}, {"type": "Feature", "properties": {"name": "OSM feature", "amenity": "parking_space", "osm_id": 1431432604, "origin": "OBSERVED"}, "geometry": {"type": "Point", "coordinates": [127.2825151, 36.60251]}}, {"type": "Feature", "properties": {"name": "OSM feature", "amenity": "parking_space", "osm_id": 1431432605, "origin": "OBSERVED"}, "geometry": {"type": "Point", "coordinates": [127.28284702, 36.60236536]}}, {"type": "Feature", "properties": {"name": "OSM feature", "amenity": "parking_space", "osm_id": 1431432606, "origin": "OBSERVED"}, "geometry": {"type": "Point", "coordinates": [127.2833297, 36.60282374]}}, {"type": "Feature", "properties": {"name": "OSM feature", "amenity": "parking_space", "osm_id": 1431432607, "origin": "OBSERVED"}, "geometry": {"type": "Point", "coordinates": [127.2834258, 36.60288782]}}, {"type": "Feature", "properties": {"name": "OSM feature", "amenity": "parking_space", "osm_id": 1431432608, "origin": "OBSERVED"}, "geometry": {"type": "Point", "coordinates": [127.2831549, 36.60293822]}}, {"type": "Feature", "properties": {"name": "OSM feature", "amenity": "parking_space", "osm_id": 1431432609, "origin": "OBSERVED"}, "geometry": {"type": "Point", "coordinates": [127.28102396, 36.6010547]}}, {"type": "Feature", "properties": {"name": "OSM feature", "amenity": "parking_space", "osm_id": 1431432613, "origin": "OBSERVED"}, "geometry": {"type": "Point", "coordinates": [127.28672311999999, 36.6032016]}}, {"type": "Feature", "properties": {"name": "OSM feature", "amenity": "parking_space", "osm_id": 1431432614, "origin": "OBSERVED"}, "geometry": {"type": "Point", "coordinates": [127.29116245999998, 36.60268848]}}, {"type": "Feature", "properties": {"name": "OSM feature", "amenity": "parking_space", "osm_id": 1431432615, "origin": "OBSERVED"}, "geometry": {"type": "Point", "coordinates": [127.29117156, 36.60262858]}}, {"type": "Feature", "properties": {"name": "OSM feature", "amenity": "parking_space", "osm_id": 1431432616, "origin": "OBSERVED"}, "geometry": {"type": "Point", "coordinates": [127.2912065, 36.602791260000004]}}, {"type": "Feature", "properties": {"name": "OSM feature", "amenity": "parking", "osm_id": 1442863177, "origin": "OBSERVED"}, "geometry": {"type": "Point", "coordinates": [127.29406164, 36.59984256]}}, {"type": "Feature", "properties": {"name": "OSM feature", "amenity": "parking", "osm_id": 1442863189, "origin": "OBSERVED"}, "geometry": {"type": "Point", "coordinates": [127.29743365, 36.604080450000005]}}, {"type": "Feature", "properties": {"name": "OSM feature", "amenity": "parking", "osm_id": 1442863194, "origin": "OBSERVED"}, "geometry": {"type": "Point", "coordinates": [127.29767899999999, 36.60483368]}}, {"type": "Feature", "properties": {"name": "OSM feature", "amenity": "parking", "osm_id": 1442863201, "origin": "OBSERVED"}, "geometry": {"type": "Point", "coordinates": [127.29835744285715, 36.60599891428571]}}, {"type": "Feature", "properties": {"name": "OSM feature", "amenity": "parking", "osm_id": 1442863205, "origin": "OBSERVED"}, "geometry": {"type": "Point", "coordinates": [127.29852492857142, 36.601608128571435]}}, {"type": "Feature", "properties": {"name": "OSM feature", "amenity": "parking", "osm_id": 1455968868, "origin": "OBSERVED"}, "geometry": {"type": "Point", "coordinates": [127.29826426, 36.60181164]}}, {"type": "Feature", "properties": {"name": "OSM feature", "amenity": "parking", "osm_id": 1455968873, "origin": "OBSERVED"}, "geometry": {"type": "Point", "coordinates": [127.29801935999998, 36.60348656]}}, {"type": "Feature", "properties": {"name": "OSM feature", "amenity": "community_centre", "osm_id": 1469425978, "origin": "OBSERVED"}, "geometry": {"type": "Point", "coordinates": [127.29534917999999, 36.606605939999994]}}, {"type": "Feature", "properties": {"name": "정리마을회관", "amenity": "townhall", "osm_id": 1469437491, "origin": "OBSERVED"}, "geometry": {"type": "Point", "coordinates": [127.3004537, 36.59903091666667]}}, {"type": "Feature", "properties": {"name": "OSM feature", "amenity": "fountain", "osm_id": 1535762579, "origin": "OBSERVED"}, "geometry": {"type": "Point", "coordinates": [127.3002310076923, 36.60649529230769]}}, {"type": "Feature", "properties": {"name": "OSM feature", "amenity": "parking", "osm_id": 1535762584, "origin": "OBSERVED"}, "geometry": {"type": "Point", "coordinates": [127.29993526000001, 36.5997701]}}, {"type": "Feature", "properties": {"name": "스타벅스", "amenity": "cafe", "osm_id": 1545721973, "origin": "OBSERVED"}, "geometry": {"type": "Point", "coordinates": [127.2899473, 36.59944452]}}, {"type": "Feature", "properties": {"name": "OSM feature", "amenity": "parking", "osm_id": 1545721980, "origin": "OBSERVED"}, "geometry": {"type": "Point", "coordinates": [127.28388558000002, 36.59528354]}}, {"type": "Feature", "properties": {"name": "OSM feature", "amenity": "parking", "osm_id": 1545721981, "origin": "OBSERVED"}, "geometry": {"type": "Point", "coordinates": [127.28395846000001, 36.59484394]}}, {"type": "Feature", "properties": {"name": "OSM feature", "amenity": "parking", "osm_id": 1545721983, "origin": "OBSERVED"}, "geometry": {"type": "Point", "coordinates": [127.28474074, 36.59557866]}}, {"type": "Feature", "properties": {"name": "오뜨몽드", "amenity": "cafe", "osm_id": 1545721986, "origin": "OBSERVED"}, "geometry": {"type": "Point", "coordinates": [127.27979992, 36.59549868]}}, {"type": "Feature", "properties": {"name": "OSM feature", "amenity": "parking", "osm_id": 1546653526, "origin": "OBSERVED"}, "geometry": {"type": "Point", "coordinates": [127.31502852222222, 36.581083155555554]}}, {"type": "Feature", "properties": {"name": "OSM feature", "amenity": "shelter", "osm_id": 1547259552, "origin": "OBSERVED"}, "geometry": {"type": "Point", "coordinates": [127.28428856000001, 36.603885739999996]}}, {"type": "Feature", "properties": {"name": "OSM feature", "amenity": "shelter", "osm_id": 1547259553, "origin": "OBSERVED"}, "geometry": {"type": "Point", "coordinates": [127.28416064000001, 36.60406074]}}, {"type": "Feature", "properties": {"name": "OSM feature", "amenity": "shelter", "osm_id": 1547259556, "origin": "OBSERVED"}, "geometry": {"type": "Point", "coordinates": [127.28150511999999, 36.602251960000004]}}, {"type": "Feature", "properties": {"name": "OSM feature", "amenity": "fountain", "osm_id": 1547259557, "origin": "OBSERVED"}, "geometry": {"type": "Point", "coordinates": [127.28088501111112, 36.6024521]}}, {"type": "Feature", "properties": {"name": "OSM feature", "amenity": "shelter", "osm_id": 1547259558, "origin": "OBSERVED"}, "geometry": {"type": "Point", "coordinates": [127.28093716000001, 36.60238774]}}, {"type": "Feature", "properties": {"name": "OSM feature", "amenity": "shelter", "osm_id": 1547259560, "origin": "OBSERVED"}, "geometry": {"type": "Point", "coordinates": [127.28139295999999, 36.60336220000001]}}, {"type": "Feature", "properties": {"name": "OSM feature", "amenity": "shelter", "osm_id": 1547259570, "origin": "OBSERVED"}, "geometry": {"type": "Point", "coordinates": [127.28829766000001, 36.59671694]}}, {"type": "Feature", "properties": {"name": "OSM feature", "amenity": "shelter", "osm_id": 1547259571, "origin": "OBSERVED"}, "geometry": {"type": "Point", "coordinates": [127.28718432000001, 36.59685754]}}, {"type": "Feature", "properties": {"name": "OSM feature", "amenity": "parking", "osm_id": 1547259586, "origin": "OBSERVED"}, "geometry": {"type": "Point", "coordinates": [127.29753731428572, 36.59876034285714]}}, {"type": "Feature", "properties": {"name": "OSM feature", "amenity": "parking", "osm_id": 1547292400, "origin": "OBSERVED"}, "geometry": {"type": "Point", "coordinates": [127.29785898571429, 36.599633985714284]}}, {"type": "Feature", "properties": {"name": "OSM feature", "amenity": "parking", "osm_id": 1547292430, "origin": "OBSERVED"}, "geometry": {"type": "Point", "coordinates": [127.29894907142857, 36.607175128571434]}}, {"type": "Feature", "properties": {"name": "OSM feature", "amenity": "shelter", "osm_id": 1547292436, "origin": "OBSERVED"}, "geometry": {"type": "Point", "coordinates": [127.28400234, 36.6033701]}}, {"type": "Feature", "properties": {"name": "OSM feature", "amenity": "shelter", "osm_id": 1547292437, "origin": "OBSERVED"}, "geometry": {"type": "Point", "coordinates": [127.28287500000002, 36.60311712]}}, {"type": "Feature", "properties": {"name": "카페 상리89", "amenity": "cafe", "osm_id": 1547386022, "origin": "OBSERVED"}, "geometry": {"type": "Point", "coordinates": [127.30282588, 36.6011479]}}, {"type": "Feature", "properties": {"name": "OSM feature", "amenity": "parking", "osm_id": 1547386026, "origin": "OBSERVED"}, "geometry": {"type": "Point", "coordinates": [127.30201148333333, 36.601432683333336]}}, {"type": "Feature", "properties": {"name": "MG새마을금고", "amenity": "bank", "osm_id": 1547386030, "origin": "OBSERVED"}, "geometry": {"type": "Point", "coordinates": [127.30112965000001, 36.600508057142854]}}, {"type": "Feature", "properties": {"name": "OSM feature", "amenity": "parking", "osm_id": 1547506097, "origin": "OBSERVED"}, "geometry": {"type": "Point", "coordinates": [127.3007924, 36.60296358]}}, {"type": "Feature", "properties": {"name": "OSM feature", "amenity": "parking", "osm_id": 1547506100, "origin": "OBSERVED"}, "geometry": {"type": "Point", "coordinates": [127.29909512857144, 36.60428672857143]}}, {"type": "Feature", "properties": {"name": "OSM feature", "amenity": "parking", "osm_id": 1547506101, "origin": "OBSERVED"}, "geometry": {"type": "Point", "coordinates": [127.29777628571428, 36.60435935714286]}}, {"type": "Feature", "properties": {"name": "OSM feature", "amenity": "parking", "osm_id": 1547881683, "origin": "OBSERVED"}, "geometry": {"type": "Point", "coordinates": [127.28778082, 36.617819680000004]}}, {"type": "Feature", "properties": {"name": "OSM feature", "amenity": "parking", "osm_id": 1549140188, "origin": "OBSERVED"}, "geometry": {"type": "Point", "coordinates": [127.29980406, 36.60406998]}}, {"type": "Feature", "properties": {"name": "OSM feature", "amenity": "parking", "osm_id": 1549258304, "origin": "OBSERVED"}, "geometry": {"type": "Point", "coordinates": [127.2941215, 36.592247285714286]}}, {"type": "Feature", "properties": {"name": "OSM feature", "amenity": "parking", "osm_id": 1549258305, "origin": "OBSERVED"}, "geometry": {"type": "Point", "coordinates": [127.2932541125, 36.5908720375]}}, {"type": "Feature", "properties": {"name": "OSM feature", "amenity": "parking", "osm_id": 1549258306, "origin": "OBSERVED"}, "geometry": {"type": "Point", "coordinates": [127.29308251666667, 36.59098715]}}, {"type": "Feature", "properties": {"name": "OSM feature", "amenity": "parking", "osm_id": 1549258346, "origin": "OBSERVED"}, "geometry": {"type": "Point", "coordinates": [127.3008100111111, 36.59057182222222]}}, {"type": "Feature", "properties": {"name": "죽림5리마을회관", "amenity": "townhall", "osm_id": 1549258361, "origin": "OBSERVED"}, "geometry": {"type": "Point", "coordinates": [127.29968182, 36.5918044]}}, {"type": "Feature", "properties": {"name": "OSM feature", "amenity": "parking", "osm_id": 1549619987, "origin": "OBSERVED"}, "geometry": {"type": "Point", "coordinates": [127.28830124000001, 36.61416316]}}, {"type": "Feature", "properties": {"name": "OSM feature", "amenity": "parking", "osm_id": 1549866768, "origin": "OBSERVED"}, "geometry": {"type": "Point", "coordinates": [127.29228646666667, 36.61409418333333]}}, {"type": "Feature", "properties": {"name": "OSM feature", "amenity": "parking", "osm_id": 1550272543, "origin": "OBSERVED"}, "geometry": {"type": "Point", "coordinates": [127.29437892000001, 36.6128563]}}, {"type": "Feature", "properties": {"name": "OSM feature", "amenity": "parking", "osm_id": 1550571435, "origin": "OBSERVED"}, "geometry": {"type": "Point", "coordinates": [127.29559366000001, 36.612929539999996]}}, {"type": "Feature", "properties": {"name": "OSM feature", "amenity": "parking", "osm_id": 1550571507, "origin": "OBSERVED"}, "geometry": {"type": "Point", "coordinates": [127.29556984000001, 36.61174074]}}, {"type": "Feature", "properties": {"name": "OSM feature", "amenity": "parking", "osm_id": 1550571513, "origin": "OBSERVED"}, "geometry": {"type": "Point", "coordinates": [127.29484878000001, 36.61203162]}}, {"type": "Feature", "properties": {"name": "OSM feature", "amenity": "parking", "osm_id": 1550571517, "origin": "OBSERVED"}, "geometry": {"type": "Point", "coordinates": [127.29609643333333, 36.61176954444445]}}, {"type": "Feature", "properties": {"name": "OSM feature", "amenity": "parking", "osm_id": 1550571533, "origin": "OBSERVED"}, "geometry": {"type": "Point", "coordinates": [127.29714105, 36.612577987499996]}}, {"type": "Feature", "properties": {"name": "OSM feature", "amenity": "parking", "osm_id": 1550799649, "origin": "OBSERVED"}, "geometry": {"type": "Point", "coordinates": [127.29646251428572, 36.61003382857143]}}, {"type": "Feature", "properties": {"name": "OSM feature", "amenity": "parking", "osm_id": 1550799650, "origin": "OBSERVED"}, "geometry": {"type": "Point", "coordinates": [127.296416, 36.6103085375]}}, {"type": "Feature", "properties": {"name": "OSM feature", "amenity": "parking", "osm_id": 1550799670, "origin": "OBSERVED"}, "geometry": {"type": "Point", "coordinates": [127.29636595, 36.60964333333333]}}, {"type": "Feature", "properties": {"name": "OSM feature", "amenity": "parking", "osm_id": 1551348672, "origin": "OBSERVED"}, "geometry": {"type": "Point", "coordinates": [127.2825945125, 36.601804825]}}, {"type": "Feature", "properties": {"name": "OSM feature", "amenity": "community_centre", "osm_id": 1551348679, "origin": "OBSERVED"}, "geometry": {"type": "Point", "coordinates": [127.28152942, 36.60283996]}}, {"type": "Feature", "properties": {"name": "OSM feature", "amenity": "ranger_station", "osm_id": 1551348680, "origin": "OBSERVED"}, "geometry": {"type": "Point", "coordinates": [127.28067464, 36.603104140000006]}}, {"type": "Feature", "properties": {"name": "OSM feature", "amenity": "parking", "osm_id": 1551348687, "origin": "OBSERVED"}, "geometry": {"type": "Point", "coordinates": [127.27971564444445, 36.60562338888889]}}, {"type": "Feature", "properties": {"name": "OSM feature", "amenity": "parking", "osm_id": 1551348694, "origin": "OBSERVED"}, "geometry": {"type": "Point", "coordinates": [127.29168538333333, 36.60230753333334]}}, {"type": "Feature", "properties": {"name": "OSM feature", "amenity": "cafe", "osm_id": 1551348695, "origin": "OBSERVED"}, "geometry": {"type": "Point", "coordinates": [127.29017833999998, 36.60308832]}}, {"type": "Feature", "properties": {"name": "OSM feature", "amenity": "ranger_station", "osm_id": 1551348705, "origin": "OBSERVED"}, "geometry": {"type": "Point", "coordinates": [127.28887912, 36.603171020000005]}}, {"type": "Feature", "properties": {"name": "OSM feature", "amenity": "parking", "osm_id": 1551569695, "origin": "OBSERVED"}, "geometry": {"type": "Point", "coordinates": [127.3032620111111, 36.602900866666666]}}, {"type": "Feature", "properties": {"name": "OSM feature", "amenity": "parking", "osm_id": 1551682145, "origin": "OBSERVED"}, "geometry": {"type": "Point", "coordinates": [127.29298796666666, 36.592948650000004]}}, {"type": "Feature", "properties": {"name": "OSM feature", "amenity": "parking", "osm_id": 1551981132, "origin": "OBSERVED"}, "geometry": {"type": "Point", "coordinates": [127.29810345714284, 36.60713684285714]}}, {"type": "Feature", "properties": {"name": "OSM feature", "amenity": "library", "osm_id": 1552985434, "origin": "OBSERVED"}, "geometry": {"type": "Point", "coordinates": [127.29997826153847, 36.611885746153845]}}, {"type": "Feature", "properties": {"name": "세종특별자치시교육청 교육문화원", "amenity": "community_centre", "osm_id": 1552985435, "origin": "OBSERVED"}, "geometry": {"type": "Point", "coordinates": [127.29963481, 36.61229669]}}]}