{
"type": "FeatureCollection",
"name": "osong_dem_low_elevation_context",
"crs": { "type": "name", "properties": { "name": "urn:ogc:def:crs:OGC:1.3:CRS84" } },
"features": [
{ "type": "Feature", "properties": { "grid_id": "dem-01-39", "mean_elevation_m": 27.82, "terrain_class": "LOW_ELEVATION_CONTEXT", "threshold_note": "LOW_ELEVATION_CONTEXT means <= AOI p25 elevation; it is not a flood extent." }, "geometry": { "type": "Polygon", "coordinates": [ [ [ 127.4, 36.67375 ], [ 127.4, 36.676875 ], [ 127.39675, 36.676875 ], [ 127.39675, 36.67375 ], [ 127.4, 36.67375 ] ] ] } },
{ "type": "Feature", "properties": { "grid_id": "dem-02-38", "mean_elevation_m": 26.85, "terrain_class": "LOW_ELEVATION_CONTEXT", "threshold_note": "LOW_ELEVATION_CONTEXT means <= AOI p25 elevation; it is not a flood extent." }, "geometry": { "type": "Polygon", "coordinates": [ [ [ 127.39675, 36.670625 ], [ 127.39675, 36.67375 ], [ 127.3935, 36.67375 ], [ 127.3935, 36.670625 ], [ 127.39675, 36.670625 ] ] ] } },
{ "type": "Feature", "properties": { "grid_id": "dem-03-36", "mean_elevation_m": 29.98, "terrain_class": "LOW_ELEVATION_CONTEXT", "threshold_note": "LOW_ELEVATION_CONTEXT means <= AOI p25 elevation; it is not a flood extent." }, "geometry": { "type": "Polygon", "coordinates": [ [ [ 127.39025, 36.6675 ], [ 127.39025, 36.670625 ], [ 127.387, 36.670625 ], [ 127.387, 36.6675 ], [ 127.39025, 36.6675 ] ] ] } },
{ "type": "Feature", "properties": { "grid_id": "dem-03-37", "mean_elevation_m": 27.64, "terrain_class": "LOW_ELEVATION_CONTEXT", "threshold_note": "LOW_ELEVATION_CONTEXT means <= AOI p25 elevation; it is not a flood extent." }, "geometry": { "type": "Polygon", "coordinates": [ [ [ 127.3935, 36.6675 ], [ 127.3935, 36.670625 ], [ 127.39025, 36.670625 ], [ 127.39025, 36.6675 ], [ 127.3935, 36.6675 ] ] ] } },
{ "type": "Feature", "properties": { "grid_id": "dem-03-39", "mean_elevation_m": 29.94, "terrain_class": "LOW_ELEVATION_CONTEXT", "threshold_note": "LOW_ELEVATION_CONTEXT means <= AOI p25 elevation; it is not a flood extent." }, "geometry": { "type": "Polygon", "coordinates": [ [ [ 127.4, 36.6675 ], [ 127.4, 36.670625 ], [ 127.39675, 36.670625 ], [ 127.39675, 36.6675 ], [ 127.4, 36.6675 ] ] ] } },
{ "type": "Feature", "properties": { "grid_id": "dem-04-35", "mean_elevation_m": 29.84, "terrain_class": "LOW_ELEVATION_CONTEXT", "threshold_note": "LOW_ELEVATION_CONTEXT means <= AOI p25 elevation; it is not a flood extent." }, "geometry": { "type": "Polygon", "coordinates": [ [ [ 127.387, 36.664375 ], [ 127.387, 36.6675 ], [ 127.38375, 36.6675 ], [ 127.38375, 36.664375 ], [ 127.387, 36.664375 ] ] ] } },
{ "type": "Feature", "properties": { "grid_id": "dem-04-36", "mean_elevation_m": 27.62, "terrain_class": "LOW_ELEVATION_CONTEXT", "threshold_note": "LOW_ELEVATION_CONTEXT means <= AOI p25 elevation; it is not a flood extent." }, "geometry": { "type": "Polygon", "coordinates": [ [ [ 127.39025, 36.664375 ], [ 127.39025, 36.6675 ], [ 127.387, 36.6675 ], [ 127.387, 36.664375 ], [ 127.39025, 36.664375 ] ] ] } },
{ "type": "Feature", "properties": { "grid_id": "dem-05-33", "mean_elevation_m": 29.76, "terrain_class": "LOW_ELEVATION_CONTEXT", "threshold_note": "LOW_ELEVATION_CONTEXT means <= AOI p25 elevation; it is not a flood extent." }, "geometry": { "type": "Polygon", "coordinates": [ [ [ 127.3805, 36.66125 ], [ 127.3805, 36.664375 ], [ 127.37725, 36.664375 ], [ 127.37725, 36.66125 ], [ 127.3805, 36.66125 ] ] ] } },
{ "type": "Feature", "properties": { "grid_id": "dem-05-34", "mean_elevation_m": 27.97, "terrain_class": "LOW_ELEVATION_CONTEXT", "threshold_note": "LOW_ELEVATION_CONTEXT means <= AOI p25 elevation; it is not a flood extent." }, "geometry": { "type": "Polygon", "coordinates": [ [ [ 127.38375, 36.66125 ], [ 127.38375, 36.664375 ], [ 127.3805, 36.664375 ], [ 127.3805, 36.66125 ], [ 127.38375, 36.66125 ] ] ] } },
{ "type": "Feature", "properties": { "grid_id": "dem-05-35", "mean_elevation_m": 28.73, "terrain_class": "LOW_ELEVATION_CONTEXT", "threshold_note": "LOW_ELEVATION_CONTEXT means <= AOI p25 elevation; it is not a flood extent." }, "geometry": { "type": "Polygon", "coordinates": [ [ [ 127.387, 36.66125 ], [ 127.387, 36.664375 ], [ 127.38375, 36.664375 ], [ 127.38375, 36.66125 ], [ 127.387, 36.66125 ] ] ] } },
{ "type": "Feature", "properties": { "grid_id": "dem-05-36", "mean_elevation_m": 27.48, "terrain_class": "LOW_ELEVATION_CONTEXT", "threshold_note": "LOW_ELEVATION_CONTEXT means <= AOI p25 elevation; it is not a flood extent." }, "geometry": { "type": "Polygon", "coordinates": [ [ [ 127.39025, 36.66125 ], [ 127.39025, 36.664375 ], [ 127.387, 36.664375 ], [ 127.387, 36.66125 ], [ 127.39025, 36.66125 ] ] ] } },
{ "type": "Feature", "properties": { "grid_id": "dem-05-39", "mean_elevation_m": 28.88, "terrain_class": "LOW_ELEVATION_CONTEXT", "threshold_note": "LOW_ELEVATION_CONTEXT means <= AOI p25 elevation; it is not a flood extent." }, "geometry": { "type": "Polygon", "coordinates": [ [ [ 127.4, 36.66125 ], [ 127.4, 36.664375 ], [ 127.39675, 36.664375 ], [ 127.39675, 36.66125 ], [ 127.4, 36.66125 ] ] ] } },
{ "type": "Feature", "properties": { "grid_id": "dem-06-23", "mean_elevation_m": 29.38, "terrain_class": "LOW_ELEVATION_CONTEXT", "threshold_note": "LOW_ELEVATION_CONTEXT means <= AOI p25 elevation; it is not a flood extent." }, "geometry": { "type": "Polygon", "coordinates": [ [ [ 127.348, 36.658125 ], [ 127.348, 36.66125 ], [ 127.34475, 36.66125 ], [ 127.34475, 36.658125 ], [ 127.348, 36.658125 ] ] ] } },
{ "type": "Feature", "properties": { "grid_id": "dem-06-31", "mean_elevation_m": 29.14, "terrain_class": "LOW_ELEVATION_CONTEXT", "threshold_note": "LOW_ELEVATION_CONTEXT means <= AOI p25 elevation; it is not a flood extent." }, "geometry": { "type": "Polygon", "coordinates": [ [ [ 127.374, 36.658125 ], [ 127.374, 36.66125 ], [ 127.37075, 36.66125 ], [ 127.37075, 36.658125 ], [ 127.374, 36.658125 ] ] ] } },
{ "type": "Feature", "properties": { "grid_id": "dem-06-32", "mean_elevation_m": 28.4, "terrain_class": "LOW_ELEVATION_CONTEXT", "threshold_note": "LOW_ELEVATION_CONTEXT means <= AOI p25 elevation; it is not a flood extent." }, "geometry": { "type": "Polygon", "coordinates": [ [ [ 127.37725, 36.658125 ], [ 127.37725, 36.66125 ], [ 127.374, 36.66125 ], [ 127.374, 36.658125 ], [ 127.37725, 36.658125 ] ] ] } },
{ "type": "Feature", "properties": { "grid_id": "dem-06-33", "mean_elevation_m": 28.36, "terrain_class": "LOW_ELEVATION_CONTEXT", "threshold_note": "LOW_ELEVATION_CONTEXT means <= AOI p25 elevation; it is not a flood extent." }, "geometry": { "type": "Polygon", "coordinates": [ [ [ 127.3805, 36.658125 ], [ 127.3805, 36.66125 ], [ 127.37725, 36.66125 ], [ 127.37725, 36.658125 ], [ 127.3805, 36.658125 ] ] ] } },
{ "type": "Feature", "properties": { "grid_id": "dem-06-34", "mean_elevation_m": 29.88, "terrain_class": "LOW_ELEVATION_CONTEXT", "threshold_note": "LOW_ELEVATION_CONTEXT means <= AOI p25 elevation; it is not a flood extent." }, "geometry": { "type": "Polygon", "coordinates": [ [ [ 127.38375, 36.658125 ], [ 127.38375, 36.66125 ], [ 127.3805, 36.66125 ], [ 127.3805, 36.658125 ], [ 127.38375, 36.658125 ] ] ] } },
{ "type": "Feature", "properties": { "grid_id": "dem-06-35", "mean_elevation_m": 25.11, "terrain_class": "LOW_ELEVATION_CONTEXT", "threshold_note": "LOW_ELEVATION_CONTEXT means <= AOI p25 elevation; it is not a flood extent." }, "geometry": { "type": "Polygon", "coordinates": [ [ [ 127.387, 36.658125 ], [ 127.387, 36.66125 ], [ 127.38375, 36.66125 ], [ 127.38375, 36.658125 ], [ 127.387, 36.658125 ] ] ] } },
{ "type": "Feature", "properties": { "grid_id": "dem-06-36", "mean_elevation_m": 28.56, "terrain_class": "LOW_ELEVATION_CONTEXT", "threshold_note": "LOW_ELEVATION_CONTEXT means <= AOI p25 elevation; it is not a flood extent." }, "geometry": { "type": "Polygon", "coordinates": [ [ [ 127.39025, 36.658125 ], [ 127.39025, 36.66125 ], [ 127.387, 36.66125 ], [ 127.387, 36.658125 ], [ 127.39025, 36.658125 ] ] ] } },
{ "type": "Feature", "properties": { "grid_id": "dem-06-37", "mean_elevation_m": 28.9, "terrain_class": "LOW_ELEVATION_CONTEXT", "threshold_note": "LOW_ELEVATION_CONTEXT means <= AOI p25 elevation; it is not a flood extent." }, "geometry": { "type": "Polygon", "coordinates": [ [ [ 127.3935, 36.658125 ], [ 127.3935, 36.66125 ], [ 127.39025, 36.66125 ], [ 127.39025, 36.658125 ], [ 127.3935, 36.658125 ] ] ] } },
{ "type": "Feature", "properties": { "grid_id": "dem-06-38", "mean_elevation_m": 28.4, "terrain_class": "LOW_ELEVATION_CONTEXT", "threshold_note": "LOW_ELEVATION_CONTEXT means <= AOI p25 elevation; it is not a flood extent." }, "geometry": { "type": "Polygon", "coordinates": [ [ [ 127.39675, 36.658125 ], [ 127.39675, 36.66125 ], [ 127.3935, 36.66125 ], [ 127.3935, 36.658125 ], [ 127.39675, 36.658125 ] ] ] } },
{ "type": "Feature", "properties": { "grid_id": "dem-06-39", "mean_elevation_m": 29.03, "terrain_class": "LOW_ELEVATION_CONTEXT", "threshold_note": "LOW_ELEVATION_CONTEXT means <= AOI p25 elevation; it is not a flood extent." }, "geometry": { "type": "Polygon", "coordinates": [ [ [ 127.4, 36.658125 ], [ 127.4, 36.66125 ], [ 127.39675, 36.66125 ], [ 127.39675, 36.658125 ], [ 127.4, 36.658125 ] ] ] } },
{ "type": "Feature", "properties": { "grid_id": "dem-07-32", "mean_elevation_m": 27.16, "terrain_class": "LOW_ELEVATION_CONTEXT", "threshold_note": "LOW_ELEVATION_CONTEXT means <= AOI p25 elevation; it is not a flood extent." }, "geometry": { "type": "Polygon", "coordinates": [ [ [ 127.37725, 36.655 ], [ 127.37725, 36.658125 ], [ 127.374, 36.658125 ], [ 127.374, 36.655 ], [ 127.37725, 36.655 ] ] ] } },
{ "type": "Feature", "properties": { "grid_id": "dem-07-33", "mean_elevation_m": 29.24, "terrain_class": "LOW_ELEVATION_CONTEXT", "threshold_note": "LOW_ELEVATION_CONTEXT means <= AOI p25 elevation; it is not a flood extent." }, "geometry": { "type": "Polygon", "coordinates": [ [ [ 127.3805, 36.655 ], [ 127.3805, 36.658125 ], [ 127.37725, 36.658125 ], [ 127.37725, 36.655 ], [ 127.3805, 36.655 ] ] ] } },
{ "type": "Feature", "properties": { "grid_id": "dem-07-34", "mean_elevation_m": 25.75, "terrain_class": "LOW_ELEVATION_CONTEXT", "threshold_note": "LOW_ELEVATION_CONTEXT means <= AOI p25 elevation; it is not a flood extent." }, "geometry": { "type": "Polygon", "coordinates": [ [ [ 127.38375, 36.655 ], [ 127.38375, 36.658125 ], [ 127.3805, 36.658125 ], [ 127.3805, 36.655 ], [ 127.38375, 36.655 ] ] ] } },
{ "type": "Feature", "properties": { "grid_id": "dem-07-35", "mean_elevation_m": 29.72, "terrain_class": "LOW_ELEVATION_CONTEXT", "threshold_note": "LOW_ELEVATION_CONTEXT means <= AOI p25 elevation; it is not a flood extent." }, "geometry": { "type": "Polygon", "coordinates": [ [ [ 127.387, 36.655 ], [ 127.387, 36.658125 ], [ 127.38375, 36.658125 ], [ 127.38375, 36.655 ], [ 127.387, 36.655 ] ] ] } },
{ "type": "Feature", "properties": { "grid_id": "dem-07-36", "mean_elevation_m": 29.39, "terrain_class": "LOW_ELEVATION_CONTEXT", "threshold_note": "LOW_ELEVATION_CONTEXT means <= AOI p25 elevation; it is not a flood extent." }, "geometry": { "type": "Polygon", "coordinates": [ [ [ 127.39025, 36.655 ], [ 127.39025, 36.658125 ], [ 127.387, 36.658125 ], [ 127.387, 36.655 ], [ 127.39025, 36.655 ] ] ] } },
{ "type": "Feature", "properties": { "grid_id": "dem-07-37", "mean_elevation_m": 29.17, "terrain_class": "LOW_ELEVATION_CONTEXT", "threshold_note": "LOW_ELEVATION_CONTEXT means <= AOI p25 elevation; it is not a flood extent." }, "geometry": { "type": "Polygon", "coordinates": [ [ [ 127.3935, 36.655 ], [ 127.3935, 36.658125 ], [ 127.39025, 36.658125 ], [ 127.39025, 36.655 ], [ 127.3935, 36.655 ] ] ] } },
{ "type": "Feature", "properties": { "grid_id": "dem-07-38", "mean_elevation_m": 29.93, "terrain_class": "LOW_ELEVATION_CONTEXT", "threshold_note": "LOW_ELEVATION_CONTEXT means <= AOI p25 elevation; it is not a flood extent." }, "geometry": { "type": "Polygon", "coordinates": [ [ [ 127.39675, 36.655 ], [ 127.39675, 36.658125 ], [ 127.3935, 36.658125 ], [ 127.3935, 36.655 ], [ 127.39675, 36.655 ] ] ] } },
{ "type": "Feature", "properties": { "grid_id": "dem-08-24", "mean_elevation_m": 28.12, "terrain_class": "LOW_ELEVATION_CONTEXT", "threshold_note": "LOW_ELEVATION_CONTEXT means <= AOI p25 elevation; it is not a flood extent." }, "geometry": { "type": "Polygon", "coordinates": [ [ [ 127.35125, 36.651875 ], [ 127.35125, 36.655 ], [ 127.348, 36.655 ], [ 127.348, 36.651875 ], [ 127.35125, 36.651875 ] ] ] } },
{ "type": "Feature", "properties": { "grid_id": "dem-08-28", "mean_elevation_m": 29.09, "terrain_class": "LOW_ELEVATION_CONTEXT", "threshold_note": "LOW_ELEVATION_CONTEXT means <= AOI p25 elevation; it is not a flood extent." }, "geometry": { "type": "Polygon", "coordinates": [ [ [ 127.36425, 36.651875 ], [ 127.36425, 36.655 ], [ 127.361, 36.655 ], [ 127.361, 36.651875 ], [ 127.36425, 36.651875 ] ] ] } },
{ "type": "Feature", "properties": { "grid_id": "dem-08-29", "mean_elevation_m": 29.3, "terrain_class": "LOW_ELEVATION_CONTEXT", "threshold_note": "LOW_ELEVATION_CONTEXT means <= AOI p25 elevation; it is not a flood extent." }, "geometry": { "type": "Polygon", "coordinates": [ [ [ 127.3675, 36.651875 ], [ 127.3675, 36.655 ], [ 127.36425, 36.655 ], [ 127.36425, 36.651875 ], [ 127.3675, 36.651875 ] ] ] } },
{ "type": "Feature", "properties": { "grid_id": "dem-08-30", "mean_elevation_m": 29.06, "terrain_class": "LOW_ELEVATION_CONTEXT", "threshold_note": "LOW_ELEVATION_CONTEXT means <= AOI p25 elevation; it is not a flood extent." }, "geometry": { "type": "Polygon", "coordinates": [ [ [ 127.37075, 36.651875 ], [ 127.37075, 36.655 ], [ 127.3675, 36.655 ], [ 127.3675, 36.651875 ], [ 127.37075, 36.651875 ] ] ] } },
{ "type": "Feature", "properties": { "grid_id": "dem-08-32", "mean_elevation_m": 28.78, "terrain_class": "LOW_ELEVATION_CONTEXT", "threshold_note": "LOW_ELEVATION_CONTEXT means <= AOI p25 elevation; it is not a flood extent." }, "geometry": { "type": "Polygon", "coordinates": [ [ [ 127.37725, 36.651875 ], [ 127.37725, 36.655 ], [ 127.374, 36.655 ], [ 127.374, 36.651875 ], [ 127.37725, 36.651875 ] ] ] } },
{ "type": "Feature", "properties": { "grid_id": "dem-08-33", "mean_elevation_m": 25.65, "terrain_class": "LOW_ELEVATION_CONTEXT", "threshold_note": "LOW_ELEVATION_CONTEXT means <= AOI p25 elevation; it is not a flood extent." }, "geometry": { "type": "Polygon", "coordinates": [ [ [ 127.3805, 36.651875 ], [ 127.3805, 36.655 ], [ 127.37725, 36.655 ], [ 127.37725, 36.651875 ], [ 127.3805, 36.651875 ] ] ] } },
{ "type": "Feature", "properties": { "grid_id": "dem-08-34", "mean_elevation_m": 29.2, "terrain_class": "LOW_ELEVATION_CONTEXT", "threshold_note": "LOW_ELEVATION_CONTEXT means <= AOI p25 elevation; it is not a flood extent." }, "geometry": { "type": "Polygon", "coordinates": [ [ [ 127.38375, 36.651875 ], [ 127.38375, 36.655 ], [ 127.3805, 36.655 ], [ 127.3805, 36.651875 ], [ 127.38375, 36.651875 ] ] ] } },
{ "type": "Feature", "properties": { "grid_id": "dem-08-35", "mean_elevation_m": 28.67, "terrain_class": "LOW_ELEVATION_CONTEXT", "threshold_note": "LOW_ELEVATION_CONTEXT means <= AOI p25 elevation; it is not a flood extent." }, "geometry": { "type": "Polygon", "coordinates": [ [ [ 127.387, 36.651875 ], [ 127.387, 36.655 ], [ 127.38375, 36.655 ], [ 127.38375, 36.651875 ], [ 127.387, 36.651875 ] ] ] } },
{ "type": "Feature", "properties": { "grid_id": "dem-08-36", "mean_elevation_m": 29.35, "terrain_class": "LOW_ELEVATION_CONTEXT", "threshold_note": "LOW_ELEVATION_CONTEXT means <= AOI p25 elevation; it is not a flood extent." }, "geometry": { "type": "Polygon", "coordinates": [ [ [ 127.39025, 36.651875 ], [ 127.39025, 36.655 ], [ 127.387, 36.655 ], [ 127.387, 36.651875 ], [ 127.39025, 36.651875 ] ] ] } },
{ "type": "Feature", "properties": { "grid_id": "dem-08-37", "mean_elevation_m": 29.59, "terrain_class": "LOW_ELEVATION_CONTEXT", "threshold_note": "LOW_ELEVATION_CONTEXT means <= AOI p25 elevation; it is not a flood extent." }, "geometry": { "type": "Polygon", "coordinates": [ [ [ 127.3935, 36.651875 ], [ 127.3935, 36.655 ], [ 127.39025, 36.655 ], [ 127.39025, 36.651875 ], [ 127.3935, 36.651875 ] ] ] } },
{ "type": "Feature", "properties": { "grid_id": "dem-09-23", "mean_elevation_m": 29.12, "terrain_class": "LOW_ELEVATION_CONTEXT", "threshold_note": "LOW_ELEVATION_CONTEXT means <= AOI p25 elevation; it is not a flood extent." }, "geometry": { "type": "Polygon", "coordinates": [ [ [ 127.348, 36.64875 ], [ 127.348, 36.651875 ], [ 127.34475, 36.651875 ], [ 127.34475, 36.64875 ], [ 127.348, 36.64875 ] ] ] } },
{ "type": "Feature", "properties": { "grid_id": "dem-09-24", "mean_elevation_m": 28.64, "terrain_class": "LOW_ELEVATION_CONTEXT", "threshold_note": "LOW_ELEVATION_CONTEXT means <= AOI p25 elevation; it is not a flood extent." }, "geometry": { "type": "Polygon", "coordinates": [ [ [ 127.35125, 36.64875 ], [ 127.35125, 36.651875 ], [ 127.348, 36.651875 ], [ 127.348, 36.64875 ], [ 127.35125, 36.64875 ] ] ] } },
{ "type": "Feature", "properties": { "grid_id": "dem-09-25", "mean_elevation_m": 28.11, "terrain_class": "LOW_ELEVATION_CONTEXT", "threshold_note": "LOW_ELEVATION_CONTEXT means <= AOI p25 elevation; it is not a flood extent." }, "geometry": { "type": "Polygon", "coordinates": [ [ [ 127.3545, 36.64875 ], [ 127.3545, 36.651875 ], [ 127.35125, 36.651875 ], [ 127.35125, 36.64875 ], [ 127.3545, 36.64875 ] ] ] } },
{ "type": "Feature", "properties": { "grid_id": "dem-09-27", "mean_elevation_m": 28.3, "terrain_class": "LOW_ELEVATION_CONTEXT", "threshold_note": "LOW_ELEVATION_CONTEXT means <= AOI p25 elevation; it is not a flood extent." }, "geometry": { "type": "Polygon", "coordinates": [ [ [ 127.361, 36.64875 ], [ 127.361, 36.651875 ], [ 127.35775, 36.651875 ], [ 127.35775, 36.64875 ], [ 127.361, 36.64875 ] ] ] } },
{ "type": "Feature", "properties": { "grid_id": "dem-09-28", "mean_elevation_m": 27.95, "terrain_class": "LOW_ELEVATION_CONTEXT", "threshold_note": "LOW_ELEVATION_CONTEXT means <= AOI p25 elevation; it is not a flood extent." }, "geometry": { "type": "Polygon", "coordinates": [ [ [ 127.36425, 36.64875 ], [ 127.36425, 36.651875 ], [ 127.361, 36.651875 ], [ 127.361, 36.64875 ], [ 127.36425, 36.64875 ] ] ] } },
{ "type": "Feature", "properties": { "grid_id": "dem-09-29", "mean_elevation_m": 27.99, "terrain_class": "LOW_ELEVATION_CONTEXT", "threshold_note": "LOW_ELEVATION_CONTEXT means <= AOI p25 elevation; it is not a flood extent." }, "geometry": { "type": "Polygon", "coordinates": [ [ [ 127.3675, 36.64875 ], [ 127.3675, 36.651875 ], [ 127.36425, 36.651875 ], [ 127.36425, 36.64875 ], [ 127.3675, 36.64875 ] ] ] } },
{ "type": "Feature", "properties": { "grid_id": "dem-09-30", "mean_elevation_m": 28.38, "terrain_class": "LOW_ELEVATION_CONTEXT", "threshold_note": "LOW_ELEVATION_CONTEXT means <= AOI p25 elevation; it is not a flood extent." }, "geometry": { "type": "Polygon", "coordinates": [ [ [ 127.37075, 36.64875 ], [ 127.37075, 36.651875 ], [ 127.3675, 36.651875 ], [ 127.3675, 36.64875 ], [ 127.37075, 36.64875 ] ] ] } },
{ "type": "Feature", "properties": { "grid_id": "dem-09-31", "mean_elevation_m": 27.64, "terrain_class": "LOW_ELEVATION_CONTEXT", "threshold_note": "LOW_ELEVATION_CONTEXT means <= AOI p25 elevation; it is not a flood extent." }, "geometry": { "type": "Polygon", "coordinates": [ [ [ 127.374, 36.64875 ], [ 127.374, 36.651875 ], [ 127.37075, 36.651875 ], [ 127.37075, 36.64875 ], [ 127.374, 36.64875 ] ] ] } },
{ "type": "Feature", "properties": { "grid_id": "dem-09-32", "mean_elevation_m": 26.83, "terrain_class": "LOW_ELEVATION_CONTEXT", "threshold_note": "LOW_ELEVATION_CONTEXT means <= AOI p25 elevation; it is not a flood extent." }, "geometry": { "type": "Polygon", "coordinates": [ [ [ 127.37725, 36.64875 ], [ 127.37725, 36.651875 ], [ 127.374, 36.651875 ], [ 127.374, 36.64875 ], [ 127.37725, 36.64875 ] ] ] } },
{ "type": "Feature", "properties": { "grid_id": "dem-09-33", "mean_elevation_m": 27.78, "terrain_class": "LOW_ELEVATION_CONTEXT", "threshold_note": "LOW_ELEVATION_CONTEXT means <= AOI p25 elevation; it is not a flood extent." }, "geometry": { "type": "Polygon", "coordinates": [ [ [ 127.3805, 36.64875 ], [ 127.3805, 36.651875 ], [ 127.37725, 36.651875 ], [ 127.37725, 36.64875 ], [ 127.3805, 36.64875 ] ] ] } },
{ "type": "Feature", "properties": { "grid_id": "dem-09-34", "mean_elevation_m": 28.76, "terrain_class": "LOW_ELEVATION_CONTEXT", "threshold_note": "LOW_ELEVATION_CONTEXT means <= AOI p25 elevation; it is not a flood extent." }, "geometry": { "type": "Polygon", "coordinates": [ [ [ 127.38375, 36.64875 ], [ 127.38375, 36.651875 ], [ 127.3805, 36.651875 ], [ 127.3805, 36.64875 ], [ 127.38375, 36.64875 ] ] ] } },
{ "type": "Feature", "properties": { "grid_id": "dem-09-35", "mean_elevation_m": 28.59, "terrain_class": "LOW_ELEVATION_CONTEXT", "threshold_note": "LOW_ELEVATION_CONTEXT means <= AOI p25 elevation; it is not a flood extent." }, "geometry": { "type": "Polygon", "coordinates": [ [ [ 127.387, 36.64875 ], [ 127.387, 36.651875 ], [ 127.38375, 36.651875 ], [ 127.38375, 36.64875 ], [ 127.387, 36.64875 ] ] ] } },
{ "type": "Feature", "properties": { "grid_id": "dem-09-36", "mean_elevation_m": 28.54, "terrain_class": "LOW_ELEVATION_CONTEXT", "threshold_note": "LOW_ELEVATION_CONTEXT means <= AOI p25 elevation; it is not a flood extent." }, "geometry": { "type": "Polygon", "coordinates": [ [ [ 127.39025, 36.64875 ], [ 127.39025, 36.651875 ], [ 127.387, 36.651875 ], [ 127.387, 36.64875 ], [ 127.39025, 36.64875 ] ] ] } },
{ "type": "Feature", "properties": { "grid_id": "dem-09-37", "mean_elevation_m": 29.24, "terrain_class": "LOW_ELEVATION_CONTEXT", "threshold_note": "LOW_ELEVATION_CONTEXT means <= AOI p25 elevation; it is not a flood extent." }, "geometry": { "type": "Polygon", "coordinates": [ [ [ 127.3935, 36.64875 ], [ 127.3935, 36.651875 ], [ 127.39025, 36.651875 ], [ 127.39025, 36.64875 ], [ 127.3935, 36.64875 ] ] ] } },
{ "type": "Feature", "properties": { "grid_id": "dem-10-24", "mean_elevation_m": 27.13, "terrain_class": "LOW_ELEVATION_CONTEXT", "threshold_note": "LOW_ELEVATION_CONTEXT means <= AOI p25 elevation; it is not a flood extent." }, "geometry": { "type": "Polygon", "coordinates": [ [ [ 127.35125, 36.645625 ], [ 127.35125, 36.64875 ], [ 127.348, 36.64875 ], [ 127.348, 36.645625 ], [ 127.35125, 36.645625 ] ] ] } },
{ "type": "Feature", "properties": { "grid_id": "dem-10-25", "mean_elevation_m": 29.04, "terrain_class": "LOW_ELEVATION_CONTEXT", "threshold_note": "LOW_ELEVATION_CONTEXT means <= AOI p25 elevation; it is not a flood extent." }, "geometry": { "type": "Polygon", "coordinates": [ [ [ 127.3545, 36.645625 ], [ 127.3545, 36.64875 ], [ 127.35125, 36.64875 ], [ 127.35125, 36.645625 ], [ 127.3545, 36.645625 ] ] ] } },
{ "type": "Feature", "properties": { "grid_id": "dem-10-26", "mean_elevation_m": 27.71, "terrain_class": "LOW_ELEVATION_CONTEXT", "threshold_note": "LOW_ELEVATION_CONTEXT means <= AOI p25 elevation; it is not a flood extent." }, "geometry": { "type": "Polygon", "coordinates": [ [ [ 127.35775, 36.645625 ], [ 127.35775, 36.64875 ], [ 127.3545, 36.64875 ], [ 127.3545, 36.645625 ], [ 127.35775, 36.645625 ] ] ] } },
{ "type": "Feature", "properties": { "grid_id": "dem-10-27", "mean_elevation_m": 27.39, "terrain_class": "LOW_ELEVATION_CONTEXT", "threshold_note": "LOW_ELEVATION_CONTEXT means <= AOI p25 elevation; it is not a flood extent." }, "geometry": { "type": "Polygon", "coordinates": [ [ [ 127.361, 36.645625 ], [ 127.361, 36.64875 ], [ 127.35775, 36.64875 ], [ 127.35775, 36.645625 ], [ 127.361, 36.645625 ] ] ] } },
{ "type": "Feature", "properties": { "grid_id": "dem-10-28", "mean_elevation_m": 27.72, "terrain_class": "LOW_ELEVATION_CONTEXT", "threshold_note": "LOW_ELEVATION_CONTEXT means <= AOI p25 elevation; it is not a flood extent." }, "geometry": { "type": "Polygon", "coordinates": [ [ [ 127.36425, 36.645625 ], [ 127.36425, 36.64875 ], [ 127.361, 36.64875 ], [ 127.361, 36.645625 ], [ 127.36425, 36.645625 ] ] ] } },
{ "type": "Feature", "properties": { "grid_id": "dem-10-29", "mean_elevation_m": 28.09, "terrain_class": "LOW_ELEVATION_CONTEXT", "threshold_note": "LOW_ELEVATION_CONTEXT means <= AOI p25 elevation; it is not a flood extent." }, "geometry": { "type": "Polygon", "coordinates": [ [ [ 127.3675, 36.645625 ], [ 127.3675, 36.64875 ], [ 127.36425, 36.64875 ], [ 127.36425, 36.645625 ], [ 127.3675, 36.645625 ] ] ] } },
{ "type": "Feature", "properties": { "grid_id": "dem-10-30", "mean_elevation_m": 25.87, "terrain_class": "LOW_ELEVATION_CONTEXT", "threshold_note": "LOW_ELEVATION_CONTEXT means <= AOI p25 elevation; it is not a flood extent." }, "geometry": { "type": "Polygon", "coordinates": [ [ [ 127.37075, 36.645625 ], [ 127.37075, 36.64875 ], [ 127.3675, 36.64875 ], [ 127.3675, 36.645625 ], [ 127.37075, 36.645625 ] ] ] } },
{ "type": "Feature", "properties": { "grid_id": "dem-10-31", "mean_elevation_m": 27.4, "terrain_class": "LOW_ELEVATION_CONTEXT", "threshold_note": "LOW_ELEVATION_CONTEXT means <= AOI p25 elevation; it is not a flood extent." }, "geometry": { "type": "Polygon", "coordinates": [ [ [ 127.374, 36.645625 ], [ 127.374, 36.64875 ], [ 127.37075, 36.64875 ], [ 127.37075, 36.645625 ], [ 127.374, 36.645625 ] ] ] } },
{ "type": "Feature", "properties": { "grid_id": "dem-10-33", "mean_elevation_m": 26.69, "terrain_class": "LOW_ELEVATION_CONTEXT", "threshold_note": "LOW_ELEVATION_CONTEXT means <= AOI p25 elevation; it is not a flood extent." }, "geometry": { "type": "Polygon", "coordinates": [ [ [ 127.3805, 36.645625 ], [ 127.3805, 36.64875 ], [ 127.37725, 36.64875 ], [ 127.37725, 36.645625 ], [ 127.3805, 36.645625 ] ] ] } },
{ "type": "Feature", "properties": { "grid_id": "dem-10-34", "mean_elevation_m": 28.58, "terrain_class": "LOW_ELEVATION_CONTEXT", "threshold_note": "LOW_ELEVATION_CONTEXT means <= AOI p25 elevation; it is not a flood extent." }, "geometry": { "type": "Polygon", "coordinates": [ [ [ 127.38375, 36.645625 ], [ 127.38375, 36.64875 ], [ 127.3805, 36.64875 ], [ 127.3805, 36.645625 ], [ 127.38375, 36.645625 ] ] ] } },
{ "type": "Feature", "properties": { "grid_id": "dem-10-35", "mean_elevation_m": 28.62, "terrain_class": "LOW_ELEVATION_CONTEXT", "threshold_note": "LOW_ELEVATION_CONTEXT means <= AOI p25 elevation; it is not a flood extent." }, "geometry": { "type": "Polygon", "coordinates": [ [ [ 127.387, 36.645625 ], [ 127.387, 36.64875 ], [ 127.38375, 36.64875 ], [ 127.38375, 36.645625 ], [ 127.387, 36.645625 ] ] ] } },
{ "type": "Feature", "properties": { "grid_id": "dem-10-36", "mean_elevation_m": 27.97, "terrain_class": "LOW_ELEVATION_CONTEXT", "threshold_note": "LOW_ELEVATION_CONTEXT means <= AOI p25 elevation; it is not a flood extent." }, "geometry": { "type": "Polygon", "coordinates": [ [ [ 127.39025, 36.645625 ], [ 127.39025, 36.64875 ], [ 127.387, 36.64875 ], [ 127.387, 36.645625 ], [ 127.39025, 36.645625 ] ] ] } },
{ "type": "Feature", "properties": { "grid_id": "dem-11-24", "mean_elevation_m": 26.29, "terrain_class": "LOW_ELEVATION_CONTEXT", "threshold_note": "LOW_ELEVATION_CONTEXT means <= AOI p25 elevation; it is not a flood extent." }, "geometry": { "type": "Polygon", "coordinates": [ [ [ 127.35125, 36.6425 ], [ 127.35125, 36.645625 ], [ 127.348, 36.645625 ], [ 127.348, 36.6425 ], [ 127.35125, 36.6425 ] ] ] } },
{ "type": "Feature", "properties": { "grid_id": "dem-11-25", "mean_elevation_m": 28.45, "terrain_class": "LOW_ELEVATION_CONTEXT", "threshold_note": "LOW_ELEVATION_CONTEXT means <= AOI p25 elevation; it is not a flood extent." }, "geometry": { "type": "Polygon", "coordinates": [ [ [ 127.3545, 36.6425 ], [ 127.3545, 36.645625 ], [ 127.35125, 36.645625 ], [ 127.35125, 36.6425 ], [ 127.3545, 36.6425 ] ] ] } },
{ "type": "Feature", "properties": { "grid_id": "dem-11-26", "mean_elevation_m": 27.99, "terrain_class": "LOW_ELEVATION_CONTEXT", "threshold_note": "LOW_ELEVATION_CONTEXT means <= AOI p25 elevation; it is not a flood extent." }, "geometry": { "type": "Polygon", "coordinates": [ [ [ 127.35775, 36.6425 ], [ 127.35775, 36.645625 ], [ 127.3545, 36.645625 ], [ 127.3545, 36.6425 ], [ 127.35775, 36.6425 ] ] ] } },
{ "type": "Feature", "properties": { "grid_id": "dem-11-27", "mean_elevation_m": 28.54, "terrain_class": "LOW_ELEVATION_CONTEXT", "threshold_note": "LOW_ELEVATION_CONTEXT means <= AOI p25 elevation; it is not a flood extent." }, "geometry": { "type": "Polygon", "coordinates": [ [ [ 127.361, 36.6425 ], [ 127.361, 36.645625 ], [ 127.35775, 36.645625 ], [ 127.35775, 36.6425 ], [ 127.361, 36.6425 ] ] ] } },
{ "type": "Feature", "properties": { "grid_id": "dem-11-28", "mean_elevation_m": 28.05, "terrain_class": "LOW_ELEVATION_CONTEXT", "threshold_note": "LOW_ELEVATION_CONTEXT means <= AOI p25 elevation; it is not a flood extent." }, "geometry": { "type": "Polygon", "coordinates": [ [ [ 127.36425, 36.6425 ], [ 127.36425, 36.645625 ], [ 127.361, 36.645625 ], [ 127.361, 36.6425 ], [ 127.36425, 36.6425 ] ] ] } },
{ "type": "Feature", "properties": { "grid_id": "dem-11-29", "mean_elevation_m": 24.9, "terrain_class": "LOW_ELEVATION_CONTEXT", "threshold_note": "LOW_ELEVATION_CONTEXT means <= AOI p25 elevation; it is not a flood extent." }, "geometry": { "type": "Polygon", "coordinates": [ [ [ 127.3675, 36.6425 ], [ 127.3675, 36.645625 ], [ 127.36425, 36.645625 ], [ 127.36425, 36.6425 ], [ 127.3675, 36.6425 ] ] ] } },
{ "type": "Feature", "properties": { "grid_id": "dem-11-30", "mean_elevation_m": 27.13, "terrain_class": "LOW_ELEVATION_CONTEXT", "threshold_note": "LOW_ELEVATION_CONTEXT means <= AOI p25 elevation; it is not a flood extent." }, "geometry": { "type": "Polygon", "coordinates": [ [ [ 127.37075, 36.6425 ], [ 127.37075, 36.645625 ], [ 127.3675, 36.645625 ], [ 127.3675, 36.6425 ], [ 127.37075, 36.6425 ] ] ] } },
{ "type": "Feature", "properties": { "grid_id": "dem-11-31", "mean_elevation_m": 26.7, "terrain_class": "LOW_ELEVATION_CONTEXT", "threshold_note": "LOW_ELEVATION_CONTEXT means <= AOI p25 elevation; it is not a flood extent." }, "geometry": { "type": "Polygon", "coordinates": [ [ [ 127.374, 36.6425 ], [ 127.374, 36.645625 ], [ 127.37075, 36.645625 ], [ 127.37075, 36.6425 ], [ 127.374, 36.6425 ] ] ] } },
{ "type": "Feature", "properties": { "grid_id": "dem-11-32", "mean_elevation_m": 28.03, "terrain_class": "LOW_ELEVATION_CONTEXT", "threshold_note": "LOW_ELEVATION_CONTEXT means <= AOI p25 elevation; it is not a flood extent." }, "geometry": { "type": "Polygon", "coordinates": [ [ [ 127.37725, 36.6425 ], [ 127.37725, 36.645625 ], [ 127.374, 36.645625 ], [ 127.374, 36.6425 ], [ 127.37725, 36.6425 ] ] ] } },
{ "type": "Feature", "properties": { "grid_id": "dem-11-33", "mean_elevation_m": 27.34, "terrain_class": "LOW_ELEVATION_CONTEXT", "threshold_note": "LOW_ELEVATION_CONTEXT means <= AOI p25 elevation; it is not a flood extent." }, "geometry": { "type": "Polygon", "coordinates": [ [ [ 127.3805, 36.6425 ], [ 127.3805, 36.645625 ], [ 127.37725, 36.645625 ], [ 127.37725, 36.6425 ], [ 127.3805, 36.6425 ] ] ] } },
{ "type": "Feature", "properties": { "grid_id": "dem-11-34", "mean_elevation_m": 27.55, "terrain_class": "LOW_ELEVATION_CONTEXT", "threshold_note": "LOW_ELEVATION_CONTEXT means <= AOI p25 elevation; it is not a flood extent." }, "geometry": { "type": "Polygon", "coordinates": [ [ [ 127.38375, 36.6425 ], [ 127.38375, 36.645625 ], [ 127.3805, 36.645625 ], [ 127.3805, 36.6425 ], [ 127.38375, 36.6425 ] ] ] } },
{ "type": "Feature", "properties": { "grid_id": "dem-11-35", "mean_elevation_m": 27.59, "terrain_class": "LOW_ELEVATION_CONTEXT", "threshold_note": "LOW_ELEVATION_CONTEXT means <= AOI p25 elevation; it is not a flood extent." }, "geometry": { "type": "Polygon", "coordinates": [ [ [ 127.387, 36.6425 ], [ 127.387, 36.645625 ], [ 127.38375, 36.645625 ], [ 127.38375, 36.6425 ], [ 127.387, 36.6425 ] ] ] } },
{ "type": "Feature", "properties": { "grid_id": "dem-11-36", "mean_elevation_m": 28.69, "terrain_class": "LOW_ELEVATION_CONTEXT", "threshold_note": "LOW_ELEVATION_CONTEXT means <= AOI p25 elevation; it is not a flood extent." }, "geometry": { "type": "Polygon", "coordinates": [ [ [ 127.39025, 36.6425 ], [ 127.39025, 36.645625 ], [ 127.387, 36.645625 ], [ 127.387, 36.6425 ], [ 127.39025, 36.6425 ] ] ] } },
{ "type": "Feature", "properties": { "grid_id": "dem-12-24", "mean_elevation_m": 26.9, "terrain_class": "LOW_ELEVATION_CONTEXT", "threshold_note": "LOW_ELEVATION_CONTEXT means <= AOI p25 elevation; it is not a flood extent." }, "geometry": { "type": "Polygon", "coordinates": [ [ [ 127.35125, 36.639375 ], [ 127.35125, 36.6425 ], [ 127.348, 36.6425 ], [ 127.348, 36.639375 ], [ 127.35125, 36.639375 ] ] ] } },
{ "type": "Feature", "properties": { "grid_id": "dem-12-25", "mean_elevation_m": 27.78, "terrain_class": "LOW_ELEVATION_CONTEXT", "threshold_note": "LOW_ELEVATION_CONTEXT means <= AOI p25 elevation; it is not a flood extent." }, "geometry": { "type": "Polygon", "coordinates": [ [ [ 127.3545, 36.639375 ], [ 127.3545, 36.6425 ], [ 127.35125, 36.6425 ], [ 127.35125, 36.639375 ], [ 127.3545, 36.639375 ] ] ] } },
{ "type": "Feature", "properties": { "grid_id": "dem-12-26", "mean_elevation_m": 27.18, "terrain_class": "LOW_ELEVATION_CONTEXT", "threshold_note": "LOW_ELEVATION_CONTEXT means <= AOI p25 elevation; it is not a flood extent." }, "geometry": { "type": "Polygon", "coordinates": [ [ [ 127.35775, 36.639375 ], [ 127.35775, 36.6425 ], [ 127.3545, 36.6425 ], [ 127.3545, 36.639375 ], [ 127.35775, 36.639375 ] ] ] } },
{ "type": "Feature", "properties": { "grid_id": "dem-12-27", "mean_elevation_m": 26.74, "terrain_class": "LOW_ELEVATION_CONTEXT", "threshold_note": "LOW_ELEVATION_CONTEXT means <= AOI p25 elevation; it is not a flood extent." }, "geometry": { "type": "Polygon", "coordinates": [ [ [ 127.361, 36.639375 ], [ 127.361, 36.6425 ], [ 127.35775, 36.6425 ], [ 127.35775, 36.639375 ], [ 127.361, 36.639375 ] ] ] } },
{ "type": "Feature", "properties": { "grid_id": "dem-12-28", "mean_elevation_m": 24.1, "terrain_class": "LOW_ELEVATION_CONTEXT", "threshold_note": "LOW_ELEVATION_CONTEXT means <= AOI p25 elevation; it is not a flood extent." }, "geometry": { "type": "Polygon", "coordinates": [ [ [ 127.36425, 36.639375 ], [ 127.36425, 36.6425 ], [ 127.361, 36.6425 ], [ 127.361, 36.639375 ], [ 127.36425, 36.639375 ] ] ] } },
{ "type": "Feature", "properties": { "grid_id": "dem-12-29", "mean_elevation_m": 27.1, "terrain_class": "LOW_ELEVATION_CONTEXT", "threshold_note": "LOW_ELEVATION_CONTEXT means <= AOI p25 elevation; it is not a flood extent." }, "geometry": { "type": "Polygon", "coordinates": [ [ [ 127.3675, 36.639375 ], [ 127.3675, 36.6425 ], [ 127.36425, 36.6425 ], [ 127.36425, 36.639375 ], [ 127.3675, 36.639375 ] ] ] } },
{ "type": "Feature", "properties": { "grid_id": "dem-12-30", "mean_elevation_m": 25.74, "terrain_class": "LOW_ELEVATION_CONTEXT", "threshold_note": "LOW_ELEVATION_CONTEXT means <= AOI p25 elevation; it is not a flood extent." }, "geometry": { "type": "Polygon", "coordinates": [ [ [ 127.37075, 36.639375 ], [ 127.37075, 36.6425 ], [ 127.3675, 36.6425 ], [ 127.3675, 36.639375 ], [ 127.37075, 36.639375 ] ] ] } },
{ "type": "Feature", "properties": { "grid_id": "dem-12-31", "mean_elevation_m": 27.01, "terrain_class": "LOW_ELEVATION_CONTEXT", "threshold_note": "LOW_ELEVATION_CONTEXT means <= AOI p25 elevation; it is not a flood extent." }, "geometry": { "type": "Polygon", "coordinates": [ [ [ 127.374, 36.639375 ], [ 127.374, 36.6425 ], [ 127.37075, 36.6425 ], [ 127.37075, 36.639375 ], [ 127.374, 36.639375 ] ] ] } },
{ "type": "Feature", "properties": { "grid_id": "dem-12-32", "mean_elevation_m": 27.3, "terrain_class": "LOW_ELEVATION_CONTEXT", "threshold_note": "LOW_ELEVATION_CONTEXT means <= AOI p25 elevation; it is not a flood extent." }, "geometry": { "type": "Polygon", "coordinates": [ [ [ 127.37725, 36.639375 ], [ 127.37725, 36.6425 ], [ 127.374, 36.6425 ], [ 127.374, 36.639375 ], [ 127.37725, 36.639375 ] ] ] } },
{ "type": "Feature", "properties": { "grid_id": "dem-12-33", "mean_elevation_m": 28.74, "terrain_class": "LOW_ELEVATION_CONTEXT", "threshold_note": "LOW_ELEVATION_CONTEXT means <= AOI p25 elevation; it is not a flood extent." }, "geometry": { "type": "Polygon", "coordinates": [ [ [ 127.3805, 36.639375 ], [ 127.3805, 36.6425 ], [ 127.37725, 36.6425 ], [ 127.37725, 36.639375 ], [ 127.3805, 36.639375 ] ] ] } },
{ "type": "Feature", "properties": { "grid_id": "dem-12-34", "mean_elevation_m": 28.89, "terrain_class": "LOW_ELEVATION_CONTEXT", "threshold_note": "LOW_ELEVATION_CONTEXT means <= AOI p25 elevation; it is not a flood extent." }, "geometry": { "type": "Polygon", "coordinates": [ [ [ 127.38375, 36.639375 ], [ 127.38375, 36.6425 ], [ 127.3805, 36.6425 ], [ 127.3805, 36.639375 ], [ 127.38375, 36.639375 ] ] ] } },
{ "type": "Feature", "properties": { "grid_id": "dem-12-35", "mean_elevation_m": 29.21, "terrain_class": "LOW_ELEVATION_CONTEXT", "threshold_note": "LOW_ELEVATION_CONTEXT means <= AOI p25 elevation; it is not a flood extent." }, "geometry": { "type": "Polygon", "coordinates": [ [ [ 127.387, 36.639375 ], [ 127.387, 36.6425 ], [ 127.38375, 36.6425 ], [ 127.38375, 36.639375 ], [ 127.387, 36.639375 ] ] ] } },
{ "type": "Feature", "properties": { "grid_id": "dem-13-23", "mean_elevation_m": 28.43, "terrain_class": "LOW_ELEVATION_CONTEXT", "threshold_note": "LOW_ELEVATION_CONTEXT means <= AOI p25 elevation; it is not a flood extent." }, "geometry": { "type": "Polygon", "coordinates": [ [ [ 127.348, 36.63625 ], [ 127.348, 36.639375 ], [ 127.34475, 36.639375 ], [ 127.34475, 36.63625 ], [ 127.348, 36.63625 ] ] ] } },
{ "type": "Feature", "properties": { "grid_id": "dem-13-24", "mean_elevation_m": 26.56, "terrain_class": "LOW_ELEVATION_CONTEXT", "threshold_note": "LOW_ELEVATION_CONTEXT means <= AOI p25 elevation; it is not a flood extent." }, "geometry": { "type": "Polygon", "coordinates": [ [ [ 127.35125, 36.63625 ], [ 127.35125, 36.639375 ], [ 127.348, 36.639375 ], [ 127.348, 36.63625 ], [ 127.35125, 36.63625 ] ] ] } },
{ "type": "Feature", "properties": { "grid_id": "dem-13-25", "mean_elevation_m": 27.34, "terrain_class": "LOW_ELEVATION_CONTEXT", "threshold_note": "LOW_ELEVATION_CONTEXT means <= AOI p25 elevation; it is not a flood extent." }, "geometry": { "type": "Polygon", "coordinates": [ [ [ 127.3545, 36.63625 ], [ 127.3545, 36.639375 ], [ 127.35125, 36.639375 ], [ 127.35125, 36.63625 ], [ 127.3545, 36.63625 ] ] ] } },
{ "type": "Feature", "properties": { "grid_id": "dem-13-26", "mean_elevation_m": 27.16, "terrain_class": "LOW_ELEVATION_CONTEXT", "threshold_note": "LOW_ELEVATION_CONTEXT means <= AOI p25 elevation; it is not a flood extent." }, "geometry": { "type": "Polygon", "coordinates": [ [ [ 127.35775, 36.63625 ], [ 127.35775, 36.639375 ], [ 127.3545, 36.639375 ], [ 127.3545, 36.63625 ], [ 127.35775, 36.63625 ] ] ] } },
{ "type": "Feature", "properties": { "grid_id": "dem-13-27", "mean_elevation_m": 23.71, "terrain_class": "LOW_ELEVATION_CONTEXT", "threshold_note": "LOW_ELEVATION_CONTEXT means <= AOI p25 elevation; it is not a flood extent." }, "geometry": { "type": "Polygon", "coordinates": [ [ [ 127.361, 36.63625 ], [ 127.361, 36.639375 ], [ 127.35775, 36.639375 ], [ 127.35775, 36.63625 ], [ 127.361, 36.63625 ] ] ] } },
{ "type": "Feature", "properties": { "grid_id": "dem-13-28", "mean_elevation_m": 26.52, "terrain_class": "LOW_ELEVATION_CONTEXT", "threshold_note": "LOW_ELEVATION_CONTEXT means <= AOI p25 elevation; it is not a flood extent." }, "geometry": { "type": "Polygon", "coordinates": [ [ [ 127.36425, 36.63625 ], [ 127.36425, 36.639375 ], [ 127.361, 36.639375 ], [ 127.361, 36.63625 ], [ 127.36425, 36.63625 ] ] ] } },
{ "type": "Feature", "properties": { "grid_id": "dem-13-29", "mean_elevation_m": 25.76, "terrain_class": "LOW_ELEVATION_CONTEXT", "threshold_note": "LOW_ELEVATION_CONTEXT means <= AOI p25 elevation; it is not a flood extent." }, "geometry": { "type": "Polygon", "coordinates": [ [ [ 127.3675, 36.63625 ], [ 127.3675, 36.639375 ], [ 127.36425, 36.639375 ], [ 127.36425, 36.63625 ], [ 127.3675, 36.63625 ] ] ] } },
{ "type": "Feature", "properties": { "grid_id": "dem-13-30", "mean_elevation_m": 26.94, "terrain_class": "LOW_ELEVATION_CONTEXT", "threshold_note": "LOW_ELEVATION_CONTEXT means <= AOI p25 elevation; it is not a flood extent." }, "geometry": { "type": "Polygon", "coordinates": [ [ [ 127.37075, 36.63625 ], [ 127.37075, 36.639375 ], [ 127.3675, 36.639375 ], [ 127.3675, 36.63625 ], [ 127.37075, 36.63625 ] ] ] } },
{ "type": "Feature", "properties": { "grid_id": "dem-13-31", "mean_elevation_m": 27.87, "terrain_class": "LOW_ELEVATION_CONTEXT", "threshold_note": "LOW_ELEVATION_CONTEXT means <= AOI p25 elevation; it is not a flood extent." }, "geometry": { "type": "Polygon", "coordinates": [ [ [ 127.374, 36.63625 ], [ 127.374, 36.639375 ], [ 127.37075, 36.639375 ], [ 127.37075, 36.63625 ], [ 127.374, 36.63625 ] ] ] } },
{ "type": "Feature", "properties": { "grid_id": "dem-14-22", "mean_elevation_m": 28.94, "terrain_class": "LOW_ELEVATION_CONTEXT", "threshold_note": "LOW_ELEVATION_CONTEXT means <= AOI p25 elevation; it is not a flood extent." }, "geometry": { "type": "Polygon", "coordinates": [ [ [ 127.34475, 36.633125 ], [ 127.34475, 36.63625 ], [ 127.3415, 36.63625 ], [ 127.3415, 36.633125 ], [ 127.34475, 36.633125 ] ] ] } },
{ "type": "Feature", "properties": { "grid_id": "dem-14-23", "mean_elevation_m": 25.63, "terrain_class": "LOW_ELEVATION_CONTEXT", "threshold_note": "LOW_ELEVATION_CONTEXT means <= AOI p25 elevation; it is not a flood extent." }, "geometry": { "type": "Polygon", "coordinates": [ [ [ 127.348, 36.633125 ], [ 127.348, 36.63625 ], [ 127.34475, 36.63625 ], [ 127.34475, 36.633125 ], [ 127.348, 36.633125 ] ] ] } },
{ "type": "Feature", "properties": { "grid_id": "dem-14-24", "mean_elevation_m": 28.29, "terrain_class": "LOW_ELEVATION_CONTEXT", "threshold_note": "LOW_ELEVATION_CONTEXT means <= AOI p25 elevation; it is not a flood extent." }, "geometry": { "type": "Polygon", "coordinates": [ [ [ 127.35125, 36.633125 ], [ 127.35125, 36.63625 ], [ 127.348, 36.63625 ], [ 127.348, 36.633125 ], [ 127.35125, 36.633125 ] ] ] } },
{ "type": "Feature", "properties": { "grid_id": "dem-14-25", "mean_elevation_m": 27.66, "terrain_class": "LOW_ELEVATION_CONTEXT", "threshold_note": "LOW_ELEVATION_CONTEXT means <= AOI p25 elevation; it is not a flood extent." }, "geometry": { "type": "Polygon", "coordinates": [ [ [ 127.3545, 36.633125 ], [ 127.3545, 36.63625 ], [ 127.35125, 36.63625 ], [ 127.35125, 36.633125 ], [ 127.3545, 36.633125 ] ] ] } },
{ "type": "Feature", "properties": { "grid_id": "dem-14-26", "mean_elevation_m": 25.21, "terrain_class": "LOW_ELEVATION_CONTEXT", "threshold_note": "LOW_ELEVATION_CONTEXT means <= AOI p25 elevation; it is not a flood extent." }, "geometry": { "type": "Polygon", "coordinates": [ [ [ 127.35775, 36.633125 ], [ 127.35775, 36.63625 ], [ 127.3545, 36.63625 ], [ 127.3545, 36.633125 ], [ 127.35775, 36.633125 ] ] ] } },
{ "type": "Feature", "properties": { "grid_id": "dem-14-27", "mean_elevation_m": 27.35, "terrain_class": "LOW_ELEVATION_CONTEXT", "threshold_note": "LOW_ELEVATION_CONTEXT means <= AOI p25 elevation; it is not a flood extent." }, "geometry": { "type": "Polygon", "coordinates": [ [ [ 127.361, 36.633125 ], [ 127.361, 36.63625 ], [ 127.35775, 36.63625 ], [ 127.35775, 36.633125 ], [ 127.361, 36.633125 ] ] ] } },
{ "type": "Feature", "properties": { "grid_id": "dem-15-21", "mean_elevation_m": 29.38, "terrain_class": "LOW_ELEVATION_CONTEXT", "threshold_note": "LOW_ELEVATION_CONTEXT means <= AOI p25 elevation; it is not a flood extent." }, "geometry": { "type": "Polygon", "coordinates": [ [ [ 127.3415, 36.63 ], [ 127.3415, 36.633125 ], [ 127.33825, 36.633125 ], [ 127.33825, 36.63 ], [ 127.3415, 36.63 ] ] ] } },
{ "type": "Feature", "properties": { "grid_id": "dem-15-22", "mean_elevation_m": 28.31, "terrain_class": "LOW_ELEVATION_CONTEXT", "threshold_note": "LOW_ELEVATION_CONTEXT means <= AOI p25 elevation; it is not a flood extent." }, "geometry": { "type": "Polygon", "coordinates": [ [ [ 127.34475, 36.63 ], [ 127.34475, 36.633125 ], [ 127.3415, 36.633125 ], [ 127.3415, 36.63 ], [ 127.34475, 36.63 ] ] ] } },
{ "type": "Feature", "properties": { "grid_id": "dem-15-23", "mean_elevation_m": 24.8, "terrain_class": "LOW_ELEVATION_CONTEXT", "threshold_note": "LOW_ELEVATION_CONTEXT means <= AOI p25 elevation; it is not a flood extent." }, "geometry": { "type": "Polygon", "coordinates": [ [ [ 127.348, 36.63 ], [ 127.348, 36.633125 ], [ 127.34475, 36.633125 ], [ 127.34475, 36.63 ], [ 127.348, 36.63 ] ] ] } },
{ "type": "Feature", "properties": { "grid_id": "dem-15-24", "mean_elevation_m": 29.66, "terrain_class": "LOW_ELEVATION_CONTEXT", "threshold_note": "LOW_ELEVATION_CONTEXT means <= AOI p25 elevation; it is not a flood extent." }, "geometry": { "type": "Polygon", "coordinates": [ [ [ 127.35125, 36.63 ], [ 127.35125, 36.633125 ], [ 127.348, 36.633125 ], [ 127.348, 36.63 ], [ 127.35125, 36.63 ] ] ] } },
{ "type": "Feature", "properties": { "grid_id": "dem-15-25", "mean_elevation_m": 27.99, "terrain_class": "LOW_ELEVATION_CONTEXT", "threshold_note": "LOW_ELEVATION_CONTEXT means <= AOI p25 elevation; it is not a flood extent." }, "geometry": { "type": "Polygon", "coordinates": [ [ [ 127.3545, 36.63 ], [ 127.3545, 36.633125 ], [ 127.35125, 36.633125 ], [ 127.35125, 36.63 ], [ 127.3545, 36.63 ] ] ] } },
{ "type": "Feature", "properties": { "grid_id": "dem-15-26", "mean_elevation_m": 29.61, "terrain_class": "LOW_ELEVATION_CONTEXT", "threshold_note": "LOW_ELEVATION_CONTEXT means <= AOI p25 elevation; it is not a flood extent." }, "geometry": { "type": "Polygon", "coordinates": [ [ [ 127.35775, 36.63 ], [ 127.35775, 36.633125 ], [ 127.3545, 36.633125 ], [ 127.3545, 36.63 ], [ 127.35775, 36.63 ] ] ] } },
{ "type": "Feature", "properties": { "grid_id": "dem-16-20", "mean_elevation_m": 29.75, "terrain_class": "LOW_ELEVATION_CONTEXT", "threshold_note": "LOW_ELEVATION_CONTEXT means <= AOI p25 elevation; it is not a flood extent." }, "geometry": { "type": "Polygon", "coordinates": [ [ [ 127.33825, 36.626875 ], [ 127.33825, 36.63 ], [ 127.335, 36.63 ], [ 127.335, 36.626875 ], [ 127.33825, 36.626875 ] ] ] } },
{ "type": "Feature", "properties": { "grid_id": "dem-16-21", "mean_elevation_m": 28.77, "terrain_class": "LOW_ELEVATION_CONTEXT", "threshold_note": "LOW_ELEVATION_CONTEXT means <= AOI p25 elevation; it is not a flood extent." }, "geometry": { "type": "Polygon", "coordinates": [ [ [ 127.3415, 36.626875 ], [ 127.3415, 36.63 ], [ 127.33825, 36.63 ], [ 127.33825, 36.626875 ], [ 127.3415, 36.626875 ] ] ] } },
{ "type": "Feature", "properties": { "grid_id": "dem-16-22", "mean_elevation_m": 27.41, "terrain_class": "LOW_ELEVATION_CONTEXT", "threshold_note": "LOW_ELEVATION_CONTEXT means <= AOI p25 elevation; it is not a flood extent." }, "geometry": { "type": "Polygon", "coordinates": [ [ [ 127.34475, 36.626875 ], [ 127.34475, 36.63 ], [ 127.3415, 36.63 ], [ 127.3415, 36.626875 ], [ 127.34475, 36.626875 ] ] ] } },
{ "type": "Feature", "properties": { "grid_id": "dem-16-23", "mean_elevation_m": 26.36, "terrain_class": "LOW_ELEVATION_CONTEXT", "threshold_note": "LOW_ELEVATION_CONTEXT means <= AOI p25 elevation; it is not a flood extent." }, "geometry": { "type": "Polygon", "coordinates": [ [ [ 127.348, 36.626875 ], [ 127.348, 36.63 ], [ 127.34475, 36.63 ], [ 127.34475, 36.626875 ], [ 127.348, 36.626875 ] ] ] } },
{ "type": "Feature", "properties": { "grid_id": "dem-16-24", "mean_elevation_m": 23.59, "terrain_class": "LOW_ELEVATION_CONTEXT", "threshold_note": "LOW_ELEVATION_CONTEXT means <= AOI p25 elevation; it is not a flood extent." }, "geometry": { "type": "Polygon", "coordinates": [ [ [ 127.35125, 36.626875 ], [ 127.35125, 36.63 ], [ 127.348, 36.63 ], [ 127.348, 36.626875 ], [ 127.35125, 36.626875 ] ] ] } },
{ "type": "Feature", "properties": { "grid_id": "dem-16-25", "mean_elevation_m": 22.68, "terrain_class": "LOW_ELEVATION_CONTEXT", "threshold_note": "LOW_ELEVATION_CONTEXT means <= AOI p25 elevation; it is not a flood extent." }, "geometry": { "type": "Polygon", "coordinates": [ [ [ 127.3545, 36.626875 ], [ 127.3545, 36.63 ], [ 127.35125, 36.63 ], [ 127.35125, 36.626875 ], [ 127.3545, 36.626875 ] ] ] } },
{ "type": "Feature", "properties": { "grid_id": "dem-16-27", "mean_elevation_m": 29.62, "terrain_class": "LOW_ELEVATION_CONTEXT", "threshold_note": "LOW_ELEVATION_CONTEXT means <= AOI p25 elevation; it is not a flood extent." }, "geometry": { "type": "Polygon", "coordinates": [ [ [ 127.361, 36.626875 ], [ 127.361, 36.63 ], [ 127.35775, 36.63 ], [ 127.35775, 36.626875 ], [ 127.361, 36.626875 ] ] ] } },
{ "type": "Feature", "properties": { "grid_id": "dem-17-07", "mean_elevation_m": 29.81, "terrain_class": "LOW_ELEVATION_CONTEXT", "threshold_note": "LOW_ELEVATION_CONTEXT means <= AOI p25 elevation; it is not a flood extent." }, "geometry": { "type": "Polygon", "coordinates": [ [ [ 127.296, 36.62375 ], [ 127.296, 36.626875 ], [ 127.29275, 36.626875 ], [ 127.29275, 36.62375 ], [ 127.296, 36.62375 ] ] ] } },
{ "type": "Feature", "properties": { "grid_id": "dem-17-20", "mean_elevation_m": 28.35, "terrain_class": "LOW_ELEVATION_CONTEXT", "threshold_note": "LOW_ELEVATION_CONTEXT means <= AOI p25 elevation; it is not a flood extent." }, "geometry": { "type": "Polygon", "coordinates": [ [ [ 127.33825, 36.62375 ], [ 127.33825, 36.626875 ], [ 127.335, 36.626875 ], [ 127.335, 36.62375 ], [ 127.33825, 36.62375 ] ] ] } },
{ "type": "Feature", "properties": { "grid_id": "dem-17-21", "mean_elevation_m": 26.38, "terrain_class": "LOW_ELEVATION_CONTEXT", "threshold_note": "LOW_ELEVATION_CONTEXT means <= AOI p25 elevation; it is not a flood extent." }, "geometry": { "type": "Polygon", "coordinates": [ [ [ 127.3415, 36.62375 ], [ 127.3415, 36.626875 ], [ 127.33825, 36.626875 ], [ 127.33825, 36.62375 ], [ 127.3415, 36.62375 ] ] ] } },
{ "type": "Feature", "properties": { "grid_id": "dem-17-22", "mean_elevation_m": 26.1, "terrain_class": "LOW_ELEVATION_CONTEXT", "threshold_note": "LOW_ELEVATION_CONTEXT means <= AOI p25 elevation; it is not a flood extent." }, "geometry": { "type": "Polygon", "coordinates": [ [ [ 127.34475, 36.62375 ], [ 127.34475, 36.626875 ], [ 127.3415, 36.626875 ], [ 127.3415, 36.62375 ], [ 127.34475, 36.62375 ] ] ] } },
{ "type": "Feature", "properties": { "grid_id": "dem-17-23", "mean_elevation_m": 25.9, "terrain_class": "LOW_ELEVATION_CONTEXT", "threshold_note": "LOW_ELEVATION_CONTEXT means <= AOI p25 elevation; it is not a flood extent." }, "geometry": { "type": "Polygon", "coordinates": [ [ [ 127.348, 36.62375 ], [ 127.348, 36.626875 ], [ 127.34475, 36.626875 ], [ 127.34475, 36.62375 ], [ 127.348, 36.62375 ] ] ] } },
{ "type": "Feature", "properties": { "grid_id": "dem-17-24", "mean_elevation_m": 24.57, "terrain_class": "LOW_ELEVATION_CONTEXT", "threshold_note": "LOW_ELEVATION_CONTEXT means <= AOI p25 elevation; it is not a flood extent." }, "geometry": { "type": "Polygon", "coordinates": [ [ [ 127.35125, 36.62375 ], [ 127.35125, 36.626875 ], [ 127.348, 36.626875 ], [ 127.348, 36.62375 ], [ 127.35125, 36.62375 ] ] ] } },
{ "type": "Feature", "properties": { "grid_id": "dem-17-25", "mean_elevation_m": 23.66, "terrain_class": "LOW_ELEVATION_CONTEXT", "threshold_note": "LOW_ELEVATION_CONTEXT means <= AOI p25 elevation; it is not a flood extent." }, "geometry": { "type": "Polygon", "coordinates": [ [ [ 127.3545, 36.62375 ], [ 127.3545, 36.626875 ], [ 127.35125, 36.626875 ], [ 127.35125, 36.62375 ], [ 127.3545, 36.62375 ] ] ] } },
{ "type": "Feature", "properties": { "grid_id": "dem-17-26", "mean_elevation_m": 26.7, "terrain_class": "LOW_ELEVATION_CONTEXT", "threshold_note": "LOW_ELEVATION_CONTEXT means <= AOI p25 elevation; it is not a flood extent." }, "geometry": { "type": "Polygon", "coordinates": [ [ [ 127.35775, 36.62375 ], [ 127.35775, 36.626875 ], [ 127.3545, 36.626875 ], [ 127.3545, 36.62375 ], [ 127.35775, 36.62375 ] ] ] } },
{ "type": "Feature", "properties": { "grid_id": "dem-17-27", "mean_elevation_m": 26.98, "terrain_class": "LOW_ELEVATION_CONTEXT", "threshold_note": "LOW_ELEVATION_CONTEXT means <= AOI p25 elevation; it is not a flood extent." }, "geometry": { "type": "Polygon", "coordinates": [ [ [ 127.361, 36.62375 ], [ 127.361, 36.626875 ], [ 127.35775, 36.626875 ], [ 127.35775, 36.62375 ], [ 127.361, 36.62375 ] ] ] } },
{ "type": "Feature", "properties": { "grid_id": "dem-17-28", "mean_elevation_m": 29.07, "terrain_class": "LOW_ELEVATION_CONTEXT", "threshold_note": "LOW_ELEVATION_CONTEXT means <= AOI p25 elevation; it is not a flood extent." }, "geometry": { "type": "Polygon", "coordinates": [ [ [ 127.36425, 36.62375 ], [ 127.36425, 36.626875 ], [ 127.361, 36.626875 ], [ 127.361, 36.62375 ], [ 127.36425, 36.62375 ] ] ] } },
{ "type": "Feature", "properties": { "grid_id": "dem-17-29", "mean_elevation_m": 30.03, "terrain_class": "LOW_ELEVATION_CONTEXT", "threshold_note": "LOW_ELEVATION_CONTEXT means <= AOI p25 elevation; it is not a flood extent." }, "geometry": { "type": "Polygon", "coordinates": [ [ [ 127.3675, 36.62375 ], [ 127.3675, 36.626875 ], [ 127.36425, 36.626875 ], [ 127.36425, 36.62375 ], [ 127.3675, 36.62375 ] ] ] } },
{ "type": "Feature", "properties": { "grid_id": "dem-18-07", "mean_elevation_m": 28.16, "terrain_class": "LOW_ELEVATION_CONTEXT", "threshold_note": "LOW_ELEVATION_CONTEXT means <= AOI p25 elevation; it is not a flood extent." }, "geometry": { "type": "Polygon", "coordinates": [ [ [ 127.296, 36.620625 ], [ 127.296, 36.62375 ], [ 127.29275, 36.62375 ], [ 127.29275, 36.620625 ], [ 127.296, 36.620625 ] ] ] } },
{ "type": "Feature", "properties": { "grid_id": "dem-18-19", "mean_elevation_m": 29.7, "terrain_class": "LOW_ELEVATION_CONTEXT", "threshold_note": "LOW_ELEVATION_CONTEXT means <= AOI p25 elevation; it is not a flood extent." }, "geometry": { "type": "Polygon", "coordinates": [ [ [ 127.335, 36.620625 ], [ 127.335, 36.62375 ], [ 127.33175, 36.62375 ], [ 127.33175, 36.620625 ], [ 127.335, 36.620625 ] ] ] } },
{ "type": "Feature", "properties": { "grid_id": "dem-18-20", "mean_elevation_m": 26.37, "terrain_class": "LOW_ELEVATION_CONTEXT", "threshold_note": "LOW_ELEVATION_CONTEXT means <= AOI p25 elevation; it is not a flood extent." }, "geometry": { "type": "Polygon", "coordinates": [ [ [ 127.33825, 36.620625 ], [ 127.33825, 36.62375 ], [ 127.335, 36.62375 ], [ 127.335, 36.620625 ], [ 127.33825, 36.620625 ] ] ] } },
{ "type": "Feature", "properties": { "grid_id": "dem-18-21", "mean_elevation_m": 26.25, "terrain_class": "LOW_ELEVATION_CONTEXT", "threshold_note": "LOW_ELEVATION_CONTEXT means <= AOI p25 elevation; it is not a flood extent." }, "geometry": { "type": "Polygon", "coordinates": [ [ [ 127.3415, 36.620625 ], [ 127.3415, 36.62375 ], [ 127.33825, 36.62375 ], [ 127.33825, 36.620625 ], [ 127.3415, 36.620625 ] ] ] } },
{ "type": "Feature", "properties": { "grid_id": "dem-18-22", "mean_elevation_m": 25.8, "terrain_class": "LOW_ELEVATION_CONTEXT", "threshold_note": "LOW_ELEVATION_CONTEXT means <= AOI p25 elevation; it is not a flood extent." }, "geometry": { "type": "Polygon", "coordinates": [ [ [ 127.34475, 36.620625 ], [ 127.34475, 36.62375 ], [ 127.3415, 36.62375 ], [ 127.3415, 36.620625 ], [ 127.34475, 36.620625 ] ] ] } },
{ "type": "Feature", "properties": { "grid_id": "dem-18-23", "mean_elevation_m": 26.91, "terrain_class": "LOW_ELEVATION_CONTEXT", "threshold_note": "LOW_ELEVATION_CONTEXT means <= AOI p25 elevation; it is not a flood extent." }, "geometry": { "type": "Polygon", "coordinates": [ [ [ 127.348, 36.620625 ], [ 127.348, 36.62375 ], [ 127.34475, 36.62375 ], [ 127.34475, 36.620625 ], [ 127.348, 36.620625 ] ] ] } },
{ "type": "Feature", "properties": { "grid_id": "dem-18-24", "mean_elevation_m": 24.62, "terrain_class": "LOW_ELEVATION_CONTEXT", "threshold_note": "LOW_ELEVATION_CONTEXT means <= AOI p25 elevation; it is not a flood extent." }, "geometry": { "type": "Polygon", "coordinates": [ [ [ 127.35125, 36.620625 ], [ 127.35125, 36.62375 ], [ 127.348, 36.62375 ], [ 127.348, 36.620625 ], [ 127.35125, 36.620625 ] ] ] } },
{ "type": "Feature", "properties": { "grid_id": "dem-18-25", "mean_elevation_m": 28.8, "terrain_class": "LOW_ELEVATION_CONTEXT", "threshold_note": "LOW_ELEVATION_CONTEXT means <= AOI p25 elevation; it is not a flood extent." }, "geometry": { "type": "Polygon", "coordinates": [ [ [ 127.3545, 36.620625 ], [ 127.3545, 36.62375 ], [ 127.35125, 36.62375 ], [ 127.35125, 36.620625 ], [ 127.3545, 36.620625 ] ] ] } },
{ "type": "Feature", "properties": { "grid_id": "dem-19-07", "mean_elevation_m": 28.24, "terrain_class": "LOW_ELEVATION_CONTEXT", "threshold_note": "LOW_ELEVATION_CONTEXT means <= AOI p25 elevation; it is not a flood extent." }, "geometry": { "type": "Polygon", "coordinates": [ [ [ 127.296, 36.6175 ], [ 127.296, 36.620625 ], [ 127.29275, 36.620625 ], [ 127.29275, 36.6175 ], [ 127.296, 36.6175 ] ] ] } },
{ "type": "Feature", "properties": { "grid_id": "dem-19-08", "mean_elevation_m": 28.42, "terrain_class": "LOW_ELEVATION_CONTEXT", "threshold_note": "LOW_ELEVATION_CONTEXT means <= AOI p25 elevation; it is not a flood extent." }, "geometry": { "type": "Polygon", "coordinates": [ [ [ 127.29925, 36.6175 ], [ 127.29925, 36.620625 ], [ 127.296, 36.620625 ], [ 127.296, 36.6175 ], [ 127.29925, 36.6175 ] ] ] } },
{ "type": "Feature", "properties": { "grid_id": "dem-19-19", "mean_elevation_m": 27.88, "terrain_class": "LOW_ELEVATION_CONTEXT", "threshold_note": "LOW_ELEVATION_CONTEXT means <= AOI p25 elevation; it is not a flood extent." }, "geometry": { "type": "Polygon", "coordinates": [ [ [ 127.335, 36.6175 ], [ 127.335, 36.620625 ], [ 127.33175, 36.620625 ], [ 127.33175, 36.6175 ], [ 127.335, 36.6175 ] ] ] } },
{ "type": "Feature", "properties": { "grid_id": "dem-19-20", "mean_elevation_m": 25.89, "terrain_class": "LOW_ELEVATION_CONTEXT", "threshold_note": "LOW_ELEVATION_CONTEXT means <= AOI p25 elevation; it is not a flood extent." }, "geometry": { "type": "Polygon", "coordinates": [ [ [ 127.33825, 36.6175 ], [ 127.33825, 36.620625 ], [ 127.335, 36.620625 ], [ 127.335, 36.6175 ], [ 127.33825, 36.6175 ] ] ] } },
{ "type": "Feature", "properties": { "grid_id": "dem-19-21", "mean_elevation_m": 26.47, "terrain_class": "LOW_ELEVATION_CONTEXT", "threshold_note": "LOW_ELEVATION_CONTEXT means <= AOI p25 elevation; it is not a flood extent." }, "geometry": { "type": "Polygon", "coordinates": [ [ [ 127.3415, 36.6175 ], [ 127.3415, 36.620625 ], [ 127.33825, 36.620625 ], [ 127.33825, 36.6175 ], [ 127.3415, 36.6175 ] ] ] } },
{ "type": "Feature", "properties": { "grid_id": "dem-19-22", "mean_elevation_m": 26.32, "terrain_class": "LOW_ELEVATION_CONTEXT", "threshold_note": "LOW_ELEVATION_CONTEXT means <= AOI p25 elevation; it is not a flood extent." }, "geometry": { "type": "Polygon", "coordinates": [ [ [ 127.34475, 36.6175 ], [ 127.34475, 36.620625 ], [ 127.3415, 36.620625 ], [ 127.3415, 36.6175 ], [ 127.34475, 36.6175 ] ] ] } },
{ "type": "Feature", "properties": { "grid_id": "dem-19-23", "mean_elevation_m": 26.6, "terrain_class": "LOW_ELEVATION_CONTEXT", "threshold_note": "LOW_ELEVATION_CONTEXT means <= AOI p25 elevation; it is not a flood extent." }, "geometry": { "type": "Polygon", "coordinates": [ [ [ 127.348, 36.6175 ], [ 127.348, 36.620625 ], [ 127.34475, 36.620625 ], [ 127.34475, 36.6175 ], [ 127.348, 36.6175 ] ] ] } },
{ "type": "Feature", "properties": { "grid_id": "dem-19-24", "mean_elevation_m": 21.9, "terrain_class": "LOW_ELEVATION_CONTEXT", "threshold_note": "LOW_ELEVATION_CONTEXT means <= AOI p25 elevation; it is not a flood extent." }, "geometry": { "type": "Polygon", "coordinates": [ [ [ 127.35125, 36.6175 ], [ 127.35125, 36.620625 ], [ 127.348, 36.620625 ], [ 127.348, 36.6175 ], [ 127.35125, 36.6175 ] ] ] } },
{ "type": "Feature", "properties": { "grid_id": "dem-20-08", "mean_elevation_m": 29.06, "terrain_class": "LOW_ELEVATION_CONTEXT", "threshold_note": "LOW_ELEVATION_CONTEXT means <= AOI p25 elevation; it is not a flood extent." }, "geometry": { "type": "Polygon", "coordinates": [ [ [ 127.29925, 36.614375 ], [ 127.29925, 36.6175 ], [ 127.296, 36.6175 ], [ 127.296, 36.614375 ], [ 127.29925, 36.614375 ] ] ] } },
{ "type": "Feature", "properties": { "grid_id": "dem-20-09", "mean_elevation_m": 27.87, "terrain_class": "LOW_ELEVATION_CONTEXT", "threshold_note": "LOW_ELEVATION_CONTEXT means <= AOI p25 elevation; it is not a flood extent." }, "geometry": { "type": "Polygon", "coordinates": [ [ [ 127.3025, 36.614375 ], [ 127.3025, 36.6175 ], [ 127.29925, 36.6175 ], [ 127.29925, 36.614375 ], [ 127.3025, 36.614375 ] ] ] } },
{ "type": "Feature", "properties": { "grid_id": "dem-20-16", "mean_elevation_m": 29.22, "terrain_class": "LOW_ELEVATION_CONTEXT", "threshold_note": "LOW_ELEVATION_CONTEXT means <= AOI p25 elevation; it is not a flood extent." }, "geometry": { "type": "Polygon", "coordinates": [ [ [ 127.32525, 36.614375 ], [ 127.32525, 36.6175 ], [ 127.322, 36.6175 ], [ 127.322, 36.614375 ], [ 127.32525, 36.614375 ] ] ] } },
{ "type": "Feature", "properties": { "grid_id": "dem-20-17", "mean_elevation_m": 28.18, "terrain_class": "LOW_ELEVATION_CONTEXT", "threshold_note": "LOW_ELEVATION_CONTEXT means <= AOI p25 elevation; it is not a flood extent." }, "geometry": { "type": "Polygon", "coordinates": [ [ [ 127.3285, 36.614375 ], [ 127.3285, 36.6175 ], [ 127.32525, 36.6175 ], [ 127.32525, 36.614375 ], [ 127.3285, 36.614375 ] ] ] } },
{ "type": "Feature", "properties": { "grid_id": "dem-20-20", "mean_elevation_m": 26.54, "terrain_class": "LOW_ELEVATION_CONTEXT", "threshold_note": "LOW_ELEVATION_CONTEXT means <= AOI p25 elevation; it is not a flood extent." }, "geometry": { "type": "Polygon", "coordinates": [ [ [ 127.33825, 36.614375 ], [ 127.33825, 36.6175 ], [ 127.335, 36.6175 ], [ 127.335, 36.614375 ], [ 127.33825, 36.614375 ] ] ] } },
{ "type": "Feature", "properties": { "grid_id": "dem-20-21", "mean_elevation_m": 25.62, "terrain_class": "LOW_ELEVATION_CONTEXT", "threshold_note": "LOW_ELEVATION_CONTEXT means <= AOI p25 elevation; it is not a flood extent." }, "geometry": { "type": "Polygon", "coordinates": [ [ [ 127.3415, 36.614375 ], [ 127.3415, 36.6175 ], [ 127.33825, 36.6175 ], [ 127.33825, 36.614375 ], [ 127.3415, 36.614375 ] ] ] } },
{ "type": "Feature", "properties": { "grid_id": "dem-20-22", "mean_elevation_m": 26.31, "terrain_class": "LOW_ELEVATION_CONTEXT", "threshold_note": "LOW_ELEVATION_CONTEXT means <= AOI p25 elevation; it is not a flood extent." }, "geometry": { "type": "Polygon", "coordinates": [ [ [ 127.34475, 36.614375 ], [ 127.34475, 36.6175 ], [ 127.3415, 36.6175 ], [ 127.3415, 36.614375 ], [ 127.34475, 36.614375 ] ] ] } },
{ "type": "Feature", "properties": { "grid_id": "dem-20-23", "mean_elevation_m": 25.16, "terrain_class": "LOW_ELEVATION_CONTEXT", "threshold_note": "LOW_ELEVATION_CONTEXT means <= AOI p25 elevation; it is not a flood extent." }, "geometry": { "type": "Polygon", "coordinates": [ [ [ 127.348, 36.614375 ], [ 127.348, 36.6175 ], [ 127.34475, 36.6175 ], [ 127.34475, 36.614375 ], [ 127.348, 36.614375 ] ] ] } },
{ "type": "Feature", "properties": { "grid_id": "dem-20-24", "mean_elevation_m": 21.12, "terrain_class": "LOW_ELEVATION_CONTEXT", "threshold_note": "LOW_ELEVATION_CONTEXT means <= AOI p25 elevation; it is not a flood extent." }, "geometry": { "type": "Polygon", "coordinates": [ [ [ 127.35125, 36.614375 ], [ 127.35125, 36.6175 ], [ 127.348, 36.6175 ], [ 127.348, 36.614375 ], [ 127.35125, 36.614375 ] ] ] } },
{ "type": "Feature", "properties": { "grid_id": "dem-21-08", "mean_elevation_m": 28.42, "terrain_class": "LOW_ELEVATION_CONTEXT", "threshold_note": "LOW_ELEVATION_CONTEXT means <= AOI p25 elevation; it is not a flood extent." }, "geometry": { "type": "Polygon", "coordinates": [ [ [ 127.29925, 36.61125 ], [ 127.29925, 36.614375 ], [ 127.296, 36.614375 ], [ 127.296, 36.61125 ], [ 127.29925, 36.61125 ] ] ] } },
{ "type": "Feature", "properties": { "grid_id": "dem-21-09", "mean_elevation_m": 28.04, "terrain_class": "LOW_ELEVATION_CONTEXT", "threshold_note": "LOW_ELEVATION_CONTEXT means <= AOI p25 elevation; it is not a flood extent." }, "geometry": { "type": "Polygon", "coordinates": [ [ [ 127.3025, 36.61125 ], [ 127.3025, 36.614375 ], [ 127.29925, 36.614375 ], [ 127.29925, 36.61125 ], [ 127.3025, 36.61125 ] ] ] } },
{ "type": "Feature", "properties": { "grid_id": "dem-21-10", "mean_elevation_m": 27.76, "terrain_class": "LOW_ELEVATION_CONTEXT", "threshold_note": "LOW_ELEVATION_CONTEXT means <= AOI p25 elevation; it is not a flood extent." }, "geometry": { "type": "Polygon", "coordinates": [ [ [ 127.30575, 36.61125 ], [ 127.30575, 36.614375 ], [ 127.3025, 36.614375 ], [ 127.3025, 36.61125 ], [ 127.30575, 36.61125 ] ] ] } },
{ "type": "Feature", "properties": { "grid_id": "dem-21-11", "mean_elevation_m": 28.09, "terrain_class": "LOW_ELEVATION_CONTEXT", "threshold_note": "LOW_ELEVATION_CONTEXT means <= AOI p25 elevation; it is not a flood extent." }, "geometry": { "type": "Polygon", "coordinates": [ [ [ 127.309, 36.61125 ], [ 127.309, 36.614375 ], [ 127.30575, 36.614375 ], [ 127.30575, 36.61125 ], [ 127.309, 36.61125 ] ] ] } },
{ "type": "Feature", "properties": { "grid_id": "dem-21-14", "mean_elevation_m": 28.99, "terrain_class": "LOW_ELEVATION_CONTEXT", "threshold_note": "LOW_ELEVATION_CONTEXT means <= AOI p25 elevation; it is not a flood extent." }, "geometry": { "type": "Polygon", "coordinates": [ [ [ 127.31875, 36.61125 ], [ 127.31875, 36.614375 ], [ 127.3155, 36.614375 ], [ 127.3155, 36.61125 ], [ 127.31875, 36.61125 ] ] ] } },
{ "type": "Feature", "properties": { "grid_id": "dem-21-15", "mean_elevation_m": 28.76, "terrain_class": "LOW_ELEVATION_CONTEXT", "threshold_note": "LOW_ELEVATION_CONTEXT means <= AOI p25 elevation; it is not a flood extent." }, "geometry": { "type": "Polygon", "coordinates": [ [ [ 127.322, 36.61125 ], [ 127.322, 36.614375 ], [ 127.31875, 36.614375 ], [ 127.31875, 36.61125 ], [ 127.322, 36.61125 ] ] ] } },
{ "type": "Feature", "properties": { "grid_id": "dem-21-16", "mean_elevation_m": 28.57, "terrain_class": "LOW_ELEVATION_CONTEXT", "threshold_note": "LOW_ELEVATION_CONTEXT means <= AOI p25 elevation; it is not a flood extent." }, "geometry": { "type": "Polygon", "coordinates": [ [ [ 127.32525, 36.61125 ], [ 127.32525, 36.614375 ], [ 127.322, 36.614375 ], [ 127.322, 36.61125 ], [ 127.32525, 36.61125 ] ] ] } },
{ "type": "Feature", "properties": { "grid_id": "dem-21-17", "mean_elevation_m": 29.04, "terrain_class": "LOW_ELEVATION_CONTEXT", "threshold_note": "LOW_ELEVATION_CONTEXT means <= AOI p25 elevation; it is not a flood extent." }, "geometry": { "type": "Polygon", "coordinates": [ [ [ 127.3285, 36.61125 ], [ 127.3285, 36.614375 ], [ 127.32525, 36.614375 ], [ 127.32525, 36.61125 ], [ 127.3285, 36.61125 ] ] ] } },
{ "type": "Feature", "properties": { "grid_id": "dem-21-18", "mean_elevation_m": 26.25, "terrain_class": "LOW_ELEVATION_CONTEXT", "threshold_note": "LOW_ELEVATION_CONTEXT means <= AOI p25 elevation; it is not a flood extent." }, "geometry": { "type": "Polygon", "coordinates": [ [ [ 127.33175, 36.61125 ], [ 127.33175, 36.614375 ], [ 127.3285, 36.614375 ], [ 127.3285, 36.61125 ], [ 127.33175, 36.61125 ] ] ] } },
{ "type": "Feature", "properties": { "grid_id": "dem-21-19", "mean_elevation_m": 27.73, "terrain_class": "LOW_ELEVATION_CONTEXT", "threshold_note": "LOW_ELEVATION_CONTEXT means <= AOI p25 elevation; it is not a flood extent." }, "geometry": { "type": "Polygon", "coordinates": [ [ [ 127.335, 36.61125 ], [ 127.335, 36.614375 ], [ 127.33175, 36.614375 ], [ 127.33175, 36.61125 ], [ 127.335, 36.61125 ] ] ] } },
{ "type": "Feature", "properties": { "grid_id": "dem-21-20", "mean_elevation_m": 27.58, "terrain_class": "LOW_ELEVATION_CONTEXT", "threshold_note": "LOW_ELEVATION_CONTEXT means <= AOI p25 elevation; it is not a flood extent." }, "geometry": { "type": "Polygon", "coordinates": [ [ [ 127.33825, 36.61125 ], [ 127.33825, 36.614375 ], [ 127.335, 36.614375 ], [ 127.335, 36.61125 ], [ 127.33825, 36.61125 ] ] ] } },
{ "type": "Feature", "properties": { "grid_id": "dem-21-21", "mean_elevation_m": 25.89, "terrain_class": "LOW_ELEVATION_CONTEXT", "threshold_note": "LOW_ELEVATION_CONTEXT means <= AOI p25 elevation; it is not a flood extent." }, "geometry": { "type": "Polygon", "coordinates": [ [ [ 127.3415, 36.61125 ], [ 127.3415, 36.614375 ], [ 127.33825, 36.614375 ], [ 127.33825, 36.61125 ], [ 127.3415, 36.61125 ] ] ] } },
{ "type": "Feature", "properties": { "grid_id": "dem-21-22", "mean_elevation_m": 24.9, "terrain_class": "LOW_ELEVATION_CONTEXT", "threshold_note": "LOW_ELEVATION_CONTEXT means <= AOI p25 elevation; it is not a flood extent." }, "geometry": { "type": "Polygon", "coordinates": [ [ [ 127.34475, 36.61125 ], [ 127.34475, 36.614375 ], [ 127.3415, 36.614375 ], [ 127.3415, 36.61125 ], [ 127.34475, 36.61125 ] ] ] } },
{ "type": "Feature", "properties": { "grid_id": "dem-21-23", "mean_elevation_m": 22.67, "terrain_class": "LOW_ELEVATION_CONTEXT", "threshold_note": "LOW_ELEVATION_CONTEXT means <= AOI p25 elevation; it is not a flood extent." }, "geometry": { "type": "Polygon", "coordinates": [ [ [ 127.348, 36.61125 ], [ 127.348, 36.614375 ], [ 127.34475, 36.614375 ], [ 127.34475, 36.61125 ], [ 127.348, 36.61125 ] ] ] } },
{ "type": "Feature", "properties": { "grid_id": "dem-21-24", "mean_elevation_m": 24.84, "terrain_class": "LOW_ELEVATION_CONTEXT", "threshold_note": "LOW_ELEVATION_CONTEXT means <= AOI p25 elevation; it is not a flood extent." }, "geometry": { "type": "Polygon", "coordinates": [ [ [ 127.35125, 36.61125 ], [ 127.35125, 36.614375 ], [ 127.348, 36.614375 ], [ 127.348, 36.61125 ], [ 127.35125, 36.61125 ] ] ] } },
{ "type": "Feature", "properties": { "grid_id": "dem-22-08", "mean_elevation_m": 27.69, "terrain_class": "LOW_ELEVATION_CONTEXT", "threshold_note": "LOW_ELEVATION_CONTEXT means <= AOI p25 elevation; it is not a flood extent." }, "geometry": { "type": "Polygon", "coordinates": [ [ [ 127.29925, 36.608125 ], [ 127.29925, 36.61125 ], [ 127.296, 36.61125 ], [ 127.296, 36.608125 ], [ 127.29925, 36.608125 ] ] ] } },
{ "type": "Feature", "properties": { "grid_id": "dem-22-09", "mean_elevation_m": 26.75, "terrain_class": "LOW_ELEVATION_CONTEXT", "threshold_note": "LOW_ELEVATION_CONTEXT means <= AOI p25 elevation; it is not a flood extent." }, "geometry": { "type": "Polygon", "coordinates": [ [ [ 127.3025, 36.608125 ], [ 127.3025, 36.61125 ], [ 127.29925, 36.61125 ], [ 127.29925, 36.608125 ], [ 127.3025, 36.608125 ] ] ] } },
{ "type": "Feature", "properties": { "grid_id": "dem-22-10", "mean_elevation_m": 27.0, "terrain_class": "LOW_ELEVATION_CONTEXT", "threshold_note": "LOW_ELEVATION_CONTEXT means <= AOI p25 elevation; it is not a flood extent." }, "geometry": { "type": "Polygon", "coordinates": [ [ [ 127.30575, 36.608125 ], [ 127.30575, 36.61125 ], [ 127.3025, 36.61125 ], [ 127.3025, 36.608125 ], [ 127.30575, 36.608125 ] ] ] } },
{ "type": "Feature", "properties": { "grid_id": "dem-22-11", "mean_elevation_m": 26.07, "terrain_class": "LOW_ELEVATION_CONTEXT", "threshold_note": "LOW_ELEVATION_CONTEXT means <= AOI p25 elevation; it is not a flood extent." }, "geometry": { "type": "Polygon", "coordinates": [ [ [ 127.309, 36.608125 ], [ 127.309, 36.61125 ], [ 127.30575, 36.61125 ], [ 127.30575, 36.608125 ], [ 127.309, 36.608125 ] ] ] } },
{ "type": "Feature", "properties": { "grid_id": "dem-22-12", "mean_elevation_m": 26.05, "terrain_class": "LOW_ELEVATION_CONTEXT", "threshold_note": "LOW_ELEVATION_CONTEXT means <= AOI p25 elevation; it is not a flood extent." }, "geometry": { "type": "Polygon", "coordinates": [ [ [ 127.31225, 36.608125 ], [ 127.31225, 36.61125 ], [ 127.309, 36.61125 ], [ 127.309, 36.608125 ], [ 127.31225, 36.608125 ] ] ] } },
{ "type": "Feature", "properties": { "grid_id": "dem-22-13", "mean_elevation_m": 25.93, "terrain_class": "LOW_ELEVATION_CONTEXT", "threshold_note": "LOW_ELEVATION_CONTEXT means <= AOI p25 elevation; it is not a flood extent." }, "geometry": { "type": "Polygon", "coordinates": [ [ [ 127.3155, 36.608125 ], [ 127.3155, 36.61125 ], [ 127.31225, 36.61125 ], [ 127.31225, 36.608125 ], [ 127.3155, 36.608125 ] ] ] } },
{ "type": "Feature", "properties": { "grid_id": "dem-22-14", "mean_elevation_m": 26.21, "terrain_class": "LOW_ELEVATION_CONTEXT", "threshold_note": "LOW_ELEVATION_CONTEXT means <= AOI p25 elevation; it is not a flood extent." }, "geometry": { "type": "Polygon", "coordinates": [ [ [ 127.31875, 36.608125 ], [ 127.31875, 36.61125 ], [ 127.3155, 36.61125 ], [ 127.3155, 36.608125 ], [ 127.31875, 36.608125 ] ] ] } },
{ "type": "Feature", "properties": { "grid_id": "dem-22-15", "mean_elevation_m": 27.2, "terrain_class": "LOW_ELEVATION_CONTEXT", "threshold_note": "LOW_ELEVATION_CONTEXT means <= AOI p25 elevation; it is not a flood extent." }, "geometry": { "type": "Polygon", "coordinates": [ [ [ 127.322, 36.608125 ], [ 127.322, 36.61125 ], [ 127.31875, 36.61125 ], [ 127.31875, 36.608125 ], [ 127.322, 36.608125 ] ] ] } },
{ "type": "Feature", "properties": { "grid_id": "dem-22-16", "mean_elevation_m": 27.69, "terrain_class": "LOW_ELEVATION_CONTEXT", "threshold_note": "LOW_ELEVATION_CONTEXT means <= AOI p25 elevation; it is not a flood extent." }, "geometry": { "type": "Polygon", "coordinates": [ [ [ 127.32525, 36.608125 ], [ 127.32525, 36.61125 ], [ 127.322, 36.61125 ], [ 127.322, 36.608125 ], [ 127.32525, 36.608125 ] ] ] } },
{ "type": "Feature", "properties": { "grid_id": "dem-22-17", "mean_elevation_m": 28.38, "terrain_class": "LOW_ELEVATION_CONTEXT", "threshold_note": "LOW_ELEVATION_CONTEXT means <= AOI p25 elevation; it is not a flood extent." }, "geometry": { "type": "Polygon", "coordinates": [ [ [ 127.3285, 36.608125 ], [ 127.3285, 36.61125 ], [ 127.32525, 36.61125 ], [ 127.32525, 36.608125 ], [ 127.3285, 36.608125 ] ] ] } },
{ "type": "Feature", "properties": { "grid_id": "dem-22-18", "mean_elevation_m": 25.09, "terrain_class": "LOW_ELEVATION_CONTEXT", "threshold_note": "LOW_ELEVATION_CONTEXT means <= AOI p25 elevation; it is not a flood extent." }, "geometry": { "type": "Polygon", "coordinates": [ [ [ 127.33175, 36.608125 ], [ 127.33175, 36.61125 ], [ 127.3285, 36.61125 ], [ 127.3285, 36.608125 ], [ 127.33175, 36.608125 ] ] ] } },
{ "type": "Feature", "properties": { "grid_id": "dem-22-19", "mean_elevation_m": 25.12, "terrain_class": "LOW_ELEVATION_CONTEXT", "threshold_note": "LOW_ELEVATION_CONTEXT means <= AOI p25 elevation; it is not a flood extent." }, "geometry": { "type": "Polygon", "coordinates": [ [ [ 127.335, 36.608125 ], [ 127.335, 36.61125 ], [ 127.33175, 36.61125 ], [ 127.33175, 36.608125 ], [ 127.335, 36.608125 ] ] ] } },
{ "type": "Feature", "properties": { "grid_id": "dem-22-20", "mean_elevation_m": 26.35, "terrain_class": "LOW_ELEVATION_CONTEXT", "threshold_note": "LOW_ELEVATION_CONTEXT means <= AOI p25 elevation; it is not a flood extent." }, "geometry": { "type": "Polygon", "coordinates": [ [ [ 127.33825, 36.608125 ], [ 127.33825, 36.61125 ], [ 127.335, 36.61125 ], [ 127.335, 36.608125 ], [ 127.33825, 36.608125 ] ] ] } },
{ "type": "Feature", "properties": { "grid_id": "dem-22-21", "mean_elevation_m": 27.8, "terrain_class": "LOW_ELEVATION_CONTEXT", "threshold_note": "LOW_ELEVATION_CONTEXT means <= AOI p25 elevation; it is not a flood extent." }, "geometry": { "type": "Polygon", "coordinates": [ [ [ 127.3415, 36.608125 ], [ 127.3415, 36.61125 ], [ 127.33825, 36.61125 ], [ 127.33825, 36.608125 ], [ 127.3415, 36.608125 ] ] ] } },
{ "type": "Feature", "properties": { "grid_id": "dem-22-22", "mean_elevation_m": 24.73, "terrain_class": "LOW_ELEVATION_CONTEXT", "threshold_note": "LOW_ELEVATION_CONTEXT means <= AOI p25 elevation; it is not a flood extent." }, "geometry": { "type": "Polygon", "coordinates": [ [ [ 127.34475, 36.608125 ], [ 127.34475, 36.61125 ], [ 127.3415, 36.61125 ], [ 127.3415, 36.608125 ], [ 127.34475, 36.608125 ] ] ] } },
{ "type": "Feature", "properties": { "grid_id": "dem-22-23", "mean_elevation_m": 20.98, "terrain_class": "LOW_ELEVATION_CONTEXT", "threshold_note": "LOW_ELEVATION_CONTEXT means <= AOI p25 elevation; it is not a flood extent." }, "geometry": { "type": "Polygon", "coordinates": [ [ [ 127.348, 36.608125 ], [ 127.348, 36.61125 ], [ 127.34475, 36.61125 ], [ 127.34475, 36.608125 ], [ 127.348, 36.608125 ] ] ] } },
{ "type": "Feature", "properties": { "grid_id": "dem-23-08", "mean_elevation_m": 29.17, "terrain_class": "LOW_ELEVATION_CONTEXT", "threshold_note": "LOW_ELEVATION_CONTEXT means <= AOI p25 elevation; it is not a flood extent." }, "geometry": { "type": "Polygon", "coordinates": [ [ [ 127.29925, 36.605 ], [ 127.29925, 36.608125 ], [ 127.296, 36.608125 ], [ 127.296, 36.605 ], [ 127.29925, 36.605 ] ] ] } },
{ "type": "Feature", "properties": { "grid_id": "dem-23-09", "mean_elevation_m": 27.81, "terrain_class": "LOW_ELEVATION_CONTEXT", "threshold_note": "LOW_ELEVATION_CONTEXT means <= AOI p25 elevation; it is not a flood extent." }, "geometry": { "type": "Polygon", "coordinates": [ [ [ 127.3025, 36.605 ], [ 127.3025, 36.608125 ], [ 127.29925, 36.608125 ], [ 127.29925, 36.605 ], [ 127.3025, 36.605 ] ] ] } },
{ "type": "Feature", "properties": { "grid_id": "dem-23-10", "mean_elevation_m": 26.21, "terrain_class": "LOW_ELEVATION_CONTEXT", "threshold_note": "LOW_ELEVATION_CONTEXT means <= AOI p25 elevation; it is not a flood extent." }, "geometry": { "type": "Polygon", "coordinates": [ [ [ 127.30575, 36.605 ], [ 127.30575, 36.608125 ], [ 127.3025, 36.608125 ], [ 127.3025, 36.605 ], [ 127.30575, 36.605 ] ] ] } },
{ "type": "Feature", "properties": { "grid_id": "dem-23-11", "mean_elevation_m": 25.65, "terrain_class": "LOW_ELEVATION_CONTEXT", "threshold_note": "LOW_ELEVATION_CONTEXT means <= AOI p25 elevation; it is not a flood extent." }, "geometry": { "type": "Polygon", "coordinates": [ [ [ 127.309, 36.605 ], [ 127.309, 36.608125 ], [ 127.30575, 36.608125 ], [ 127.30575, 36.605 ], [ 127.309, 36.605 ] ] ] } },
{ "type": "Feature", "properties": { "grid_id": "dem-23-12", "mean_elevation_m": 25.26, "terrain_class": "LOW_ELEVATION_CONTEXT", "threshold_note": "LOW_ELEVATION_CONTEXT means <= AOI p25 elevation; it is not a flood extent." }, "geometry": { "type": "Polygon", "coordinates": [ [ [ 127.31225, 36.605 ], [ 127.31225, 36.608125 ], [ 127.309, 36.608125 ], [ 127.309, 36.605 ], [ 127.31225, 36.605 ] ] ] } },
{ "type": "Feature", "properties": { "grid_id": "dem-23-13", "mean_elevation_m": 25.55, "terrain_class": "LOW_ELEVATION_CONTEXT", "threshold_note": "LOW_ELEVATION_CONTEXT means <= AOI p25 elevation; it is not a flood extent." }, "geometry": { "type": "Polygon", "coordinates": [ [ [ 127.3155, 36.605 ], [ 127.3155, 36.608125 ], [ 127.31225, 36.608125 ], [ 127.31225, 36.605 ], [ 127.3155, 36.605 ] ] ] } },
{ "type": "Feature", "properties": { "grid_id": "dem-23-14", "mean_elevation_m": 26.25, "terrain_class": "LOW_ELEVATION_CONTEXT", "threshold_note": "LOW_ELEVATION_CONTEXT means <= AOI p25 elevation; it is not a flood extent." }, "geometry": { "type": "Polygon", "coordinates": [ [ [ 127.31875, 36.605 ], [ 127.31875, 36.608125 ], [ 127.3155, 36.608125 ], [ 127.3155, 36.605 ], [ 127.31875, 36.605 ] ] ] } },
{ "type": "Feature", "properties": { "grid_id": "dem-23-15", "mean_elevation_m": 26.13, "terrain_class": "LOW_ELEVATION_CONTEXT", "threshold_note": "LOW_ELEVATION_CONTEXT means <= AOI p25 elevation; it is not a flood extent." }, "geometry": { "type": "Polygon", "coordinates": [ [ [ 127.322, 36.605 ], [ 127.322, 36.608125 ], [ 127.31875, 36.608125 ], [ 127.31875, 36.605 ], [ 127.322, 36.605 ] ] ] } },
{ "type": "Feature", "properties": { "grid_id": "dem-23-16", "mean_elevation_m": 26.84, "terrain_class": "LOW_ELEVATION_CONTEXT", "threshold_note": "LOW_ELEVATION_CONTEXT means <= AOI p25 elevation; it is not a flood extent." }, "geometry": { "type": "Polygon", "coordinates": [ [ [ 127.32525, 36.605 ], [ 127.32525, 36.608125 ], [ 127.322, 36.608125 ], [ 127.322, 36.605 ], [ 127.32525, 36.605 ] ] ] } },
{ "type": "Feature", "properties": { "grid_id": "dem-23-17", "mean_elevation_m": 24.76, "terrain_class": "LOW_ELEVATION_CONTEXT", "threshold_note": "LOW_ELEVATION_CONTEXT means <= AOI p25 elevation; it is not a flood extent." }, "geometry": { "type": "Polygon", "coordinates": [ [ [ 127.3285, 36.605 ], [ 127.3285, 36.608125 ], [ 127.32525, 36.608125 ], [ 127.32525, 36.605 ], [ 127.3285, 36.605 ] ] ] } },
{ "type": "Feature", "properties": { "grid_id": "dem-23-18", "mean_elevation_m": 24.72, "terrain_class": "LOW_ELEVATION_CONTEXT", "threshold_note": "LOW_ELEVATION_CONTEXT means <= AOI p25 elevation; it is not a flood extent." }, "geometry": { "type": "Polygon", "coordinates": [ [ [ 127.33175, 36.605 ], [ 127.33175, 36.608125 ], [ 127.3285, 36.608125 ], [ 127.3285, 36.605 ], [ 127.33175, 36.605 ] ] ] } },
{ "type": "Feature", "properties": { "grid_id": "dem-23-19", "mean_elevation_m": 24.61, "terrain_class": "LOW_ELEVATION_CONTEXT", "threshold_note": "LOW_ELEVATION_CONTEXT means <= AOI p25 elevation; it is not a flood extent." }, "geometry": { "type": "Polygon", "coordinates": [ [ [ 127.335, 36.605 ], [ 127.335, 36.608125 ], [ 127.33175, 36.608125 ], [ 127.33175, 36.605 ], [ 127.335, 36.605 ] ] ] } },
{ "type": "Feature", "properties": { "grid_id": "dem-23-20", "mean_elevation_m": 25.2, "terrain_class": "LOW_ELEVATION_CONTEXT", "threshold_note": "LOW_ELEVATION_CONTEXT means <= AOI p25 elevation; it is not a flood extent." }, "geometry": { "type": "Polygon", "coordinates": [ [ [ 127.33825, 36.605 ], [ 127.33825, 36.608125 ], [ 127.335, 36.608125 ], [ 127.335, 36.605 ], [ 127.33825, 36.605 ] ] ] } },
{ "type": "Feature", "properties": { "grid_id": "dem-23-21", "mean_elevation_m": 27.99, "terrain_class": "LOW_ELEVATION_CONTEXT", "threshold_note": "LOW_ELEVATION_CONTEXT means <= AOI p25 elevation; it is not a flood extent." }, "geometry": { "type": "Polygon", "coordinates": [ [ [ 127.3415, 36.605 ], [ 127.3415, 36.608125 ], [ 127.33825, 36.608125 ], [ 127.33825, 36.605 ], [ 127.3415, 36.605 ] ] ] } },
{ "type": "Feature", "properties": { "grid_id": "dem-23-22", "mean_elevation_m": 23.65, "terrain_class": "LOW_ELEVATION_CONTEXT", "threshold_note": "LOW_ELEVATION_CONTEXT means <= AOI p25 elevation; it is not a flood extent." }, "geometry": { "type": "Polygon", "coordinates": [ [ [ 127.34475, 36.605 ], [ 127.34475, 36.608125 ], [ 127.3415, 36.608125 ], [ 127.3415, 36.605 ], [ 127.34475, 36.605 ] ] ] } },
{ "type": "Feature", "properties": { "grid_id": "dem-23-23", "mean_elevation_m": 22.28, "terrain_class": "LOW_ELEVATION_CONTEXT", "threshold_note": "LOW_ELEVATION_CONTEXT means <= AOI p25 elevation; it is not a flood extent." }, "geometry": { "type": "Polygon", "coordinates": [ [ [ 127.348, 36.605 ], [ 127.348, 36.608125 ], [ 127.34475, 36.608125 ], [ 127.34475, 36.605 ], [ 127.348, 36.605 ] ] ] } },
{ "type": "Feature", "properties": { "grid_id": "dem-24-08", "mean_elevation_m": 29.34, "terrain_class": "LOW_ELEVATION_CONTEXT", "threshold_note": "LOW_ELEVATION_CONTEXT means <= AOI p25 elevation; it is not a flood extent." }, "geometry": { "type": "Polygon", "coordinates": [ [ [ 127.29925, 36.601875 ], [ 127.29925, 36.605 ], [ 127.296, 36.605 ], [ 127.296, 36.601875 ], [ 127.29925, 36.601875 ] ] ] } },
{ "type": "Feature", "properties": { "grid_id": "dem-24-09", "mean_elevation_m": 28.69, "terrain_class": "LOW_ELEVATION_CONTEXT", "threshold_note": "LOW_ELEVATION_CONTEXT means <= AOI p25 elevation; it is not a flood extent." }, "geometry": { "type": "Polygon", "coordinates": [ [ [ 127.3025, 36.601875 ], [ 127.3025, 36.605 ], [ 127.29925, 36.605 ], [ 127.29925, 36.601875 ], [ 127.3025, 36.601875 ] ] ] } },
{ "type": "Feature", "properties": { "grid_id": "dem-24-10", "mean_elevation_m": 27.22, "terrain_class": "LOW_ELEVATION_CONTEXT", "threshold_note": "LOW_ELEVATION_CONTEXT means <= AOI p25 elevation; it is not a flood extent." }, "geometry": { "type": "Polygon", "coordinates": [ [ [ 127.30575, 36.601875 ], [ 127.30575, 36.605 ], [ 127.3025, 36.605 ], [ 127.3025, 36.601875 ], [ 127.30575, 36.601875 ] ] ] } },
{ "type": "Feature", "properties": { "grid_id": "dem-24-11", "mean_elevation_m": 26.39, "terrain_class": "LOW_ELEVATION_CONTEXT", "threshold_note": "LOW_ELEVATION_CONTEXT means <= AOI p25 elevation; it is not a flood extent." }, "geometry": { "type": "Polygon", "coordinates": [ [ [ 127.309, 36.601875 ], [ 127.309, 36.605 ], [ 127.30575, 36.605 ], [ 127.30575, 36.601875 ], [ 127.309, 36.601875 ] ] ] } },
{ "type": "Feature", "properties": { "grid_id": "dem-24-12", "mean_elevation_m": 25.34, "terrain_class": "LOW_ELEVATION_CONTEXT", "threshold_note": "LOW_ELEVATION_CONTEXT means <= AOI p25 elevation; it is not a flood extent." }, "geometry": { "type": "Polygon", "coordinates": [ [ [ 127.31225, 36.601875 ], [ 127.31225, 36.605 ], [ 127.309, 36.605 ], [ 127.309, 36.601875 ], [ 127.31225, 36.601875 ] ] ] } },
{ "type": "Feature", "properties": { "grid_id": "dem-24-13", "mean_elevation_m": 23.96, "terrain_class": "LOW_ELEVATION_CONTEXT", "threshold_note": "LOW_ELEVATION_CONTEXT means <= AOI p25 elevation; it is not a flood extent." }, "geometry": { "type": "Polygon", "coordinates": [ [ [ 127.3155, 36.601875 ], [ 127.3155, 36.605 ], [ 127.31225, 36.605 ], [ 127.31225, 36.601875 ], [ 127.3155, 36.601875 ] ] ] } },
{ "type": "Feature", "properties": { "grid_id": "dem-24-14", "mean_elevation_m": 25.37, "terrain_class": "LOW_ELEVATION_CONTEXT", "threshold_note": "LOW_ELEVATION_CONTEXT means <= AOI p25 elevation; it is not a flood extent." }, "geometry": { "type": "Polygon", "coordinates": [ [ [ 127.31875, 36.601875 ], [ 127.31875, 36.605 ], [ 127.3155, 36.605 ], [ 127.3155, 36.601875 ], [ 127.31875, 36.601875 ] ] ] } },
{ "type": "Feature", "properties": { "grid_id": "dem-24-15", "mean_elevation_m": 25.31, "terrain_class": "LOW_ELEVATION_CONTEXT", "threshold_note": "LOW_ELEVATION_CONTEXT means <= AOI p25 elevation; it is not a flood extent." }, "geometry": { "type": "Polygon", "coordinates": [ [ [ 127.322, 36.601875 ], [ 127.322, 36.605 ], [ 127.31875, 36.605 ], [ 127.31875, 36.601875 ], [ 127.322, 36.601875 ] ] ] } },
{ "type": "Feature", "properties": { "grid_id": "dem-24-16", "mean_elevation_m": 25.56, "terrain_class": "LOW_ELEVATION_CONTEXT", "threshold_note": "LOW_ELEVATION_CONTEXT means <= AOI p25 elevation; it is not a flood extent." }, "geometry": { "type": "Polygon", "coordinates": [ [ [ 127.32525, 36.601875 ], [ 127.32525, 36.605 ], [ 127.322, 36.605 ], [ 127.322, 36.601875 ], [ 127.32525, 36.601875 ] ] ] } },
{ "type": "Feature", "properties": { "grid_id": "dem-24-17", "mean_elevation_m": 24.81, "terrain_class": "LOW_ELEVATION_CONTEXT", "threshold_note": "LOW_ELEVATION_CONTEXT means <= AOI p25 elevation; it is not a flood extent." }, "geometry": { "type": "Polygon", "coordinates": [ [ [ 127.3285, 36.601875 ], [ 127.3285, 36.605 ], [ 127.32525, 36.605 ], [ 127.32525, 36.601875 ], [ 127.3285, 36.601875 ] ] ] } },
{ "type": "Feature", "properties": { "grid_id": "dem-24-18", "mean_elevation_m": 23.82, "terrain_class": "LOW_ELEVATION_CONTEXT", "threshold_note": "LOW_ELEVATION_CONTEXT means <= AOI p25 elevation; it is not a flood extent." }, "geometry": { "type": "Polygon", "coordinates": [ [ [ 127.33175, 36.601875 ], [ 127.33175, 36.605 ], [ 127.3285, 36.605 ], [ 127.3285, 36.601875 ], [ 127.33175, 36.601875 ] ] ] } },
{ "type": "Feature", "properties": { "grid_id": "dem-24-19", "mean_elevation_m": 24.39, "terrain_class": "LOW_ELEVATION_CONTEXT", "threshold_note": "LOW_ELEVATION_CONTEXT means <= AOI p25 elevation; it is not a flood extent." }, "geometry": { "type": "Polygon", "coordinates": [ [ [ 127.335, 36.601875 ], [ 127.335, 36.605 ], [ 127.33175, 36.605 ], [ 127.33175, 36.601875 ], [ 127.335, 36.601875 ] ] ] } },
{ "type": "Feature", "properties": { "grid_id": "dem-24-20", "mean_elevation_m": 24.73, "terrain_class": "LOW_ELEVATION_CONTEXT", "threshold_note": "LOW_ELEVATION_CONTEXT means <= AOI p25 elevation; it is not a flood extent." }, "geometry": { "type": "Polygon", "coordinates": [ [ [ 127.33825, 36.601875 ], [ 127.33825, 36.605 ], [ 127.335, 36.605 ], [ 127.335, 36.601875 ], [ 127.33825, 36.601875 ] ] ] } },
{ "type": "Feature", "properties": { "grid_id": "dem-24-21", "mean_elevation_m": 26.04, "terrain_class": "LOW_ELEVATION_CONTEXT", "threshold_note": "LOW_ELEVATION_CONTEXT means <= AOI p25 elevation; it is not a flood extent." }, "geometry": { "type": "Polygon", "coordinates": [ [ [ 127.3415, 36.601875 ], [ 127.3415, 36.605 ], [ 127.33825, 36.605 ], [ 127.33825, 36.601875 ], [ 127.3415, 36.601875 ] ] ] } },
{ "type": "Feature", "properties": { "grid_id": "dem-24-22", "mean_elevation_m": 21.38, "terrain_class": "LOW_ELEVATION_CONTEXT", "threshold_note": "LOW_ELEVATION_CONTEXT means <= AOI p25 elevation; it is not a flood extent." }, "geometry": { "type": "Polygon", "coordinates": [ [ [ 127.34475, 36.601875 ], [ 127.34475, 36.605 ], [ 127.3415, 36.605 ], [ 127.3415, 36.601875 ], [ 127.34475, 36.601875 ] ] ] } },
{ "type": "Feature", "properties": { "grid_id": "dem-24-23", "mean_elevation_m": 23.49, "terrain_class": "LOW_ELEVATION_CONTEXT", "threshold_note": "LOW_ELEVATION_CONTEXT means <= AOI p25 elevation; it is not a flood extent." }, "geometry": { "type": "Polygon", "coordinates": [ [ [ 127.348, 36.601875 ], [ 127.348, 36.605 ], [ 127.34475, 36.605 ], [ 127.34475, 36.601875 ], [ 127.348, 36.601875 ] ] ] } },
{ "type": "Feature", "properties": { "grid_id": "dem-24-24", "mean_elevation_m": 25.7, "terrain_class": "LOW_ELEVATION_CONTEXT", "threshold_note": "LOW_ELEVATION_CONTEXT means <= AOI p25 elevation; it is not a flood extent." }, "geometry": { "type": "Polygon", "coordinates": [ [ [ 127.35125, 36.601875 ], [ 127.35125, 36.605 ], [ 127.348, 36.605 ], [ 127.348, 36.601875 ], [ 127.35125, 36.601875 ] ] ] } },
{ "type": "Feature", "properties": { "grid_id": "dem-25-08", "mean_elevation_m": 29.77, "terrain_class": "LOW_ELEVATION_CONTEXT", "threshold_note": "LOW_ELEVATION_CONTEXT means <= AOI p25 elevation; it is not a flood extent." }, "geometry": { "type": "Polygon", "coordinates": [ [ [ 127.29925, 36.59875 ], [ 127.29925, 36.601875 ], [ 127.296, 36.601875 ], [ 127.296, 36.59875 ], [ 127.29925, 36.59875 ] ] ] } },
{ "type": "Feature", "properties": { "grid_id": "dem-25-09", "mean_elevation_m": 29.16, "terrain_class": "LOW_ELEVATION_CONTEXT", "threshold_note": "LOW_ELEVATION_CONTEXT means <= AOI p25 elevation; it is not a flood extent." }, "geometry": { "type": "Polygon", "coordinates": [ [ [ 127.3025, 36.59875 ], [ 127.3025, 36.601875 ], [ 127.29925, 36.601875 ], [ 127.29925, 36.59875 ], [ 127.3025, 36.59875 ] ] ] } },
{ "type": "Feature", "properties": { "grid_id": "dem-25-10", "mean_elevation_m": 27.51, "terrain_class": "LOW_ELEVATION_CONTEXT", "threshold_note": "LOW_ELEVATION_CONTEXT means <= AOI p25 elevation; it is not a flood extent." }, "geometry": { "type": "Polygon", "coordinates": [ [ [ 127.30575, 36.59875 ], [ 127.30575, 36.601875 ], [ 127.3025, 36.601875 ], [ 127.3025, 36.59875 ], [ 127.30575, 36.59875 ] ] ] } },
{ "type": "Feature", "properties": { "grid_id": "dem-25-11", "mean_elevation_m": 24.97, "terrain_class": "LOW_ELEVATION_CONTEXT", "threshold_note": "LOW_ELEVATION_CONTEXT means <= AOI p25 elevation; it is not a flood extent." }, "geometry": { "type": "Polygon", "coordinates": [ [ [ 127.309, 36.59875 ], [ 127.309, 36.601875 ], [ 127.30575, 36.601875 ], [ 127.30575, 36.59875 ], [ 127.309, 36.59875 ] ] ] } },
{ "type": "Feature", "properties": { "grid_id": "dem-25-12", "mean_elevation_m": 24.63, "terrain_class": "LOW_ELEVATION_CONTEXT", "threshold_note": "LOW_ELEVATION_CONTEXT means <= AOI p25 elevation; it is not a flood extent." }, "geometry": { "type": "Polygon", "coordinates": [ [ [ 127.31225, 36.59875 ], [ 127.31225, 36.601875 ], [ 127.309, 36.601875 ], [ 127.309, 36.59875 ], [ 127.31225, 36.59875 ] ] ] } },
{ "type": "Feature", "properties": { "grid_id": "dem-25-13", "mean_elevation_m": 23.87, "terrain_class": "LOW_ELEVATION_CONTEXT", "threshold_note": "LOW_ELEVATION_CONTEXT means <= AOI p25 elevation; it is not a flood extent." }, "geometry": { "type": "Polygon", "coordinates": [ [ [ 127.3155, 36.59875 ], [ 127.3155, 36.601875 ], [ 127.31225, 36.601875 ], [ 127.31225, 36.59875 ], [ 127.3155, 36.59875 ] ] ] } },
{ "type": "Feature", "properties": { "grid_id": "dem-25-14", "mean_elevation_m": 24.37, "terrain_class": "LOW_ELEVATION_CONTEXT", "threshold_note": "LOW_ELEVATION_CONTEXT means <= AOI p25 elevation; it is not a flood extent." }, "geometry": { "type": "Polygon", "coordinates": [ [ [ 127.31875, 36.59875 ], [ 127.31875, 36.601875 ], [ 127.3155, 36.601875 ], [ 127.3155, 36.59875 ], [ 127.31875, 36.59875 ] ] ] } },
{ "type": "Feature", "properties": { "grid_id": "dem-25-15", "mean_elevation_m": 24.24, "terrain_class": "LOW_ELEVATION_CONTEXT", "threshold_note": "LOW_ELEVATION_CONTEXT means <= AOI p25 elevation; it is not a flood extent." }, "geometry": { "type": "Polygon", "coordinates": [ [ [ 127.322, 36.59875 ], [ 127.322, 36.601875 ], [ 127.31875, 36.601875 ], [ 127.31875, 36.59875 ], [ 127.322, 36.59875 ] ] ] } },
{ "type": "Feature", "properties": { "grid_id": "dem-25-16", "mean_elevation_m": 24.07, "terrain_class": "LOW_ELEVATION_CONTEXT", "threshold_note": "LOW_ELEVATION_CONTEXT means <= AOI p25 elevation; it is not a flood extent." }, "geometry": { "type": "Polygon", "coordinates": [ [ [ 127.32525, 36.59875 ], [ 127.32525, 36.601875 ], [ 127.322, 36.601875 ], [ 127.322, 36.59875 ], [ 127.32525, 36.59875 ] ] ] } },
{ "type": "Feature", "properties": { "grid_id": "dem-25-17", "mean_elevation_m": 23.5, "terrain_class": "LOW_ELEVATION_CONTEXT", "threshold_note": "LOW_ELEVATION_CONTEXT means <= AOI p25 elevation; it is not a flood extent." }, "geometry": { "type": "Polygon", "coordinates": [ [ [ 127.3285, 36.59875 ], [ 127.3285, 36.601875 ], [ 127.32525, 36.601875 ], [ 127.32525, 36.59875 ], [ 127.3285, 36.59875 ] ] ] } },
{ "type": "Feature", "properties": { "grid_id": "dem-25-18", "mean_elevation_m": 22.87, "terrain_class": "LOW_ELEVATION_CONTEXT", "threshold_note": "LOW_ELEVATION_CONTEXT means <= AOI p25 elevation; it is not a flood extent." }, "geometry": { "type": "Polygon", "coordinates": [ [ [ 127.33175, 36.59875 ], [ 127.33175, 36.601875 ], [ 127.3285, 36.601875 ], [ 127.3285, 36.59875 ], [ 127.33175, 36.59875 ] ] ] } },
{ "type": "Feature", "properties": { "grid_id": "dem-25-19", "mean_elevation_m": 23.94, "terrain_class": "LOW_ELEVATION_CONTEXT", "threshold_note": "LOW_ELEVATION_CONTEXT means <= AOI p25 elevation; it is not a flood extent." }, "geometry": { "type": "Polygon", "coordinates": [ [ [ 127.335, 36.59875 ], [ 127.335, 36.601875 ], [ 127.33175, 36.601875 ], [ 127.33175, 36.59875 ], [ 127.335, 36.59875 ] ] ] } },
{ "type": "Feature", "properties": { "grid_id": "dem-25-20", "mean_elevation_m": 25.19, "terrain_class": "LOW_ELEVATION_CONTEXT", "threshold_note": "LOW_ELEVATION_CONTEXT means <= AOI p25 elevation; it is not a flood extent." }, "geometry": { "type": "Polygon", "coordinates": [ [ [ 127.33825, 36.59875 ], [ 127.33825, 36.601875 ], [ 127.335, 36.601875 ], [ 127.335, 36.59875 ], [ 127.33825, 36.59875 ] ] ] } },
{ "type": "Feature", "properties": { "grid_id": "dem-25-21", "mean_elevation_m": 24.91, "terrain_class": "LOW_ELEVATION_CONTEXT", "threshold_note": "LOW_ELEVATION_CONTEXT means <= AOI p25 elevation; it is not a flood extent." }, "geometry": { "type": "Polygon", "coordinates": [ [ [ 127.3415, 36.59875 ], [ 127.3415, 36.601875 ], [ 127.33825, 36.601875 ], [ 127.33825, 36.59875 ], [ 127.3415, 36.59875 ] ] ] } },
{ "type": "Feature", "properties": { "grid_id": "dem-25-22", "mean_elevation_m": 20.95, "terrain_class": "LOW_ELEVATION_CONTEXT", "threshold_note": "LOW_ELEVATION_CONTEXT means <= AOI p25 elevation; it is not a flood extent." }, "geometry": { "type": "Polygon", "coordinates": [ [ [ 127.34475, 36.59875 ], [ 127.34475, 36.601875 ], [ 127.3415, 36.601875 ], [ 127.3415, 36.59875 ], [ 127.34475, 36.59875 ] ] ] } },
{ "type": "Feature", "properties": { "grid_id": "dem-25-23", "mean_elevation_m": 24.0, "terrain_class": "LOW_ELEVATION_CONTEXT", "threshold_note": "LOW_ELEVATION_CONTEXT means <= AOI p25 elevation; it is not a flood extent." }, "geometry": { "type": "Polygon", "coordinates": [ [ [ 127.348, 36.59875 ], [ 127.348, 36.601875 ], [ 127.34475, 36.601875 ], [ 127.34475, 36.59875 ], [ 127.348, 36.59875 ] ] ] } },
{ "type": "Feature", "properties": { "grid_id": "dem-26-08", "mean_elevation_m": 28.39, "terrain_class": "LOW_ELEVATION_CONTEXT", "threshold_note": "LOW_ELEVATION_CONTEXT means <= AOI p25 elevation; it is not a flood extent." }, "geometry": { "type": "Polygon", "coordinates": [ [ [ 127.29925, 36.595625 ], [ 127.29925, 36.59875 ], [ 127.296, 36.59875 ], [ 127.296, 36.595625 ], [ 127.29925, 36.595625 ] ] ] } },
{ "type": "Feature", "properties": { "grid_id": "dem-26-09", "mean_elevation_m": 27.78, "terrain_class": "LOW_ELEVATION_CONTEXT", "threshold_note": "LOW_ELEVATION_CONTEXT means <= AOI p25 elevation; it is not a flood extent." }, "geometry": { "type": "Polygon", "coordinates": [ [ [ 127.3025, 36.595625 ], [ 127.3025, 36.59875 ], [ 127.29925, 36.59875 ], [ 127.29925, 36.595625 ], [ 127.3025, 36.595625 ] ] ] } },
{ "type": "Feature", "properties": { "grid_id": "dem-26-10", "mean_elevation_m": 26.05, "terrain_class": "LOW_ELEVATION_CONTEXT", "threshold_note": "LOW_ELEVATION_CONTEXT means <= AOI p25 elevation; it is not a flood extent." }, "geometry": { "type": "Polygon", "coordinates": [ [ [ 127.30575, 36.595625 ], [ 127.30575, 36.59875 ], [ 127.3025, 36.59875 ], [ 127.3025, 36.595625 ], [ 127.30575, 36.595625 ] ] ] } },
{ "type": "Feature", "properties": { "grid_id": "dem-26-11", "mean_elevation_m": 25.06, "terrain_class": "LOW_ELEVATION_CONTEXT", "threshold_note": "LOW_ELEVATION_CONTEXT means <= AOI p25 elevation; it is not a flood extent." }, "geometry": { "type": "Polygon", "coordinates": [ [ [ 127.309, 36.595625 ], [ 127.309, 36.59875 ], [ 127.30575, 36.59875 ], [ 127.30575, 36.595625 ], [ 127.309, 36.595625 ] ] ] } },
{ "type": "Feature", "properties": { "grid_id": "dem-26-12", "mean_elevation_m": 24.36, "terrain_class": "LOW_ELEVATION_CONTEXT", "threshold_note": "LOW_ELEVATION_CONTEXT means <= AOI p25 elevation; it is not a flood extent." }, "geometry": { "type": "Polygon", "coordinates": [ [ [ 127.31225, 36.595625 ], [ 127.31225, 36.59875 ], [ 127.309, 36.59875 ], [ 127.309, 36.595625 ], [ 127.31225, 36.595625 ] ] ] } },
{ "type": "Feature", "properties": { "grid_id": "dem-26-13", "mean_elevation_m": 24.0, "terrain_class": "LOW_ELEVATION_CONTEXT", "threshold_note": "LOW_ELEVATION_CONTEXT means <= AOI p25 elevation; it is not a flood extent." }, "geometry": { "type": "Polygon", "coordinates": [ [ [ 127.3155, 36.595625 ], [ 127.3155, 36.59875 ], [ 127.31225, 36.59875 ], [ 127.31225, 36.595625 ], [ 127.3155, 36.595625 ] ] ] } },
{ "type": "Feature", "properties": { "grid_id": "dem-26-14", "mean_elevation_m": 24.27, "terrain_class": "LOW_ELEVATION_CONTEXT", "threshold_note": "LOW_ELEVATION_CONTEXT means <= AOI p25 elevation; it is not a flood extent." }, "geometry": { "type": "Polygon", "coordinates": [ [ [ 127.31875, 36.595625 ], [ 127.31875, 36.59875 ], [ 127.3155, 36.59875 ], [ 127.3155, 36.595625 ], [ 127.31875, 36.595625 ] ] ] } },
{ "type": "Feature", "properties": { "grid_id": "dem-26-15", "mean_elevation_m": 23.9, "terrain_class": "LOW_ELEVATION_CONTEXT", "threshold_note": "LOW_ELEVATION_CONTEXT means <= AOI p25 elevation; it is not a flood extent." }, "geometry": { "type": "Polygon", "coordinates": [ [ [ 127.322, 36.595625 ], [ 127.322, 36.59875 ], [ 127.31875, 36.59875 ], [ 127.31875, 36.595625 ], [ 127.322, 36.595625 ] ] ] } },
{ "type": "Feature", "properties": { "grid_id": "dem-26-16", "mean_elevation_m": 23.26, "terrain_class": "LOW_ELEVATION_CONTEXT", "threshold_note": "LOW_ELEVATION_CONTEXT means <= AOI p25 elevation; it is not a flood extent." }, "geometry": { "type": "Polygon", "coordinates": [ [ [ 127.32525, 36.595625 ], [ 127.32525, 36.59875 ], [ 127.322, 36.59875 ], [ 127.322, 36.595625 ], [ 127.32525, 36.595625 ] ] ] } },
{ "type": "Feature", "properties": { "grid_id": "dem-26-17", "mean_elevation_m": 23.69, "terrain_class": "LOW_ELEVATION_CONTEXT", "threshold_note": "LOW_ELEVATION_CONTEXT means <= AOI p25 elevation; it is not a flood extent." }, "geometry": { "type": "Polygon", "coordinates": [ [ [ 127.3285, 36.595625 ], [ 127.3285, 36.59875 ], [ 127.32525, 36.59875 ], [ 127.32525, 36.595625 ], [ 127.3285, 36.595625 ] ] ] } },
{ "type": "Feature", "properties": { "grid_id": "dem-26-18", "mean_elevation_m": 23.01, "terrain_class": "LOW_ELEVATION_CONTEXT", "threshold_note": "LOW_ELEVATION_CONTEXT means <= AOI p25 elevation; it is not a flood extent." }, "geometry": { "type": "Polygon", "coordinates": [ [ [ 127.33175, 36.595625 ], [ 127.33175, 36.59875 ], [ 127.3285, 36.59875 ], [ 127.3285, 36.595625 ], [ 127.33175, 36.595625 ] ] ] } },
{ "type": "Feature", "properties": { "grid_id": "dem-26-19", "mean_elevation_m": 25.53, "terrain_class": "LOW_ELEVATION_CONTEXT", "threshold_note": "LOW_ELEVATION_CONTEXT means <= AOI p25 elevation; it is not a flood extent." }, "geometry": { "type": "Polygon", "coordinates": [ [ [ 127.335, 36.595625 ], [ 127.335, 36.59875 ], [ 127.33175, 36.59875 ], [ 127.33175, 36.595625 ], [ 127.335, 36.595625 ] ] ] } },
{ "type": "Feature", "properties": { "grid_id": "dem-26-20", "mean_elevation_m": 21.26, "terrain_class": "LOW_ELEVATION_CONTEXT", "threshold_note": "LOW_ELEVATION_CONTEXT means <= AOI p25 elevation; it is not a flood extent." }, "geometry": { "type": "Polygon", "coordinates": [ [ [ 127.33825, 36.595625 ], [ 127.33825, 36.59875 ], [ 127.335, 36.59875 ], [ 127.335, 36.595625 ], [ 127.33825, 36.595625 ] ] ] } },
{ "type": "Feature", "properties": { "grid_id": "dem-26-21", "mean_elevation_m": 21.7, "terrain_class": "LOW_ELEVATION_CONTEXT", "threshold_note": "LOW_ELEVATION_CONTEXT means <= AOI p25 elevation; it is not a flood extent." }, "geometry": { "type": "Polygon", "coordinates": [ [ [ 127.3415, 36.595625 ], [ 127.3415, 36.59875 ], [ 127.33825, 36.59875 ], [ 127.33825, 36.595625 ], [ 127.3415, 36.595625 ] ] ] } },
{ "type": "Feature", "properties": { "grid_id": "dem-26-22", "mean_elevation_m": 23.41, "terrain_class": "LOW_ELEVATION_CONTEXT", "threshold_note": "LOW_ELEVATION_CONTEXT means <= AOI p25 elevation; it is not a flood extent." }, "geometry": { "type": "Polygon", "coordinates": [ [ [ 127.34475, 36.595625 ], [ 127.34475, 36.59875 ], [ 127.3415, 36.59875 ], [ 127.3415, 36.595625 ], [ 127.34475, 36.595625 ] ] ] } },
{ "type": "Feature", "properties": { "grid_id": "dem-27-09", "mean_elevation_m": 27.61, "terrain_class": "LOW_ELEVATION_CONTEXT", "threshold_note": "LOW_ELEVATION_CONTEXT means <= AOI p25 elevation; it is not a flood extent." }, "geometry": { "type": "Polygon", "coordinates": [ [ [ 127.3025, 36.5925 ], [ 127.3025, 36.595625 ], [ 127.29925, 36.595625 ], [ 127.29925, 36.5925 ], [ 127.3025, 36.5925 ] ] ] } },
{ "type": "Feature", "properties": { "grid_id": "dem-27-10", "mean_elevation_m": 24.84, "terrain_class": "LOW_ELEVATION_CONTEXT", "threshold_note": "LOW_ELEVATION_CONTEXT means <= AOI p25 elevation; it is not a flood extent." }, "geometry": { "type": "Polygon", "coordinates": [ [ [ 127.30575, 36.5925 ], [ 127.30575, 36.595625 ], [ 127.3025, 36.595625 ], [ 127.3025, 36.5925 ], [ 127.30575, 36.5925 ] ] ] } },
{ "type": "Feature", "properties": { "grid_id": "dem-27-11", "mean_elevation_m": 24.48, "terrain_class": "LOW_ELEVATION_CONTEXT", "threshold_note": "LOW_ELEVATION_CONTEXT means <= AOI p25 elevation; it is not a flood extent." }, "geometry": { "type": "Polygon", "coordinates": [ [ [ 127.309, 36.5925 ], [ 127.309, 36.595625 ], [ 127.30575, 36.595625 ], [ 127.30575, 36.5925 ], [ 127.309, 36.5925 ] ] ] } },
{ "type": "Feature", "properties": { "grid_id": "dem-27-12", "mean_elevation_m": 24.07, "terrain_class": "LOW_ELEVATION_CONTEXT", "threshold_note": "LOW_ELEVATION_CONTEXT means <= AOI p25 elevation; it is not a flood extent." }, "geometry": { "type": "Polygon", "coordinates": [ [ [ 127.31225, 36.5925 ], [ 127.31225, 36.595625 ], [ 127.309, 36.595625 ], [ 127.309, 36.5925 ], [ 127.31225, 36.5925 ] ] ] } },
{ "type": "Feature", "properties": { "grid_id": "dem-27-13", "mean_elevation_m": 23.86, "terrain_class": "LOW_ELEVATION_CONTEXT", "threshold_note": "LOW_ELEVATION_CONTEXT means <= AOI p25 elevation; it is not a flood extent." }, "geometry": { "type": "Polygon", "coordinates": [ [ [ 127.3155, 36.5925 ], [ 127.3155, 36.595625 ], [ 127.31225, 36.595625 ], [ 127.31225, 36.5925 ], [ 127.3155, 36.5925 ] ] ] } },
{ "type": "Feature", "properties": { "grid_id": "dem-27-14", "mean_elevation_m": 24.0, "terrain_class": "LOW_ELEVATION_CONTEXT", "threshold_note": "LOW_ELEVATION_CONTEXT means <= AOI p25 elevation; it is not a flood extent." }, "geometry": { "type": "Polygon", "coordinates": [ [ [ 127.31875, 36.5925 ], [ 127.31875, 36.595625 ], [ 127.3155, 36.595625 ], [ 127.3155, 36.5925 ], [ 127.31875, 36.5925 ] ] ] } },
{ "type": "Feature", "properties": { "grid_id": "dem-27-15", "mean_elevation_m": 23.62, "terrain_class": "LOW_ELEVATION_CONTEXT", "threshold_note": "LOW_ELEVATION_CONTEXT means <= AOI p25 elevation; it is not a flood extent." }, "geometry": { "type": "Polygon", "coordinates": [ [ [ 127.322, 36.5925 ], [ 127.322, 36.595625 ], [ 127.31875, 36.595625 ], [ 127.31875, 36.5925 ], [ 127.322, 36.5925 ] ] ] } },
{ "type": "Feature", "properties": { "grid_id": "dem-27-16", "mean_elevation_m": 23.62, "terrain_class": "LOW_ELEVATION_CONTEXT", "threshold_note": "LOW_ELEVATION_CONTEXT means <= AOI p25 elevation; it is not a flood extent." }, "geometry": { "type": "Polygon", "coordinates": [ [ [ 127.32525, 36.5925 ], [ 127.32525, 36.595625 ], [ 127.322, 36.595625 ], [ 127.322, 36.5925 ], [ 127.32525, 36.5925 ] ] ] } },
{ "type": "Feature", "properties": { "grid_id": "dem-27-17", "mean_elevation_m": 24.55, "terrain_class": "LOW_ELEVATION_CONTEXT", "threshold_note": "LOW_ELEVATION_CONTEXT means <= AOI p25 elevation; it is not a flood extent." }, "geometry": { "type": "Polygon", "coordinates": [ [ [ 127.3285, 36.5925 ], [ 127.3285, 36.595625 ], [ 127.32525, 36.595625 ], [ 127.32525, 36.5925 ], [ 127.3285, 36.5925 ] ] ] } },
{ "type": "Feature", "properties": { "grid_id": "dem-27-18", "mean_elevation_m": 24.68, "terrain_class": "LOW_ELEVATION_CONTEXT", "threshold_note": "LOW_ELEVATION_CONTEXT means <= AOI p25 elevation; it is not a flood extent." }, "geometry": { "type": "Polygon", "coordinates": [ [ [ 127.33175, 36.5925 ], [ 127.33175, 36.595625 ], [ 127.3285, 36.595625 ], [ 127.3285, 36.5925 ], [ 127.33175, 36.5925 ] ] ] } },
{ "type": "Feature", "properties": { "grid_id": "dem-27-19", "mean_elevation_m": 20.69, "terrain_class": "LOW_ELEVATION_CONTEXT", "threshold_note": "LOW_ELEVATION_CONTEXT means <= AOI p25 elevation; it is not a flood extent." }, "geometry": { "type": "Polygon", "coordinates": [ [ [ 127.335, 36.5925 ], [ 127.335, 36.595625 ], [ 127.33175, 36.595625 ], [ 127.33175, 36.5925 ], [ 127.335, 36.5925 ] ] ] } },
{ "type": "Feature", "properties": { "grid_id": "dem-27-20", "mean_elevation_m": 27.3, "terrain_class": "LOW_ELEVATION_CONTEXT", "threshold_note": "LOW_ELEVATION_CONTEXT means <= AOI p25 elevation; it is not a flood extent." }, "geometry": { "type": "Polygon", "coordinates": [ [ [ 127.33825, 36.5925 ], [ 127.33825, 36.595625 ], [ 127.335, 36.595625 ], [ 127.335, 36.5925 ], [ 127.33825, 36.5925 ] ] ] } },
{ "type": "Feature", "properties": { "grid_id": "dem-28-09", "mean_elevation_m": 27.86, "terrain_class": "LOW_ELEVATION_CONTEXT", "threshold_note": "LOW_ELEVATION_CONTEXT means <= AOI p25 elevation; it is not a flood extent." }, "geometry": { "type": "Polygon", "coordinates": [ [ [ 127.3025, 36.589375 ], [ 127.3025, 36.5925 ], [ 127.29925, 36.5925 ], [ 127.29925, 36.589375 ], [ 127.3025, 36.589375 ] ] ] } },
{ "type": "Feature", "properties": { "grid_id": "dem-28-10", "mean_elevation_m": 24.19, "terrain_class": "LOW_ELEVATION_CONTEXT", "threshold_note": "LOW_ELEVATION_CONTEXT means <= AOI p25 elevation; it is not a flood extent." }, "geometry": { "type": "Polygon", "coordinates": [ [ [ 127.30575, 36.589375 ], [ 127.30575, 36.5925 ], [ 127.3025, 36.5925 ], [ 127.3025, 36.589375 ], [ 127.30575, 36.589375 ] ] ] } },
{ "type": "Feature", "properties": { "grid_id": "dem-28-11", "mean_elevation_m": 23.52, "terrain_class": "LOW_ELEVATION_CONTEXT", "threshold_note": "LOW_ELEVATION_CONTEXT means <= AOI p25 elevation; it is not a flood extent." }, "geometry": { "type": "Polygon", "coordinates": [ [ [ 127.309, 36.589375 ], [ 127.309, 36.5925 ], [ 127.30575, 36.5925 ], [ 127.30575, 36.589375 ], [ 127.309, 36.589375 ] ] ] } },
{ "type": "Feature", "properties": { "grid_id": "dem-28-12", "mean_elevation_m": 23.1, "terrain_class": "LOW_ELEVATION_CONTEXT", "threshold_note": "LOW_ELEVATION_CONTEXT means <= AOI p25 elevation; it is not a flood extent." }, "geometry": { "type": "Polygon", "coordinates": [ [ [ 127.31225, 36.589375 ], [ 127.31225, 36.5925 ], [ 127.309, 36.5925 ], [ 127.309, 36.589375 ], [ 127.31225, 36.589375 ] ] ] } },
{ "type": "Feature", "properties": { "grid_id": "dem-28-13", "mean_elevation_m": 23.55, "terrain_class": "LOW_ELEVATION_CONTEXT", "threshold_note": "LOW_ELEVATION_CONTEXT means <= AOI p25 elevation; it is not a flood extent." }, "geometry": { "type": "Polygon", "coordinates": [ [ [ 127.3155, 36.589375 ], [ 127.3155, 36.5925 ], [ 127.31225, 36.5925 ], [ 127.31225, 36.589375 ], [ 127.3155, 36.589375 ] ] ] } },
{ "type": "Feature", "properties": { "grid_id": "dem-28-14", "mean_elevation_m": 24.15, "terrain_class": "LOW_ELEVATION_CONTEXT", "threshold_note": "LOW_ELEVATION_CONTEXT means <= AOI p25 elevation; it is not a flood extent." }, "geometry": { "type": "Polygon", "coordinates": [ [ [ 127.31875, 36.589375 ], [ 127.31875, 36.5925 ], [ 127.3155, 36.5925 ], [ 127.3155, 36.589375 ], [ 127.31875, 36.589375 ] ] ] } },
{ "type": "Feature", "properties": { "grid_id": "dem-28-15", "mean_elevation_m": 23.57, "terrain_class": "LOW_ELEVATION_CONTEXT", "threshold_note": "LOW_ELEVATION_CONTEXT means <= AOI p25 elevation; it is not a flood extent." }, "geometry": { "type": "Polygon", "coordinates": [ [ [ 127.322, 36.589375 ], [ 127.322, 36.5925 ], [ 127.31875, 36.5925 ], [ 127.31875, 36.589375 ], [ 127.322, 36.589375 ] ] ] } },
{ "type": "Feature", "properties": { "grid_id": "dem-28-16", "mean_elevation_m": 23.81, "terrain_class": "LOW_ELEVATION_CONTEXT", "threshold_note": "LOW_ELEVATION_CONTEXT means <= AOI p25 elevation; it is not a flood extent." }, "geometry": { "type": "Polygon", "coordinates": [ [ [ 127.32525, 36.589375 ], [ 127.32525, 36.5925 ], [ 127.322, 36.5925 ], [ 127.322, 36.589375 ], [ 127.32525, 36.589375 ] ] ] } },
{ "type": "Feature", "properties": { "grid_id": "dem-28-17", "mean_elevation_m": 25.77, "terrain_class": "LOW_ELEVATION_CONTEXT", "threshold_note": "LOW_ELEVATION_CONTEXT means <= AOI p25 elevation; it is not a flood extent." }, "geometry": { "type": "Polygon", "coordinates": [ [ [ 127.3285, 36.589375 ], [ 127.3285, 36.5925 ], [ 127.32525, 36.5925 ], [ 127.32525, 36.589375 ], [ 127.3285, 36.589375 ] ] ] } },
{ "type": "Feature", "properties": { "grid_id": "dem-28-18", "mean_elevation_m": 20.37, "terrain_class": "LOW_ELEVATION_CONTEXT", "threshold_note": "LOW_ELEVATION_CONTEXT means <= AOI p25 elevation; it is not a flood extent." }, "geometry": { "type": "Polygon", "coordinates": [ [ [ 127.33175, 36.589375 ], [ 127.33175, 36.5925 ], [ 127.3285, 36.5925 ], [ 127.3285, 36.589375 ], [ 127.33175, 36.589375 ] ] ] } },
{ "type": "Feature", "properties": { "grid_id": "dem-28-19", "mean_elevation_m": 24.35, "terrain_class": "LOW_ELEVATION_CONTEXT", "threshold_note": "LOW_ELEVATION_CONTEXT means <= AOI p25 elevation; it is not a flood extent." }, "geometry": { "type": "Polygon", "coordinates": [ [ [ 127.335, 36.589375 ], [ 127.335, 36.5925 ], [ 127.33175, 36.5925 ], [ 127.33175, 36.589375 ], [ 127.335, 36.589375 ] ] ] } },
{ "type": "Feature", "properties": { "grid_id": "dem-29-09", "mean_elevation_m": 24.92, "terrain_class": "LOW_ELEVATION_CONTEXT", "threshold_note": "LOW_ELEVATION_CONTEXT means <= AOI p25 elevation; it is not a flood extent." }, "geometry": { "type": "Polygon", "coordinates": [ [ [ 127.3025, 36.58625 ], [ 127.3025, 36.589375 ], [ 127.29925, 36.589375 ], [ 127.29925, 36.58625 ], [ 127.3025, 36.58625 ] ] ] } },
{ "type": "Feature", "properties": { "grid_id": "dem-29-10", "mean_elevation_m": 24.14, "terrain_class": "LOW_ELEVATION_CONTEXT", "threshold_note": "LOW_ELEVATION_CONTEXT means <= AOI p25 elevation; it is not a flood extent." }, "geometry": { "type": "Polygon", "coordinates": [ [ [ 127.30575, 36.58625 ], [ 127.30575, 36.589375 ], [ 127.3025, 36.589375 ], [ 127.3025, 36.58625 ], [ 127.30575, 36.58625 ] ] ] } },
{ "type": "Feature", "properties": { "grid_id": "dem-29-11", "mean_elevation_m": 23.96, "terrain_class": "LOW_ELEVATION_CONTEXT", "threshold_note": "LOW_ELEVATION_CONTEXT means <= AOI p25 elevation; it is not a flood extent." }, "geometry": { "type": "Polygon", "coordinates": [ [ [ 127.309, 36.58625 ], [ 127.309, 36.589375 ], [ 127.30575, 36.589375 ], [ 127.30575, 36.58625 ], [ 127.309, 36.58625 ] ] ] } },
{ "type": "Feature", "properties": { "grid_id": "dem-29-12", "mean_elevation_m": 22.9, "terrain_class": "LOW_ELEVATION_CONTEXT", "threshold_note": "LOW_ELEVATION_CONTEXT means <= AOI p25 elevation; it is not a flood extent." }, "geometry": { "type": "Polygon", "coordinates": [ [ [ 127.31225, 36.58625 ], [ 127.31225, 36.589375 ], [ 127.309, 36.589375 ], [ 127.309, 36.58625 ], [ 127.31225, 36.58625 ] ] ] } },
{ "type": "Feature", "properties": { "grid_id": "dem-29-13", "mean_elevation_m": 22.79, "terrain_class": "LOW_ELEVATION_CONTEXT", "threshold_note": "LOW_ELEVATION_CONTEXT means <= AOI p25 elevation; it is not a flood extent." }, "geometry": { "type": "Polygon", "coordinates": [ [ [ 127.3155, 36.58625 ], [ 127.3155, 36.589375 ], [ 127.31225, 36.589375 ], [ 127.31225, 36.58625 ], [ 127.3155, 36.58625 ] ] ] } },
{ "type": "Feature", "properties": { "grid_id": "dem-29-14", "mean_elevation_m": 24.81, "terrain_class": "LOW_ELEVATION_CONTEXT", "threshold_note": "LOW_ELEVATION_CONTEXT means <= AOI p25 elevation; it is not a flood extent." }, "geometry": { "type": "Polygon", "coordinates": [ [ [ 127.31875, 36.58625 ], [ 127.31875, 36.589375 ], [ 127.3155, 36.589375 ], [ 127.3155, 36.58625 ], [ 127.31875, 36.58625 ] ] ] } },
{ "type": "Feature", "properties": { "grid_id": "dem-29-15", "mean_elevation_m": 24.54, "terrain_class": "LOW_ELEVATION_CONTEXT", "threshold_note": "LOW_ELEVATION_CONTEXT means <= AOI p25 elevation; it is not a flood extent." }, "geometry": { "type": "Polygon", "coordinates": [ [ [ 127.322, 36.58625 ], [ 127.322, 36.589375 ], [ 127.31875, 36.589375 ], [ 127.31875, 36.58625 ], [ 127.322, 36.58625 ] ] ] } },
{ "type": "Feature", "properties": { "grid_id": "dem-29-16", "mean_elevation_m": 26.37, "terrain_class": "LOW_ELEVATION_CONTEXT", "threshold_note": "LOW_ELEVATION_CONTEXT means <= AOI p25 elevation; it is not a flood extent." }, "geometry": { "type": "Polygon", "coordinates": [ [ [ 127.32525, 36.58625 ], [ 127.32525, 36.589375 ], [ 127.322, 36.589375 ], [ 127.322, 36.58625 ], [ 127.32525, 36.58625 ] ] ] } },
{ "type": "Feature", "properties": { "grid_id": "dem-29-17", "mean_elevation_m": 20.8, "terrain_class": "LOW_ELEVATION_CONTEXT", "threshold_note": "LOW_ELEVATION_CONTEXT means <= AOI p25 elevation; it is not a flood extent." }, "geometry": { "type": "Polygon", "coordinates": [ [ [ 127.3285, 36.58625 ], [ 127.3285, 36.589375 ], [ 127.32525, 36.589375 ], [ 127.32525, 36.58625 ], [ 127.3285, 36.58625 ] ] ] } },
{ "type": "Feature", "properties": { "grid_id": "dem-29-18", "mean_elevation_m": 24.83, "terrain_class": "LOW_ELEVATION_CONTEXT", "threshold_note": "LOW_ELEVATION_CONTEXT means <= AOI p25 elevation; it is not a flood extent." }, "geometry": { "type": "Polygon", "coordinates": [ [ [ 127.33175, 36.58625 ], [ 127.33175, 36.589375 ], [ 127.3285, 36.589375 ], [ 127.3285, 36.58625 ], [ 127.33175, 36.58625 ] ] ] } },
{ "type": "Feature", "properties": { "grid_id": "dem-30-08", "mean_elevation_m": 28.76, "terrain_class": "LOW_ELEVATION_CONTEXT", "threshold_note": "LOW_ELEVATION_CONTEXT means <= AOI p25 elevation; it is not a flood extent." }, "geometry": { "type": "Polygon", "coordinates": [ [ [ 127.29925, 36.583125 ], [ 127.29925, 36.58625 ], [ 127.296, 36.58625 ], [ 127.296, 36.583125 ], [ 127.29925, 36.583125 ] ] ] } },
{ "type": "Feature", "properties": { "grid_id": "dem-30-09", "mean_elevation_m": 23.07, "terrain_class": "LOW_ELEVATION_CONTEXT", "threshold_note": "LOW_ELEVATION_CONTEXT means <= AOI p25 elevation; it is not a flood extent." }, "geometry": { "type": "Polygon", "coordinates": [ [ [ 127.3025, 36.583125 ], [ 127.3025, 36.58625 ], [ 127.29925, 36.58625 ], [ 127.29925, 36.583125 ], [ 127.3025, 36.583125 ] ] ] } },
{ "type": "Feature", "properties": { "grid_id": "dem-30-10", "mean_elevation_m": 23.57, "terrain_class": "LOW_ELEVATION_CONTEXT", "threshold_note": "LOW_ELEVATION_CONTEXT means <= AOI p25 elevation; it is not a flood extent." }, "geometry": { "type": "Polygon", "coordinates": [ [ [ 127.30575, 36.583125 ], [ 127.30575, 36.58625 ], [ 127.3025, 36.58625 ], [ 127.3025, 36.583125 ], [ 127.30575, 36.583125 ] ] ] } },
{ "type": "Feature", "properties": { "grid_id": "dem-30-11", "mean_elevation_m": 23.51, "terrain_class": "LOW_ELEVATION_CONTEXT", "threshold_note": "LOW_ELEVATION_CONTEXT means <= AOI p25 elevation; it is not a flood extent." }, "geometry": { "type": "Polygon", "coordinates": [ [ [ 127.309, 36.583125 ], [ 127.309, 36.58625 ], [ 127.30575, 36.58625 ], [ 127.30575, 36.583125 ], [ 127.309, 36.583125 ] ] ] } },
{ "type": "Feature", "properties": { "grid_id": "dem-30-12", "mean_elevation_m": 22.66, "terrain_class": "LOW_ELEVATION_CONTEXT", "threshold_note": "LOW_ELEVATION_CONTEXT means <= AOI p25 elevation; it is not a flood extent." }, "geometry": { "type": "Polygon", "coordinates": [ [ [ 127.31225, 36.583125 ], [ 127.31225, 36.58625 ], [ 127.309, 36.58625 ], [ 127.309, 36.583125 ], [ 127.31225, 36.583125 ] ] ] } },
{ "type": "Feature", "properties": { "grid_id": "dem-30-13", "mean_elevation_m": 22.63, "terrain_class": "LOW_ELEVATION_CONTEXT", "threshold_note": "LOW_ELEVATION_CONTEXT means <= AOI p25 elevation; it is not a flood extent." }, "geometry": { "type": "Polygon", "coordinates": [ [ [ 127.3155, 36.583125 ], [ 127.3155, 36.58625 ], [ 127.31225, 36.58625 ], [ 127.31225, 36.583125 ], [ 127.3155, 36.583125 ] ] ] } },
{ "type": "Feature", "properties": { "grid_id": "dem-30-14", "mean_elevation_m": 24.4, "terrain_class": "LOW_ELEVATION_CONTEXT", "threshold_note": "LOW_ELEVATION_CONTEXT means <= AOI p25 elevation; it is not a flood extent." }, "geometry": { "type": "Polygon", "coordinates": [ [ [ 127.31875, 36.583125 ], [ 127.31875, 36.58625 ], [ 127.3155, 36.58625 ], [ 127.3155, 36.583125 ], [ 127.31875, 36.583125 ] ] ] } },
{ "type": "Feature", "properties": { "grid_id": "dem-30-15", "mean_elevation_m": 24.16, "terrain_class": "LOW_ELEVATION_CONTEXT", "threshold_note": "LOW_ELEVATION_CONTEXT means <= AOI p25 elevation; it is not a flood extent." }, "geometry": { "type": "Polygon", "coordinates": [ [ [ 127.322, 36.583125 ], [ 127.322, 36.58625 ], [ 127.31875, 36.58625 ], [ 127.31875, 36.583125 ], [ 127.322, 36.583125 ] ] ] } },
{ "type": "Feature", "properties": { "grid_id": "dem-30-16", "mean_elevation_m": 20.86, "terrain_class": "LOW_ELEVATION_CONTEXT", "threshold_note": "LOW_ELEVATION_CONTEXT means <= AOI p25 elevation; it is not a flood extent." }, "geometry": { "type": "Polygon", "coordinates": [ [ [ 127.32525, 36.583125 ], [ 127.32525, 36.58625 ], [ 127.322, 36.58625 ], [ 127.322, 36.583125 ], [ 127.32525, 36.583125 ] ] ] } },
{ "type": "Feature", "properties": { "grid_id": "dem-30-17", "mean_elevation_m": 25.27, "terrain_class": "LOW_ELEVATION_CONTEXT", "threshold_note": "LOW_ELEVATION_CONTEXT means <= AOI p25 elevation; it is not a flood extent." }, "geometry": { "type": "Polygon", "coordinates": [ [ [ 127.3285, 36.583125 ], [ 127.3285, 36.58625 ], [ 127.32525, 36.58625 ], [ 127.32525, 36.583125 ], [ 127.3285, 36.583125 ] ] ] } },
{ "type": "Feature", "properties": { "grid_id": "dem-31-08", "mean_elevation_m": 28.75, "terrain_class": "LOW_ELEVATION_CONTEXT", "threshold_note": "LOW_ELEVATION_CONTEXT means <= AOI p25 elevation; it is not a flood extent." }, "geometry": { "type": "Polygon", "coordinates": [ [ [ 127.29925, 36.58 ], [ 127.29925, 36.583125 ], [ 127.296, 36.583125 ], [ 127.296, 36.58 ], [ 127.29925, 36.58 ] ] ] } },
{ "type": "Feature", "properties": { "grid_id": "dem-31-09", "mean_elevation_m": 22.97, "terrain_class": "LOW_ELEVATION_CONTEXT", "threshold_note": "LOW_ELEVATION_CONTEXT means <= AOI p25 elevation; it is not a flood extent." }, "geometry": { "type": "Polygon", "coordinates": [ [ [ 127.3025, 36.58 ], [ 127.3025, 36.583125 ], [ 127.29925, 36.583125 ], [ 127.29925, 36.58 ], [ 127.3025, 36.58 ] ] ] } },
{ "type": "Feature", "properties": { "grid_id": "dem-31-10", "mean_elevation_m": 16.41, "terrain_class": "LOW_ELEVATION_CONTEXT", "threshold_note": "LOW_ELEVATION_CONTEXT means <= AOI p25 elevation; it is not a flood extent." }, "geometry": { "type": "Polygon", "coordinates": [ [ [ 127.30575, 36.58 ], [ 127.30575, 36.583125 ], [ 127.3025, 36.583125 ], [ 127.3025, 36.58 ], [ 127.30575, 36.58 ] ] ] } },
{ "type": "Feature", "properties": { "grid_id": "dem-31-11", "mean_elevation_m": 20.42, "terrain_class": "LOW_ELEVATION_CONTEXT", "threshold_note": "LOW_ELEVATION_CONTEXT means <= AOI p25 elevation; it is not a flood extent." }, "geometry": { "type": "Polygon", "coordinates": [ [ [ 127.309, 36.58 ], [ 127.309, 36.583125 ], [ 127.30575, 36.583125 ], [ 127.30575, 36.58 ], [ 127.309, 36.58 ] ] ] } },
{ "type": "Feature", "properties": { "grid_id": "dem-31-12", "mean_elevation_m": 21.99, "terrain_class": "LOW_ELEVATION_CONTEXT", "threshold_note": "LOW_ELEVATION_CONTEXT means <= AOI p25 elevation; it is not a flood extent." }, "geometry": { "type": "Polygon", "coordinates": [ [ [ 127.31225, 36.58 ], [ 127.31225, 36.583125 ], [ 127.309, 36.583125 ], [ 127.309, 36.58 ], [ 127.31225, 36.58 ] ] ] } },
{ "type": "Feature", "properties": { "grid_id": "dem-31-13", "mean_elevation_m": 21.57, "terrain_class": "LOW_ELEVATION_CONTEXT", "threshold_note": "LOW_ELEVATION_CONTEXT means <= AOI p25 elevation; it is not a flood extent." }, "geometry": { "type": "Polygon", "coordinates": [ [ [ 127.3155, 36.58 ], [ 127.3155, 36.583125 ], [ 127.31225, 36.583125 ], [ 127.31225, 36.58 ], [ 127.3155, 36.58 ] ] ] } },
{ "type": "Feature", "properties": { "grid_id": "dem-31-14", "mean_elevation_m": 21.06, "terrain_class": "LOW_ELEVATION_CONTEXT", "threshold_note": "LOW_ELEVATION_CONTEXT means <= AOI p25 elevation; it is not a flood extent." }, "geometry": { "type": "Polygon", "coordinates": [ [ [ 127.31875, 36.58 ], [ 127.31875, 36.583125 ], [ 127.3155, 36.583125 ], [ 127.3155, 36.58 ], [ 127.31875, 36.58 ] ] ] } },
{ "type": "Feature", "properties": { "grid_id": "dem-31-15", "mean_elevation_m": 22.21, "terrain_class": "LOW_ELEVATION_CONTEXT", "threshold_note": "LOW_ELEVATION_CONTEXT means <= AOI p25 elevation; it is not a flood extent." }, "geometry": { "type": "Polygon", "coordinates": [ [ [ 127.322, 36.58 ], [ 127.322, 36.583125 ], [ 127.31875, 36.583125 ], [ 127.31875, 36.58 ], [ 127.322, 36.58 ] ] ] } },
{ "type": "Feature", "properties": { "grid_id": "dem-31-16", "mean_elevation_m": 24.87, "terrain_class": "LOW_ELEVATION_CONTEXT", "threshold_note": "LOW_ELEVATION_CONTEXT means <= AOI p25 elevation; it is not a flood extent." }, "geometry": { "type": "Polygon", "coordinates": [ [ [ 127.32525, 36.58 ], [ 127.32525, 36.583125 ], [ 127.322, 36.583125 ], [ 127.322, 36.58 ], [ 127.32525, 36.58 ] ] ] } },
{ "type": "Feature", "properties": { "grid_id": "dem-31-18", "mean_elevation_m": 27.04, "terrain_class": "LOW_ELEVATION_CONTEXT", "threshold_note": "LOW_ELEVATION_CONTEXT means <= AOI p25 elevation; it is not a flood extent." }, "geometry": { "type": "Polygon", "coordinates": [ [ [ 127.33175, 36.58 ], [ 127.33175, 36.583125 ], [ 127.3285, 36.583125 ], [ 127.3285, 36.58 ], [ 127.33175, 36.58 ] ] ] } },
{ "type": "Feature", "properties": { "grid_id": "dem-31-19", "mean_elevation_m": 26.74, "terrain_class": "LOW_ELEVATION_CONTEXT", "threshold_note": "LOW_ELEVATION_CONTEXT means <= AOI p25 elevation; it is not a flood extent." }, "geometry": { "type": "Polygon", "coordinates": [ [ [ 127.335, 36.58 ], [ 127.335, 36.583125 ], [ 127.33175, 36.583125 ], [ 127.33175, 36.58 ], [ 127.335, 36.58 ] ] ] } }
]
}
